article_id,title,source,date,url,file_path,query_family,query_id,rule_candidate,oil_role,final_label,confidence,reason,evidence_phrase,edible_oil_terms,adulteration_action_terms,negative_terms,llm_label,llm_confidence,llm_reason,llm_model,word_count
86bac12e-b8a4-4295-bbda-5e5606b6982b,FDA seizes edible oil worth over Rs 9L | Nashik News - Times of India,indiatimes.com,2021-03-10,https://timesofindia.indiatimes.com/city/nashik/fda-seizes-edible-oil-worth-over-rs-9l/articleshow/81418956.cms,C:\Users\yuvra\OneDrive\Desktop\RAship\FoodComputing\news_crawler\data\runs\edible_oils_boolean_title_proximity_2026-06-22\mediacloud\cleaned_text\timesofindia.indiatimes.com\f3d9ae480d3f5c80.txt,title_only,title_oils_enforcement,True,adulterated_product,relevant,0.94,Pattern says edible oil is the adulterated/seized/failed product.,"ner was violating the government rules of manufacturing oil and not storing the edible oil in hygienic conditions. The raid was conducted by food officers S S Deore, A U Raskar under the guidance of Salunkhe and assistant c",edible oil; soybean oil,seized; raid; raided; food safety; FDA,,,,,,232
38237e4f-6b76-4d23-a854-743bda65fd24,Patanjali's mustard oil unit in Alwar raided by Rajasthan govt: Report,opindia.com,2021-05-27,https://www.opindia.com/2021/05/patanjali-mustard-oil-mill-alwar-raided-rajasthan-gehlot/,C:\Users\yuvra\OneDrive\Desktop\RAship\FoodComputing\news_crawler\data\runs\edible_oils_boolean_title_proximity_2026-06-22\mediacloud\cleaned_text\opindia.com\6f0a66da1f38270c.txt,title_only,title_oils_enforcement,True,adulterated_product,relevant,0.94,Pattern says edible oil is the adulterated/seized/failed product.,Patanjali's mustard oil unit in Alwar raided by Rajasthan govt: Report As the duel between IMA and founder of Patanjali Ramdev Baba intensifies,mustard oil,raid; raided,,,,,,343
0fd9131c-7e9d-40c2-86f0-cd90978f26de,Patanjali mustard oil found to be of substandard food quality: Rajasthan govt,indiatoday.in,2021-06-10,https://www.indiatoday.in/india/rajasthan/story/patanjali-mustard-oil-substandard-quality-rajasthan-govt-1812995-2021-06-10?utm_source=rss,C:\Users\yuvra\OneDrive\Desktop\RAship\FoodComputing\news_crawler\data\runs\edible_oils_boolean_title_proximity_2026-06-22\mediacloud\cleaned_text\indiatoday.in\5709e1583d3126c3.txt,boolean,boolean_named_oils_fraud,True,adulterated_product,relevant,0.94,Pattern says edible oil is the adulterated/seized/failed product.,Patanjali mustard oil found to be of substandard food quality: Rajasthan govt Patanjali mustard oil found to be of substandard food quality: Rajasth,mustard oil,substandard; raided; samples failed; food safety,,,,,,259
0d9a2856-24c4-4691-9b90-a08bca13e55c,"Nagpur: Adulterated edible oil racket busted, 3 booked | Nagpur News - Times of India",indiatimes.com,2021-06-17,https://timesofindia.indiatimes.com/city/nagpur/adulterated-edible-oil-racket-busted-3-booked/articleshow/83588940.cms,C:\Users\yuvra\OneDrive\Desktop\RAship\FoodComputing\news_crawler\data\runs\edible_oils_boolean_title_proximity_2026-06-22\mediacloud\cleaned_text\timesofindia.indiatimes.com\f2305a15b93c4b16.txt,boolean,boolean_core_oils_fraud,True,adulterated_product,relevant,0.94,Pattern says edible oil is the adulterated/seized/failed product.,"reputed brands. During the raid, police found around 28 15-litre tins of impure edible oil, fake stickers and other material. The police have booked three â Prem Gagwani (58, a resident of Badkas",edible oil,adulterated; fake; seized; raid,,,,,,186
bce54b87-7d6e-45a4-9273-40ad87a634c8,Cooking Oil Adulteration: Is your cooking oil adulterated with dangerous metanil yellow colour?,indiatimes.com,2021-09-09,https://timesofindia.indiatimes.com/life-style/food-news/is-your-cooking-oil-adulterated-with-dangerous-metanil-yellow-colour/photostory/86060302.cms,C:\Users\yuvra\OneDrive\Desktop\RAship\FoodComputing\news_crawler\data\runs\edible_oils_boolean_title_proximity_2026-06-22\mediacloud\cleaned_text\timesofindia.indiatimes.com\fd41a362384538ef.txt,boolean,boolean_core_oils_fraud,True,adulterated_product,relevant,0.94,Pattern says edible oil is the adulterated/seized/failed product.,Cooking Oil Adulteration: Is your cooking oil adulterated with dangerous metanil yellow colour? FSSAI is back with its weekly lessons on how to check food ad,cooking oil,adulterated; adulteration; FSSAI,,,,,,303
78cb9c4b-bab2-417e-9c58-3c77217bd94c,Mumbai DRI seizes heroin worth Rs 125 crore hidden in cooking oil cargo,mid-day.com,2021-10-08,https://www.mid-day.com/mumbai/mumbai-crime-news/article/mumbai-dri-seizes-heroin-worth-rs-125-crore-hidden-in-cooking-oil-cargo-23195807,C:\Users\yuvra\OneDrive\Desktop\RAship\FoodComputing\news_crawler\data\runs\edible_oils_boolean_title_proximity_2026-06-22\mediacloud\cleaned_text\mid-day.com\49ea5dd6b5dbfc94.txt,title_only,title_oils_enforcement,True,adulterated_product,relevant,0.94,Pattern says edible oil is the adulterated/seized/failed product.,Mumbai DRI seizes heroin worth Rs 125 crore hidden in cooking oil cargo Mumbai DRI seizes heroin worth Rs 125 crore hidden in cooking oil cargo Further investigations led the DRI to busines,cooking oil; groundnut oil,seized,,,,,,150
126dd605-80a2-4c79-8f67-9c58cc4d3180,SPECS presents report on adulteration in Mustard Oil,garhwalpost.in,2021-10-30,https://garhwalpost.in/specs-presents-report-on-adulteration-in-mustard-oil/,C:\Users\yuvra\OneDrive\Desktop\RAship\FoodComputing\news_crawler\data\runs\edible_oils_boolean_title_proximity_2026-06-22\mediacloud\cleaned_text\garhwalpost.in\2d492278c31425aa.txt,boolean,boolean_named_oils_fraud,True,adulterated_product,relevant,0.94,Pattern says edible oil is the adulterated/seized/failed product.,"SPECS presents report on adulteration in Mustard Oil By Our Staff Reporter Dehradun, 28 Oct: SPECS held a campaign on testing of adulteration in Mustard oil from June to September. Volunteers collected 469 samples from Dehradun, Vikas Nagar,",mustard oil,adulterated; adulteration; spurious,,,,,,336
64217ea7-1449-4966-8d6d-4251d3416f7f,185 spurious mustard oil cans seized in Burrabazar | Kolkata News - Times of India,indiatimes.com,2021-11-27,https://timesofindia.indiatimes.com/city/kolkata/185-spurious-mustard-oil-cans-seized-in-burrabazar/articleshow/87938067.cms,C:\Users\yuvra\OneDrive\Desktop\RAship\FoodComputing\news_crawler\data\runs\edible_oils_boolean_title_proximity_2026-06-22\mediacloud\cleaned_text\timesofindia.indiatimes.com\aebd81315c7b2fb3.txt,boolean,boolean_core_oils_fraud,True,adulterated_product,relevant,0.94,Pattern says edible oil is the adulterated/seized/failed product.,185 spurious mustard oil cans seized in Burrabazar | Kolkata News - Times of India KOLKATA: The enforcement branch has raided the premis,edible oil; mustard oil; soybean oil; rice bran oil; coconut oil,adulterated; adulteration; spurious; seized; seizure; raided; banned,,,,,,527
6dd945a7-2197-4323-b3dc-7b84b6513e2c,"FSSAI says 2.42% of 4,461 different edible oils samples found to be of sub-standard quality",financialexpress.com,2021-12-29,https://www.financialexpress.com/industry/fssai-says-2-42-of-4461-different-edible-oils-samples-found-to-be-of-sub-standard-quality/2393346/,C:\Users\yuvra\OneDrive\Desktop\RAship\FoodComputing\news_crawler\data\runs\edible_oils_boolean_title_proximity_2026-06-22\mediacloud\cleaned_text\financialexpress.com\0114535c56600ced.txt,boolean,boolean_oils_enforcement_evidence,True,adulterated_product,relevant,0.94,Pattern says edible oil is the adulterated/seized/failed product.,"FSSAI says 2.42% of 4,461 different edible oils samples found to be of sub-standard quality About 2.42 per cent of the 4,461 samples of different edible oils from 587 districts and four metros are found to be non-compliant with safe",mustard oil; soybean oil; palm oil; groundnut oil; sesame oil; sunflower oil; rice bran oil; cottonseed oil; coconut oil,adulteration; misbranding; food safety; FSSAI,,,,,,466
fd0a42c6-b8ad-4e5e-b5d2-29d0761a8872,24% edible oil samples adulterated: FSSAI | Today News,livemint.com,2021-12-29,https://www.livemint.com/news/india/24-edible-oil-samples-adulterated-fssai-11640775486648.html,C:\Users\yuvra\OneDrive\Desktop\RAship\FoodComputing\news_crawler\data\runs\edible_oils_boolean_title_proximity_2026-06-22\mediacloud\cleaned_text\livemint.com\c7147edb338d57bd.txt,boolean,boolean_core_oils_fraud,True,adulterated_product,relevant,0.94,Pattern says edible oil is the adulterated/seized/failed product.,"24% edible oil samples adulterated: FSSAI | Today News New Delhi: India’s top food regulator, Food Safety and Standards Authority of I",edible oil; cooking oil; mustard oil; soybean oil; palm oil; groundnut oil; sesame oil; sunflower oil; rice bran oil; cottonseed oil; coconut oil,adulterated; adulteration; misbranding; samples failed; food safety; FSSAI,,,,,,487
8881cf6e-374b-42f1-af1d-40e11f97d7df,FDA urges âbigâ hotels to hand over excess edible oil for bio-diesel | Nagpur News - Times of India,indiatimes.com,2022-01-10,https://timesofindia.indiatimes.com/city/nagpur/fda-urges-big-hotels-to-hand-over-excess-edible-oil-for-bio-diesel/articleshow/88797263.cms,C:\Users\yuvra\OneDrive\Desktop\RAship\FoodComputing\news_crawler\data\runs\edible_oils_boolean_title_proximity_2026-06-22\mediacloud\cleaned_text\timesofindia.indiatimes.com\240214570ba23003.txt,title_only,title_oils_enforcement,True,adulterated_product,relevant,0.94,Pattern says edible oil is the adulterated/seized/failed product.,"e edible oil available in the market and sent them for testing. Around 18,386kg loose oil worth Rs27,16,673, was seized during the action last year. âOne of the samples collected has been found to be sub-standard by the government analyst, which would now be adjudicat",edible oil; cooking oil; loose oil; loose edible oil,seized; food safety; FSSAI; FDA; samples collected,,,,,,392
74557f42-5ccd-45ea-87e2-e58ea2bbf09c,Utta Pradesh: Imported edible oil worth Rs 30 lakh seized in Nanpara | Lucknow News - Times of India,indiatimes.com,2022-01-13,https://timesofindia.indiatimes.com/city/lucknow/imported-edible-oil-worth-rs-30-lakh-seized-in-nanpara/articleshow/88882614.cms,C:\Users\yuvra\OneDrive\Desktop\RAship\FoodComputing\news_crawler\data\runs\edible_oils_boolean_title_proximity_2026-06-22\mediacloud\cleaned_text\timesofindia.indiatimes.com\760e5c19ecc9f822.txt,title_only,title_oils_enforcement,True,adulterated_product,relevant,0.94,Pattern says edible oil is the adulterated/seized/failed product.,Utta Pradesh: Imported edible oil worth Rs 30 lakh seized in Nanpara | Lucknow News - Times of India LUCKNOW: A 20-member team of state goods and service tax,edible oil,seized; penalty,,,,,,103
6a9cc28d-e0d0-4c6b-a20e-28e01f86f537,Vig Raids To Check Edible Oil Hoarding | Vijayawada News - Times of India,indiatimes.com,2022-03-07,https://timesofindia.indiatimes.com/city/vijayawada/vig-raids-to-check-edible-oil-hoarding/articleshow/90039485.cms,C:\Users\yuvra\OneDrive\Desktop\RAship\FoodComputing\news_crawler\data\runs\edible_oils_boolean_title_proximity_2026-06-22\mediacloud\cleaned_text\timesofindia.indiatimes.com\3f602903bb3493e7.txt,title_only,title_oils_enforcement,True,adulterated_product,relevant,0.94,Pattern says edible oil is the adulterated/seized/failed product.,"ada/Visakhapatnam: With a view to controlling the price of palmolein oil, other edible oils, oilseeds, and pulses in market, surprise raids were carried out on 126 wholesale and retail traders, supermarkets, and manufacturing units by vigi",edible oil; sunflower oil,,,,,,,275
d63f5eb8-603a-414d-ac51-bed1950f181e,Russia-Ukraine war: Vigilance officials raid traders in AP after rise in edible oil prices,indiatoday.in,2022-03-07,https://www.indiatoday.in/india/story/andhra-pradesh-edible-oil-traders-vigilance-raid-hoarding-black-market-ukraine-import-1921765-2022-03-07,C:\Users\yuvra\OneDrive\Desktop\RAship\FoodComputing\news_crawler\data\runs\edible_oils_boolean_title_proximity_2026-06-22\mediacloud\cleaned_text\indiatoday.in\376830ed074d0e1d.txt,title_only,title_oils_enforcement,True,adulterated_product,relevant,0.94,Pattern says edible oil is the adulterated/seized/failed product.,Russia-Ukraine war: Vigilance officials raid traders in AP after rise in edible oil prices Russia-Ukraine war: Vigilance officials raid traders in AP after rise in edible oil prices Vigilance officials raided traders in Andhra Pradesh,edible oil; sunflower oil,raid; raided,,,,,,278
b14d8624-e18f-4656-90fb-fbd591b0fd91,â¹50-lakh Worth Edible Oil Seized | Visakhapatnam News - Times of India,indiatimes.com,2022-03-08,https://timesofindia.indiatimes.com/city/visakhapatnam/50-lakh-worth-edible-oil-seized/articleshow/90063876.cms,C:\Users\yuvra\OneDrive\Desktop\RAship\FoodComputing\news_crawler\data\runs\edible_oils_boolean_title_proximity_2026-06-22\mediacloud\cleaned_text\timesofindia.indiatimes.com\f7bafc8b84b8808d.txt,title_only,title_oils_enforcement,True,adulterated_product,relevant,0.94,Pattern says edible oil is the adulterated/seized/failed product.,â¹50-lakh Worth Edible Oil Seized | Visakhapatnam News - Times of India VISAKHAPATNAM: Vigilance and enforcement personnel conducted,edible oil,seized; raid,,,,,,71
19954ba2-6b12-4fd9-bb84-012c6d8a31d7,"Vigilance Continues Raids, Monitors Edible Oil Trade | Vijayawada News - Times of India",indiatimes.com,2022-03-21,https://timesofindia.indiatimes.com/city/vijayawada/vigilance-continues-raids-monitors-edible-oil-trade/articleshow/90341966.cms,C:\Users\yuvra\OneDrive\Desktop\RAship\FoodComputing\news_crawler\data\runs\edible_oils_boolean_title_proximity_2026-06-22\mediacloud\cleaned_text\timesofindia.indiatimes.com\7e24443363db4cbc.txt,boolean,boolean_core_oils_fraud,True,adulterated_product,relevant,0.94,Pattern says edible oil is the adulterated/seized/failed product.,"Vigilance Continues Raids, Monitors Edible Oil Trade | Vijayawada News - Times of India Vijayawada: Vigilance and enforcement department additiona",edible oil,adulterated; spurious,,,,,,166
13b4b523-7a7d-4d80-bbe0-e9c434fc0ccc,40 Quintal Cooking Oil Seized For Violation Of Rules | Indore News - Times of India,indiatimes.com,2022-05-22,https://timesofindia.indiatimes.com/city/indore/40-quintal-cooking-oil-seized-for-violation-of-rules/articleshow/91716408.cms,C:\Users\yuvra\OneDrive\Desktop\RAship\FoodComputing\news_crawler\data\runs\edible_oils_boolean_title_proximity_2026-06-22\mediacloud\cleaned_text\timesofindia.indiatimes.com\6aaa1799975fdf81.txt,title_only,title_oils_enforcement,True,adulterated_product,relevant,0.94,Pattern says edible oil is the adulterated/seized/failed product.,"40 Quintal Cooking Oil Seized For Violation Of Rules | Indore News - Times of India Indore: Indore district administration, in a",edible oil; cooking oil,seized; inspection,,,,,,245
cad0c95e-f99c-43bf-95e4-731ad620386c,Fsda Busts Unit Making Adulterated Vegetable Oil | Varanasi News - Times of India,indiatimes.com,2022-05-22,https://timesofindia.indiatimes.com/city/varanasi/fsda-busts-unit-making-adulterated-vegetable-oil/articleshow/91716833.cms,C:\Users\yuvra\OneDrive\Desktop\RAship\FoodComputing\news_crawler\data\runs\edible_oils_boolean_title_proximity_2026-06-22\mediacloud\cleaned_text\timesofindia.indiatimes.com\9b0a2892e31bad2a.txt,boolean,boolean_oils_enforcement_evidence,True,adulterated_product,relevant,0.94,Pattern says edible oil is the adulterated/seized/failed product.,Fsda Busts Unit Making Adulterated Vegetable Oil | Varanasi News - Times of India Varanasi: The sleuths of food safety and drugs administration (FSD,rice bran oil; vegetable oil,adulterated; seized; raid; raided; food safety; FSDA; Food Safety Officer,,,,,,238
b1c44e6f-9e5e-4ada-9ace-5f0198a5d65a,FDA cracks down on shop selling reused cooking oil - Deshdoot,deshdoot.com,2022-07-20,https://www.deshdoot.com/deshdoot-times/fda-cracks-down-on-shop-selling-reused-cooking-oil,C:\Users\yuvra\OneDrive\Desktop\RAship\FoodComputing\news_crawler\data\runs\edible_oils_boolean_title_proximity_2026-06-22\mediacloud\cleaned_text\deshdoot.com\a3f1db9d74d18bb0.txt,boolean,boolean_core_oils_fraud,True,adulterated_product,relevant,0.94,Pattern says edible oil is the adulterated/seized/failed product.,"FDA cracks down on shop selling reused cooking oil - Deshdoot NASHIK: The Food and Drug Administration (FDA) raided a shop in the Anandavalli area on Monday evening and seized the cooking oil, which is harmful to he",edible oil; cooking oil,adulterated; seized; raided; FDA; inspection,,,,,,310
ceaa0795-f8e6-44d7-a04b-e2264e1c3e05,Nagpur: Food and drug administration to focus on edible oil during Food Safety Week | Nagpur News - Times of India,indiatimes.com,2022-08-08,https://timesofindia.indiatimes.com/city/nagpur/fda-to-focus-on-edible-oil-during-food-safety-week/articleshow/93416043.cms,C:\Users\yuvra\OneDrive\Desktop\RAship\FoodComputing\news_crawler\data\runs\edible_oils_boolean_title_proximity_2026-06-22\mediacloud\cleaned_text\timesofindia.indiatimes.com\7893fd3e38c57e25.txt,boolean,boolean_core_oils_fraud,True,adulterated_product,relevant,0.94,Pattern says edible oil is the adulterated/seized/failed product.,"actions under Azadi Ka Amrut Mahotsav. FDA has started a statewide crackdown on substandard edible oil, especially against loose sale. The FDA authorities are set to undertake focussed drive for locally",edible oil,substandard; food safety; FDA; crackdown,,,,,,279
8741637c-a19b-47c1-aee7-fc3b522d3942,Delhi govt carrying out drive against adulteration of edible oils,theweek.in,2022-08-12,http://www.theweek.in/news/biz-tech/2022/08/12/delhi-govt-carrying-out-drive-against-adulteration-of-edible-oil.html,C:\Users\yuvra\OneDrive\Desktop\RAship\FoodComputing\news_crawler\data\runs\edible_oils_boolean_title_proximity_2026-06-22\mediacloud\cleaned_text\theweek.in\06d51ebc589630c2.txt,boolean,boolean_oils_enforcement_evidence,True,adulterated_product,relevant,0.94,Pattern says edible oil is the adulterated/seized/failed product.,Delhi govt carrying out drive against adulteration of edible oils The Delhi government on Friday said it is carrying out a drive against adulteration of edible oils and multi-source edible oils by sending samples of sweets from confectionaries to la,mustard oil; sunflower oil; rice bran oil,adulteration; food safety; FSSAI; Food Safety Officer,,,,,,258
5e2a0e28-ddbc-4f64-8245-ec60dfe80e4f,"Loose Cooking Oil Seized, Fir Lodged Against Proprietor | Indore News - Times of India",indiatimes.com,2022-08-18,https://timesofindia.indiatimes.com/city/indore/loose-cooking-oil-seized-fir-lodged-against-proprietor/articleshow/93627772.cms,C:\Users\yuvra\OneDrive\Desktop\RAship\FoodComputing\news_crawler\data\runs\edible_oils_boolean_title_proximity_2026-06-22\mediacloud\cleaned_text\timesofindia.indiatimes.com\fbae0b67f39e4fa3.txt,boolean,boolean_core_oils_fraud,True,adulterated_product,relevant,0.94,Pattern says edible oil is the adulterated/seized/failed product.,"Loose Cooking Oil Seized, Fir Lodged Against Proprietor | Indore News - Times of India INDORE: Indore district administratio",cooking oil,adulteration; seized; food safety; Food Safety Department; inspection,,,,,,110
a127c2d7-ebad-4d41-ae94-365c121c408f,SGST Mobile wing conducts search and seizure operation on two edible oil traders in Ludhiana | Ludhiana News - Times of India,indiatimes.com,2022-08-22,https://timesofindia.indiatimes.com/city/ludhiana/sgst-mobile-wing-conducts-search-and-seizure-operation-on-two-edible-oil-traders-in-ludhiana/articleshow/93714405.cms,C:\Users\yuvra\OneDrive\Desktop\RAship\FoodComputing\news_crawler\data\runs\edible_oils_boolean_title_proximity_2026-06-22\mediacloud\cleaned_text\timesofindia.indiatimes.com\904c831d5ee9137e.txt,title_only,title_oils_enforcement,True,adulterated_product,relevant,0.94,Pattern says edible oil is the adulterated/seized/failed product.,SGST Mobile wing conducts search and seizure operation on two edible oil traders in Ludhiana | Ludhiana News - Times of India LUDHIANA: In another anti-evasion operation un,edible oil,seizure; penalty,,,,,,369
fa712594-d1fe-493a-8d11-d28646d5f5e2,"FDA busts fake edible oil racket, 1,925 litres seized | Nagpur News - Times of India",indiatimes.com,2022-09-03,https://timesofindia.indiatimes.com/city/nagpur/fda-busts-fake-edible-oil-racket-1925-litres-seized/articleshow/93957827.cms,C:\Users\yuvra\OneDrive\Desktop\RAship\FoodComputing\news_crawler\data\runs\edible_oils_boolean_title_proximity_2026-06-22\mediacloud\cleaned_text\timesofindia.indiatimes.com\0cc66423908c7613.txt,boolean,boolean_core_oils_fraud,True,adulterated_product,relevant,0.94,Pattern says edible oil is the adulterated/seized/failed product.,"FDA busts fake edible oil racket, 1,925 litres seized | Nagpur News - Times of India Nagpur: The Food and Drugs Administration (FDA) and police jointly b",edible oil,adulterated; fake; seized; raid; FDA,,,,,,249
ca5292c4-3ef3-41b8-a17c-5401483b482d,FDA adopts zero-tolerance policy for edible oil sold loose and in reused tins | Nagpur News - Times of India,indiatimes.com,2022-10-04,https://timesofindia.indiatimes.com/city/nagpur/fda-adopts-zero-tolerance-policy-for-edible-oil-sold-loose-and-in-reused-tins/articleshow/94628169.cms,C:\Users\yuvra\OneDrive\Desktop\RAship\FoodComputing\news_crawler\data\runs\edible_oils_boolean_title_proximity_2026-06-22\mediacloud\cleaned_text\timesofindia.indiatimes.com\125da51801489b89.txt,boolean,boolean_core_oils_fraud,True,adulterated_product,relevant,0.94,Pattern says edible oil is the adulterated/seized/failed product.,"Nagpur: The Food and drugs administration (FDA) has stepped up its crackdown on edible oils sold loose and also in reused tins. In 2022 till date, FDA has seized 2,075 kgs of edible oils worth more than Rs 2.99 lakhs. These seizures were from traders found viol",edible oil; loose oil; loose edible oil,adulterated; substandard; seized; raid; raided; food safety; FDA; crackdown,,,,,,323
f34fca57-cea8-47c5-9e96-785e4d96c84b,"16,600 Kg Mustard Oil Seized In Vki | Jaipur News - Times of India",indiatimes.com,2022-10-14,https://timesofindia.indiatimes.com/city/jaipur/16600-kg-mustard-oil-seized-in-vki/articleshow/94848908.cms,C:\Users\yuvra\OneDrive\Desktop\RAship\FoodComputing\news_crawler\data\runs\edible_oils_boolean_title_proximity_2026-06-22\mediacloud\cleaned_text\timesofindia.indiatimes.com\b44f04d484691497.txt,title_only,title_oils_enforcement,True,adulterated_product,relevant,0.94,Pattern says edible oil is the adulterated/seized/failed product.,"16,600 Kg Mustard Oil Seized In Vki | Jaipur News - Times of India Jaipur: Intensifying measures to prevent the sale of adultera",mustard oil,adulterated; seized,,,,,,115
eb3b142c-6ac9-4bde-af89-1afe8de3ee90,"Uttarakhand: A year on, mustard oil manufacturer, supplier penalised for adulteration | Dehradun News - Times of India",indiatimes.com,2022-10-17,https://timesofindia.indiatimes.com/city/dehradun/uttarakhand-a-year-on-mustard-oil-manufacturer-supplier-penalised-for-adulteration/articleshow/94903787.cms,C:\Users\yuvra\OneDrive\Desktop\RAship\FoodComputing\news_crawler\data\runs\edible_oils_boolean_title_proximity_2026-06-22\mediacloud\cleaned_text\timesofindia.indiatimes.com\0800554993ee5b8e.txt,title_only,title_named_oils_fraud,True,adulterated_product,relevant,0.94,Pattern says edible oil is the adulterated/seized/failed product.,"Uttarakhand: A year on, mustard oil manufacturer, supplier penalised for adulteration | Dehradun News - Times of India In a matter of violation of food safety standards, a local court i",mustard oil,adulterated; adulteration; food safety; FSDA; penalty,,,,,,184
8c7f8bf5-eba8-4f7d-a077-0accf3e8da22,Govt Cracks Down On Sale Of Adulterated Coconut Oil | Thiruvananthapuram News - Times of India,indiatimes.com,2022-11-17,https://timesofindia.indiatimes.com/city/thiruvananthapuram/govt-cracks-down-on-sale-of-adulterated-coconut-oil/articleshow/95568940.cms,C:\Users\yuvra\OneDrive\Desktop\RAship\FoodComputing\news_crawler\data\runs\edible_oils_boolean_title_proximity_2026-06-22\mediacloud\cleaned_text\timesofindia.indiatimes.com\b97297da2bd939e3.txt,title_only,title_named_oils_fraud,True,adulterated_product,relevant,0.94,Pattern says edible oil is the adulterated/seized/failed product.,tration for their products. One manufacturer can come up with only one brand of coconut oil in the state. This will be strictly enforced as part of efforts to curb the sale of adulterated coconut oil. The food safety department will also examine if sulphur is being mixed with the oil. T,coconut oil,adulterated; food safety; Food Safety Department; crackdown,,,,,,264
550164f2-8162-4282-bf01-8cacf0b1962e,Food Dept Seizes 831l Mustard Oil | Kanpur News - Times of India,indiatimes.com,2023-03-06,https://timesofindia.indiatimes.com/city/kanpur/food-dept-seizes-831l-mustard-oil/articleshow/98439612.cms,C:\Users\yuvra\OneDrive\Desktop\RAship\FoodComputing\news_crawler\data\runs\edible_oils_boolean_title_proximity_2026-06-22\mediacloud\cleaned_text\timesofindia.indiatimes.com\0ca143fb592d592e.txt,title_only,title_oils_enforcement,True,adulterated_product,relevant,0.94,Pattern says edible oil is the adulterated/seized/failed product.,"ecurity and drug administration department on Sunday seized around 831 litre of mustard oil worth Rs 1,14,764 and collected 19 samples of food items and sent them to lab for testing. The mustard oil was seized from three vendors, and",mustard oil; rice bran oil,seized; seizure,,,,,,176
3a80f6a0-850f-49fc-9c2d-a9faf5732ecf,"Income Tax dept raids on edible oil business group across Bengal, Assam",indiatoday.in,2023-05-16,https://www.indiatoday.in/india/story/west-bengal-income-tax-raid-business-group-rice-bran-oil-2380108-2023-05-16?utm_source=rss,C:\Users\yuvra\OneDrive\Desktop\RAship\FoodComputing\news_crawler\data\runs\edible_oils_boolean_title_proximity_2026-06-22\mediacloud\cleaned_text\indiatoday.in\93fc52135781efbe.txt,title_only,title_oils_enforcement,True,adulterated_product,relevant,0.94,Pattern says edible oil is the adulterated/seized/failed product.,"Income Tax dept raids on edible oil business group across Bengal, Assam Income Tax dept raids on edible oil business group across Bengal, Assam The I-T officials seized unaccounted cash of Rs 1",edible oil; mustard oil; rice bran oil,seized; raid,,,,,,365
47188540-234f-4110-873c-89e4eb2b92d3,Food safety department locks and seals two cooking oil mills in Trichy city | Trichy News - Times of India,indiatimes.com,2023-05-28,https://timesofindia.indiatimes.com/city/trichy/food-safety-department-locks-and-seal-two-cooking-oil-mills-in-trichy-city/articleshow/100572169.cms,C:\Users\yuvra\OneDrive\Desktop\RAship\FoodComputing\news_crawler\data\runs\edible_oils_boolean_title_proximity_2026-06-22\mediacloud\cleaned_text\timesofindia.indiatimes.com\a0ffc158fbc572d0.txt,boolean,boolean_core_oils_fraud,True,adulterated_product,relevant,0.94,Pattern says edible oil is the adulterated/seized/failed product.,"inspected over a period of time. They said that the test results found that the cooking oil was adulterated. Similarly, label norms as per the food safety and standards act 2006, were not properly followed,",cooking oil,adulterated; food safety; Food Safety Department; Food Safety Officer; inspection,,,,,,289
37ffcb4a-8e00-48cb-a220-72cbcb07e526,Navi Mumbai: 7 booked for selling adulterated edible oil,mid-day.com,2023-12-07,https://www.mid-day.com/mumbai/mumbai-crime-news/article/navi-mumbai-7-booked-for-selling-adulterated-edible-oil-23323774,C:\Users\yuvra\OneDrive\Desktop\RAship\FoodComputing\news_crawler\data\runs\edible_oils_boolean_title_proximity_2026-06-22\mediacloud\cleaned_text\mid-day.com\8b07a4ab66aec78d.txt,boolean,boolean_core_oils_fraud,True,adulterated_product,relevant,0.94,Pattern says edible oil is the adulterated/seized/failed product.,Navi Mumbai: 7 booked for selling adulterated edible oil Navi Mumbai: 7 booked for selling adulterated edible oil Seven people linked to an agro firm have been accused of selling adulterated edible oil.,edible oil; palm oil; groundnut oil,adulterated; raided,,,,,,120
ff36bc45-8e01-4283-9969-7759db5eb370,"Maharashtra FDA cracks down on McDonald's, catches fast food major using cheap vegetable oil in place of cheese",indiatimes.com,2024-02-23,https://economictimes.indiatimes.com/industry/cons-products/food/maha-fda-cracks-down-on-mcdonalds-catches-fast-food-major-using-cheap-vegetable-oil-in-place-of-cheese/articleshow/107934081.cms,C:\Users\yuvra\OneDrive\Desktop\RAship\FoodComputing\news_crawler\data\runs\edible_oils_boolean_title_proximity_2026-06-22\mediacloud\cleaned_text\economictimes.indiatimes.com\4da1d01f89503d2b.txt,title_only,title_oils_enforcement,True,adulterated_product,relevant,0.94,Pattern says edible oil is the adulterated/seized/failed product.,"traditional dairy cheese, often substituting dairy fat with more cost-effective vegetable oil. The FDA claims that McDonald's failed to disclose the use of cheese analogues on food labels or electronic display boards, potentially po",vegetable oil,FDA; inspection,,,,,,372
96db122f-e011-4696-9986-db76ebfd6be2,Fake cheese? McDonald's responds after vegetable oil found in burgers and nuggets,indiatoday.in,2024-02-23,https://www.indiatoday.in/business/story/mcdonalds-responds-to-fake-cheese-crackdown-maharashtra-fda-2506260-2024-02-23?utm_source=rss,C:\Users\yuvra\OneDrive\Desktop\RAship\FoodComputing\news_crawler\data\runs\edible_oils_boolean_title_proximity_2026-06-22\mediacloud\cleaned_text\indiatoday.in\18e506564cdc4008.txt,boolean,boolean_core_oils_fraud,True,adulterated_product,relevant,0.94,Pattern says edible oil is the adulterated/seized/failed product.,Fake cheese? McDonald's responds after vegetable oil found in burgers and nuggets Fake cheese? McDonald's responds after vegetable oil found in burgers and nuggets The Maharashtra FDA fo,vegetable oil,fake; FDA; crackdown,,,,,,402
5c3b4f65-1119-4cb7-9bf5-8dccd568b46b,"Govt seizes 18,000 litres of fake cooking oil: Why they can be harmful, and tips to identify them",indianexpress.com,2024-06-04,https://indianexpress.com/article/lifestyle/food-wine/govt-seizes-fake-cooking-oil-harms-how-to-identify-9369475/,C:\Users\yuvra\OneDrive\Desktop\RAship\FoodComputing\news_crawler\data\runs\edible_oils_boolean_title_proximity_2026-06-22\mediacloud\cleaned_text\indianexpress.com\a72974887123b492.txt,boolean,boolean_core_oils_fraud,True,adulterated_product,relevant,0.94,Pattern says edible oil is the adulterated/seized/failed product.,"uthority of India shared that the government has detained 18,000 litres of fake edible oil in Rajasthan. The medical and health department of Ajmer seized the fake oil with duplicated labels of famous brands. “The fake cooking oil was being prepared by using dupl",edible oil; cooking oil; soybean oil,adulterated; adulteration; fake; misbranding; rancid; seized; food safety; FSSAI,,,,,,438
99b5db5b-fd0d-4faf-9385-c0cba2b528d3,How to identify fake cooking oil? (FSSAI recommended tips) - Times of India,indiatimes.com,2024-06-04,https://timesofindia.indiatimes.com/life-style/health-fitness/health-news/how-to-identify-fake-cooking-oil-fssai-recommended-tips/articleshow/110694766.cms,C:\Users\yuvra\OneDrive\Desktop\RAship\FoodComputing\news_crawler\data\runs\edible_oils_boolean_title_proximity_2026-06-22\mediacloud\cleaned_text\timesofindia.indiatimes.com\7f34168bc49da5bb.txt,boolean,boolean_core_oils_fraud,True,adulterated_product,relevant,0.94,Pattern says edible oil is the adulterated/seized/failed product.,"How to identify fake cooking oil? (FSSAI recommended tips) - Times of India Nearly 18,000 litres of fake cooking oil was seized by the medical department in Ajmer, the Food Safety and Standards Authority of India ( FSSAI) has t",edible oil; cooking oil; palm oil; sunflower oil; vegetable oil; coconut oil; olive oil,adulterated; adulteration; fake; contamination; misbranded; misbranding; rancid; seized; food safety; FSSAI,,,,,,705
94696d19-9209-4b6b-b108-f0a8afb99c70,Fake Edible Oil Ingredients: 6 harmful ingredients found in fake edible oil | - Times of India,indiatimes.com,2024-06-05,https://timesofindia.indiatimes.com/life-style/food-news/harmful-ingredients-in-fake-edible-oil/articleshow/110737364.cms,C:\Users\yuvra\OneDrive\Desktop\RAship\FoodComputing\news_crawler\data\runs\edible_oils_boolean_title_proximity_2026-06-22\mediacloud\cleaned_text\timesofindia.indiatimes.com\48c6f380b14c7351.txt,boolean,boolean_core_oils_fraud,True,adulterated_product,relevant,0.94,Pattern says edible oil is the adulterated/seized/failed product.,Fake Edible Oil Ingredients: 6 harmful ingredients found in fake edible oil | - Times of India The global food industry has seen a worrying rise in the prevalence o,edible oil; cooking oil; soybean oil; palm oil; cottonseed oil,adulterated; adulteration; fake; contaminated; misbranding; seized; food safety; FSSAI,,,,,,502
0b15e1c7-6e73-4511-ac02-89bd9d129704,"Health News: Warning signs of diabetes seen in morning, how to identify fake cooking oil, laptop related health issues, common signs of vitamin A deficiency, and more | - The Times of India",indiatimes.com,2024-06-05,https://timesofindia.indiatimes.com/life-style/health-fitness/health-news/toi-health-news-morning-briefing-warning-signs-of-diabetes-seen-in-morning-how-to-identify-fake-cooking-oil-laptop-related-health-issues-common-signs-of-vitamin-a-deficiency-and-more/articleshow/110702015.cms,C:\Users\yuvra\OneDrive\Desktop\RAship\FoodComputing\news_crawler\data\runs\edible_oils_boolean_title_proximity_2026-06-22\mediacloud\cleaned_text\timesofindia.indiatimes.com\14c679bc552527aa.txt,boolean,boolean_core_oils_fraud,True,adulterated_product,relevant,0.94,Pattern says edible oil is the adulterated/seized/failed product.,"ose of health updates, news and latest guidelines are all here: News18,000 fake cooking oil seized, how to identify such oils: Nearly 18,000 litres of fake cooking oil was seized in Ajmer. Here arises an important question, what is fake cooking oil? How to identify whether the",cooking oil,fake; seized,,,,,,462
d88e87b0-b2a1-45fa-9998-1eb2ff3ca2f4,What is the cooking oil contamination scandal in China? Here's all you need to know,indiatimes.com,2024-07-12,https://economictimes.indiatimes.com/news/international/us/what-is-the-cooking-oil-contamination-scandal-in-china-heres-all-you-need-to-know/articleshow/111669695.cms,C:\Users\yuvra\OneDrive\Desktop\RAship\FoodComputing\news_crawler\data\runs\edible_oils_boolean_title_proximity_2026-06-22\mediacloud\cleaned_text\economictimes.indiatimes.com\b71d81f52f49cdc9.txt,boolean,boolean_core_oils_fraud,True,adulterated_product,relevant,0.94,Pattern says edible oil is the adulterated/seized/failed product.,"What is the cooking oil contamination scandal in China? Here's all you need to know Netizens react on Weibo Quoting an unnamed driver, th",cooking oil,contamination; food safety; inspection,,,,,,363
82b46a16-8cbd-49c9-9eab-8840c92d1a25,Vigilance Raids Target Illegal Edible Oil Hoarding Amid Festival Price Surge | Vijayawada News - The Times of India,indiatimes.com,2024-09-18,https://timesofindia.indiatimes.com/city/vijayawada/vigilance-raids-target-illegal-edible-oil-hoarding-amid-festival-price-surge/articleshow/113467007.cms,C:\Users\yuvra\OneDrive\Desktop\RAship\FoodComputing\news_crawler\data\runs\edible_oils_boolean_title_proximity_2026-06-22\mediacloud\cleaned_text\timesofindia.indiatimes.com\73e6a88daaba502f.txt,boolean,boolean_core_oils_fraud,True,adulterated_product,relevant,0.94,Pattern says edible oil is the adulterated/seized/failed product.,"gaging in illegal activities that contribute to price hikes and adulteration of edible oils. During the raids, officials seized 14,293 liters of edible oil, 89,250 kilograms of groundnut seeds, and 298 bags of groundnut cake, t",edible oil,adulterated; adulteration; seized; food safety,,,,,,236
f1ee1698-b574-4959-87b1-681cde60845f,Adulterated mustard oil behind 3 dropsy deaths in Nabha: report,hindustantimes.com,2024-10-14,https://www.hindustantimes.com/cities/chandigarh-news/adulterated-mustard-oil-behind-3-dropsy-deaths-in-nabha-report-101728847891766.html,C:\Users\yuvra\OneDrive\Desktop\RAship\FoodComputing\news_crawler\data\runs\edible_oils_boolean_title_proximity_2026-06-22\mediacloud\cleaned_text\hindustantimes.com\100ba267c8a62d53.txt,boolean,boolean_named_oils_fraud,True,adulterated_product,relevant,0.94,Pattern says edible oil is the adulterated/seized/failed product.,"Adulterated mustard oil behind 3 dropsy deaths in Nabha: report Adulterated mustard oil behind 3 dropsy deaths in Nabha: report Three members of the family died in September,",mustard oil,adulterated,,,,,,357
00cec5e8-2bd1-48dc-8ad3-4387443be743,"Dahod Police Bust Major Spurious Cooking Oil Racket, Seize Goods Worth Over Rs 15 Lakhs | Vadodara News - Times of India",indiatimes.com,2024-12-10,https://timesofindia.indiatimes.com/city/vadodara/dahod-police-bust-major-spurious-cooking-oil-racket-seize-goods-worth-over-rs-15-lakhs/articleshow/116183542.cms,C:\Users\yuvra\OneDrive\Desktop\RAship\FoodComputing\news_crawler\data\runs\edible_oils_boolean_title_proximity_2026-06-22\mediacloud\cleaned_text\timesofindia.indiatimes.com\a01a2dc0e4f21201.txt,boolean,boolean_core_oils_fraud,True,adulterated_product,relevant,0.94,Pattern says edible oil is the adulterated/seized/failed product.,"Dahod Police Bust Major Spurious Cooking Oil Racket, Seize Goods Worth Over Rs 15 Lakhs | Vadodara News - Times of India Vadodara: After the discovery of a fa",edible oil; cooking oil; palm oil,adulterated; fake; spurious; seized; seizure; raid; raided; food safety,,,,,,257
251fb653-571f-41aa-b272-ab133fb6e082,Hc Questions Lack Of Local Testing Infra For Mustard Oil Adulteration | Chandigarh News - Times of India,indiatimes.com,2024-12-15,https://timesofindia.indiatimes.com/city/chandigarh/hc-questions-lack-of-local-testing-infra-for-mustard-oil-adulteration/articleshow/116327780.cms,C:\Users\yuvra\OneDrive\Desktop\RAship\FoodComputing\news_crawler\data\runs\edible_oils_boolean_title_proximity_2026-06-22\mediacloud\cleaned_text\timesofindia.indiatimes.com\657e302ed43cf120.txt,boolean,boolean_named_oils_fraud,True,adulterated_product,relevant,0.94,Pattern says edible oil is the adulterated/seized/failed product.,"Hc Questions Lack Of Local Testing Infra For Mustard Oil Adulteration | Chandigarh News - Times of India Chandigarh: As cases of food adulteration rise, especially in edible oils, it is surprising that the region, including Punjab, Haryana, and C",mustard oil,adulteration,,,,,,418
f5f0bba5-30c7-4b3c-afe8-6f96bfdb401f,Punjab &amp; Haryana high court asks Centre if they plan to open more labs to check cooking oil adulteration,hindustantimes.com,2024-12-15,https://www.hindustantimes.com/cities/chandigarh-news/punjab-haryana-high-court-asks-centre-if-there-are-plans-to-open-more-labs-to-check-cooking-oil-adulteration-101734204296975.html,C:\Users\yuvra\OneDrive\Desktop\RAship\FoodComputing\news_crawler\data\runs\edible_oils_boolean_title_proximity_2026-06-22\mediacloud\cleaned_text\hindustantimes.com\7e7a2a693de247a5.txt,boolean,boolean_core_oils_fraud,True,adulterated_product,relevant,0.94,Pattern says edible oil is the adulterated/seized/failed product.,ab &amp; Haryana high court asks Centre if they plan to open more labs to check cooking oil adulteration Punjab & Haryana high court asks Centre if they plan to open more labs to check cooking oil adulter,cooking oil; mustard oil; rice bran oil,adulterated; adulteration; seized; food safety; inspection,,,,,,474
123b80bc-2f62-4cb0-bddf-d75e3fd9e490,"Unsafe cooking oil, food items disposed of | Vadodara News - The Times of India",indiatimes.com,2025-03-04,https://timesofindia.indiatimes.com/city/vadodara/unsafe-cooking-oil-food-items-disposed-of/articleshow/118691575.cms,C:\Users\yuvra\OneDrive\Desktop\RAship\FoodComputing\news_crawler\data\runs\edible_oils_boolean_title_proximity_2026-06-22\mediacloud\cleaned_text\timesofindia.indiatimes.com\ca954e6d68edb14b.txt,title_only,title_core_oils_fraud,True,adulterated_product,relevant,0.94,Pattern says edible oil is the adulterated/seized/failed product.,"Unsafe cooking oil, food items disposed of | Vadodara News - The Times of India Vadodara: Teams of Vadodara Municipal",cooking oil,unsafe; seized; food safety,,,,,,167
09aee8d2-8c4b-4390-b931-468a413fb0fb,"Crackdown on food adulteration: 112 kg rice bran oil destroyed, substandard sauces seized in Lucknow",hindustantimes.com,2025-03-12,https://www.hindustantimes.com/cities/lucknow-news/crackdown-on-food-adulteration-112-kg-rice-bran-oil-destroyed-substandard-sauces-seized-in-lucknow-101741721802362.html,C:\Users\yuvra\OneDrive\Desktop\RAship\FoodComputing\news_crawler\data\runs\edible_oils_boolean_title_proximity_2026-06-22\mediacloud\cleaned_text\hindustantimes.com\7c0fd9e72fdabe06.txt,boolean,boolean_named_oils_fraud,True,adulterated_product,relevant,0.94,Pattern says edible oil is the adulterated/seized/failed product.,"Crackdown on food adulteration: 112 kg rice bran oil destroyed, substandard sauces seized in Lucknow Crackdown on food adulteration: 112 kg rice bran oil destroyed, substandard sauces seized in Lucknow Upon examination, the FSDA te",mustard oil; rice bran oil,adulterated; adulteration; substandard; seized; seizure; raid; raided; food safety; FSDA; crackdown,,,,,,471
e0d0dd8e-965d-412d-9baf-c9e35bbeaebe,Health dept seizes 352 boxes of refined oil after 6 hospitalised,hindustantimes.com,2025-04-22,https://www.hindustantimes.com/cities/chandigarh-news/health-dept-seizes-352-boxes-of-refined-oil-after-6-hospitalised-101745259236048.html,C:\Users\yuvra\OneDrive\Desktop\RAship\FoodComputing\news_crawler\data\runs\edible_oils_boolean_title_proximity_2026-06-22\mediacloud\cleaned_text\hindustantimes.com\d04f2ce4af44f5c3.txt,title_only,title_oils_enforcement,True,adulterated_product,relevant,0.94,Pattern says edible oil is the adulterated/seized/failed product.,Health dept seizes 352 boxes of refined oil after 6 hospitalised Health dept seizes 352 boxes of refined oil after 6 hospitalised Test results show Vitamin D toxicity in patients who,refined oil,seized; food safety,,,,,,464
207f792b-6603-44ee-9f21-63f461a03360,AMC seizes 105 tins of suspicious cooking oil from Behrampura - The Times of India,indiatimes.com,2025-04-26,https://timesofindia.indiatimes.com/city/ahmedabad/amc-seizes-105-tins-of-suspicious-cooking-oil-from-behrampura/articleshow/120648762.cms,C:\Users\yuvra\OneDrive\Desktop\RAship\FoodComputing\news_crawler\data\runs\edible_oils_boolean_title_proximity_2026-06-22\mediacloud\cleaned_text\timesofindia.indiatimes.com\f4384a1783ea0f2d.txt,boolean,boolean_core_oils_fraud,True,adulterated_product,relevant,0.94,Pattern says edible oil is the adulterated/seized/failed product.,"ue to suspicions about the cooking oil, 105 tins, comprising 90 tins of refined palm oil (Gujarat brand) and 15 tins of refined soybean oil (Ananta brand), were seized. These tins will remain confiscated until the test results of the samples from these two brands are",cooking oil; soybean oil; palm oil,substandard; unsafe; seized; raid; inspection,,,,,,412
f489f567-c50a-4ae9-ac58-25a9c2926d63,Oil purity test: Adulterated mustard oil seized in Ghaziabad: How to check oil purity at home | - The Times of India,indiatimes.com,2025-06-11,https://timesofindia.indiatimes.com/life-style/food-news/adulterated-mustard-oil-seized-in-ghaziabad-how-to-check-oil-purity-at-home/articleshow/121774827.cms,C:\Users\yuvra\OneDrive\Desktop\RAship\FoodComputing\news_crawler\data\runs\edible_oils_boolean_title_proximity_2026-06-22\mediacloud\cleaned_text\timesofindia.indiatimes.com\8dabedeaf5f0c07c.txt,boolean,boolean_core_oils_fraud,True,adulterated_product,relevant,0.94,Pattern says edible oil is the adulterated/seized/failed product.,Oil purity test: Adulterated mustard oil seized in Ghaziabad: How to check oil purity at home | - The Times of India Mustard oil is one of the most,edible oil; mustard oil,adulterated; adulteration; seized; food safety; Food Safety Department; inspection,,,,,,332
43d56b9f-225e-4d5c-bc77-2672e32d1147,Substandard edible oil found in Nandurbar: Minister warns of action,indianexpress.com,2025-07-07,https://indianexpress.com/article/cities/mumbai/substandard-edible-oil-found-in-nandurbar-minister-warns-of-action-10112216/,C:\Users\yuvra\OneDrive\Desktop\RAship\FoodComputing\news_crawler\data\runs\edible_oils_boolean_title_proximity_2026-06-22\mediacloud\cleaned_text\indianexpress.com\49e833d41cf35d9c.txt,boolean,boolean_core_oils_fraud,True,adulterated_product,relevant,0.94,Pattern says edible oil is the adulterated/seized/failed product.,"Substandard edible oil found in Nandurbar: Minister warns of action Several edible oil samples collected in Nandurbar district have failed to meet food safety standards, and action will be taken",edible oil; soybean oil; groundnut oil,substandard; food safety; FDA; samples collected; inspection,,,,,,252
26c48c10-b833-45f8-a523-b29782b5a1cc,Court fines 2 for selling adulterated mustard oil in Ghaziabad | Noida News - The Times of India,indiatimes.com,2025-07-26,https://timesofindia.indiatimes.com/city/noida/court-fines-2-for-selling-adulterated-mustard-oil-in-ghaziabad/articleshow/122912688.cms,C:\Users\yuvra\OneDrive\Desktop\RAship\FoodComputing\news_crawler\data\runs\edible_oils_boolean_title_proximity_2026-06-22\mediacloud\cleaned_text\timesofindia.indiatimes.com\d7a880f504022a93.txt,boolean,boolean_named_oils_fraud,True,adulterated_product,relevant,0.94,Pattern says edible oil is the adulterated/seized/failed product.,Court fines 2 for selling adulterated mustard oil in Ghaziabad | Noida News - The Times of India Ghaziabad: The Court of Additional Chief Judicial Ma,mustard oil,adulterated; substandard; unsafe; food safety; Food Safety Officer; prosecution; fine,,,,,,247
5934a47a-3aed-44ba-bf55-7cca22c790da,16k litres of fake coconut oil seized | Thiruvananthapuram News - Times of India,indiatimes.com,2025-08-14,https://timesofindia.indiatimes.com/city/thiruvananthapuram/16k-litres-of-fake-coconut-oil-seized/articleshow/123288376.cms,C:\Users\yuvra\OneDrive\Desktop\RAship\FoodComputing\news_crawler\data\runs\edible_oils_boolean_title_proximity_2026-06-22\mediacloud\cleaned_text\timesofindia.indiatimes.com\a763f74e22c867f7.txt,boolean,boolean_named_oils_fraud,True,adulterated_product,relevant,0.94,Pattern says edible oil is the adulterated/seized/failed product.,"16k litres of fake coconut oil seized | Thiruvananthapuram News - Times of India T'puram: The state govt seized 16,565 litres of coconut oil of suspicious quality in seven districts after the food safety departm",coconut oil,fake; seized; seizure; food safety; FSSAI; Food Safety Department,,,,,,132
50c9ce9f-6baa-4cc6-852e-d17e5eee7638,"Kerala seizes 17,000 litres of fake coconut oil, raids intensified ahead of Onam",uniindia.com,2025-08-20,http://www.uniindia.com/kerala-seizes-17-000-litres-of-fake-coconut-oil-raids-intensified-ahead-of-onam/south/news/3550881.html,C:\Users\yuvra\OneDrive\Desktop\RAship\FoodComputing\news_crawler\data\runs\edible_oils_boolean_title_proximity_2026-06-22\mediacloud\cleaned_text\uniindia.com\5bcb10d18fed9475.txt,title_only,title_named_oils_fraud,True,adulterated_product,relevant,0.94,Pattern says edible oil is the adulterated/seized/failed product.,"Kerala seizes 17,000 litres of fake coconut oil, raids intensified ahead of Onam More News22 Jun 2026 | 3:50 PMKhammam, June 22 (UNI) Telangana Deputy Chi",coconut oil,fake,,,,,,287
ef54adfa-74e6-4389-a018-5ac6165ec379,FSDA seizes substandard supply of edible oil worth 30L | Kanpur News - The Times of India,indiatimes.com,2025-10-10,https://timesofindia.indiatimes.com/city/kanpur/fsda-seizes-substandard-supply-of-edible-oil-worth-30l/articleshow/124437838.cms,C:\Users\yuvra\OneDrive\Desktop\RAship\FoodComputing\news_crawler\data\runs\edible_oils_boolean_title_proximity_2026-06-22\mediacloud\cleaned_text\timesofindia.indiatimes.com\2e8b5e681e12d2c8.txt,boolean,boolean_core_oils_fraud,True,adulterated_product,relevant,0.94,Pattern says edible oil is the adulterated/seized/failed product.,"Drug Administration Department (FSDA) on Thursday seized a large consignment of edible oil of substandard quality and other food items during a citywide inspection drive. According to officials, a total of",edible oil,adulterated; substandard; seized; food safety; FSDA; inspection,,,,,,175
772b9e88-d01b-429e-9e85-ef61255f4f3f,Adulterated edible oil worth Rs53L seized in Kanpur raid | Kanpur News - The Times of India,indiatimes.com,2025-10-11,https://timesofindia.indiatimes.com/city/kanpur/adulterated-edible-oil-worth-rs53l-seized-in-kanpur-raid/articleshow/124465364.cms,C:\Users\yuvra\OneDrive\Desktop\RAship\FoodComputing\news_crawler\data\runs\edible_oils_boolean_title_proximity_2026-06-22\mediacloud\cleaned_text\timesofindia.indiatimes.com\1d0b5e69ef9e0637.txt,boolean,boolean_core_oils_fraud,True,adulterated_product,relevant,0.94,Pattern says edible oil is the adulterated/seized/failed product.,Adulterated edible oil worth Rs53L seized in Kanpur raid | Kanpur News - The Times of India Kanpur: The Food Safety and Drug Administration (FSDA) carried o,edible oil; mustard oil; rice bran oil,adulterated; adulteration; substandard; seized; raid; raided; food safety; FSDA; Food Safety Officer,,,,,,247
64410030-5e40-4d33-ad38-1215ae60f157,Maha FDA seizes edible oil worth Rs23L | Nagpur News - The Times of India,indiatimes.com,2025-10-16,https://timesofindia.indiatimes.com/city/nagpur/maha-fda-seizes-edible-oil-worth-rs23l/articleshow/124589903.cms,C:\Users\yuvra\OneDrive\Desktop\RAship\FoodComputing\news_crawler\data\runs\edible_oils_boolean_title_proximity_2026-06-22\mediacloud\cleaned_text\timesofindia.indiatimes.com\d4d702647df6f76a.txt,boolean,boolean_core_oils_fraud,True,adulterated_product,relevant,0.94,Pattern says edible oil is the adulterated/seized/failed product.,Maha FDA seizes edible oil worth Rs23L | Nagpur News - The Times of India Nagpur: In a significant crackdown in the pre-Diwali,edible oil,substandard; seized; seizure; food safety; FDA; crackdown,,,,,,133
2f89093d-38b7-44a5-9cc1-61fb9d0cf08c,NHRC issues notice to FSSAI over rampant reuse of cooking oil by eateries,indiatoday.in,2025-10-23,https://www.indiatoday.in/health/story/nhrc-issues-notice-to-fssai-over-rampant-reuse-of-cooking-oil-by-eateries-2807276-2025-10-23?utm_source=rss,C:\Users\yuvra\OneDrive\Desktop\RAship\FoodComputing\news_crawler\data\runs\edible_oils_boolean_title_proximity_2026-06-22\mediacloud\cleaned_text\indiatoday.in\eb8b815d13a5f5dd.txt,boolean,boolean_core_oils_fraud,True,adulterated_product,relevant,0.94,Pattern says edible oil is the adulterated/seized/failed product.,"ed non-governmental organization, which alleged that the FSSAI’s Repurpose Used Cooking Oil (RUCO) campaign has failed to curb the reuse of degraded oil, particularly among smaller food businesses and street vendors. “",cooking oil; vegetable oil,contamination; food safety; FSSAI,,,,,,839
0d4a2c7f-33c8-47ce-a96a-894e55407c0c,Fake Coconut Oil Identity: Signs your coconut oil is fake and how to spot the real one,indiatimes.com,2025-11-03,https://timesofindia.indiatimes.com/life-style/beauty/signs-your-coconut-oil-is-fake-and-how-to-spot-the-real-one/photostory/124849847.cms,C:\Users\yuvra\OneDrive\Desktop\RAship\FoodComputing\news_crawler\data\runs\edible_oils_boolean_title_proximity_2026-06-22\mediacloud\cleaned_text\timesofindia.indiatimes.com\8dd663d2d987be4f.txt,boolean,boolean_named_oils_fraud,True,adulterated_product,relevant,0.94,Pattern says edible oil is the adulterated/seized/failed product.,"Fake Coconut Oil Identity: Signs your coconut oil is fake and how to spot the real one As the price of coconut oil continues to surge in the market, especial",palm oil; coconut oil,adulteration; fake; rancid; inspection,,,,,,479
95ca6c45-7ce6-4327-8fae-1e8ad7b53499,Police seize 150 containers of stolen edible oil in Balangir; two arrested | Bhubaneswar News - The Times of India,indiatimes.com,2025-11-09,https://timesofindia.indiatimes.com/city/bhubaneswar/police-seize-150-tins-of-stolen-edible-oil-in-balangir-two-arrested/articleshow/125204052.cms,C:\Users\yuvra\OneDrive\Desktop\RAship\FoodComputing\news_crawler\data\runs\edible_oils_boolean_title_proximity_2026-06-22\mediacloud\cleaned_text\timesofindia.indiatimes.com\c58da39e27213b5d.txt,title_only,title_oils_enforcement,True,adulterated_product,relevant,0.94,Pattern says edible oil is the adulterated/seized/failed product.,Police seize 150 containers of stolen edible oil in Balangir; two arrested | Bhubaneswar News - The Times of India Balangir: A joint team of Deogaon,edible oil,seized; food safety,,,,,,238
8cb5c0df-13cb-44d6-8509-198110984ffd,"Inspection throws up health scare in form of expired foods, fake oil | Jaipur News - The Times of India",indiatimes.com,2025-12-03,https://timesofindia.indiatimes.com/city/jaipur/inspection-throws-up-health-scare-in-form-of-expired-foods-fake-oil/articleshow/125727900.cms,C:\Users\yuvra\OneDrive\Desktop\RAship\FoodComputing\news_crawler\data\runs\edible_oils_boolean_title_proximity_2026-06-22\mediacloud\cleaned_text\timesofindia.indiatimes.com\e32b4c894cae9b85.txt,boolean,boolean_named_oils_fraud,True,adulterated_product,relevant,0.94,Pattern says edible oil is the adulterated/seized/failed product.,"ls said. In a separate action, food safety officers investigated a complaint of fake Sona Sikka brand groundnut oil allegedly being sold in Jaipur. The complaint, filed by a representative of Shyam and Shyam Oil Pvt",groundnut oil,fake; substandard; unsafe; seized; food safety; inspection,,,,,,259
e21aa571-cd54-4c46-a497-584047f0b89e,"Ludhiana: Fast food joint’s cooking oil fails quality test, say Health dept",hindustantimes.com,2025-12-04,https://www.hindustantimes.com/cities/chandigarh-news/ludhiana-fast-food-joint-s-cooking-oil-fails-quality-test-say-health-dept-101764785730988.html,C:\Users\yuvra\OneDrive\Desktop\RAship\FoodComputing\news_crawler\data\runs\edible_oils_boolean_title_proximity_2026-06-22\mediacloud\cleaned_text\hindustantimes.com\0412b3233635a89e.txt,title_only,title_oils_enforcement,True,adulterated_product,relevant,0.94,Pattern says edible oil is the adulterated/seized/failed product.,"say Health dept A Burger King franchise in Mullanpur has been found using “used cooking oil” for frying, the local health department said. The department collected a sample of cooking oil from the restaurant in the Euro 9 market on GT Road on August 25. Tests showed the o",cooking oil,FSSAI; quality test,,,,,,242
0f7223d7-fe1e-4b1f-8ff5-968cfcf297a9,Fake cooking oil supply deal costs Thane businessman Rs 50 lakh,mid-day.com,2026-01-02,https://www.mid-day.com/mumbai/mumbai-crime-news/article/thane-businessman-cheated-of-rs-50-lakh-in-fake-cooking-oil-deal-23610294,C:\Users\yuvra\OneDrive\Desktop\RAship\FoodComputing\news_crawler\data\runs\edible_oils_boolean_title_proximity_2026-06-22\mediacloud\cleaned_text\mid-day.com\5740c29394f4608a.txt,title_only,title_core_oils_fraud,True,adulterated_product,relevant,0.94,Pattern says edible oil is the adulterated/seized/failed product.,Fake cooking oil supply deal costs Thane businessman Rs 50 lakh Thane businessman cheated of Rs 50 lakh in fake cook,cooking oil,fake,,,,,,123
d5ff8dd2-f9ea-499f-8b11-7ace185957a5,40 liters of unsafe cooking oil and 40 kg rotten tomatoes found in a popular fast food outlet in Jaipur - The Times of India,indiatimes.com,2026-02-13,https://timesofindia.indiatimes.com/life-style/food-news/40-liters-of-unsafe-cooking-oil-and-40-kg-rotten-tomatoes-found-in-a-popular-fast-food-outlet-in-jaipur/articleshow/128305861.cms,C:\Users\yuvra\OneDrive\Desktop\RAship\FoodComputing\news_crawler\data\runs\edible_oils_boolean_title_proximity_2026-06-22\mediacloud\cleaned_text\timesofindia.indiatimes.com\f335f4e7f5a4b8e8.txt,title_only,title_core_oils_fraud,True,adulterated_product,relevant,0.94,Pattern says edible oil is the adulterated/seized/failed product.,40 liters of unsafe cooking oil and 40 kg rotten tomatoes found in a popular fast food outlet in Jaipur - The Times of India We oft,cooking oil,unsafe; food safety; FSSAI; inspection,,,,,,335
63b69901-fe9e-484a-888a-ba5c934eaf1a,"Food safety teams seize adulterated khoya in Agra, edible oil in Mânagar | Agra News - The Times of India",indiatimes.com,2026-02-22,https://timesofindia.indiatimes.com/city/agra/food-safety-teams-seize-adulterated-khoya-in-agra-edible-oil-in-mnagar/articleshow/128652372.cms,C:\Users\yuvra\OneDrive\Desktop\RAship\FoodComputing\news_crawler\data\runs\edible_oils_boolean_title_proximity_2026-06-22\mediacloud\cleaned_text\timesofindia.indiatimes.com\1d6fe9c4c4ca3abc.txt,boolean,boolean_core_oils_fraud,True,adulterated_product,relevant,0.94,Pattern says edible oil is the adulterated/seized/failed product.,"dards Act is underway. Meanwhile, in Muzaffarnagar, a food safety team raided a cooking oil unit operating as Kavya Trading on the Shamli Bypass and seized around 12,000 litres of adulterated edible oil worth about Rs 15 lakh. The premises were sealed, and eight samples of mustard oil, rice",edible oil; cooking oil; mustard oil; rice bran oil,adulterated; adulteration; seized; raid; raided; food safety; FSDA; crackdown,,,,,,243
3450f425-a2c2-4d08-b309-682bbbec3378,"Kanpur: Family Tragedy, Adulterated Oil Seized, Policy Announcements &More",indiatimes.com,2026-02-26,https://timesofindia.indiatimes.com/videos/ai-top-news/kanpur-family-tragedy-adulterated-oil-seized-policy-announcements-more/videoshow/128817874.cms,C:\Users\yuvra\OneDrive\Desktop\RAship\FoodComputing\news_crawler\data\runs\edible_oils_boolean_title_proximity_2026-06-22\mediacloud\cleaned_text\timesofindia.indiatimes.com\8224470464f4b1c4.txt,proximity,proximity_oil_seized,True,adulterated_product,relevant,0.94,Pattern says edible oil is the adulterated/seized/failed product.,"Kanpur: Family Tragedy, Adulterated Oil Seized, Policy Announcements &More Kanpur: Family Tragedy, Adulterated Oil Seized, Policy Announcem",,adulterated; seized,,,,,,50
b8075067-8306-4f7c-bdcf-cb070bb9c2d8,"Coconut Oil Purity Test: FSSAI shares simple trick to detect adulteration in the oil you use for hair, skin and food",indiatimes.com,2026-03-10,https://economictimes.indiatimes.com/news/new-updates/coconut-oil-purity-test-fssai-shares-simple-trick-to-detect-adulteration-in-the-oil-you-use-for-hair-skin-and-food/articleshow/129389742.cms,C:\Users\yuvra\OneDrive\Desktop\RAship\FoodComputing\news_crawler\data\runs\edible_oils_boolean_title_proximity_2026-06-22\mediacloud\cleaned_text\economictimes.indiatimes.com\f9199099156ebe44.txt,boolean,boolean_named_oils_fraud,True,adulterated_product,relevant,0.94,Pattern says edible oil is the adulterated/seized/failed product.,"Coconut Oil Purity Test: FSSAI shares simple trick to detect adulteration in the oil you use for hair, skin and food Read more: 1.5 lakh kg expired Amul-branded food destroy",coconut oil,adulterated; adulteration; contamination; food safety; FSSAI,,,,,,470
c26abcda-8d0e-45de-9518-110cc052b8f9,"Madhapur SOT busts adulterated cooking oil racket, two arrested",etemaaddaily.com,2026-03-10,https://www.en.etemaaddaily.com/world/hyderabad/madhapur-sot-busts-adulterated-cooking-oil-racket-two-arrested:191020,C:\Users\yuvra\OneDrive\Desktop\RAship\FoodComputing\news_crawler\data\runs\edible_oils_boolean_title_proximity_2026-06-22\mediacloud\cleaned_text\en.etemaaddaily.com\a7ecc82d68003aaf.txt,boolean,boolean_core_oils_fraud,True,adulterated_product,relevant,0.94,Pattern says edible oil is the adulterated/seized/failed product.,"Madhapur SOT busts adulterated cooking oil racket, two arrested Urdu Matrimonials Classifieds World Business Sports Entertainment Health Crime",cooking oil,adulterated; seized,,,,,,694
71f9fd0c-69ac-49cb-a69f-581824bf419a,Expired Mustard Oil Seized in Hazaribag Food Safety Raid | Ranchi News - The Times of India,indiatimes.com,2026-04-07,https://timesofindia.indiatimes.com/city/ranchi/expired-mustard-oil-seized-in-hazaribag-food-safety-raid/articleshow/130094279.cms,C:\Users\yuvra\OneDrive\Desktop\RAship\FoodComputing\news_crawler\data\runs\edible_oils_boolean_title_proximity_2026-06-22\mediacloud\cleaned_text\timesofindia.indiatimes.com\e8f620ae7b3ae3db.txt,title_only,title_oils_enforcement,True,adulterated_product,relevant,0.94,Pattern says edible oil is the adulterated/seized/failed product.,Expired Mustard Oil Seized in Hazaribag Food Safety Raid | Ranchi News - The Times of India Hazaribag: Acting on directives of DC Shashi Prakash Singh and a,mustard oil,seized; seizure; raid; food safety; Food Safety Officer; inspection,,,,,,123
6855e046-c4f3-4758-b886-2f594024cb27,"Dark discoloration, high TPC levels found in used cooking oil of famous fast food chain: What FSSAI says about the health risks",indiatimes.com,2026-05-05,https://timesofindia.indiatimes.com/life-style/food-news/dark-discoloration-high-tpc-levels-found-in-cooking-oil-of-famous-fast-food-chain-what-fssai-says-about-the-health-risks/articleshow/130833701.cms,C:\Users\yuvra\OneDrive\Desktop\RAship\FoodComputing\news_crawler\data\runs\edible_oils_boolean_title_proximity_2026-06-22\mediacloud\cleaned_text\timesofindia.indiatimes.com\8a2b76c3ff1163dd.txt,boolean,boolean_core_oils_fraud,True,adulterated_product,relevant,0.94,Pattern says edible oil is the adulterated/seized/failed product.,"tunate incident, recently, a KFC outlet in Kondapur, Hyderabad was caught using unsafe cooking oil. Scroll down to read the details. According to a post on X by the Zonal Commissioner, Serillingampa",edible oil; cooking oil,unsafe; food safety; FSSAI; inspection,,,,,,572
9493ed1b-0669-4e6c-9333-386eac56dfb8,Hyderabad: Food safety inspection flags unsafe oil at KFC outlet in Kondapur,siasat.com,2026-05-05,https://www.siasat.com/hyderabad-food-safety-inspection-flags-unsafe-oil-at-kfc-outlet-in-kondapur-3465689/,C:\Users\yuvra\OneDrive\Desktop\RAship\FoodComputing\news_crawler\data\runs\edible_oils_boolean_title_proximity_2026-06-22\mediacloud\cleaned_text\siasat.com\52658b8925ea6be8.txt,proximity,proximity_oil_food_safety,True,adulterated_product,relevant,0.94,Pattern says edible oil is the adulterated/seized/failed product.,"ns of food safety regulations. TPC levels are used to assess the degradation of cooking oil, and exceeding the prescribed limit is considered unsafe for consumption. Officials said such violations can pose health risks if not addressed. Food raids",cooking oil,unsafe; food safety; FSSAI; inspection,,,,,,261
4595338c-44aa-4b37-8a48-67aee1733fd8,"4,000 litres of suspected adulterated oil seized | Kanpur News - The Times of India",indiatimes.com,2026-05-17,https://timesofindia.indiatimes.com/city/kanpur/4000-litres-of-suspected-adulterated-oil-seized/articleshow/131143712.cms,C:\Users\yuvra\OneDrive\Desktop\RAship\FoodComputing\news_crawler\data\runs\edible_oils_boolean_title_proximity_2026-06-22\mediacloud\cleaned_text\timesofindia.indiatimes.com\3db72b5a24309dbb.txt,boolean,boolean_core_oils_fraud,True,adulterated_product,relevant,0.94,Pattern says edible oil is the adulterated/seized/failed product.,"mes of India Kanpur: Police seized around 4,000 litres of suspected adulterated edible oil during a raid near Mantora Bridge in industrial area of Kanpur Dehat on Friday. According to police, the raid was",edible oil,adulterated; adulteration; seized; raid,,,,,,195
23cfbd82-fdd4-4061-a56e-bc5907f430ce,25k litres of diesel disguised as edible oil seized by cops,hindustantimes.com,2026-05-25,https://www.hindustantimes.com/cities/mumbai-news/25k-litres-of-diesel-disguised-as-edible-oil-seized-by-cops-101779646828663.html,C:\Users\yuvra\OneDrive\Desktop\RAship\FoodComputing\news_crawler\data\runs\edible_oils_boolean_title_proximity_2026-06-22\mediacloud\cleaned_text\hindustantimes.com\7a830fab7ef76d0a.txt,title_only,title_oils_enforcement,True,adulterated_product,relevant,0.94,Pattern says edible oil is the adulterated/seized/failed product.,"25k litres of diesel disguised as edible oil seized by cops 25k litres of diesel disguised as edible oil seized by cops Police arrested the driver, Dharmendrakumar Shyamlal Patel (37), a resident of Vashi, Navi",edible oil,seized; crackdown; inspection,,,,,,322
8b119f42-7411-44be-a19d-8ede493307c4,Daltonganj police seize spurious edible oil | Ranchi News - The Times of India,indiatimes.com,2026-06-18,https://timesofindia.indiatimes.com/city/ranchi/daltonganj-police-seize-spurious-edible-oil/articleshow/131829588.cms,C:\Users\yuvra\OneDrive\Desktop\RAship\FoodComputing\news_crawler\data\runs\edible_oils_boolean_title_proximity_2026-06-22\mediacloud\cleaned_text\timesofindia.indiatimes.com\dcc14ef54d46bc64.txt,boolean,boolean_core_oils_fraud,True,adulterated_product,relevant,0.94,Pattern says edible oil is the adulterated/seized/failed product.,"Daltonganj police seize spurious edible oil | Ranchi News - The Times of India Daltonganj: A network involved in selling spurious edible oil of a popular brand was busted and 138 boxes, containing 1,776 litres, seized from a godo",edible oil,adulteration; spurious; contamination; seized; food safety,,,,,,159
10ecc441-e883-46d7-a867-85fd8d2ae45d,"Unsafe cooking oil, pungent smell found at KFC in Hyderabad",siasat.com,2026-06-21,https://www.siasat.com/unsafe-cooking-oil-pungent-smell-found-at-kfc-in-hyderabad-3493459/,C:\Users\yuvra\OneDrive\Desktop\RAship\FoodComputing\news_crawler\data\runs\edible_oils_boolean_title_proximity_2026-06-22\mediacloud\cleaned_text\siasat.com\8790719ffe6315ac.txt,boolean,boolean_core_oils_fraud,True,adulterated_product,relevant,0.94,Pattern says edible oil is the adulterated/seized/failed product.,"Unsafe cooking oil, pungent smell found at KFC in Hyderabad Hyderabad: A food safety inspection at a Hyderabad KFC out",cooking oil,unsafe; food safety; inspection,,,,,,138
d10cbf4c-7f29-41cd-bb5c-f91639aabc0c,Major Edible Oil Theft Racket Dismantled in Ahmedabad: Seven Arrested | Ahmedabad News - Times of India,indiatimes.com,2024-10-12,https://timesofindia.indiatimes.com/city/ahmedabad/major-edible-oil-theft-racket-dismantled-in-ahmedabad-seven-arrested/articleshow/114174719.cms,C:\Users\yuvra\OneDrive\Desktop\RAship\FoodComputing\news_crawler\data\runs\edible_oils_boolean_title_proximity_2026-06-22\mediacloud\cleaned_text\timesofindia.indiatimes.com\fc92a25cc50ff1c7.txt,title_only,title_oils_enforcement,True,adulterated_product,relevant,0.94,Pattern says edible oil is the adulterated/seized/failed product.,"oil, four boxes contained edible sunflower oil, and three boxes contained mixed edible oil. Each box contained 15 litres. The officials said that samples were taken from each box and sent for analysis by the FSL. https://timesofindia.indiatimes.com/city",edible oil; soybean oil; sunflower oil,,,,,,,279
00990be3-4034-4b91-b48a-d5becb21f100,Mumbai: Over 50% edible oils seized in raids found non-certified,freepressjournal.in,2021-02-02,https://www.freepressjournal.in/mumbai/mumbai-over-50-edible-oils-seized-in-raids-found-non-certified,C:\Users\yuvra\OneDrive\Desktop\RAship\FoodComputing\news_crawler\data\runs\edible_oils_boolean_title_proximity_2026-06-22\mediacloud\cleaned_text\freepressjournal.in\d8b53446dadd7633.txt,proximity,proximity_mustard_oil_seized,True,adulterated_product,relevant,0.94,Pattern says edible oil is the adulterated/seized/failed product.,Mumbai: Over 50% edible oils seized in raids found non-certified More than 50 per cent of edible oils seized by the Food and Drug Administration in Thane and Mumbai during raids last month have been found to,palm oil,seized; FDA,,,,,,153
248bac9b-0717-482a-8cbc-e48198d11498,Adulteration in edible oil detected ,thehindu.com,2021-04-22,https://www.thehindu.com/news/cities/Tiruchirapalli/adulteration-in-edible-oil-detected/article34386473.ece,C:\Users\yuvra\OneDrive\Desktop\RAship\FoodComputing\news_crawler\data\runs\edible_oils_boolean_title_proximity_2026-06-22\mediacloud\cleaned_text\thehindu.com\474a54d200bd8f85.txt,boolean,boolean_core_oils_fraud,True,adulterated_product,relevant,0.94,Pattern says edible oil is the adulterated/seized/failed product.,"chi, inspected the unit on Thursday when palm oil was found packaged as refined sunflower oil. About 5,000 litres of such oil was kept for sales. Samples were collected and sent for testing, Dr. Ramesh Babu said in a press release. About 5,410 litres of",edible oil; palm oil; sunflower oil,adulteration; seized; food safety,,,,,,136
ef7d4799-8c43-4861-ab70-36ba6f35a149,"Stopped adulteration, so mustard oil is expensive: Agriculture Minister Narendra Singh Tomar",freepressjournal.in,2021-06-09,https://www.freepressjournal.in/india/stopped-adulteration-so-mustard-oil-is-expensive-agriculture-minister-narendra-singh-tomar,C:\Users\yuvra\OneDrive\Desktop\RAship\FoodComputing\news_crawler\data\runs\edible_oils_boolean_title_proximity_2026-06-22\mediacloud\cleaned_text\freepressjournal.in\b02254b8a65debbb.txt,boolean,boolean_core_oils_fraud,True,adulterated_product,relevant,0.94,Pattern says edible oil is the adulterated/seized/failed product.,"gh Tomar New Delhi, June 9: Agriculture Minister Narendra Singh Tomar said that mustard oil has definitely become a bit expensive, because the government has stopped adulteration in it. He said that the government is keeping an eye on rising inflation ""Our focus is on the price",edible oil; mustard oil; vegetable oil,adulteration,,,,,,662
07e977be-0c70-4b36-8959-20d0d0e76b85,"Indore: Edible oil worth Rs 9.90L seized from Palda area, 11 samples taken from factory",freepressjournal.in,2021-07-23,https://www.freepressjournal.in/indore/indore-edible-oil-worth-rs-990l-seized-from-palda-area-11-samples-taken-from-factory,C:\Users\yuvra\OneDrive\Desktop\RAship\FoodComputing\news_crawler\data\runs\edible_oils_boolean_title_proximity_2026-06-22\mediacloud\cleaned_text\freepressjournal.in\bf9d832fca34c6a0.txt,title_only,title_oils_enforcement,True,adulterated_product,relevant,0.94,Pattern says edible oil is the adulterated/seized/failed product.,"Indore: Edible oil worth Rs 9.90L seized from Palda area, 11 samples taken from factory Indore: A team of food and drug administration department conducted a surprise i",edible oil; soybean oil; sunflower oil; coconut oil,seized; food safety; FSSAI; inspection,,,,,,396
7f42bee2-603e-4eab-b43d-05d061cb6319,"With pics - Arsh – FCS + FCS2 STRAP: Drive against ‘adulteration mafia’ in Indore: District FCS raids edible oil factory, petrol pump",freepressjournal.in,2021-09-25,https://www.freepressjournal.in/indore/with-pics-arsh-fcs-fcs2strapdrive-against-adulteration-mafia-in-indore-district-fcs-raids-edible-oil-factory-petrol-pump,C:\Users\yuvra\OneDrive\Desktop\RAship\FoodComputing\news_crawler\data\runs\edible_oils_boolean_title_proximity_2026-06-22\mediacloud\cleaned_text\freepressjournal.in\6a5bee6e00352f3d.txt,boolean,boolean_named_oils_fraud,True,adulterated_product,relevant,0.94,Pattern says edible oil is the adulterated/seized/failed product.,"With pics - Arsh – FCS + FCS2 STRAP: Drive against ‘adulteration mafia’ in Indore: District FCS raids edible oil factory, petrol pump Indore: A team of the District Food and Civil Supply led by additional collect",edible oil; soybean oil; groundnut oil; sunflower oil,adulteration; seized; raided,,,,,,311
6a0dbe30-870e-47c3-b9dc-f6dbcee889b8,"Indore: In ongoing war against adulteration, 3K lt edible oil seized from two units",freepressjournal.in,2021-09-26,https://www.freepressjournal.in/indore/indore-in-ongoing-war-against-adulteration-3k-lt-edible-oil-seizedfrom-two-units,C:\Users\yuvra\OneDrive\Desktop\RAship\FoodComputing\news_crawler\data\runs\edible_oils_boolean_title_proximity_2026-06-22\mediacloud\cleaned_text\freepressjournal.in\4ed718af89504dd1.txt,title_only,title_core_oils_fraud,True,adulterated_product,relevant,0.94,Pattern says edible oil is the adulterated/seized/failed product.,"Indore: In ongoing war against adulteration, 3K lt edible oil seized from two units Indore A joint team of Crime Branch and Food and Civil Supply department raided two",edible oil,adulterated; adulteration; seized; raided,,,,,,102
67649daf-178f-4ec3-ba3f-89907a6f071f,Madhya Pradesh: Burnt palm oil seized from namkeen factory,freepressjournal.in,2021-09-27,https://www.freepressjournal.in/ujjain/madhya-pradesh-burnt-palm-oil-seized-from-namkeen-factory,C:\Users\yuvra\OneDrive\Desktop\RAship\FoodComputing\news_crawler\data\runs\edible_oils_boolean_title_proximity_2026-06-22\mediacloud\cleaned_text\freepressjournal.in\262a21edee0eb850.txt,title_only,title_oils_enforcement,True,adulterated_product,relevant,0.94,Pattern says edible oil is the adulterated/seized/failed product.,Madhya Pradesh: Burnt palm oil seized from namkeen factory Ujjain (Madhya Pradesh): During an inspection Grave irregularity came to fore,palm oil,seized; inspection,,,,,,124
90ee2ae8-f0ec-4ba2-894c-238a7fcf01c0,About 2.42% edible oil samples non-compliant on safety standards,thehindubusinessline.com,2021-12-29,https://www.thehindubusinessline.com/news/about-242-edible-oil-samples-non-compliant-on-safety-standards/article38062922.ece,C:\Users\yuvra\OneDrive\Desktop\RAship\FoodComputing\news_crawler\data\runs\edible_oils_boolean_title_proximity_2026-06-22\mediacloud\cleaned_text\thehindubusinessline.com\4b1e0cf3761a5312.txt,boolean,boolean_oils_enforcement_evidence,True,adulterated_product,relevant,0.94,Pattern says edible oil is the adulterated/seized/failed product.,"About 2.42% edible oil samples non-compliant on safety standards The Food Safety and Standards Authority of India (FSSAI), which h",edible oil; mustard oil; soybean oil; palm oil; groundnut oil; sesame oil; sunflower oil; rice bran oil; cottonseed oil; coconut oil,adulteration; misbranding; substandard; food safety; FSSAI; samples collected,,,,,,366
618e66d1-ae63-4989-bf99-b720d350834f,Suspected adulterated oil,thehindu.com,2022-03-02,https://www.thehindu.com/news/cities/Tiruchirapalli/food-safety-officials-crack-the-whip-on-adulteration-of-edible-oil-in-tiruchi/article65183634.ece,C:\Users\yuvra\OneDrive\Desktop\RAship\FoodComputing\news_crawler\data\runs\edible_oils_boolean_title_proximity_2026-06-22\mediacloud\cleaned_text\thehindu.com\93f73e1dae4b16e6.txt,boolean,boolean_core_oils_fraud,True,adulterated_product,relevant,0.94,Pattern says edible oil is the adulterated/seized/failed product.,Suspected adulterated oil Officials of the Food Safety Department have lifted samples of suspected adulterated groundnut and,edible oil; palm oil; groundnut oil; rice bran oil,adulterated; adulteration; food safety; Food Safety Department; lab test; inspection,,,,,,305
75be9b9c-4a5b-4735-9a2b-656806054326,Vigilance officials conduct raids to check hoarding of edible oil,thehindu.com,2022-03-07,https://www.thehindu.com/news/cities/Visakhapatnam/vigilance-officials-conduct-raids-to-check-hoarding-of-edible-oil/article65202544.ece,C:\Users\yuvra\OneDrive\Desktop\RAship\FoodComputing\news_crawler\data\runs\edible_oils_boolean_title_proximity_2026-06-22\mediacloud\cleaned_text\thehindu.com\17d3e649a1474faf.txt,title_only,title_oils_enforcement,True,adulterated_product,relevant,0.94,Pattern says edible oil is the adulterated/seized/failed product.,"Vigilance officials conduct raids to check hoarding of edible oil Officials of the Vigilance and Enforcement Wing conducted raids on the hoarding of edible oil by unscrupulous traders at various places in the city and district, o",edible oil; cooking oil,seized,,,,,,130
a722afd6-4c74-4b8e-bd8a-509e1f613a3a,Edible oil worth Rs 6.3 cr seized in raids,newindianexpress.com,2022-03-19,https://www.newindianexpress.com/states/andhra-pradesh/2022/mar/19/edible-oil-worth-rs-63-cr-seized-in-raids-2431767.html,C:\Users\yuvra\OneDrive\Desktop\RAship\FoodComputing\news_crawler\data\runs\edible_oils_boolean_title_proximity_2026-06-22\mediacloud\cleaned_text\newindianexpress.com\d91be89405f3c97c.txt,title_only,title_oils_enforcement,True,adulterated_product,relevant,0.94,Pattern says edible oil is the adulterated/seized/failed product.,"Edible oil worth Rs 6.3 cr seized in raids NELLORE: Vigilance and Enforcement officials, in coordination with the Civil Supplies and Legal Met",edible oil,seized,,,,,,166
40987071-a40c-427d-a20c-9893f7cd2188,"Edible oil traders booked, stocks worth ₹29 crore seized in surprise raids in Andhra Pradesh    ",thehindu.com,2022-03-20,https://www.thehindu.com/news/national/andhra-pradesh/edible-oil-traders-booked-stocks-worth-29-crore-seized-in-surprise-raids-in-andhra-pradesh/article65243587.ece,C:\Users\yuvra\OneDrive\Desktop\RAship\FoodComputing\news_crawler\data\runs\edible_oils_boolean_title_proximity_2026-06-22\mediacloud\cleaned_text\thehindu.com\31e6302db0817ba1.txt,title_only,title_oils_enforcement,True,adulterated_product,relevant,0.94,Pattern says edible oil is the adulterated/seized/failed product.,"Edible oil traders booked, stocks worth ₹29 crore seized in surprise raids in Andhra Pradesh Officials of the Legal Metrology, Vigilance and Enforcement, Food Safety, and Civ",edible oil,seized; food safety,,,,,,284
b106ced1-195a-4b36-bf3f-744d011986a3,Vigilance raids edible oil hoarders across Andhra Pradesh | Vigilance raids edible oil hoarders across Andhra Pradesh,deccanchronicle.com,2022-03-21,https://www.deccanchronicle.com/nation/current-affairs/210322/ap-launches-raids-on-illegal-hoarding-of-oil.html,C:\Users\yuvra\OneDrive\Desktop\RAship\FoodComputing\news_crawler\data\runs\edible_oils_boolean_title_proximity_2026-06-22\mediacloud\cleaned_text\deccanchronicle.com\6bd7eeba946949f9.txt,boolean,boolean_core_oils_fraud,True,adulterated_product,relevant,0.94,Pattern says edible oil is the adulterated/seized/failed product.,Vigilance raids edible oil hoarders across Andhra Pradesh | Vigilance raids edible oil hoarders across Andhra Pradesh Government starts selling oils at fair prices in Rythu Ba,edible oil,adulteration; seized; food safety,,,,,,437
939e6994-46dd-42ab-8962-2c1d25e43028,Vigilance raids edible oil units in Andhra Pradesh | Vigilance raids edible oil units in Andhra Pradesh,deccanchronicle.com,2022-03-25,https://www.deccanchronicle.com/nation/in-other-news/250322/vigilance-raids-edible-oil-units-in-state.html,C:\Users\yuvra\OneDrive\Desktop\RAship\FoodComputing\news_crawler\data\runs\edible_oils_boolean_title_proximity_2026-06-22\mediacloud\cleaned_text\deccanchronicle.com\d55ec93f07c7e8c3.txt,title_only,title_oils_enforcement,True,adulterated_product,relevant,0.94,Pattern says edible oil is the adulterated/seized/failed product.,Vigilance raids edible oil units in Andhra Pradesh | Vigilance raids edible oil units in Andhra Pradesh Vigilance officials said they have been continuing checks since,edible oil,food safety,,,,,,167
13056c52-7d02-46fe-870c-0b24a04bbbfe,332 edible oil traders raided across Andhra Pradesh,newindianexpress.com,2022-03-26,https://www.newindianexpress.com/states/andhra-pradesh/2022/mar/27/332-edible-oil-traders-raided-across-andhra-pradesh-2434670.html,C:\Users\yuvra\OneDrive\Desktop\RAship\FoodComputing\news_crawler\data\runs\edible_oils_boolean_title_proximity_2026-06-22\mediacloud\cleaned_text\newindianexpress.com\cdf7bd68b5da68a4.txt,boolean,boolean_core_oils_fraud,True,adulterated_product,relevant,0.94,Pattern says edible oil is the adulterated/seized/failed product.,"332 edible oil traders raided across Andhra Pradesh VIJAYAWADA: Continuing the raids to curb irregularities such as illegal hoarding of edible oil and sales above MRP, sleuths of Vigil",edible oil,substandard; raided; FSSAI,,,,,,124
441c60e4-9836-45ed-af24-e239e5d84446,GST wing raids edible oil producing units in Odisha,newindianexpress.com,2022-05-19,https://www.newindianexpress.com/states/odisha/2022/may/19/gst-wing-raids-edible-oil-producing-units-in-odisha-2455369.html,C:\Users\yuvra\OneDrive\Desktop\RAship\FoodComputing\news_crawler\data\runs\edible_oils_boolean_title_proximity_2026-06-22\mediacloud\cleaned_text\newindianexpress.com\c8b46e1bbd28fc59.txt,title_only,title_oils_enforcement,True,adulterated_product,relevant,0.94,Pattern says edible oil is the adulterated/seized/failed product.,GST wing raids edible oil producing units in Odisha BHUBANESWAR: The State CT and GST enforcement wing conducted simultaneous,edible oil; rice bran oil,inspection,,,,,,170
84b63223-8176-4e31-939c-43a0a9b7340b,Centre Conducts Raids In Several States Over Hoarding Of Edible Oil,businessworld.in,2022-05-27,https://www.businessworld.in/article/Centre-Conducts-Raids-In-Several-States-Over-Hoarding-Of-Edible-Oil/27-05-2022-430461,C:\Users\yuvra\OneDrive\Desktop\RAship\FoodComputing\news_crawler\data\runs\edible_oils_boolean_title_proximity_2026-06-22\mediacloud\cleaned_text\businessworld.in\4a9a6bead89165c2.txt,title_only,title_oils_enforcement,True,adulterated_product,relevant,0.94,Pattern says edible oil is the adulterated/seized/failed product.,Centre Conducts Raids In Several States Over Hoarding Of Edible Oil Former Uttar Pradesh Chief Secretary and author Alok Ranjan argues that India’s development journey,edible oil,,,,,,,682
7ce8d3b1-77cb-40f5-8a9d-6c19fc0346b7,Khargone: Edible oil worth Rs 50 lakh seized,freepressjournal.in,2022-06-22,https://www.freepressjournal.in/indore/khargone-edible-oil-worth-rs-50-lakh-seized,C:\Users\yuvra\OneDrive\Desktop\RAship\FoodComputing\news_crawler\data\runs\edible_oils_boolean_title_proximity_2026-06-22\mediacloud\cleaned_text\freepressjournal.in\aa9d9c390c55fb02.txt,title_only,title_oils_enforcement,True,adulterated_product,relevant,0.94,Pattern says edible oil is the adulterated/seized/failed product.,"Khargone: Edible oil worth Rs 50 lakh seized Khargone (Madhya Pradesh): In a major crackdown on those involved in hoarding, a joint team of five",edible oil,seized; raid; food safety; Food Safety Officer; crackdown,,,,,,224
eb5f5dca-b04f-4f1b-ab84-68f6fa824fef,Ganj Basoda: Adulterated Oil surfaces in markets ahead of the festival season,freepressjournal.in,2022-07-29,https://www.freepressjournal.in/bhopal/ganj-basoda-adulterated-oil-surfaces-in-markets-ahead-of-the-festival-season,C:\Users\yuvra\OneDrive\Desktop\RAship\FoodComputing\news_crawler\data\runs\edible_oils_boolean_title_proximity_2026-06-22\mediacloud\cleaned_text\freepressjournal.in\f865a6ec8a70b9e8.txt,boolean,boolean_core_oils_fraud,True,adulterated_product,relevant,0.94,Pattern says edible oil is the adulterated/seized/failed product.,"radesh): As the festival season is round the corner, the use of low quality and adulterated edible oils has again taken over in the eateries situated in several rural areas of the Ganjbasoda district, su",edible oil; palm oil,adulterated; food safety; fine,,,,,,289
032f07ef-e8b8-4b72-b4f8-6d83bf212ec6,SEA cautions processors on spurious edible oil by mixing glycerine with fatty acids  ,thehindubusinessline.com,2022-08-05,https://www.thehindubusinessline.com/economy/agri-business/sea-cautions-processors-on-spurious-edible-oil-by-mixing-glycerine-with-fatty-acids/article65730930.ece,C:\Users\yuvra\OneDrive\Desktop\RAship\FoodComputing\news_crawler\data\runs\edible_oils_boolean_title_proximity_2026-06-22\mediacloud\cleaned_text\thehindubusinessline.com\5e8db5e738a00275.txt,boolean,boolean_core_oils_fraud,True,adulterated_product,relevant,0.94,Pattern says edible oil is the adulterated/seized/failed product.,"ctivity is spreading fast and is a cause of concern to all of us working in the edible oil sector. Further, such spurious oils in the market have the potential of driving honest manufacturers out of business as well as de",edible oil; refined oil; vegetable oil,spurious; food safety; FSSAI,,,,,,331
148551a6-3895-4031-87c6-4912f402da14,Delhi Govt Carries Out Drive Against Edible Oil Adulteration,businessworld.in,2022-08-13,https://www.businessworld.in/article/Delhi-Govt-Carries-Out-Drive-Against-Edible-Oil-Adulteration-/13-08-2022-442029,C:\Users\yuvra\OneDrive\Desktop\RAship\FoodComputing\news_crawler\data\runs\edible_oils_boolean_title_proximity_2026-06-22\mediacloud\cleaned_text\businessworld.in\4a9a6bead89165c2.txt,title_only,title_core_oils_fraud,True,adulterated_product,relevant,0.94,Pattern says edible oil is the adulterated/seized/failed product.,Delhi Govt Carries Out Drive Against Edible Oil Adulteration Former Uttar Pradesh Chief Secretary and author Alok Ranjan argues that India’s development journey,edible oil,adulteration,,,,,,682
54c10fb3-b626-436f-b359-7fbc2b8a4101,"With Onam around, adulterated coconut oil floods Kerala market",newindianexpress.com,2022-08-23,https://www.newindianexpress.com/cities/thiruvananthapuram/2022/aug/23/with-onam-around-adulterated-coconut-oil-floods-kerala-market-2490320.html,C:\Users\yuvra\OneDrive\Desktop\RAship\FoodComputing\news_crawler\data\runs\edible_oils_boolean_title_proximity_2026-06-22\mediacloud\cleaned_text\newindianexpress.com\3cb22258aff0add4.txt,title_only,title_named_oils_fraud,True,adulterated_product,relevant,0.94,Pattern says edible oil is the adulterated/seized/failed product.,"With Onam around, adulterated coconut oil floods Kerala market THIRUVANANTHAPURAM: With Onam around the corner, the flow of adulterated milk and coconut oil to Kerala has increased raising serious concern about the quality of the produ",coconut oil,adulterated; seized; food safety; Food Safety Department; banned,,,,,,262
389c850d-13fc-43b2-bb59-59dc548c23b9,"Video on Sabari coconut oil fake, says Supplyco",thehindu.com,2022-08-30,https://www.thehindu.com/news/cities/Kochi/video-on-sabari-coconut-oil-fake-says-supplyco/article65829695.ece,C:\Users\yuvra\OneDrive\Desktop\RAship\FoodComputing\news_crawler\data\runs\edible_oils_boolean_title_proximity_2026-06-22\mediacloud\cleaned_text\thehindu.com\7dac0edb096df066.txt,title_only,title_named_oils_fraud,True,adulterated_product,relevant,0.94,Pattern says edible oil is the adulterated/seized/failed product.,"Video on Sabari coconut oil fake, says Supplyco A preliminary inquiry by the Vigilance wing of the Kerala State Civil Supplies Corpo",coconut oil,fake,,,,,,262
953c9a3c-c950-4090-8104-5d39bec0c3c6,2500 litres of suspected adulterated cooking oil seized,thehindu.com,2022-10-12,https://www.thehindu.com/news/cities/Hyderabad/2500-litres-of-suspected-adulterated-cooking-oil-seized/article66001879.ece,C:\Users\yuvra\OneDrive\Desktop\RAship\FoodComputing\news_crawler\data\runs\edible_oils_boolean_title_proximity_2026-06-22\mediacloud\cleaned_text\thehindu.com\c337efbcc062f421.txt,boolean,boolean_core_oils_fraud,True,adulterated_product,relevant,0.94,Pattern says edible oil is the adulterated/seized/failed product.,2500 litres of suspected adulterated cooking oil seized A joint team of the Special Branch police and the Food Safety Department personnel on Wednesday sei,cooking oil; sunflower oil,adulterated; seized; raid; food safety; Food Safety Department; inspection,,,,,,130
3f0c8245-08ac-4268-b3f6-ca5f55685b31,"Keep tabs on adulteration in edible oils, cautions food safety authority   ",thehindubusinessline.com,2023-04-22,https://www.thehindubusinessline.com/economy/agri-business/keep-tabs-on-adulteration-in-edible-oils-cautions-food-safety-authority/article66766803.ece,C:\Users\yuvra\OneDrive\Desktop\RAship\FoodComputing\news_crawler\data\runs\edible_oils_boolean_title_proximity_2026-06-22\mediacloud\cleaned_text\thehindubusinessline.com\d6404b8b111c61c8.txt,boolean,boolean_core_oils_fraud,True,adulterated_product,relevant,0.94,Pattern says edible oil is the adulterated/seized/failed product.,"icer of FSSAI (Food and Safety Standards Authority of India), has cautioned the edible oils industry against counterfeit products. “India witnesses a lot of adulteration in food products, this needs to be stopped,” he said. Addressing the seventh International Conferen",edible oil; rice bran oil,adulteration; food safety; FSSAI,,,,,,408
4bbe9464-e03b-44bb-a567-45f2b224d53c,Income Tax Dept Raids Edible Oil Business Group In Bengal Assam,businessworld.in,2023-05-17,https://www.businessworld.in/article/Income-Tax-Dept-Raids-Edible-Oil-Business-Group-In-Bengal-Assam/17-05-2023-476941,C:\Users\yuvra\OneDrive\Desktop\RAship\FoodComputing\news_crawler\data\runs\edible_oils_boolean_title_proximity_2026-06-22\mediacloud\cleaned_text\businessworld.in\4a9a6bead89165c2.txt,title_only,title_oils_enforcement,True,adulterated_product,relevant,0.94,Pattern says edible oil is the adulterated/seized/failed product.,Income Tax Dept Raids Edible Oil Business Group In Bengal Assam Former Uttar Pradesh Chief Secretary and author Alok Ranjan argues t,edible oil,,,,,,,682
f794a78d-1d8c-484c-8807-ec8c5620422d,"4,500 litres of edible oil manufactured under unhygienic conditions seized at two private units in Tiruchi",thehindu.com,2023-05-28,https://www.thehindu.com/news/cities/Tiruchirapalli/4500-litres-of-edible-oil-manufactured-under-unhygienic-conditions-seized-at-two-private-units-in-tiruchi/article66904645.ece,C:\Users\yuvra\OneDrive\Desktop\RAship\FoodComputing\news_crawler\data\runs\edible_oils_boolean_title_proximity_2026-06-22\mediacloud\cleaned_text\thehindu.com\1cc4199320dc5b9c.txt,title_only,title_oils_enforcement,True,adulterated_product,relevant,0.94,Pattern says edible oil is the adulterated/seized/failed product.,"4,500 litres of edible oil manufactured under unhygienic conditions seized at two private units in Tiruchi A team from the Food Safety and Drug Administration Department here",edible oil,seized; food safety; Food Safety Department,,,,,,201
789f8d9f-4270-43a0-8be2-932322622edd,"Mumbai News: Adulterated Sweets, Edible Oil Worth ₹1.64 Lakh Seized By FDA",freepressjournal.in,2023-11-06,https://www.freepressjournal.in/mumbai/mumbai-news-adulterated-sweets-edible-oil-worth-164-lakh-seized-by-fda,C:\Users\yuvra\OneDrive\Desktop\RAship\FoodComputing\news_crawler\data\runs\edible_oils_boolean_title_proximity_2026-06-22\mediacloud\cleaned_text\freepressjournal.in\0ed78004998e5917.txt,boolean,boolean_core_oils_fraud,True,adulterated_product,relevant,0.94,Pattern says edible oil is the adulterated/seized/failed product.,"Mumbai News: Adulterated Sweets, Edible Oil Worth ₹1.64 Lakh Seized By FDA Mumbai: Ahead of Diwali, the Food And Drug Administration (FDA) has raided three establishme",edible oil; cooking oil; sunflower oil,adulterated; spurious; substandard; seized; raid; raided; FDA; inspection,,,,,,327
0e5979cd-74ec-40ac-ac76-9a920e2af0f2,MP: 200 Litres Adulterated Mustard Oil Found In Jabalpur Oil Factory During Surprise Inspection,freepressjournal.in,2024-02-19,https://www.freepressjournal.in/bhopal/mp-200-litres-adulterated-mustard-oil-found-in-jabalpur-oil-factory-during-surprise-inspection,C:\Users\yuvra\OneDrive\Desktop\RAship\FoodComputing\news_crawler\data\runs\edible_oils_boolean_title_proximity_2026-06-22\mediacloud\cleaned_text\freepressjournal.in\ea164beed83a7310.txt,title_only,title_named_oils_fraud,True,adulterated_product,relevant,0.94,Pattern says edible oil is the adulterated/seized/failed product.,n and unsanitary conditions within the premises. A barrel containing 200 litres mustard oil failed to meet the quality standards. The team of food department conducted a surprise inspection at the m,mustard oil,adulterated; adulteration; contamination; raid; food safety; Food Safety Officer; inspection,,,,,,208
37491733-e5be-4d03-8275-101c68bde41b,McDonald's Under Scrutiny After Maha FDA Finds It Replacing Cheese With Vegetable Oil In Products; Fast Food Chain Issues Clarification,freepressjournal.in,2024-02-23,https://www.freepressjournal.in/mumbai/mcdonalds-under-scrutiny-after-maharashtra-fda-finds-fast-food-chain-replacing-cheese-with-vegetable-oil-in-products,C:\Users\yuvra\OneDrive\Desktop\RAship\FoodComputing\news_crawler\data\runs\edible_oils_boolean_title_proximity_2026-06-22\mediacloud\cleaned_text\freepressjournal.in\417a5f21816dc67e.txt,title_only,title_oils_enforcement,True,adulterated_product,relevant,0.94,Pattern says edible oil is the adulterated/seized/failed product.,"xture of traditional dairy cheese, often replace dairy fat with more economical vegetable oil. Allegedly, McDonald's failed to divulge the use of cheese analogues on food labels or electronic display boards, potentially jeo",vegetable oil,FDA; inspection,,,,,,393
5e9030d8-b591-4d3d-8006-9a26e2f1a75e,Coconut Development Board urged to prevent adulteration in coconut oil,thehindubusinessline.com,2024-05-22,https://www.thehindubusinessline.com/economy/agri-business/coconut-development-board-urged-to-prevent-adulteration-in-coconut-oil/article68203044.ece,C:\Users\yuvra\OneDrive\Desktop\RAship\FoodComputing\news_crawler\data\runs\edible_oils_boolean_title_proximity_2026-06-22\mediacloud\cleaned_text\thehindubusinessline.com\b344e12f0912980e.txt,boolean,boolean_oils_enforcement_evidence,True,adulterated_product,relevant,0.94,Pattern says edible oil is the adulterated/seized/failed product.,") in his inaugural address emphasized the need for keeping quality standards in coconut oil production and requested the support of the Board in preventing adulteration of coconut oil. B. Hanumanthe Gowda, Chief Coconut Development Officer spoke on the need for concen",coconut oil,adulteration; food safety; FSSAI,,,,,,187
dd4a8e6e-745c-4ecd-bb1d-a0cf3e56d867,"From the pages of The Hindu, July 4, 1974: Edible oil adulterated with used motor oil",thehindu.com,2024-07-04,https://www.thehindu.com/archives/from-the-pages-of-the-hindu-july-4-1974-edible-oil-adulterated-with-used-motor-oil/article68364441.ece,C:\Users\yuvra\OneDrive\Desktop\RAship\FoodComputing\news_crawler\data\runs\edible_oils_boolean_title_proximity_2026-06-22\mediacloud\cleaned_text\thehindu.com\9e1772718cc59a76.txt,title_only,title_core_oils_fraud,True,adulterated_product,relevant,0.94,Pattern says edible oil is the adulterated/seized/failed product.,"From the pages of The Hindu, July 4, 1974: Edible oil adulterated with used motor oil New Delhi, July 3: An all-India sample survey conducted by Consumer Council of India has revealed that used motor oil is being utilised fo",edible oil,adulterated; adulteration,,,,,,263
0631b2ce-2e95-42c7-90b3-d6472ae1e958,"Assam: Guwahati Police Seized Palm Oil-Laden Truck, 3 Thieves Arrested",sentinelassam.com,2024-09-02,https://www.sentinelassam.com/cities/guwahati-city/assam-guwahati-police-seized-palm-oil-laden-truck-3-thieves-arrested,C:\Users\yuvra\OneDrive\Desktop\RAship\FoodComputing\news_crawler\data\runs\edible_oils_boolean_title_proximity_2026-06-22\mediacloud\cleaned_text\sentinelassam.com\650863e460c7191e.txt,title_only,title_oils_enforcement,True,adulterated_product,relevant,0.94,Pattern says edible oil is the adulterated/seized/failed product.,"Assam: Guwahati Police Seized Palm Oil-Laden Truck, 3 Thieves Arrested STAFF REPORTER GUWAHATI: A West Guwahati Police District (WGPD) tea",palm oil,seized,,,,,,95
b2d0c9d0-bc83-412b-9d63-e5540d2ce30a,Vigilance raids continue on hoarders of edible oils,thehansindia.com,2024-09-19,https://www.thehansindia.com/andhra-pradesh/vigilance-raids-continue-on-hoarders-of-edible-oils-908026,C:\Users\yuvra\OneDrive\Desktop\RAship\FoodComputing\news_crawler\data\runs\edible_oils_boolean_title_proximity_2026-06-22\mediacloud\cleaned_text\thehansindia.com\8953845f20264132.txt,proximity,proximity_edible_oil_seized,True,adulterated_product,relevant,0.94,Pattern says edible oil is the adulterated/seized/failed product.,Vigilance raids continue on hoarders of edible oils Vijayawada : Vigilance and enforcement officials carried out raids on traders and wholesale shops across the state for unauthorised hoarding of stocks and seized edib,edible oil,seized; food safety; penalty,,,,,,204
3f8dc74b-d985-40ab-8bc6-8a1c01a94c67,"Inspection Conducted at Burger King Outlet in Malakpet,",deccanchronicle.com,2024-10-01,https://www.deccanchronicle.com/southern-states/telangana/hyderabad-food-safety-dept-seizes-unsafe-cooking-oil-from-burger-king-outlet-1827348,C:\Users\yuvra\OneDrive\Desktop\RAship\FoodComputing\news_crawler\data\runs\edible_oils_boolean_title_proximity_2026-06-22\mediacloud\cleaned_text\deccanchronicle.com\8406b863af5ca692.txt,boolean,boolean_core_oils_fraud,True,adulterated_product,relevant,0.94,Pattern says edible oil is the adulterated/seized/failed product.,"han 25% of TPC is not safe for human consumption. For this reason, 15 litres of cooking oil was seized by the Commissioner of Food Safety. For this reason, 15 litres of cooking oil was seized by the Com",cooking oil; palm oil,unsafe; seized; food safety; FSSAI; inspection,,,,,,153
31813e5a-3cef-4799-b5ee-46b3b9199647,"FSSAI seizes 1,780 litres of reheated cooking oil, 306 kg of sweets for excessive use of colourants in Coimbatore",thehindu.com,2024-10-29,https://www.thehindu.com/news/cities/Coimbatore/fssai-seizes-1780-litres-of-reheated-cooking-oil-306-kg-of-sweets-for-excessive-use-of-colourants-in-coimbatore/article68810578.ece,C:\Users\yuvra\OneDrive\Desktop\RAship\FoodComputing\news_crawler\data\runs\edible_oils_boolean_title_proximity_2026-06-22\mediacloud\cleaned_text\thehindu.com\9915f220bf2562e9.txt,title_only,title_oils_enforcement,True,adulterated_product,relevant,0.94,Pattern says edible oil is the adulterated/seized/failed product.,"FSSAI seizes 1,780 litres of reheated cooking oil, 306 kg of sweets for excessive use of colourants in Coimbatore The Food Safety and Standards Autho",cooking oil,seized; food safety; FSSAI; Food Safety Officer; penalty; fine; banned,,,,,,254
2bf750c7-3576-40ee-aedf-ba7702ee19ce,"Amid Widespread Adulteration in Mustard Oil, Anjali Gold Passes Government Lab Test with Highest Purity Score",thehansindia.com,2025-04-29,https://www.thehansindia.com/news/business/amid-widespread-adulteration-in-mustard-oilanjali-gold-passes-government-lab-test-with-highest-purity-score-966687,C:\Users\yuvra\OneDrive\Desktop\RAship\FoodComputing\news_crawler\data\runs\edible_oils_boolean_title_proximity_2026-06-22\mediacloud\cleaned_text\thehansindia.com\e47ce567b09828c1.txt,title_only,title_named_oils_fraud,True,adulterated_product,relevant,0.94,Pattern says edible oil is the adulterated/seized/failed product.,"cientific Development and Research (IJSDR), and is publicly accessible. India’s mustard oil market has long been plagued by blending and adulteration, with many manufacturers diluting mustard oil with cheaper alternatives like palm or rice bran oil.",mustard oil; rice bran oil,adulteration; food safety; FSSAI; lab test,,,,,,338
ec317650-d498-4c0c-bc16-8c17c2a528a5,Food safety raids to check entry of spurious coconut oil into market  ,thehindu.com,2025-07-18,https://www.thehindu.com/news/national/kerala/food-safety-raids-to-check-entry-of-spurious-coconut-oil-into-market/article69828078.ece,C:\Users\yuvra\OneDrive\Desktop\RAship\FoodComputing\news_crawler\data\runs\edible_oils_boolean_title_proximity_2026-06-22\mediacloud\cleaned_text\thehindu.com\23de9561c46990b8.txt,boolean,boolean_named_oils_fraud,True,adulterated_product,relevant,0.94,Pattern says edible oil is the adulterated/seized/failed product.,"ials raided 980 coconut oil manufacturing units as well as wholesale and retail coconut oil trading centres to check if adulterated coconut oil is being pumped into the market, with an eye on the rising prices and the increasing de",coconut oil,adulterated; spurious; raided; food safety; Food Safety Department; fine,,,,,,311
d829613e-dd41-4d06-8166-c18756ea438e,"365 litres of palm oil stocked in unhygienic, used cans seized from snacks-making unit in Aruppukottai",thehindu.com,2025-08-06,https://www.thehindu.com/news/cities/Madurai/365-litres-of-palm-oil-stocked-in-unhygienic-used-cans-seized-from-snacks-making-unit-in-aruppukottai/article69901967.ece,C:\Users\yuvra\OneDrive\Desktop\RAship\FoodComputing\news_crawler\data\runs\edible_oils_boolean_title_proximity_2026-06-22\mediacloud\cleaned_text\thehindu.com\a7f3696edceb1e77.txt,title_only,title_oils_enforcement,True,adulterated_product,relevant,0.94,Pattern says edible oil is the adulterated/seized/failed product.,"365 litres of palm oil stocked in unhygienic, used cans seized from snacks-making unit in Aruppukottai A team of officers from the Department of Food Safety seize",edible oil; palm oil,seized; food safety; FSSAI,,,,,,259
e8e1e87b-0c81-4277-b24f-3819121c80a9,"Food Safety wing seizes 16,565 litres of spurious coconut oil in raids  ",thehindu.com,2025-08-12,https://www.thehindu.com/news/national/kerala/food-safety-wing-seizes-16565-litres-of-spurious-coconut-oil-in-raids/article69925354.ece,C:\Users\yuvra\OneDrive\Desktop\RAship\FoodComputing\news_crawler\data\runs\edible_oils_boolean_title_proximity_2026-06-22\mediacloud\cleaned_text\thehindu.com\e8ee50e454fdd877.txt,boolean,boolean_named_oils_fraud,True,adulterated_product,relevant,0.94,Pattern says edible oil is the adulterated/seized/failed product.,"Food Safety wing seizes 16,565 litres of spurious coconut oil in raids In surprise raids conducted at coconut oil manufacturing and trading centres in seven districts in Kerala as part of",coconut oil,spurious; substandard; seized; food safety,,,,,,80
f8ead5ae-9e57-4015-8f3d-4f3f3605a340,"NHRC Acts On Complaint, Seeks Report From FSSAI On Rampant Reuse of Cooking Oil",swarajyamag.com,2025-10-25,https://swarajyamag.com/news-brief/nhrc-acts-on-complaint-seeks-report-from-fssai-on-rampant-reuse-of-cooking-oil,C:\Users\yuvra\OneDrive\Desktop\RAship\FoodComputing\news_crawler\data\runs\edible_oils_boolean_title_proximity_2026-06-22\mediacloud\cleaned_text\swarajyamag.com\3cc50e39d2bd75bf.txt,boolean,boolean_core_oils_fraud,True,adulterated_product,relevant,0.94,Pattern says edible oil is the adulterated/seized/failed product.,"ik Vikas Evam Jan Kalyan Sanstha, which alleged that the FSSAI’s Repurpose Used Cooking Oil (RUCO) campaign had failed to stop the unsafe reuse of degraded oil, especially in smaller and unregulated food outlets. ""We found the allegation",cooking oil; vegetable oil,contamination; unsafe; food safety; FSSAI,,,,,,815
9b9079aa-ea7e-4c86-b805-a8301749d73f,"'Detergent, Urea, Refined Oil': Alleged Milk Adulteration Racket Busted In Mumbai's Andheri; Viral Video Reveals Shocking Details",freepressjournal.in,2025-12-27,https://www.freepressjournal.in/mumbai/detergent-urea-refined-oil-alleged-milk-adulteration-racket-busted-in-mumbais-andheri-viral-video-reveals-shocking-details,C:\Users\yuvra\OneDrive\Desktop\RAship\FoodComputing\news_crawler\data\runs\edible_oils_boolean_title_proximity_2026-06-22\mediacloud\cleaned_text\freepressjournal.in\501b0b893bbb5298.txt,boolean,boolean_core_oils_fraud,True,adulterated_product,relevant,0.94,Pattern says edible oil is the adulterated/seized/failed product.,"'Detergent, Urea, Refined Oil': Alleged Milk Adulteration Racket Busted In Mumbai's Andheri; Viral Video Reveals Shocking Details Mumbai: Mumbai has witnesse",refined oil,adulterated; adulteration; food safety,,,,,,478
c04ecb5a-c0c1-47b7-9cb1-813aa7e3604e,Sale of adulterated coconut oil: farmers elated over SHRC’s intervention,thehindu.com,2026-02-19,https://www.thehindu.com/news/national/kerala/sale-of-adulterated-coconut-oil-farmers-elated-over-shrcs-intervention/article70651539.ece,C:\Users\yuvra\OneDrive\Desktop\RAship\FoodComputing\news_crawler\data\runs\edible_oils_boolean_title_proximity_2026-06-22\mediacloud\cleaned_text\thehindu.com\4757ff80a039e950.txt,boolean,boolean_core_oils_fraud,True,adulterated_product,relevant,0.94,Pattern says edible oil is the adulterated/seized/failed product.,"e even hoteliers who increased the price of food items citing the high price of coconut oil, hiding the fact that they were using adulterated oil. Published - February 19, 2026 07:00 pm IST https://www.thehindu.com/news/national/kerala/sale-",edible oil; coconut oil,adulterated; substandard; seized; food safety; Food Safety Department,,,,,,428
29c9a3e7-2b10-4da8-baa8-27535ead0a56,"Illegal samosa making unit busted in Hyderabad’s Jiyaguda; stale eggs, used cooking oil seized",thehindu.com,2026-03-21,https://www.thehindu.com/news/cities/Hyderabad/illegal-samosa-making-unit-busted-in-hyderabads-jiyaguda-stale-eggs-used-cooking-oil-seized/article70768563.ece,C:\Users\yuvra\OneDrive\Desktop\RAship\FoodComputing\news_crawler\data\runs\edible_oils_boolean_title_proximity_2026-06-22\mediacloud\cleaned_text\thehindu.com\99c5f9e759153988.txt,title_only,title_oils_enforcement,True,adulterated_product,relevant,0.94,Pattern says edible oil is the adulterated/seized/failed product.,"Illegal samosa making unit busted in Hyderabad’s Jiyaguda; stale eggs, used cooking oil seized A 73-year-old man was held after the Hyderabad police Task Force uncovered an illegal samosa manufa",cooking oil,adulteration; seized; raid; FSSAI,,,,,,101
bc55fdb4-8785-41b9-8131-c4acc5689317,"1,000 kg onions destroyed, 480 kg cooking oil seized in Kukatpally",thehindu.com,2026-04-23,https://www.thehindu.com/news/cities/Hyderabad/1000-kg-onions-destroyed-480-kg-cooking-oil-seized-in-kukatpally/article70894399.ece,C:\Users\yuvra\OneDrive\Desktop\RAship\FoodComputing\news_crawler\data\runs\edible_oils_boolean_title_proximity_2026-06-22\mediacloud\cleaned_text\thehindu.com\0be271946690ec0f.txt,title_only,title_oils_enforcement,True,adulterated_product,relevant,0.94,Pattern says edible oil is the adulterated/seized/failed product.,"1,000 kg onions destroyed, 480 kg cooking oil seized in Kukatpally Telangana Food Safety authorities destroyed 1,000 kg of raw onions and seized 480 kg",cooking oil,seized; raid; food safety,,,,,,146
71f1613e-3c18-41a6-96b2-6e8e4479ac8d,Food safety inspection flags unsafe cooking oil at KFC outlet in Kondapur,thehindu.com,2026-05-04,https://www.thehindu.com/news/cities/Hyderabad/food-safety-inspection-flags-unsafe-cooking-oil-at-kfc-outlet-in-kondapur/article70940073.ece,C:\Users\yuvra\OneDrive\Desktop\RAship\FoodComputing\news_crawler\data\runs\edible_oils_boolean_title_proximity_2026-06-22\mediacloud\cleaned_text\thehindu.com\ab62ee6b4a14cd4a.txt,title_only,title_core_oils_fraud,True,adulterated_product,relevant,0.94,Pattern says edible oil is the adulterated/seized/failed product.,Food safety inspection flags unsafe cooking oil at KFC outlet in Kondapur A random food safety inspection conducted at a KFC outlet in Rajarajeshwa,cooking oil,unsafe; food safety; Food Safety Officer; inspection,,,,,,137
54992c10-095c-446e-9a8a-28ee5344fb8a,Madhya Pradesh: Oil factory owner in Indore arrested for packing palm oil in branded soyabean oil packets,freepressjournal.in,2021-01-09,https://www.freepressjournal.in/indore/madhya-pradesh-oil-factory-owner-in-indore-arrested-for-packing-palm-oil-in-branded-soyabean-oil-packets,C:\Users\yuvra\OneDrive\Desktop\RAship\FoodComputing\news_crawler\data\runs\edible_oils_boolean_title_proximity_2026-06-22\mediacloud\cleaned_text\freepressjournal.in\cfd4f1d3f711a2ad.txt,title_only,title_oils_enforcement,True,adulterated_product,relevant,0.94,Pattern says edible oil is the adulterated/seized/failed product.,d for packing palm oil in the packets of different brands of soyabean and other vegetable oils in Palda area late on Friday. The joint team of food department and administration raided the factory and the sample of the oil was taken from there. Bhanwarkuan police station incharge San,palm oil,raid; raided,,,,,,163
013fa586-ec8e-4c0d-9ef9-0b55851867f2,Coconut farmers seek ban on palm oil import,newindianexpress.com,2024-04-11,https://www.newindianexpress.com/states/tamil-nadu/2024/Apr/11/coconut-farmers-seek-ban-on-palm-oil-import,C:\Users\yuvra\OneDrive\Desktop\RAship\FoodComputing\news_crawler\data\runs\edible_oils_boolean_title_proximity_2026-06-22\mediacloud\cleaned_text\newindianexpress.com\2de01f86ccfe7a48.txt,title_only,title_oils_enforcement,True,adulterated_product,relevant,0.94,Pattern says edible oil is the adulterated/seized/failed product.,"ers, the protesters said the promise remains unfulfilled. “The state government failed and several thousand tonnes of refined palm oil are imported every year from Malaysia. These are widely distributed across all PDS shops in Tamil N",palm oil; coconut oil,,,,,,,213
8cc3093c-4b4e-4632-a55b-3a0dabe45191,"Edible oil racket busted, 1 arrested in joint drive",thehansindia.com,2025-03-12,https://www.thehansindia.com/telangana/edible-oil-racket-busted-1-arrested-in-joint-drive-953178,C:\Users\yuvra\OneDrive\Desktop\RAship\FoodComputing\news_crawler\data\runs\edible_oils_boolean_title_proximity_2026-06-22\mediacloud\cleaned_text\thehansindia.com\f2006359515fd97b.txt,title_only,title_oils_enforcement,True,adulterated_product,relevant,0.94,Pattern says edible oil is the adulterated/seized/failed product.,"mmissioner’s Task Force, South-East Team, along with the Food Safety Officials, raided a shop in Mahaboob Mansion, Malakpet, and apprehended a person for repacking and selling edible oils with expired labels and using whitener on labels to suppress the expiry date and batch numbers with",edible oil,seized; raided; food safety,,,,,,184
300d7bec-2797-4889-8e0b-de4a1b87f005,"10,000 Kg Rotten Dates And Adulterated Oil Seized: What Kanpur’s Festival Crackdown Reveals",thelogicalindian.com,2026-02-26,https://thelogicalindian.com/10000-kg-rotten-dates-and-adulterated-oil-seized-what-kanpurs-festival-crackdown-reveals/,C:\Users\yuvra\OneDrive\Desktop\RAship\FoodComputing\news_crawler\data\runs\edible_oils_boolean_title_proximity_2026-06-22\mediacloud\cleaned_text\redirect.whalebone.io\962e419013303811.txt,boolean,boolean_core_oils_fraud,True,adulterated_product,relevant,0.94,Pattern says edible oil is the adulterated/seized/failed product.,"10,000 Kg Rotten Dates And Adulterated Oil Seized: What Kanpur’s Festival Crackdown Reveals Attention! You have tried to access a site at http",,adulterated; seized; crackdown,,,,,,48
0505dcdb-6ba9-43c9-9fb9-4312a38386f9,"Adulterated cooking oil, wheat flour worth Rs 21 lakh seized in Hyderabad",siasat.com,2026-03-10,https://www.siasat.com/adulterated-cooking-oil-wheat-flour-worth-rs-21-lakh-seized-in-hyderabad-3432488/,C:\Users\yuvra\OneDrive\Desktop\RAship\FoodComputing\news_crawler\data\runs\edible_oils_boolean_title_proximity_2026-06-22\mediacloud\cleaned_text\siasat.com\31ef11a558393296.txt,boolean,boolean_core_oils_fraud,True,adulterated_product,relevant,0.94,Pattern says edible oil is the adulterated/seized/failed product.,"Adulterated cooking oil, wheat flour worth Rs 21 lakh seized in Hyderabad Hyderabad: The Madhapur Special Operations Team conducted raids at two locations in Hy",cooking oil; soybean oil,adulterated; adulteration; seized; raid,,,,,,215
2fd8c633-20b6-4ee1-a82a-d2dcb4b1b23e,"Over 5,000 litres of adulterated cooking oil seized in Gachibowli; expired wheat flour repackaged for sale",thehindu.com,2026-03-10,https://www.thehindu.com/news/cities/Hyderabad/over-5000-litres-of-adulterated-cooking-oil-seized-in-gachibowli-expired-wheat-flour-repackaged-for-sale/article70724996.ece,C:\Users\yuvra\OneDrive\Desktop\RAship\FoodComputing\news_crawler\data\runs\edible_oils_boolean_title_proximity_2026-06-22\mediacloud\cleaned_text\thehindu.com\97336471f584425c.txt,boolean,boolean_core_oils_fraud,True,adulterated_product,relevant,0.94,Pattern says edible oil is the adulterated/seized/failed product.,"Over 5,000 litres of adulterated cooking oil seized in Gachibowli; expired wheat flour repackaged for sale Thousands of litres of adulterated cooking oil and wheat flour were seized during raids carried out by the Madhapur Special Operations",cooking oil; soybean oil,adulterated; adulteration; seized; food safety,,,,,,228
