article_id,title,source,date,url,file_path,query_family,query_id,rule_candidate,oil_role,final_label,confidence,reason,evidence_phrase,edible_oil_terms,adulteration_action_terms,negative_terms,llm_label,llm_confidence,llm_reason,llm_model,word_count
86bac12e-b8a4-4295-bbda-5e5606b6982b,FDA seizes edible oil worth over Rs 9L | Nashik News - Times of India,indiatimes.com,2021-03-10,https://timesofindia.indiatimes.com/city/nashik/fda-seizes-edible-oil-worth-over-rs-9l/articleshow/81418956.cms,C:\Users\yuvra\OneDrive\Desktop\RAship\FoodComputing\news_crawler\data\runs\edible_oils_boolean_title_proximity_2026-06-22\mediacloud\cleaned_text\timesofindia.indiatimes.com\f3d9ae480d3f5c80.txt,title_only,title_oils_enforcement,True,adulterated_product,relevant,0.94,Pattern says edible oil is the adulterated/seized/failed product.,"ner was violating the government rules of manufacturing oil and not storing the edible oil in hygienic conditions. The raid was conducted by food officers S S Deore, A U Raskar under the guidance of Salunkhe and assistant c",edible oil; soybean oil,seized; raid; raided; food safety; FDA,,,,,,232
38237e4f-6b76-4d23-a854-743bda65fd24,Patanjali's mustard oil unit in Alwar raided by Rajasthan govt: Report,opindia.com,2021-05-27,https://www.opindia.com/2021/05/patanjali-mustard-oil-mill-alwar-raided-rajasthan-gehlot/,C:\Users\yuvra\OneDrive\Desktop\RAship\FoodComputing\news_crawler\data\runs\edible_oils_boolean_title_proximity_2026-06-22\mediacloud\cleaned_text\opindia.com\6f0a66da1f38270c.txt,title_only,title_oils_enforcement,True,adulterated_product,relevant,0.94,Pattern says edible oil is the adulterated/seized/failed product.,Patanjali's mustard oil unit in Alwar raided by Rajasthan govt: Report As the duel between IMA and founder of Patanjali Ramdev Baba intensifies,mustard oil,raid; raided,,,,,,343
068350a9-1c36-48c8-8fcd-7e5e55a45d21,FSSAI asks states to enforce decision to ban blending of mustard oil with other cooking oil,indiatimes.com,2021-06-09,https://economictimes.indiatimes.com/news/india/fssai-asks-states-to-enforce-decision-to-ban-blending-of-mustard-oil-with-other-cooking-oil/articleshow/83373116.cms,C:\Users\yuvra\OneDrive\Desktop\RAship\FoodComputing\news_crawler\data\runs\edible_oils_boolean_title_proximity_2026-06-22\mediacloud\cleaned_text\economictimes.indiatimes.com\285defbf6d07d836.txt,title_only,title_oils_enforcement,True,adulterated_product,manual_review,0.74,Edible-oil term appears close to adulteration/enforcement language.,"Authority to carry out an inspection drive. As per the FSSAI regulations, blending of two edible oils is permitted, provided the proportion by weight of any edible vegetable oil used in the",edible oil; cooking oil; mustard oil; vegetable oil,food safety; FSSAI; inspection,,,,,,107
5bd477ba-ebfb-400d-86db-068f50cb697d,FSSAI urges states to enforce ban on blending of mustard oil with other cooking oils - BusinessToday,businesstoday.in,2021-06-09,https://www.businesstoday.in/current/economy-politics/fssai-urges-states-to-enforce-ban-on-blending-of-mustard-oil-with-other-cooking-oils/story/441253.html,C:\Users\yuvra\OneDrive\Desktop\RAship\FoodComputing\news_crawler\data\runs\edible_oils_boolean_title_proximity_2026-06-22\mediacloud\cleaned_text\businesstoday.in\a3fdf3046e30ac7c.txt,title_only,title_oils_enforcement,True,adulterated_product,manual_review,0.74,Edible-oil term appears close to adulteration/enforcement language.,"Authority to carry out an inspection drive. As per the FSSAI regulations, blending of two edible oils is permitted, provided the proportion by weight of any edible vegetable oil used in the",edible oil; cooking oil; mustard oil; vegetable oil,food safety; FSSAI; inspection,,,,,,215
102029c5-36e5-40b8-b1e0-1dad0e00be43,FSSAI asks states to enforce decision to ban blending of mustard oil with other cooking oil,livemint.com,2021-06-09,https://www.livemint.com/news/india/fssai-asks-states-to-enforce-decision-to-ban-blending-of-mustard-oil-with-other-cooking-oil-11623253163555.html,C:\Users\yuvra\OneDrive\Desktop\RAship\FoodComputing\news_crawler\data\runs\edible_oils_boolean_title_proximity_2026-06-22\mediacloud\cleaned_text\livemint.com\4186a8aef41f3576.txt,title_only,title_oils_enforcement,True,adulterated_product,manual_review,0.74,Edible-oil term appears close to adulteration/enforcement language.,"Authority to carry out an inspection drive. As per the FSSAI regulations, blending of two edible oils is permitted, provided the proportion by weight of any edible vegetable oil used in the",edible oil; cooking oil; mustard oil; vegetable oil,food safety; FSSAI; inspection,,,,,,260
0fd9131c-7e9d-40c2-86f0-cd90978f26de,Patanjali mustard oil found to be of substandard food quality: Rajasthan govt,indiatoday.in,2021-06-10,https://www.indiatoday.in/india/rajasthan/story/patanjali-mustard-oil-substandard-quality-rajasthan-govt-1812995-2021-06-10?utm_source=rss,C:\Users\yuvra\OneDrive\Desktop\RAship\FoodComputing\news_crawler\data\runs\edible_oils_boolean_title_proximity_2026-06-22\mediacloud\cleaned_text\indiatoday.in\5709e1583d3126c3.txt,boolean,boolean_named_oils_fraud,True,adulterated_product,relevant,0.94,Pattern says edible oil is the adulterated/seized/failed product.,Patanjali mustard oil found to be of substandard food quality: Rajasthan govt Patanjali mustard oil found to be of substandard food quality: Rajasth,mustard oil,substandard; raided; samples failed; food safety,,,,,,259
0d9a2856-24c4-4691-9b90-a08bca13e55c,"Nagpur: Adulterated edible oil racket busted, 3 booked | Nagpur News - Times of India",indiatimes.com,2021-06-17,https://timesofindia.indiatimes.com/city/nagpur/adulterated-edible-oil-racket-busted-3-booked/articleshow/83588940.cms,C:\Users\yuvra\OneDrive\Desktop\RAship\FoodComputing\news_crawler\data\runs\edible_oils_boolean_title_proximity_2026-06-22\mediacloud\cleaned_text\timesofindia.indiatimes.com\f2305a15b93c4b16.txt,boolean,boolean_core_oils_fraud,True,adulterated_product,relevant,0.94,Pattern says edible oil is the adulterated/seized/failed product.,"reputed brands. During the raid, police found around 28 15-litre tins of impure edible oil, fake stickers and other material. The police have booked three â Prem Gagwani (58, a resident of Badkas",edible oil,adulterated; fake; seized; raid,,,,,,186
bce54b87-7d6e-45a4-9273-40ad87a634c8,Cooking Oil Adulteration: Is your cooking oil adulterated with dangerous metanil yellow colour?,indiatimes.com,2021-09-09,https://timesofindia.indiatimes.com/life-style/food-news/is-your-cooking-oil-adulterated-with-dangerous-metanil-yellow-colour/photostory/86060302.cms,C:\Users\yuvra\OneDrive\Desktop\RAship\FoodComputing\news_crawler\data\runs\edible_oils_boolean_title_proximity_2026-06-22\mediacloud\cleaned_text\timesofindia.indiatimes.com\fd41a362384538ef.txt,boolean,boolean_core_oils_fraud,True,adulterated_product,relevant,0.94,Pattern says edible oil is the adulterated/seized/failed product.,Cooking Oil Adulteration: Is your cooking oil adulterated with dangerous metanil yellow colour? FSSAI is back with its weekly lessons on how to check food ad,cooking oil,adulterated; adulteration; FSSAI,,,,,,303
78cb9c4b-bab2-417e-9c58-3c77217bd94c,Mumbai DRI seizes heroin worth Rs 125 crore hidden in cooking oil cargo,mid-day.com,2021-10-08,https://www.mid-day.com/mumbai/mumbai-crime-news/article/mumbai-dri-seizes-heroin-worth-rs-125-crore-hidden-in-cooking-oil-cargo-23195807,C:\Users\yuvra\OneDrive\Desktop\RAship\FoodComputing\news_crawler\data\runs\edible_oils_boolean_title_proximity_2026-06-22\mediacloud\cleaned_text\mid-day.com\49ea5dd6b5dbfc94.txt,title_only,title_oils_enforcement,True,adulterated_product,relevant,0.94,Pattern says edible oil is the adulterated/seized/failed product.,Mumbai DRI seizes heroin worth Rs 125 crore hidden in cooking oil cargo Mumbai DRI seizes heroin worth Rs 125 crore hidden in cooking oil cargo Further investigations led the DRI to busines,cooking oil; groundnut oil,seized,,,,,,150
126dd605-80a2-4c79-8f67-9c58cc4d3180,SPECS presents report on adulteration in Mustard Oil,garhwalpost.in,2021-10-30,https://garhwalpost.in/specs-presents-report-on-adulteration-in-mustard-oil/,C:\Users\yuvra\OneDrive\Desktop\RAship\FoodComputing\news_crawler\data\runs\edible_oils_boolean_title_proximity_2026-06-22\mediacloud\cleaned_text\garhwalpost.in\2d492278c31425aa.txt,boolean,boolean_named_oils_fraud,True,adulterated_product,relevant,0.94,Pattern says edible oil is the adulterated/seized/failed product.,"SPECS presents report on adulteration in Mustard Oil By Our Staff Reporter Dehradun, 28 Oct: SPECS held a campaign on testing of adulteration in Mustard oil from June to September. Volunteers collected 469 samples from Dehradun, Vikas Nagar,",mustard oil,adulterated; adulteration; spurious,,,,,,336
64217ea7-1449-4966-8d6d-4251d3416f7f,185 spurious mustard oil cans seized in Burrabazar | Kolkata News - Times of India,indiatimes.com,2021-11-27,https://timesofindia.indiatimes.com/city/kolkata/185-spurious-mustard-oil-cans-seized-in-burrabazar/articleshow/87938067.cms,C:\Users\yuvra\OneDrive\Desktop\RAship\FoodComputing\news_crawler\data\runs\edible_oils_boolean_title_proximity_2026-06-22\mediacloud\cleaned_text\timesofindia.indiatimes.com\aebd81315c7b2fb3.txt,boolean,boolean_core_oils_fraud,True,adulterated_product,relevant,0.94,Pattern says edible oil is the adulterated/seized/failed product.,185 spurious mustard oil cans seized in Burrabazar | Kolkata News - Times of India KOLKATA: The enforcement branch has raided the premis,edible oil; mustard oil; soybean oil; rice bran oil; coconut oil,adulterated; adulteration; spurious; seized; seizure; raided; banned,,,,,,527
6dd945a7-2197-4323-b3dc-7b84b6513e2c,"FSSAI says 2.42% of 4,461 different edible oils samples found to be of sub-standard quality",financialexpress.com,2021-12-29,https://www.financialexpress.com/industry/fssai-says-2-42-of-4461-different-edible-oils-samples-found-to-be-of-sub-standard-quality/2393346/,C:\Users\yuvra\OneDrive\Desktop\RAship\FoodComputing\news_crawler\data\runs\edible_oils_boolean_title_proximity_2026-06-22\mediacloud\cleaned_text\financialexpress.com\0114535c56600ced.txt,boolean,boolean_oils_enforcement_evidence,True,adulterated_product,relevant,0.94,Pattern says edible oil is the adulterated/seized/failed product.,"FSSAI says 2.42% of 4,461 different edible oils samples found to be of sub-standard quality About 2.42 per cent of the 4,461 samples of different edible oils from 587 districts and four metros are found to be non-compliant with safe",mustard oil; soybean oil; palm oil; groundnut oil; sesame oil; sunflower oil; rice bran oil; cottonseed oil; coconut oil,adulteration; misbranding; food safety; FSSAI,,,,,,466
fd0a42c6-b8ad-4e5e-b5d2-29d0761a8872,24% edible oil samples adulterated: FSSAI | Today News,livemint.com,2021-12-29,https://www.livemint.com/news/india/24-edible-oil-samples-adulterated-fssai-11640775486648.html,C:\Users\yuvra\OneDrive\Desktop\RAship\FoodComputing\news_crawler\data\runs\edible_oils_boolean_title_proximity_2026-06-22\mediacloud\cleaned_text\livemint.com\c7147edb338d57bd.txt,boolean,boolean_core_oils_fraud,True,adulterated_product,relevant,0.94,Pattern says edible oil is the adulterated/seized/failed product.,"24% edible oil samples adulterated: FSSAI | Today News New Delhi: India’s top food regulator, Food Safety and Standards Authority of I",edible oil; cooking oil; mustard oil; soybean oil; palm oil; groundnut oil; sesame oil; sunflower oil; rice bran oil; cottonseed oil; coconut oil,adulterated; adulteration; misbranding; samples failed; food safety; FSSAI,,,,,,487
8881cf6e-374b-42f1-af1d-40e11f97d7df,FDA urges âbigâ hotels to hand over excess edible oil for bio-diesel | Nagpur News - Times of India,indiatimes.com,2022-01-10,https://timesofindia.indiatimes.com/city/nagpur/fda-urges-big-hotels-to-hand-over-excess-edible-oil-for-bio-diesel/articleshow/88797263.cms,C:\Users\yuvra\OneDrive\Desktop\RAship\FoodComputing\news_crawler\data\runs\edible_oils_boolean_title_proximity_2026-06-22\mediacloud\cleaned_text\timesofindia.indiatimes.com\240214570ba23003.txt,title_only,title_oils_enforcement,True,adulterated_product,relevant,0.94,Pattern says edible oil is the adulterated/seized/failed product.,"e edible oil available in the market and sent them for testing. Around 18,386kg loose oil worth Rs27,16,673, was seized during the action last year. âOne of the samples collected has been found to be sub-standard by the government analyst, which would now be adjudicat",edible oil; cooking oil; loose oil; loose edible oil,seized; food safety; FSSAI; FDA; samples collected,,,,,,392
74557f42-5ccd-45ea-87e2-e58ea2bbf09c,Utta Pradesh: Imported edible oil worth Rs 30 lakh seized in Nanpara | Lucknow News - Times of India,indiatimes.com,2022-01-13,https://timesofindia.indiatimes.com/city/lucknow/imported-edible-oil-worth-rs-30-lakh-seized-in-nanpara/articleshow/88882614.cms,C:\Users\yuvra\OneDrive\Desktop\RAship\FoodComputing\news_crawler\data\runs\edible_oils_boolean_title_proximity_2026-06-22\mediacloud\cleaned_text\timesofindia.indiatimes.com\760e5c19ecc9f822.txt,title_only,title_oils_enforcement,True,adulterated_product,relevant,0.94,Pattern says edible oil is the adulterated/seized/failed product.,Utta Pradesh: Imported edible oil worth Rs 30 lakh seized in Nanpara | Lucknow News - Times of India LUCKNOW: A 20-member team of state goods and service tax,edible oil,seized; penalty,,,,,,103
6a9cc28d-e0d0-4c6b-a20e-28e01f86f537,Vig Raids To Check Edible Oil Hoarding | Vijayawada News - Times of India,indiatimes.com,2022-03-07,https://timesofindia.indiatimes.com/city/vijayawada/vig-raids-to-check-edible-oil-hoarding/articleshow/90039485.cms,C:\Users\yuvra\OneDrive\Desktop\RAship\FoodComputing\news_crawler\data\runs\edible_oils_boolean_title_proximity_2026-06-22\mediacloud\cleaned_text\timesofindia.indiatimes.com\3f602903bb3493e7.txt,title_only,title_oils_enforcement,True,adulterated_product,relevant,0.94,Pattern says edible oil is the adulterated/seized/failed product.,"ada/Visakhapatnam: With a view to controlling the price of palmolein oil, other edible oils, oilseeds, and pulses in market, surprise raids were carried out on 126 wholesale and retail traders, supermarkets, and manufacturing units by vigi",edible oil; sunflower oil,,,,,,,275
d63f5eb8-603a-414d-ac51-bed1950f181e,Russia-Ukraine war: Vigilance officials raid traders in AP after rise in edible oil prices,indiatoday.in,2022-03-07,https://www.indiatoday.in/india/story/andhra-pradesh-edible-oil-traders-vigilance-raid-hoarding-black-market-ukraine-import-1921765-2022-03-07,C:\Users\yuvra\OneDrive\Desktop\RAship\FoodComputing\news_crawler\data\runs\edible_oils_boolean_title_proximity_2026-06-22\mediacloud\cleaned_text\indiatoday.in\376830ed074d0e1d.txt,title_only,title_oils_enforcement,True,adulterated_product,relevant,0.94,Pattern says edible oil is the adulterated/seized/failed product.,Russia-Ukraine war: Vigilance officials raid traders in AP after rise in edible oil prices Russia-Ukraine war: Vigilance officials raid traders in AP after rise in edible oil prices Vigilance officials raided traders in Andhra Pradesh,edible oil; sunflower oil,raid; raided,,,,,,278
b14d8624-e18f-4656-90fb-fbd591b0fd91,â¹50-lakh Worth Edible Oil Seized | Visakhapatnam News - Times of India,indiatimes.com,2022-03-08,https://timesofindia.indiatimes.com/city/visakhapatnam/50-lakh-worth-edible-oil-seized/articleshow/90063876.cms,C:\Users\yuvra\OneDrive\Desktop\RAship\FoodComputing\news_crawler\data\runs\edible_oils_boolean_title_proximity_2026-06-22\mediacloud\cleaned_text\timesofindia.indiatimes.com\f7bafc8b84b8808d.txt,title_only,title_oils_enforcement,True,adulterated_product,relevant,0.94,Pattern says edible oil is the adulterated/seized/failed product.,â¹50-lakh Worth Edible Oil Seized | Visakhapatnam News - Times of India VISAKHAPATNAM: Vigilance and enforcement personnel conducted,edible oil,seized; raid,,,,,,71
19954ba2-6b12-4fd9-bb84-012c6d8a31d7,"Vigilance Continues Raids, Monitors Edible Oil Trade | Vijayawada News - Times of India",indiatimes.com,2022-03-21,https://timesofindia.indiatimes.com/city/vijayawada/vigilance-continues-raids-monitors-edible-oil-trade/articleshow/90341966.cms,C:\Users\yuvra\OneDrive\Desktop\RAship\FoodComputing\news_crawler\data\runs\edible_oils_boolean_title_proximity_2026-06-22\mediacloud\cleaned_text\timesofindia.indiatimes.com\7e24443363db4cbc.txt,boolean,boolean_core_oils_fraud,True,adulterated_product,relevant,0.94,Pattern says edible oil is the adulterated/seized/failed product.,"Vigilance Continues Raids, Monitors Edible Oil Trade | Vijayawada News - Times of India Vijayawada: Vigilance and enforcement department additiona",edible oil,adulterated; spurious,,,,,,166
13b4b523-7a7d-4d80-bbe0-e9c434fc0ccc,40 Quintal Cooking Oil Seized For Violation Of Rules | Indore News - Times of India,indiatimes.com,2022-05-22,https://timesofindia.indiatimes.com/city/indore/40-quintal-cooking-oil-seized-for-violation-of-rules/articleshow/91716408.cms,C:\Users\yuvra\OneDrive\Desktop\RAship\FoodComputing\news_crawler\data\runs\edible_oils_boolean_title_proximity_2026-06-22\mediacloud\cleaned_text\timesofindia.indiatimes.com\6aaa1799975fdf81.txt,title_only,title_oils_enforcement,True,adulterated_product,relevant,0.94,Pattern says edible oil is the adulterated/seized/failed product.,"40 Quintal Cooking Oil Seized For Violation Of Rules | Indore News - Times of India Indore: Indore district administration, in a",edible oil; cooking oil,seized; inspection,,,,,,245
cad0c95e-f99c-43bf-95e4-731ad620386c,Fsda Busts Unit Making Adulterated Vegetable Oil | Varanasi News - Times of India,indiatimes.com,2022-05-22,https://timesofindia.indiatimes.com/city/varanasi/fsda-busts-unit-making-adulterated-vegetable-oil/articleshow/91716833.cms,C:\Users\yuvra\OneDrive\Desktop\RAship\FoodComputing\news_crawler\data\runs\edible_oils_boolean_title_proximity_2026-06-22\mediacloud\cleaned_text\timesofindia.indiatimes.com\9b0a2892e31bad2a.txt,boolean,boolean_oils_enforcement_evidence,True,adulterated_product,relevant,0.94,Pattern says edible oil is the adulterated/seized/failed product.,Fsda Busts Unit Making Adulterated Vegetable Oil | Varanasi News - Times of India Varanasi: The sleuths of food safety and drugs administration (FSD,rice bran oil; vegetable oil,adulterated; seized; raid; raided; food safety; FSDA; Food Safety Officer,,,,,,238
a3f71942-5625-4159-ac0c-01fd16122e75,FDA warns outlets against repeated use of edible oil | Nagpur News - Times of India,indiatimes.com,2022-05-27,https://timesofindia.indiatimes.com/city/nagpur/fda-warns-outlets-against-repeated-use-of-edible-oil/articleshow/91821386.cms,C:\Users\yuvra\OneDrive\Desktop\RAship\FoodComputing\news_crawler\data\runs\edible_oils_boolean_title_proximity_2026-06-22\mediacloud\cleaned_text\timesofindia.indiatimes.com\92520197fa2cca2f.txt,title_only,title_oils_enforcement,True,adulterated_product,manual_review,0.74,Edible-oil term appears close to adulteration/enforcement language.,FDA warns outlets against repeated use of edible oil | Nagpur News - Times of India Nagpur: The Food and Drugs Administration (FDA) has collec,edible oil,unsafe; food safety; FDA; Food Safety Officer; inspection,,,,,,369
b1c44e6f-9e5e-4ada-9ace-5f0198a5d65a,FDA cracks down on shop selling reused cooking oil - Deshdoot,deshdoot.com,2022-07-20,https://www.deshdoot.com/deshdoot-times/fda-cracks-down-on-shop-selling-reused-cooking-oil,C:\Users\yuvra\OneDrive\Desktop\RAship\FoodComputing\news_crawler\data\runs\edible_oils_boolean_title_proximity_2026-06-22\mediacloud\cleaned_text\deshdoot.com\a3f1db9d74d18bb0.txt,boolean,boolean_core_oils_fraud,True,adulterated_product,relevant,0.94,Pattern says edible oil is the adulterated/seized/failed product.,"FDA cracks down on shop selling reused cooking oil - Deshdoot NASHIK: The Food and Drug Administration (FDA) raided a shop in the Anandavalli area on Monday evening and seized the cooking oil, which is harmful to he",edible oil; cooking oil,adulterated; seized; raided; FDA; inspection,,,,,,310
ceaa0795-f8e6-44d7-a04b-e2264e1c3e05,Nagpur: Food and drug administration to focus on edible oil during Food Safety Week | Nagpur News - Times of India,indiatimes.com,2022-08-08,https://timesofindia.indiatimes.com/city/nagpur/fda-to-focus-on-edible-oil-during-food-safety-week/articleshow/93416043.cms,C:\Users\yuvra\OneDrive\Desktop\RAship\FoodComputing\news_crawler\data\runs\edible_oils_boolean_title_proximity_2026-06-22\mediacloud\cleaned_text\timesofindia.indiatimes.com\7893fd3e38c57e25.txt,boolean,boolean_core_oils_fraud,True,adulterated_product,relevant,0.94,Pattern says edible oil is the adulterated/seized/failed product.,"actions under Azadi Ka Amrut Mahotsav. FDA has started a statewide crackdown on substandard edible oil, especially against loose sale. The FDA authorities are set to undertake focussed drive for locally",edible oil,substandard; food safety; FDA; crackdown,,,,,,279
8741637c-a19b-47c1-aee7-fc3b522d3942,Delhi govt carrying out drive against adulteration of edible oils,theweek.in,2022-08-12,http://www.theweek.in/news/biz-tech/2022/08/12/delhi-govt-carrying-out-drive-against-adulteration-of-edible-oil.html,C:\Users\yuvra\OneDrive\Desktop\RAship\FoodComputing\news_crawler\data\runs\edible_oils_boolean_title_proximity_2026-06-22\mediacloud\cleaned_text\theweek.in\06d51ebc589630c2.txt,boolean,boolean_oils_enforcement_evidence,True,adulterated_product,relevant,0.94,Pattern says edible oil is the adulterated/seized/failed product.,Delhi govt carrying out drive against adulteration of edible oils The Delhi government on Friday said it is carrying out a drive against adulteration of edible oils and multi-source edible oils by sending samples of sweets from confectionaries to la,mustard oil; sunflower oil; rice bran oil,adulteration; food safety; FSSAI; Food Safety Officer,,,,,,258
5e2a0e28-ddbc-4f64-8245-ec60dfe80e4f,"Loose Cooking Oil Seized, Fir Lodged Against Proprietor | Indore News - Times of India",indiatimes.com,2022-08-18,https://timesofindia.indiatimes.com/city/indore/loose-cooking-oil-seized-fir-lodged-against-proprietor/articleshow/93627772.cms,C:\Users\yuvra\OneDrive\Desktop\RAship\FoodComputing\news_crawler\data\runs\edible_oils_boolean_title_proximity_2026-06-22\mediacloud\cleaned_text\timesofindia.indiatimes.com\fbae0b67f39e4fa3.txt,boolean,boolean_core_oils_fraud,True,adulterated_product,relevant,0.94,Pattern says edible oil is the adulterated/seized/failed product.,"Loose Cooking Oil Seized, Fir Lodged Against Proprietor | Indore News - Times of India INDORE: Indore district administratio",cooking oil,adulteration; seized; food safety; Food Safety Department; inspection,,,,,,110
a127c2d7-ebad-4d41-ae94-365c121c408f,SGST Mobile wing conducts search and seizure operation on two edible oil traders in Ludhiana | Ludhiana News - Times of India,indiatimes.com,2022-08-22,https://timesofindia.indiatimes.com/city/ludhiana/sgst-mobile-wing-conducts-search-and-seizure-operation-on-two-edible-oil-traders-in-ludhiana/articleshow/93714405.cms,C:\Users\yuvra\OneDrive\Desktop\RAship\FoodComputing\news_crawler\data\runs\edible_oils_boolean_title_proximity_2026-06-22\mediacloud\cleaned_text\timesofindia.indiatimes.com\904c831d5ee9137e.txt,title_only,title_oils_enforcement,True,adulterated_product,relevant,0.94,Pattern says edible oil is the adulterated/seized/failed product.,SGST Mobile wing conducts search and seizure operation on two edible oil traders in Ludhiana | Ludhiana News - Times of India LUDHIANA: In another anti-evasion operation un,edible oil,seizure; penalty,,,,,,369
fa712594-d1fe-493a-8d11-d28646d5f5e2,"FDA busts fake edible oil racket, 1,925 litres seized | Nagpur News - Times of India",indiatimes.com,2022-09-03,https://timesofindia.indiatimes.com/city/nagpur/fda-busts-fake-edible-oil-racket-1925-litres-seized/articleshow/93957827.cms,C:\Users\yuvra\OneDrive\Desktop\RAship\FoodComputing\news_crawler\data\runs\edible_oils_boolean_title_proximity_2026-06-22\mediacloud\cleaned_text\timesofindia.indiatimes.com\0cc66423908c7613.txt,boolean,boolean_core_oils_fraud,True,adulterated_product,relevant,0.94,Pattern says edible oil is the adulterated/seized/failed product.,"FDA busts fake edible oil racket, 1,925 litres seized | Nagpur News - Times of India Nagpur: The Food and Drugs Administration (FDA) and police jointly b",edible oil,adulterated; fake; seized; raid; FDA,,,,,,249
ca5292c4-3ef3-41b8-a17c-5401483b482d,FDA adopts zero-tolerance policy for edible oil sold loose and in reused tins | Nagpur News - Times of India,indiatimes.com,2022-10-04,https://timesofindia.indiatimes.com/city/nagpur/fda-adopts-zero-tolerance-policy-for-edible-oil-sold-loose-and-in-reused-tins/articleshow/94628169.cms,C:\Users\yuvra\OneDrive\Desktop\RAship\FoodComputing\news_crawler\data\runs\edible_oils_boolean_title_proximity_2026-06-22\mediacloud\cleaned_text\timesofindia.indiatimes.com\125da51801489b89.txt,boolean,boolean_core_oils_fraud,True,adulterated_product,relevant,0.94,Pattern says edible oil is the adulterated/seized/failed product.,"Nagpur: The Food and drugs administration (FDA) has stepped up its crackdown on edible oils sold loose and also in reused tins. In 2022 till date, FDA has seized 2,075 kgs of edible oils worth more than Rs 2.99 lakhs. These seizures were from traders found viol",edible oil; loose oil; loose edible oil,adulterated; substandard; seized; raid; raided; food safety; FDA; crackdown,,,,,,323
f34fca57-cea8-47c5-9e96-785e4d96c84b,"16,600 Kg Mustard Oil Seized In Vki | Jaipur News - Times of India",indiatimes.com,2022-10-14,https://timesofindia.indiatimes.com/city/jaipur/16600-kg-mustard-oil-seized-in-vki/articleshow/94848908.cms,C:\Users\yuvra\OneDrive\Desktop\RAship\FoodComputing\news_crawler\data\runs\edible_oils_boolean_title_proximity_2026-06-22\mediacloud\cleaned_text\timesofindia.indiatimes.com\b44f04d484691497.txt,title_only,title_oils_enforcement,True,adulterated_product,relevant,0.94,Pattern says edible oil is the adulterated/seized/failed product.,"16,600 Kg Mustard Oil Seized In Vki | Jaipur News - Times of India Jaipur: Intensifying measures to prevent the sale of adultera",mustard oil,adulterated; seized,,,,,,115
eb3b142c-6ac9-4bde-af89-1afe8de3ee90,"Uttarakhand: A year on, mustard oil manufacturer, supplier penalised for adulteration | Dehradun News - Times of India",indiatimes.com,2022-10-17,https://timesofindia.indiatimes.com/city/dehradun/uttarakhand-a-year-on-mustard-oil-manufacturer-supplier-penalised-for-adulteration/articleshow/94903787.cms,C:\Users\yuvra\OneDrive\Desktop\RAship\FoodComputing\news_crawler\data\runs\edible_oils_boolean_title_proximity_2026-06-22\mediacloud\cleaned_text\timesofindia.indiatimes.com\0800554993ee5b8e.txt,title_only,title_named_oils_fraud,True,adulterated_product,relevant,0.94,Pattern says edible oil is the adulterated/seized/failed product.,"Uttarakhand: A year on, mustard oil manufacturer, supplier penalised for adulteration | Dehradun News - Times of India In a matter of violation of food safety standards, a local court i",mustard oil,adulterated; adulteration; food safety; FSDA; penalty,,,,,,184
8c7f8bf5-eba8-4f7d-a077-0accf3e8da22,Govt Cracks Down On Sale Of Adulterated Coconut Oil | Thiruvananthapuram News - Times of India,indiatimes.com,2022-11-17,https://timesofindia.indiatimes.com/city/thiruvananthapuram/govt-cracks-down-on-sale-of-adulterated-coconut-oil/articleshow/95568940.cms,C:\Users\yuvra\OneDrive\Desktop\RAship\FoodComputing\news_crawler\data\runs\edible_oils_boolean_title_proximity_2026-06-22\mediacloud\cleaned_text\timesofindia.indiatimes.com\b97297da2bd939e3.txt,title_only,title_named_oils_fraud,True,adulterated_product,relevant,0.94,Pattern says edible oil is the adulterated/seized/failed product.,tration for their products. One manufacturer can come up with only one brand of coconut oil in the state. This will be strictly enforced as part of efforts to curb the sale of adulterated coconut oil. The food safety department will also examine if sulphur is being mixed with the oil. T,coconut oil,adulterated; food safety; Food Safety Department; crackdown,,,,,,264
550164f2-8162-4282-bf01-8cacf0b1962e,Food Dept Seizes 831l Mustard Oil | Kanpur News - Times of India,indiatimes.com,2023-03-06,https://timesofindia.indiatimes.com/city/kanpur/food-dept-seizes-831l-mustard-oil/articleshow/98439612.cms,C:\Users\yuvra\OneDrive\Desktop\RAship\FoodComputing\news_crawler\data\runs\edible_oils_boolean_title_proximity_2026-06-22\mediacloud\cleaned_text\timesofindia.indiatimes.com\0ca143fb592d592e.txt,title_only,title_oils_enforcement,True,adulterated_product,relevant,0.94,Pattern says edible oil is the adulterated/seized/failed product.,"ecurity and drug administration department on Sunday seized around 831 litre of mustard oil worth Rs 1,14,764 and collected 19 samples of food items and sent them to lab for testing. The mustard oil was seized from three vendors, and",mustard oil; rice bran oil,seized; seizure,,,,,,176
3a80f6a0-850f-49fc-9c2d-a9faf5732ecf,"Income Tax dept raids on edible oil business group across Bengal, Assam",indiatoday.in,2023-05-16,https://www.indiatoday.in/india/story/west-bengal-income-tax-raid-business-group-rice-bran-oil-2380108-2023-05-16?utm_source=rss,C:\Users\yuvra\OneDrive\Desktop\RAship\FoodComputing\news_crawler\data\runs\edible_oils_boolean_title_proximity_2026-06-22\mediacloud\cleaned_text\indiatoday.in\93fc52135781efbe.txt,title_only,title_oils_enforcement,True,adulterated_product,relevant,0.94,Pattern says edible oil is the adulterated/seized/failed product.,"Income Tax dept raids on edible oil business group across Bengal, Assam Income Tax dept raids on edible oil business group across Bengal, Assam The I-T officials seized unaccounted cash of Rs 1",edible oil; mustard oil; rice bran oil,seized; raid,,,,,,365
47188540-234f-4110-873c-89e4eb2b92d3,Food safety department locks and seals two cooking oil mills in Trichy city | Trichy News - Times of India,indiatimes.com,2023-05-28,https://timesofindia.indiatimes.com/city/trichy/food-safety-department-locks-and-seal-two-cooking-oil-mills-in-trichy-city/articleshow/100572169.cms,C:\Users\yuvra\OneDrive\Desktop\RAship\FoodComputing\news_crawler\data\runs\edible_oils_boolean_title_proximity_2026-06-22\mediacloud\cleaned_text\timesofindia.indiatimes.com\a0ffc158fbc572d0.txt,boolean,boolean_core_oils_fraud,True,adulterated_product,relevant,0.94,Pattern says edible oil is the adulterated/seized/failed product.,"inspected over a period of time. They said that the test results found that the cooking oil was adulterated. Similarly, label norms as per the food safety and standards act 2006, were not properly followed,",cooking oil,adulterated; food safety; Food Safety Department; Food Safety Officer; inspection,,,,,,289
20fcaf5a-642c-47df-aa70-1885af131081,Blended edible oil beneficial: FSSAI | Today News,livemint.com,2023-10-18,https://www.livemint.com/news/india/blended-edible-oil-beneficial-fssai-11697567700962.html,C:\Users\yuvra\OneDrive\Desktop\RAship\FoodComputing\news_crawler\data\runs\edible_oils_boolean_title_proximity_2026-06-22\mediacloud\cleaned_text\livemint.com\17a522fd14678851.txt,title_only,title_oils_enforcement,True,adulterated_product,manual_review,0.74,Edible-oil term appears close to adulteration/enforcement language.,Blended edible oil beneficial: FSSAI | Today News The Food Safety and Standards Authority of India (FSSAI) h,edible oil; mustard oil; soybean oil; palm oil; sunflower oil; vegetable oil,food safety; FSSAI; banned,,,,,,526
9f0b5a3c-1947-464b-baab-0236bea42e05,FDA to ban Brominated Vegetable Oil in soda and food; here’s how it was impacting your health,indiatimes.com,2023-11-03,https://economictimes.indiatimes.com/news/international/us/fda-to-ban-brominated-vegetable-oil-in-soda-and-food-heres-how-it-was-impacting-your-health/articleshow/104950776.cms,C:\Users\yuvra\OneDrive\Desktop\RAship\FoodComputing\news_crawler\data\runs\edible_oils_boolean_title_proximity_2026-06-22\mediacloud\cleaned_text\economictimes.indiatimes.com\eddfd7037ea0ed92.txt,title_only,title_oils_enforcement,True,adulterated_product,manual_review,0.74,Edible-oil term appears close to adulteration/enforcement language.,FDA to ban Brominated Vegetable Oil in soda and food; here’s how it was impacting your health The FDA's stance is rooted in f,vegetable oil,food safety; FDA; banned,,,,,,544
cfda1425-bfd4-49db-b266-895ec8e6cec9,California leads the way as FDA moves to outlaw brominated vegetable oil in sports drinks - Times of India,indiatimes.com,2023-11-03,https://timesofindia.indiatimes.com/world/us/california-leads-the-way-as-fda-moves-to-outlaw-brominated-vegetable-oil-in-sports-drinks/articleshow/104949719.cms,C:\Users\yuvra\OneDrive\Desktop\RAship\FoodComputing\news_crawler\data\runs\edible_oils_boolean_title_proximity_2026-06-22\mediacloud\cleaned_text\timesofindia.indiatimes.com\9fc720e4422ec01c.txt,title_only,title_oils_enforcement,True,adulterated_product,manual_review,0.74,Edible-oil term appears close to adulteration/enforcement language.,"California leads the way as FDA moves to outlaw brominated vegetable oil in sports drinks - Times of India In a major development, the Food and Drug Administratio",vegetable oil,FDA; banned,,,,,,423
37ffcb4a-8e00-48cb-a220-72cbcb07e526,Navi Mumbai: 7 booked for selling adulterated edible oil,mid-day.com,2023-12-07,https://www.mid-day.com/mumbai/mumbai-crime-news/article/navi-mumbai-7-booked-for-selling-adulterated-edible-oil-23323774,C:\Users\yuvra\OneDrive\Desktop\RAship\FoodComputing\news_crawler\data\runs\edible_oils_boolean_title_proximity_2026-06-22\mediacloud\cleaned_text\mid-day.com\8b07a4ab66aec78d.txt,boolean,boolean_core_oils_fraud,True,adulterated_product,relevant,0.94,Pattern says edible oil is the adulterated/seized/failed product.,Navi Mumbai: 7 booked for selling adulterated edible oil Navi Mumbai: 7 booked for selling adulterated edible oil Seven people linked to an agro firm have been accused of selling adulterated edible oil.,edible oil; palm oil; groundnut oil,adulterated; raided,,,,,,120
1fcb37d8-94a1-4a26-b473-2a2291a77719,The mustard oil mystery: Why is it banned in the US and Europe?,indiatimes.com,2023-12-18,https://timesofindia.indiatimes.com/life-style/health-fitness/health-news/the-mustard-oil-mystery-why-is-it-banned-in-the-us-and-europe/photostory/106086699.cms,C:\Users\yuvra\OneDrive\Desktop\RAship\FoodComputing\news_crawler\data\runs\edible_oils_boolean_title_proximity_2026-06-22\mediacloud\cleaned_text\timesofindia.indiatimes.com\ff079513224fff0c.txt,title_only,title_oils_enforcement,True,adulterated_product,manual_review,0.74,Edible-oil term appears close to adulteration/enforcement language.,"ding the effects on humans, regulatory bodies such as the FDA acted and prohibited edible mustard oil due to its high erucic acid content. The FDA reclassified mustard oil as ""for external us",mustard oil; soybean oil,FDA; banned,,,,,,455
ff36bc45-8e01-4283-9969-7759db5eb370,"Maharashtra FDA cracks down on McDonald's, catches fast food major using cheap vegetable oil in place of cheese",indiatimes.com,2024-02-23,https://economictimes.indiatimes.com/industry/cons-products/food/maha-fda-cracks-down-on-mcdonalds-catches-fast-food-major-using-cheap-vegetable-oil-in-place-of-cheese/articleshow/107934081.cms,C:\Users\yuvra\OneDrive\Desktop\RAship\FoodComputing\news_crawler\data\runs\edible_oils_boolean_title_proximity_2026-06-22\mediacloud\cleaned_text\economictimes.indiatimes.com\4da1d01f89503d2b.txt,title_only,title_oils_enforcement,True,adulterated_product,relevant,0.94,Pattern says edible oil is the adulterated/seized/failed product.,"traditional dairy cheese, often substituting dairy fat with more cost-effective vegetable oil. The FDA claims that McDonald's failed to disclose the use of cheese analogues on food labels or electronic display boards, potentially po",vegetable oil,FDA; inspection,,,,,,372
63ef86b6-4de6-4350-814e-753c089d5afe, Fast-food giant replacing cheese with cheaper vegetable oil: Maharashtra FDA | India News - The Times of India,indiatimes.com,2024-02-23,https://timesofindia.indiatimes.com/india/fast-food-giant-replacing-cheese-with-cheaper-vegetable-oil-maharashtra-fda/articleshow/107923964.cms,C:\Users\yuvra\OneDrive\Desktop\RAship\FoodComputing\news_crawler\data\runs\edible_oils_boolean_title_proximity_2026-06-22\mediacloud\cleaned_text\timesofindia.indiatimes.com\0e920a8e6fcec438.txt,title_only,title_oils_enforcement,True,adulterated_product,manual_review,0.74,Edible-oil term appears close to adulteration/enforcement language.,Fast-food giant replacing cheese with cheaper vegetable oil: Maharashtra FDA | India News - The Times of India MUMBAI: Maharashtra FDA has cracked do,vegetable oil,FDA; inspection,,,,,,307
96db122f-e011-4696-9986-db76ebfd6be2,Fake cheese? McDonald's responds after vegetable oil found in burgers and nuggets,indiatoday.in,2024-02-23,https://www.indiatoday.in/business/story/mcdonalds-responds-to-fake-cheese-crackdown-maharashtra-fda-2506260-2024-02-23?utm_source=rss,C:\Users\yuvra\OneDrive\Desktop\RAship\FoodComputing\news_crawler\data\runs\edible_oils_boolean_title_proximity_2026-06-22\mediacloud\cleaned_text\indiatoday.in\18e506564cdc4008.txt,boolean,boolean_core_oils_fraud,True,adulterated_product,relevant,0.94,Pattern says edible oil is the adulterated/seized/failed product.,Fake cheese? McDonald's responds after vegetable oil found in burgers and nuggets Fake cheese? McDonald's responds after vegetable oil found in burgers and nuggets The Maharashtra FDA fo,vegetable oil,fake; FDA; crackdown,,,,,,402
2350aa77-afb4-4751-8908-a0307b2707b7,"'Use only milk-based real cheese,' McDonald's says after Maharashtra FDA accuses fast food giant of using vegetable oil - Times of India",indiatimes.com,2024-02-24,https://timesofindia.indiatimes.com/business/india-business/use-only-milk-based-real-cheese-mcdonalds-says-after-maharashtra-fda-accuses-fast-food-giant-of-using-vegetable-oil/articleshow/107958419.cms,C:\Users\yuvra\OneDrive\Desktop\RAship\FoodComputing\news_crawler\data\runs\edible_oils_boolean_title_proximity_2026-06-22\mediacloud\cleaned_text\timesofindia.indiatimes.com\78aa356bf92e6af0.txt,title_only,title_oils_enforcement,True,adulterated_product,manual_review,0.74,Edible-oil term appears close to adulteration/enforcement language.,"ased real cheese,' McDonald's says after Maharashtra FDA accuses fast food giant of using vegetable oil - Times of India NEW DELHI: Amid allegations of using substitutes instead of real cheese,",vegetable oil,FDA; inspection,,,,,,459
5c3b4f65-1119-4cb7-9bf5-8dccd568b46b,"Govt seizes 18,000 litres of fake cooking oil: Why they can be harmful, and tips to identify them",indianexpress.com,2024-06-04,https://indianexpress.com/article/lifestyle/food-wine/govt-seizes-fake-cooking-oil-harms-how-to-identify-9369475/,C:\Users\yuvra\OneDrive\Desktop\RAship\FoodComputing\news_crawler\data\runs\edible_oils_boolean_title_proximity_2026-06-22\mediacloud\cleaned_text\indianexpress.com\a72974887123b492.txt,boolean,boolean_core_oils_fraud,True,adulterated_product,relevant,0.94,Pattern says edible oil is the adulterated/seized/failed product.,"uthority of India shared that the government has detained 18,000 litres of fake edible oil in Rajasthan. The medical and health department of Ajmer seized the fake oil with duplicated labels of famous brands. “The fake cooking oil was being prepared by using dupl",edible oil; cooking oil; soybean oil,adulterated; adulteration; fake; misbranding; rancid; seized; food safety; FSSAI,,,,,,438
99b5db5b-fd0d-4faf-9385-c0cba2b528d3,How to identify fake cooking oil? (FSSAI recommended tips) - Times of India,indiatimes.com,2024-06-04,https://timesofindia.indiatimes.com/life-style/health-fitness/health-news/how-to-identify-fake-cooking-oil-fssai-recommended-tips/articleshow/110694766.cms,C:\Users\yuvra\OneDrive\Desktop\RAship\FoodComputing\news_crawler\data\runs\edible_oils_boolean_title_proximity_2026-06-22\mediacloud\cleaned_text\timesofindia.indiatimes.com\7f34168bc49da5bb.txt,boolean,boolean_core_oils_fraud,True,adulterated_product,relevant,0.94,Pattern says edible oil is the adulterated/seized/failed product.,"How to identify fake cooking oil? (FSSAI recommended tips) - Times of India Nearly 18,000 litres of fake cooking oil was seized by the medical department in Ajmer, the Food Safety and Standards Authority of India ( FSSAI) has t",edible oil; cooking oil; palm oil; sunflower oil; vegetable oil; coconut oil; olive oil,adulterated; adulteration; fake; contamination; misbranded; misbranding; rancid; seized; food safety; FSSAI,,,,,,705
94696d19-9209-4b6b-b108-f0a8afb99c70,Fake Edible Oil Ingredients: 6 harmful ingredients found in fake edible oil | - Times of India,indiatimes.com,2024-06-05,https://timesofindia.indiatimes.com/life-style/food-news/harmful-ingredients-in-fake-edible-oil/articleshow/110737364.cms,C:\Users\yuvra\OneDrive\Desktop\RAship\FoodComputing\news_crawler\data\runs\edible_oils_boolean_title_proximity_2026-06-22\mediacloud\cleaned_text\timesofindia.indiatimes.com\48c6f380b14c7351.txt,boolean,boolean_core_oils_fraud,True,adulterated_product,relevant,0.94,Pattern says edible oil is the adulterated/seized/failed product.,Fake Edible Oil Ingredients: 6 harmful ingredients found in fake edible oil | - Times of India The global food industry has seen a worrying rise in the prevalence o,edible oil; cooking oil; soybean oil; palm oil; cottonseed oil,adulterated; adulteration; fake; contaminated; misbranding; seized; food safety; FSSAI,,,,,,502
0b15e1c7-6e73-4511-ac02-89bd9d129704,"Health News: Warning signs of diabetes seen in morning, how to identify fake cooking oil, laptop related health issues, common signs of vitamin A deficiency, and more | - The Times of India",indiatimes.com,2024-06-05,https://timesofindia.indiatimes.com/life-style/health-fitness/health-news/toi-health-news-morning-briefing-warning-signs-of-diabetes-seen-in-morning-how-to-identify-fake-cooking-oil-laptop-related-health-issues-common-signs-of-vitamin-a-deficiency-and-more/articleshow/110702015.cms,C:\Users\yuvra\OneDrive\Desktop\RAship\FoodComputing\news_crawler\data\runs\edible_oils_boolean_title_proximity_2026-06-22\mediacloud\cleaned_text\timesofindia.indiatimes.com\14c679bc552527aa.txt,boolean,boolean_core_oils_fraud,True,adulterated_product,relevant,0.94,Pattern says edible oil is the adulterated/seized/failed product.,"ose of health updates, news and latest guidelines are all here: News18,000 fake cooking oil seized, how to identify such oils: Nearly 18,000 litres of fake cooking oil was seized in Ajmer. Here arises an important question, what is fake cooking oil? How to identify whether the",cooking oil,fake; seized,,,,,,462
d31b2352-dff7-41b8-ac10-811bedd4abd7,Indians love their mustard oil but it is banned in the US; this is why,indianexpress.com,2024-06-26,https://indianexpress.com/article/lifestyle/food-wine/indians-mustard-oil-spices-banned-us-west-why-9378439/,C:\Users\yuvra\OneDrive\Desktop\RAship\FoodComputing\news_crawler\data\runs\edible_oils_boolean_title_proximity_2026-06-22\mediacloud\cleaned_text\indianexpress.com\44413fef9e73a486.txt,boolean,boolean_oils_enforcement_evidence,True,adulterated_product,manual_review,0.74,Edible-oil term appears close to adulteration/enforcement language.,"Indians love their mustard oil but it is banned in the US; this is why Indian cuisine, vibrant and diverse, boasts a uni",mustard oil,contamination; food safety; banned,,,,,,430
f844bf7d-f33e-4ca9-9b71-4b1fadc75332,Explained: Why consumption of mustard oil is banned in the US and Europe - The Times of India,indiatimes.com,2024-06-28,https://timesofindia.indiatimes.com/life-style/food-news/explained-why-consumption-of-mustard-oil-is-banned-in-the-us-and-europe/articleshow/111333738.cms,C:\Users\yuvra\OneDrive\Desktop\RAship\FoodComputing\news_crawler\data\runs\edible_oils_boolean_title_proximity_2026-06-22\mediacloud\cleaned_text\timesofindia.indiatimes.com\d82445b66b7812c3.txt,title_only,title_oils_enforcement,True,adulterated_product,manual_review,0.74,Edible-oil term appears close to adulteration/enforcement language.,Explained: Why consumption of mustard oil is banned in the US and Europe - The Times of India Indian cuisine is full of aroma and f,cooking oil; mustard oil,FDA; banned,,,,,,825
e5fa55d5-8bd5-49c9-b471-b8f0e3d4d6b8,"US FDA to ban use of brominated vegetable oil in food, soda",indianexpress.com,2024-07-03,https://indianexpress.com/article/world/us-fda-to-ban-use-of-brominated-vegetable-oil-in-food-soda-9429422/,C:\Users\yuvra\OneDrive\Desktop\RAship\FoodComputing\news_crawler\data\runs\edible_oils_boolean_title_proximity_2026-06-22\mediacloud\cleaned_text\indianexpress.com\d2be7ddcfae14e57.txt,title_only,title_oils_enforcement,True,adulterated_product,manual_review,0.74,Edible-oil term appears close to adulteration/enforcement language.,"US FDA to ban use of brominated vegetable oil in food, soda The U.S. Food and Drug Administration said on Tuesday it would revoke the r",vegetable oil,FDA; banned,,,,,,386
a876cbfb-da1d-4cbc-95d9-0f12e4dcfda9,FSSAI issues notices to 55 edible oil manufacturers | Ahmedabad News - Times of India,indiatimes.com,2024-07-09,https://timesofindia.indiatimes.com/city/ahmedabad/fssai-issues-notices-to-55-edible-oil-manufacturers/articleshow/111591411.cms,C:\Users\yuvra\OneDrive\Desktop\RAship\FoodComputing\news_crawler\data\runs\edible_oils_boolean_title_proximity_2026-06-22\mediacloud\cleaned_text\timesofindia.indiatimes.com\5f716a31c8b05fea.txt,title_only,title_oils_enforcement,True,adulterated_product,manual_review,0.74,Edible-oil term appears close to adulteration/enforcement language.,"control administration (FDCA) and FSSAI have asked manufacturers to only use new tins for edible oils, but many are still reusing tins. FSSAI notice states, âIn the interest of food safety a",edible oil,food safety; FSSAI,,,,,,169
e3df64bc-e1ed-4c2f-bd66-0cb0385c9469,"Food safety scandal: Fuel tanker trucks used to transport cooking oil in China, suggests report - Times of India",indiatimes.com,2024-07-10,https://timesofindia.indiatimes.com/world/china/food-safety-scandal-fuel-tanker-trucks-used-to-transport-cooking-oil-in-china-suggests-report/articleshow/111628414.cms,C:\Users\yuvra\OneDrive\Desktop\RAship\FoodComputing\news_crawler\data\runs\edible_oils_boolean_title_proximity_2026-06-22\mediacloud\cleaned_text\timesofindia.indiatimes.com\bb6234dd0f60eba4.txt,boolean,boolean_core_oils_fraud,True,adulterated_product,manual_review,0.74,Edible-oil term appears close to adulteration/enforcement language.,"Food safety scandal: Fuel tanker trucks used to transport cooking oil in China, suggests report - Times of India China's food safety commission is set to inves",cooking oil; soybean oil,contamination; food safety,,,,,,346
d88e87b0-b2a1-45fa-9998-1eb2ff3ca2f4,What is the cooking oil contamination scandal in China? Here's all you need to know,indiatimes.com,2024-07-12,https://economictimes.indiatimes.com/news/international/us/what-is-the-cooking-oil-contamination-scandal-in-china-heres-all-you-need-to-know/articleshow/111669695.cms,C:\Users\yuvra\OneDrive\Desktop\RAship\FoodComputing\news_crawler\data\runs\edible_oils_boolean_title_proximity_2026-06-22\mediacloud\cleaned_text\economictimes.indiatimes.com\b71d81f52f49cdc9.txt,boolean,boolean_core_oils_fraud,True,adulterated_product,relevant,0.94,Pattern says edible oil is the adulterated/seized/failed product.,"What is the cooking oil contamination scandal in China? Here's all you need to know Netizens react on Weibo Quoting an unnamed driver, th",cooking oil,contamination; food safety; inspection,,,,,,363
82b46a16-8cbd-49c9-9eab-8840c92d1a25,Vigilance Raids Target Illegal Edible Oil Hoarding Amid Festival Price Surge | Vijayawada News - The Times of India,indiatimes.com,2024-09-18,https://timesofindia.indiatimes.com/city/vijayawada/vigilance-raids-target-illegal-edible-oil-hoarding-amid-festival-price-surge/articleshow/113467007.cms,C:\Users\yuvra\OneDrive\Desktop\RAship\FoodComputing\news_crawler\data\runs\edible_oils_boolean_title_proximity_2026-06-22\mediacloud\cleaned_text\timesofindia.indiatimes.com\73e6a88daaba502f.txt,boolean,boolean_core_oils_fraud,True,adulterated_product,relevant,0.94,Pattern says edible oil is the adulterated/seized/failed product.,"gaging in illegal activities that contribute to price hikes and adulteration of edible oils. During the raids, officials seized 14,293 liters of edible oil, 89,250 kilograms of groundnut seeds, and 298 bags of groundnut cake, t",edible oil,adulterated; adulteration; seized; food safety,,,,,,236
f1ee1698-b574-4959-87b1-681cde60845f,Adulterated mustard oil behind 3 dropsy deaths in Nabha: report,hindustantimes.com,2024-10-14,https://www.hindustantimes.com/cities/chandigarh-news/adulterated-mustard-oil-behind-3-dropsy-deaths-in-nabha-report-101728847891766.html,C:\Users\yuvra\OneDrive\Desktop\RAship\FoodComputing\news_crawler\data\runs\edible_oils_boolean_title_proximity_2026-06-22\mediacloud\cleaned_text\hindustantimes.com\100ba267c8a62d53.txt,boolean,boolean_named_oils_fraud,True,adulterated_product,relevant,0.94,Pattern says edible oil is the adulterated/seized/failed product.,"Adulterated mustard oil behind 3 dropsy deaths in Nabha: report Adulterated mustard oil behind 3 dropsy deaths in Nabha: report Three members of the family died in September,",mustard oil,adulterated,,,,,,357
00cec5e8-2bd1-48dc-8ad3-4387443be743,"Dahod Police Bust Major Spurious Cooking Oil Racket, Seize Goods Worth Over Rs 15 Lakhs | Vadodara News - Times of India",indiatimes.com,2024-12-10,https://timesofindia.indiatimes.com/city/vadodara/dahod-police-bust-major-spurious-cooking-oil-racket-seize-goods-worth-over-rs-15-lakhs/articleshow/116183542.cms,C:\Users\yuvra\OneDrive\Desktop\RAship\FoodComputing\news_crawler\data\runs\edible_oils_boolean_title_proximity_2026-06-22\mediacloud\cleaned_text\timesofindia.indiatimes.com\a01a2dc0e4f21201.txt,boolean,boolean_core_oils_fraud,True,adulterated_product,relevant,0.94,Pattern says edible oil is the adulterated/seized/failed product.,"Dahod Police Bust Major Spurious Cooking Oil Racket, Seize Goods Worth Over Rs 15 Lakhs | Vadodara News - Times of India Vadodara: After the discovery of a fa",edible oil; cooking oil; palm oil,adulterated; fake; spurious; seized; seizure; raid; raided; food safety,,,,,,257
251fb653-571f-41aa-b272-ab133fb6e082,Hc Questions Lack Of Local Testing Infra For Mustard Oil Adulteration | Chandigarh News - Times of India,indiatimes.com,2024-12-15,https://timesofindia.indiatimes.com/city/chandigarh/hc-questions-lack-of-local-testing-infra-for-mustard-oil-adulteration/articleshow/116327780.cms,C:\Users\yuvra\OneDrive\Desktop\RAship\FoodComputing\news_crawler\data\runs\edible_oils_boolean_title_proximity_2026-06-22\mediacloud\cleaned_text\timesofindia.indiatimes.com\657e302ed43cf120.txt,boolean,boolean_named_oils_fraud,True,adulterated_product,relevant,0.94,Pattern says edible oil is the adulterated/seized/failed product.,"Hc Questions Lack Of Local Testing Infra For Mustard Oil Adulteration | Chandigarh News - Times of India Chandigarh: As cases of food adulteration rise, especially in edible oils, it is surprising that the region, including Punjab, Haryana, and C",mustard oil,adulteration,,,,,,418
f5f0bba5-30c7-4b3c-afe8-6f96bfdb401f,Punjab &amp; Haryana high court asks Centre if they plan to open more labs to check cooking oil adulteration,hindustantimes.com,2024-12-15,https://www.hindustantimes.com/cities/chandigarh-news/punjab-haryana-high-court-asks-centre-if-there-are-plans-to-open-more-labs-to-check-cooking-oil-adulteration-101734204296975.html,C:\Users\yuvra\OneDrive\Desktop\RAship\FoodComputing\news_crawler\data\runs\edible_oils_boolean_title_proximity_2026-06-22\mediacloud\cleaned_text\hindustantimes.com\7e7a2a693de247a5.txt,boolean,boolean_core_oils_fraud,True,adulterated_product,relevant,0.94,Pattern says edible oil is the adulterated/seized/failed product.,ab &amp; Haryana high court asks Centre if they plan to open more labs to check cooking oil adulteration Punjab & Haryana high court asks Centre if they plan to open more labs to check cooking oil adulter,cooking oil; mustard oil; rice bran oil,adulterated; adulteration; seized; food safety; inspection,,,,,,474
123b80bc-2f62-4cb0-bddf-d75e3fd9e490,"Unsafe cooking oil, food items disposed of | Vadodara News - The Times of India",indiatimes.com,2025-03-04,https://timesofindia.indiatimes.com/city/vadodara/unsafe-cooking-oil-food-items-disposed-of/articleshow/118691575.cms,C:\Users\yuvra\OneDrive\Desktop\RAship\FoodComputing\news_crawler\data\runs\edible_oils_boolean_title_proximity_2026-06-22\mediacloud\cleaned_text\timesofindia.indiatimes.com\ca954e6d68edb14b.txt,title_only,title_core_oils_fraud,True,adulterated_product,relevant,0.94,Pattern says edible oil is the adulterated/seized/failed product.,"Unsafe cooking oil, food items disposed of | Vadodara News - The Times of India Vadodara: Teams of Vadodara Municipal",cooking oil,unsafe; seized; food safety,,,,,,167
09aee8d2-8c4b-4390-b931-468a413fb0fb,"Crackdown on food adulteration: 112 kg rice bran oil destroyed, substandard sauces seized in Lucknow",hindustantimes.com,2025-03-12,https://www.hindustantimes.com/cities/lucknow-news/crackdown-on-food-adulteration-112-kg-rice-bran-oil-destroyed-substandard-sauces-seized-in-lucknow-101741721802362.html,C:\Users\yuvra\OneDrive\Desktop\RAship\FoodComputing\news_crawler\data\runs\edible_oils_boolean_title_proximity_2026-06-22\mediacloud\cleaned_text\hindustantimes.com\7c0fd9e72fdabe06.txt,boolean,boolean_named_oils_fraud,True,adulterated_product,relevant,0.94,Pattern says edible oil is the adulterated/seized/failed product.,"Crackdown on food adulteration: 112 kg rice bran oil destroyed, substandard sauces seized in Lucknow Crackdown on food adulteration: 112 kg rice bran oil destroyed, substandard sauces seized in Lucknow Upon examination, the FSDA te",mustard oil; rice bran oil,adulterated; adulteration; substandard; seized; seizure; raid; raided; food safety; FSDA; crackdown,,,,,,471
e0d0dd8e-965d-412d-9baf-c9e35bbeaebe,Health dept seizes 352 boxes of refined oil after 6 hospitalised,hindustantimes.com,2025-04-22,https://www.hindustantimes.com/cities/chandigarh-news/health-dept-seizes-352-boxes-of-refined-oil-after-6-hospitalised-101745259236048.html,C:\Users\yuvra\OneDrive\Desktop\RAship\FoodComputing\news_crawler\data\runs\edible_oils_boolean_title_proximity_2026-06-22\mediacloud\cleaned_text\hindustantimes.com\d04f2ce4af44f5c3.txt,title_only,title_oils_enforcement,True,adulterated_product,relevant,0.94,Pattern says edible oil is the adulterated/seized/failed product.,Health dept seizes 352 boxes of refined oil after 6 hospitalised Health dept seizes 352 boxes of refined oil after 6 hospitalised Test results show Vitamin D toxicity in patients who,refined oil,seized; food safety,,,,,,464
207f792b-6603-44ee-9f21-63f461a03360,AMC seizes 105 tins of suspicious cooking oil from Behrampura - The Times of India,indiatimes.com,2025-04-26,https://timesofindia.indiatimes.com/city/ahmedabad/amc-seizes-105-tins-of-suspicious-cooking-oil-from-behrampura/articleshow/120648762.cms,C:\Users\yuvra\OneDrive\Desktop\RAship\FoodComputing\news_crawler\data\runs\edible_oils_boolean_title_proximity_2026-06-22\mediacloud\cleaned_text\timesofindia.indiatimes.com\f4384a1783ea0f2d.txt,boolean,boolean_core_oils_fraud,True,adulterated_product,relevant,0.94,Pattern says edible oil is the adulterated/seized/failed product.,"ue to suspicions about the cooking oil, 105 tins, comprising 90 tins of refined palm oil (Gujarat brand) and 15 tins of refined soybean oil (Ananta brand), were seized. These tins will remain confiscated until the test results of the samples from these two brands are",cooking oil; soybean oil; palm oil,substandard; unsafe; seized; raid; inspection,,,,,,412
f489f567-c50a-4ae9-ac58-25a9c2926d63,Oil purity test: Adulterated mustard oil seized in Ghaziabad: How to check oil purity at home | - The Times of India,indiatimes.com,2025-06-11,https://timesofindia.indiatimes.com/life-style/food-news/adulterated-mustard-oil-seized-in-ghaziabad-how-to-check-oil-purity-at-home/articleshow/121774827.cms,C:\Users\yuvra\OneDrive\Desktop\RAship\FoodComputing\news_crawler\data\runs\edible_oils_boolean_title_proximity_2026-06-22\mediacloud\cleaned_text\timesofindia.indiatimes.com\8dabedeaf5f0c07c.txt,boolean,boolean_core_oils_fraud,True,adulterated_product,relevant,0.94,Pattern says edible oil is the adulterated/seized/failed product.,Oil purity test: Adulterated mustard oil seized in Ghaziabad: How to check oil purity at home | - The Times of India Mustard oil is one of the most,edible oil; mustard oil,adulterated; adulteration; seized; food safety; Food Safety Department; inspection,,,,,,332
43d56b9f-225e-4d5c-bc77-2672e32d1147,Substandard edible oil found in Nandurbar: Minister warns of action,indianexpress.com,2025-07-07,https://indianexpress.com/article/cities/mumbai/substandard-edible-oil-found-in-nandurbar-minister-warns-of-action-10112216/,C:\Users\yuvra\OneDrive\Desktop\RAship\FoodComputing\news_crawler\data\runs\edible_oils_boolean_title_proximity_2026-06-22\mediacloud\cleaned_text\indianexpress.com\49e833d41cf35d9c.txt,boolean,boolean_core_oils_fraud,True,adulterated_product,relevant,0.94,Pattern says edible oil is the adulterated/seized/failed product.,"Substandard edible oil found in Nandurbar: Minister warns of action Several edible oil samples collected in Nandurbar district have failed to meet food safety standards, and action will be taken",edible oil; soybean oil; groundnut oil,substandard; food safety; FDA; samples collected; inspection,,,,,,252
26c48c10-b833-45f8-a523-b29782b5a1cc,Court fines 2 for selling adulterated mustard oil in Ghaziabad | Noida News - The Times of India,indiatimes.com,2025-07-26,https://timesofindia.indiatimes.com/city/noida/court-fines-2-for-selling-adulterated-mustard-oil-in-ghaziabad/articleshow/122912688.cms,C:\Users\yuvra\OneDrive\Desktop\RAship\FoodComputing\news_crawler\data\runs\edible_oils_boolean_title_proximity_2026-06-22\mediacloud\cleaned_text\timesofindia.indiatimes.com\d7a880f504022a93.txt,boolean,boolean_named_oils_fraud,True,adulterated_product,relevant,0.94,Pattern says edible oil is the adulterated/seized/failed product.,Court fines 2 for selling adulterated mustard oil in Ghaziabad | Noida News - The Times of India Ghaziabad: The Court of Additional Chief Judicial Ma,mustard oil,adulterated; substandard; unsafe; food safety; Food Safety Officer; prosecution; fine,,,,,,247
5934a47a-3aed-44ba-bf55-7cca22c790da,16k litres of fake coconut oil seized | Thiruvananthapuram News - Times of India,indiatimes.com,2025-08-14,https://timesofindia.indiatimes.com/city/thiruvananthapuram/16k-litres-of-fake-coconut-oil-seized/articleshow/123288376.cms,C:\Users\yuvra\OneDrive\Desktop\RAship\FoodComputing\news_crawler\data\runs\edible_oils_boolean_title_proximity_2026-06-22\mediacloud\cleaned_text\timesofindia.indiatimes.com\a763f74e22c867f7.txt,boolean,boolean_named_oils_fraud,True,adulterated_product,relevant,0.94,Pattern says edible oil is the adulterated/seized/failed product.,"16k litres of fake coconut oil seized | Thiruvananthapuram News - Times of India T'puram: The state govt seized 16,565 litres of coconut oil of suspicious quality in seven districts after the food safety departm",coconut oil,fake; seized; seizure; food safety; FSSAI; Food Safety Department,,,,,,132
50c9ce9f-6baa-4cc6-852e-d17e5eee7638,"Kerala seizes 17,000 litres of fake coconut oil, raids intensified ahead of Onam",uniindia.com,2025-08-20,http://www.uniindia.com/kerala-seizes-17-000-litres-of-fake-coconut-oil-raids-intensified-ahead-of-onam/south/news/3550881.html,C:\Users\yuvra\OneDrive\Desktop\RAship\FoodComputing\news_crawler\data\runs\edible_oils_boolean_title_proximity_2026-06-22\mediacloud\cleaned_text\uniindia.com\5bcb10d18fed9475.txt,title_only,title_named_oils_fraud,True,adulterated_product,relevant,0.94,Pattern says edible oil is the adulterated/seized/failed product.,"Kerala seizes 17,000 litres of fake coconut oil, raids intensified ahead of Onam More News22 Jun 2026 | 3:50 PMKhammam, June 22 (UNI) Telangana Deputy Chi",coconut oil,fake,,,,,,287
ef54adfa-74e6-4389-a018-5ac6165ec379,FSDA seizes substandard supply of edible oil worth 30L | Kanpur News - The Times of India,indiatimes.com,2025-10-10,https://timesofindia.indiatimes.com/city/kanpur/fsda-seizes-substandard-supply-of-edible-oil-worth-30l/articleshow/124437838.cms,C:\Users\yuvra\OneDrive\Desktop\RAship\FoodComputing\news_crawler\data\runs\edible_oils_boolean_title_proximity_2026-06-22\mediacloud\cleaned_text\timesofindia.indiatimes.com\2e8b5e681e12d2c8.txt,boolean,boolean_core_oils_fraud,True,adulterated_product,relevant,0.94,Pattern says edible oil is the adulterated/seized/failed product.,"Drug Administration Department (FSDA) on Thursday seized a large consignment of edible oil of substandard quality and other food items during a citywide inspection drive. According to officials, a total of",edible oil,adulterated; substandard; seized; food safety; FSDA; inspection,,,,,,175
772b9e88-d01b-429e-9e85-ef61255f4f3f,Adulterated edible oil worth Rs53L seized in Kanpur raid | Kanpur News - The Times of India,indiatimes.com,2025-10-11,https://timesofindia.indiatimes.com/city/kanpur/adulterated-edible-oil-worth-rs53l-seized-in-kanpur-raid/articleshow/124465364.cms,C:\Users\yuvra\OneDrive\Desktop\RAship\FoodComputing\news_crawler\data\runs\edible_oils_boolean_title_proximity_2026-06-22\mediacloud\cleaned_text\timesofindia.indiatimes.com\1d0b5e69ef9e0637.txt,boolean,boolean_core_oils_fraud,True,adulterated_product,relevant,0.94,Pattern says edible oil is the adulterated/seized/failed product.,Adulterated edible oil worth Rs53L seized in Kanpur raid | Kanpur News - The Times of India Kanpur: The Food Safety and Drug Administration (FSDA) carried o,edible oil; mustard oil; rice bran oil,adulterated; adulteration; substandard; seized; raid; raided; food safety; FSDA; Food Safety Officer,,,,,,247
64410030-5e40-4d33-ad38-1215ae60f157,Maha FDA seizes edible oil worth Rs23L | Nagpur News - The Times of India,indiatimes.com,2025-10-16,https://timesofindia.indiatimes.com/city/nagpur/maha-fda-seizes-edible-oil-worth-rs23l/articleshow/124589903.cms,C:\Users\yuvra\OneDrive\Desktop\RAship\FoodComputing\news_crawler\data\runs\edible_oils_boolean_title_proximity_2026-06-22\mediacloud\cleaned_text\timesofindia.indiatimes.com\d4d702647df6f76a.txt,boolean,boolean_core_oils_fraud,True,adulterated_product,relevant,0.94,Pattern says edible oil is the adulterated/seized/failed product.,Maha FDA seizes edible oil worth Rs23L | Nagpur News - The Times of India Nagpur: In a significant crackdown in the pre-Diwali,edible oil,substandard; seized; seizure; food safety; FDA; crackdown,,,,,,133
2f89093d-38b7-44a5-9cc1-61fb9d0cf08c,NHRC issues notice to FSSAI over rampant reuse of cooking oil by eateries,indiatoday.in,2025-10-23,https://www.indiatoday.in/health/story/nhrc-issues-notice-to-fssai-over-rampant-reuse-of-cooking-oil-by-eateries-2807276-2025-10-23?utm_source=rss,C:\Users\yuvra\OneDrive\Desktop\RAship\FoodComputing\news_crawler\data\runs\edible_oils_boolean_title_proximity_2026-06-22\mediacloud\cleaned_text\indiatoday.in\eb8b815d13a5f5dd.txt,boolean,boolean_core_oils_fraud,True,adulterated_product,relevant,0.94,Pattern says edible oil is the adulterated/seized/failed product.,"ed non-governmental organization, which alleged that the FSSAI’s Repurpose Used Cooking Oil (RUCO) campaign has failed to curb the reuse of degraded oil, particularly among smaller food businesses and street vendors. “",cooking oil; vegetable oil,contamination; food safety; FSSAI,,,,,,839
c7296282-fadd-4ad4-90b8-628c8f656e1b,"NHRC notice to Health Ministry, FSSAI on 'widespread reuse of cooking oil'",indiatimes.com,2025-10-24,https://economictimes.indiatimes.com/news/india/nhrc-notice-to-health-ministry-fssai-on-widespread-reuse-of-cooking-oil/articleshow/124790502.cms,C:\Users\yuvra\OneDrive\Desktop\RAship\FoodComputing\news_crawler\data\runs\edible_oils_boolean_title_proximity_2026-06-22\mediacloud\cleaned_text\economictimes.indiatimes.com\fa049c8b6419bdc8.txt,boolean,boolean_core_oils_fraud,True,adulterated_product,manual_review,0.74,Edible-oil term appears close to adulteration/enforcement language.,"NHRC notice to Health Ministry, FSSAI on 'widespread reuse of cooking oil' The National Human Rights Commission (NHRC) directed a probe into the allegations and th",cooking oil,food safety; FSSAI,,,,,,212
30d59a6d-a8dd-41e3-bd7b-0ea19932a2b1,NHRC issues notice to FSSAI over rampant reuse of cooking oil by eateries,etemaaddaily.com,2025-10-27,https://www.en.etemaaddaily.com/health/nhrc-issues-notice-to-fssai-over-rampant-reuse-of-cooking-oil-by-eateries:183618,C:\Users\yuvra\OneDrive\Desktop\RAship\FoodComputing\news_crawler\data\runs\edible_oils_boolean_title_proximity_2026-06-22\mediacloud\cleaned_text\en.etemaaddaily.com\990611c833a5c7f0.txt,boolean,boolean_core_oils_fraud,True,adulterated_product,manual_review,0.74,Edible-oil term appears close to adulteration/enforcement language.,NHRC issues notice to FSSAI over rampant reuse of cooking oil by eateries Urdu Matrimonials Classifieds World Business Sports Entertainment Health Crim,cooking oil,FSSAI,,,,,,593
0d4a2c7f-33c8-47ce-a96a-894e55407c0c,Fake Coconut Oil Identity: Signs your coconut oil is fake and how to spot the real one,indiatimes.com,2025-11-03,https://timesofindia.indiatimes.com/life-style/beauty/signs-your-coconut-oil-is-fake-and-how-to-spot-the-real-one/photostory/124849847.cms,C:\Users\yuvra\OneDrive\Desktop\RAship\FoodComputing\news_crawler\data\runs\edible_oils_boolean_title_proximity_2026-06-22\mediacloud\cleaned_text\timesofindia.indiatimes.com\8dd663d2d987be4f.txt,boolean,boolean_named_oils_fraud,True,adulterated_product,relevant,0.94,Pattern says edible oil is the adulterated/seized/failed product.,"Fake Coconut Oil Identity: Signs your coconut oil is fake and how to spot the real one As the price of coconut oil continues to surge in the market, especial",palm oil; coconut oil,adulteration; fake; rancid; inspection,,,,,,479
95ca6c45-7ce6-4327-8fae-1e8ad7b53499,Police seize 150 containers of stolen edible oil in Balangir; two arrested | Bhubaneswar News - The Times of India,indiatimes.com,2025-11-09,https://timesofindia.indiatimes.com/city/bhubaneswar/police-seize-150-tins-of-stolen-edible-oil-in-balangir-two-arrested/articleshow/125204052.cms,C:\Users\yuvra\OneDrive\Desktop\RAship\FoodComputing\news_crawler\data\runs\edible_oils_boolean_title_proximity_2026-06-22\mediacloud\cleaned_text\timesofindia.indiatimes.com\c58da39e27213b5d.txt,title_only,title_oils_enforcement,True,adulterated_product,relevant,0.94,Pattern says edible oil is the adulterated/seized/failed product.,Police seize 150 containers of stolen edible oil in Balangir; two arrested | Bhubaneswar News - The Times of India Balangir: A joint team of Deogaon,edible oil,seized; food safety,,,,,,238
8cb5c0df-13cb-44d6-8509-198110984ffd,"Inspection throws up health scare in form of expired foods, fake oil | Jaipur News - The Times of India",indiatimes.com,2025-12-03,https://timesofindia.indiatimes.com/city/jaipur/inspection-throws-up-health-scare-in-form-of-expired-foods-fake-oil/articleshow/125727900.cms,C:\Users\yuvra\OneDrive\Desktop\RAship\FoodComputing\news_crawler\data\runs\edible_oils_boolean_title_proximity_2026-06-22\mediacloud\cleaned_text\timesofindia.indiatimes.com\e32b4c894cae9b85.txt,boolean,boolean_named_oils_fraud,True,adulterated_product,relevant,0.94,Pattern says edible oil is the adulterated/seized/failed product.,"ls said. In a separate action, food safety officers investigated a complaint of fake Sona Sikka brand groundnut oil allegedly being sold in Jaipur. The complaint, filed by a representative of Shyam and Shyam Oil Pvt",groundnut oil,fake; substandard; unsafe; seized; food safety; inspection,,,,,,259
e21aa571-cd54-4c46-a497-584047f0b89e,"Ludhiana: Fast food joint’s cooking oil fails quality test, say Health dept",hindustantimes.com,2025-12-04,https://www.hindustantimes.com/cities/chandigarh-news/ludhiana-fast-food-joint-s-cooking-oil-fails-quality-test-say-health-dept-101764785730988.html,C:\Users\yuvra\OneDrive\Desktop\RAship\FoodComputing\news_crawler\data\runs\edible_oils_boolean_title_proximity_2026-06-22\mediacloud\cleaned_text\hindustantimes.com\0412b3233635a89e.txt,title_only,title_oils_enforcement,True,adulterated_product,relevant,0.94,Pattern says edible oil is the adulterated/seized/failed product.,"say Health dept A Burger King franchise in Mullanpur has been found using “used cooking oil” for frying, the local health department said. The department collected a sample of cooking oil from the restaurant in the Euro 9 market on GT Road on August 25. Tests showed the o",cooking oil,FSSAI; quality test,,,,,,242
0f7223d7-fe1e-4b1f-8ff5-968cfcf297a9,Fake cooking oil supply deal costs Thane businessman Rs 50 lakh,mid-day.com,2026-01-02,https://www.mid-day.com/mumbai/mumbai-crime-news/article/thane-businessman-cheated-of-rs-50-lakh-in-fake-cooking-oil-deal-23610294,C:\Users\yuvra\OneDrive\Desktop\RAship\FoodComputing\news_crawler\data\runs\edible_oils_boolean_title_proximity_2026-06-22\mediacloud\cleaned_text\mid-day.com\5740c29394f4608a.txt,title_only,title_core_oils_fraud,True,adulterated_product,relevant,0.94,Pattern says edible oil is the adulterated/seized/failed product.,Fake cooking oil supply deal costs Thane businessman Rs 50 lakh Thane businessman cheated of Rs 50 lakh in fake cook,cooking oil,fake,,,,,,123
d5ff8dd2-f9ea-499f-8b11-7ace185957a5,40 liters of unsafe cooking oil and 40 kg rotten tomatoes found in a popular fast food outlet in Jaipur - The Times of India,indiatimes.com,2026-02-13,https://timesofindia.indiatimes.com/life-style/food-news/40-liters-of-unsafe-cooking-oil-and-40-kg-rotten-tomatoes-found-in-a-popular-fast-food-outlet-in-jaipur/articleshow/128305861.cms,C:\Users\yuvra\OneDrive\Desktop\RAship\FoodComputing\news_crawler\data\runs\edible_oils_boolean_title_proximity_2026-06-22\mediacloud\cleaned_text\timesofindia.indiatimes.com\f335f4e7f5a4b8e8.txt,title_only,title_core_oils_fraud,True,adulterated_product,relevant,0.94,Pattern says edible oil is the adulterated/seized/failed product.,40 liters of unsafe cooking oil and 40 kg rotten tomatoes found in a popular fast food outlet in Jaipur - The Times of India We oft,cooking oil,unsafe; food safety; FSSAI; inspection,,,,,,335
63b69901-fe9e-484a-888a-ba5c934eaf1a,"Food safety teams seize adulterated khoya in Agra, edible oil in Mânagar | Agra News - The Times of India",indiatimes.com,2026-02-22,https://timesofindia.indiatimes.com/city/agra/food-safety-teams-seize-adulterated-khoya-in-agra-edible-oil-in-mnagar/articleshow/128652372.cms,C:\Users\yuvra\OneDrive\Desktop\RAship\FoodComputing\news_crawler\data\runs\edible_oils_boolean_title_proximity_2026-06-22\mediacloud\cleaned_text\timesofindia.indiatimes.com\1d6fe9c4c4ca3abc.txt,boolean,boolean_core_oils_fraud,True,adulterated_product,relevant,0.94,Pattern says edible oil is the adulterated/seized/failed product.,"dards Act is underway. Meanwhile, in Muzaffarnagar, a food safety team raided a cooking oil unit operating as Kavya Trading on the Shamli Bypass and seized around 12,000 litres of adulterated edible oil worth about Rs 15 lakh. The premises were sealed, and eight samples of mustard oil, rice",edible oil; cooking oil; mustard oil; rice bran oil,adulterated; adulteration; seized; raid; raided; food safety; FSDA; crackdown,,,,,,243
3450f425-a2c2-4d08-b309-682bbbec3378,"Kanpur: Family Tragedy, Adulterated Oil Seized, Policy Announcements &More",indiatimes.com,2026-02-26,https://timesofindia.indiatimes.com/videos/ai-top-news/kanpur-family-tragedy-adulterated-oil-seized-policy-announcements-more/videoshow/128817874.cms,C:\Users\yuvra\OneDrive\Desktop\RAship\FoodComputing\news_crawler\data\runs\edible_oils_boolean_title_proximity_2026-06-22\mediacloud\cleaned_text\timesofindia.indiatimes.com\8224470464f4b1c4.txt,proximity,proximity_oil_seized,True,adulterated_product,relevant,0.94,Pattern says edible oil is the adulterated/seized/failed product.,"Kanpur: Family Tragedy, Adulterated Oil Seized, Policy Announcements &More Kanpur: Family Tragedy, Adulterated Oil Seized, Policy Announcem",,adulterated; seized,,,,,,50
b8075067-8306-4f7c-bdcf-cb070bb9c2d8,"Coconut Oil Purity Test: FSSAI shares simple trick to detect adulteration in the oil you use for hair, skin and food",indiatimes.com,2026-03-10,https://economictimes.indiatimes.com/news/new-updates/coconut-oil-purity-test-fssai-shares-simple-trick-to-detect-adulteration-in-the-oil-you-use-for-hair-skin-and-food/articleshow/129389742.cms,C:\Users\yuvra\OneDrive\Desktop\RAship\FoodComputing\news_crawler\data\runs\edible_oils_boolean_title_proximity_2026-06-22\mediacloud\cleaned_text\economictimes.indiatimes.com\f9199099156ebe44.txt,boolean,boolean_named_oils_fraud,True,adulterated_product,relevant,0.94,Pattern says edible oil is the adulterated/seized/failed product.,"Coconut Oil Purity Test: FSSAI shares simple trick to detect adulteration in the oil you use for hair, skin and food Read more: 1.5 lakh kg expired Amul-branded food destroy",coconut oil,adulterated; adulteration; contamination; food safety; FSSAI,,,,,,470
c26abcda-8d0e-45de-9518-110cc052b8f9,"Madhapur SOT busts adulterated cooking oil racket, two arrested",etemaaddaily.com,2026-03-10,https://www.en.etemaaddaily.com/world/hyderabad/madhapur-sot-busts-adulterated-cooking-oil-racket-two-arrested:191020,C:\Users\yuvra\OneDrive\Desktop\RAship\FoodComputing\news_crawler\data\runs\edible_oils_boolean_title_proximity_2026-06-22\mediacloud\cleaned_text\en.etemaaddaily.com\a7ecc82d68003aaf.txt,boolean,boolean_core_oils_fraud,True,adulterated_product,relevant,0.94,Pattern says edible oil is the adulterated/seized/failed product.,"Madhapur SOT busts adulterated cooking oil racket, two arrested Urdu Matrimonials Classifieds World Business Sports Entertainment Health Crime",cooking oil,adulterated; seized,,,,,,694
71f9fd0c-69ac-49cb-a69f-581824bf419a,Expired Mustard Oil Seized in Hazaribag Food Safety Raid | Ranchi News - The Times of India,indiatimes.com,2026-04-07,https://timesofindia.indiatimes.com/city/ranchi/expired-mustard-oil-seized-in-hazaribag-food-safety-raid/articleshow/130094279.cms,C:\Users\yuvra\OneDrive\Desktop\RAship\FoodComputing\news_crawler\data\runs\edible_oils_boolean_title_proximity_2026-06-22\mediacloud\cleaned_text\timesofindia.indiatimes.com\e8f620ae7b3ae3db.txt,title_only,title_oils_enforcement,True,adulterated_product,relevant,0.94,Pattern says edible oil is the adulterated/seized/failed product.,Expired Mustard Oil Seized in Hazaribag Food Safety Raid | Ranchi News - The Times of India Hazaribag: Acting on directives of DC Shashi Prakash Singh and a,mustard oil,seized; seizure; raid; food safety; Food Safety Officer; inspection,,,,,,123
9929d4ff-ea91-452f-ab91-9293d496f997,Repeated reuse of cooking oil can trigger serious health risks: Food Safety official,morungexpress.com,2026-04-23,https://morungexpress.com/repeated-reuse-of-cooking-oil-can-trigger-serious-health-risks-food-safety-official,C:\Users\yuvra\OneDrive\Desktop\RAship\FoodComputing\news_crawler\data\runs\edible_oils_boolean_title_proximity_2026-06-22\mediacloud\cleaned_text\morungexpress.com\e616e78532e9c55f.txt,boolean,boolean_core_oils_fraud,True,adulterated_product,manual_review,0.74,Edible-oil term appears close to adulteration/enforcement language.,Repeated reuse of cooking oil can trigger serious health risks: Food Safety official Attendees during the awareness cam,cooking oil,misbranded; food safety; FSSAI; Food Safety Officer,,,,,,298
6855e046-c4f3-4758-b886-2f594024cb27,"Dark discoloration, high TPC levels found in used cooking oil of famous fast food chain: What FSSAI says about the health risks",indiatimes.com,2026-05-05,https://timesofindia.indiatimes.com/life-style/food-news/dark-discoloration-high-tpc-levels-found-in-cooking-oil-of-famous-fast-food-chain-what-fssai-says-about-the-health-risks/articleshow/130833701.cms,C:\Users\yuvra\OneDrive\Desktop\RAship\FoodComputing\news_crawler\data\runs\edible_oils_boolean_title_proximity_2026-06-22\mediacloud\cleaned_text\timesofindia.indiatimes.com\8a2b76c3ff1163dd.txt,boolean,boolean_core_oils_fraud,True,adulterated_product,relevant,0.94,Pattern says edible oil is the adulterated/seized/failed product.,"tunate incident, recently, a KFC outlet in Kondapur, Hyderabad was caught using unsafe cooking oil. Scroll down to read the details. According to a post on X by the Zonal Commissioner, Serillingampa",edible oil; cooking oil,unsafe; food safety; FSSAI; inspection,,,,,,572
9493ed1b-0669-4e6c-9333-386eac56dfb8,Hyderabad: Food safety inspection flags unsafe oil at KFC outlet in Kondapur,siasat.com,2026-05-05,https://www.siasat.com/hyderabad-food-safety-inspection-flags-unsafe-oil-at-kfc-outlet-in-kondapur-3465689/,C:\Users\yuvra\OneDrive\Desktop\RAship\FoodComputing\news_crawler\data\runs\edible_oils_boolean_title_proximity_2026-06-22\mediacloud\cleaned_text\siasat.com\52658b8925ea6be8.txt,proximity,proximity_oil_food_safety,True,adulterated_product,relevant,0.94,Pattern says edible oil is the adulterated/seized/failed product.,"ns of food safety regulations. TPC levels are used to assess the degradation of cooking oil, and exceeding the prescribed limit is considered unsafe for consumption. Officials said such violations can pose health risks if not addressed. Food raids",cooking oil,unsafe; food safety; FSSAI; inspection,,,,,,261
4595338c-44aa-4b37-8a48-67aee1733fd8,"4,000 litres of suspected adulterated oil seized | Kanpur News - The Times of India",indiatimes.com,2026-05-17,https://timesofindia.indiatimes.com/city/kanpur/4000-litres-of-suspected-adulterated-oil-seized/articleshow/131143712.cms,C:\Users\yuvra\OneDrive\Desktop\RAship\FoodComputing\news_crawler\data\runs\edible_oils_boolean_title_proximity_2026-06-22\mediacloud\cleaned_text\timesofindia.indiatimes.com\3db72b5a24309dbb.txt,boolean,boolean_core_oils_fraud,True,adulterated_product,relevant,0.94,Pattern says edible oil is the adulterated/seized/failed product.,"mes of India Kanpur: Police seized around 4,000 litres of suspected adulterated edible oil during a raid near Mantora Bridge in industrial area of Kanpur Dehat on Friday. According to police, the raid was",edible oil,adulterated; adulteration; seized; raid,,,,,,195
23cfbd82-fdd4-4061-a56e-bc5907f430ce,25k litres of diesel disguised as edible oil seized by cops,hindustantimes.com,2026-05-25,https://www.hindustantimes.com/cities/mumbai-news/25k-litres-of-diesel-disguised-as-edible-oil-seized-by-cops-101779646828663.html,C:\Users\yuvra\OneDrive\Desktop\RAship\FoodComputing\news_crawler\data\runs\edible_oils_boolean_title_proximity_2026-06-22\mediacloud\cleaned_text\hindustantimes.com\7a830fab7ef76d0a.txt,title_only,title_oils_enforcement,True,adulterated_product,relevant,0.94,Pattern says edible oil is the adulterated/seized/failed product.,"25k litres of diesel disguised as edible oil seized by cops 25k litres of diesel disguised as edible oil seized by cops Police arrested the driver, Dharmendrakumar Shyamlal Patel (37), a resident of Vashi, Navi",edible oil,seized; crackdown; inspection,,,,,,322
8b119f42-7411-44be-a19d-8ede493307c4,Daltonganj police seize spurious edible oil | Ranchi News - The Times of India,indiatimes.com,2026-06-18,https://timesofindia.indiatimes.com/city/ranchi/daltonganj-police-seize-spurious-edible-oil/articleshow/131829588.cms,C:\Users\yuvra\OneDrive\Desktop\RAship\FoodComputing\news_crawler\data\runs\edible_oils_boolean_title_proximity_2026-06-22\mediacloud\cleaned_text\timesofindia.indiatimes.com\dcc14ef54d46bc64.txt,boolean,boolean_core_oils_fraud,True,adulterated_product,relevant,0.94,Pattern says edible oil is the adulterated/seized/failed product.,"Daltonganj police seize spurious edible oil | Ranchi News - The Times of India Daltonganj: A network involved in selling spurious edible oil of a popular brand was busted and 138 boxes, containing 1,776 litres, seized from a godo",edible oil,adulteration; spurious; contamination; seized; food safety,,,,,,159
10ecc441-e883-46d7-a867-85fd8d2ae45d,"Unsafe cooking oil, pungent smell found at KFC in Hyderabad",siasat.com,2026-06-21,https://www.siasat.com/unsafe-cooking-oil-pungent-smell-found-at-kfc-in-hyderabad-3493459/,C:\Users\yuvra\OneDrive\Desktop\RAship\FoodComputing\news_crawler\data\runs\edible_oils_boolean_title_proximity_2026-06-22\mediacloud\cleaned_text\siasat.com\8790719ffe6315ac.txt,boolean,boolean_core_oils_fraud,True,adulterated_product,relevant,0.94,Pattern says edible oil is the adulterated/seized/failed product.,"Unsafe cooking oil, pungent smell found at KFC in Hyderabad Hyderabad: A food safety inspection at a Hyderabad KFC out",cooking oil,unsafe; food safety; inspection,,,,,,138
62d066c4-37e0-4721-9fd3-f6a841813925,Food regulator bans blending of mustard oil with other edible oils,financialexpress.com,2021-03-31,https://www.financialexpress.com/market/commodities/food-regulator-bans-blending-of-mustard-oil-with-other-edible-oils/2223586/,C:\Users\yuvra\OneDrive\Desktop\RAship\FoodComputing\news_crawler\data\runs\edible_oils_boolean_title_proximity_2026-06-22\mediacloud\cleaned_text\financialexpress.com\35c23c6b20555217.txt,title_only,title_oils_enforcement,True,adulterated_product,manual_review,0.74,Edible-oil term appears close to adulteration/enforcement language.,"Food regulator bans blending of mustard oil with other edible oils The food standard regulator, FSSAI, has banned blending of any kind of edible oil with m",edible oil; mustard oil; soybean oil; vegetable oil,food safety; FSSAI; banned,,,,,,535
6d01c43a-debc-4355-b22d-340ef461ce72,Edible oil worth over Rs 8 lakh looted from Purnia godown | Patna News - Times of India,indiatimes.com,2021-11-23,https://timesofindia.indiatimes.com/city/patna/edible-oil-worth-over-rs-8l-looted-from-purnia-godown/articleshow/87855625.cms,C:\Users\yuvra\OneDrive\Desktop\RAship\FoodComputing\news_crawler\data\runs\edible_oils_boolean_title_proximity_2026-06-22\mediacloud\cleaned_text\timesofindia.indiatimes.com\9949d3ed5d053443.txt,title_only,title_oils_enforcement,False,adjacent_or_unclear,irrelevant,0.85,Business/price/import context with no adulteration or enforcement signal.,"onal town. âThe soaring prices of edible oil may have attracted the criminals to loot the essential commodity,â an investigating officer said. Earlier, trucks carrying garlic and onion were hijacked by criminals on NH-02 in Kaimur and Rohtas distric",edible oil,,commodity,,,,,289
ec80beb1-bbc7-4489-88d9-94cbc3ee3c41,"Sebi bans launch of new derivative contracts of crude palm oil, few other agri commodities",financialexpress.com,2021-12-20,https://www.financialexpress.com/market/commodities/sebi-bans-launch-of-new-derivative-contracts-of-crude-palm-oil-few-other-agri-commodities/2384767/,C:\Users\yuvra\OneDrive\Desktop\RAship\FoodComputing\news_crawler\data\runs\edible_oils_boolean_title_proximity_2026-06-22\mediacloud\cleaned_text\financialexpress.com\a60c30705eb641a3.txt,title_only,title_oils_enforcement,True,adulterated_product,manual_review,0.74,Edible-oil term appears close to adulteration/enforcement language.,"Sebi bans launch of new derivative contracts of crude palm oil, few other agri commodities Markets watchdog Sebi has banned the launch of new derivative",edible oil; soybean oil; palm oil,banned,,,,,,595
8accf064-3ad7-4a57-a449-7a11757fb4cb,Sebi bans launch of new derivative contracts of crude palm oil,theweek.in,2021-12-20,https://www.theweek.in/news/biz-tech/2021/12/20/sebi-bans-launch-of-new-derivative-contracts-of-crude-palm-oil.html,C:\Users\yuvra\OneDrive\Desktop\RAship\FoodComputing\news_crawler\data\runs\edible_oils_boolean_title_proximity_2026-06-22\mediacloud\cleaned_text\theweek.in\1a9541154e7d5b80.txt,title_only,title_oils_enforcement,True,adulterated_product,manual_review,0.74,Edible-oil term appears close to adulteration/enforcement language.,Sebi bans launch of new derivative contracts of crude palm oil Markets watchdog Sebi has banned the launch of new derivative contracts of crude palm oil,edible oil; soybean oil; palm oil,banned,,,,,,593
fe4dfab2-352e-44bf-b6cd-728b96d246ec,"Sunflower oil shortage boon for palm oil producers, bane for consumers",siasat.com,2022-03-13,https://www.siasat.com/sunflower-oil-shortage-boon-for-palm-oil-producers-bane-for-consumers-2290324/,C:\Users\yuvra\OneDrive\Desktop\RAship\FoodComputing\news_crawler\data\runs\edible_oils_boolean_title_proximity_2026-06-22\mediacloud\cleaned_text\siasat.com\ea069758c4cbaba9.txt,title_only,title_oils_enforcement,False,adjacent_or_unclear,irrelevant,0.85,Business/price/import context with no adulteration or enforcement signal.,sumers New Delhi: Shortage of sunflower oil amid the ongoing Russia-Ukraine war has sent crude palm oil prices through the roof. The geo-political worries in the Black Sea region has a significant bearing on sunflower seed and its oil supply from the,edible oil; cooking oil; soybean oil; palm oil; sunflower oil,,oil prices; edible oil prices; commodity,,,,,619
6f6ba76d-9689-4d3c-808b-f21963237165,Palm oil ban: Edible oil industry asks govt to initiate dialogue with Indonesia - BusinessToday,businesstoday.in,2022-04-25,https://www.businesstoday.in/industry/story/palm-oil-ban-edible-oil-industry-asks-govt-to-initiate-dialogue-with-indonesia-331104-2022-04-25,C:\Users\yuvra\OneDrive\Desktop\RAship\FoodComputing\news_crawler\data\runs\edible_oils_boolean_title_proximity_2026-06-22\mediacloud\cleaned_text\businesstoday.in\1fffa12185f61dff.txt,title_only,title_oils_enforcement,False,adjacent_or_unclear,irrelevant,0.85,Business/price/import context with no adulteration or enforcement signal.,"nt in India annually, had announced to ban exports till further notice apparently to contain edible oil prices in their domestic market. ''We have suggested our government initiate dialogue with Indonesian counterparts at the highest diplomatic level",edible oil; cooking oil; soybean oil; palm oil,,oil prices; oil price; edible oil prices; inflation,,,,,482
6c8debed-27b3-49af-a4a9-bc2952ad83a6,"Centre imposes strict stock limit on edible oil, oilseeds to arrest price rise",indianexpress.com,2022-03-31,https://indianexpress.com/article/cities/pune/centre-imposes-strict-stock-limit-on-edible-oil-oilseeds-to-arrest-price-rise-7845831/,C:\Users\yuvra\OneDrive\Desktop\RAship\FoodComputing\news_crawler\data\runs\edible_oils_boolean_title_proximity_2026-06-22\mediacloud\cleaned_text\indianexpress.com\856d601793e84ffc.txt,title_only,title_oils_enforcement,False,adjacent_or_unclear,irrelevant,0.85,Business/price/import context with no adulteration or enforcement signal.,"olesalers can store up to 500 quintals of edible oil. In another move to control the soaring edible oil prices, the central government has imposed a strict stock limit on edible oil and oilseeds till December 31, 2022. Now, processors can store only",edible oil; mustard oil; soybean oil; palm oil; groundnut oil; sunflower oil,,oil prices; edible oil prices,,,,,396
46173000-0f94-4a22-b9c9-03f5067763b0,Soyoil futures surge as Indonesia bans palm oil exports to increase supply,indiatimes.com,2022-04-22,https://economictimes.indiatimes.com/news/international/us/soyoil-futures-surge-as-indoinesia-bans-palm-oil-exports-to-increase-supply/articleshow/91011661.cms,C:\Users\yuvra\OneDrive\Desktop\RAship\FoodComputing\news_crawler\data\runs\edible_oils_boolean_title_proximity_2026-06-22\mediacloud\cleaned_text\economictimes.indiatimes.com\5f91e240215deece.txt,title_only,title_oils_enforcement,False,adjacent_or_unclear,irrelevant,0.85,Business/price/import context with no adulteration or enforcement signal.,"Soyoil futures surge as Indonesia bans palm oil exports to increase supply As soon as Indonesia announced the ban, there was a more than 3% jump in the U.S soyoil futures to 84.03 cents/pound. At",edible oil; cooking oil; palm oil; sunflower oil,,oil exports; futures,,,,,244
0946a1d4-5e62-4801-bcbd-24a14ddcb364,Indonesia to ban palm oil exports to curb domestic prices - BusinessToday,businesstoday.in,2022-04-22,https://www.businesstoday.in/latest/world/story/indonesia-to-ban-palm-oil-exports-to-curb-domestic-prices-330909-2022-04-22,C:\Users\yuvra\OneDrive\Desktop\RAship\FoodComputing\news_crawler\data\runs\edible_oils_boolean_title_proximity_2026-06-22\mediacloud\cleaned_text\businesstoday.in\58b665903e2d8fa8.txt,title_only,title_oils_enforcement,False,adjacent_or_unclear,irrelevant,0.85,Business/price/import context with no adulteration or enforcement signal.,"since Russian forces entered Ukraine in February. 'SKY'S THE LIMIT' ""Sky would be limit for edible oil prices now. Buyers were banking on palm oil after sunoil supplies fell because of the Ukraine war,"" a Mumbai-based dealer at a global trading firm",edible oil; cooking oil; palm oil; sunflower oil,,oil prices; edible oil prices; oil exports; futures,,,,,516
c04c1693-29f0-4f9e-afb5-8767b3743751,"Indonesia bans palm oil export, world to face the jitters  | World News | Zee News",india.com,2022-04-22,https://zeenews.india.com/world/indonesia-bans-palm-oil-export-world-to-face-the-jitters-2456405.html,C:\Users\yuvra\OneDrive\Desktop\RAship\FoodComputing\news_crawler\data\runs\edible_oils_boolean_title_proximity_2026-06-22\mediacloud\cleaned_text\zeenews.india.com\49c5ff2fce990917.txt,title_only,title_oils_enforcement,False,adjacent_or_unclear,irrelevant,0.85,Business/price/import context with no adulteration or enforcement signal.,"d half of our palm oil requirements and the crisis in this Southeast Asian country has upped edible oil prices in India by 20-25 per cent already – with the ban expected to push up prices further. Till a few years back, Indonesia alone supplied close",edible oil; cooking oil; soya oil; palm oil; sunflower oil; vegetable oil,,oil prices; edible oil prices; oil exports; inflation,,,,,526
2bc93499-969c-48af-a5b0-b21d0ac07b7e,Indonesia to ban palm oil exports to curb domestic prices,indiatimes.com,2022-04-23,https://economictimes.indiatimes.com/news/international/business/indonesia-to-ban-palm-oil-exports-to-curb-domestic-prices/articleshow/91013410.cms,C:\Users\yuvra\OneDrive\Desktop\RAship\FoodComputing\news_crawler\data\runs\edible_oils_boolean_title_proximity_2026-06-22\mediacloud\cleaned_text\economictimes.indiatimes.com\9f52ca2f8819864d.txt,title_only,title_oils_enforcement,False,adjacent_or_unclear,irrelevant,0.85,Business/price/import context with no adulteration or enforcement signal.,"ailability of cooking oil in the domestic market becomes abundant and affordable,"" he said. Soybean oil prices on the Chicago Board of Trade rose 4.5% to a record high of 83.21 cents per pound. oil exports in January that was later lifted in March. H",edible oil; cooking oil; soybean oil; palm oil; sunflower oil,,oil prices; edible oil prices; oil exports; inflation,,,,,621
8b7d5260-979a-4e8c-81c2-fe971427b3b5,Indonesia bans palm oil exports as global food inflation spikes,indianexpress.com,2022-04-23,https://indianexpress.com/article/world/indonesia-bans-palm-oil-exports-global-food-inflation-spikes-7883388/,C:\Users\yuvra\OneDrive\Desktop\RAship\FoodComputing\news_crawler\data\runs\edible_oils_boolean_title_proximity_2026-06-22\mediacloud\cleaned_text\indianexpress.com\aad6e50770f79aa6.txt,title_only,title_oils_enforcement,False,adjacent_or_unclear,irrelevant,0.85,Business/price/import context with no adulteration or enforcement signal.,"ndia (SEA).”This move is rather unfortunate and totally unexpected,” he said. Alternative vegetable oil prices spiked in response to the measure which will take effect on April 28. Soybean oil, the second most used vegetable oil, rose 4.5% to a recor",edible oil; cooking oil; soybean oil; palm oil; sunflower oil; vegetable oil,,oil prices; edible oil prices; oil exports; inflation,,,,,779
d8128106-484c-4038-98df-cede3abd3b43,Cooking Oil Prices May Increase In India Amid Indonesia's Palm Oil Export Ban,india.com,2022-04-23,https://www.india.com/business/cooking-oil-prices-india-may-increase-indonesia-palm-oil-export-ban-5354193/,C:\Users\yuvra\OneDrive\Desktop\RAship\FoodComputing\news_crawler\data\runs\edible_oils_boolean_title_proximity_2026-06-22\mediacloud\cleaned_text\india.com\bcad7a1a5c1b2b49.txt,title_only,title_oils_enforcement,False,adjacent_or_unclear,irrelevant,0.85,Business/price/import context with no adulteration or enforcement signal.,Cooking Oil Prices May Increase In India Amid Indonesia's Palm Oil Export Ban New Delhi: Cooking oil prices may increase further in India with Indonesia banni,edible oil; cooking oil; palm oil,,oil prices,,,,,257
bea0f119-e7c1-43f9-9501-2561e5633932,Edible oil prices in India to surge as Indonesia to ban palm oil exports | Today News,livemint.com,2022-04-23,https://www.livemint.com/news/india/edible-oil-prices-in-india-to-surge-as-indonesia-to-halt-palm-oil-exports-11650684747240.html,C:\Users\yuvra\OneDrive\Desktop\RAship\FoodComputing\news_crawler\data\runs\edible_oils_boolean_title_proximity_2026-06-22\mediacloud\cleaned_text\livemint.com\cfa9441e7a5f2415.txt,title_only,title_oils_enforcement,False,adjacent_or_unclear,irrelevant,0.85,Business/price/import context with no adulteration or enforcement signal.,Edible oil prices in India to surge as Indonesia to ban palm oil exports | Today News Edible oil prices in India to surge as Indonesia to ban palm oil export,edible oil; cooking oil; palm oil; sunflower oil; vegetable oil,,oil prices; edible oil prices; oil exports; commodity; inflation,,,,,306
92f9b392-d18e-4297-b9fc-ab19437a496d,Indonesia palm oil export ban to hit packaged goods cos | Mint,livemint.com,2022-04-24,https://www.livemint.com/industry/retail/indonesia-palm-oil-export-ban-to-hit-packaged-goods-cos-11650819008169.html,C:\Users\yuvra\OneDrive\Desktop\RAship\FoodComputing\news_crawler\data\runs\edible_oils_boolean_title_proximity_2026-06-22\mediacloud\cleaned_text\livemint.com\3d9326333cb707e3.txt,title_only,title_oils_enforcement,False,adjacent_or_unclear,irrelevant,0.85,Business/price/import context with no adulteration or enforcement signal.,"challenges,” said Mayank Shah, senior category head at Parle Products. In the last 12 months, palm oil prices have gone up by 50%; and nearly tripled over the last two years. Meanwhile, sunflower oil supplies and prices have remained volatile amid t",edible oil; palm oil; sunflower oil,,oil prices; edible oil prices; commodity; inflation,,,,,522
df9da125-a8ba-4c55-9493-981b9f694195,India’s edible oil prices may rise due to Indonesia’s export ban on palm oil,siasat.com,2022-04-24,https://www.siasat.com/indias-edible-oil-prices-may-rise-due-to-indonesias-export-ban-on-palm-oil-2314604/,C:\Users\yuvra\OneDrive\Desktop\RAship\FoodComputing\news_crawler\data\runs\edible_oils_boolean_title_proximity_2026-06-22\mediacloud\cleaned_text\siasat.com\4dc855a18990f512.txt,title_only,title_oils_enforcement,False,adjacent_or_unclear,irrelevant,0.85,Business/price/import context with no adulteration or enforcement signal.,India’s edible oil prices may rise due to Indonesia’s export ban on palm oil New Delhi: The already high prices for edible oil since the Ukraine-Russia war broke out,edible oil; soybean oil; palm oil; sunflower oil,,oil prices; edible oil prices; import duty; price hike,,,,,480
6d111634-1a31-447f-ba53-6e9a07081669,Indonesia palm oil export ban dents FMCG stocks; oil companies rally,indiatimes.com,2022-04-25,https://economictimes.indiatimes.com/markets/stocks/news/indonesia-palm-oil-export-ban-dents-fmcg-stocks-oil-companies-rally/articleshow/91064018.cms,C:\Users\yuvra\OneDrive\Desktop\RAship\FoodComputing\news_crawler\data\runs\edible_oils_boolean_title_proximity_2026-06-22\mediacloud\cleaned_text\economictimes.indiatimes.com\e01e90f3c82834a2.txt,title_only,title_oils_enforcement,False,adjacent_or_unclear,irrelevant,0.85,Business/price/import context with no adulteration or enforcement signal.,"ted exports of the edible oil between late January and mid-March to try to control domestic cooking oil prices. Brokerage firm Prabhudas Lilladher believes increase in prices of palm oil will further impact the margins in 1QFY23. ""We don’t rule out f",edible oil; cooking oil; palm oil,,oil prices; oil exports,,,,,417
316bb4c8-f625-412c-a5d4-a15bd89507e0,"From spreads to shampoo, Indonesia's palm oil ban will rattle your everyday life",indiatimes.com,2022-04-25,https://economictimes.indiatimes.com/small-biz/trade/exports/insights/from-spreads-to-shampoo-indonesias-palm-oil-ban-will-rattle-your-everyday-life/articleshow/91066437.cms,C:\Users\yuvra\OneDrive\Desktop\RAship\FoodComputing\news_crawler\data\runs\edible_oils_boolean_title_proximity_2026-06-22\mediacloud\cleaned_text\economictimes.indiatimes.com\8a6422d7c24bda78.txt,title_only,title_oils_enforcement,False,adjacent_or_unclear,irrelevant,0.7,Edible-oil term appears without an adulteration/enforcement signal.,"ban will rattle your everyday life Indonesia counts for more than half of the global supply of the edible oil, which is used in everything from cakes, chocolate, margarine and frying fats to cosmetics, soap, shampoo and cleaning products. It is also",edible oil; palm oil,,,,,,,357
2dc88124-ea36-4c2f-bc79-7b48e597192d,Indonesia bans palm oil exports as global food inflation spikes,indiatimes.com,2022-04-25,https://economictimes.indiatimes.com/small-biz/trade/exports/insights/indonesia-bans-palm-oil-exports-as-global-food-inflation-spikes/articleshow/91067523.cms,C:\Users\yuvra\OneDrive\Desktop\RAship\FoodComputing\news_crawler\data\runs\edible_oils_boolean_title_proximity_2026-06-22\mediacloud\cleaned_text\economictimes.indiatimes.com\03cdfa1c578bc19b.txt,title_only,title_oils_enforcement,False,adjacent_or_unclear,irrelevant,0.85,Business/price/import context with no adulteration or enforcement signal.,"e palm oil, as supplies of all oils are tight. 'SKY'S THE LIMIT' ""Sky would be the limit for edible oil prices now. Buyers were banking on palm oil after sunoil supplies fell because of the Ukraine war,"" a Mumbai-based dealer at a global trading firm",edible oil; cooking oil; palm oil; sunflower oil,,oil prices; edible oil prices; oil exports; inflation,,,,,680
0c21069c-fb7d-41d3-bb60-b6381f36a235,Indonesia's palm oil export ban leaves global buyers with no plan B,indiatimes.com,2022-04-25,https://economictimes.indiatimes.com/small-biz/trade/exports/insights/indonesias-palm-oil-export-ban-leaves-global-buyers-with-no-plan-b/articleshow/91067236.cms,C:\Users\yuvra\OneDrive\Desktop\RAship\FoodComputing\news_crawler\data\runs\edible_oils_boolean_title_proximity_2026-06-22\mediacloud\cleaned_text\economictimes.indiatimes.com\7beeb1bae36aa726.txt,title_only,title_oils_enforcement,False,adjacent_or_unclear,irrelevant,0.85,Business/price/import context with no adulteration or enforcement signal.,"pation of a pullback in prices, said a Mumbai-based dealer with a global trading firm. Instead, all oil prices have rallied further. ""Refiners have been caught on the wrong foot. Now they can't afford to wait for a few weeks. They have to make purcha",edible oil; soybean oil; palm oil; sunflower oil; vegetable oil,,oil prices; oil imports; oil exports,,,,,446
e954a849-517b-42d9-a7e5-dda3b7a58cb9,Edible oil prices may rise 15-20% as Indonesia bans palm oil exports,financialexpress.com,2022-04-25,https://www.financialexpress.com/market/commodities/edible-oil-prices-may-rise-15-20-as-indonesia-bans-palm-oil-exports/2502078/,C:\Users\yuvra\OneDrive\Desktop\RAship\FoodComputing\news_crawler\data\runs\edible_oils_boolean_title_proximity_2026-06-22\mediacloud\cleaned_text\financialexpress.com\9badf584a91f0694.txt,title_only,title_oils_enforcement,False,adjacent_or_unclear,irrelevant,0.85,Business/price/import context with no adulteration or enforcement signal.,Edible oil prices may rise 15-20% as Indonesia bans palm oil exports Domestic edible oil prices are likely to shoot up 10% to 15% in the short term after Ind,edible oil; cooking oil; palm oil; sunflower oil; vegetable oil,,oil prices; edible oil prices; oil exports,,,,,626
a5edbb79-cf33-4ce7-9204-8ba8a6f6f107,A Look At What Is Likely To Get Costlier After Indonesia Bans Palm Oil Exports,india.com,2022-04-25,https://www.india.com/business/from-chocolates-to-shampoos-a-look-at-what-is-likely-to-get-costlier-after-indonesia-bans-palm-oil-exports-5356730/,C:\Users\yuvra\OneDrive\Desktop\RAship\FoodComputing\news_crawler\data\runs\edible_oils_boolean_title_proximity_2026-06-22\mediacloud\cleaned_text\india.com\dfa430fb16870ccb.txt,title_only,title_oils_enforcement,True,adulterated_product,manual_review,0.74,Edible-oil term appears close to adulteration/enforcement language.,"bigger holes in their pockets for a while now. Indonesia, last week, banned the export of palm oil from April 28. It must be noted that it is the largest producer of palm oil in the world.",palm oil; sunflower oil,banned,,,,,,324
cf877415-70be-451c-8d39-c3a938be6a94,Indonesia’s surprise export ban to exclude crude palm oil: Report | Stock Market News,livemint.com,2022-04-25,https://www.livemint.com/market/commodities/indonesias-surprise-ban-of-cooking-oil-exports-will-not-be-strict-as-feared-11650879378335.html,C:\Users\yuvra\OneDrive\Desktop\RAship\FoodComputing\news_crawler\data\runs\edible_oils_boolean_title_proximity_2026-06-22\mediacloud\cleaned_text\livemint.com\a92946c69625f4bf.txt,title_only,title_oils_enforcement,False,adjacent_or_unclear,irrelevant,0.85,Business/price/import context with no adulteration or enforcement signal.,"2, 03:27 PM IST Palm oil slumped on prospects that top producer Indonesia’s surprise ban of cooking oil exports will not be strict as feared. Indonesia will only halt exports of bulk and packaged RBD palmolein, a higher value product that has been pro",cooking oil; soybean oil; palm oil,,oil exports; stock market; futures; inflation,,,,,300
cc6014f7-4668-4a86-a4cd-25ef9cd03ed7,How Indonesia's ban on palm oil exports will hurt us | Stock Market News,livemint.com,2022-04-25,https://www.livemint.com/market/how-indonesia-s-ban-on-palm-oil-exports-hurts-us-11650906583398.html,C:\Users\yuvra\OneDrive\Desktop\RAship\FoodComputing\news_crawler\data\runs\edible_oils_boolean_title_proximity_2026-06-22\mediacloud\cleaned_text\livemint.com\3dce306c4c014cea.txt,title_only,title_oils_enforcement,False,adjacent_or_unclear,irrelevant,0.85,Business/price/import context with no adulteration or enforcement signal.,"edible oil consumption basket. Pradeep S. Mehta, secretary-general, CUTS International, says edible oil prices could surge as much as 100-200% in India if the government fails to find a new source of palm oil. Cooking oil prices are already at record",edible oil; cooking oil; palm oil; sunflower oil,,oil prices; edible oil prices; oil exports; stock market; commodity; inflation,,,,,512
ec0301b4-f48e-4da3-bd89-1ec1a160389f,Palm oil ban: Govt urged to start talks with Indonesia,rediff.com,2022-04-25,https://www.rediff.com/business/report/palm-oil-ban-govt-urged-to-start-talks-with-indonesia/20220425.htm,C:\Users\yuvra\OneDrive\Desktop\RAship\FoodComputing\news_crawler\data\runs\edible_oils_boolean_title_proximity_2026-06-22\mediacloud\cleaned_text\rediff.com\20f1d7e2fb39ab27.txt,title_only,title_oils_enforcement,False,adjacent_or_unclear,irrelevant,0.85,Business/price/import context with no adulteration or enforcement signal.,"nt in India annually, had announced to ban exports till further notice apparently to contain edible oil prices in their domestic market. ""We have suggested our government initiate dialogue with Indonesian counterparts at the highest diplomatic level",edible oil; cooking oil; soybean oil; palm oil,,oil prices; oil price; edible oil prices; inflation,,,,,480
d9c32aac-10be-4e3a-8b30-0e818295ab52,FMCGs may pinch more if Indonesia bans crude palm oil exports too,indiatimes.com,2022-04-26,https://economictimes.indiatimes.com/markets/commodities/news/fmcgs-may-pinch-more-if-indonesia-bans-crude-palm-oil-exports-too/articleshow/91087103.cms,C:\Users\yuvra\OneDrive\Desktop\RAship\FoodComputing\news_crawler\data\runs\edible_oils_boolean_title_proximity_2026-06-22\mediacloud\cleaned_text\economictimes.indiatimes.com\2fc59c66edb5bb1f.txt,title_only,title_oils_enforcement,True,adulterated_product,manual_review,0.74,Edible-oil term appears close to adulteration/enforcement language.,"said Mayank Shah, senior category head, Parle Products. Last Friday, Indonesia banned the palm oil exports until further notice, a move that industry officials and analysts felt could make",edible oil; palm oil; sunflower oil,banned,,,,,,842
010e353e-50fe-43bc-af1d-f19ba4769a43,FMCG stocks decline sharply as Indonesia bans palm oil exports,financialexpress.com,2022-04-26,https://www.financialexpress.com/market/fmcg-stocks-decline-sharply-as-indonesia-bans-palm-oil-exports/2503176/,C:\Users\yuvra\OneDrive\Desktop\RAship\FoodComputing\news_crawler\data\runs\edible_oils_boolean_title_proximity_2026-06-22\mediacloud\cleaned_text\financialexpress.com\358b9f0a988b5e4f.txt,title_only,title_oils_enforcement,False,adjacent_or_unclear,irrelevant,0.85,Business/price/import context with no adulteration or enforcement signal.,"will lead to an increase in prices in the domestic market. “Given that palm oil is 60% of the total oil imports, and Indonesia being the second-largest seller, it will push domestic prices up in coming months. FMCG staples majors such as Britannia, Hi",edible oil; palm oil,,oil imports; oil exports; commodity; inflation,,,,,289
1c3156a1-3a56-4a2a-95ff-d2f7384df96a,Palm oil ban: Indonesia prepares to widen palm oil export ban,indiatoday.in,2022-04-26,https://www.indiatoday.in/business/story/palm-oil-ban-indonesia-prepares-to-widen-palm-oil-export-ban-1942053-2022-04-26,C:\Users\yuvra\OneDrive\Desktop\RAship\FoodComputing\news_crawler\data\runs\edible_oils_boolean_title_proximity_2026-06-22\mediacloud\cleaned_text\indiatoday.in\bb954642a77b23f9.txt,title_only,title_oils_enforcement,False,adjacent_or_unclear,irrelevant,0.85,Business/price/import context with no adulteration or enforcement signal.,"l soaring domestic prices, but provided no details. Indonesia's announcement has sent global edible oil prices soaring as supplies were already choked by other factors such as drought and shortages from Russia's invasion of major crop producer Ukrain",edible oil; cooking oil; palm oil,,oil prices; edible oil prices,,,,,503
113861b8-6282-4e87-94ff-41a06223a254,"Indonesia's Palm Oil Export Ban: Cooking Oil, Food Prices Set To Spike On, Indian Edible Oil Market To Take A Hit ",indiatoday.in,2022-04-26,https://www.indiatoday.in/newsmo/video/indonesia-s-palm-oil-export-ban-cooking-oil-food-prices-set-to-spike-on-indian-edible-oil-market-to-take-a-hit-1942273-2022-04-26,C:\Users\yuvra\OneDrive\Desktop\RAship\FoodComputing\news_crawler\data\runs\edible_oils_boolean_title_proximity_2026-06-22\mediacloud\cleaned_text\indiatoday.in\90ee754f7ddddf22.txt,title_only,title_oils_enforcement,False,adjacent_or_unclear,irrelevant,0.85,Business/price/import context with no adulteration or enforcement signal.,nst rising food costs. Indonesia and Malaysia are the world's largest exporters of palm oil. Edible oil prices were already up but Indonesia’s recent ban on exports of cooking oil is going to make it worse. LATEST VIDEOS Prime Minister Narendra Modi,edible oil; cooking oil; palm oil,,oil prices; edible oil prices,,,,,372
94e662cb-9ffb-4f49-be29-e4863e34aa53,Ruchi Soya says details of Indonesia's palm oil export ban a relief | Stock Market News,livemint.com,2022-04-26,https://www.livemint.com/market/commodities/ruchi-soya-says-details-of-indonesia-s-palm-oil-export-ban-a-relief-11650964863628.html,C:\Users\yuvra\OneDrive\Desktop\RAship\FoodComputing\news_crawler\data\runs\edible_oils_boolean_title_proximity_2026-06-22\mediacloud\cleaned_text\livemint.com\6c19f86cf57af9b6.txt,title_only,title_oils_enforcement,False,adjacent_or_unclear,irrelevant,0.85,Business/price/import context with no adulteration or enforcement signal.,"afford another disruption to food supply after massive chaos sparked by the war in Ukraine. Edible oil prices in India have been rising, putting the government on notice. Authorities have abolished import duties and clamped down on hoarding, but pri",edible oil; cooking oil; soybean oil; palm oil; sunflower oil; vegetable oil,,oil prices; edible oil prices; stock market,,,,,366
dbb2fe1a-fd47-413f-9645-cec54603712f,Palm oil export ban by Indonesia begins tomorrow | All you need to know,indiatoday.in,2022-04-27,https://www.indiatoday.in/business/story/palm-oil-export-ban-by-indonesia-begins-tomorrow-all-you-need-to-know-1942569-2022-04-27,C:\Users\yuvra\OneDrive\Desktop\RAship\FoodComputing\news_crawler\data\runs\edible_oils_boolean_title_proximity_2026-06-22\mediacloud\cleaned_text\indiatoday.in\67cbdefa6d4ae246.txt,title_only,title_oils_enforcement,False,adjacent_or_unclear,irrelevant,0.85,Business/price/import context with no adulteration or enforcement signal.,"all palm oil planters in Indonesia have enjoyed big paycheques in the past year as global vegetable oil prices surged, but these farmers fear they will bear the brunt of the pain from a new export ban coming into effect on Thursday. Local farmers sai",edible oil; palm oil; vegetable oil,,oil prices; oil price; oil exports; stock market,,,,,410
c60b762d-e1d9-48df-8d59-c2b15a8a0428,"As Indonesia enforces palm oil export ban, should India worry?",theweek.in,2022-04-28,http://www.theweek.in/news/biz-tech/2022/04/28/as-indonesia-enforces-palm-oil-export-ban-should-india-worry0.html,C:\Users\yuvra\OneDrive\Desktop\RAship\FoodComputing\news_crawler\data\runs\edible_oils_boolean_title_proximity_2026-06-22\mediacloud\cleaned_text\theweek.in\b17571432cfe8081.txt,title_only,title_oils_enforcement,False,adjacent_or_unclear,irrelevant,0.85,Business/price/import context with no adulteration or enforcement signal.,"palm oil and used cooking oil. The government said the ban would be in force until domestic cooking oil prices ease. The move by Indonesia marks the latest disruption to the global food industry, which has been rocked by the Ukraine war and subsequen",edible oil; cooking oil; palm oil,,oil prices; commodity; inflation,,,,,495
5143c369-5192-49e4-b53b-4511ae7a7471,Prices of Packaged Goods to Rise as Indonesia’s Palm Oil Export Ban Comes Into Effect Today,india.com,2022-04-28,https://www.india.com/business/prices-of-packaged-goods-to-rise-as-indonesias-palm-oil-export-ban-comes-into-effect-today-all-you-need-to-know-5363846/,C:\Users\yuvra\OneDrive\Desktop\RAship\FoodComputing\news_crawler\data\runs\edible_oils_boolean_title_proximity_2026-06-22\mediacloud\cleaned_text\india.com\8812986aa85dad2e.txt,title_only,title_oils_enforcement,False,adjacent_or_unclear,irrelevant,0.7,Edible-oil term appears without an adulteration/enforcement signal.,"export coming into effect from Thursday, experts believe the move is expected to push the prices of edible oil and packaged goods upward in India. As palm oil is used as raw material to manufacture products such as soaps, shampoos, noodles and biscui",edible oil; palm oil,,,,,,,340
45524587-9ba5-4103-bbdb-b9d86cbf66cd,Food protectionism ramps up as Indonesia bans palm oil exports,indiatimes.com,2022-04-29,https://economictimes.indiatimes.com/small-biz/trade/exports/insights/food-protectionism-ramps-up-as-indonesia-bans-palm-oil-exports/articleshow/91167554.cms,C:\Users\yuvra\OneDrive\Desktop\RAship\FoodComputing\news_crawler\data\runs\edible_oils_boolean_title_proximity_2026-06-22\mediacloud\cleaned_text\economictimes.indiatimes.com\5bde36edfda94a05.txt,title_only,title_oils_enforcement,False,adjacent_or_unclear,irrelevant,0.85,Business/price/import context with no adulteration or enforcement signal.,"Food protectionism ramps up as Indonesia bans palm oil exports The top shipper imposed a sweeping ban on cooking oil exports, covering palm oil products across the value chain. It’s hard to overstate th",edible oil; cooking oil; palm oil,,oil exports; futures; palm oil futures,,,,,441
146e2ef6-256d-4381-b9f3-1e3324ea4961,Edible oil industry readies for tough time over Indonesian ban on exports,indianexpress.com,2022-04-29,https://indianexpress.com/article/cities/pune/edible-oil-industry-readies-for-tough-time-over-indonesian-ban-on-exports-7892515/,C:\Users\yuvra\OneDrive\Desktop\RAship\FoodComputing\news_crawler\data\runs\edible_oils_boolean_title_proximity_2026-06-22\mediacloud\cleaned_text\indianexpress.com\c7ef72bdc074f0c1.txt,title_only,title_oils_enforcement,True,adulterated_product,manual_review,0.74,Edible-oil term appears close to adulteration/enforcement language.,molien oil while crude palm oil (CPO) and RBD palm oil are allowed to be shipped. INDIA’S EDIBLE oil industry is up for some tough time after Indonesia completely banned the export of palm o,edible oil; refined oil; soya oil; palm oil,banned,,,,,,648
fc9dae81-e7b3-4244-8cd3-46b389831e11,Indonesia's ban on palm oil exports a concern but impact to be transitory: FMCG industry,indiatimes.com,2022-05-01,https://economictimes.indiatimes.com/industry/cons-products/fmcg/indonesias-ban-on-palm-oil-exports-a-concern-but-impact-to-be-transitory-fmcg-industry/articleshow/91234387.cms,C:\Users\yuvra\OneDrive\Desktop\RAship\FoodComputing\news_crawler\data\runs\edible_oils_boolean_title_proximity_2026-06-22\mediacloud\cleaned_text\economictimes.indiatimes.com\b01c2188e04363c3.txt,title_only,title_oils_enforcement,True,adulterated_product,manual_review,0.74,Edible-oil term appears close to adulteration/enforcement language.,"l producer, banned shipments of crude palm oil (CPO), adding to the previous sanctions on refined oil, to soften the prices in its domestic market. However, the Indian industry and experts ex",refined oil; palm oil; rice bran oil; cottonseed oil,banned,,,,,,565
9500b36a-7a65-484d-8f28-e28b233246c6,Why Indonesia's palm oil export ban has not cooled cooking oil prices,indiatimes.com,2022-05-17,https://economictimes.indiatimes.com/news/international/business/why-indonesias-palm-oil-export-ban-has-not-cooled-cooking-oil-prices/articleshow/91616386.cms,C:\Users\yuvra\OneDrive\Desktop\RAship\FoodComputing\news_crawler\data\runs\edible_oils_boolean_title_proximity_2026-06-22\mediacloud\cleaned_text\economictimes.indiatimes.com\a080461f804499da.txt,title_only,title_oils_enforcement,False,adjacent_or_unclear,irrelevant,0.85,Business/price/import context with no adulteration or enforcement signal.,"Why Indonesia's palm oil export ban has not cooled cooking oil prices Despite these tough policies that have rattled edible oil markets and cost hundreds of millions of dollars in lost revenue, the price of co",edible oil; cooking oil; palm oil,,oil prices; oil price,,,,,553
78912afd-9e44-4aea-bb89-6d688caf67ac,Indonesian farmers stage protests against palm oil export ban - Times of India,indiatimes.com,2022-05-17,https://timesofindia.indiatimes.com/world/rest-of-world/indonesian-farmers-stage-protests-against-palm-oil-export-ban/articleshow/91608348.cms,C:\Users\yuvra\OneDrive\Desktop\RAship\FoodComputing\news_crawler\data\runs\edible_oils_boolean_title_proximity_2026-06-22\mediacloud\cleaned_text\timesofindia.indiatimes.com\51b4cfea112df980.txt,title_only,title_oils_enforcement,False,adjacent_or_unclear,irrelevant,0.85,Business/price/import context with no adulteration or enforcement signal.,"Chief Economics Minister Airlangga Hartarto has said the ban would stay in place until bulk cooking oil prices drop to 14,000 rupiah ($0.9563) per litre across Indonesia. Trade Ministry data showed as of Friday, bulk cooking oil was priced on average",cooking oil; palm oil; vegetable oil,,oil prices,,,,,370
929779c1-9da1-4279-82ff-3ee943fab3e8,Why Indonesia's palm oil export ban has not cooled cooking oil prices | Stock Market News,livemint.com,2022-05-17,https://www.livemint.com/market/commodities/why-indonesia-s-palm-oil-export-ban-has-not-cooled-cooking-oil-prices-11652783920048.html,C:\Users\yuvra\OneDrive\Desktop\RAship\FoodComputing\news_crawler\data\runs\edible_oils_boolean_title_proximity_2026-06-22\mediacloud\cleaned_text\livemint.com\2764216602c93b85.txt,title_only,title_oils_enforcement,False,adjacent_or_unclear,irrelevant,0.85,Business/price/import context with no adulteration or enforcement signal.,"Why Indonesia's palm oil export ban has not cooled cooking oil prices | Stock Market News Indonesia, the world's biggest palm oil exporter, has since April 28 halted shipments of the edible oil in a bid to flo",edible oil; cooking oil; palm oil,,oil prices; oil price; stock market,,,,,638
fc44b5ca-79b4-4d5e-8070-bec8a6d71880,Indonesia to lift palm oil export ban from Monday: President Joko Widodo,indiatimes.com,2022-05-19,https://economictimes.indiatimes.com/news/international/world-news/indonesia-to-lift-palm-oil-export-ban-from-monday-president/articleshow/91663224.cms,C:\Users\yuvra\OneDrive\Desktop\RAship\FoodComputing\news_crawler\data\runs\edible_oils_boolean_title_proximity_2026-06-22\mediacloud\cleaned_text\economictimes.indiatimes.com\bb8afc350ece779e.txt,title_only,title_oils_enforcement,False,adjacent_or_unclear,irrelevant,0.7,Edible-oil term appears without an adulteration/enforcement signal.,"reported. Indonesia, the world's biggest palm oil exporter, has since April 28 halted shipments of edible oil in a bid to flood the domestic market with supplies to control the soaring prices of cooking oil. Reports had suggested that despite the to",edible oil; cooking oil; palm oil,,,,,,,163
cb207d92-ee58-41fd-aaf8-87feb8ddd3f1,"Indonesia to lift palm oil export ban from Monday, president says",indianexpress.com,2022-05-19,https://indianexpress.com/article/world/indonesia-to-lift-palm-oil-export-ban-from-monday-president-says-7925970/,C:\Users\yuvra\OneDrive\Desktop\RAship\FoodComputing\news_crawler\data\runs\edible_oils_boolean_title_proximity_2026-06-22\mediacloud\cleaned_text\indianexpress.com\4aa8132b9d8fe4ec.txt,title_only,title_oils_enforcement,False,adjacent_or_unclear,irrelevant,0.7,Edible-oil term appears without an adulteration/enforcement signal.,"ays Indonesia will lift its palm oil export ban from Monday, following improvements in the domestic cooking oil supply situation, President Joko Widodo said on Thursday. The world’s top palm oil exporter has since April 28 halted shipments of crude pa",cooking oil; palm oil; sunflower oil; vegetable oil,,,,,,,249
1746d80e-3b2f-43e2-9572-6c3c7b882654,"Indonesia Palm Oil Export Ban: Indonesia to lift palm oil export ban from Monday, president says | International Business News - Times of India",indiatimes.com,2022-05-19,https://timesofindia.indiatimes.com/business/india-business/indonesia-to-lift-palm-oil-export-ban-from-monday-president-says/articleshow/91664918.cms,C:\Users\yuvra\OneDrive\Desktop\RAship\FoodComputing\news_crawler\data\runs\edible_oils_boolean_title_proximity_2026-06-22\mediacloud\cleaned_text\timesofindia.indiatimes.com\a3f0faa409116beb.txt,title_only,title_oils_enforcement,False,adjacent_or_unclear,irrelevant,0.7,Edible-oil term appears without an adulteration/enforcement signal.,"TA: Indonesia will lift its palm oil export ban from Monday, following improvements in the domestic cooking oil supply situation, President Joko Widodo said on Thursday. The world's top palm oil exporter has since April 28 halted shipments of crude pa",cooking oil; palm oil; sunflower oil; vegetable oil,,,,,,,250
0a471a9b-f224-4531-813e-7bc0c93b5735,"Indonesia Palm Oil Export Ban: Indonesia to lift palm oil export ban from Monday, president says | International Business News - Times of India",indiatimes.com,2022-05-19,https://timesofindia.indiatimes.com/business/international-business/indonesia-to-lift-palm-oil-export-ban-from-monday-president-says/articleshow/91664918.cms,C:\Users\yuvra\OneDrive\Desktop\RAship\FoodComputing\news_crawler\data\runs\edible_oils_boolean_title_proximity_2026-06-22\mediacloud\cleaned_text\timesofindia.indiatimes.com\30b59d27821996e9.txt,title_only,title_oils_enforcement,False,adjacent_or_unclear,irrelevant,0.7,Edible-oil term appears without an adulteration/enforcement signal.,"TA: Indonesia will lift its palm oil export ban from Monday, following improvements in the domestic cooking oil supply situation, President Joko Widodo said on Thursday. The world's top palm oil exporter has since April 28 halted shipments of crude pa",cooking oil; palm oil; sunflower oil; vegetable oil,,,,,,,250
517e7647-103a-4894-a4c5-da5366e60fe5,"Indonesia to lift palm oil export ban from Monday, says president - BusinessToday",businesstoday.in,2022-05-19,https://www.businesstoday.in/latest/world/story/indonesia-to-lift-palm-oil-export-ban-from-monday-says-president-334255-2022-05-19?utm_source=rssfeed,C:\Users\yuvra\OneDrive\Desktop\RAship\FoodComputing\news_crawler\data\runs\edible_oils_boolean_title_proximity_2026-06-22\mediacloud\cleaned_text\businesstoday.in\efdba3b6e34bac14.txt,title_only,title_oils_enforcement,False,adjacent_or_unclear,irrelevant,0.7,Edible-oil term appears without an adulteration/enforcement signal.,"day Indonesia will lift its palm oil export ban from Monday, following improvements in the domestic cooking oil supply situation, President Joko Widodo said on Thursday. The world's top palm oil exporter has since April 28 halted shipments of crude pa",cooking oil; palm oil; sunflower oil; vegetable oil,,,,,,,277
a4fd333b-7e27-413b-bdcb-2679b449deec,Indonesia lifts ban on cooking oil export as supply improves,financialexpress.com,2022-05-19,https://www.financialexpress.com/market/commodities/indonesia-lifts-ban-on-cooking-oil-export-as-supply-improves/2531309/,C:\Users\yuvra\OneDrive\Desktop\RAship\FoodComputing\news_crawler\data\runs\edible_oils_boolean_title_proximity_2026-06-22\mediacloud\cleaned_text\financialexpress.com\a7500b6c2d3c885a.txt,title_only,title_oils_enforcement,True,adulterated_product,manual_review,0.74,Edible-oil term appears close to adulteration/enforcement language.,ussia. Palm oil prices went up 200per cent or higher after Indonesia banned the export of cooking oil and its raw materials to reduce local shortages and hold down skyrocketing prices. Widodo,cooking oil; palm oil; sunflower oil,banned,,,,,,288
8d179172-f619-4e6f-995d-85a3d365ea27,Indonesia Lifts Palm Oil Export Ban From May 23 As Domestic Cooking Oil Supply Situation Improves,india.com,2022-05-19,https://www.india.com/business/breaking-indonesia-lifts-palm-oil-export-ban-from-may-23-as-domestic-cooking-oil-supply-situation-improves-5401494/,C:\Users\yuvra\OneDrive\Desktop\RAship\FoodComputing\news_crawler\data\runs\edible_oils_boolean_title_proximity_2026-06-22\mediacloud\cleaned_text\india.com\610e3d71273d0c46.txt,title_only,title_oils_enforcement,False,adjacent_or_unclear,irrelevant,0.7,Edible-oil term appears without an adulteration/enforcement signal.,Indonesia Lifts Palm Oil Export Ban From May 23 As Domestic Cooking Oil Supply Situation Improves Jakarta: Indonesia President Joko Widodo on Thursday announced that the country will lift its palm oil export ban,cooking oil; palm oil; vegetable oil,,,,,,,272
d1b43679-05cc-482c-8fc6-87f75affa103,Indonesia to lift palm oil export ban from Monday | Stock Market News,livemint.com,2022-05-19,https://www.livemint.com/market/commodities/indonesia-to-lift-palm-oil-export-ban-from-monday-president-joko-widodo-11652955600773.html,C:\Users\yuvra\OneDrive\Desktop\RAship\FoodComputing\news_crawler\data\runs\edible_oils_boolean_title_proximity_2026-06-22\mediacloud\cleaned_text\livemint.com\b1d275137c2a963d.txt,title_only,title_oils_enforcement,False,adjacent_or_unclear,irrelevant,0.85,Business/price/import context with no adulteration or enforcement signal.,"Indonesia to lift palm oil export ban from Monday | Stock Market News The decision to lift the ban was taken despite the price of bulk cooking oil having not yet reached the targeted 14,000 rupiah per lit",cooking oil; palm oil; vegetable oil,,stock market,,,,,333
4ea40f7d-b596-4ab0-968f-d5df97a6cab7,Indonesia lifts palm oil export ban from May 23 as domestic cooking oil supply situation improves | India News | Zee News,india.com,2022-05-19,https://zeenews.india.com/india/indonesia-lifts-palm-oil-export-ban-from-may-23-as-domestic-cooking-oil-supply-situation-improves-2465243.html,C:\Users\yuvra\OneDrive\Desktop\RAship\FoodComputing\news_crawler\data\runs\edible_oils_boolean_title_proximity_2026-06-22\mediacloud\cleaned_text\zeenews.india.com\c577914f0b4c38fa.txt,title_only,title_oils_enforcement,False,adjacent_or_unclear,irrelevant,0.7,Edible-oil term appears without an adulteration/enforcement signal.,Indonesia lifts palm oil export ban from May 23 as domestic cooking oil supply situation improves | India News | Zee News Indonesian President Joko Widodo on Thursday announced to lift its palm oil export ban fr,cooking oil; palm oil; vegetable oil,,,,,,,180
d173d950-b336-4326-9bc9-db0e648a9ea0,India's palm oil imports seen muted even as Indonesia lifts export ban,indiatimes.com,2022-05-20,https://economictimes.indiatimes.com/news/economy/foreign-trade/indias-palm-oil-imports-seen-muted-even-as-indonesia-lifts-export-ban/articleshow/91685295.cms,C:\Users\yuvra\OneDrive\Desktop\RAship\FoodComputing\news_crawler\data\runs\edible_oils_boolean_title_proximity_2026-06-22\mediacloud\cleaned_text\economictimes.indiatimes.com\60108fd6c7ad0a97.txt,title_only,title_oils_enforcement,False,adjacent_or_unclear,irrelevant,0.85,Business/price/import context with no adulteration or enforcement signal.,"wer-than-normal imports by India, the world's biggest palm oil buyer, could weigh on Malaysian palm oil prices, but could lift soyoil shipments from Argentina, Brazil and the United States, supporting Chicago soyoil prices. ""Indians are not rushing t",edible oil; palm oil; sunflower oil; vegetable oil,,oil prices; oil imports,,,,,200
b307e606-f392-41fe-91e8-7ce656bc9803,India's palm oil imports seen muted even as Indonesia lifts export ban - Times of India,indiatimes.com,2022-05-20,https://timesofindia.indiatimes.com/business/india-business/indias-palm-oil-imports-seen-muted-even-as-indonesia-lifts-export-ban/articleshow/91685317.cms,C:\Users\yuvra\OneDrive\Desktop\RAship\FoodComputing\news_crawler\data\runs\edible_oils_boolean_title_proximity_2026-06-22\mediacloud\cleaned_text\timesofindia.indiatimes.com\33738d9a7664c4c0.txt,title_only,title_oils_enforcement,False,adjacent_or_unclear,irrelevant,0.85,Business/price/import context with no adulteration or enforcement signal.,"kely to spike despite Indonesia's decision to lift its ban on overseas shipments as a rally in palm oil prices has made rival soyoil more attractive for refiners, five dealers told Reuters on Friday. Lower-than-normal imports by India, the world's bi",edible oil; soybean oil; palm oil; sunflower oil; vegetable oil,,oil prices; oil imports,,,,,341
0441a1b3-6b46-4ffe-9233-43f000651d4b,Indonesia to reimpose local palm oil sales rule as it ends export ban - BusinessToday,businesstoday.in,2022-05-20,https://www.businesstoday.in/latest/policy/story/indonesia-to-reimpose-local-palm-oil-sales-rule-as-it-ends-export-ban-334387-2022-05-20?utm_source=rssfeed,C:\Users\yuvra\OneDrive\Desktop\RAship\FoodComputing\news_crawler\data\runs\edible_oils_boolean_title_proximity_2026-06-22\mediacloud\cleaned_text\businesstoday.in\5119c184470d0ce7.txt,title_only,title_oils_enforcement,False,adjacent_or_unclear,irrelevant,0.85,Business/price/import context with no adulteration or enforcement signal.,"m oil policy since November. The late-April export ban, an attempt to control high domestic cooking oil prices, shocking global edible oil markets and angered farmers as their product prices fell. Palm oil, used in everything from margarine to shampo",edible oil; cooking oil; palm oil; vegetable oil,,oil prices; futures; palm oil futures,,,,,557
f8a4f2f3-c69f-45e1-af6e-aae26b623e6e,Edible oil prices to come down as Indonesia lifts export ban,financialexpress.com,2022-05-20,https://www.financialexpress.com/market/commodities/edible-oil-prices-to-come-down-as-indonesia-lifts-export-ban/2531601/,C:\Users\yuvra\OneDrive\Desktop\RAship\FoodComputing\news_crawler\data\runs\edible_oils_boolean_title_proximity_2026-06-22\mediacloud\cleaned_text\financialexpress.com\d93c34cd7603d224.txt,title_only,title_oils_enforcement,True,adulterated_product,manual_review,0.74,Edible-oil term appears close to adulteration/enforcement language.,"xporter of palm oil, had banned exports from April 28, 2022 to curb the spike in domestic cooking oil prices. The ban on exports comes at a time when, because of the Russia-Ukraine conflict,",edible oil; cooking oil; refined oil; palm oil; sunflower oil,banned,,,,,,479
d90cef6e-30aa-423e-ad70-fed71ed7cd08,Cooking oil prices to cool as Indonesia lifts export ban | Today News,livemint.com,2022-05-20,https://www.livemint.com/news/india/cooking-oil-prices-to-cool-as-indonesia-lifts-export-ban-11652990758378.html,C:\Users\yuvra\OneDrive\Desktop\RAship\FoodComputing\news_crawler\data\runs\edible_oils_boolean_title_proximity_2026-06-22\mediacloud\cleaned_text\livemint.com\00a7af84f5d9ad15.txt,title_only,title_oils_enforcement,False,adjacent_or_unclear,irrelevant,0.85,Business/price/import context with no adulteration or enforcement signal.,"Cooking oil prices to cool as Indonesia lifts export ban | Today News Cooking oil prices in the domestic market are set to soften after Indonesia, the world’s",edible oil; cooking oil; palm oil,,oil prices; oil imports; commodity; inflation,,,,,348
e54ea4c9-acc0-4429-8453-1c3015aae3f5,"Indonesia to lift palm oil export ban, likely giving India 'big relief'",rediff.com,2022-05-20,https://www.rediff.com/business/report/indonesia-to-lift-palm-oil-export-ban-likely-giving-india-big-relief/20220520.htm,C:\Users\yuvra\OneDrive\Desktop\RAship\FoodComputing\news_crawler\data\runs\edible_oils_boolean_title_proximity_2026-06-22\mediacloud\cleaned_text\rediff.com\cf0653f705561bd8.txt,title_only,title_oils_enforcement,False,adjacent_or_unclear,irrelevant,0.85,Business/price/import context with no adulteration or enforcement signal.,"an oil, a substitute of palm, fell as much as 1.6 per cent after Indonesia’s announcement. Palm oil futures earlier closed 1 per cent lower in Kuala Lumpur. Indonesia's Palm Oil Association appreciated the government's decision to lift the export",edible oil; cooking oil; soybean oil; palm oil; sunflower oil,,futures; palm oil futures; inflation,,,,,555
a979eea9-33cd-404f-a496-5314af1c2d3a,Consumers expected to get relief from high cooking oil prices as Indonesia lifts export ban on palm oil,indiatimes.com,2022-05-21,https://economictimes.indiatimes.com/industry/cons-products/food/consumers-expected-to-get-relief-from-high-cooking-oil-prices-as-indonesia-lifts-export-ban-on-palm-oil/articleshow/91704754.cms,C:\Users\yuvra\OneDrive\Desktop\RAship\FoodComputing\news_crawler\data\runs\edible_oils_boolean_title_proximity_2026-06-22\mediacloud\cleaned_text\economictimes.indiatimes.com\dce2a5910543192c.txt,title_only,title_oils_enforcement,False,adjacent_or_unclear,irrelevant,0.85,Business/price/import context with no adulteration or enforcement signal.,Consumers expected to get relief from high cooking oil prices as Indonesia lifts export ban on palm oil Related - Cooking oil prices to fall with Indonesia set to lift export ban - India's palm oil imp,edible oil; cooking oil; palm oil; sunflower oil,,oil prices; oil imports; inflation,,,,,327
07268098-2815-4052-855e-7c451d139a22,Cooking oil prices to fall with Indonesia set to lift export ban,indiatimes.com,2022-05-21,https://economictimes.indiatimes.com/industry/cons-products/food/cooking-oil-prices-to-fall-with-indonesia-set-to-lift-export-ban/articleshow/91696359.cms,C:\Users\yuvra\OneDrive\Desktop\RAship\FoodComputing\news_crawler\data\runs\edible_oils_boolean_title_proximity_2026-06-22\mediacloud\cleaned_text\economictimes.indiatimes.com\bd540a4da9388431.txt,title_only,title_oils_enforcement,False,adjacent_or_unclear,irrelevant,0.85,Business/price/import context with no adulteration or enforcement signal.,Cooking oil prices to fall with Indonesia set to lift export ban Supplies of sunflower oil from Ukraine are also expected to improve as the Russia-Ukraine war,edible oil; cooking oil; palm oil; sunflower oil,,oil prices,,,,,267
566600e2-eba8-4d30-a4b4-1ef1df6b033e,Indonesia lifts ban on palm oil exports but shipments unlikely now | Here's why,indiatoday.in,2022-05-23,https://www.indiatoday.in/business/story/indonesia-lifts-ban-on-palm-oil-exports-but-shipments-unlikely-now-here-s-why-1952983-2022-05-23?utm_source=rss,C:\Users\yuvra\OneDrive\Desktop\RAship\FoodComputing\news_crawler\data\runs\edible_oils_boolean_title_proximity_2026-06-22\mediacloud\cleaned_text\indiatoday.in\21afe494272767bc.txt,title_only,title_oils_enforcement,False,adjacent_or_unclear,irrelevant,0.85,Business/price/import context with no adulteration or enforcement signal.,"s of crude palm oil and some derivative products last week, expressing confidence that bulk cooking oil prices were heading towards a target level of 14,000 rupiah ($0.9546) per litre, even if they were currently higher in some areas. Palm oil, used",edible oil; cooking oil; palm oil; sunflower oil; vegetable oil,,oil prices; oil exports; futures; palm oil futures,,,,,550
3e5cad41-f5b4-4475-8dc4-fd33eb4dad87,Indonesia seeks to issue first palm oil export permits since ban - BusinessToday,businesstoday.in,2022-05-30,https://www.businesstoday.in/latest/world/story/indonesia-seeks-to-issue-first-palm-oil-export-permits-since-ban-335673-2022-05-30?utm_source=rssfeed,C:\Users\yuvra\OneDrive\Desktop\RAship\FoodComputing\news_crawler\data\runs\edible_oils_boolean_title_proximity_2026-06-22\mediacloud\cleaned_text\businesstoday.in\592b84d86ff72fca.txt,title_only,title_oils_enforcement,False,adjacent_or_unclear,irrelevant,0.85,Business/price/import context with no adulteration or enforcement signal.,senior trade ministry official said. Indonesia is requiring firms to reserve a share of their palm oil exports for the local market under a Domestic Market Obligation (DMO) and to join a bulk cooking oil programme designed to maintain domestic suppli,cooking oil; palm oil; sunflower oil; vegetable oil,,oil exports,,,,,470
4bcb9093-2035-4def-bda9-a0e58613c827,One arrested over theft of cooking oil - Deshdoot,deshdoot.com,2022-06-04,https://www.deshdoot.com/deshdoot-times/one-arrested-over-theft-of-cooking-oil,C:\Users\yuvra\OneDrive\Desktop\RAship\FoodComputing\news_crawler\data\runs\edible_oils_boolean_title_proximity_2026-06-22\mediacloud\cleaned_text\deshdoot.com\d6e0863a0d10339d.txt,title_only,title_oils_enforcement,False,adjacent_or_unclear,irrelevant,0.85,Business/price/import context with no adulteration or enforcement signal.,"One arrested over theft of cooking oil - Deshdoot NASHIK: Amid surge in cooking oil prices, Panchavati police have arrested a thief from Thane who had stolen cooking oil cans worth lakhs of rupees from a shop in Sharadchandra Pawa",cooking oil,,oil prices,,,,,165
3e85441b-fcf0-491b-916a-45cc74611cd3,India's May palm oil imports surge to 7-month high despite Indonesia's ban-dealers,indiatimes.com,2022-06-06,https://economictimes.indiatimes.com/news/economy/foreign-trade/indias-may-palm-oil-imports-surge-to-7-month-high-despite-indonesias-ban-dealers/articleshow/92034277.cms,C:\Users\yuvra\OneDrive\Desktop\RAship\FoodComputing\news_crawler\data\runs\edible_oils_boolean_title_proximity_2026-06-22\mediacloud\cleaned_text\economictimes.indiatimes.com\02e95aec4fb2e792.txt,title_only,title_oils_enforcement,False,adjacent_or_unclear,irrelevant,0.85,Business/price/import context with no adulteration or enforcement signal.,"her purchases by India, the world's biggest importer of vegetable oil, could support Malaysian palm oil prices, which are trading near a record high. India imported 660,000 tonnes of palm oil in May, up from 572,508 tonnes in April, according to the",palm oil; sunflower oil; vegetable oil,,oil prices; oil imports,,,,,174
b06fa32f-74f1-4ba7-8142-f8d74c6696f4,India's palm oil imports in May surge to 7 month high despite Indonesia's ban - BusinessToday,businesstoday.in,2022-06-06,https://www.businesstoday.in/latest/story/indias-palm-oil-imports-in-may-surge-to-7-month-high-despite-indonesias-ban-336438-2022-06-06?utm_source=rssfeed,C:\Users\yuvra\OneDrive\Desktop\RAship\FoodComputing\news_crawler\data\runs\edible_oils_boolean_title_proximity_2026-06-22\mediacloud\cleaned_text\businesstoday.in\42ff5d3ca6b502c6.txt,title_only,title_oils_enforcement,False,adjacent_or_unclear,irrelevant,0.85,Business/price/import context with no adulteration or enforcement signal.,"her purchases by India, the world's biggest importer of vegetable oil, could support Malaysian palm oil prices, which are trading near a record high. India imported 660,000 tonnes of palm oil in May, up from 572,508 tonnes in April, according to the",palm oil; sunflower oil; vegetable oil,,oil prices; oil imports; oil exports; commodity,,,,,301
d276ff78-82e2-4381-b44f-a676e7d37825,India's May palm oil imports surge to 7-month high despite Indonesia's ban | Today News,livemint.com,2022-06-06,https://www.livemint.com/news/india/indias-may-palm-oil-imports-surge-to-7-month-high-despite-indonesia-s-ban-11654510695288.html,C:\Users\yuvra\OneDrive\Desktop\RAship\FoodComputing\news_crawler\data\runs\edible_oils_boolean_title_proximity_2026-06-22\mediacloud\cleaned_text\livemint.com\db08458a3be2ee9d.txt,title_only,title_oils_enforcement,False,adjacent_or_unclear,irrelevant,0.85,Business/price/import context with no adulteration or enforcement signal.,"her purchases by India, the world's biggest importer of vegetable oil, could support Malaysian palm oil prices, which are trading near a record high. India imported 660,000 tonnes of palm oil in May, up from 572,508 tonnes in April, according to the",palm oil; sunflower oil; vegetable oil,,oil prices; oil imports; oil exports; commodity,,,,,337
02c8e4fd-fff3-4dd8-b11f-734530060cfb,Edible oil makers urge for lifting of futures trade ban on crude palm oil and soy oil on commodity exchanges,financialexpress.com,2022-09-13,https://www.financialexpress.com/market/commodities/edible-oil-makers-urge-for-lifting-of-futures-trade-ban-on-crude-palm-oil-and-soy-oil-on-commodity-exchanges/2664648/,C:\Users\yuvra\OneDrive\Desktop\RAship\FoodComputing\news_crawler\data\runs\edible_oils_boolean_title_proximity_2026-06-22\mediacloud\cleaned_text\financialexpress.com\f7f7f448a398ef18.txt,title_only,title_oils_enforcement,True,adjacent_or_unclear,manual_review,0.55,"Edible-oil and adulteration/action terms both appear, but product role is not clear.",Edible oil makers urge for lifting of futures trade ban on crude palm oil and soy oil on commodity exchanges The Solvent Extractors’ Association (SEA),edible oil; mustard oil; soya oil; palm oil,banned,,,,,,493
986aacd7-01de-407e-a117-8c21436b5964,"Futures trading key for price risk management, says edible oil industry as SEBI extends ban",indiasnews.net,2022-12-23,http://www.indiasnews.net/news/273253426/futures-trading-key-for-price-risk-management-says-edible-oil-industry-as-sebi-extends-ban,C:\Users\yuvra\OneDrive\Desktop\RAship\FoodComputing\news_crawler\data\runs\edible_oils_boolean_title_proximity_2026-06-22\mediacloud\cleaned_text\indiasnews.net\b807186fdfa369cd.txt,title_only,title_oils_enforcement,False,adjacent_or_unclear,irrelevant,0.85,Business/price/import context with no adulteration or enforcement signal.,"Futures trading key for price risk management, says edible oil industry as SEBI extends ban New Delhi [India], December 23 (ANI): Domestic edible o",edible oil; palm oil; vegetable oil,,futures; inflation,,,,,339
4d0eb4e6-02c6-4380-a797-54107f4c81dd,"Futures trading key for price risk management, says edible oil industry as SEBI extends ban",newdelhinews.net,2022-12-23,http://www.newdelhinews.net/news/273253426/futures-trading-key-for-price-risk-management-says-edible-oil-industry-as-sebi-extends-ban,C:\Users\yuvra\OneDrive\Desktop\RAship\FoodComputing\news_crawler\data\runs\edible_oils_boolean_title_proximity_2026-06-22\mediacloud\cleaned_text\newdelhinews.net\495054d705ee7363.txt,title_only,title_oils_enforcement,False,adjacent_or_unclear,irrelevant,0.85,Business/price/import context with no adulteration or enforcement signal.,"Futures trading key for price risk management, says edible oil industry as SEBI extends ban New Delhi [India], December 23 (ANI): Domestic edible o",edible oil; palm oil; vegetable oil,,futures; inflation,,,,,339
fadfa9b0-3cca-4935-bd21-84f1daaf5b4c,Steps to arrest decline in key edible oil prices soon,financialexpress.com,2023-03-28,https://www.financialexpress.com/economy/steps-to-arrest-decline-in-key-edible-oil-prices-soon/3023894/,C:\Users\yuvra\OneDrive\Desktop\RAship\FoodComputing\news_crawler\data\runs\edible_oils_boolean_title_proximity_2026-06-22\mediacloud\cleaned_text\financialexpress.com\c0f3e2f92dfc8eb3.txt,title_only,title_oils_enforcement,False,adjacent_or_unclear,irrelevant,0.85,Business/price/import context with no adulteration or enforcement signal.,"Steps to arrest decline in key edible oil prices soon With mandi prices of mustard falling below the Minimum Support Price (MSP) of Rs 5,450/quintal after staying far above the threshold f",edible oil; mustard oil; palm oil,,oil prices; edible oil prices; import duty; inflation,,,,,618
7e21e41e-1bb7-4f02-a0cc-7f18f6c19875,Bihar: Massive fire breaks out at Refined Oil Warehouse in Patna,indiatimes.com,2023-04-18,https://timesofindia.indiatimes.com/videos/news/bihar-massive-fire-breaks-out-at-refined-oil-warehouse-in-patna/videoshow/99585193.cms,C:\Users\yuvra\OneDrive\Desktop\RAship\FoodComputing\news_crawler\data\runs\edible_oils_boolean_title_proximity_2026-06-22\mediacloud\cleaned_text\timesofindia.indiatimes.com\6c895c85a1c36996.txt,title_only,title_oils_enforcement,False,adjacent_or_unclear,irrelevant,0.7,Edible-oil term appears without an adulteration/enforcement signal.,"Bihar: Massive fire breaks out at Refined Oil Warehouse in Patna Bihar: Massive fire breaks out at Refined Oil Warehouse in Patna | Apr 18, 2023, 04:04:26 PM | ANI A fire broke out at R",refined oil,,,,,,,58
8624e266-dab8-4448-ad08-b451538d5832,"5, including cop, arrested for stealing cooking oil in Pakistan. They used a police van",hindustantimes.com,2023-07-07,https://www.hindustantimes.com/world-news/5-including-cop-arrested-for-stealing-cooking-oil-in-pakistan-they-used-a-police-van-101688694534952.html,C:\Users\yuvra\OneDrive\Desktop\RAship\FoodComputing\news_crawler\data\runs\edible_oils_boolean_title_proximity_2026-06-22\mediacloud\cleaned_text\hindustantimes.com\48b27371edf76dcd.txt,title_only,title_oils_enforcement,True,adjacent_or_unclear,manual_review,0.55,"Edible-oil and adulteration/action terms both appear, but product role is not clear.","5, including cop, arrested for stealing cooking oil in Pakistan. They used a police van 5, including cop, arrested for stealing cooking oil in Pakistan. They used a police van Pakistan: The p",cooking oil,seized; raid,,,,,,286
ed013095-ac71-4359-be8c-50af7e95505f,Fire Breaks Out At Edible Oil Godown | Coimbatore News - Times of India,indiatimes.com,2023-09-18,https://timesofindia.indiatimes.com/city/coimbatore/fire-breaks-out-at-edible-oil-godown/articleshow/103744778.cms,C:\Users\yuvra\OneDrive\Desktop\RAship\FoodComputing\news_crawler\data\runs\edible_oils_boolean_title_proximity_2026-06-22\mediacloud\cleaned_text\timesofindia.indiatimes.com\9d84ac6d55ef70b3.txt,title_only,title_oils_enforcement,False,adjacent_or_unclear,irrelevant,0.7,Edible-oil term appears without an adulteration/enforcement signal.,Fire Breaks Out At Edible Oil Godown | Coimbatore News - Times of India Coimbatore: A fire broke out at an edible oil godown on Bharathiyar Road around 11pm on Saturday.,edible oil,,,,,,,407
6fcfdd5e-e43a-4330-9971-396490933955,Kuwait bans export of used cooking oil for one year,siasat.com,2023-11-26,https://www.siasat.com/kuwait-bans-export-of-used-cooking-oil-for-one-year-2920355/,C:\Users\yuvra\OneDrive\Desktop\RAship\FoodComputing\news_crawler\data\runs\edible_oils_boolean_title_proximity_2026-06-22\mediacloud\cleaned_text\siasat.com\046d918a2185e793.txt,title_only,title_oils_enforcement,False,adjacent_or_unclear,irrelevant,0.7,Edible-oil term appears without an adulteration/enforcement signal.,"Kuwait bans export of used cooking oil for one year The Kuwaiti authorities have imposed a one-year ban on the export of used cooking oil and its waste, local media reported. The",cooking oil,,,,,,,161
36abdaaa-a5a1-4fb2-b6b3-dfab8489599d,Edible oil industry urges Centre not to extend export ban on de-oiled rice bran,bombaynews.net,2024-05-26,https://www.bombaynews.net/news/274385248/edible-oil-industry-urges-centre-not-to-extend-export-ban-on-de-oiled-rice-bran,C:\Users\yuvra\OneDrive\Desktop\RAship\FoodComputing\news_crawler\data\runs\edible_oils_boolean_title_proximity_2026-06-22\mediacloud\cleaned_text\bombaynews.net\6e066f050489ee64.txt,title_only,title_oils_enforcement,True,adjacent_or_unclear,manual_review,0.55,"Edible-oil and adulteration/action terms both appear, but product role is not clear.","Edible oil industry urges Centre not to extend export ban on de-oiled rice bran New Delhi [India], May 26 (ANI): Edible oil industry body Solvent Extr",edible oil; vegetable oil,banned,,,,,,466
4731cfeb-94c2-48d2-ac0c-6b4c944a4aef,Edible oil industry urges Centre not to extend export ban on de-oiled rice bran,indiasnews.net,2024-05-26,https://www.indiasnews.net/news/274385248/edible-oil-industry-urges-centre-not-to-extend-export-ban-on-de-oiled-rice-bran,C:\Users\yuvra\OneDrive\Desktop\RAship\FoodComputing\news_crawler\data\runs\edible_oils_boolean_title_proximity_2026-06-22\mediacloud\cleaned_text\indiasnews.net\d3d1d9e14cc1c805.txt,title_only,title_oils_enforcement,True,adjacent_or_unclear,manual_review,0.55,"Edible-oil and adulteration/action terms both appear, but product role is not clear.","Edible oil industry urges Centre not to extend export ban on de-oiled rice bran New Delhi [India], May 26 (ANI): Edible oil industry body Solvent Extr",edible oil; vegetable oil,banned,,,,,,466
42ac1f30-d624-4648-bed5-de4d916652ab,Edible oil industry urges Centre not to extend export ban on de-oiled rice bran,mumbainews.net,2024-05-26,https://www.mumbainews.net/news/274385248/edible-oil-industry-urges-centre-not-to-extend-export-ban-on-de-oiled-rice-bran,C:\Users\yuvra\OneDrive\Desktop\RAship\FoodComputing\news_crawler\data\runs\edible_oils_boolean_title_proximity_2026-06-22\mediacloud\cleaned_text\mumbainews.net\87c7c6b84783ec1e.txt,title_only,title_oils_enforcement,True,adjacent_or_unclear,manual_review,0.55,"Edible-oil and adulteration/action terms both appear, but product role is not clear.","Edible oil industry urges Centre not to extend export ban on de-oiled rice bran New Delhi [India], May 26 (ANI): Edible oil industry body Solvent Extr",edible oil; vegetable oil,banned,,,,,,466
10dc9ef2-7dfb-4a2f-8382-739ea4a89ee5,Edible oil industry urges Centre not to extend export ban on de-oiled rice bran,newdelhinews.net,2024-05-26,https://www.newdelhinews.net/news/274385248/edible-oil-industry-urges-centre-not-to-extend-export-ban-on-de-oiled-rice-bran,C:\Users\yuvra\OneDrive\Desktop\RAship\FoodComputing\news_crawler\data\runs\edible_oils_boolean_title_proximity_2026-06-22\mediacloud\cleaned_text\newdelhinews.net\074f791bd982d544.txt,title_only,title_oils_enforcement,True,adjacent_or_unclear,manual_review,0.55,"Edible-oil and adulteration/action terms both appear, but product role is not clear.","Edible oil industry urges Centre not to extend export ban on de-oiled rice bran New Delhi [India], May 26 (ANI): Edible oil industry body Solvent Extr",edible oil; vegetable oil,banned,,,,,,466
27330654-80b6-4c18-bbde-4e81e1f73dba,Edible Oil Industry Urges Centre Not To Extend Export Ban On De-Oiled Rice Bran | Economy News | Zee News,india.com,2024-05-26,https://zeenews.india.com/economy/edible-oil-industry-urges-centre-not-to-extend-export-ban-on-de-oiled-rice-bran-2752589.html,C:\Users\yuvra\OneDrive\Desktop\RAship\FoodComputing\news_crawler\data\runs\edible_oils_boolean_title_proximity_2026-06-22\mediacloud\cleaned_text\zeenews.india.com\eccbbfe25f406566.txt,title_only,title_oils_enforcement,True,adjacent_or_unclear,manual_review,0.55,"Edible-oil and adulteration/action terms both appear, but product role is not clear.",Edible Oil Industry Urges Centre Not To Extend Export Ban On De-Oiled Rice Bran | Economy News | Zee News New Delhi: Edible oil industry body Solvent,edible oil; vegetable oil,banned,,,,,,512
d10cbf4c-7f29-41cd-bb5c-f91639aabc0c,Major Edible Oil Theft Racket Dismantled in Ahmedabad: Seven Arrested | Ahmedabad News - Times of India,indiatimes.com,2024-10-12,https://timesofindia.indiatimes.com/city/ahmedabad/major-edible-oil-theft-racket-dismantled-in-ahmedabad-seven-arrested/articleshow/114174719.cms,C:\Users\yuvra\OneDrive\Desktop\RAship\FoodComputing\news_crawler\data\runs\edible_oils_boolean_title_proximity_2026-06-22\mediacloud\cleaned_text\timesofindia.indiatimes.com\fc92a25cc50ff1c7.txt,title_only,title_oils_enforcement,True,adulterated_product,relevant,0.94,Pattern says edible oil is the adulterated/seized/failed product.,"oil, four boxes contained edible sunflower oil, and three boxes contained mixed edible oil. Each box contained 15 litres. The officials said that samples were taken from each box and sent for analysis by the FSL. https://timesofindia.indiatimes.com/city",edible oil; soybean oil; sunflower oil,,,,,,,279
0a6f5dff-bf0a-400e-96f1-9e355eead46e,Aloe vera on face to coconut oil banana hair mask: Dermat rates popular home DIY remedies on a scale of 1 to 10,hindustantimes.com,2025-03-23,https://www.hindustantimes.com/lifestyle/health/aloe-vera-on-face-to-coconut-oil-banana-hair-mask-dermat-rates-popular-home-diy-remedies-on-a-scale-of-1-to-10-101742713884903.html,C:\Users\yuvra\OneDrive\Desktop\RAship\FoodComputing\news_crawler\data\runs\edible_oils_boolean_title_proximity_2026-06-22\mediacloud\cleaned_text\hindustantimes.com\96d19a224ade3b55.txt,title_only,title_oils_enforcement,False,adjacent_or_unclear,irrelevant,0.7,Edible-oil term appears without an adulteration/enforcement signal.,Aloe vera on face to coconut oil banana hair mask: Dermat rates popular home DIY remedies on a scale of 1 to 10 Aloe vera on face to coconut oil banana hair mask: Dermat ra,coconut oil,,,,,,,774
7d8d31c0-88b0-4643-b793-168581d69d68,Massive fire at Bhilwara cooking oil warehouse | Jaipur News - The Times of India,indiatimes.com,2025-04-21,https://timesofindia.indiatimes.com/city/jaipur/massive-fire-at-bhilwara-cooking-oil-warehouse/articleshow/120463956.cms,C:\Users\yuvra\OneDrive\Desktop\RAship\FoodComputing\news_crawler\data\runs\edible_oils_boolean_title_proximity_2026-06-22\mediacloud\cleaned_text\timesofindia.indiatimes.com\547544d188a69551.txt,title_only,title_oils_enforcement,False,adjacent_or_unclear,irrelevant,0.7,Edible-oil term appears without an adulteration/enforcement signal.,Massive fire at Bhilwara cooking oil warehouse | Jaipur News - The Times of India Bhilwara: Five fire brigades made about ten rounds to bring under control a massive fire that,cooking oil,,,,,,,175
1931f5f0-e7a9-4fb6-a672-5e16d4dde58f,"Why is Donald Trump considering ban on Chinese cooking oil, and how are trade tensions affecting US farmers?",indiatimes.com,2025-10-15,https://economictimes.indiatimes.com/news/international/us/why-is-donald-trump-considering-ban-on-chinese-cooking-oil-and-how-are-trade-tensions-affecting-us-farmers/articleshow/124574341.cms,C:\Users\yuvra\OneDrive\Desktop\RAship\FoodComputing\news_crawler\data\runs\edible_oils_boolean_title_proximity_2026-06-22\mediacloud\cleaned_text\economictimes.indiatimes.com\9e49ab553d309325.txt,title_only,title_oils_enforcement,True,adjacent_or_unclear,manual_review,0.55,"Edible-oil and adulteration/action terms both appear, but product role is not clear.","Why is Donald Trump considering ban on Chinese cooking oil, and how are trade tensions affecting US farmers? Trump lashes out at China over soybean freeze In a post on Truth Social, Trump criticized",cooking oil,fine,,,,,,580
00990be3-4034-4b91-b48a-d5becb21f100,Mumbai: Over 50% edible oils seized in raids found non-certified,freepressjournal.in,2021-02-02,https://www.freepressjournal.in/mumbai/mumbai-over-50-edible-oils-seized-in-raids-found-non-certified,C:\Users\yuvra\OneDrive\Desktop\RAship\FoodComputing\news_crawler\data\runs\edible_oils_boolean_title_proximity_2026-06-22\mediacloud\cleaned_text\freepressjournal.in\d8b53446dadd7633.txt,proximity,proximity_mustard_oil_seized,True,adulterated_product,relevant,0.94,Pattern says edible oil is the adulterated/seized/failed product.,Mumbai: Over 50% edible oils seized in raids found non-certified More than 50 per cent of edible oils seized by the Food and Drug Administration in Thane and Mumbai during raids last month have been found to,palm oil,seized; FDA,,,,,,153
248bac9b-0717-482a-8cbc-e48198d11498,Adulteration in edible oil detected ,thehindu.com,2021-04-22,https://www.thehindu.com/news/cities/Tiruchirapalli/adulteration-in-edible-oil-detected/article34386473.ece,C:\Users\yuvra\OneDrive\Desktop\RAship\FoodComputing\news_crawler\data\runs\edible_oils_boolean_title_proximity_2026-06-22\mediacloud\cleaned_text\thehindu.com\474a54d200bd8f85.txt,boolean,boolean_core_oils_fraud,True,adulterated_product,relevant,0.94,Pattern says edible oil is the adulterated/seized/failed product.,"chi, inspected the unit on Thursday when palm oil was found packaged as refined sunflower oil. About 5,000 litres of such oil was kept for sales. Samples were collected and sent for testing, Dr. Ramesh Babu said in a press release. About 5,410 litres of",edible oil; palm oil; sunflower oil,adulteration; seized; food safety,,,,,,136
ef7d4799-8c43-4861-ab70-36ba6f35a149,"Stopped adulteration, so mustard oil is expensive: Agriculture Minister Narendra Singh Tomar",freepressjournal.in,2021-06-09,https://www.freepressjournal.in/india/stopped-adulteration-so-mustard-oil-is-expensive-agriculture-minister-narendra-singh-tomar,C:\Users\yuvra\OneDrive\Desktop\RAship\FoodComputing\news_crawler\data\runs\edible_oils_boolean_title_proximity_2026-06-22\mediacloud\cleaned_text\freepressjournal.in\b02254b8a65debbb.txt,boolean,boolean_core_oils_fraud,True,adulterated_product,relevant,0.94,Pattern says edible oil is the adulterated/seized/failed product.,"gh Tomar New Delhi, June 9: Agriculture Minister Narendra Singh Tomar said that mustard oil has definitely become a bit expensive, because the government has stopped adulteration in it. He said that the government is keeping an eye on rising inflation ""Our focus is on the price",edible oil; mustard oil; vegetable oil,adulteration,,,,,,662
8f4767ba-c3c6-4397-a1ba-431f8861a56f,FSSAI asks states to conduct inspections for enforcement of ban on blending of mustard oil ,thehindubusinessline.com,2021-06-09,https://www.thehindubusinessline.com/economy/agri-business/fssai-asks-states-to-conduct-inspections-for-enforcement-of-ban-on-blending-of-mustard-oil/article34769123.ece,C:\Users\yuvra\OneDrive\Desktop\RAship\FoodComputing\news_crawler\data\runs\edible_oils_boolean_title_proximity_2026-06-22\mediacloud\cleaned_text\thehindubusinessline.com\071edf6a0f0052d6.txt,title_only,title_oils_enforcement,True,adulterated_product,manual_review,0.74,Edible-oil term appears close to adulteration/enforcement language.,"get their licenses suitably amended. FSSAI has banned blending of mustard oil with other edible oils to ensure purity and safety of these products. Published on June 9, 2021 https://www.the",mustard oil; vegetable oil,food safety; FSSAI; banned; inspection,,,,,,196
07e977be-0c70-4b36-8959-20d0d0e76b85,"Indore: Edible oil worth Rs 9.90L seized from Palda area, 11 samples taken from factory",freepressjournal.in,2021-07-23,https://www.freepressjournal.in/indore/indore-edible-oil-worth-rs-990l-seized-from-palda-area-11-samples-taken-from-factory,C:\Users\yuvra\OneDrive\Desktop\RAship\FoodComputing\news_crawler\data\runs\edible_oils_boolean_title_proximity_2026-06-22\mediacloud\cleaned_text\freepressjournal.in\bf9d832fca34c6a0.txt,title_only,title_oils_enforcement,True,adulterated_product,relevant,0.94,Pattern says edible oil is the adulterated/seized/failed product.,"Indore: Edible oil worth Rs 9.90L seized from Palda area, 11 samples taken from factory Indore: A team of food and drug administration department conducted a surprise i",edible oil; soybean oil; sunflower oil; coconut oil,seized; food safety; FSSAI; inspection,,,,,,396
7f42bee2-603e-4eab-b43d-05d061cb6319,"With pics - Arsh – FCS + FCS2 STRAP: Drive against ‘adulteration mafia’ in Indore: District FCS raids edible oil factory, petrol pump",freepressjournal.in,2021-09-25,https://www.freepressjournal.in/indore/with-pics-arsh-fcs-fcs2strapdrive-against-adulteration-mafia-in-indore-district-fcs-raids-edible-oil-factory-petrol-pump,C:\Users\yuvra\OneDrive\Desktop\RAship\FoodComputing\news_crawler\data\runs\edible_oils_boolean_title_proximity_2026-06-22\mediacloud\cleaned_text\freepressjournal.in\6a5bee6e00352f3d.txt,boolean,boolean_named_oils_fraud,True,adulterated_product,relevant,0.94,Pattern says edible oil is the adulterated/seized/failed product.,"With pics - Arsh – FCS + FCS2 STRAP: Drive against ‘adulteration mafia’ in Indore: District FCS raids edible oil factory, petrol pump Indore: A team of the District Food and Civil Supply led by additional collect",edible oil; soybean oil; groundnut oil; sunflower oil,adulteration; seized; raided,,,,,,311
6a0dbe30-870e-47c3-b9dc-f6dbcee889b8,"Indore: In ongoing war against adulteration, 3K lt edible oil seized from two units",freepressjournal.in,2021-09-26,https://www.freepressjournal.in/indore/indore-in-ongoing-war-against-adulteration-3k-lt-edible-oil-seizedfrom-two-units,C:\Users\yuvra\OneDrive\Desktop\RAship\FoodComputing\news_crawler\data\runs\edible_oils_boolean_title_proximity_2026-06-22\mediacloud\cleaned_text\freepressjournal.in\4ed718af89504dd1.txt,title_only,title_core_oils_fraud,True,adulterated_product,relevant,0.94,Pattern says edible oil is the adulterated/seized/failed product.,"Indore: In ongoing war against adulteration, 3K lt edible oil seized from two units Indore A joint team of Crime Branch and Food and Civil Supply department raided two",edible oil,adulterated; adulteration; seized; raided,,,,,,102
67649daf-178f-4ec3-ba3f-89907a6f071f,Madhya Pradesh: Burnt palm oil seized from namkeen factory,freepressjournal.in,2021-09-27,https://www.freepressjournal.in/ujjain/madhya-pradesh-burnt-palm-oil-seized-from-namkeen-factory,C:\Users\yuvra\OneDrive\Desktop\RAship\FoodComputing\news_crawler\data\runs\edible_oils_boolean_title_proximity_2026-06-22\mediacloud\cleaned_text\freepressjournal.in\262a21edee0eb850.txt,title_only,title_oils_enforcement,True,adulterated_product,relevant,0.94,Pattern says edible oil is the adulterated/seized/failed product.,Madhya Pradesh: Burnt palm oil seized from namkeen factory Ujjain (Madhya Pradesh): During an inspection Grave irregularity came to fore,palm oil,seized; inspection,,,,,,124
90ee2ae8-f0ec-4ba2-894c-238a7fcf01c0,About 2.42% edible oil samples non-compliant on safety standards,thehindubusinessline.com,2021-12-29,https://www.thehindubusinessline.com/news/about-242-edible-oil-samples-non-compliant-on-safety-standards/article38062922.ece,C:\Users\yuvra\OneDrive\Desktop\RAship\FoodComputing\news_crawler\data\runs\edible_oils_boolean_title_proximity_2026-06-22\mediacloud\cleaned_text\thehindubusinessline.com\4b1e0cf3761a5312.txt,boolean,boolean_oils_enforcement_evidence,True,adulterated_product,relevant,0.94,Pattern says edible oil is the adulterated/seized/failed product.,"About 2.42% edible oil samples non-compliant on safety standards The Food Safety and Standards Authority of India (FSSAI), which h",edible oil; mustard oil; soybean oil; palm oil; groundnut oil; sesame oil; sunflower oil; rice bran oil; cottonseed oil; coconut oil,adulteration; misbranding; substandard; food safety; FSSAI; samples collected,,,,,,366
618e66d1-ae63-4989-bf99-b720d350834f,Suspected adulterated oil,thehindu.com,2022-03-02,https://www.thehindu.com/news/cities/Tiruchirapalli/food-safety-officials-crack-the-whip-on-adulteration-of-edible-oil-in-tiruchi/article65183634.ece,C:\Users\yuvra\OneDrive\Desktop\RAship\FoodComputing\news_crawler\data\runs\edible_oils_boolean_title_proximity_2026-06-22\mediacloud\cleaned_text\thehindu.com\93f73e1dae4b16e6.txt,boolean,boolean_core_oils_fraud,True,adulterated_product,relevant,0.94,Pattern says edible oil is the adulterated/seized/failed product.,Suspected adulterated oil Officials of the Food Safety Department have lifted samples of suspected adulterated groundnut and,edible oil; palm oil; groundnut oil; rice bran oil,adulterated; adulteration; food safety; Food Safety Department; lab test; inspection,,,,,,305
75be9b9c-4a5b-4735-9a2b-656806054326,Vigilance officials conduct raids to check hoarding of edible oil,thehindu.com,2022-03-07,https://www.thehindu.com/news/cities/Visakhapatnam/vigilance-officials-conduct-raids-to-check-hoarding-of-edible-oil/article65202544.ece,C:\Users\yuvra\OneDrive\Desktop\RAship\FoodComputing\news_crawler\data\runs\edible_oils_boolean_title_proximity_2026-06-22\mediacloud\cleaned_text\thehindu.com\17d3e649a1474faf.txt,title_only,title_oils_enforcement,True,adulterated_product,relevant,0.94,Pattern says edible oil is the adulterated/seized/failed product.,"Vigilance officials conduct raids to check hoarding of edible oil Officials of the Vigilance and Enforcement Wing conducted raids on the hoarding of edible oil by unscrupulous traders at various places in the city and district, o",edible oil; cooking oil,seized,,,,,,130
a722afd6-4c74-4b8e-bd8a-509e1f613a3a,Edible oil worth Rs 6.3 cr seized in raids,newindianexpress.com,2022-03-19,https://www.newindianexpress.com/states/andhra-pradesh/2022/mar/19/edible-oil-worth-rs-63-cr-seized-in-raids-2431767.html,C:\Users\yuvra\OneDrive\Desktop\RAship\FoodComputing\news_crawler\data\runs\edible_oils_boolean_title_proximity_2026-06-22\mediacloud\cleaned_text\newindianexpress.com\d91be89405f3c97c.txt,title_only,title_oils_enforcement,True,adulterated_product,relevant,0.94,Pattern says edible oil is the adulterated/seized/failed product.,"Edible oil worth Rs 6.3 cr seized in raids NELLORE: Vigilance and Enforcement officials, in coordination with the Civil Supplies and Legal Met",edible oil,seized,,,,,,166
40987071-a40c-427d-a20c-9893f7cd2188,"Edible oil traders booked, stocks worth ₹29 crore seized in surprise raids in Andhra Pradesh    ",thehindu.com,2022-03-20,https://www.thehindu.com/news/national/andhra-pradesh/edible-oil-traders-booked-stocks-worth-29-crore-seized-in-surprise-raids-in-andhra-pradesh/article65243587.ece,C:\Users\yuvra\OneDrive\Desktop\RAship\FoodComputing\news_crawler\data\runs\edible_oils_boolean_title_proximity_2026-06-22\mediacloud\cleaned_text\thehindu.com\31e6302db0817ba1.txt,title_only,title_oils_enforcement,True,adulterated_product,relevant,0.94,Pattern says edible oil is the adulterated/seized/failed product.,"Edible oil traders booked, stocks worth ₹29 crore seized in surprise raids in Andhra Pradesh Officials of the Legal Metrology, Vigilance and Enforcement, Food Safety, and Civ",edible oil,seized; food safety,,,,,,284
b106ced1-195a-4b36-bf3f-744d011986a3,Vigilance raids edible oil hoarders across Andhra Pradesh | Vigilance raids edible oil hoarders across Andhra Pradesh,deccanchronicle.com,2022-03-21,https://www.deccanchronicle.com/nation/current-affairs/210322/ap-launches-raids-on-illegal-hoarding-of-oil.html,C:\Users\yuvra\OneDrive\Desktop\RAship\FoodComputing\news_crawler\data\runs\edible_oils_boolean_title_proximity_2026-06-22\mediacloud\cleaned_text\deccanchronicle.com\6bd7eeba946949f9.txt,boolean,boolean_core_oils_fraud,True,adulterated_product,relevant,0.94,Pattern says edible oil is the adulterated/seized/failed product.,Vigilance raids edible oil hoarders across Andhra Pradesh | Vigilance raids edible oil hoarders across Andhra Pradesh Government starts selling oils at fair prices in Rythu Ba,edible oil,adulteration; seized; food safety,,,,,,437
939e6994-46dd-42ab-8962-2c1d25e43028,Vigilance raids edible oil units in Andhra Pradesh | Vigilance raids edible oil units in Andhra Pradesh,deccanchronicle.com,2022-03-25,https://www.deccanchronicle.com/nation/in-other-news/250322/vigilance-raids-edible-oil-units-in-state.html,C:\Users\yuvra\OneDrive\Desktop\RAship\FoodComputing\news_crawler\data\runs\edible_oils_boolean_title_proximity_2026-06-22\mediacloud\cleaned_text\deccanchronicle.com\d55ec93f07c7e8c3.txt,title_only,title_oils_enforcement,True,adulterated_product,relevant,0.94,Pattern says edible oil is the adulterated/seized/failed product.,Vigilance raids edible oil units in Andhra Pradesh | Vigilance raids edible oil units in Andhra Pradesh Vigilance officials said they have been continuing checks since,edible oil,food safety,,,,,,167
13056c52-7d02-46fe-870c-0b24a04bbbfe,332 edible oil traders raided across Andhra Pradesh,newindianexpress.com,2022-03-26,https://www.newindianexpress.com/states/andhra-pradesh/2022/mar/27/332-edible-oil-traders-raided-across-andhra-pradesh-2434670.html,C:\Users\yuvra\OneDrive\Desktop\RAship\FoodComputing\news_crawler\data\runs\edible_oils_boolean_title_proximity_2026-06-22\mediacloud\cleaned_text\newindianexpress.com\cdf7bd68b5da68a4.txt,boolean,boolean_core_oils_fraud,True,adulterated_product,relevant,0.94,Pattern says edible oil is the adulterated/seized/failed product.,"332 edible oil traders raided across Andhra Pradesh VIJAYAWADA: Continuing the raids to curb irregularities such as illegal hoarding of edible oil and sales above MRP, sleuths of Vigil",edible oil,substandard; raided; FSSAI,,,,,,124
04fa01da-ea89-46ff-a767-3b65d29f0b7c,Hold surprise raids on edible oil traders: Karumuri Venkata Nageswara Rao,newindianexpress.com,2022-04-27,https://www.newindianexpress.com/states/andhra-pradesh/2022/apr/27/hold-surprise-raids-on-edible-oil-traders-karumuri-venkata-nageswara-rao-2447010.html,C:\Users\yuvra\OneDrive\Desktop\RAship\FoodComputing\news_crawler\data\runs\edible_oils_boolean_title_proximity_2026-06-22\mediacloud\cleaned_text\newindianexpress.com\f1c2673b1f84acf8.txt,title_only,title_oils_enforcement,False,adjacent_or_unclear,irrelevant,0.85,Business/price/import context with no adulteration or enforcement signal.,"cial stalls should be set up at Rythu Bazars and municipal markets to ensure oil are sold below the market price,” Nageswara Rao added. The minister further said that based on the reports provided by the planning department, zonal-wise cooking oil rate",edible oil; cooking oil; palm oil,,market price,,,,,305
441c60e4-9836-45ed-af24-e239e5d84446,GST wing raids edible oil producing units in Odisha,newindianexpress.com,2022-05-19,https://www.newindianexpress.com/states/odisha/2022/may/19/gst-wing-raids-edible-oil-producing-units-in-odisha-2455369.html,C:\Users\yuvra\OneDrive\Desktop\RAship\FoodComputing\news_crawler\data\runs\edible_oils_boolean_title_proximity_2026-06-22\mediacloud\cleaned_text\newindianexpress.com\c8b46e1bbd28fc59.txt,title_only,title_oils_enforcement,True,adulterated_product,relevant,0.94,Pattern says edible oil is the adulterated/seized/failed product.,GST wing raids edible oil producing units in Odisha BHUBANESWAR: The State CT and GST enforcement wing conducted simultaneous,edible oil; rice bran oil,inspection,,,,,,170
84b63223-8176-4e31-939c-43a0a9b7340b,Centre Conducts Raids In Several States Over Hoarding Of Edible Oil,businessworld.in,2022-05-27,https://www.businessworld.in/article/Centre-Conducts-Raids-In-Several-States-Over-Hoarding-Of-Edible-Oil/27-05-2022-430461,C:\Users\yuvra\OneDrive\Desktop\RAship\FoodComputing\news_crawler\data\runs\edible_oils_boolean_title_proximity_2026-06-22\mediacloud\cleaned_text\businessworld.in\4a9a6bead89165c2.txt,title_only,title_oils_enforcement,True,adulterated_product,relevant,0.94,Pattern says edible oil is the adulterated/seized/failed product.,Centre Conducts Raids In Several States Over Hoarding Of Edible Oil Former Uttar Pradesh Chief Secretary and author Alok Ranjan argues that India’s development journey,edible oil,,,,,,,682
7ce8d3b1-77cb-40f5-8a9d-6c19fc0346b7,Khargone: Edible oil worth Rs 50 lakh seized,freepressjournal.in,2022-06-22,https://www.freepressjournal.in/indore/khargone-edible-oil-worth-rs-50-lakh-seized,C:\Users\yuvra\OneDrive\Desktop\RAship\FoodComputing\news_crawler\data\runs\edible_oils_boolean_title_proximity_2026-06-22\mediacloud\cleaned_text\freepressjournal.in\aa9d9c390c55fb02.txt,title_only,title_oils_enforcement,True,adulterated_product,relevant,0.94,Pattern says edible oil is the adulterated/seized/failed product.,"Khargone: Edible oil worth Rs 50 lakh seized Khargone (Madhya Pradesh): In a major crackdown on those involved in hoarding, a joint team of five",edible oil,seized; raid; food safety; Food Safety Officer; crackdown,,,,,,224
94aecc90-cf6d-4f41-a6fb-22158d405d27,Food Safety dept. initiative to check reuse of cooking oil in hotels ,thehindu.com,2022-07-16,https://www.thehindu.com/news/cities/Kochi/food-safety-dept-initiative-to-check-reuse-of-cooking-oil-in-hotels/article65644073.ece,C:\Users\yuvra\OneDrive\Desktop\RAship\FoodComputing\news_crawler\data\runs\edible_oils_boolean_title_proximity_2026-06-22\mediacloud\cleaned_text\thehindu.com\cfdff0404695622f.txt,title_only,title_oils_enforcement,True,adulterated_product,manual_review,0.74,Edible-oil term appears close to adulteration/enforcement language.,Food Safety dept. initiative to check reuse of cooking oil in hotels The Department of Food Safety has plans to convert used cooking oil in hotels a,cooking oil,food safety,,,,,,105
eb5f5dca-b04f-4f1b-ab84-68f6fa824fef,Ganj Basoda: Adulterated Oil surfaces in markets ahead of the festival season,freepressjournal.in,2022-07-29,https://www.freepressjournal.in/bhopal/ganj-basoda-adulterated-oil-surfaces-in-markets-ahead-of-the-festival-season,C:\Users\yuvra\OneDrive\Desktop\RAship\FoodComputing\news_crawler\data\runs\edible_oils_boolean_title_proximity_2026-06-22\mediacloud\cleaned_text\freepressjournal.in\f865a6ec8a70b9e8.txt,boolean,boolean_core_oils_fraud,True,adulterated_product,relevant,0.94,Pattern says edible oil is the adulterated/seized/failed product.,"radesh): As the festival season is round the corner, the use of low quality and adulterated edible oils has again taken over in the eateries situated in several rural areas of the Ganjbasoda district, su",edible oil; palm oil,adulterated; food safety; fine,,,,,,289
032f07ef-e8b8-4b72-b4f8-6d83bf212ec6,SEA cautions processors on spurious edible oil by mixing glycerine with fatty acids  ,thehindubusinessline.com,2022-08-05,https://www.thehindubusinessline.com/economy/agri-business/sea-cautions-processors-on-spurious-edible-oil-by-mixing-glycerine-with-fatty-acids/article65730930.ece,C:\Users\yuvra\OneDrive\Desktop\RAship\FoodComputing\news_crawler\data\runs\edible_oils_boolean_title_proximity_2026-06-22\mediacloud\cleaned_text\thehindubusinessline.com\5e8db5e738a00275.txt,boolean,boolean_core_oils_fraud,True,adulterated_product,relevant,0.94,Pattern says edible oil is the adulterated/seized/failed product.,"ctivity is spreading fast and is a cause of concern to all of us working in the edible oil sector. Further, such spurious oils in the market have the potential of driving honest manufacturers out of business as well as de",edible oil; refined oil; vegetable oil,spurious; food safety; FSSAI,,,,,,331
148551a6-3895-4031-87c6-4912f402da14,Delhi Govt Carries Out Drive Against Edible Oil Adulteration,businessworld.in,2022-08-13,https://www.businessworld.in/article/Delhi-Govt-Carries-Out-Drive-Against-Edible-Oil-Adulteration-/13-08-2022-442029,C:\Users\yuvra\OneDrive\Desktop\RAship\FoodComputing\news_crawler\data\runs\edible_oils_boolean_title_proximity_2026-06-22\mediacloud\cleaned_text\businessworld.in\4a9a6bead89165c2.txt,title_only,title_core_oils_fraud,True,adulterated_product,relevant,0.94,Pattern says edible oil is the adulterated/seized/failed product.,Delhi Govt Carries Out Drive Against Edible Oil Adulteration Former Uttar Pradesh Chief Secretary and author Alok Ranjan argues that India’s development journey,edible oil,adulteration,,,,,,682
861b5c25-79b3-4d25-bc27-0438bc719418,AGMARK certification not required for imported blended edible oil: FSSAI ,thehindubusinessline.com,2022-08-18,https://www.thehindubusinessline.com/economy/agmark-certification-not-required-for-imported-blended-edible-oil-fssai/article65783272.ece,C:\Users\yuvra\OneDrive\Desktop\RAship\FoodComputing\news_crawler\data\runs\edible_oils_boolean_title_proximity_2026-06-22\mediacloud\cleaned_text\thehindubusinessline.com\c3762160658f5285.txt,title_only,title_oils_enforcement,True,adulterated_product,manual_review,0.74,Edible-oil term appears close to adulteration/enforcement language.,AGMARK certification not required for imported blended edible oil: FSSAI The Food Safety and Standards Authority of India (FSSAI) has decided to do away wi,edible oil; vegetable oil,food safety; FSSAI; inspection,,,,,,323
54c10fb3-b626-436f-b359-7fbc2b8a4101,"With Onam around, adulterated coconut oil floods Kerala market",newindianexpress.com,2022-08-23,https://www.newindianexpress.com/cities/thiruvananthapuram/2022/aug/23/with-onam-around-adulterated-coconut-oil-floods-kerala-market-2490320.html,C:\Users\yuvra\OneDrive\Desktop\RAship\FoodComputing\news_crawler\data\runs\edible_oils_boolean_title_proximity_2026-06-22\mediacloud\cleaned_text\newindianexpress.com\3cb22258aff0add4.txt,title_only,title_named_oils_fraud,True,adulterated_product,relevant,0.94,Pattern says edible oil is the adulterated/seized/failed product.,"With Onam around, adulterated coconut oil floods Kerala market THIRUVANANTHAPURAM: With Onam around the corner, the flow of adulterated milk and coconut oil to Kerala has increased raising serious concern about the quality of the produ",coconut oil,adulterated; seized; food safety; Food Safety Department; banned,,,,,,262
389c850d-13fc-43b2-bb59-59dc548c23b9,"Video on Sabari coconut oil fake, says Supplyco",thehindu.com,2022-08-30,https://www.thehindu.com/news/cities/Kochi/video-on-sabari-coconut-oil-fake-says-supplyco/article65829695.ece,C:\Users\yuvra\OneDrive\Desktop\RAship\FoodComputing\news_crawler\data\runs\edible_oils_boolean_title_proximity_2026-06-22\mediacloud\cleaned_text\thehindu.com\7dac0edb096df066.txt,title_only,title_named_oils_fraud,True,adulterated_product,relevant,0.94,Pattern says edible oil is the adulterated/seized/failed product.,"Video on Sabari coconut oil fake, says Supplyco A preliminary inquiry by the Vigilance wing of the Kerala State Civil Supplies Corpo",coconut oil,fake,,,,,,262
062b0098-5ad4-47ca-bcd6-98c631592df2,FDA Cracks Down On Loose Sale Of Edible Oil,businessworld.in,2022-10-04,https://www.businessworld.in/article/FDA-Cracks-Down-On-Loose-Sale-Of-Edible-Oil-/04-10-2022-449313,C:\Users\yuvra\OneDrive\Desktop\RAship\FoodComputing\news_crawler\data\runs\edible_oils_boolean_title_proximity_2026-06-22\mediacloud\cleaned_text\businessworld.in\4a9a6bead89165c2.txt,title_only,title_oils_enforcement,True,adulterated_product,manual_review,0.74,Edible-oil term appears close to adulteration/enforcement language.,FDA Cracks Down On Loose Sale Of Edible Oil Former Uttar Pradesh Chief Secretary and author Alok Ranjan argues that India’s developme,edible oil,FDA,,,,,,682
953c9a3c-c950-4090-8104-5d39bec0c3c6,2500 litres of suspected adulterated cooking oil seized,thehindu.com,2022-10-12,https://www.thehindu.com/news/cities/Hyderabad/2500-litres-of-suspected-adulterated-cooking-oil-seized/article66001879.ece,C:\Users\yuvra\OneDrive\Desktop\RAship\FoodComputing\news_crawler\data\runs\edible_oils_boolean_title_proximity_2026-06-22\mediacloud\cleaned_text\thehindu.com\c337efbcc062f421.txt,boolean,boolean_core_oils_fraud,True,adulterated_product,relevant,0.94,Pattern says edible oil is the adulterated/seized/failed product.,2500 litres of suspected adulterated cooking oil seized A joint team of the Special Branch police and the Food Safety Department personnel on Wednesday sei,cooking oil; sunflower oil,adulterated; seized; raid; food safety; Food Safety Department; inspection,,,,,,130
e9e2491e-867c-4197-8d59-9119fd466d87,FSSAI directs officers to not delay clearance of imported pulses and edible oil consignments  ,thehindubusinessline.com,2023-03-10,https://www.thehindubusinessline.com/economy/fssai-directs-officers-to-not-delay-clearance-of-imported-pulses-and-edible-oil-consignments/article66600123.ece,C:\Users\yuvra\OneDrive\Desktop\RAship\FoodComputing\news_crawler\data\runs\edible_oils_boolean_title_proximity_2026-06-22\mediacloud\cleaned_text\thehindubusinessline.com\7d09b0fe443d402d.txt,title_only,title_oils_enforcement,True,adulterated_product,manual_review,0.74,Edible-oil term appears close to adulteration/enforcement language.,FSSAI directs officers to not delay clearance of imported pulses and edible oil consignments The Food Safety and Standards Authority of India (FSSAI) has directed region,edible oil,food safety; FSSAI; inspection,,,,,,300
3f0c8245-08ac-4268-b3f6-ca5f55685b31,"Keep tabs on adulteration in edible oils, cautions food safety authority   ",thehindubusinessline.com,2023-04-22,https://www.thehindubusinessline.com/economy/agri-business/keep-tabs-on-adulteration-in-edible-oils-cautions-food-safety-authority/article66766803.ece,C:\Users\yuvra\OneDrive\Desktop\RAship\FoodComputing\news_crawler\data\runs\edible_oils_boolean_title_proximity_2026-06-22\mediacloud\cleaned_text\thehindubusinessline.com\d6404b8b111c61c8.txt,boolean,boolean_core_oils_fraud,True,adulterated_product,relevant,0.94,Pattern says edible oil is the adulterated/seized/failed product.,"icer of FSSAI (Food and Safety Standards Authority of India), has cautioned the edible oils industry against counterfeit products. “India witnesses a lot of adulteration in food products, this needs to be stopped,” he said. Addressing the seventh International Conferen",edible oil; rice bran oil,adulteration; food safety; FSSAI,,,,,,408
4bbe9464-e03b-44bb-a567-45f2b224d53c,Income Tax Dept Raids Edible Oil Business Group In Bengal Assam,businessworld.in,2023-05-17,https://www.businessworld.in/article/Income-Tax-Dept-Raids-Edible-Oil-Business-Group-In-Bengal-Assam/17-05-2023-476941,C:\Users\yuvra\OneDrive\Desktop\RAship\FoodComputing\news_crawler\data\runs\edible_oils_boolean_title_proximity_2026-06-22\mediacloud\cleaned_text\businessworld.in\4a9a6bead89165c2.txt,title_only,title_oils_enforcement,True,adulterated_product,relevant,0.94,Pattern says edible oil is the adulterated/seized/failed product.,Income Tax Dept Raids Edible Oil Business Group In Bengal Assam Former Uttar Pradesh Chief Secretary and author Alok Ranjan argues t,edible oil,,,,,,,682
f794a78d-1d8c-484c-8807-ec8c5620422d,"4,500 litres of edible oil manufactured under unhygienic conditions seized at two private units in Tiruchi",thehindu.com,2023-05-28,https://www.thehindu.com/news/cities/Tiruchirapalli/4500-litres-of-edible-oil-manufactured-under-unhygienic-conditions-seized-at-two-private-units-in-tiruchi/article66904645.ece,C:\Users\yuvra\OneDrive\Desktop\RAship\FoodComputing\news_crawler\data\runs\edible_oils_boolean_title_proximity_2026-06-22\mediacloud\cleaned_text\thehindu.com\1cc4199320dc5b9c.txt,title_only,title_oils_enforcement,True,adulterated_product,relevant,0.94,Pattern says edible oil is the adulterated/seized/failed product.,"4,500 litres of edible oil manufactured under unhygienic conditions seized at two private units in Tiruchi A team from the Food Safety and Drug Administration Department here",edible oil,seized; food safety; Food Safety Department,,,,,,201
789f8d9f-4270-43a0-8be2-932322622edd,"Mumbai News: Adulterated Sweets, Edible Oil Worth ₹1.64 Lakh Seized By FDA",freepressjournal.in,2023-11-06,https://www.freepressjournal.in/mumbai/mumbai-news-adulterated-sweets-edible-oil-worth-164-lakh-seized-by-fda,C:\Users\yuvra\OneDrive\Desktop\RAship\FoodComputing\news_crawler\data\runs\edible_oils_boolean_title_proximity_2026-06-22\mediacloud\cleaned_text\freepressjournal.in\0ed78004998e5917.txt,boolean,boolean_core_oils_fraud,True,adulterated_product,relevant,0.94,Pattern says edible oil is the adulterated/seized/failed product.,"Mumbai News: Adulterated Sweets, Edible Oil Worth ₹1.64 Lakh Seized By FDA Mumbai: Ahead of Diwali, the Food And Drug Administration (FDA) has raided three establishme",edible oil; cooking oil; sunflower oil,adulterated; spurious; substandard; seized; raid; raided; FDA; inspection,,,,,,327
0e5979cd-74ec-40ac-ac76-9a920e2af0f2,MP: 200 Litres Adulterated Mustard Oil Found In Jabalpur Oil Factory During Surprise Inspection,freepressjournal.in,2024-02-19,https://www.freepressjournal.in/bhopal/mp-200-litres-adulterated-mustard-oil-found-in-jabalpur-oil-factory-during-surprise-inspection,C:\Users\yuvra\OneDrive\Desktop\RAship\FoodComputing\news_crawler\data\runs\edible_oils_boolean_title_proximity_2026-06-22\mediacloud\cleaned_text\freepressjournal.in\ea164beed83a7310.txt,title_only,title_named_oils_fraud,True,adulterated_product,relevant,0.94,Pattern says edible oil is the adulterated/seized/failed product.,n and unsanitary conditions within the premises. A barrel containing 200 litres mustard oil failed to meet the quality standards. The team of food department conducted a surprise inspection at the m,mustard oil,adulterated; adulteration; contamination; raid; food safety; Food Safety Officer; inspection,,,,,,208
37491733-e5be-4d03-8275-101c68bde41b,McDonald's Under Scrutiny After Maha FDA Finds It Replacing Cheese With Vegetable Oil In Products; Fast Food Chain Issues Clarification,freepressjournal.in,2024-02-23,https://www.freepressjournal.in/mumbai/mcdonalds-under-scrutiny-after-maharashtra-fda-finds-fast-food-chain-replacing-cheese-with-vegetable-oil-in-products,C:\Users\yuvra\OneDrive\Desktop\RAship\FoodComputing\news_crawler\data\runs\edible_oils_boolean_title_proximity_2026-06-22\mediacloud\cleaned_text\freepressjournal.in\417a5f21816dc67e.txt,title_only,title_oils_enforcement,True,adulterated_product,relevant,0.94,Pattern says edible oil is the adulterated/seized/failed product.,"xture of traditional dairy cheese, often replace dairy fat with more economical vegetable oil. Allegedly, McDonald's failed to divulge the use of cheese analogues on food labels or electronic display boards, potentially jeo",vegetable oil,FDA; inspection,,,,,,393
5e9030d8-b591-4d3d-8006-9a26e2f1a75e,Coconut Development Board urged to prevent adulteration in coconut oil,thehindubusinessline.com,2024-05-22,https://www.thehindubusinessline.com/economy/agri-business/coconut-development-board-urged-to-prevent-adulteration-in-coconut-oil/article68203044.ece,C:\Users\yuvra\OneDrive\Desktop\RAship\FoodComputing\news_crawler\data\runs\edible_oils_boolean_title_proximity_2026-06-22\mediacloud\cleaned_text\thehindubusinessline.com\b344e12f0912980e.txt,boolean,boolean_oils_enforcement_evidence,True,adulterated_product,relevant,0.94,Pattern says edible oil is the adulterated/seized/failed product.,") in his inaugural address emphasized the need for keeping quality standards in coconut oil production and requested the support of the Board in preventing adulteration of coconut oil. B. Hanumanthe Gowda, Chief Coconut Development Officer spoke on the need for concen",coconut oil,adulteration; food safety; FSSAI,,,,,,187
dd4a8e6e-745c-4ecd-bb1d-a0cf3e56d867,"From the pages of The Hindu, July 4, 1974: Edible oil adulterated with used motor oil",thehindu.com,2024-07-04,https://www.thehindu.com/archives/from-the-pages-of-the-hindu-july-4-1974-edible-oil-adulterated-with-used-motor-oil/article68364441.ece,C:\Users\yuvra\OneDrive\Desktop\RAship\FoodComputing\news_crawler\data\runs\edible_oils_boolean_title_proximity_2026-06-22\mediacloud\cleaned_text\thehindu.com\9e1772718cc59a76.txt,title_only,title_core_oils_fraud,True,adulterated_product,relevant,0.94,Pattern says edible oil is the adulterated/seized/failed product.,"From the pages of The Hindu, July 4, 1974: Edible oil adulterated with used motor oil New Delhi, July 3: An all-India sample survey conducted by Consumer Council of India has revealed that used motor oil is being utilised fo",edible oil,adulterated; adulteration,,,,,,263
0631b2ce-2e95-42c7-90b3-d6472ae1e958,"Assam: Guwahati Police Seized Palm Oil-Laden Truck, 3 Thieves Arrested",sentinelassam.com,2024-09-02,https://www.sentinelassam.com/cities/guwahati-city/assam-guwahati-police-seized-palm-oil-laden-truck-3-thieves-arrested,C:\Users\yuvra\OneDrive\Desktop\RAship\FoodComputing\news_crawler\data\runs\edible_oils_boolean_title_proximity_2026-06-22\mediacloud\cleaned_text\sentinelassam.com\650863e460c7191e.txt,title_only,title_oils_enforcement,True,adulterated_product,relevant,0.94,Pattern says edible oil is the adulterated/seized/failed product.,"Assam: Guwahati Police Seized Palm Oil-Laden Truck, 3 Thieves Arrested STAFF REPORTER GUWAHATI: A West Guwahati Police District (WGPD) tea",palm oil,seized,,,,,,95
b2d0c9d0-bc83-412b-9d63-e5540d2ce30a,Vigilance raids continue on hoarders of edible oils,thehansindia.com,2024-09-19,https://www.thehansindia.com/andhra-pradesh/vigilance-raids-continue-on-hoarders-of-edible-oils-908026,C:\Users\yuvra\OneDrive\Desktop\RAship\FoodComputing\news_crawler\data\runs\edible_oils_boolean_title_proximity_2026-06-22\mediacloud\cleaned_text\thehansindia.com\8953845f20264132.txt,proximity,proximity_edible_oil_seized,True,adulterated_product,relevant,0.94,Pattern says edible oil is the adulterated/seized/failed product.,Vigilance raids continue on hoarders of edible oils Vijayawada : Vigilance and enforcement officials carried out raids on traders and wholesale shops across the state for unauthorised hoarding of stocks and seized edib,edible oil,seized; food safety; penalty,,,,,,204
b6240431-f2e4-4987-9ac7-3377e159fce6,FSSAI initiative shows uptick in used cooking oil collection in Kerala ,newindianexpress.com,2024-09-25,https://www.newindianexpress.com/states/kerala/2024/Sep/25/fssai-initiative-shows-uptick-in-used-cooking-oil-collection-in-kerala,C:\Users\yuvra\OneDrive\Desktop\RAship\FoodComputing\news_crawler\data\runs\edible_oils_boolean_title_proximity_2026-06-22\mediacloud\cleaned_text\newindianexpress.com\94b0f7965f49ee6d.txt,boolean,boolean_core_oils_fraud,True,adulterated_product,manual_review,0.74,Edible-oil term appears close to adulteration/enforcement language.,ick in used cooking oil collection in Kerala THIRUVANANTHAPURAM: The RUCO (Repurpose Used Cooking Oil) initiative launched by the Food Safety and Standards Authority of India (FSSAI) has been,cooking oil,food safety; FSSAI; Food Safety Officer,,,,,,415
3f8dc74b-d985-40ab-8bc6-8a1c01a94c67,"Inspection Conducted at Burger King Outlet in Malakpet,",deccanchronicle.com,2024-10-01,https://www.deccanchronicle.com/southern-states/telangana/hyderabad-food-safety-dept-seizes-unsafe-cooking-oil-from-burger-king-outlet-1827348,C:\Users\yuvra\OneDrive\Desktop\RAship\FoodComputing\news_crawler\data\runs\edible_oils_boolean_title_proximity_2026-06-22\mediacloud\cleaned_text\deccanchronicle.com\8406b863af5ca692.txt,boolean,boolean_core_oils_fraud,True,adulterated_product,relevant,0.94,Pattern says edible oil is the adulterated/seized/failed product.,"han 25% of TPC is not safe for human consumption. For this reason, 15 litres of cooking oil was seized by the Commissioner of Food Safety. For this reason, 15 litres of cooking oil was seized by the Com",cooking oil; palm oil,unsafe; seized; food safety; FSSAI; inspection,,,,,,153
31813e5a-3cef-4799-b5ee-46b3b9199647,"FSSAI seizes 1,780 litres of reheated cooking oil, 306 kg of sweets for excessive use of colourants in Coimbatore",thehindu.com,2024-10-29,https://www.thehindu.com/news/cities/Coimbatore/fssai-seizes-1780-litres-of-reheated-cooking-oil-306-kg-of-sweets-for-excessive-use-of-colourants-in-coimbatore/article68810578.ece,C:\Users\yuvra\OneDrive\Desktop\RAship\FoodComputing\news_crawler\data\runs\edible_oils_boolean_title_proximity_2026-06-22\mediacloud\cleaned_text\thehindu.com\9915f220bf2562e9.txt,title_only,title_oils_enforcement,True,adulterated_product,relevant,0.94,Pattern says edible oil is the adulterated/seized/failed product.,"FSSAI seizes 1,780 litres of reheated cooking oil, 306 kg of sweets for excessive use of colourants in Coimbatore The Food Safety and Standards Autho",cooking oil,seized; food safety; FSSAI; Food Safety Officer; penalty; fine; banned,,,,,,254
2bf750c7-3576-40ee-aedf-ba7702ee19ce,"Amid Widespread Adulteration in Mustard Oil, Anjali Gold Passes Government Lab Test with Highest Purity Score",thehansindia.com,2025-04-29,https://www.thehansindia.com/news/business/amid-widespread-adulteration-in-mustard-oilanjali-gold-passes-government-lab-test-with-highest-purity-score-966687,C:\Users\yuvra\OneDrive\Desktop\RAship\FoodComputing\news_crawler\data\runs\edible_oils_boolean_title_proximity_2026-06-22\mediacloud\cleaned_text\thehansindia.com\e47ce567b09828c1.txt,title_only,title_named_oils_fraud,True,adulterated_product,relevant,0.94,Pattern says edible oil is the adulterated/seized/failed product.,"cientific Development and Research (IJSDR), and is publicly accessible. India’s mustard oil market has long been plagued by blending and adulteration, with many manufacturers diluting mustard oil with cheaper alternatives like palm or rice bran oil.",mustard oil; rice bran oil,adulteration; food safety; FSSAI; lab test,,,,,,338
ec317650-d498-4c0c-bc16-8c17c2a528a5,Food safety raids to check entry of spurious coconut oil into market  ,thehindu.com,2025-07-18,https://www.thehindu.com/news/national/kerala/food-safety-raids-to-check-entry-of-spurious-coconut-oil-into-market/article69828078.ece,C:\Users\yuvra\OneDrive\Desktop\RAship\FoodComputing\news_crawler\data\runs\edible_oils_boolean_title_proximity_2026-06-22\mediacloud\cleaned_text\thehindu.com\23de9561c46990b8.txt,boolean,boolean_named_oils_fraud,True,adulterated_product,relevant,0.94,Pattern says edible oil is the adulterated/seized/failed product.,"ials raided 980 coconut oil manufacturing units as well as wholesale and retail coconut oil trading centres to check if adulterated coconut oil is being pumped into the market, with an eye on the rising prices and the increasing de",coconut oil,adulterated; spurious; raided; food safety; Food Safety Department; fine,,,,,,311
5bfa1638-bb22-4f60-b1c9-eababaac06b8,Karnataka Food Safety and Drug Administration shifts focus to trans fat reduction in cooking oil,thehindu.com,2025-07-31,https://www.thehindu.com/news/cities/bangalore/karnataka-food-safety-and-drug-administration-shifts-focus-to-trans-fat-reduction-in-cooking-oil/article69879479.ece,C:\Users\yuvra\OneDrive\Desktop\RAship\FoodComputing\news_crawler\data\runs\edible_oils_boolean_title_proximity_2026-06-22\mediacloud\cleaned_text\thehindu.com\9b64eb0107d89b11.txt,title_only,title_oils_enforcement,True,adulterated_product,manual_review,0.74,Edible-oil term appears close to adulteration/enforcement language.,"Karnataka Food Safety and Drug Administration shifts focus to trans fat reduction in cooking oil After a crackdown on food additives, the State Food Safety and Drug Administration has no",cooking oil,food safety; FSSAI; crackdown,,,,,,293
d829613e-dd41-4d06-8166-c18756ea438e,"365 litres of palm oil stocked in unhygienic, used cans seized from snacks-making unit in Aruppukottai",thehindu.com,2025-08-06,https://www.thehindu.com/news/cities/Madurai/365-litres-of-palm-oil-stocked-in-unhygienic-used-cans-seized-from-snacks-making-unit-in-aruppukottai/article69901967.ece,C:\Users\yuvra\OneDrive\Desktop\RAship\FoodComputing\news_crawler\data\runs\edible_oils_boolean_title_proximity_2026-06-22\mediacloud\cleaned_text\thehindu.com\a7f3696edceb1e77.txt,title_only,title_oils_enforcement,True,adulterated_product,relevant,0.94,Pattern says edible oil is the adulterated/seized/failed product.,"365 litres of palm oil stocked in unhygienic, used cans seized from snacks-making unit in Aruppukottai A team of officers from the Department of Food Safety seize",edible oil; palm oil,seized; food safety; FSSAI,,,,,,259
e8e1e87b-0c81-4277-b24f-3819121c80a9,"Food Safety wing seizes 16,565 litres of spurious coconut oil in raids  ",thehindu.com,2025-08-12,https://www.thehindu.com/news/national/kerala/food-safety-wing-seizes-16565-litres-of-spurious-coconut-oil-in-raids/article69925354.ece,C:\Users\yuvra\OneDrive\Desktop\RAship\FoodComputing\news_crawler\data\runs\edible_oils_boolean_title_proximity_2026-06-22\mediacloud\cleaned_text\thehindu.com\e8ee50e454fdd877.txt,boolean,boolean_named_oils_fraud,True,adulterated_product,relevant,0.94,Pattern says edible oil is the adulterated/seized/failed product.,"Food Safety wing seizes 16,565 litres of spurious coconut oil in raids In surprise raids conducted at coconut oil manufacturing and trading centres in seven districts in Kerala as part of",coconut oil,spurious; substandard; seized; food safety,,,,,,80
f4e65e86-9922-49ff-ae14-2f159265f4a1,FSSAI’s drive to convert used cooking oil as biofuel gets good response in several districts in T.N.  ,thehindu.com,2025-10-11,https://www.thehindu.com/news/national/tamil-nadu/fssais-drive-to-convert-used-cooking-oil-as-biofuel-gets-good-response-in-several-districts-in-tn/article70152299.ece,C:\Users\yuvra\OneDrive\Desktop\RAship\FoodComputing\news_crawler\data\runs\edible_oils_boolean_title_proximity_2026-06-22\mediacloud\cleaned_text\thehindu.com\d479c805f5fb7a78.txt,proximity,proximity_oil_food_safety,True,adulterated_product,manual_review,0.74,Edible-oil term appears close to adulteration/enforcement language.,cooking oil as biofuel gets good response in several districts in T.N. The Repurpose Used Cooking Oil (RUCO) initiative launched by the Food Safety and Standards Authority of India (FSSAI) to,cooking oil,food safety; FSSAI,,,,,,413
54b38d06-28d2-4546-98c6-5e5eb9cfae08,NHRC Seeks FSSAI Report on Reused Cooking Oil Health Risks,newkerala.com,2025-10-24,https://www.newkerala.com/news/o/nhrc-seeks-report-fssai-alleged-reuse-cooking-oil-956,C:\Users\yuvra\OneDrive\Desktop\RAship\FoodComputing\news_crawler\data\runs\edible_oils_boolean_title_proximity_2026-06-22\mediacloud\cleaned_text\newkerala.com\8bdf3dfe2cb2e70d.txt,boolean,boolean_core_oils_fraud,True,adulterated_product,manual_review,0.74,Edible-oil term appears close to adulteration/enforcement language.,"NHRC Seeks FSSAI Report on Reused Cooking Oil Health Risks NHRC seeks report from FSSAI over alleged reuse of cooking oil New Delhi, Oc",cooking oil,food safety; FSSAI,,,,,,348
f8ead5ae-9e57-4015-8f3d-4f3f3605a340,"NHRC Acts On Complaint, Seeks Report From FSSAI On Rampant Reuse of Cooking Oil",swarajyamag.com,2025-10-25,https://swarajyamag.com/news-brief/nhrc-acts-on-complaint-seeks-report-from-fssai-on-rampant-reuse-of-cooking-oil,C:\Users\yuvra\OneDrive\Desktop\RAship\FoodComputing\news_crawler\data\runs\edible_oils_boolean_title_proximity_2026-06-22\mediacloud\cleaned_text\swarajyamag.com\3cc50e39d2bd75bf.txt,boolean,boolean_core_oils_fraud,True,adulterated_product,relevant,0.94,Pattern says edible oil is the adulterated/seized/failed product.,"ik Vikas Evam Jan Kalyan Sanstha, which alleged that the FSSAI’s Repurpose Used Cooking Oil (RUCO) campaign had failed to stop the unsafe reuse of degraded oil, especially in smaller and unregulated food outlets. ""We found the allegation",cooking oil; vegetable oil,contamination; unsafe; food safety; FSSAI,,,,,,815
5cd17d82-9960-42ca-b0d9-bb856310e60c,NHRC Seeks FSSAI Report on Reused Cooking Oil Health Risks,newkerala.com,2025-10-25,https://www.newkerala.com/news/o/nhrc-seeks-report-fssai-widespread-reuse-cooking-oil-india-847,C:\Users\yuvra\OneDrive\Desktop\RAship\FoodComputing\news_crawler\data\runs\edible_oils_boolean_title_proximity_2026-06-22\mediacloud\cleaned_text\newkerala.com\2b036b99e610f6fd.txt,boolean,boolean_core_oils_fraud,True,adulterated_product,manual_review,0.74,Edible-oil term appears close to adulteration/enforcement language.,"despite the Food Safety and Standards Authority of India's (FSSAI) ""RUCO - Repurpose Used Cooking Oil"" campaign and policies promoting biodiesel at small hotels, roadside eateries, and food v",cooking oil,food safety; FSSAI,,,,,,280
9b9079aa-ea7e-4c86-b805-a8301749d73f,"'Detergent, Urea, Refined Oil': Alleged Milk Adulteration Racket Busted In Mumbai's Andheri; Viral Video Reveals Shocking Details",freepressjournal.in,2025-12-27,https://www.freepressjournal.in/mumbai/detergent-urea-refined-oil-alleged-milk-adulteration-racket-busted-in-mumbais-andheri-viral-video-reveals-shocking-details,C:\Users\yuvra\OneDrive\Desktop\RAship\FoodComputing\news_crawler\data\runs\edible_oils_boolean_title_proximity_2026-06-22\mediacloud\cleaned_text\freepressjournal.in\501b0b893bbb5298.txt,boolean,boolean_core_oils_fraud,True,adulterated_product,relevant,0.94,Pattern says edible oil is the adulterated/seized/failed product.,"'Detergent, Urea, Refined Oil': Alleged Milk Adulteration Racket Busted In Mumbai's Andheri; Viral Video Reveals Shocking Details Mumbai: Mumbai has witnesse",refined oil,adulterated; adulteration; food safety,,,,,,478
c04ecb5a-c0c1-47b7-9cb1-813aa7e3604e,Sale of adulterated coconut oil: farmers elated over SHRC’s intervention,thehindu.com,2026-02-19,https://www.thehindu.com/news/national/kerala/sale-of-adulterated-coconut-oil-farmers-elated-over-shrcs-intervention/article70651539.ece,C:\Users\yuvra\OneDrive\Desktop\RAship\FoodComputing\news_crawler\data\runs\edible_oils_boolean_title_proximity_2026-06-22\mediacloud\cleaned_text\thehindu.com\4757ff80a039e950.txt,boolean,boolean_core_oils_fraud,True,adulterated_product,relevant,0.94,Pattern says edible oil is the adulterated/seized/failed product.,"e even hoteliers who increased the price of food items citing the high price of coconut oil, hiding the fact that they were using adulterated oil. Published - February 19, 2026 07:00 pm IST https://www.thehindu.com/news/national/kerala/sale-",edible oil; coconut oil,adulterated; substandard; seized; food safety; Food Safety Department,,,,,,428
29c9a3e7-2b10-4da8-baa8-27535ead0a56,"Illegal samosa making unit busted in Hyderabad’s Jiyaguda; stale eggs, used cooking oil seized",thehindu.com,2026-03-21,https://www.thehindu.com/news/cities/Hyderabad/illegal-samosa-making-unit-busted-in-hyderabads-jiyaguda-stale-eggs-used-cooking-oil-seized/article70768563.ece,C:\Users\yuvra\OneDrive\Desktop\RAship\FoodComputing\news_crawler\data\runs\edible_oils_boolean_title_proximity_2026-06-22\mediacloud\cleaned_text\thehindu.com\99c5f9e759153988.txt,title_only,title_oils_enforcement,True,adulterated_product,relevant,0.94,Pattern says edible oil is the adulterated/seized/failed product.,"Illegal samosa making unit busted in Hyderabad’s Jiyaguda; stale eggs, used cooking oil seized A 73-year-old man was held after the Hyderabad police Task Force uncovered an illegal samosa manufa",cooking oil,adulteration; seized; raid; FSSAI,,,,,,101
bc55fdb4-8785-41b9-8131-c4acc5689317,"1,000 kg onions destroyed, 480 kg cooking oil seized in Kukatpally",thehindu.com,2026-04-23,https://www.thehindu.com/news/cities/Hyderabad/1000-kg-onions-destroyed-480-kg-cooking-oil-seized-in-kukatpally/article70894399.ece,C:\Users\yuvra\OneDrive\Desktop\RAship\FoodComputing\news_crawler\data\runs\edible_oils_boolean_title_proximity_2026-06-22\mediacloud\cleaned_text\thehindu.com\0be271946690ec0f.txt,title_only,title_oils_enforcement,True,adulterated_product,relevant,0.94,Pattern says edible oil is the adulterated/seized/failed product.,"1,000 kg onions destroyed, 480 kg cooking oil seized in Kukatpally Telangana Food Safety authorities destroyed 1,000 kg of raw onions and seized 480 kg",cooking oil,seized; raid; food safety,,,,,,146
71f1613e-3c18-41a6-96b2-6e8e4479ac8d,Food safety inspection flags unsafe cooking oil at KFC outlet in Kondapur,thehindu.com,2026-05-04,https://www.thehindu.com/news/cities/Hyderabad/food-safety-inspection-flags-unsafe-cooking-oil-at-kfc-outlet-in-kondapur/article70940073.ece,C:\Users\yuvra\OneDrive\Desktop\RAship\FoodComputing\news_crawler\data\runs\edible_oils_boolean_title_proximity_2026-06-22\mediacloud\cleaned_text\thehindu.com\ab62ee6b4a14cd4a.txt,title_only,title_core_oils_fraud,True,adulterated_product,relevant,0.94,Pattern says edible oil is the adulterated/seized/failed product.,Food safety inspection flags unsafe cooking oil at KFC outlet in Kondapur A random food safety inspection conducted at a KFC outlet in Rajarajeshwa,cooking oil,unsafe; food safety; Food Safety Officer; inspection,,,,,,137
54992c10-095c-446e-9a8a-28ee5344fb8a,Madhya Pradesh: Oil factory owner in Indore arrested for packing palm oil in branded soyabean oil packets,freepressjournal.in,2021-01-09,https://www.freepressjournal.in/indore/madhya-pradesh-oil-factory-owner-in-indore-arrested-for-packing-palm-oil-in-branded-soyabean-oil-packets,C:\Users\yuvra\OneDrive\Desktop\RAship\FoodComputing\news_crawler\data\runs\edible_oils_boolean_title_proximity_2026-06-22\mediacloud\cleaned_text\freepressjournal.in\cfd4f1d3f711a2ad.txt,title_only,title_oils_enforcement,True,adulterated_product,relevant,0.94,Pattern says edible oil is the adulterated/seized/failed product.,d for packing palm oil in the packets of different brands of soyabean and other vegetable oils in Palda area late on Friday. The joint team of food department and administration raided the factory and the sample of the oil was taken from there. Bhanwarkuan police station incharge San,palm oil,raid; raided,,,,,,163
7ec81f30-38cd-4b21-b7c7-277622777d8a,Bangladesh can export edible oil to India: Indian envoy,sentinelassam.com,2021-02-24,https://www.sentinelassam.com/international/bangladesh-can-export-edible-oil-to-india-indian-envoy-525983,C:\Users\yuvra\OneDrive\Desktop\RAship\FoodComputing\news_crawler\data\runs\edible_oils_boolean_title_proximity_2026-06-22\mediacloud\cleaned_text\sentinelassam.com\c3b653a49defc4b4.txt,title_only,title_oils_enforcement,False,adjacent_or_unclear,irrelevant,0.7,Edible-oil term appears without an adulteration/enforcement signal.,"Bangladesh can export edible oil to India: Indian envoy DHAKA: The Indian High Commissioner to Bangladesh, Vikram Kumar Doraiswami, said on Tuesday that Bangladesh can expo",edible oil,,,,,,,510
a11c8773-4474-4903-b281-f6598773601a,‘All it takes is a slick of edible oil to arrest water evaporation’ ,thehindubusinessline.com,2021-03-23,https://www.thehindubusinessline.com/economy/agri-business/all-it-takes-is-a-slick-of-edible-oil-to-arrest-water-evaporation/article34141034.ece,C:\Users\yuvra\OneDrive\Desktop\RAship\FoodComputing\news_crawler\data\runs\edible_oils_boolean_title_proximity_2026-06-22\mediacloud\cleaned_text\thehindubusinessline.com\4266a2fac080d608.txt,title_only,title_oils_enforcement,False,adjacent_or_unclear,irrelevant,0.7,Edible-oil term appears without an adulteration/enforcement signal.,"‘All it takes is a slick of edible oil to arrest water evaporation’ Farmers dig small ponds, particularly in rainfed areas, to collect water from the rainy season and save it for",edible oil,,,,,,,348
3eac1594-3a8d-4107-a3d2-8a303dc115ee,Sri Lanka bans palm oil imports with immediate effect; asks plantations to uproot trees,newindianexpress.com,2021-04-06,https://www.newindianexpress.com/world/2021/apr/06/sri-lanka-bans-palm-oil-imports-with-immediate-effect-asks-plantations-to-uproot-trees-2286572.html,C:\Users\yuvra\OneDrive\Desktop\RAship\FoodComputing\news_crawler\data\runs\edible_oils_boolean_title_proximity_2026-06-22\mediacloud\cleaned_text\newindianexpress.com\b8860af074e30b4f.txt,title_only,title_oils_enforcement,True,adulterated_product,manual_review,0.74,Edible-oil term appears close to adulteration/enforcement language.,to uproot trees COLOMBO: Sri Lankan President Gotabaya Rajapaksa has banned the import of palm oil with immediate effect and ordered local plantation companies to uproot 10 per cent of the,palm oil; coconut oil,banned,,,,,,551
2a02ccc4-057b-4ccf-9674-18d32b2e6d35,Assam: Amid Rising Cooking Oil Price Thief Arrested in Hojai for Stealing Mustard Oil,sentinelassam.com,2021-11-01,https://www.sentinelassam.com/north-east-india-news/assam-news/assam-amid-rising-cooking-oil-price-thief-arrested-in-hojai-for-stealing-mustard-oil-561391,C:\Users\yuvra\OneDrive\Desktop\RAship\FoodComputing\news_crawler\data\runs\edible_oils_boolean_title_proximity_2026-06-22\mediacloud\cleaned_text\sentinelassam.com\b50cd1448e32fb75.txt,title_only,title_oils_enforcement,False,adjacent_or_unclear,irrelevant,0.85,Business/price/import context with no adulteration or enforcement signal.,"Assam: Amid Rising Cooking Oil Price Thief Arrested in Hojai for Stealing Mustard Oil GUWAHATI: The Hojai police arrested a man for, allegedly, stealing mustard oil from a shop",edible oil; cooking oil; mustard oil,,oil price,,,,,236
56c92f3f-fbe3-439e-aaf8-65be4495b4a9,Sebi Bans Launch Of New Derivative Contracts Of Crude Palm Oil,businessworld.in,2021-12-21,https://www.businessworld.in/article/Sebi-Bans-Launch-Of-New-Derivative-Contracts-Of-Crude-Palm-Oil/21-12-2021-415389,C:\Users\yuvra\OneDrive\Desktop\RAship\FoodComputing\news_crawler\data\runs\edible_oils_boolean_title_proximity_2026-06-22\mediacloud\cleaned_text\businessworld.in\4a9a6bead89165c2.txt,title_only,title_oils_enforcement,False,adjacent_or_unclear,irrelevant,0.7,Edible-oil term appears without an adulteration/enforcement signal.,Sebi Bans Launch Of New Derivative Contracts Of Crude Palm Oil Former Uttar Pradesh Chief Secretary and author Alok Ranjan argues that India’s development journey must move beyond economic output to foc,palm oil,,,,,,,682
06e7a2e9-56af-4c72-a81a-a2ddd939df39,India's series of interventions arrest domestic spike in palm oil prices,sentinelassam.com,2021-12-26,https://www.sentinelassam.com/business/indias-series-of-interventions-arrest-domestic-spike-in-palm-oil-prices-569841,C:\Users\yuvra\OneDrive\Desktop\RAship\FoodComputing\news_crawler\data\runs\edible_oils_boolean_title_proximity_2026-06-22\mediacloud\cleaned_text\sentinelassam.com\44014fad5f833992.txt,title_only,title_oils_enforcement,False,adjacent_or_unclear,irrelevant,0.85,Business/price/import context with no adulteration or enforcement signal.,"India's series of interventions arrest domestic spike in palm oil prices NEW DELHI: Even though the prices of Malaysian crude palm oil shot up sharply, the price of the Indian product did not follow the same tren",edible oil; palm oil,,oil prices; commodity; futures; inflation,,,,,328
ede77471-f149-4832-916a-1bdb5e49283b,"Indonesia bans palm oil export, world to face jitters",dnaindia.com,2022-04-22,https://www.dnaindia.com/world/report-indonesia-bans-palm-oil-export-world-to-face-jitters-2947836,C:\Users\yuvra\OneDrive\Desktop\RAship\FoodComputing\news_crawler\data\runs\edible_oils_boolean_title_proximity_2026-06-22\mediacloud\cleaned_text\dnaindia.com\8d7395efcfcf9d4f.txt,title_only,title_oils_enforcement,False,adjacent_or_unclear,irrelevant,0.85,Business/price/import context with no adulteration or enforcement signal.,"d half of our palm oil requirements and the crisis in this Southeast Asian country has upped edible oil prices in India by 20-25 per cent already – with the ban expected to push up prices further. Till a few years back, Indonesia alone supplied close",edible oil; cooking oil; soya oil; palm oil; sunflower oil; vegetable oil,,oil prices; edible oil prices; oil exports; inflation,,,,,514
c7dd7e9f-01b8-4484-9e9e-c1149850ed73,Tough times ahead for Indian edible oil consumers as Indonesia bans export of edible oils,thehindubusinessline.com,2022-04-22,https://www.thehindubusinessline.com/economy/agri-business/tough-times-ahead-for-indian-edible-oil-consumers-as-indonesia-bans-export-of-edible-oils/article65345290.ece,C:\Users\yuvra\OneDrive\Desktop\RAship\FoodComputing\news_crawler\data\runs\edible_oils_boolean_title_proximity_2026-06-22\mediacloud\cleaned_text\thehindubusinessline.com\e5fe2a0ef4502f71.txt,title_only,title_oils_enforcement,True,adulterated_product,manual_review,0.74,Edible-oil term appears close to adulteration/enforcement language.,"times ahead, as Indonesia, India’s main source of palm oil imports, banned exports of all edible oil raw materials on Friday to ease domestic shortage. Indonesian President Joko Widodo annou",edible oil; cooking oil; palm oil; sunflower oil; vegetable oil,banned,,,,,,442
a3a5cad8-90d3-4ce9-b741-6797fb92003e,Indonesia Bans Palm Oil Exports As Global Food Inflation Spikes,businessworld.in,2022-04-23,https://www.businessworld.in/article/Indonesia-Bans-Palm-Oil-Exports-As-Global-Food-Inflation-Spikes/23-04-2022-426300,C:\Users\yuvra\OneDrive\Desktop\RAship\FoodComputing\news_crawler\data\runs\edible_oils_boolean_title_proximity_2026-06-22\mediacloud\cleaned_text\businessworld.in\4a9a6bead89165c2.txt,title_only,title_oils_enforcement,False,adjacent_or_unclear,irrelevant,0.85,Business/price/import context with no adulteration or enforcement signal.,Indonesia Bans Palm Oil Exports As Global Food Inflation Spikes Former Uttar Pradesh Chief Secretary and author Alok Ranjan argues that India’s development journey must mo,palm oil,,oil exports; inflation,,,,,682
25db222f-7110-492f-af68-32960b537f5f,Cooking oil prices may go up by Rs 3-5 per kg as Indonesia bans palm oil exports,newindianexpress.com,2022-04-23,https://www.newindianexpress.com/business/2022/apr/23/cooking-oil-prices-may-go-up-by-rs-3-5-per-kg-as-indonesia-bans-palm-oil-exports-2445679.html,C:\Users\yuvra\OneDrive\Desktop\RAship\FoodComputing\news_crawler\data\runs\edible_oils_boolean_title_proximity_2026-06-22\mediacloud\cleaned_text\newindianexpress.com\ca76ae09658c20cd.txt,title_only,title_oils_enforcement,False,adjacent_or_unclear,irrelevant,0.85,Business/price/import context with no adulteration or enforcement signal.,Cooking oil prices may go up by Rs 3-5 per kg as Indonesia bans palm oil exports NEW DELHI: The edible oil prices may go up by Rs 3-5 a kg in India immediatel,edible oil; cooking oil; palm oil,,oil prices; edible oil prices; oil exports,,,,,268
191f8015-af4c-4066-af9d-3b740d01467d,Podcast | Why Indonesia’s move to ban edible oil export is bad news for India,thehindubusinessline.com,2022-04-23,https://www.thehindubusinessline.com/multimedia/audio/podcast-why-indonesias-move-to-ban-edible-oil-export-is-bad-news-for-india/article65347606.ece,C:\Users\yuvra\OneDrive\Desktop\RAship\FoodComputing\news_crawler\data\runs\edible_oils_boolean_title_proximity_2026-06-22\mediacloud\cleaned_text\thehindubusinessline.com\f59fba026827c087.txt,title_only,title_oils_enforcement,True,adulterated_product,manual_review,0.74,Edible-oil term appears close to adulteration/enforcement language.,"Podcast | Why Indonesia’s move to ban edible oil export is bad news for India Indonesia, India’s main source of palm oil imports, banned e",edible oil; cooking oil; palm oil; vegetable oil,banned,,,,,,94
cfc81e6b-1770-4953-8955-7808285747f7,Edible oil prices may hike in India as Indonesia bans export of palm oil,dnaindia.com,2022-04-24,https://www.dnaindia.com/india/report-edible-oil-prices-may-hike-in-india-as-indonesia-bans-export-of-palm-oil-2948066,C:\Users\yuvra\OneDrive\Desktop\RAship\FoodComputing\news_crawler\data\runs\edible_oils_boolean_title_proximity_2026-06-22\mediacloud\cleaned_text\dnaindia.com\9fee61109f425313.txt,title_only,title_oils_enforcement,False,adjacent_or_unclear,irrelevant,0.85,Business/price/import context with no adulteration or enforcement signal.,"Edible oil prices may hike in India as Indonesia bans export of palm oil INDIA India imports roughly 80 lakh tonnes of palm oil from Indonesia, Malaysia and",edible oil; soybean oil; palm oil; sunflower oil,,oil prices; edible oil prices; import duty; price hike,,,,,494
7a0fdf76-fb41-4bac-8f1b-04452d92b078,Edible oil industry suggests government initiate dialogue with Indonesia over palm oil ban ,newindianexpress.com,2022-04-25,https://www.newindianexpress.com/business/2022/apr/25/edible-oil-industry-suggests-government-initiate-dialogue-with-indonesia-over-palm-oil-ban-2446303.html,C:\Users\yuvra\OneDrive\Desktop\RAship\FoodComputing\news_crawler\data\runs\edible_oils_boolean_title_proximity_2026-06-22\mediacloud\cleaned_text\newindianexpress.com\b1c9c49c9b98288c.txt,title_only,title_oils_enforcement,False,adjacent_or_unclear,irrelevant,0.85,Business/price/import context with no adulteration or enforcement signal.,"nt in India annually, had announced to ban exports till further notice apparently to contain edible oil prices in their domestic market. ""We have suggested our government initiate dialogue with Indonesian counterparts at the highest diplomatic level",edible oil; cooking oil; soybean oil; palm oil,,oil prices; oil price; edible oil prices; inflation,,,,,481
8113978a-9f8f-4aa5-8745-0ea0fa84b704,Palm oil price to spike in India as Indonesia’s export ban leaves global buyers in limbo,thehindu.com,2022-04-25,https://www.thehindu.com/business/Economy/indonesia-export-ban-leaves-global-buyers-in-limbo/article65353014.ece,C:\Users\yuvra\OneDrive\Desktop\RAship\FoodComputing\news_crawler\data\runs\edible_oils_boolean_title_proximity_2026-06-22\mediacloud\cleaned_text\thehindu.com\f1e9f4d013f1e12f.txt,title_only,title_oils_enforcement,False,adjacent_or_unclear,irrelevant,0.85,Business/price/import context with no adulteration or enforcement signal.,"ola crops in Canada; and sunflower oil because of Russia's war on Ukraine,"" Mr. Fry said. Vegetable oil prices have already risen more than 50% in the past six months as factors from labour shortages in Malaysia to droughts in Argentina and Canada -",edible oil; soybean oil; palm oil; sunflower oil; vegetable oil,,oil prices; oil price; oil imports; oil exports,,,,,602
ff42f4c0-aadc-4d55-82da-b08c57112861,Explained | Why did Indonesia ban palm oil exports and how will it affect India?,thehindu.com,2022-04-25,https://www.thehindu.com/news/international/indonesia-palm-oil-export-ban-and-india-impact/article65350522.ece,C:\Users\yuvra\OneDrive\Desktop\RAship\FoodComputing\news_crawler\data\runs\edible_oils_boolean_title_proximity_2026-06-22\mediacloud\cleaned_text\thehindu.com\274a0dbfd37fd882.txt,title_only,title_oils_enforcement,False,adjacent_or_unclear,irrelevant,0.85,Business/price/import context with no adulteration or enforcement signal.,"ss the globe have been bearing the brunt of these factors and the pandemic driving up global edible oil prices to record highs. After Indonesia’s unprecedented announcement to ban palm oil exports altogether, global markets of other vegetable oils sa",edible oil; cooking oil; soybean oil; palm oil; sunflower oil; vegetable oil,,oil prices; edible oil prices; oil imports; oil exports; commodity; inflation,,,,,1317
fe0b3c73-4c0c-4644-a8fc-89ac8d6e0974,"Indonesia export ban will not include crude palm oil, says sources",thehindubusinessline.com,2022-04-25,https://www.thehindubusinessline.com/economy/agri-business/indonesia-export-ban-will-not-include-crude-palm-oil-says-sources/article65353700.ece,C:\Users\yuvra\OneDrive\Desktop\RAship\FoodComputing\news_crawler\data\runs\edible_oils_boolean_title_proximity_2026-06-22\mediacloud\cleaned_text\thehindubusinessline.com\10429befdca361c5.txt,title_only,title_oils_enforcement,True,adulterated_product,manual_review,0.74,Edible-oil term appears close to adulteration/enforcement language.,Selangor-based brokerage Pelindung Bestari. He said there were still concerns that crude palm oil would also be added to the list of banned products as it is raw material for RBD palmolei,edible oil; cooking oil; palm oil,banned,,,,,,471
2d0ee7df-e522-4b5a-9e92-1678d3bbfc3d,"No ban on crude palm oil export, says Indonesia ",thehindubusinessline.com,2022-04-25,https://www.thehindubusinessline.com/economy/agri-business/no-ban-on-crude-palmoil-export-says-indonesia/article65354412.ece,C:\Users\yuvra\OneDrive\Desktop\RAship\FoodComputing\news_crawler\data\runs\edible_oils_boolean_title_proximity_2026-06-22\mediacloud\cleaned_text\thehindubusinessline.com\d092fceca23333be.txt,title_only,title_oils_enforcement,False,adjacent_or_unclear,irrelevant,0.85,Business/price/import context with no adulteration or enforcement signal.,/₹1.09 lakh). The Indonesian decision had the industry and Centre on tenterhooks as already cooking oil prices have been surging continuously since last year. India’s wholesale price index inflation rose to a record 14.95 per cent in March. Russia-Uk,edible oil; cooking oil; refined oil; palm oil,,oil prices; oil imports; commodity; inflation,,,,,720
0ab2bce3-3b4c-4490-9cad-dc9c7174abae,Palm oil soars on Indonesia ban in risk to global food inflation,thehindubusinessline.com,2022-04-25,https://www.thehindubusinessline.com/economy/agri-business/palm-oil-soars-on-indonesia-ban-in-risk-to-global-food-inflation/article65352928.ece,C:\Users\yuvra\OneDrive\Desktop\RAship\FoodComputing\news_crawler\data\runs\edible_oils_boolean_title_proximity_2026-06-22\mediacloud\cleaned_text\thehindubusinessline.com\d3db922ab8285725.txt,title_only,title_oils_enforcement,False,adjacent_or_unclear,irrelevant,0.85,Business/price/import context with no adulteration or enforcement signal.,"said it will ban all exports of cooking oil, a move that threatens to worsen global food inflation. Futures for July delivery rose as much as 6 per cent to 6,738 ringgit ($1,550) a ton in Kuala Lumpur, the highest since March 11. Indonesia said on",cooking oil; palm oil; sunflower oil,,futures; inflation,,,,,285
219bf007-d6af-4716-afd2-06a9f47187e8,FMCG  firms worry as palm oil ban to hit margins ,newindianexpress.com,2022-04-26,https://www.newindianexpress.com/business/2022/apr/26/fmcg-firms-worry-as-palm-oil-ban-to-hit-margins-2446593.html,C:\Users\yuvra\OneDrive\Desktop\RAship\FoodComputing\news_crawler\data\runs\edible_oils_boolean_title_proximity_2026-06-22\mediacloud\cleaned_text\newindianexpress.com\214cf5d3d8ff650c.txt,title_only,title_oils_enforcement,False,adjacent_or_unclear,irrelevant,0.85,Business/price/import context with no adulteration or enforcement signal.,"ries,” said Aggarwal. Palm oil, which is cheaper as compared to other edible oils, makes for 60% of oil imports and Indonesia is the second-largest seller after Malaysia. India will be affected by the ban as it is the world’s largest importer of the o",edible oil; soybean oil; palm oil; sunflower oil; rice bran oil; cottonseed oil,,oil imports,,,,,298
ccaf9f01-e473-41c5-b1ef-a30ac2796653,Explained: Indonesia’s surprise palm oil export ban and its impact on consumers of India,oneindia.com,2022-04-26,https://www.oneindia.com/india/explained-indonesia-s-surprise-palm-oil-export-ban-and-its-impact-on-consumers-of-india-3400727.html,C:\Users\yuvra\OneDrive\Desktop\RAship\FoodComputing\news_crawler\data\runs\edible_oils_boolean_title_proximity_2026-06-22\mediacloud\cleaned_text\oneindia.com\bf04f53c93e94652.txt,title_only,title_oils_enforcement,False,adjacent_or_unclear,irrelevant,0.85,Business/price/import context with no adulteration or enforcement signal.,"nt in India annually, had announced to ban exports till further notice apparently to contain edible oil prices in their domestic market. Why did Indonesia ban palm oil exports? Indonesia's decision to halt exports is driven by the political situation",edible oil; soybean oil; palm oil; sunflower oil,,oil prices; edible oil prices; oil imports; oil exports; inflation,,,,,493
154778eb-e929-4333-bc39-9fd45c34702a,"Oil’s Not Well With Palm And Sunflower As Indonesia’s Export Curbs Sets Off Alarm Bells Over Price Hikes, Inflation",swarajyamag.com,2022-04-27,https://swarajyamag.com/news-brief/oils-not-well-with-palm-and-sunflower-as-indonesias-export-curbs-sets-off-alarm-bells-over-price-hikes-inflation,C:\Users\yuvra\OneDrive\Desktop\RAship\FoodComputing\news_crawler\data\runs\edible_oils_boolean_title_proximity_2026-06-22\mediacloud\cleaned_text\swarajyamag.com\f6debe46fe2c3e54.txt,title_only,title_oils_enforcement,False,adjacent_or_unclear,irrelevant,0.85,Business/price/import context with no adulteration or enforcement signal.,"larm Bells Over Price Hikes, Inflation India may be staring at a possible sharp elevation in edible oil prices in India with Indonesia, world’s largest producer of palm oil, planning an export ban on palm oil which alongwith its derivative products a",edible oil; palm oil; sunflower oil; vegetable oil,,oil prices; edible oil prices; oil imports; oil exports; inflation,,,,,627
daee3bd3-876c-4aea-bf5e-a1f9a42d2fb7,Indonesian U-turn: Export ban will cover crude palm oil,thehindubusinessline.com,2022-04-27,https://www.thehindubusinessline.com/economy/agri-business/indonesian-u-turn-export-ban-will-cover-crude-palm-oil/article65360776.ece,C:\Users\yuvra\OneDrive\Desktop\RAship\FoodComputing\news_crawler\data\runs\edible_oils_boolean_title_proximity_2026-06-22\mediacloud\cleaned_text\thehindubusinessline.com\05f088f449a6ea6e.txt,title_only,title_oils_enforcement,False,adjacent_or_unclear,irrelevant,0.85,Business/price/import context with no adulteration or enforcement signal.,"ng oil. The ban will come into effect from Thursday (April 28) and will last until domestic cooking oil prices ease, which some Indian buyers see as short-term. ‘Short-term affair’ “We don’t estimate this ban to be long-term. Therefore, the market wi",edible oil; cooking oil; refined oil; palm oil; sunflower oil,,oil prices; edible oil prices; import duty,,,,,614
a59ceba1-e002-4769-90d9-638a15a3f4e3,"Indonesia ban on crude, RBD palm oil ‘temporary’",thehindubusinessline.com,2022-04-28,https://www.thehindubusinessline.com/economy/agri-business/indonesia-ban-on-crude-rbd-palm-oil-temporary/article65363550.ece,C:\Users\yuvra\OneDrive\Desktop\RAship\FoodComputing\news_crawler\data\runs\edible_oils_boolean_title_proximity_2026-06-22\mediacloud\cleaned_text\thehindubusinessline.com\1314c8d9ca9fc710.txt,title_only,title_oils_enforcement,False,adjacent_or_unclear,irrelevant,0.85,Business/price/import context with no adulteration or enforcement signal.,"e policy. He further said the implementation of the export ban will continue until the bulk cooking oil price reaches 14,000 Indonesian rupiah (approximately ₹74) per litre in all regions across Indonesia. The export ban also aims to ensure that CPO",cooking oil; palm oil,,oil price; futures; palm oil futures,,,,,442
09aeaa6d-d994-4bf6-b60e-116aabed8604,What forced Indonesia’s flip-flop on crude palm oil export ban,thehindubusinessline.com,2022-04-28,https://www.thehindubusinessline.com/economy/agri-business/what-forced-indonesias-flip-flop-on-crude-palm-oil-export-ban/article65362703.ece,C:\Users\yuvra\OneDrive\Desktop\RAship\FoodComputing\news_crawler\data\runs\edible_oils_boolean_title_proximity_2026-06-22\mediacloud\cleaned_text\thehindubusinessline.com\c714550f90e41b9c.txt,title_only,title_oils_enforcement,True,adulterated_product,manual_review,0.74,Edible-oil term appears close to adulteration/enforcement language.,n 48 hours of Jakarta telling the global commodity that CPO will not be banned. The crude palm oil market has been swinging wildly ever since Indonesia President Joko Widodo announced his,mustard oil; palm oil; groundnut oil; sunflower oil,banned,,,,,,738
c2d3cff6-ea36-496a-87bd-63310214bc0a,India s Edible Oil Position Comfortable Amid Indonesian Ban Centre,businessworld.in,2022-05-02,https://www.businessworld.in/article/India-s-Edible-Oil-Position-Comfortable-Amid-Indonesian-Ban-Centre-/02-05-2022-427268,C:\Users\yuvra\OneDrive\Desktop\RAship\FoodComputing\news_crawler\data\runs\edible_oils_boolean_title_proximity_2026-06-22\mediacloud\cleaned_text\businessworld.in\4a9a6bead89165c2.txt,title_only,title_oils_enforcement,False,adjacent_or_unclear,irrelevant,0.7,Edible-oil term appears without an adulteration/enforcement signal.,India s Edible Oil Position Comfortable Amid Indonesian Ban Centre Former Uttar Pradesh Chief Secretary and author Alok Ranjan argues that India’s development,edible oil,,,,,,,682
ed4ec442-a22e-4242-ae88-6287ab223e03,"‘Indonesia may lift ban on crude, RBD palm oil export by month-end’",thehindubusinessline.com,2022-05-11,https://www.thehindubusinessline.com/economy/agri-business/indonesia-may-lift-ban-on-crude-rbd-palm-oil-export-by-month-end/article65403325.ece,C:\Users\yuvra\OneDrive\Desktop\RAship\FoodComputing\news_crawler\data\runs\edible_oils_boolean_title_proximity_2026-06-22\mediacloud\cleaned_text\thehindubusinessline.com\be329aeaa3d0ed1b.txt,title_only,title_oils_enforcement,False,adjacent_or_unclear,irrelevant,0.7,Edible-oil term appears without an adulteration/enforcement signal.,"deodorised) palm oil by the end of this month. During a presentation on India’s ability to meet its edible oil requirement, at the Globoil International 2022 organised in Dubai by Tefla’s under the patronage of SEA, BV Mehta, Executive Director of SE",edible oil; palm oil; groundnut oil; sunflower oil; rice bran oil,,,,,,,485
ce5f6391-fd75-4e5d-9a65-8aa180377337,Indonesian farmers protest against rising cost of palm oil export ban,thehindubusinessline.com,2022-05-17,https://www.thehindubusinessline.com/economy/agri-business/indonesian-farmers-protest-against-rising-cost-of-palm-oil-export-ban/article65424063.ece,C:\Users\yuvra\OneDrive\Desktop\RAship\FoodComputing\news_crawler\data\runs\edible_oils_boolean_title_proximity_2026-06-22\mediacloud\cleaned_text\thehindubusinessline.com\f4e1a23cec7f23b8.txt,title_only,title_oils_enforcement,False,adjacent_or_unclear,irrelevant,0.85,Business/price/import context with no adulteration or enforcement signal.,"Widodo imposed the export ban on palm oil after earlier policies failed to control domestic cooking oil prices. Jokowi, as the president is popularly known, said the need for affordable food trumped revenue concerns and the ban would be lifted only a",cooking oil; palm oil; vegetable oil,,oil prices,,,,,621
83c23655-a794-480b-bf29-614b53deb870,Indonesia To Lift Palm Oil Export Ban From Monday,businessworld.in,2022-05-19,https://www.businessworld.in/article/Indonesia-To-Lift-Palm-Oil-Export-Ban-From-Monday-/19-05-2022-429479,C:\Users\yuvra\OneDrive\Desktop\RAship\FoodComputing\news_crawler\data\runs\edible_oils_boolean_title_proximity_2026-06-22\mediacloud\cleaned_text\businessworld.in\4a9a6bead89165c2.txt,title_only,title_oils_enforcement,False,adjacent_or_unclear,irrelevant,0.7,Edible-oil term appears without an adulteration/enforcement signal.,Indonesia To Lift Palm Oil Export Ban From Monday Former Uttar Pradesh Chief Secretary and author Alok Ranjan argues that India’s development journey must move beyond,palm oil,,,,,,,682
7111cddd-30e5-487f-8009-a1b79a80e2cd,Indonesia to lift ban on palm oil exports from May 23,freepressjournal.in,2022-05-19,https://www.freepressjournal.in/business/indonesia-to-lift-ban-on-palm-oil-exports-from-may-23,C:\Users\yuvra\OneDrive\Desktop\RAship\FoodComputing\news_crawler\data\runs\edible_oils_boolean_title_proximity_2026-06-22\mediacloud\cleaned_text\freepressjournal.in\90808493bb6b3c7f.txt,title_only,title_oils_enforcement,False,adjacent_or_unclear,irrelevant,0.85,Business/price/import context with no adulteration or enforcement signal.,"Indonesia to lift ban on palm oil exports from May 23 Indonesia will lift its ban on palm oil exports next week, President Joko Widodo said Thursday, relieving pressure on the globa",cooking oil; palm oil; rice bran oil; cottonseed oil; vegetable oil,,oil exports,,,,,364
520ceb48-3f89-4096-9d66-ca4966cb96f6,Indonesia to lift ban on palm oil exports from 23rd May,newindianexpress.com,2022-05-19,https://www.newindianexpress.com/world/2022/may/19/indonesia-to-lift-ban-on-palm-oil-exports-from-23rd-may-2455510.html,C:\Users\yuvra\OneDrive\Desktop\RAship\FoodComputing\news_crawler\data\runs\edible_oils_boolean_title_proximity_2026-06-22\mediacloud\cleaned_text\newindianexpress.com\48a0102bb03f8f74.txt,title_only,title_oils_enforcement,False,adjacent_or_unclear,irrelevant,0.85,Business/price/import context with no adulteration or enforcement signal.,"Indonesia to lift ban on palm oil exports from 23rd May JAKARTA: Indonesia will lift its ban on palm oil exports next week, President Joko Widodo said Thursday, relieving pressure o",cooking oil; palm oil; vegetable oil,,oil exports; commodity,,,,,503
e0a6fcca-2c73-472b-a7cb-c80d94c040f3,"With storages overflowing, Indonesia to lift palm oil export ban from May 23",thehindubusinessline.com,2022-05-19,https://www.thehindubusinessline.com/economy/agri-business/indonesia-to-lift-palm-oil-export-ban-from-may-23/article65430548.ece,C:\Users\yuvra\OneDrive\Desktop\RAship\FoodComputing\news_crawler\data\runs\edible_oils_boolean_title_proximity_2026-06-22\mediacloud\cleaned_text\thehindubusinessline.com\f76a1cb60e6136f6.txt,title_only,title_oils_enforcement,False,adjacent_or_unclear,irrelevant,0.85,Business/price/import context with no adulteration or enforcement signal.,"d (RBD) palm oil from May 23, providing much relief to countries such as India from soaring cooking oil prices. Indonesian President Joko Widodo announced on Thursday to lift the ban after imposing it almost a month ago. It had resulted in CPO future",edible oil; cooking oil; palm oil; sunflower oil,,oil prices; edible oil prices; futures,,,,,584
d3b8b5ac-f9f9-4fa9-8fec-dd3d916516cf,Indonesia’s move to revoke palm oil export ban comes with a rider,thehindubusinessline.com,2022-05-20,https://www.thehindubusinessline.com/economy/agri-business/indonesias-move-to-revoke-palm-oil-export-ban-comes-with-a-rider/article65439370.ece,C:\Users\yuvra\OneDrive\Desktop\RAship\FoodComputing\news_crawler\data\runs\edible_oils_boolean_title_proximity_2026-06-22\mediacloud\cleaned_text\thehindubusinessline.com\c7c022c4246773a8.txt,title_only,title_oils_enforcement,False,adjacent_or_unclear,irrelevant,0.85,Business/price/import context with no adulteration or enforcement signal.,"to sell cooking oil at discount. The move follows the Widodo government’s failure to reduce cooking oil prices to 14,000 rupiah (₹74) when it imposed the ban on April 28. Though Hartarto said the DMO policy would be implemented while revoking the ban",edible oil; cooking oil; mustard oil; palm oil; groundnut oil; sunflower oil,,oil prices; edible oil prices; oil exports; inflation,,,,,745
13d7edb5-bb6a-4e78-be58-6f00ea9057f6,Palm oil price rallies as Indonesia dilly-dallies on revoking export ban ,thehindubusinessline.com,2022-05-27,https://www.thehindubusinessline.com/economy/agri-business/palm-oil-price-rallies-as-indonesia-dilly-dallies-on-revoking-export-ban/article65466888.ece,C:\Users\yuvra\OneDrive\Desktop\RAship\FoodComputing\news_crawler\data\runs\edible_oils_boolean_title_proximity_2026-06-22\mediacloud\cleaned_text\thehindubusinessline.com\5bedf053f1c3c8a8.txt,title_only,title_oils_enforcement,False,adjacent_or_unclear,irrelevant,0.85,Business/price/import context with no adulteration or enforcement signal.,Palm oil price rallies as Indonesia dilly-dallies on revoking export ban Palm oil prices have increased by 4.5 per cent on Bursa Malaysia Derivatives (BMD) Exchange till now since May 19 when Indonesia announced revoking its ban,edible oil; cooking oil; palm oil; sunflower oil,,oil prices; oil price; oil exports; commodity,,,,,651
a14510c3-db94-48bc-9ad5-445c4424dd73,Palm oil imports surge to seven-month high in May despite Indonesia's ban,thehindu.com,2022-06-07,https://www.thehindu.com/business/Economy/indian-palm-oil-imports-surge-in-may-despite-indonesia-ban/article65502961.ece,C:\Users\yuvra\OneDrive\Desktop\RAship\FoodComputing\news_crawler\data\runs\edible_oils_boolean_title_proximity_2026-06-22\mediacloud\cleaned_text\thehindu.com\f0461e11a194674c.txt,title_only,title_oils_enforcement,False,adjacent_or_unclear,irrelevant,0.85,Business/price/import context with no adulteration or enforcement signal.,"her purchases by India, the world's biggest importer of vegetable oil, could support Malaysian palm oil prices, which are trading near a record high. The country imported 660,000 tonnes of palm oil in May, up from 572,508 tonnes in April, according t",palm oil; sunflower oil; vegetable oil,,oil prices; oil imports; oil exports; commodity,,,,,297
1d1352d8-45e7-40b2-8231-fd61a3e8ef39,Ban on palm oil import through Kerala ports bleeds consumers       ,thehindu.com,2022-06-07,https://www.thehindu.com/news/national/kerala/ban-on-palm-oil-import-through-kerala-ports-bleeds-consumers/article65504468.ece,C:\Users\yuvra\OneDrive\Desktop\RAship\FoodComputing\news_crawler\data\runs\edible_oils_boolean_title_proximity_2026-06-22\mediacloud\cleaned_text\thehindu.com\8c7c75f17aec7d86.txt,title_only,title_oils_enforcement,False,adjacent_or_unclear,irrelevant,0.7,Edible-oil term appears without an adulteration/enforcement signal.,"Ban on palm oil import through Kerala ports bleeds consumers The ban on import of palm oil through Kerala ports, introduced to lift the sagging fortunes of",palm oil; coconut oil,,,,,,,389
6ec46318-b8da-469a-95b8-e112d0cbaf56,Sonkatch: Five arrested for Rs 60L edible oil theft,freepressjournal.in,2022-07-21,https://www.freepressjournal.in/indore/sonkatch-five-arrested-for-rs-60l-edible-oil-theft,C:\Users\yuvra\OneDrive\Desktop\RAship\FoodComputing\news_crawler\data\runs\edible_oils_boolean_title_proximity_2026-06-22\mediacloud\cleaned_text\freepressjournal.in\6a94dc84e7c907d8.txt,title_only,title_oils_enforcement,False,adjacent_or_unclear,irrelevant,0.7,Edible-oil term appears without an adulteration/enforcement signal.,Sonkatch: Five arrested for Rs 60L edible oil theft Sonkatch (Madhya Pradesh): Sonkatch police in Dewas district arrested five accused with edible oil worth Rs 60 lakh stolen on July 9.,edible oil,,,,,,,215
871ec9f6-ba94-4590-8211-6cd71bbbe65f,Pollachi MP seeks ban on import of coconut oil till copra rates increases,thehindu.com,2022-12-12,https://www.thehindu.com/news/cities/Coimbatore/pollachi-mp-seeks-ban-on-import-of-coconut-oil-till-copra-rates-increases/article66254981.ece,C:\Users\yuvra\OneDrive\Desktop\RAship\FoodComputing\news_crawler\data\runs\edible_oils_boolean_title_proximity_2026-06-22\mediacloud\cleaned_text\thehindu.com\d2e9eb8e91929390.txt,title_only,title_oils_enforcement,False,adjacent_or_unclear,irrelevant,0.85,Business/price/import context with no adulteration or enforcement signal.,"increases K. Shanmuga Sundaram, MP, has urged the Centre to ban the import of coconut oil until the market price of copra increases. In a petition to the Secretary, Department of Farmers’ Welfare, Manoj Ahuja, the MP said the government’s move to levy",coconut oil,,market price,,,,,209
01888b71-8f6c-4e8e-922e-9059e650b633,Fire at coconut oil mill under Kallamkunnu Service Co-operative Bank ,thehindu.com,2023-01-01,https://www.thehindu.com/news/national/kerala/fire-at-coconut-oil-mill-under-kallamkunnu-service-co-operative-bank/article66327438.ece,C:\Users\yuvra\OneDrive\Desktop\RAship\FoodComputing\news_crawler\data\runs\edible_oils_boolean_title_proximity_2026-06-22\mediacloud\cleaned_text\thehindu.com\210b00de77b8e4ba.txt,title_only,title_oils_enforcement,False,adjacent_or_unclear,irrelevant,0.7,Edible-oil term appears without an adulteration/enforcement signal.,Fire at coconut oil mill under Kallamkunnu Service Co-operative Bank A fire that broke out at a coconut mill under the Kallamkunnu Service Co-operative Bank in,coconut oil,,,,,,,172
7628e972-517c-4787-b895-b9fa877064d2,DGFT extends ban on palm oil imports through Kerala ports,thehindubusinessline.com,2023-01-03,https://www.thehindubusinessline.com/markets/commodities/dgft-extends-ban-on-palm-oil-imports-through-kerala-ports/article66332719.ece,C:\Users\yuvra\OneDrive\Desktop\RAship\FoodComputing\news_crawler\data\runs\edible_oils_boolean_title_proximity_2026-06-22\mediacloud\cleaned_text\thehindubusinessline.com\efe5b9265bf8bd3a.txt,title_only,title_oils_enforcement,True,adjacent_or_unclear,manual_review,0.55,"Edible-oil and adulteration/action terms both appear, but product role is not clear.",DGFT extends ban on palm oil imports through Kerala ports The Director-General of Foreign Trade (DGFT) has extended the ban on palm oil imports through Kerala ports unt,palm oil; coconut oil,banned,,,,,,276
429added-526d-4b1f-9911-977e56e3b350,Trade bodies oppose extension of palm oil import ban through Kerala ports,thehindubusinessline.com,2023-01-04,https://www.thehindubusinessline.com/economy/agri-business/trade-bodies-oppose-extending-palm-oil-import-ban-in-kerala-ports/article66337873.ece,C:\Users\yuvra\OneDrive\Desktop\RAship\FoodComputing\news_crawler\data\runs\edible_oils_boolean_title_proximity_2026-06-22\mediacloud\cleaned_text\thehindubusinessline.com\c50cec091af75bec.txt,title_only,title_oils_enforcement,True,adulterated_product,manual_review,0.74,Edible-oil term appears close to adulteration/enforcement language.,"Parliament. ‘No tangible benefits’ Prakash Iyer, Chairman, Cochin Port Users’ Forum, said palm oil import through Cochin Port was banned in 2007 to arrest the falling price of coconut oil.",palm oil; coconut oil,banned,,,,,,331
be9316e3-e73f-4ebc-a570-2f36df9c188d,"Massive fire at edible oil godown in Howrah, 15 engines working to douse it ",newindianexpress.com,2023-10-14,http://www.newindianexpress.com/nation/2023/oct/14/massive-fire-at-edible-oil-godown-in-howrah-15-engines-working-to-douse-it-2623891.html,C:\Users\yuvra\OneDrive\Desktop\RAship\FoodComputing\news_crawler\data\runs\edible_oils_boolean_title_proximity_2026-06-22\mediacloud\cleaned_text\newindianexpress.com\991fbb670954e02e.txt,title_only,title_oils_enforcement,False,adjacent_or_unclear,irrelevant,0.7,Edible-oil term appears without an adulteration/enforcement signal.,"Massive fire at edible oil godown in Howrah, 15 engines working to douse it HOWARAH: A massive fire broke out at a godown of edible oil in West Bengal's Howrah distri",edible oil,,,,,,,100
854d5cc4-0251-4235-9c70-f2a0656f9c9a,"Ban import of palm oil, demand Tiruppur ryots",newindianexpress.com,2024-03-18,https://www.newindianexpress.com/states/tamil-nadu/2024/Mar/18/ban-import-of-palm-oil-demand-tiruppur-ryots,C:\Users\yuvra\OneDrive\Desktop\RAship\FoodComputing\news_crawler\data\runs\edible_oils_boolean_title_proximity_2026-06-22\mediacloud\cleaned_text\newindianexpress.com\df95f8f4ea9b3da0.txt,title_only,title_oils_enforcement,False,adjacent_or_unclear,irrelevant,0.7,Edible-oil term appears without an adulteration/enforcement signal.,"Ban import of palm oil, demand Tiruppur ryots TIRUPPUR: Hundreds of farmers held a rally near the Tiruppur district collectorate seeking the inclusion of coconut",palm oil; groundnut oil; coconut oil,,,,,,,165
013fa586-ec8e-4c0d-9ef9-0b55851867f2,Coconut farmers seek ban on palm oil import,newindianexpress.com,2024-04-11,https://www.newindianexpress.com/states/tamil-nadu/2024/Apr/11/coconut-farmers-seek-ban-on-palm-oil-import,C:\Users\yuvra\OneDrive\Desktop\RAship\FoodComputing\news_crawler\data\runs\edible_oils_boolean_title_proximity_2026-06-22\mediacloud\cleaned_text\newindianexpress.com\2de01f86ccfe7a48.txt,title_only,title_oils_enforcement,True,adulterated_product,relevant,0.94,Pattern says edible oil is the adulterated/seized/failed product.,"ers, the protesters said the promise remains unfulfilled. “The state government failed and several thousand tonnes of refined palm oil are imported every year from Malaysia. These are widely distributed across all PDS shops in Tamil N",palm oil; coconut oil,,,,,,,213
2eebf6f0-9646-4ff5-b49c-25efc447949e,Edible oil industry urges Centre not to extend export ban on de-oiled rice bran,thehindubusinessline.com,2024-05-26,https://www.thehindubusinessline.com/economy/agri-business/edible-oil-industry-urges-centre-not-to-extend-export-ban-on-de-oiled-rice-bran/article68217583.ece,C:\Users\yuvra\OneDrive\Desktop\RAship\FoodComputing\news_crawler\data\runs\edible_oils_boolean_title_proximity_2026-06-22\mediacloud\cleaned_text\thehindubusinessline.com\b0284751b2015140.txt,title_only,title_oils_enforcement,True,adjacent_or_unclear,manual_review,0.55,"Edible-oil and adulteration/action terms both appear, but product role is not clear.",Edible oil industry urges Centre not to extend export ban on de-oiled rice bran Edible oil industry body Solvent Extractors Association of India (SEA),edible oil; vegetable oil,banned,,,,,,463
725eeea1-8eb5-4627-b55f-e7f2e6ffbfeb, - BW Businessworld,businessworld.in,2024-05-29,https://businessworld.in/article/indonesia-bans-palm-oil-exports-as-global-food-inflation-spikes-426300,C:\Users\yuvra\OneDrive\Desktop\RAship\FoodComputing\news_crawler\data\runs\edible_oils_boolean_title_proximity_2026-06-22\mediacloud\cleaned_text\businessworld.in\c89076b64a9cb6da.txt,title_only,title_oils_enforcement,False,adjacent_or_unclear,irrelevant,0.85,Business/price/import context with no adulteration or enforcement signal.,"dia (SEA). ""This move is rather unfortunate and totally unexpected,"" he said. Alternative vegetable oil prices spiked in response to the measure which will take effect on April 28. Soybean oil, the second most used vegetable oil, rose 4.5 per cent to",edible oil; cooking oil; soybean oil; palm oil; sunflower oil; vegetable oil,,oil prices; edible oil prices; oil exports; inflation,,,,,814
dccf6f20-73b4-4fba-a136-a38ca50d3960,Exporters body urges Centre to lift palm oil import ban via Kerala ports,thehindubusinessline.com,2024-07-15,https://www.thehindubusinessline.com/economy/agri-business/exporters-body-urges-centre-to-lift-palm-oil-import-ban-via-kerala-ports/article68405694.ece,C:\Users\yuvra\OneDrive\Desktop\RAship\FoodComputing\news_crawler\data\runs\edible_oils_boolean_title_proximity_2026-06-22\mediacloud\cleaned_text\thehindubusinessline.com\07b5f45e68be1a5f.txt,title_only,title_oils_enforcement,True,adulterated_product,manual_review,0.74,Edible-oil term appears close to adulteration/enforcement language.,tes with coconut production higher than Kerala) governments have not banned the import of palm oil. The report also requested the government to set up an expert committee to study the magn,palm oil; coconut oil,banned,,,,,,345
344cf1ce-154f-4e2d-a40b-cfb847f0c946,Kerala ports lose out as palm oil import ban completes 17 years,newindianexpress.com,2024-07-30,https://www.newindianexpress.com/states/kerala/2024/Jul/30/kerala-ports-lose-out-as-palm-oil-import-ban-completes-17-years-4,C:\Users\yuvra\OneDrive\Desktop\RAship\FoodComputing\news_crawler\data\runs\edible_oils_boolean_title_proximity_2026-06-22\mediacloud\cleaned_text\newindianexpress.com\6452514eb77f85c8.txt,title_only,title_oils_enforcement,False,adjacent_or_unclear,irrelevant,0.85,Business/price/import context with no adulteration or enforcement signal.,"l in the Kerala market. “The import ban came when coconut farmers were struggling after the coconut oil prices declined to Rs 47/kg. Now it’s Rs 200/kg and Keralites, with increased purchasing power, now prioritise quality,” he says. Ali points out t",palm oil; coconut oil,,oil prices; oil price; oil imports,,,,,601
fa7fcf33-6d5f-411f-a070-36c3da0038d7,Edible Oil Body SEA Urges Govt To Lift Ban On Commodity Futures Trading,ipanewspack.com,2024-11-26,https://ipanewspack.com/edible-oil-body-sea-urges-govt-to-lift-ban-on-commodity-futures-trading/#utm_source=rss&utm_medium=rss&utm_campaign=edible-oil-body-sea-urges-govt-to-lift-ban-on-commodity-futures-trading,C:\Users\yuvra\OneDrive\Desktop\RAship\FoodComputing\news_crawler\data\runs\edible_oils_boolean_title_proximity_2026-06-22\mediacloud\cleaned_text\ipanewspack.com\ce0dd0e75147df86.txt,title_only,title_oils_enforcement,False,adjacent_or_unclear,irrelevant,0.85,Business/price/import context with no adulteration or enforcement signal.,Edible Oil Body SEA Urges Govt To Lift Ban On Commodity Futures Trading NEW DELHI: Edible oil industry SEA on Monday called on the government to lift a ban on futures trading in key agricultural,edible oil; soybean oil; palm oil,,commodity; futures; inflation,,,,,229
8cc3093c-4b4e-4632-a55b-3a0dabe45191,"Edible oil racket busted, 1 arrested in joint drive",thehansindia.com,2025-03-12,https://www.thehansindia.com/telangana/edible-oil-racket-busted-1-arrested-in-joint-drive-953178,C:\Users\yuvra\OneDrive\Desktop\RAship\FoodComputing\news_crawler\data\runs\edible_oils_boolean_title_proximity_2026-06-22\mediacloud\cleaned_text\thehansindia.com\f2006359515fd97b.txt,title_only,title_oils_enforcement,True,adulterated_product,relevant,0.94,Pattern says edible oil is the adulterated/seized/failed product.,"mmissioner’s Task Force, South-East Team, along with the Food Safety Officials, raided a shop in Mahaboob Mansion, Malakpet, and apprehended a person for repacking and selling edible oils with expired labels and using whitener on labels to suppress the expiry date and batch numbers with",edible oil,seized; raided; food safety,,,,,,184
fadda9d4-b75b-4374-98f6-fa0684bdf4f2,"Watch out for these stocks: Niva Bupa, Kotak Mahindra Bank, Ugro Capital, edible oil companies, IndiGo, Prestige Estates, IRB Infrastructure, IFB Agro, Thomas Cook, KRN Heat",thehindubusinessline.com,2025-06-02,https://www.thehindubusinessline.com/markets/watch-out-for-these-stocks-niva-bupa-kotak-mahindra-bank-ugro-capital-edible-oil-companies-indigo-prestige-estates-irb-infrastructure-ifb-agro-thomas-cook-krn-heat/article69646192.ece,C:\Users\yuvra\OneDrive\Desktop\RAship\FoodComputing\news_crawler\data\runs\edible_oils_boolean_title_proximity_2026-06-22\mediacloud\cleaned_text\thehindubusinessline.com\ffe2429f30bffdaf.txt,title_only,title_oils_enforcement,False,adjacent_or_unclear,irrelevant,0.7,Edible-oil term appears without an adulteration/enforcement signal.,"Watch out for these stocks: Niva Bupa, Kotak Mahindra Bank, Ugro Capital, edible oil companies, IndiGo, Prestige Estates, IRB Infrastructure, IFB Agro, Thomas Cook, KRN Heat According to market buzz, True North entity, Fettl",edible oil; palm oil; sunflower oil,,,,,,,1044
8b243b55-7037-41df-88d7-ed6397eae7fb,Sales of chips hit in Kerala as Nendran banana turns cheap and coconut oil pricey,thehindubusinessline.com,2025-08-04,https://www.thehindubusinessline.com/economy/agri-business/sales-of-chips-hit-in-kerala-as-nendran-banana-turns-cheap-and-coconut-oil-pricey/article69892573.ece,C:\Users\yuvra\OneDrive\Desktop\RAship\FoodComputing\news_crawler\data\runs\edible_oils_boolean_title_proximity_2026-06-22\mediacloud\cleaned_text\thehindubusinessline.com\145cdaa7de07b1a0.txt,title_only,title_oils_enforcement,False,adjacent_or_unclear,irrelevant,0.85,Business/price/import context with no adulteration or enforcement signal.,"turers to stock up ahead of Onam, catering to the seasonal boom in demand. However, soaring coconut oil prices are weighing heavily on the chips industry, neutralising the benefits of cheaper bananas. As a result, sales of both bananas and coconut oi",coconut oil,,oil prices; oil price,,,,,589
300d7bec-2797-4889-8e0b-de4a1b87f005,"10,000 Kg Rotten Dates And Adulterated Oil Seized: What Kanpur’s Festival Crackdown Reveals",thelogicalindian.com,2026-02-26,https://thelogicalindian.com/10000-kg-rotten-dates-and-adulterated-oil-seized-what-kanpurs-festival-crackdown-reveals/,C:\Users\yuvra\OneDrive\Desktop\RAship\FoodComputing\news_crawler\data\runs\edible_oils_boolean_title_proximity_2026-06-22\mediacloud\cleaned_text\redirect.whalebone.io\962e419013303811.txt,boolean,boolean_core_oils_fraud,True,adulterated_product,relevant,0.94,Pattern says edible oil is the adulterated/seized/failed product.,"10,000 Kg Rotten Dates And Adulterated Oil Seized: What Kanpur’s Festival Crackdown Reveals Attention! You have tried to access a site at http",,adulterated; seized; crackdown,,,,,,48
0505dcdb-6ba9-43c9-9fb9-4312a38386f9,"Adulterated cooking oil, wheat flour worth Rs 21 lakh seized in Hyderabad",siasat.com,2026-03-10,https://www.siasat.com/adulterated-cooking-oil-wheat-flour-worth-rs-21-lakh-seized-in-hyderabad-3432488/,C:\Users\yuvra\OneDrive\Desktop\RAship\FoodComputing\news_crawler\data\runs\edible_oils_boolean_title_proximity_2026-06-22\mediacloud\cleaned_text\siasat.com\31ef11a558393296.txt,boolean,boolean_core_oils_fraud,True,adulterated_product,relevant,0.94,Pattern says edible oil is the adulterated/seized/failed product.,"Adulterated cooking oil, wheat flour worth Rs 21 lakh seized in Hyderabad Hyderabad: The Madhapur Special Operations Team conducted raids at two locations in Hy",cooking oil; soybean oil,adulterated; adulteration; seized; raid,,,,,,215
2fd8c633-20b6-4ee1-a82a-d2dcb4b1b23e,"Over 5,000 litres of adulterated cooking oil seized in Gachibowli; expired wheat flour repackaged for sale",thehindu.com,2026-03-10,https://www.thehindu.com/news/cities/Hyderabad/over-5000-litres-of-adulterated-cooking-oil-seized-in-gachibowli-expired-wheat-flour-repackaged-for-sale/article70724996.ece,C:\Users\yuvra\OneDrive\Desktop\RAship\FoodComputing\news_crawler\data\runs\edible_oils_boolean_title_proximity_2026-06-22\mediacloud\cleaned_text\thehindu.com\97336471f584425c.txt,boolean,boolean_core_oils_fraud,True,adulterated_product,relevant,0.94,Pattern says edible oil is the adulterated/seized/failed product.,"Over 5,000 litres of adulterated cooking oil seized in Gachibowli; expired wheat flour repackaged for sale Thousands of litres of adulterated cooking oil and wheat flour were seized during raids carried out by the Madhapur Special Operations",cooking oil; soybean oil,adulterated; adulteration; seized; food safety,,,,,,228
d5e329e2-05b8-4e50-8b53-0abb3e2d1d40,Collection of reused cooking oil from eateries goes up three-fold in Madurai  ,newindianexpress.com,2024-08-03,https://www.newindianexpress.com/states/tamil-nadu/2024/Aug/03/collection-of-reused-cooking-oil-from-eateries-goes-up-three-fold-in-madurai,C:\Users\yuvra\OneDrive\Desktop\RAship\FoodComputing\news_crawler\data\runs\edible_oils_boolean_title_proximity_2026-06-22\mediacloud\cleaned_text\newindianexpress.com\18ac92386a80b587.txt,boolean,boolean_core_oils_fraud,True,adulterated_product,manual_review,0.74,Edible-oil term appears close to adulteration/enforcement language.,"oes up three-fold in Madurai MADURAI: Health experts have warned against using repurposed cooking oil at hotels in Madurai, and the food safety department has been diligently collecting reuse",cooking oil,food safety; FSSAI; Food Safety Department,,,,,,332
e401903f-43b1-4b49-a085-e03de6014a4a,What actually happens when cooking oil is reused and why it matters - The Times of India,indiatimes.com,2025-10-24,https://timesofindia.indiatimes.com/life-style/food-news/what-actually-happens-when-cooking-oil-is-reused-and-why-it-matters/articleshow/124779839.cms,C:\Users\yuvra\OneDrive\Desktop\RAship\FoodComputing\news_crawler\data\runs\edible_oils_boolean_title_proximity_2026-06-22\mediacloud\cleaned_text\timesofindia.indiatimes.com\9b8007be8a60574b.txt,boolean,boolean_named_oils_fraud,True,adjacent_or_unclear,manual_review,0.55,"Edible-oil and adulteration/action terms both appear, but product role is not clear.","What actually happens when cooking oil is reused and why it matters - The Times of India When oil is heated again and again, it doesn’t just “get a little darker.” What’s really",cooking oil; soybean oil; groundnut oil,FSSAI; FDA; fine,,,,,,1063
