review_keep,title_screen_label,title_url_product_terms,title_url_signal_terms,published_date,domain,source,title_snippet,query_used,status,url
,strong_title_match,cooking oil; oil,unsafe,2026-06-21,siasat.com,siasat.com,"Unsafe cooking oil, pungent smell found at KFC in Hyderabad","((""edible oil"" OR ""cooking oil"" OR ""vegetable oil"" OR ""refined oil"" OR ""loose oil"" OR ""loose edible oil"") AND (adulterat* OR contaminat* OR misbrand* OR substandard OR spurious OR fake OR counterfeit OR rancid OR ""reused oil"" OR ""recycled oil"" OR ""unsafe oil"" OR ""unsafe cooking oil"" OR ""unsafe edible oil"" OR ""mixed with"") AND language:en) NOT (recruitment OR vacancy OR job* OR exam OR ""admit card"" OR ""answer key"" OR syllabus OR ""eat right"" OR fortification OR fortified OR ""trans fat"" OR ""health claims"" OR ""zero maida"" OR ""organic label"" OR ""misleading claims"" OR ""consumer complaints"" OR ""stock market"" OR ""crude oil"" OR petrol OR diesel OR ""engine oil"" OR ""essential oil"" OR ""hair oil"" OR ""massage oil"")",pending,https://www.siasat.com/unsafe-cooking-oil-pungent-smell-found-at-kfc-in-hyderabad-3493459/
,broad_food_safety_title,,banned; seized; fake,2026-06-20,timesofindia.indiatimes.com,indiatimes.com,"110 kg chicken, 825 kg fake paneer, banned colours and chemicals seized: How to check purity at home","((""edible oil"" OR ""cooking oil"" OR ""vegetable oil"" OR ""refined oil"" OR ""loose oil"" OR ""loose edible oil"") AND (adulterat* OR contaminat* OR misbrand* OR substandard OR spurious OR fake OR counterfeit OR rancid OR ""reused oil"" OR ""recycled oil"" OR ""unsafe oil"" OR ""unsafe cooking oil"" OR ""unsafe edible oil"" OR ""mixed with"") AND language:en) NOT (recruitment OR vacancy OR job* OR exam OR ""admit card"" OR ""answer key"" OR syllabus OR ""eat right"" OR fortification OR fortified OR ""trans fat"" OR ""health claims"" OR ""zero maida"" OR ""organic label"" OR ""misleading claims"" OR ""consumer complaints"" OR ""stock market"" OR ""crude oil"" OR petrol OR diesel OR ""engine oil"" OR ""essential oil"" OR ""hair oil"" OR ""massage oil"")",pending,https://timesofindia.indiatimes.com/life-style/food-news/110-kg-chicken-825-kg-fake-paneer-banned-colours-and-chemicals-seized-how-to-check-purity-at-home/articleshow/131873428.cms
,broad_food_safety_title,,adulterated; seized,2026-06-19,food.ndtv.com,ndtv.com,"110 kg Chicken, Adulterated Materials Seized In Unlicensed Hyderabad Godown","((""edible oil"" OR ""cooking oil"" OR ""vegetable oil"" OR ""refined oil"" OR ""loose oil"" OR ""loose edible oil"") AND (adulterat* OR contaminat* OR misbrand* OR substandard OR spurious OR fake OR counterfeit OR rancid OR ""reused oil"" OR ""recycled oil"" OR ""unsafe oil"" OR ""unsafe cooking oil"" OR ""unsafe edible oil"" OR ""mixed with"") AND language:en) NOT (recruitment OR vacancy OR job* OR exam OR ""admit card"" OR ""answer key"" OR syllabus OR ""eat right"" OR fortification OR fortified OR ""trans fat"" OR ""health claims"" OR ""zero maida"" OR ""organic label"" OR ""misleading claims"" OR ""consumer complaints"" OR ""stock market"" OR ""crude oil"" OR petrol OR diesel OR ""engine oil"" OR ""essential oil"" OR ""hair oil"" OR ""massage oil"")",pending,https://food.ndtv.com/news/110-kg-chicken-adulterated-materials-seized-in-unlicensed-hyderabad-godown-11658820#publisher=newsstand
,broad_food_safety_title,,food safety; seized,2026-06-19,siasat.com,siasat.com,110 kg fried chicken seized at Charminar godown over food safety lapses,"((""edible oil"" OR ""cooking oil"" OR ""vegetable oil"" OR ""refined oil"" OR ""loose oil"" OR ""loose edible oil"") AND (adulterat* OR contaminat* OR misbrand* OR substandard OR spurious OR fake OR counterfeit OR rancid OR ""reused oil"" OR ""recycled oil"" OR ""unsafe oil"" OR ""unsafe cooking oil"" OR ""unsafe edible oil"" OR ""mixed with"") AND language:en) NOT (recruitment OR vacancy OR job* OR exam OR ""admit card"" OR ""answer key"" OR syllabus OR ""eat right"" OR fortification OR fortified OR ""trans fat"" OR ""health claims"" OR ""zero maida"" OR ""organic label"" OR ""misleading claims"" OR ""consumer complaints"" OR ""stock market"" OR ""crude oil"" OR petrol OR diesel OR ""engine oil"" OR ""essential oil"" OR ""hair oil"" OR ""massage oil"")",pending,https://www.siasat.com/110-kg-fried-chicken-seized-at-charminar-godown-over-food-safety-lapses-3492067/
,strong_title_match,edible oil; oil,spurious,2026-06-18,timesofindia.indiatimes.com,indiatimes.com,Daltonganj police seize spurious edible oil,"((""edible oil"" OR ""cooking oil"" OR ""vegetable oil"" OR ""refined oil"" OR ""loose oil"" OR ""loose edible oil"") AND (adulterat* OR contaminat* OR misbrand* OR substandard OR spurious OR fake OR counterfeit OR rancid OR ""reused oil"" OR ""recycled oil"" OR ""unsafe oil"" OR ""unsafe cooking oil"" OR ""unsafe edible oil"" OR ""mixed with"") AND language:en) NOT (recruitment OR vacancy OR job* OR exam OR ""admit card"" OR ""answer key"" OR syllabus OR ""eat right"" OR fortification OR fortified OR ""trans fat"" OR ""health claims"" OR ""zero maida"" OR ""organic label"" OR ""misleading claims"" OR ""consumer complaints"" OR ""stock market"" OR ""crude oil"" OR petrol OR diesel OR ""engine oil"" OR ""essential oil"" OR ""hair oil"" OR ""massage oil"")",pending,https://timesofindia.indiatimes.com/city/ranchi/daltonganj-police-seize-spurious-edible-oil/articleshow/131829588.cms
,broad_food_safety_title,,food safety; unsafe; raids,2026-06-16,assamtribune.com,assamtribune.com,"Assam food safety raids uncover illegal fruit ripening, unsafe food products","((""mustard oil"" OR ""palm oil"" OR ""soybean oil"" OR ""sunflower oil"" OR ""groundnut oil"" OR ""coconut oil"" OR ""rice bran oil"" OR ""cottonseed oil"" OR ""sesame oil"" OR ""olive oil"" OR ""rapeseed-mustard oil"") AND (adulterat* OR contaminat* OR misbrand* OR substandard OR spurious OR fake OR counterfeit OR rancid OR ""reused oil"" OR ""recycled oil"" OR ""unsafe oil"" OR ""unsafe cooking oil"" OR ""unsafe edible oil"" OR ""mixed with"") AND language:en) NOT (recruitment OR vacancy OR job* OR exam OR ""admit card"" OR ""answer key"" OR syllabus OR ""eat right"" OR fortification OR fortified OR ""trans fat"" OR ""health claims"" OR ""zero maida"" OR ""organic label"" OR ""misleading claims"" OR ""consumer complaints"" OR ""stock market"" OR ""crude oil"" OR petrol OR diesel OR ""engine oil"" OR ""essential oil"" OR ""hair oil"" OR ""massage oil"")",pending,https://assamtribune.com/guwahati/assam-food-safety-raids-uncover-illegal-fruit-ripening-unsafe-food-products-1612781
,broad_food_safety_title,,adulterated; banned; fda,2026-06-15,freepressjournal.in,freepressjournal.in,"FDA Crackdown On Adulterated & Banned Food In Vasai-Virar: 18 Shops Sealed, ₹14 Lakh Worth Goods Confiscated","((""edible oil"" OR ""cooking oil"" OR ""vegetable oil"" OR ""refined oil"" OR ""loose oil"" OR ""loose edible oil"") AND (adulterat* OR contaminat* OR misbrand* OR substandard OR spurious OR fake OR counterfeit OR rancid OR ""reused oil"" OR ""recycled oil"" OR ""unsafe oil"" OR ""unsafe cooking oil"" OR ""unsafe edible oil"" OR ""mixed with"") AND language:en) NOT (recruitment OR vacancy OR job* OR exam OR ""admit card"" OR ""answer key"" OR syllabus OR ""eat right"" OR fortification OR fortified OR ""trans fat"" OR ""health claims"" OR ""zero maida"" OR ""organic label"" OR ""misleading claims"" OR ""consumer complaints"" OR ""stock market"" OR ""crude oil"" OR petrol OR diesel OR ""engine oil"" OR ""essential oil"" OR ""hair oil"" OR ""massage oil"")",pending,https://www.freepressjournal.in/mumbai/fda-crackdown-on-adulterated-banned-food-in-vasai-virar-18-shops-sealed-14-lakh-worth-goods-confiscated
,broad_food_safety_title,,raids; fake,2026-06-12,ndtv.com,ndtv.com,"Mumbai Food Authority Raids Factory Producing Fake Rabri Kulfi, Seizes Huge Stock","((""mustard oil"" OR ""palm oil"" OR ""soybean oil"" OR ""sunflower oil"" OR ""groundnut oil"" OR ""coconut oil"" OR ""rice bran oil"" OR ""cottonseed oil"" OR ""sesame oil"" OR ""olive oil"" OR ""rapeseed-mustard oil"") AND (adulterat* OR contaminat* OR misbrand* OR substandard OR spurious OR fake OR counterfeit OR rancid OR ""reused oil"" OR ""recycled oil"" OR ""unsafe oil"" OR ""unsafe cooking oil"" OR ""unsafe edible oil"" OR ""mixed with"") AND language:en) NOT (recruitment OR vacancy OR job* OR exam OR ""admit card"" OR ""answer key"" OR syllabus OR ""eat right"" OR fortification OR fortified OR ""trans fat"" OR ""health claims"" OR ""zero maida"" OR ""organic label"" OR ""misleading claims"" OR ""consumer complaints"" OR ""stock market"" OR ""crude oil"" OR petrol OR diesel OR ""engine oil"" OR ""essential oil"" OR ""hair oil"" OR ""massage oil"")",pending,https://www.ndtv.com/food/mumbai-food-authority-raids-factory-producing-fake-rabri-kulfi-seizes-huge-stock-11626102
,weak_or_body_only_match,,,2026-06-10,newindianexpress.com,newindianexpress.com,Herbal healing,"((""mustard oil"" OR ""palm oil"" OR ""soybean oil"" OR ""sunflower oil"" OR ""groundnut oil"" OR ""coconut oil"" OR ""rice bran oil"" OR ""cottonseed oil"" OR ""sesame oil"" OR ""olive oil"" OR ""rapeseed-mustard oil"") AND (adulterat* OR contaminat* OR misbrand* OR substandard OR spurious OR fake OR counterfeit OR rancid OR ""reused oil"" OR ""recycled oil"" OR ""unsafe oil"" OR ""unsafe cooking oil"" OR ""unsafe edible oil"" OR ""mixed with"") AND language:en) NOT (recruitment OR vacancy OR job* OR exam OR ""admit card"" OR ""answer key"" OR syllabus OR ""eat right"" OR fortification OR fortified OR ""trans fat"" OR ""health claims"" OR ""zero maida"" OR ""organic label"" OR ""misleading claims"" OR ""consumer complaints"" OR ""stock market"" OR ""crude oil"" OR petrol OR diesel OR ""engine oil"" OR ""essential oil"" OR ""hair oil"" OR ""massage oil"")",pending,https://www.newindianexpress.com/xplore/2026/Jun/10/herbal-healing
,broad_food_safety_title,,seized; unsafe; fda,2026-06-09,freepressjournal.in,freepressjournal.in,"Maharashtra FDA Cracks Down On Gutkha And Unsafe Food; 33 Arrested, Goods Worth Over ₹8.56 Crore Seized","((""edible oil"" OR ""cooking oil"" OR ""vegetable oil"" OR ""refined oil"" OR ""loose oil"" OR ""loose edible oil"") AND (adulterat* OR contaminat* OR misbrand* OR substandard OR spurious OR fake OR counterfeit OR rancid OR ""reused oil"" OR ""recycled oil"" OR ""unsafe oil"" OR ""unsafe cooking oil"" OR ""unsafe edible oil"" OR ""mixed with"") AND language:en) NOT (recruitment OR vacancy OR job* OR exam OR ""admit card"" OR ""answer key"" OR syllabus OR ""eat right"" OR fortification OR fortified OR ""trans fat"" OR ""health claims"" OR ""zero maida"" OR ""organic label"" OR ""misleading claims"" OR ""consumer complaints"" OR ""stock market"" OR ""crude oil"" OR petrol OR diesel OR ""engine oil"" OR ""essential oil"" OR ""hair oil"" OR ""massage oil"")",pending,https://www.freepressjournal.in/mumbai/maharashtra-fda-cracks-down-on-gutkha-and-unsafe-food-33-arrested-goods-worth-over-856-crore-seized
,broad_food_safety_title,,food safety; unsafe,2026-06-07,timesofindia.indiatimes.com,indiatimes.com,What is making our food unsafe? 7 ‘food safety’ gaps you may not be aware of,"((""edible oil"" OR ""cooking oil"" OR ""vegetable oil"" OR ""refined oil"" OR ""loose oil"" OR ""loose edible oil"") AND (adulterat* OR contaminat* OR misbrand* OR substandard OR spurious OR fake OR counterfeit OR rancid OR ""reused oil"" OR ""recycled oil"" OR ""unsafe oil"" OR ""unsafe cooking oil"" OR ""unsafe edible oil"" OR ""mixed with"") AND language:en) NOT (recruitment OR vacancy OR job* OR exam OR ""admit card"" OR ""answer key"" OR syllabus OR ""eat right"" OR fortification OR fortified OR ""trans fat"" OR ""health claims"" OR ""zero maida"" OR ""organic label"" OR ""misleading claims"" OR ""consumer complaints"" OR ""stock market"" OR ""crude oil"" OR petrol OR diesel OR ""engine oil"" OR ""essential oil"" OR ""hair oil"" OR ""massage oil"")",pending,https://timesofindia.indiatimes.com/blogs/voices/what-is-making-our-food-unsafe-7-food-safety-gaps-you-may-not-be-aware-of/
,broad_food_safety_title,,seized; raids; fda,2026-06-05,timesofindia.indiatimes.com,indiatimes.com,Articles worth over Rs15.8 lakh seized by FDA in weeklong raids,"((""edible oil"" OR ""cooking oil"" OR ""vegetable oil"" OR ""refined oil"" OR ""loose oil"" OR ""loose edible oil"") AND (adulterat* OR contaminat* OR misbrand* OR substandard OR spurious OR fake OR counterfeit OR rancid OR ""reused oil"" OR ""recycled oil"" OR ""unsafe oil"" OR ""unsafe cooking oil"" OR ""unsafe edible oil"" OR ""mixed with"") AND language:en) NOT (recruitment OR vacancy OR job* OR exam OR ""admit card"" OR ""answer key"" OR syllabus OR ""eat right"" OR fortification OR fortified OR ""trans fat"" OR ""health claims"" OR ""zero maida"" OR ""organic label"" OR ""misleading claims"" OR ""consumer complaints"" OR ""stock market"" OR ""crude oil"" OR petrol OR diesel OR ""engine oil"" OR ""essential oil"" OR ""hair oil"" OR ""massage oil"")",pending,https://timesofindia.indiatimes.com/city/nashik/articles-worth-over-rs15-8-lakh-seized-by-fda-in-weeklong-raids/articleshow/131537730.cms
,broad_food_safety_title,,seized; raids; fda,2026-06-05,timesofindia.indiatimes.com,indiatimes.com,Articles worth over Rs 15.8 lakh seized by FDA in week long raids,"((""edible oil"" OR ""cooking oil"" OR ""vegetable oil"" OR ""refined oil"" OR ""loose oil"" OR ""loose edible oil"") AND (adulterat* OR contaminat* OR misbrand* OR substandard OR spurious OR fake OR counterfeit OR rancid OR ""reused oil"" OR ""recycled oil"" OR ""unsafe oil"" OR ""unsafe cooking oil"" OR ""unsafe edible oil"" OR ""mixed with"") AND language:en) NOT (recruitment OR vacancy OR job* OR exam OR ""admit card"" OR ""answer key"" OR syllabus OR ""eat right"" OR fortification OR fortified OR ""trans fat"" OR ""health claims"" OR ""zero maida"" OR ""organic label"" OR ""misleading claims"" OR ""consumer complaints"" OR ""stock market"" OR ""crude oil"" OR petrol OR diesel OR ""engine oil"" OR ""essential oil"" OR ""hair oil"" OR ""massage oil"")",pending,https://timesofindia.indiatimes.com/city/nashik/articles-worth-over-rs-15-8-lakh-seized-by-fda-in-week-long-raids/articleshow/131537623.cms
,broad_food_safety_title,,food safety; substandard; seized; fda,2026-06-05,freepressjournal.in,freepressjournal.in,"Jalgaon: FDA Cracks Down on Food Safety Violations; Gutkha Worth ₹18.5 Lakh Seized In Dhule, Substandard Food Products Worth ₹2.31 Lakh Confiscated","((""edible oil"" OR ""cooking oil"" OR ""vegetable oil"" OR ""refined oil"" OR ""loose oil"" OR ""loose edible oil"") AND (adulterat* OR contaminat* OR misbrand* OR substandard OR spurious OR fake OR counterfeit OR rancid OR ""reused oil"" OR ""recycled oil"" OR ""unsafe oil"" OR ""unsafe cooking oil"" OR ""unsafe edible oil"" OR ""mixed with"") AND language:en) NOT (recruitment OR vacancy OR job* OR exam OR ""admit card"" OR ""answer key"" OR syllabus OR ""eat right"" OR fortification OR fortified OR ""trans fat"" OR ""health claims"" OR ""zero maida"" OR ""organic label"" OR ""misleading claims"" OR ""consumer complaints"" OR ""stock market"" OR ""crude oil"" OR petrol OR diesel OR ""engine oil"" OR ""essential oil"" OR ""hair oil"" OR ""massage oil"")",pending,https://www.freepressjournal.in/pune/jalgaon-fda-cracks-down-on-food-safety-violations-gutkha-worth-185-lakh-seized-in-dhule-substandard-food-products-worth-231-lakh-confiscated
,broad_food_safety_title,,adulterated; banned; fda,2026-06-04,freepressjournal.in,freepressjournal.in,"Maharashtra FDA Cracks Down On Banned Gutkha And Adulterated Food, Arrests 102 Persons And Seizes Goods Worth ₹1.58 Crore In One Week","((""edible oil"" OR ""cooking oil"" OR ""vegetable oil"" OR ""refined oil"" OR ""loose oil"" OR ""loose edible oil"") AND (adulterat* OR contaminat* OR misbrand* OR substandard OR spurious OR fake OR counterfeit OR rancid OR ""reused oil"" OR ""recycled oil"" OR ""unsafe oil"" OR ""unsafe cooking oil"" OR ""unsafe edible oil"" OR ""mixed with"") AND language:en) NOT (recruitment OR vacancy OR job* OR exam OR ""admit card"" OR ""answer key"" OR syllabus OR ""eat right"" OR fortification OR fortified OR ""trans fat"" OR ""health claims"" OR ""zero maida"" OR ""organic label"" OR ""misleading claims"" OR ""consumer complaints"" OR ""stock market"" OR ""crude oil"" OR petrol OR diesel OR ""engine oil"" OR ""essential oil"" OR ""hair oil"" OR ""massage oil"")",pending,https://www.freepressjournal.in/mumbai/maharashtra-fda-cracks-down-on-banned-gutkha-and-adulterated-food-arrests-102-persons-and-seizes-goods-worth-158-crore-in-one-week
,broad_food_safety_title,,raids; fda,2026-06-04,freepressjournal.in,freepressjournal.in,FDA Destroys 102 Litres Of Lassi Made Using Expired Ingredients During Raids In Beed,"((""mustard oil"" OR ""palm oil"" OR ""soybean oil"" OR ""sunflower oil"" OR ""groundnut oil"" OR ""coconut oil"" OR ""rice bran oil"" OR ""cottonseed oil"" OR ""sesame oil"" OR ""olive oil"" OR ""rapeseed-mustard oil"") AND (adulterat* OR contaminat* OR misbrand* OR substandard OR spurious OR fake OR counterfeit OR rancid OR ""reused oil"" OR ""recycled oil"" OR ""unsafe oil"" OR ""unsafe cooking oil"" OR ""unsafe edible oil"" OR ""mixed with"") AND language:en) NOT (recruitment OR vacancy OR job* OR exam OR ""admit card"" OR ""answer key"" OR syllabus OR ""eat right"" OR fortification OR fortified OR ""trans fat"" OR ""health claims"" OR ""zero maida"" OR ""organic label"" OR ""misleading claims"" OR ""consumer complaints"" OR ""stock market"" OR ""crude oil"" OR petrol OR diesel OR ""engine oil"" OR ""essential oil"" OR ""hair oil"" OR ""massage oil"")",pending,https://www.freepressjournal.in/pune/fda-destroys-102-litres-of-lassi-made-using-expired-ingredients-during-raids-in-beed
,broad_food_safety_title,,fda,2026-06-04,freepressjournal.in,freepressjournal.in,Nashik: FDA Seizes Suspected And Illegal Food Stock Worth ₹15.89 Lakh In Week-Long Crackdown,"((""mustard oil"" OR ""palm oil"" OR ""soybean oil"" OR ""sunflower oil"" OR ""groundnut oil"" OR ""coconut oil"" OR ""rice bran oil"" OR ""cottonseed oil"" OR ""sesame oil"" OR ""olive oil"" OR ""rapeseed-mustard oil"") AND (adulterat* OR contaminat* OR misbrand* OR substandard OR spurious OR fake OR counterfeit OR rancid OR ""reused oil"" OR ""recycled oil"" OR ""unsafe oil"" OR ""unsafe cooking oil"" OR ""unsafe edible oil"" OR ""mixed with"") AND language:en) NOT (recruitment OR vacancy OR job* OR exam OR ""admit card"" OR ""answer key"" OR syllabus OR ""eat right"" OR fortification OR fortified OR ""trans fat"" OR ""health claims"" OR ""zero maida"" OR ""organic label"" OR ""misleading claims"" OR ""consumer complaints"" OR ""stock market"" OR ""crude oil"" OR petrol OR diesel OR ""engine oil"" OR ""essential oil"" OR ""hair oil"" OR ""massage oil"")",pending,https://www.freepressjournal.in/pune/nashik-fda-seizes-suspected-and-illegal-food-stock-worth-1589-lakh-in-week-long-crackdown
,broad_food_safety_title,,fda,2026-06-03,timesofindia.indiatimes.com,indiatimes.com,FDA seizes energy drink stock worth Rs 56L over misbranding,"((""edible oil"" OR ""cooking oil"" OR ""vegetable oil"" OR ""refined oil"" OR ""loose oil"" OR ""loose edible oil"") AND (adulterat* OR contaminat* OR misbrand* OR substandard OR spurious OR fake OR counterfeit OR rancid OR ""reused oil"" OR ""recycled oil"" OR ""unsafe oil"" OR ""unsafe cooking oil"" OR ""unsafe edible oil"" OR ""mixed with"") AND language:en) NOT (recruitment OR vacancy OR job* OR exam OR ""admit card"" OR ""answer key"" OR syllabus OR ""eat right"" OR fortification OR fortified OR ""trans fat"" OR ""health claims"" OR ""zero maida"" OR ""organic label"" OR ""misleading claims"" OR ""consumer complaints"" OR ""stock market"" OR ""crude oil"" OR petrol OR diesel OR ""engine oil"" OR ""essential oil"" OR ""hair oil"" OR ""massage oil"")",pending,https://timesofindia.indiatimes.com/city/aurangabad/fda-seizes-energy-drink-stock-worth-rs-56l-over-misbranding/articleshow/131489352.cms
,broad_food_safety_title,,fda,2026-06-03,hindustantimes.com,hindustantimes.com,FDA seizes 3.4 tonnes of suspect chemically ripened mangoes at APMC,"((""edible oil"" OR ""cooking oil"" OR ""vegetable oil"" OR ""refined oil"" OR ""loose oil"" OR ""loose edible oil"") AND (adulterat* OR contaminat* OR misbrand* OR substandard OR spurious OR fake OR counterfeit OR rancid OR ""reused oil"" OR ""recycled oil"" OR ""unsafe oil"" OR ""unsafe cooking oil"" OR ""unsafe edible oil"" OR ""mixed with"") AND language:en) NOT (recruitment OR vacancy OR job* OR exam OR ""admit card"" OR ""answer key"" OR syllabus OR ""eat right"" OR fortification OR fortified OR ""trans fat"" OR ""health claims"" OR ""zero maida"" OR ""organic label"" OR ""misleading claims"" OR ""consumer complaints"" OR ""stock market"" OR ""crude oil"" OR petrol OR diesel OR ""engine oil"" OR ""essential oil"" OR ""hair oil"" OR ""massage oil"")",pending,https://www.hindustantimes.com/cities/mumbai-news/fda-seizes-3-4-tonnes-of-suspect-chemically-ripened-mangoes-at-apmc-101780427156417.html
,broad_food_safety_title,,fda,2026-05-30,news18.com,news18.com,"33 held, 27 establishments sealed in Maharashtra FDA's three-day drive","((""edible oil"" OR ""cooking oil"" OR ""vegetable oil"" OR ""refined oil"" OR ""loose oil"" OR ""loose edible oil"") AND (adulterat* OR contaminat* OR misbrand* OR substandard OR spurious OR fake OR counterfeit OR rancid OR ""reused oil"" OR ""recycled oil"" OR ""unsafe oil"" OR ""unsafe cooking oil"" OR ""unsafe edible oil"" OR ""mixed with"") AND language:en) NOT (recruitment OR vacancy OR job* OR exam OR ""admit card"" OR ""answer key"" OR syllabus OR ""eat right"" OR fortification OR fortified OR ""trans fat"" OR ""health claims"" OR ""zero maida"" OR ""organic label"" OR ""misleading claims"" OR ""consumer complaints"" OR ""stock market"" OR ""crude oil"" OR petrol OR diesel OR ""engine oil"" OR ""essential oil"" OR ""hair oil"" OR ""massage oil"")",pending,https://www.news18.com/agency-feeds/33-held-27-establishments-sealed-in-maharashtra-fdas-three-day-drive-10120953.html
,broad_food_safety_title,,fda,2026-05-30,hindustantimes.com,hindustantimes.com,"33 held, 27 establishments sealed in Maharashtra FDA's three-day drive","((""edible oil"" OR ""cooking oil"" OR ""vegetable oil"" OR ""refined oil"" OR ""loose oil"" OR ""loose edible oil"") AND (adulterat* OR contaminat* OR misbrand* OR substandard OR spurious OR fake OR counterfeit OR rancid OR ""reused oil"" OR ""recycled oil"" OR ""unsafe oil"" OR ""unsafe cooking oil"" OR ""unsafe edible oil"" OR ""mixed with"") AND language:en) NOT (recruitment OR vacancy OR job* OR exam OR ""admit card"" OR ""answer key"" OR syllabus OR ""eat right"" OR fortification OR fortified OR ""trans fat"" OR ""health claims"" OR ""zero maida"" OR ""organic label"" OR ""misleading claims"" OR ""consumer complaints"" OR ""stock market"" OR ""crude oil"" OR petrol OR diesel OR ""engine oil"" OR ""essential oil"" OR ""hair oil"" OR ""massage oil"")",pending,https://www.hindustantimes.com/cities/mumbai-news/33-held-27-establishments-sealed-in-maharashtra-fda-s-three-day-drive-101780125189075.html
,broad_food_safety_title,,misbranded; fda,2026-05-30,freepressjournal.in,freepressjournal.in,Maharashtra FDA Seizes ₹73.24 Lakh Worth Of Misbranded Ayurvedic Medicines In Statewide Crackdown; Commissioner Tukaram Mundhe Warns Of Tougher Action,"((""edible oil"" OR ""cooking oil"" OR ""vegetable oil"" OR ""refined oil"" OR ""loose oil"" OR ""loose edible oil"") AND (adulterat* OR contaminat* OR misbrand* OR substandard OR spurious OR fake OR counterfeit OR rancid OR ""reused oil"" OR ""recycled oil"" OR ""unsafe oil"" OR ""unsafe cooking oil"" OR ""unsafe edible oil"" OR ""mixed with"") AND language:en) NOT (recruitment OR vacancy OR job* OR exam OR ""admit card"" OR ""answer key"" OR syllabus OR ""eat right"" OR fortification OR fortified OR ""trans fat"" OR ""health claims"" OR ""zero maida"" OR ""organic label"" OR ""misleading claims"" OR ""consumer complaints"" OR ""stock market"" OR ""crude oil"" OR petrol OR diesel OR ""engine oil"" OR ""essential oil"" OR ""hair oil"" OR ""massage oil"")",pending,https://www.freepressjournal.in/mumbai/maharashtra-fda-seizes-7324-lakh-worth-of-misbranded-ayurvedic-medicines-in-statewide-crackdown-commissioner-tukaram-mundhe-warns-of-tougher-action
,broad_food_safety_title,,raids; fda,2026-05-29,freepressjournal.in,freepressjournal.in,"Maharashtra FDA Cracks Down On Gutkha Trade, Arrests 33 Across Statewide Raids","((""edible oil"" OR ""cooking oil"" OR ""vegetable oil"" OR ""refined oil"" OR ""loose oil"" OR ""loose edible oil"") AND (adulterat* OR contaminat* OR misbrand* OR substandard OR spurious OR fake OR counterfeit OR rancid OR ""reused oil"" OR ""recycled oil"" OR ""unsafe oil"" OR ""unsafe cooking oil"" OR ""unsafe edible oil"" OR ""mixed with"") AND language:en) NOT (recruitment OR vacancy OR job* OR exam OR ""admit card"" OR ""answer key"" OR syllabus OR ""eat right"" OR fortification OR fortified OR ""trans fat"" OR ""health claims"" OR ""zero maida"" OR ""organic label"" OR ""misleading claims"" OR ""consumer complaints"" OR ""stock market"" OR ""crude oil"" OR petrol OR diesel OR ""engine oil"" OR ""essential oil"" OR ""hair oil"" OR ""massage oil"")",pending,https://www.freepressjournal.in/mumbai/maharashtra-fda-cracks-down-on-gutkha-trade-arrests-33-across-statewide-raids
,weak_or_body_only_match,,,2026-05-29,siasat.com,siasat.com,H-FAST flags unhygienic conditions at spice manufacturing units in Hyderabad,"((""edible oil"" OR ""cooking oil"" OR ""vegetable oil"" OR ""refined oil"" OR ""loose oil"" OR ""loose edible oil"") AND (adulterat* OR contaminat* OR misbrand* OR substandard OR spurious OR fake OR counterfeit OR rancid OR ""reused oil"" OR ""recycled oil"" OR ""unsafe oil"" OR ""unsafe cooking oil"" OR ""unsafe edible oil"" OR ""mixed with"") AND language:en) NOT (recruitment OR vacancy OR job* OR exam OR ""admit card"" OR ""answer key"" OR syllabus OR ""eat right"" OR fortification OR fortified OR ""trans fat"" OR ""health claims"" OR ""zero maida"" OR ""organic label"" OR ""misleading claims"" OR ""consumer complaints"" OR ""stock market"" OR ""crude oil"" OR petrol OR diesel OR ""engine oil"" OR ""essential oil"" OR ""hair oil"" OR ""massage oil"")",pending,https://www.siasat.com/h-fast-flags-unhygienic-conditions-at-spice-manufacturing-units-in-hyderabad-3479147/
,strong_title_match,oils,food safety; fssai,2026-05-29,thelogicalindian.com,thelogicalindian.com,"FSSAI Tightens Food Safety Rules Across Oils, Spices, Seafood, Pulses, Tackling Contamination And Enforcement Gaps","((""edible oil"" OR ""cooking oil"" OR ""vegetable oil"" OR ""refined oil"" OR ""loose oil"" OR ""loose edible oil"") AND (adulterat* OR contaminat* OR misbrand* OR substandard OR spurious OR fake OR counterfeit OR rancid OR ""reused oil"" OR ""recycled oil"" OR ""unsafe oil"" OR ""unsafe cooking oil"" OR ""unsafe edible oil"" OR ""mixed with"") AND language:en) NOT (recruitment OR vacancy OR job* OR exam OR ""admit card"" OR ""answer key"" OR syllabus OR ""eat right"" OR fortification OR fortified OR ""trans fat"" OR ""health claims"" OR ""zero maida"" OR ""organic label"" OR ""misleading claims"" OR ""consumer complaints"" OR ""stock market"" OR ""crude oil"" OR petrol OR diesel OR ""engine oil"" OR ""essential oil"" OR ""hair oil"" OR ""massage oil"")",pending,https://thelogicalindian.com/fssai-tightens-food-safety-rules-across-oils-spices-seafood-pulses-tackling-contamination-and-enforcement-gaps/
,strong_title_match,oil,adulteration; fda,2026-05-29,indianexpress.com,indianexpress.com,"Oil in milk, mangoes ripened with chemicals: 33 held as Maharashtra FDA cracks down on gutkha, food adulteration","((""edible oil"" OR ""cooking oil"" OR ""vegetable oil"" OR ""refined oil"" OR ""loose oil"" OR ""loose edible oil"") AND (adulterat* OR contaminat* OR misbrand* OR substandard OR spurious OR fake OR counterfeit OR rancid OR ""reused oil"" OR ""recycled oil"" OR ""unsafe oil"" OR ""unsafe cooking oil"" OR ""unsafe edible oil"" OR ""mixed with"") AND language:en) NOT (recruitment OR vacancy OR job* OR exam OR ""admit card"" OR ""answer key"" OR syllabus OR ""eat right"" OR fortification OR fortified OR ""trans fat"" OR ""health claims"" OR ""zero maida"" OR ""organic label"" OR ""misleading claims"" OR ""consumer complaints"" OR ""stock market"" OR ""crude oil"" OR petrol OR diesel OR ""engine oil"" OR ""essential oil"" OR ""hair oil"" OR ""massage oil"")",pending,https://indianexpress.com/article/cities/mumbai/maharashtra-fda-gutkha-food-adulteration-crackdown-10713418/
,broad_food_safety_title,,adulteration; fda,2026-05-29,freepressjournal.in,freepressjournal.in,"Maharashtra FDA Cracks Down On Gutkha, Food Adulteration; 33 Arrested, 19 Units Sealed In Mumbai","((""edible oil"" OR ""cooking oil"" OR ""vegetable oil"" OR ""refined oil"" OR ""loose oil"" OR ""loose edible oil"") AND (adulterat* OR contaminat* OR misbrand* OR substandard OR spurious OR fake OR counterfeit OR rancid OR ""reused oil"" OR ""recycled oil"" OR ""unsafe oil"" OR ""unsafe cooking oil"" OR ""unsafe edible oil"" OR ""mixed with"") AND language:en) NOT (recruitment OR vacancy OR job* OR exam OR ""admit card"" OR ""answer key"" OR syllabus OR ""eat right"" OR fortification OR fortified OR ""trans fat"" OR ""health claims"" OR ""zero maida"" OR ""organic label"" OR ""misleading claims"" OR ""consumer complaints"" OR ""stock market"" OR ""crude oil"" OR petrol OR diesel OR ""engine oil"" OR ""essential oil"" OR ""hair oil"" OR ""massage oil"")",pending,https://www.freepressjournal.in/mumbai/maharashtra-fda-cracks-down-on-gutkha-food-adulteration-33-arrested-19-units-sealed-in-mumbai
,broad_food_safety_title,,seized; fda,2026-05-29,freepressjournal.in,freepressjournal.in,"Nashik: FDA Launches Massive Crackdown; Food Products Worth Rs 99,192 Seized Across District","((""mustard oil"" OR ""palm oil"" OR ""soybean oil"" OR ""sunflower oil"" OR ""groundnut oil"" OR ""coconut oil"" OR ""rice bran oil"" OR ""cottonseed oil"" OR ""sesame oil"" OR ""olive oil"" OR ""rapeseed-mustard oil"") AND (adulterat* OR contaminat* OR misbrand* OR substandard OR spurious OR fake OR counterfeit OR rancid OR ""reused oil"" OR ""recycled oil"" OR ""unsafe oil"" OR ""unsafe cooking oil"" OR ""unsafe edible oil"" OR ""mixed with"") AND language:en) NOT (recruitment OR vacancy OR job* OR exam OR ""admit card"" OR ""answer key"" OR syllabus OR ""eat right"" OR fortification OR fortified OR ""trans fat"" OR ""health claims"" OR ""zero maida"" OR ""organic label"" OR ""misleading claims"" OR ""consumer complaints"" OR ""stock market"" OR ""crude oil"" OR petrol OR diesel OR ""engine oil"" OR ""essential oil"" OR ""hair oil"" OR ""massage oil"")",pending,https://www.freepressjournal.in/pune/nashik-fda-launches-massive-crackdown-food-products-worth-rs-99192-seized-across-district
,broad_food_safety_title,,adulterated; fda,2026-05-28,rediff.com,rediff.com,Thane FDA Seizes Adulterated Food Items Worth Rs 12 Lakh,"((""edible oil"" OR ""cooking oil"" OR ""vegetable oil"" OR ""refined oil"" OR ""loose oil"" OR ""loose edible oil"") AND (adulterat* OR contaminat* OR misbrand* OR substandard OR spurious OR fake OR counterfeit OR rancid OR ""reused oil"" OR ""recycled oil"" OR ""unsafe oil"" OR ""unsafe cooking oil"" OR ""unsafe edible oil"" OR ""mixed with"") AND language:en) NOT (recruitment OR vacancy OR job* OR exam OR ""admit card"" OR ""answer key"" OR syllabus OR ""eat right"" OR fortification OR fortified OR ""trans fat"" OR ""health claims"" OR ""zero maida"" OR ""organic label"" OR ""misleading claims"" OR ""consumer complaints"" OR ""stock market"" OR ""crude oil"" OR petrol OR diesel OR ""engine oil"" OR ""essential oil"" OR ""hair oil"" OR ""massage oil"")",pending,https://www.rediff.com/news/report/fda-seizes-food-items-gutkha-in-thane-6-arrested/20260528.htm
,broad_food_safety_title,,adulteration; fda,2026-05-28,rediff.com,rediff.com,Maharashtra FDA Arrests 33 In Food Adulteration Crackdown,"((""edible oil"" OR ""cooking oil"" OR ""vegetable oil"" OR ""refined oil"" OR ""loose oil"" OR ""loose edible oil"") AND (adulterat* OR contaminat* OR misbrand* OR substandard OR spurious OR fake OR counterfeit OR rancid OR ""reused oil"" OR ""recycled oil"" OR ""unsafe oil"" OR ""unsafe cooking oil"" OR ""unsafe edible oil"" OR ""mixed with"") AND language:en) NOT (recruitment OR vacancy OR job* OR exam OR ""admit card"" OR ""answer key"" OR syllabus OR ""eat right"" OR fortification OR fortified OR ""trans fat"" OR ""health claims"" OR ""zero maida"" OR ""organic label"" OR ""misleading claims"" OR ""consumer complaints"" OR ""stock market"" OR ""crude oil"" OR petrol OR diesel OR ""engine oil"" OR ""essential oil"" OR ""hair oil"" OR ""massage oil"")",pending,https://www.rediff.com/news/report/fda-action-food-violators-arrested-in-maharashtra/20260528.htm
,broad_food_safety_title,,adulterated; banned; raids; fda,2026-05-28,timesofindia.indiatimes.com,indiatimes.com,"Maharashtra FDA conducts raids across cities, seizes banned and adulterated items worth Rs 40 lakh; 33 arrested for selling gutka","((""edible oil"" OR ""cooking oil"" OR ""vegetable oil"" OR ""refined oil"" OR ""loose oil"" OR ""loose edible oil"") AND (adulterat* OR contaminat* OR misbrand* OR substandard OR spurious OR fake OR counterfeit OR rancid OR ""reused oil"" OR ""recycled oil"" OR ""unsafe oil"" OR ""unsafe cooking oil"" OR ""unsafe edible oil"" OR ""mixed with"") AND language:en) NOT (recruitment OR vacancy OR job* OR exam OR ""admit card"" OR ""answer key"" OR syllabus OR ""eat right"" OR fortification OR fortified OR ""trans fat"" OR ""health claims"" OR ""zero maida"" OR ""organic label"" OR ""misleading claims"" OR ""consumer complaints"" OR ""stock market"" OR ""crude oil"" OR petrol OR diesel OR ""engine oil"" OR ""essential oil"" OR ""hair oil"" OR ""massage oil"")",pending,https://timesofindia.indiatimes.com/city/mumbai/maharashtra-fda-conducts-raids-across-cities-seizes-banned-and-adulterated-items-worth-rs-40-lakh-33-arrested-for-selling-gutka/articleshow/131376144.cms
,broad_food_safety_title,,adulterated; seized; fda,2026-05-28,freepressjournal.in,freepressjournal.in,"FDA Thane Cracks Down On Adulterated Food Trade; Goods Worth ₹7.3 Lakh Seized, 6 Arrested","((""edible oil"" OR ""cooking oil"" OR ""vegetable oil"" OR ""refined oil"" OR ""loose oil"" OR ""loose edible oil"") AND (adulterat* OR contaminat* OR misbrand* OR substandard OR spurious OR fake OR counterfeit OR rancid OR ""reused oil"" OR ""recycled oil"" OR ""unsafe oil"" OR ""unsafe cooking oil"" OR ""unsafe edible oil"" OR ""mixed with"") AND language:en) NOT (recruitment OR vacancy OR job* OR exam OR ""admit card"" OR ""answer key"" OR syllabus OR ""eat right"" OR fortification OR fortified OR ""trans fat"" OR ""health claims"" OR ""zero maida"" OR ""organic label"" OR ""misleading claims"" OR ""consumer complaints"" OR ""stock market"" OR ""crude oil"" OR petrol OR diesel OR ""engine oil"" OR ""essential oil"" OR ""hair oil"" OR ""massage oil"")",pending,https://www.freepressjournal.in/mumbai/fda-thane-cracks-down-on-adulterated-food-trade-goods-worth-73-lakh-seized-6-arrested
,broad_food_safety_title,,adulterated; seized; unsafe; fake,2026-05-23,food.ndtv.com,ndtv.com,"3,500 kg Of <i>Saunf</i> Adulterated With Unsafe Green Colour Seized In Gujarat","((""edible oil"" OR ""cooking oil"" OR ""vegetable oil"" OR ""refined oil"" OR ""loose oil"" OR ""loose edible oil"") AND (adulterat* OR contaminat* OR misbrand* OR substandard OR spurious OR fake OR counterfeit OR rancid OR ""reused oil"" OR ""recycled oil"" OR ""unsafe oil"" OR ""unsafe cooking oil"" OR ""unsafe edible oil"" OR ""mixed with"") AND language:en) NOT (recruitment OR vacancy OR job* OR exam OR ""admit card"" OR ""answer key"" OR syllabus OR ""eat right"" OR fortification OR fortified OR ""trans fat"" OR ""health claims"" OR ""zero maida"" OR ""organic label"" OR ""misleading claims"" OR ""consumer complaints"" OR ""stock market"" OR ""crude oil"" OR petrol OR diesel OR ""engine oil"" OR ""essential oil"" OR ""hair oil"" OR ""massage oil"")",pending,https://food.ndtv.com/news/3-500-kg-of-fake-saunf-adulterated-with-unsafe-green-colour-seized-in-gujarat-11536427#publisher=newsstand
,broad_food_safety_title,,seized,2026-05-21,food.ndtv.com,ndtv.com,"750 Rotten Eggs, Expired Food Seized In Telangana Over Hygiene Violations","((""edible oil"" OR ""cooking oil"" OR ""vegetable oil"" OR ""refined oil"" OR ""loose oil"" OR ""loose edible oil"") AND (adulterat* OR contaminat* OR misbrand* OR substandard OR spurious OR fake OR counterfeit OR rancid OR ""reused oil"" OR ""recycled oil"" OR ""unsafe oil"" OR ""unsafe cooking oil"" OR ""unsafe edible oil"" OR ""mixed with"") AND language:en) NOT (recruitment OR vacancy OR job* OR exam OR ""admit card"" OR ""answer key"" OR syllabus OR ""eat right"" OR fortification OR fortified OR ""trans fat"" OR ""health claims"" OR ""zero maida"" OR ""organic label"" OR ""misleading claims"" OR ""consumer complaints"" OR ""stock market"" OR ""crude oil"" OR petrol OR diesel OR ""engine oil"" OR ""essential oil"" OR ""hair oil"" OR ""massage oil"")",pending,https://food.ndtv.com/news/750-rotten-eggs-expired-food-seized-in-telangana-over-hygiene-violations-11526356#publisher=newsstand
,broad_food_safety_title,,food safety; raids,2026-05-21,deccanchronicle.com,deccanchronicle.com,Food Safety Raids Expose Major Hygiene Violations at Nagole Eateries,"((""edible oil"" OR ""cooking oil"" OR ""vegetable oil"" OR ""refined oil"" OR ""loose oil"" OR ""loose edible oil"") AND (adulterat* OR contaminat* OR misbrand* OR substandard OR spurious OR fake OR counterfeit OR rancid OR ""reused oil"" OR ""recycled oil"" OR ""unsafe oil"" OR ""unsafe cooking oil"" OR ""unsafe edible oil"" OR ""mixed with"") AND language:en) NOT (recruitment OR vacancy OR job* OR exam OR ""admit card"" OR ""answer key"" OR syllabus OR ""eat right"" OR fortification OR fortified OR ""trans fat"" OR ""health claims"" OR ""zero maida"" OR ""organic label"" OR ""misleading claims"" OR ""consumer complaints"" OR ""stock market"" OR ""crude oil"" OR petrol OR diesel OR ""engine oil"" OR ""essential oil"" OR ""hair oil"" OR ""massage oil"")",pending,https://www.deccanchronicle.com/southern-states/telangana/food-safety-raids-expose-major-hygiene-violations-at-nagole-eateries-1958121
,weak_or_body_only_match,,,2026-05-21,deccanchronicle.com,deccanchronicle.com,"Sextortion Gang Busted: Woman Aide Held, POCSO Case Filed","((""edible oil"" OR ""cooking oil"" OR ""vegetable oil"" OR ""refined oil"" OR ""loose oil"" OR ""loose edible oil"") AND (adulterat* OR contaminat* OR misbrand* OR substandard OR spurious OR fake OR counterfeit OR rancid OR ""reused oil"" OR ""recycled oil"" OR ""unsafe oil"" OR ""unsafe cooking oil"" OR ""unsafe edible oil"" OR ""mixed with"") AND language:en) NOT (recruitment OR vacancy OR job* OR exam OR ""admit card"" OR ""answer key"" OR syllabus OR ""eat right"" OR fortification OR fortified OR ""trans fat"" OR ""health claims"" OR ""zero maida"" OR ""organic label"" OR ""misleading claims"" OR ""consumer complaints"" OR ""stock market"" OR ""crude oil"" OR petrol OR diesel OR ""engine oil"" OR ""essential oil"" OR ""hair oil"" OR ""massage oil"")",pending,https://www.deccanchronicle.com/southern-states/telangana/sextortion-gang-busted-woman-aide-held-pocso-case-filed-1958101
,broad_food_safety_title,,fake,2026-05-20,timesofindia.indiatimes.com,indiatimes.com,800 kg fake khoya destroyed: 5 ways to check the purity at home and how to make preservative-free khoya,"((""edible oil"" OR ""cooking oil"" OR ""vegetable oil"" OR ""refined oil"" OR ""loose oil"" OR ""loose edible oil"") AND (adulterat* OR contaminat* OR misbrand* OR substandard OR spurious OR fake OR counterfeit OR rancid OR ""reused oil"" OR ""recycled oil"" OR ""unsafe oil"" OR ""unsafe cooking oil"" OR ""unsafe edible oil"" OR ""mixed with"") AND language:en) NOT (recruitment OR vacancy OR job* OR exam OR ""admit card"" OR ""answer key"" OR syllabus OR ""eat right"" OR fortification OR fortified OR ""trans fat"" OR ""health claims"" OR ""zero maida"" OR ""organic label"" OR ""misleading claims"" OR ""consumer complaints"" OR ""stock market"" OR ""crude oil"" OR petrol OR diesel OR ""engine oil"" OR ""essential oil"" OR ""hair oil"" OR ""massage oil"")",pending,https://timesofindia.indiatimes.com/life-style/food-news/800-kg-fake-khoya-destroyed-5-ways-to-check-the-purity-at-home-and-how-to-make-preservative-free-khoya/articleshow/131217407.cms
,broad_food_safety_title,,unsafe,2026-05-18,timesofindia.indiatimes.com,indiatimes.com,Think before you snack: Namkeens & dairy products top list of unsafe foods in Karnataka,"((""edible oil"" OR ""cooking oil"" OR ""vegetable oil"" OR ""refined oil"" OR ""loose oil"" OR ""loose edible oil"") AND (adulterat* OR contaminat* OR misbrand* OR substandard OR spurious OR fake OR counterfeit OR rancid OR ""reused oil"" OR ""recycled oil"" OR ""unsafe oil"" OR ""unsafe cooking oil"" OR ""unsafe edible oil"" OR ""mixed with"") AND language:en) NOT (recruitment OR vacancy OR job* OR exam OR ""admit card"" OR ""answer key"" OR syllabus OR ""eat right"" OR fortification OR fortified OR ""trans fat"" OR ""health claims"" OR ""zero maida"" OR ""organic label"" OR ""misleading claims"" OR ""consumer complaints"" OR ""stock market"" OR ""crude oil"" OR petrol OR diesel OR ""engine oil"" OR ""essential oil"" OR ""hair oil"" OR ""massage oil"")",pending,https://timesofindia.indiatimes.com/city/bengaluru/think-before-you-snack-namkeens-dairy-products-top-list-of-unsafe-foods-in-karnataka/articleshow/131179662.cms
,strong_title_match,oil,adulterated; seized,2026-05-17,timesofindia.indiatimes.com,indiatimes.com,"4,000 litres of suspected adulterated oil seized","((""edible oil"" OR ""cooking oil"" OR ""vegetable oil"" OR ""refined oil"" OR ""loose oil"" OR ""loose edible oil"") AND (adulterat* OR contaminat* OR misbrand* OR substandard OR spurious OR fake OR counterfeit OR rancid OR ""reused oil"" OR ""recycled oil"" OR ""unsafe oil"" OR ""unsafe cooking oil"" OR ""unsafe edible oil"" OR ""mixed with"") AND language:en) NOT (recruitment OR vacancy OR job* OR exam OR ""admit card"" OR ""answer key"" OR syllabus OR ""eat right"" OR fortification OR fortified OR ""trans fat"" OR ""health claims"" OR ""zero maida"" OR ""organic label"" OR ""misleading claims"" OR ""consumer complaints"" OR ""stock market"" OR ""crude oil"" OR petrol OR diesel OR ""engine oil"" OR ""essential oil"" OR ""hair oil"" OR ""massage oil"")",pending,https://timesofindia.indiatimes.com/city/kanpur/4000-litres-of-suspected-adulterated-oil-seized/articleshow/131143712.cms
,broad_food_safety_title,,fake,2026-05-16,uniindia.com,uniindia.com,Police arrest one person for sending fake email threat to kill Bengal CM Suvendu Adhikari,"((""edible oil"" OR ""cooking oil"" OR ""vegetable oil"" OR ""refined oil"" OR ""loose oil"" OR ""loose edible oil"") AND (adulterat* OR contaminat* OR misbrand* OR substandard OR spurious OR fake OR counterfeit OR rancid OR ""reused oil"" OR ""recycled oil"" OR ""unsafe oil"" OR ""unsafe cooking oil"" OR ""unsafe edible oil"" OR ""mixed with"") AND language:en) NOT (recruitment OR vacancy OR job* OR exam OR ""admit card"" OR ""answer key"" OR syllabus OR ""eat right"" OR fortification OR fortified OR ""trans fat"" OR ""health claims"" OR ""zero maida"" OR ""organic label"" OR ""misleading claims"" OR ""consumer complaints"" OR ""stock market"" OR ""crude oil"" OR petrol OR diesel OR ""engine oil"" OR ""essential oil"" OR ""hair oil"" OR ""massage oil"")",pending,http://www.uniindia.com/police-arrest-one-person-for-sending-fake-email-threat-to-kill-bengal-cm-suvendu-adhikari/east/news/3845150.html
,broad_food_safety_title,,food safety,2026-05-15,navhindtimes.in,navhindtimes.in,Food safety,"((""mustard oil"" OR ""palm oil"" OR ""soybean oil"" OR ""sunflower oil"" OR ""groundnut oil"" OR ""coconut oil"" OR ""rice bran oil"" OR ""cottonseed oil"" OR ""sesame oil"" OR ""olive oil"" OR ""rapeseed-mustard oil"") AND (adulterat* OR contaminat* OR misbrand* OR substandard OR spurious OR fake OR counterfeit OR rancid OR ""reused oil"" OR ""recycled oil"" OR ""unsafe oil"" OR ""unsafe cooking oil"" OR ""unsafe edible oil"" OR ""mixed with"") AND language:en) NOT (recruitment OR vacancy OR job* OR exam OR ""admit card"" OR ""answer key"" OR syllabus OR ""eat right"" OR fortification OR fortified OR ""trans fat"" OR ""health claims"" OR ""zero maida"" OR ""organic label"" OR ""misleading claims"" OR ""consumer complaints"" OR ""stock market"" OR ""crude oil"" OR petrol OR diesel OR ""engine oil"" OR ""essential oil"" OR ""hair oil"" OR ""massage oil"")",pending,https://navhindtimes.in/editorial/food-safety/
,strong_title_match,cooking oil; oil,unsafe; raid,2026-05-05,food.ndtv.com,ndtv.com,"Black, Unsafe Cooking Oil Found At Hyderabad KFC During A Surprise Raid","((""edible oil"" OR ""cooking oil"" OR ""vegetable oil"" OR ""refined oil"" OR ""loose oil"" OR ""loose edible oil"") AND (adulterat* OR contaminat* OR misbrand* OR substandard OR spurious OR fake OR counterfeit OR rancid OR ""reused oil"" OR ""recycled oil"" OR ""unsafe oil"" OR ""unsafe cooking oil"" OR ""unsafe edible oil"" OR ""mixed with"") AND language:en) NOT (recruitment OR vacancy OR job* OR exam OR ""admit card"" OR ""answer key"" OR syllabus OR ""eat right"" OR fortification OR fortified OR ""trans fat"" OR ""health claims"" OR ""zero maida"" OR ""organic label"" OR ""misleading claims"" OR ""consumer complaints"" OR ""stock market"" OR ""crude oil"" OR petrol OR diesel OR ""engine oil"" OR ""essential oil"" OR ""hair oil"" OR ""massage oil"")",pending,https://food.ndtv.com/news/black-unsafe-cooking-oil-found-at-hyderabad-kfc-during-a-surprise-raid-11451802#publisher=newsstand
,strong_title_match,cooking oil; oil,fssai,2026-05-05,timesofindia.indiatimes.com,indiatimes.com,"Dark discoloration, high TPC levels found in used cooking oil of famous fast food chain: What FSSAI says about the health risks","((""edible oil"" OR ""cooking oil"" OR ""vegetable oil"" OR ""refined oil"" OR ""loose oil"" OR ""loose edible oil"") AND (adulterat* OR contaminat* OR misbrand* OR substandard OR spurious OR fake OR counterfeit OR rancid OR ""reused oil"" OR ""recycled oil"" OR ""unsafe oil"" OR ""unsafe cooking oil"" OR ""unsafe edible oil"" OR ""mixed with"") AND language:en) NOT (recruitment OR vacancy OR job* OR exam OR ""admit card"" OR ""answer key"" OR syllabus OR ""eat right"" OR fortification OR fortified OR ""trans fat"" OR ""health claims"" OR ""zero maida"" OR ""organic label"" OR ""misleading claims"" OR ""consumer complaints"" OR ""stock market"" OR ""crude oil"" OR petrol OR diesel OR ""engine oil"" OR ""essential oil"" OR ""hair oil"" OR ""massage oil"")",pending,https://timesofindia.indiatimes.com/life-style/food-news/dark-discoloration-high-tpc-levels-found-in-cooking-oil-of-famous-fast-food-chain-what-fssai-says-about-the-health-risks/articleshow/130833701.cms
,broad_food_safety_title,,inspection; unsafe,2026-05-01,deccanchronicle.com,deccanchronicle.com,"Inspection of Tirupati Eateries Reveals Unsafe Storage, Rodent Contamination","((""edible oil"" OR ""cooking oil"" OR ""vegetable oil"" OR ""refined oil"" OR ""loose oil"" OR ""loose edible oil"") AND (adulterat* OR contaminat* OR misbrand* OR substandard OR spurious OR fake OR counterfeit OR rancid OR ""reused oil"" OR ""recycled oil"" OR ""unsafe oil"" OR ""unsafe cooking oil"" OR ""unsafe edible oil"" OR ""mixed with"") AND language:en) NOT (recruitment OR vacancy OR job* OR exam OR ""admit card"" OR ""answer key"" OR syllabus OR ""eat right"" OR fortification OR fortified OR ""trans fat"" OR ""health claims"" OR ""zero maida"" OR ""organic label"" OR ""misleading claims"" OR ""consumer complaints"" OR ""stock market"" OR ""crude oil"" OR petrol OR diesel OR ""engine oil"" OR ""essential oil"" OR ""hair oil"" OR ""massage oil"")",pending,https://www.deccanchronicle.com/southern-states/andhra-pradesh/inspection-of-tirupati-eateries-reveals-unsafe-storage-rodent-contamination-1953987
,broad_food_safety_title,,test,2026-04-30,morungexpress.com,morungexpress.com,Four food products fail quality test in Dimapur Zone,"((""edible oil"" OR ""cooking oil"" OR ""vegetable oil"" OR ""refined oil"" OR ""loose oil"" OR ""loose edible oil"") AND (adulterat* OR contaminat* OR misbrand* OR substandard OR spurious OR fake OR counterfeit OR rancid OR ""reused oil"" OR ""recycled oil"" OR ""unsafe oil"" OR ""unsafe cooking oil"" OR ""unsafe edible oil"" OR ""mixed with"") AND language:en) NOT (recruitment OR vacancy OR job* OR exam OR ""admit card"" OR ""answer key"" OR syllabus OR ""eat right"" OR fortification OR fortified OR ""trans fat"" OR ""health claims"" OR ""zero maida"" OR ""organic label"" OR ""misleading claims"" OR ""consumer complaints"" OR ""stock market"" OR ""crude oil"" OR petrol OR diesel OR ""engine oil"" OR ""essential oil"" OR ""hair oil"" OR ""massage oil"")",pending,https://morungexpress.com/four-food-products-fail-quality-test-in-dimapur-zone
,broad_food_safety_title,,food safety; substandard,2026-04-29,nagalandpost.com,nagalandpost.com,Food safety administration flags substandard food products,"((""edible oil"" OR ""cooking oil"" OR ""vegetable oil"" OR ""refined oil"" OR ""loose oil"" OR ""loose edible oil"") AND (adulterat* OR contaminat* OR misbrand* OR substandard OR spurious OR fake OR counterfeit OR rancid OR ""reused oil"" OR ""recycled oil"" OR ""unsafe oil"" OR ""unsafe cooking oil"" OR ""unsafe edible oil"" OR ""mixed with"") AND language:en) NOT (recruitment OR vacancy OR job* OR exam OR ""admit card"" OR ""answer key"" OR syllabus OR ""eat right"" OR fortification OR fortified OR ""trans fat"" OR ""health claims"" OR ""zero maida"" OR ""organic label"" OR ""misleading claims"" OR ""consumer complaints"" OR ""stock market"" OR ""crude oil"" OR petrol OR diesel OR ""engine oil"" OR ""essential oil"" OR ""hair oil"" OR ""massage oil"")",pending,https://nagalandpost.com/food-safety-administration-flags-substandard-food-products/
,broad_food_safety_title,,fssai,2026-04-29,timesofindia.indiatimes.com,indiatimes.com,"Why did FSSAI bury 900 kg of paneer, worth â¹2.25 lakh, and why one has to be extra careful while buying it in summer","((""mustard oil"" OR ""palm oil"" OR ""soybean oil"" OR ""sunflower oil"" OR ""groundnut oil"" OR ""coconut oil"" OR ""rice bran oil"" OR ""cottonseed oil"" OR ""sesame oil"" OR ""olive oil"" OR ""rapeseed-mustard oil"") AND (adulterat* OR contaminat* OR misbrand* OR substandard OR spurious OR fake OR counterfeit OR rancid OR ""reused oil"" OR ""recycled oil"" OR ""unsafe oil"" OR ""unsafe cooking oil"" OR ""unsafe edible oil"" OR ""mixed with"") AND language:en) NOT (recruitment OR vacancy OR job* OR exam OR ""admit card"" OR ""answer key"" OR syllabus OR ""eat right"" OR fortification OR fortified OR ""trans fat"" OR ""health claims"" OR ""zero maida"" OR ""organic label"" OR ""misleading claims"" OR ""consumer complaints"" OR ""stock market"" OR ""crude oil"" OR petrol OR diesel OR ""engine oil"" OR ""essential oil"" OR ""hair oil"" OR ""massage oil"")",pending,https://timesofindia.indiatimes.com/life-style/food-news/why-did-fssai-bury-900-kg-of-paneer-worth-2-25-lakh-and-why-one-has-to-be-extra-careful-while-buying-it-in-summer/articleshow/130602453.cms
,strong_title_match,cooking oil; oil,fake,2026-04-27,news18.com,news18.com,"Your Toothpaste, Cooking Oil May Be Fake: Why Artificial Paneer Was Just The Tip Of The Iceberg","((""edible oil"" OR ""cooking oil"" OR ""vegetable oil"" OR ""refined oil"" OR ""loose oil"" OR ""loose edible oil"") AND (adulterat* OR contaminat* OR misbrand* OR substandard OR spurious OR fake OR counterfeit OR rancid OR ""reused oil"" OR ""recycled oil"" OR ""unsafe oil"" OR ""unsafe cooking oil"" OR ""unsafe edible oil"" OR ""mixed with"") AND language:en) NOT (recruitment OR vacancy OR job* OR exam OR ""admit card"" OR ""answer key"" OR syllabus OR ""eat right"" OR fortification OR fortified OR ""trans fat"" OR ""health claims"" OR ""zero maida"" OR ""organic label"" OR ""misleading claims"" OR ""consumer complaints"" OR ""stock market"" OR ""crude oil"" OR petrol OR diesel OR ""engine oil"" OR ""essential oil"" OR ""hair oil"" OR ""massage oil"")",pending,https://www.news18.com/india/your-toothpaste-cooking-oil-may-be-fake-why-artificial-paneer-was-just-the-tip-of-the-iceberg-ws-el-10059335.html
,broad_food_safety_title,,fda,2026-04-25,hindustantimes.com,hindustantimes.com,FDA notice to mid-day meal provider after insect scare in school,"((""edible oil"" OR ""cooking oil"" OR ""vegetable oil"" OR ""refined oil"" OR ""loose oil"" OR ""loose edible oil"") AND (adulterat* OR contaminat* OR misbrand* OR substandard OR spurious OR fake OR counterfeit OR rancid OR ""reused oil"" OR ""recycled oil"" OR ""unsafe oil"" OR ""unsafe cooking oil"" OR ""unsafe edible oil"" OR ""mixed with"") AND language:en) NOT (recruitment OR vacancy OR job* OR exam OR ""admit card"" OR ""answer key"" OR syllabus OR ""eat right"" OR fortification OR fortified OR ""trans fat"" OR ""health claims"" OR ""zero maida"" OR ""organic label"" OR ""misleading claims"" OR ""consumer complaints"" OR ""stock market"" OR ""crude oil"" OR petrol OR diesel OR ""engine oil"" OR ""essential oil"" OR ""hair oil"" OR ""massage oil"")",pending,https://www.hindustantimes.com/cities/pune-news/fda-notice-to-mid-day-meal-provider-after-insect-scare-in-school-101777056154841.html
,oil_context_only_in_title,oil,,2026-04-24,news18.com,news18.com,"1,000kg Onions Fried In Reused Oil: Hyderabad Officials Bust Unhygienic Unit","((""edible oil"" OR ""cooking oil"" OR ""vegetable oil"" OR ""refined oil"" OR ""loose oil"" OR ""loose edible oil"") AND (adulterat* OR contaminat* OR misbrand* OR substandard OR spurious OR fake OR counterfeit OR rancid OR ""reused oil"" OR ""recycled oil"" OR ""unsafe oil"" OR ""unsafe cooking oil"" OR ""unsafe edible oil"" OR ""mixed with"") AND language:en) NOT (recruitment OR vacancy OR job* OR exam OR ""admit card"" OR ""answer key"" OR syllabus OR ""eat right"" OR fortification OR fortified OR ""trans fat"" OR ""health claims"" OR ""zero maida"" OR ""organic label"" OR ""misleading claims"" OR ""consumer complaints"" OR ""stock market"" OR ""crude oil"" OR petrol OR diesel OR ""engine oil"" OR ""essential oil"" OR ""hair oil"" OR ""massage oil"")",pending,https://www.news18.com/photogallery/cities/hyderabad-news/1000kg-onions-fried-in-reused-oil-hyderabad-officials-bust-unhygienic-unit-photos-ws-l-10053555.html
,strong_title_match,oil,seized; unsafe; raids,2026-04-24,ndtv.com,ndtv.com,"Unsafe Oil, <i>Aata</i> Worth Rs 64 Lakh Seized In Hyderabad Raids, 38 Arrested In 4 Months","((""edible oil"" OR ""cooking oil"" OR ""vegetable oil"" OR ""refined oil"" OR ""loose oil"" OR ""loose edible oil"") AND (adulterat* OR contaminat* OR misbrand* OR substandard OR spurious OR fake OR counterfeit OR rancid OR ""reused oil"" OR ""recycled oil"" OR ""unsafe oil"" OR ""unsafe cooking oil"" OR ""unsafe edible oil"" OR ""mixed with"") AND language:en) NOT (recruitment OR vacancy OR job* OR exam OR ""admit card"" OR ""answer key"" OR syllabus OR ""eat right"" OR fortification OR fortified OR ""trans fat"" OR ""health claims"" OR ""zero maida"" OR ""organic label"" OR ""misleading claims"" OR ""consumer complaints"" OR ""stock market"" OR ""crude oil"" OR petrol OR diesel OR ""engine oil"" OR ""essential oil"" OR ""hair oil"" OR ""massage oil"")",pending,https://www.ndtv.com/food/unsafe-oil-aata-worth-rs-64-lakh-busted-in-hyderabad-raids-38-arrested-in-4-months-11401791
,oil_context_only_in_title,oil,,2026-04-23,food.ndtv.com,ndtv.com,"Hyderabad Officials Bust Unhygienic Unit Frying 1,000 Kg Onions In Reused Oil","((""edible oil"" OR ""cooking oil"" OR ""vegetable oil"" OR ""refined oil"" OR ""loose oil"" OR ""loose edible oil"") AND (adulterat* OR contaminat* OR misbrand* OR substandard OR spurious OR fake OR counterfeit OR rancid OR ""reused oil"" OR ""recycled oil"" OR ""unsafe oil"" OR ""unsafe cooking oil"" OR ""unsafe edible oil"" OR ""mixed with"") AND language:en) NOT (recruitment OR vacancy OR job* OR exam OR ""admit card"" OR ""answer key"" OR syllabus OR ""eat right"" OR fortification OR fortified OR ""trans fat"" OR ""health claims"" OR ""zero maida"" OR ""organic label"" OR ""misleading claims"" OR ""consumer complaints"" OR ""stock market"" OR ""crude oil"" OR petrol OR diesel OR ""engine oil"" OR ""essential oil"" OR ""hair oil"" OR ""massage oil"")",pending,https://food.ndtv.com/news/hyderabad-officials-bust-unhygienic-unit-frying-1-000-kg-onions-in-reused-oil-11397005#publisher=newsstand
,broad_food_safety_title,,adulterated,2026-04-22,deccanchronicle.com,deccanchronicle.com,"Cyberabad Cops Book 28, Seize Adulterated Food Worth Rs 64 Lakh","((""edible oil"" OR ""cooking oil"" OR ""vegetable oil"" OR ""refined oil"" OR ""loose oil"" OR ""loose edible oil"") AND (adulterat* OR contaminat* OR misbrand* OR substandard OR spurious OR fake OR counterfeit OR rancid OR ""reused oil"" OR ""recycled oil"" OR ""unsafe oil"" OR ""unsafe cooking oil"" OR ""unsafe edible oil"" OR ""mixed with"") AND language:en) NOT (recruitment OR vacancy OR job* OR exam OR ""admit card"" OR ""answer key"" OR syllabus OR ""eat right"" OR fortification OR fortified OR ""trans fat"" OR ""health claims"" OR ""zero maida"" OR ""organic label"" OR ""misleading claims"" OR ""consumer complaints"" OR ""stock market"" OR ""crude oil"" OR petrol OR diesel OR ""engine oil"" OR ""essential oil"" OR ""hair oil"" OR ""massage oil"")",pending,https://www.deccanchronicle.com/southern-states/telangana/cyberabad-cops-book-28-seize-adulterated-food-worth-rs-64-lakh-1952140
,broad_food_safety_title,,adulteration,2026-04-22,siasat.com,siasat.com,"In four months, 28 arrested for food adulteration in Cyberabad","((""edible oil"" OR ""cooking oil"" OR ""vegetable oil"" OR ""refined oil"" OR ""loose oil"" OR ""loose edible oil"") AND (adulterat* OR contaminat* OR misbrand* OR substandard OR spurious OR fake OR counterfeit OR rancid OR ""reused oil"" OR ""recycled oil"" OR ""unsafe oil"" OR ""unsafe cooking oil"" OR ""unsafe edible oil"" OR ""mixed with"") AND language:en) NOT (recruitment OR vacancy OR job* OR exam OR ""admit card"" OR ""answer key"" OR syllabus OR ""eat right"" OR fortification OR fortified OR ""trans fat"" OR ""health claims"" OR ""zero maida"" OR ""organic label"" OR ""misleading claims"" OR ""consumer complaints"" OR ""stock market"" OR ""crude oil"" OR petrol OR diesel OR ""engine oil"" OR ""essential oil"" OR ""hair oil"" OR ""massage oil"")",pending,https://www.siasat.com/in-four-months-28-arrested-for-food-adulteration-in-cyberabad-3458156/
,broad_food_safety_title,,adulteration; seized,2026-04-22,thehindu.com,thehindu.com,"22 cases booked in Cyberabad food adulteration crackdown, ₹64 lakh worth goods seized","((""edible oil"" OR ""cooking oil"" OR ""vegetable oil"" OR ""refined oil"" OR ""loose oil"" OR ""loose edible oil"") AND (adulterat* OR contaminat* OR misbrand* OR substandard OR spurious OR fake OR counterfeit OR rancid OR ""reused oil"" OR ""recycled oil"" OR ""unsafe oil"" OR ""unsafe cooking oil"" OR ""unsafe edible oil"" OR ""mixed with"") AND language:en) NOT (recruitment OR vacancy OR job* OR exam OR ""admit card"" OR ""answer key"" OR syllabus OR ""eat right"" OR fortification OR fortified OR ""trans fat"" OR ""health claims"" OR ""zero maida"" OR ""organic label"" OR ""misleading claims"" OR ""consumer complaints"" OR ""stock market"" OR ""crude oil"" OR petrol OR diesel OR ""engine oil"" OR ""essential oil"" OR ""hair oil"" OR ""massage oil"")",pending,https://www.thehindu.com/news/cities/Hyderabad/22-cases-booked-in-cyberabad-food-adulteration-crackdown-64-lakh-worth-goods-seized/article70892711.ece
,weak_or_body_only_match,,,2026-04-21,timesofindia.indiatimes.com,indiatimes.com,6 types of food you should not store in plastic containers: Food authority's strict guidelines on plastic materials safe for food products,"((""mustard oil"" OR ""palm oil"" OR ""soybean oil"" OR ""sunflower oil"" OR ""groundnut oil"" OR ""coconut oil"" OR ""rice bran oil"" OR ""cottonseed oil"" OR ""sesame oil"" OR ""olive oil"" OR ""rapeseed-mustard oil"") AND (adulterat* OR contaminat* OR misbrand* OR substandard OR spurious OR fake OR counterfeit OR rancid OR ""reused oil"" OR ""recycled oil"" OR ""unsafe oil"" OR ""unsafe cooking oil"" OR ""unsafe edible oil"" OR ""mixed with"") AND language:en) NOT (recruitment OR vacancy OR job* OR exam OR ""admit card"" OR ""answer key"" OR syllabus OR ""eat right"" OR fortification OR fortified OR ""trans fat"" OR ""health claims"" OR ""zero maida"" OR ""organic label"" OR ""misleading claims"" OR ""consumer complaints"" OR ""stock market"" OR ""crude oil"" OR petrol OR diesel OR ""engine oil"" OR ""essential oil"" OR ""hair oil"" OR ""massage oil"")",pending,https://timesofindia.indiatimes.com/life-style/food-news/6-types-of-food-you-should-not-store-in-plastic-containers-food-authoritys-strict-guidelines-on-plastic-materials-safe-for-food-products/photostory/130401509.cms
,broad_food_safety_title,,adulterated; unsafe,2026-04-06,freepressjournal.in,freepressjournal.in,MP News: Half Of State Is Eating Adulterated Food; Dairy Products Most Unsafe,"((""edible oil"" OR ""cooking oil"" OR ""vegetable oil"" OR ""refined oil"" OR ""loose oil"" OR ""loose edible oil"") AND (adulterat* OR contaminat* OR misbrand* OR substandard OR spurious OR fake OR counterfeit OR rancid OR ""reused oil"" OR ""recycled oil"" OR ""unsafe oil"" OR ""unsafe cooking oil"" OR ""unsafe edible oil"" OR ""mixed with"") AND language:en) NOT (recruitment OR vacancy OR job* OR exam OR ""admit card"" OR ""answer key"" OR syllabus OR ""eat right"" OR fortification OR fortified OR ""trans fat"" OR ""health claims"" OR ""zero maida"" OR ""organic label"" OR ""misleading claims"" OR ""consumer complaints"" OR ""stock market"" OR ""crude oil"" OR petrol OR diesel OR ""engine oil"" OR ""essential oil"" OR ""hair oil"" OR ""massage oil"")",pending,https://www.freepressjournal.in/bhopal/mp-news-half-of-state-is-eating-adulterated-food-dairy-products-most-unsafe
,broad_food_safety_title,,substandard,2026-04-05,theshillongtimes.com,theshillongtimes.com,"Gujarat: Hotels, eateries fined for paneer display violations; 615 kg of substandard food destroyed","((""edible oil"" OR ""cooking oil"" OR ""vegetable oil"" OR ""refined oil"" OR ""loose oil"" OR ""loose edible oil"") AND (adulterat* OR contaminat* OR misbrand* OR substandard OR spurious OR fake OR counterfeit OR rancid OR ""reused oil"" OR ""recycled oil"" OR ""unsafe oil"" OR ""unsafe cooking oil"" OR ""unsafe edible oil"" OR ""mixed with"") AND language:en) NOT (recruitment OR vacancy OR job* OR exam OR ""admit card"" OR ""answer key"" OR syllabus OR ""eat right"" OR fortification OR fortified OR ""trans fat"" OR ""health claims"" OR ""zero maida"" OR ""organic label"" OR ""misleading claims"" OR ""consumer complaints"" OR ""stock market"" OR ""crude oil"" OR petrol OR diesel OR ""engine oil"" OR ""essential oil"" OR ""hair oil"" OR ""massage oil"")",pending,https://theshillongtimes.com/2026/04/05/gujarat-hotels-eateries-fined-for-paneer-display-violations-615-kg-of-substandard-food-destroyed/
,broad_food_safety_title,,fake,2026-04-03,timesofindia.indiatimes.com,indiatimes.com,FIR lodged 3 weeks after fake paneer bust,"((""mustard oil"" OR ""palm oil"" OR ""soybean oil"" OR ""sunflower oil"" OR ""groundnut oil"" OR ""coconut oil"" OR ""rice bran oil"" OR ""cottonseed oil"" OR ""sesame oil"" OR ""olive oil"" OR ""rapeseed-mustard oil"") AND (adulterat* OR contaminat* OR misbrand* OR substandard OR spurious OR fake OR counterfeit OR rancid OR ""reused oil"" OR ""recycled oil"" OR ""unsafe oil"" OR ""unsafe cooking oil"" OR ""unsafe edible oil"" OR ""mixed with"") AND language:en) NOT (recruitment OR vacancy OR job* OR exam OR ""admit card"" OR ""answer key"" OR syllabus OR ""eat right"" OR fortification OR fortified OR ""trans fat"" OR ""health claims"" OR ""zero maida"" OR ""organic label"" OR ""misleading claims"" OR ""consumer complaints"" OR ""stock market"" OR ""crude oil"" OR petrol OR diesel OR ""engine oil"" OR ""essential oil"" OR ""hair oil"" OR ""massage oil"")",pending,https://timesofindia.indiatimes.com/city/surat/fir-lodged-3-weeks-after-fake-paneer-bust/articleshow/129987381.cms
,broad_food_safety_title,,adulterated; fake,2026-04-01,indianexpress.com,indianexpress.com,"Adulterated Osmania biscuits, fake paneer, rotten eggs: What Hyderabad’s crackdown on eateries has revealed","((""mustard oil"" OR ""palm oil"" OR ""soybean oil"" OR ""sunflower oil"" OR ""groundnut oil"" OR ""coconut oil"" OR ""rice bran oil"" OR ""cottonseed oil"" OR ""sesame oil"" OR ""olive oil"" OR ""rapeseed-mustard oil"") AND (adulterat* OR contaminat* OR misbrand* OR substandard OR spurious OR fake OR counterfeit OR rancid OR ""reused oil"" OR ""recycled oil"" OR ""unsafe oil"" OR ""unsafe cooking oil"" OR ""unsafe edible oil"" OR ""mixed with"") AND language:en) NOT (recruitment OR vacancy OR job* OR exam OR ""admit card"" OR ""answer key"" OR syllabus OR ""eat right"" OR fortification OR fortified OR ""trans fat"" OR ""health claims"" OR ""zero maida"" OR ""organic label"" OR ""misleading claims"" OR ""consumer complaints"" OR ""stock market"" OR ""crude oil"" OR petrol OR diesel OR ""engine oil"" OR ""essential oil"" OR ""hair oil"" OR ""massage oil"")",pending,https://indianexpress.com/article/india/adulterated-osmania-biscuits-fake-paneer-rotten-eggs-what-hyderabads-crackdown-on-eateries-has-revealed-10612335/
,broad_food_safety_title,,substandard,2026-03-31,hindustantimes.com,hindustantimes.com,Ludhiana: Cases filed against 25 vendors over substandard milk,"((""edible oil"" OR ""cooking oil"" OR ""vegetable oil"" OR ""refined oil"" OR ""loose oil"" OR ""loose edible oil"") AND (adulterat* OR contaminat* OR misbrand* OR substandard OR spurious OR fake OR counterfeit OR rancid OR ""reused oil"" OR ""recycled oil"" OR ""unsafe oil"" OR ""unsafe cooking oil"" OR ""unsafe edible oil"" OR ""mixed with"") AND language:en) NOT (recruitment OR vacancy OR job* OR exam OR ""admit card"" OR ""answer key"" OR syllabus OR ""eat right"" OR fortification OR fortified OR ""trans fat"" OR ""health claims"" OR ""zero maida"" OR ""organic label"" OR ""misleading claims"" OR ""consumer complaints"" OR ""stock market"" OR ""crude oil"" OR petrol OR diesel OR ""engine oil"" OR ""essential oil"" OR ""hair oil"" OR ""massage oil"")",pending,https://www.hindustantimes.com/cities/chandigarh-news/ludhiana-cases-filed-against-25-vendors-over-substandard-milk-101774897269167.html
,broad_food_safety_title,,substandard; samples,2026-03-30,timesofindia.indiatimes.com,indiatimes.com,22 food samples found to be substandard,"((""edible oil"" OR ""cooking oil"" OR ""vegetable oil"" OR ""refined oil"" OR ""loose oil"" OR ""loose edible oil"") AND (adulterat* OR contaminat* OR misbrand* OR substandard OR spurious OR fake OR counterfeit OR rancid OR ""reused oil"" OR ""recycled oil"" OR ""unsafe oil"" OR ""unsafe cooking oil"" OR ""unsafe edible oil"" OR ""mixed with"") AND language:en) NOT (recruitment OR vacancy OR job* OR exam OR ""admit card"" OR ""answer key"" OR syllabus OR ""eat right"" OR fortification OR fortified OR ""trans fat"" OR ""health claims"" OR ""zero maida"" OR ""organic label"" OR ""misleading claims"" OR ""consumer complaints"" OR ""stock market"" OR ""crude oil"" OR petrol OR diesel OR ""engine oil"" OR ""essential oil"" OR ""hair oil"" OR ""massage oil"")",pending,https://timesofindia.indiatimes.com/city/vadodara/22-food-samples-found-to-be-substandard/articleshow/129907749.cms
,strong_title_match,oil,seized,2026-03-22,timesofindia.indiatimes.com,indiatimes.com,"Disgustingly unhygienic"": Hyderabad samosa unit raided; reused oil and stale boiled eggs seized","((""edible oil"" OR ""cooking oil"" OR ""vegetable oil"" OR ""refined oil"" OR ""loose oil"" OR ""loose edible oil"") AND (adulterat* OR contaminat* OR misbrand* OR substandard OR spurious OR fake OR counterfeit OR rancid OR ""reused oil"" OR ""recycled oil"" OR ""unsafe oil"" OR ""unsafe cooking oil"" OR ""unsafe edible oil"" OR ""mixed with"") AND language:en) NOT (recruitment OR vacancy OR job* OR exam OR ""admit card"" OR ""answer key"" OR syllabus OR ""eat right"" OR fortification OR fortified OR ""trans fat"" OR ""health claims"" OR ""zero maida"" OR ""organic label"" OR ""misleading claims"" OR ""consumer complaints"" OR ""stock market"" OR ""crude oil"" OR petrol OR diesel OR ""engine oil"" OR ""essential oil"" OR ""hair oil"" OR ""massage oil"")",pending,https://timesofindia.indiatimes.com/etimes/trending/disgustingly-unhygienic-hyderabad-samosa-unit-raided-reused-oil-and-stale-boiled-eggs-seized/articleshow/129729552.cms
,oil_context_only_in_title,oil,,2026-03-21,ndtv.com,ndtv.com,Large Illegal Samosa Unit Busted In Hyderabad For Using Spoiled Ingredients And Reused Oil,"((""edible oil"" OR ""cooking oil"" OR ""vegetable oil"" OR ""refined oil"" OR ""loose oil"" OR ""loose edible oil"") AND (adulterat* OR contaminat* OR misbrand* OR substandard OR spurious OR fake OR counterfeit OR rancid OR ""reused oil"" OR ""recycled oil"" OR ""unsafe oil"" OR ""unsafe cooking oil"" OR ""unsafe edible oil"" OR ""mixed with"") AND language:en) NOT (recruitment OR vacancy OR job* OR exam OR ""admit card"" OR ""answer key"" OR syllabus OR ""eat right"" OR fortification OR fortified OR ""trans fat"" OR ""health claims"" OR ""zero maida"" OR ""organic label"" OR ""misleading claims"" OR ""consumer complaints"" OR ""stock market"" OR ""crude oil"" OR petrol OR diesel OR ""engine oil"" OR ""essential oil"" OR ""hair oil"" OR ""massage oil"")",pending,https://www.ndtv.com/food/large-illegal-samosa-unit-busted-in-hyderabad-for-using-spoiled-ingredients-and-reused-oil-11246923
,broad_food_safety_title,,seized,2026-03-21,siasat.com,siasat.com,Illegal samosa unit busted in Hyderabad; Unhygienic stock worth Rs 5 L seized,"((""edible oil"" OR ""cooking oil"" OR ""vegetable oil"" OR ""refined oil"" OR ""loose oil"" OR ""loose edible oil"") AND (adulterat* OR contaminat* OR misbrand* OR substandard OR spurious OR fake OR counterfeit OR rancid OR ""reused oil"" OR ""recycled oil"" OR ""unsafe oil"" OR ""unsafe cooking oil"" OR ""unsafe edible oil"" OR ""mixed with"") AND language:en) NOT (recruitment OR vacancy OR job* OR exam OR ""admit card"" OR ""answer key"" OR syllabus OR ""eat right"" OR fortification OR fortified OR ""trans fat"" OR ""health claims"" OR ""zero maida"" OR ""organic label"" OR ""misleading claims"" OR ""consumer complaints"" OR ""stock market"" OR ""crude oil"" OR petrol OR diesel OR ""engine oil"" OR ""essential oil"" OR ""hair oil"" OR ""massage oil"")",pending,https://www.siasat.com/illegal-samosa-unit-busted-in-hyderabad-unhygienic-stock-worth-rs-5-l-seized-3438602/
,weak_or_body_only_match,,,2026-03-21,deccanchronicle.com,deccanchronicle.com,Illegal Samosa Manufacturing Unit Busted in Jiyaguda,"((""edible oil"" OR ""cooking oil"" OR ""vegetable oil"" OR ""refined oil"" OR ""loose oil"" OR ""loose edible oil"") AND (adulterat* OR contaminat* OR misbrand* OR substandard OR spurious OR fake OR counterfeit OR rancid OR ""reused oil"" OR ""recycled oil"" OR ""unsafe oil"" OR ""unsafe cooking oil"" OR ""unsafe edible oil"" OR ""mixed with"") AND language:en) NOT (recruitment OR vacancy OR job* OR exam OR ""admit card"" OR ""answer key"" OR syllabus OR ""eat right"" OR fortification OR fortified OR ""trans fat"" OR ""health claims"" OR ""zero maida"" OR ""organic label"" OR ""misleading claims"" OR ""consumer complaints"" OR ""stock market"" OR ""crude oil"" OR petrol OR diesel OR ""engine oil"" OR ""essential oil"" OR ""hair oil"" OR ""massage oil"")",pending,https://www.deccanchronicle.com/southern-states/telangana/illegal-samosa-manufacturing-unit-busted-in-jiyaguda-1945312
,broad_food_safety_title,,spurious; seized,2026-03-19,timesofindia.indiatimes.com,indiatimes.com,"3,120 litres of spurious milk seized in Gir Somnath crackdown","((""mustard oil"" OR ""palm oil"" OR ""soybean oil"" OR ""sunflower oil"" OR ""groundnut oil"" OR ""coconut oil"" OR ""rice bran oil"" OR ""cottonseed oil"" OR ""sesame oil"" OR ""olive oil"" OR ""rapeseed-mustard oil"") AND (adulterat* OR contaminat* OR misbrand* OR substandard OR spurious OR fake OR counterfeit OR rancid OR ""reused oil"" OR ""recycled oil"" OR ""unsafe oil"" OR ""unsafe cooking oil"" OR ""unsafe edible oil"" OR ""mixed with"") AND language:en) NOT (recruitment OR vacancy OR job* OR exam OR ""admit card"" OR ""answer key"" OR syllabus OR ""eat right"" OR fortification OR fortified OR ""trans fat"" OR ""health claims"" OR ""zero maida"" OR ""organic label"" OR ""misleading claims"" OR ""consumer complaints"" OR ""stock market"" OR ""crude oil"" OR petrol OR diesel OR ""engine oil"" OR ""essential oil"" OR ""hair oil"" OR ""massage oil"")",pending,https://timesofindia.indiatimes.com/city/rajkot/3120-litres-of-spurious-milk-seized-in-gir-somnath-crackdown/articleshow/129662555.cms
,strong_title_match,cooking oil; oil,adulterated,2026-03-10,en.etemaaddaily.com,etemaaddaily.com,"Madhapur SOT busts adulterated cooking oil racket, two arrested","((""edible oil"" OR ""cooking oil"" OR ""vegetable oil"" OR ""refined oil"" OR ""loose oil"" OR ""loose edible oil"") AND (adulterat* OR contaminat* OR misbrand* OR substandard OR spurious OR fake OR counterfeit OR rancid OR ""reused oil"" OR ""recycled oil"" OR ""unsafe oil"" OR ""unsafe cooking oil"" OR ""unsafe edible oil"" OR ""mixed with"") AND language:en) NOT (recruitment OR vacancy OR job* OR exam OR ""admit card"" OR ""answer key"" OR syllabus OR ""eat right"" OR fortification OR fortified OR ""trans fat"" OR ""health claims"" OR ""zero maida"" OR ""organic label"" OR ""misleading claims"" OR ""consumer complaints"" OR ""stock market"" OR ""crude oil"" OR petrol OR diesel OR ""engine oil"" OR ""essential oil"" OR ""hair oil"" OR ""massage oil"")",pending,https://www.en.etemaaddaily.com/world/hyderabad/madhapur-sot-busts-adulterated-cooking-oil-racket-two-arrested:191020
,strong_title_match,cooking oil; oil,adulterated; seized,2026-03-10,siasat.com,siasat.com,"Adulterated cooking oil, wheat flour worth Rs 21 lakh seized in Hyderabad","((""edible oil"" OR ""cooking oil"" OR ""vegetable oil"" OR ""refined oil"" OR ""loose oil"" OR ""loose edible oil"") AND (adulterat* OR contaminat* OR misbrand* OR substandard OR spurious OR fake OR counterfeit OR rancid OR ""reused oil"" OR ""recycled oil"" OR ""unsafe oil"" OR ""unsafe cooking oil"" OR ""unsafe edible oil"" OR ""mixed with"") AND language:en) NOT (recruitment OR vacancy OR job* OR exam OR ""admit card"" OR ""answer key"" OR syllabus OR ""eat right"" OR fortification OR fortified OR ""trans fat"" OR ""health claims"" OR ""zero maida"" OR ""organic label"" OR ""misleading claims"" OR ""consumer complaints"" OR ""stock market"" OR ""crude oil"" OR petrol OR diesel OR ""engine oil"" OR ""essential oil"" OR ""hair oil"" OR ""massage oil"")",pending,https://www.siasat.com/adulterated-cooking-oil-wheat-flour-worth-rs-21-lakh-seized-in-hyderabad-3432488/
,strong_title_match,cooking oil; oil,adulterated; seized,2026-03-10,thehindu.com,thehindu.com,"Over 5,000 litres of adulterated cooking oil seized in Gachibowli; expired wheat flour repackaged for sale","((""edible oil"" OR ""cooking oil"" OR ""vegetable oil"" OR ""refined oil"" OR ""loose oil"" OR ""loose edible oil"") AND (adulterat* OR contaminat* OR misbrand* OR substandard OR spurious OR fake OR counterfeit OR rancid OR ""reused oil"" OR ""recycled oil"" OR ""unsafe oil"" OR ""unsafe cooking oil"" OR ""unsafe edible oil"" OR ""mixed with"") AND language:en) NOT (recruitment OR vacancy OR job* OR exam OR ""admit card"" OR ""answer key"" OR syllabus OR ""eat right"" OR fortification OR fortified OR ""trans fat"" OR ""health claims"" OR ""zero maida"" OR ""organic label"" OR ""misleading claims"" OR ""consumer complaints"" OR ""stock market"" OR ""crude oil"" OR petrol OR diesel OR ""engine oil"" OR ""essential oil"" OR ""hair oil"" OR ""massage oil"")",pending,https://www.thehindu.com/news/cities/Hyderabad/over-5000-litres-of-adulterated-cooking-oil-seized-in-gachibowli-expired-wheat-flour-repackaged-for-sale/article70724996.ece
,strong_title_match,coconut oil; oil,adulteration; fssai; test,2026-03-10,economictimes.indiatimes.com,indiatimes.com,"Coconut Oil Purity Test: FSSAI shares simple trick to detect adulteration in the oil you use for hair, skin and food","((""mustard oil"" OR ""palm oil"" OR ""soybean oil"" OR ""sunflower oil"" OR ""groundnut oil"" OR ""coconut oil"" OR ""rice bran oil"" OR ""cottonseed oil"" OR ""sesame oil"" OR ""olive oil"" OR ""rapeseed-mustard oil"") AND (adulterat* OR contaminat* OR misbrand* OR substandard OR spurious OR fake OR counterfeit OR rancid OR ""reused oil"" OR ""recycled oil"" OR ""unsafe oil"" OR ""unsafe cooking oil"" OR ""unsafe edible oil"" OR ""mixed with"") AND language:en) NOT (recruitment OR vacancy OR job* OR exam OR ""admit card"" OR ""answer key"" OR syllabus OR ""eat right"" OR fortification OR fortified OR ""trans fat"" OR ""health claims"" OR ""zero maida"" OR ""organic label"" OR ""misleading claims"" OR ""consumer complaints"" OR ""stock market"" OR ""crude oil"" OR petrol OR diesel OR ""engine oil"" OR ""essential oil"" OR ""hair oil"" OR ""massage oil"")",pending,https://economictimes.indiatimes.com/news/new-updates/coconut-oil-purity-test-fssai-shares-simple-trick-to-detect-adulteration-in-the-oil-you-use-for-hair-skin-and-food/articleshow/129389742.cms
,broad_food_safety_title,,adulterated; seized; fssai,2026-03-06,livemint.com,livemint.com,"Gujarat news: 1,401 kg of adulterated paneer seized in Surat; food outlet was operating without licence, says FSSAI","((""edible oil"" OR ""cooking oil"" OR ""vegetable oil"" OR ""refined oil"" OR ""loose oil"" OR ""loose edible oil"") AND (adulterat* OR contaminat* OR misbrand* OR substandard OR spurious OR fake OR counterfeit OR rancid OR ""reused oil"" OR ""recycled oil"" OR ""unsafe oil"" OR ""unsafe cooking oil"" OR ""unsafe edible oil"" OR ""mixed with"") AND language:en) NOT (recruitment OR vacancy OR job* OR exam OR ""admit card"" OR ""answer key"" OR syllabus OR ""eat right"" OR fortification OR fortified OR ""trans fat"" OR ""health claims"" OR ""zero maida"" OR ""organic label"" OR ""misleading claims"" OR ""consumer complaints"" OR ""stock market"" OR ""crude oil"" OR petrol OR diesel OR ""engine oil"" OR ""essential oil"" OR ""hair oil"" OR ""massage oil"")",pending,https://www.livemint.com/news/india/gujarat-news-1-401-kg-of-adulterated-paneer-seized-in-surat-food-outlet-was-operating-without-licence-says-fssai-11772801034522.html
,broad_food_safety_title,,seized; fake,2026-03-06,indianexpress.com,indianexpress.com,"1,401 kg of fake paneer recovered from Surat godown; ingredients worth Rs. 28.44 lakh seized","((""mustard oil"" OR ""palm oil"" OR ""soybean oil"" OR ""sunflower oil"" OR ""groundnut oil"" OR ""coconut oil"" OR ""rice bran oil"" OR ""cottonseed oil"" OR ""sesame oil"" OR ""olive oil"" OR ""rapeseed-mustard oil"") AND (adulterat* OR contaminat* OR misbrand* OR substandard OR spurious OR fake OR counterfeit OR rancid OR ""reused oil"" OR ""recycled oil"" OR ""unsafe oil"" OR ""unsafe cooking oil"" OR ""unsafe edible oil"" OR ""mixed with"") AND language:en) NOT (recruitment OR vacancy OR job* OR exam OR ""admit card"" OR ""answer key"" OR syllabus OR ""eat right"" OR fortification OR fortified OR ""trans fat"" OR ""health claims"" OR ""zero maida"" OR ""organic label"" OR ""misleading claims"" OR ""consumer complaints"" OR ""stock market"" OR ""crude oil"" OR petrol OR diesel OR ""engine oil"" OR ""essential oil"" OR ""hair oil"" OR ""massage oil"")",pending,https://indianexpress.com/article/cities/ahmedabad/1401-kg-of-fake-paneer-recovered-from-surat-godown-ingredients-worth-rs-28-44-lakh-seized-10566995/
,broad_food_safety_title,,adulterated; seized,2026-03-04,siasat.com,siasat.com,"Hyderabad: Over 3,700 kg of adulterated dairy products seized in Banjara Hills","((""edible oil"" OR ""cooking oil"" OR ""vegetable oil"" OR ""refined oil"" OR ""loose oil"" OR ""loose edible oil"") AND (adulterat* OR contaminat* OR misbrand* OR substandard OR spurious OR fake OR counterfeit OR rancid OR ""reused oil"" OR ""recycled oil"" OR ""unsafe oil"" OR ""unsafe cooking oil"" OR ""unsafe edible oil"" OR ""mixed with"") AND language:en) NOT (recruitment OR vacancy OR job* OR exam OR ""admit card"" OR ""answer key"" OR syllabus OR ""eat right"" OR fortification OR fortified OR ""trans fat"" OR ""health claims"" OR ""zero maida"" OR ""organic label"" OR ""misleading claims"" OR ""consumer complaints"" OR ""stock market"" OR ""crude oil"" OR petrol OR diesel OR ""engine oil"" OR ""essential oil"" OR ""hair oil"" OR ""massage oil"")",pending,https://www.siasat.com/rs-18-26-l-worth-adulterated-dairy-products-seized-in-banjara-hills-3415111/
,broad_food_safety_title,,adulteration; food safety; raids,2026-03-03,garhwalpost.in,garhwalpost.in,Crackdown on adulteration: Food Safety Department conducts raids in Mussoorie,"((""mustard oil"" OR ""palm oil"" OR ""soybean oil"" OR ""sunflower oil"" OR ""groundnut oil"" OR ""coconut oil"" OR ""rice bran oil"" OR ""cottonseed oil"" OR ""sesame oil"" OR ""olive oil"" OR ""rapeseed-mustard oil"") AND (adulterat* OR contaminat* OR misbrand* OR substandard OR spurious OR fake OR counterfeit OR rancid OR ""reused oil"" OR ""recycled oil"" OR ""unsafe oil"" OR ""unsafe cooking oil"" OR ""unsafe edible oil"" OR ""mixed with"") AND language:en) NOT (recruitment OR vacancy OR job* OR exam OR ""admit card"" OR ""answer key"" OR syllabus OR ""eat right"" OR fortification OR fortified OR ""trans fat"" OR ""health claims"" OR ""zero maida"" OR ""organic label"" OR ""misleading claims"" OR ""consumer complaints"" OR ""stock market"" OR ""crude oil"" OR petrol OR diesel OR ""engine oil"" OR ""essential oil"" OR ""hair oil"" OR ""massage oil"")",pending,https://garhwalpost.in/crackdown-on-adulteration-food-safety-department-conducts-raids-in-mussoorie/
,broad_food_safety_title,,seized; fake,2026-03-02,indianexpress.com,indianexpress.com,Fake paneer and khoya seized in UP ahead of Holi: How do they impact your health?,"((""edible oil"" OR ""cooking oil"" OR ""vegetable oil"" OR ""refined oil"" OR ""loose oil"" OR ""loose edible oil"") AND (adulterat* OR contaminat* OR misbrand* OR substandard OR spurious OR fake OR counterfeit OR rancid OR ""reused oil"" OR ""recycled oil"" OR ""unsafe oil"" OR ""unsafe cooking oil"" OR ""unsafe edible oil"" OR ""mixed with"") AND language:en) NOT (recruitment OR vacancy OR job* OR exam OR ""admit card"" OR ""answer key"" OR syllabus OR ""eat right"" OR fortification OR fortified OR ""trans fat"" OR ""health claims"" OR ""zero maida"" OR ""organic label"" OR ""misleading claims"" OR ""consumer complaints"" OR ""stock market"" OR ""crude oil"" OR petrol OR diesel OR ""engine oil"" OR ""essential oil"" OR ""hair oil"" OR ""massage oil"")",pending,https://indianexpress.com/article/health-wellness/fake-paneer-khoya-seized-up-holi-health-10561195/
,broad_food_safety_title,,food safety,2026-03-02,thelogicalindian.com,thelogicalindian.com,40 Kg Rotten Tomatoes?: Jaipur McDonald’s Food Safety Breach Raises Questions Over Fast-Food Oversight,"((""edible oil"" OR ""cooking oil"" OR ""vegetable oil"" OR ""refined oil"" OR ""loose oil"" OR ""loose edible oil"") AND (adulterat* OR contaminat* OR misbrand* OR substandard OR spurious OR fake OR counterfeit OR rancid OR ""reused oil"" OR ""recycled oil"" OR ""unsafe oil"" OR ""unsafe cooking oil"" OR ""unsafe edible oil"" OR ""mixed with"") AND language:en) NOT (recruitment OR vacancy OR job* OR exam OR ""admit card"" OR ""answer key"" OR syllabus OR ""eat right"" OR fortification OR fortified OR ""trans fat"" OR ""health claims"" OR ""zero maida"" OR ""organic label"" OR ""misleading claims"" OR ""consumer complaints"" OR ""stock market"" OR ""crude oil"" OR petrol OR diesel OR ""engine oil"" OR ""essential oil"" OR ""hair oil"" OR ""massage oil"")",pending,https://thelogicalindian.com/40-kg-rotten-tomatoes-jaipur-mcdonalds-food-safety-breach-raises-questions-over-fast-food-oversight/
,broad_food_safety_title,,adulterated,2026-03-01,food.ndtv.com,ndtv.com,"Food Authority Seizes Fungus-Laden Khoya In Jhansi, Dumps Adulterated Paneer In Noida Ahead of Holi","((""edible oil"" OR ""cooking oil"" OR ""vegetable oil"" OR ""refined oil"" OR ""loose oil"" OR ""loose edible oil"") AND (adulterat* OR contaminat* OR misbrand* OR substandard OR spurious OR fake OR counterfeit OR rancid OR ""reused oil"" OR ""recycled oil"" OR ""unsafe oil"" OR ""unsafe cooking oil"" OR ""unsafe edible oil"" OR ""mixed with"") AND language:en) NOT (recruitment OR vacancy OR job* OR exam OR ""admit card"" OR ""answer key"" OR syllabus OR ""eat right"" OR fortification OR fortified OR ""trans fat"" OR ""health claims"" OR ""zero maida"" OR ""organic label"" OR ""misleading claims"" OR ""consumer complaints"" OR ""stock market"" OR ""crude oil"" OR petrol OR diesel OR ""engine oil"" OR ""essential oil"" OR ""hair oil"" OR ""massage oil"")",pending,https://food.ndtv.com/news/food-authority-seizes-fungus-laden-khoya-in-jhansi-dumps-adulterated-paneer-in-noida-ahead-of-holi-11154876#publisher=newsstand
,strong_title_match,edible oil; oil,substandard; seized,2026-02-28,news18.com,news18.com,Over 4 lakh litres seized in drive against substandard edible oil in UP,"((""edible oil"" OR ""cooking oil"" OR ""vegetable oil"" OR ""refined oil"" OR ""loose oil"" OR ""loose edible oil"") AND (adulterat* OR contaminat* OR misbrand* OR substandard OR spurious OR fake OR counterfeit OR rancid OR ""reused oil"" OR ""recycled oil"" OR ""unsafe oil"" OR ""unsafe cooking oil"" OR ""unsafe edible oil"" OR ""mixed with"") AND language:en) NOT (recruitment OR vacancy OR job* OR exam OR ""admit card"" OR ""answer key"" OR syllabus OR ""eat right"" OR fortification OR fortified OR ""trans fat"" OR ""health claims"" OR ""zero maida"" OR ""organic label"" OR ""misleading claims"" OR ""consumer complaints"" OR ""stock market"" OR ""crude oil"" OR petrol OR diesel OR ""engine oil"" OR ""essential oil"" OR ""hair oil"" OR ""massage oil"")",pending,https://www.news18.com/agency-feeds/over-4-lakh-litres-seized-in-drive-against-substandard-edible-oil-in-up-9935864.html
,broad_food_safety_title,,adulterated; seized,2026-02-28,freepressjournal.in,freepressjournal.in,Bhopal News: 27 Quintals Of Suspected Adulterated Mawa Seized Ahead Of Holi,"((""edible oil"" OR ""cooking oil"" OR ""vegetable oil"" OR ""refined oil"" OR ""loose oil"" OR ""loose edible oil"") AND (adulterat* OR contaminat* OR misbrand* OR substandard OR spurious OR fake OR counterfeit OR rancid OR ""reused oil"" OR ""recycled oil"" OR ""unsafe oil"" OR ""unsafe cooking oil"" OR ""unsafe edible oil"" OR ""mixed with"") AND language:en) NOT (recruitment OR vacancy OR job* OR exam OR ""admit card"" OR ""answer key"" OR syllabus OR ""eat right"" OR fortification OR fortified OR ""trans fat"" OR ""health claims"" OR ""zero maida"" OR ""organic label"" OR ""misleading claims"" OR ""consumer complaints"" OR ""stock market"" OR ""crude oil"" OR petrol OR diesel OR ""engine oil"" OR ""essential oil"" OR ""hair oil"" OR ""massage oil"")",pending,https://www.freepressjournal.in/bhopal/bhopal-news-27-quintals-of-suspected-adulterated-mawa-seized-ahead-of-holi
,broad_food_safety_title,,fake,2026-02-28,hindustantimes.com,hindustantimes.com,"Delhi Police busts racket selling expired food, cosmetic items with fake labels; 1 held","((""mustard oil"" OR ""palm oil"" OR ""soybean oil"" OR ""sunflower oil"" OR ""groundnut oil"" OR ""coconut oil"" OR ""rice bran oil"" OR ""cottonseed oil"" OR ""sesame oil"" OR ""olive oil"" OR ""rapeseed-mustard oil"") AND (adulterat* OR contaminat* OR misbrand* OR substandard OR spurious OR fake OR counterfeit OR rancid OR ""reused oil"" OR ""recycled oil"" OR ""unsafe oil"" OR ""unsafe cooking oil"" OR ""unsafe edible oil"" OR ""mixed with"") AND language:en) NOT (recruitment OR vacancy OR job* OR exam OR ""admit card"" OR ""answer key"" OR syllabus OR ""eat right"" OR fortification OR fortified OR ""trans fat"" OR ""health claims"" OR ""zero maida"" OR ""organic label"" OR ""misleading claims"" OR ""consumer complaints"" OR ""stock market"" OR ""crude oil"" OR petrol OR diesel OR ""engine oil"" OR ""essential oil"" OR ""hair oil"" OR ""massage oil"")",pending,https://www.hindustantimes.com/cities/delhi-news/delhi-police-busts-racket-selling-expired-food-cosmetic-items-with-fake-labels-1-held-101772279089805.html
,weak_or_body_only_match,,,2026-02-27,thehansindia.com,thehansindia.com,AP crackdown after milk contamination claims 5 lives,"((""edible oil"" OR ""cooking oil"" OR ""vegetable oil"" OR ""refined oil"" OR ""loose oil"" OR ""loose edible oil"") AND (adulterat* OR contaminat* OR misbrand* OR substandard OR spurious OR fake OR counterfeit OR rancid OR ""reused oil"" OR ""recycled oil"" OR ""unsafe oil"" OR ""unsafe cooking oil"" OR ""unsafe edible oil"" OR ""mixed with"") AND language:en) NOT (recruitment OR vacancy OR job* OR exam OR ""admit card"" OR ""answer key"" OR syllabus OR ""eat right"" OR fortification OR fortified OR ""trans fat"" OR ""health claims"" OR ""zero maida"" OR ""organic label"" OR ""misleading claims"" OR ""consumer complaints"" OR ""stock market"" OR ""crude oil"" OR petrol OR diesel OR ""engine oil"" OR ""essential oil"" OR ""hair oil"" OR ""massage oil"")",pending,https://www.thehansindia.com/andhra-pradesh/ap-crackdown-after-milk-contamination-claims-5-lives-1052137
,broad_food_safety_title,,food safety,2026-02-27,thehindu.com,thehindu.com,Food safety squads intensify crackdown on unhygienic snack production,"((""edible oil"" OR ""cooking oil"" OR ""vegetable oil"" OR ""refined oil"" OR ""loose oil"" OR ""loose edible oil"") AND (adulterat* OR contaminat* OR misbrand* OR substandard OR spurious OR fake OR counterfeit OR rancid OR ""reused oil"" OR ""recycled oil"" OR ""unsafe oil"" OR ""unsafe cooking oil"" OR ""unsafe edible oil"" OR ""mixed with"") AND language:en) NOT (recruitment OR vacancy OR job* OR exam OR ""admit card"" OR ""answer key"" OR syllabus OR ""eat right"" OR fortification OR fortified OR ""trans fat"" OR ""health claims"" OR ""zero maida"" OR ""organic label"" OR ""misleading claims"" OR ""consumer complaints"" OR ""stock market"" OR ""crude oil"" OR petrol OR diesel OR ""engine oil"" OR ""essential oil"" OR ""hair oil"" OR ""massage oil"")",pending,https://www.thehindu.com/news/national/kerala/food-safety-squads-intensify-crackdown-on-unhygienic-snack-production/article70684065.ece
,broad_food_safety_title,,adulterated; seized,2026-02-26,timesofindia.indiatimes.com,indiatimes.com,9 quintals of adulterated mawa seized in Kanpur: 5 methods to check mawa purity at home,"((""edible oil"" OR ""cooking oil"" OR ""vegetable oil"" OR ""refined oil"" OR ""loose oil"" OR ""loose edible oil"") AND (adulterat* OR contaminat* OR misbrand* OR substandard OR spurious OR fake OR counterfeit OR rancid OR ""reused oil"" OR ""recycled oil"" OR ""unsafe oil"" OR ""unsafe cooking oil"" OR ""unsafe edible oil"" OR ""mixed with"") AND language:en) NOT (recruitment OR vacancy OR job* OR exam OR ""admit card"" OR ""answer key"" OR syllabus OR ""eat right"" OR fortification OR fortified OR ""trans fat"" OR ""health claims"" OR ""zero maida"" OR ""organic label"" OR ""misleading claims"" OR ""consumer complaints"" OR ""stock market"" OR ""crude oil"" OR petrol OR diesel OR ""engine oil"" OR ""essential oil"" OR ""hair oil"" OR ""massage oil"")",pending,https://timesofindia.indiatimes.com/life-style/food-news/9-quintals-of-adulterated-mawa-seized-in-kanpur-5-methods-to-check-mawa-purity-at-home/photostory/128803386.cms
,weak_or_body_only_match,,,2026-02-26,news18.com,news18.com,Andhra govt intensifies crackdown after milk contamination claims 5 lives,"((""edible oil"" OR ""cooking oil"" OR ""vegetable oil"" OR ""refined oil"" OR ""loose oil"" OR ""loose edible oil"") AND (adulterat* OR contaminat* OR misbrand* OR substandard OR spurious OR fake OR counterfeit OR rancid OR ""reused oil"" OR ""recycled oil"" OR ""unsafe oil"" OR ""unsafe cooking oil"" OR ""unsafe edible oil"" OR ""mixed with"") AND language:en) NOT (recruitment OR vacancy OR job* OR exam OR ""admit card"" OR ""answer key"" OR syllabus OR ""eat right"" OR fortification OR fortified OR ""trans fat"" OR ""health claims"" OR ""zero maida"" OR ""organic label"" OR ""misleading claims"" OR ""consumer complaints"" OR ""stock market"" OR ""crude oil"" OR petrol OR diesel OR ""engine oil"" OR ""essential oil"" OR ""hair oil"" OR ""massage oil"")",pending,https://www.news18.com/agency-feeds/andhra-govt-intensifies-crackdown-after-milk-contamination-claims-5-lives-9931439.html
,weak_or_body_only_match,,,2026-02-26,deccanchronicle.com,deccanchronicle.com,AP Govt Intensifies Crackdown after Milk Contamination Claims 5 Lives,"((""edible oil"" OR ""cooking oil"" OR ""vegetable oil"" OR ""refined oil"" OR ""loose oil"" OR ""loose edible oil"") AND (adulterat* OR contaminat* OR misbrand* OR substandard OR spurious OR fake OR counterfeit OR rancid OR ""reused oil"" OR ""recycled oil"" OR ""unsafe oil"" OR ""unsafe cooking oil"" OR ""unsafe edible oil"" OR ""mixed with"") AND language:en) NOT (recruitment OR vacancy OR job* OR exam OR ""admit card"" OR ""answer key"" OR syllabus OR ""eat right"" OR fortification OR fortified OR ""trans fat"" OR ""health claims"" OR ""zero maida"" OR ""organic label"" OR ""misleading claims"" OR ""consumer complaints"" OR ""stock market"" OR ""crude oil"" OR petrol OR diesel OR ""engine oil"" OR ""essential oil"" OR ""hair oil"" OR ""massage oil"")",pending,https://www.deccanchronicle.com/southern-states/andhra-pradesh/ap-govt-intensifies-crackdown-after-milk-contamination-claims-5-lives-1940073
,strong_title_match,oil,food safety,2026-02-26,thelogicalindian.com,thelogicalindian.com,"40 Litres Reused Oil, 40 Kg Rotten Tomatoes: McDonald’s Jaipur Faces 14-Day Food Safety Ultimatum","((""edible oil"" OR ""cooking oil"" OR ""vegetable oil"" OR ""refined oil"" OR ""loose oil"" OR ""loose edible oil"") AND (adulterat* OR contaminat* OR misbrand* OR substandard OR spurious OR fake OR counterfeit OR rancid OR ""reused oil"" OR ""recycled oil"" OR ""unsafe oil"" OR ""unsafe cooking oil"" OR ""unsafe edible oil"" OR ""mixed with"") AND language:en) NOT (recruitment OR vacancy OR job* OR exam OR ""admit card"" OR ""answer key"" OR syllabus OR ""eat right"" OR fortification OR fortified OR ""trans fat"" OR ""health claims"" OR ""zero maida"" OR ""organic label"" OR ""misleading claims"" OR ""consumer complaints"" OR ""stock market"" OR ""crude oil"" OR petrol OR diesel OR ""engine oil"" OR ""essential oil"" OR ""hair oil"" OR ""massage oil"")",pending,https://thelogicalindian.com/40-litres-reused-oil-40-kg-rotten-tomatoes-mcdonalds-jaipur-faces-14-day-food-safety-ultimatum/
,strong_title_match,oil,adulterated; seized,2026-02-26,thelogicalindian.com,thelogicalindian.com,"10,000 Kg Rotten Dates And Adulterated Oil Seized: What Kanpur’s Festival Crackdown Reveals","((""edible oil"" OR ""cooking oil"" OR ""vegetable oil"" OR ""refined oil"" OR ""loose oil"" OR ""loose edible oil"") AND (adulterat* OR contaminat* OR misbrand* OR substandard OR spurious OR fake OR counterfeit OR rancid OR ""reused oil"" OR ""recycled oil"" OR ""unsafe oil"" OR ""unsafe cooking oil"" OR ""unsafe edible oil"" OR ""mixed with"") AND language:en) NOT (recruitment OR vacancy OR job* OR exam OR ""admit card"" OR ""answer key"" OR syllabus OR ""eat right"" OR fortification OR fortified OR ""trans fat"" OR ""health claims"" OR ""zero maida"" OR ""organic label"" OR ""misleading claims"" OR ""consumer complaints"" OR ""stock market"" OR ""crude oil"" OR petrol OR diesel OR ""engine oil"" OR ""essential oil"" OR ""hair oil"" OR ""massage oil"")",pending,https://thelogicalindian.com/10000-kg-rotten-dates-and-adulterated-oil-seized-what-kanpurs-festival-crackdown-reveals/
,broad_food_safety_title,,food safety; inspection,2026-02-26,hindustantimes.com,hindustantimes.com,Noida expands food safety inspection ahead of Holi,"((""mustard oil"" OR ""palm oil"" OR ""soybean oil"" OR ""sunflower oil"" OR ""groundnut oil"" OR ""coconut oil"" OR ""rice bran oil"" OR ""cottonseed oil"" OR ""sesame oil"" OR ""olive oil"" OR ""rapeseed-mustard oil"") AND (adulterat* OR contaminat* OR misbrand* OR substandard OR spurious OR fake OR counterfeit OR rancid OR ""reused oil"" OR ""recycled oil"" OR ""unsafe oil"" OR ""unsafe cooking oil"" OR ""unsafe edible oil"" OR ""mixed with"") AND language:en) NOT (recruitment OR vacancy OR job* OR exam OR ""admit card"" OR ""answer key"" OR syllabus OR ""eat right"" OR fortification OR fortified OR ""trans fat"" OR ""health claims"" OR ""zero maida"" OR ""organic label"" OR ""misleading claims"" OR ""consumer complaints"" OR ""stock market"" OR ""crude oil"" OR petrol OR diesel OR ""engine oil"" OR ""essential oil"" OR ""hair oil"" OR ""massage oil"")",pending,https://www.hindustantimes.com/cities/noida-news/noida-expands-food-safety-inspection-ahead-of-holi-101772047234259.html
,broad_food_safety_title,,food safety,2026-02-25,thelogicalindian.com,thelogicalindian.com,UP Food Safety: Over 225 Kg of Suspected ‘Chemical’ Rasogolla Destroyed in Sambhal Ahead of Festive Season,"((""edible oil"" OR ""cooking oil"" OR ""vegetable oil"" OR ""refined oil"" OR ""loose oil"" OR ""loose edible oil"") AND (adulterat* OR contaminat* OR misbrand* OR substandard OR spurious OR fake OR counterfeit OR rancid OR ""reused oil"" OR ""recycled oil"" OR ""unsafe oil"" OR ""unsafe cooking oil"" OR ""unsafe edible oil"" OR ""mixed with"") AND language:en) NOT (recruitment OR vacancy OR job* OR exam OR ""admit card"" OR ""answer key"" OR syllabus OR ""eat right"" OR fortification OR fortified OR ""trans fat"" OR ""health claims"" OR ""zero maida"" OR ""organic label"" OR ""misleading claims"" OR ""consumer complaints"" OR ""stock market"" OR ""crude oil"" OR petrol OR diesel OR ""engine oil"" OR ""essential oil"" OR ""hair oil"" OR ""massage oil"")",pending,https://thelogicalindian.com/up-food-safety-over-225-kg-of-suspected-chemical-rasogolla-destroyed-in-sambhal-ahead-of-festive-season/
,broad_food_safety_title,,fake,2026-02-24,timesofindia.indiatimes.com,indiatimes.com,Whatâs really on your plate? 10 food joints caught selling fake paneer,"((""edible oil"" OR ""cooking oil"" OR ""vegetable oil"" OR ""refined oil"" OR ""loose oil"" OR ""loose edible oil"") AND (adulterat* OR contaminat* OR misbrand* OR substandard OR spurious OR fake OR counterfeit OR rancid OR ""reused oil"" OR ""recycled oil"" OR ""unsafe oil"" OR ""unsafe cooking oil"" OR ""unsafe edible oil"" OR ""mixed with"") AND language:en) NOT (recruitment OR vacancy OR job* OR exam OR ""admit card"" OR ""answer key"" OR syllabus OR ""eat right"" OR fortification OR fortified OR ""trans fat"" OR ""health claims"" OR ""zero maida"" OR ""organic label"" OR ""misleading claims"" OR ""consumer complaints"" OR ""stock market"" OR ""crude oil"" OR petrol OR diesel OR ""engine oil"" OR ""essential oil"" OR ""hair oil"" OR ""massage oil"")",pending,https://timesofindia.indiatimes.com/city/ahmedabad/whats-really-on-your-plate-10-food-joints-caught-selling-fake-paneer/articleshow/128725872.cms
,strong_title_match,mustard oil; oil,adulterated; food safety; seized; fake,2026-02-24,news18.com,news18.com,"6,000 Litres Of Adulterated Mustard Oil Seized In UP: How To Check Purity? What Are The Red Flags?","((""mustard oil"" OR ""palm oil"" OR ""soybean oil"" OR ""sunflower oil"" OR ""groundnut oil"" OR ""coconut oil"" OR ""rice bran oil"" OR ""cottonseed oil"" OR ""sesame oil"" OR ""olive oil"" OR ""rapeseed-mustard oil"") AND (adulterat* OR contaminat* OR misbrand* OR substandard OR spurious OR fake OR counterfeit OR rancid OR ""reused oil"" OR ""recycled oil"" OR ""unsafe oil"" OR ""unsafe cooking oil"" OR ""unsafe edible oil"" OR ""mixed with"") AND language:en) NOT (recruitment OR vacancy OR job* OR exam OR ""admit card"" OR ""answer key"" OR syllabus OR ""eat right"" OR fortification OR fortified OR ""trans fat"" OR ""health claims"" OR ""zero maida"" OR ""organic label"" OR ""misleading claims"" OR ""consumer complaints"" OR ""stock market"" OR ""crude oil"" OR petrol OR diesel OR ""engine oil"" OR ""essential oil"" OR ""hair oil"" OR ""massage oil"")",pending,https://www.news18.com/india/up-barabanki-6000-litres-of-fake-mustard-oil-seized-raises-food-safety-concerns-aa-ws-l-9927362.html
,broad_food_safety_title,,fssai,2026-02-23,thehindubusinessline.com,thehindubusinessline.com,FSSAI directs States to conduct special surveillance drives around Holi,"((""edible oil"" OR ""cooking oil"" OR ""vegetable oil"" OR ""refined oil"" OR ""loose oil"" OR ""loose edible oil"") AND (adulterat* OR contaminat* OR misbrand* OR substandard OR spurious OR fake OR counterfeit OR rancid OR ""reused oil"" OR ""recycled oil"" OR ""unsafe oil"" OR ""unsafe cooking oil"" OR ""unsafe edible oil"" OR ""mixed with"") AND language:en) NOT (recruitment OR vacancy OR job* OR exam OR ""admit card"" OR ""answer key"" OR syllabus OR ""eat right"" OR fortification OR fortified OR ""trans fat"" OR ""health claims"" OR ""zero maida"" OR ""organic label"" OR ""misleading claims"" OR ""consumer complaints"" OR ""stock market"" OR ""crude oil"" OR petrol OR diesel OR ""engine oil"" OR ""essential oil"" OR ""hair oil"" OR ""massage oil"")",pending,https://www.thehindubusinessline.com/news/fssai-directs-states-to-conduct-special-surveillance-drives-around-holi/article70666679.ece
,strong_title_match,oil,adulterated; seized; fssai,2026-02-23,timesofindia.indiatimes.com,indiatimes.com,10000 kg rotten dates and 13972 litres of adulterated oil seized in Kanpur: FSSAI's oil purity tests to try at home,"((""mustard oil"" OR ""palm oil"" OR ""soybean oil"" OR ""sunflower oil"" OR ""groundnut oil"" OR ""coconut oil"" OR ""rice bran oil"" OR ""cottonseed oil"" OR ""sesame oil"" OR ""olive oil"" OR ""rapeseed-mustard oil"") AND (adulterat* OR contaminat* OR misbrand* OR substandard OR spurious OR fake OR counterfeit OR rancid OR ""reused oil"" OR ""recycled oil"" OR ""unsafe oil"" OR ""unsafe cooking oil"" OR ""unsafe edible oil"" OR ""mixed with"") AND language:en) NOT (recruitment OR vacancy OR job* OR exam OR ""admit card"" OR ""answer key"" OR syllabus OR ""eat right"" OR fortification OR fortified OR ""trans fat"" OR ""health claims"" OR ""zero maida"" OR ""organic label"" OR ""misleading claims"" OR ""consumer complaints"" OR ""stock market"" OR ""crude oil"" OR petrol OR diesel OR ""engine oil"" OR ""essential oil"" OR ""hair oil"" OR ""massage oil"")",pending,https://timesofindia.indiatimes.com/life-style/food-news/10000-kg-rotten-dates-and-13972-litres-of-adulterated-oil-seized-in-kanpur-fssais-oil-purity-tests-to-try-at-home/photostory/128717642.cms
,strong_title_match,edible oil; oil,adulterated; food safety,2026-02-22,timesofindia.indiatimes.com,indiatimes.com,"Food safety teams seize adulterated khoya in Agra, edible oil in Mânagar","((""edible oil"" OR ""cooking oil"" OR ""vegetable oil"" OR ""refined oil"" OR ""loose oil"" OR ""loose edible oil"") AND (adulterat* OR contaminat* OR misbrand* OR substandard OR spurious OR fake OR counterfeit OR rancid OR ""reused oil"" OR ""recycled oil"" OR ""unsafe oil"" OR ""unsafe cooking oil"" OR ""unsafe edible oil"" OR ""mixed with"") AND language:en) NOT (recruitment OR vacancy OR job* OR exam OR ""admit card"" OR ""answer key"" OR syllabus OR ""eat right"" OR fortification OR fortified OR ""trans fat"" OR ""health claims"" OR ""zero maida"" OR ""organic label"" OR ""misleading claims"" OR ""consumer complaints"" OR ""stock market"" OR ""crude oil"" OR petrol OR diesel OR ""engine oil"" OR ""essential oil"" OR ""hair oil"" OR ""massage oil"")",pending,https://timesofindia.indiatimes.com/city/agra/food-safety-teams-seize-adulterated-khoya-in-agra-edible-oil-in-mnagar/articleshow/128652372.cms
,oil_context_only_in_title,oil,,2026-02-13,newsx.com,newsx.com,"'Reused Oil, Spoilt Tomatoes': McDonald’s Jaipur Outlet Faces Regulatory Warning, Comes Under Fresh Government Scrutiny","((""edible oil"" OR ""cooking oil"" OR ""vegetable oil"" OR ""refined oil"" OR ""loose oil"" OR ""loose edible oil"") AND (adulterat* OR contaminat* OR misbrand* OR substandard OR spurious OR fake OR counterfeit OR rancid OR ""reused oil"" OR ""recycled oil"" OR ""unsafe oil"" OR ""unsafe cooking oil"" OR ""unsafe edible oil"" OR ""mixed with"") AND language:en) NOT (recruitment OR vacancy OR job* OR exam OR ""admit card"" OR ""answer key"" OR syllabus OR ""eat right"" OR fortification OR fortified OR ""trans fat"" OR ""health claims"" OR ""zero maida"" OR ""organic label"" OR ""misleading claims"" OR ""consumer complaints"" OR ""stock market"" OR ""crude oil"" OR petrol OR diesel OR ""engine oil"" OR ""essential oil"" OR ""hair oil"" OR ""massage oil"")",pending,https://www.newsx.com/regionals/reused-oil-spoilt-tomatoes-mcdonalds-jaipur-outlet-faces-regulatory-warning-comes-under-fresh-government-scrutiny-166093/
,strong_title_match,oil,food safety; fssai,2026-02-12,deccanherald.com,deccanherald.com,"McDonald’s India: Food safety body flags rotten tomatoes, oil","((""edible oil"" OR ""cooking oil"" OR ""vegetable oil"" OR ""refined oil"" OR ""loose oil"" OR ""loose edible oil"") AND (adulterat* OR contaminat* OR misbrand* OR substandard OR spurious OR fake OR counterfeit OR rancid OR ""reused oil"" OR ""recycled oil"" OR ""unsafe oil"" OR ""unsafe cooking oil"" OR ""unsafe edible oil"" OR ""mixed with"") AND language:en) NOT (recruitment OR vacancy OR job* OR exam OR ""admit card"" OR ""answer key"" OR syllabus OR ""eat right"" OR fortification OR fortified OR ""trans fat"" OR ""health claims"" OR ""zero maida"" OR ""organic label"" OR ""misleading claims"" OR ""consumer complaints"" OR ""stock market"" OR ""crude oil"" OR petrol OR diesel OR ""engine oil"" OR ""essential oil"" OR ""hair oil"" OR ""massage oil"")",pending,https://www.deccanherald.com/india/fssai-pulls-up-mcdonalds-over-use-of-rotten-tomatoes-and-reused-oil-3896279
,oil_context_only_in_title,oil,,2026-02-12,hindustantimes.com,hindustantimes.com,"McDonald's India outlet gets regulatory warning over rotten tomatoes, reused oil","((""edible oil"" OR ""cooking oil"" OR ""vegetable oil"" OR ""refined oil"" OR ""loose oil"" OR ""loose edible oil"") AND (adulterat* OR contaminat* OR misbrand* OR substandard OR spurious OR fake OR counterfeit OR rancid OR ""reused oil"" OR ""recycled oil"" OR ""unsafe oil"" OR ""unsafe cooking oil"" OR ""unsafe edible oil"" OR ""mixed with"") AND language:en) NOT (recruitment OR vacancy OR job* OR exam OR ""admit card"" OR ""answer key"" OR syllabus OR ""eat right"" OR fortification OR fortified OR ""trans fat"" OR ""health claims"" OR ""zero maida"" OR ""organic label"" OR ""misleading claims"" OR ""consumer complaints"" OR ""stock market"" OR ""crude oil"" OR petrol OR diesel OR ""engine oil"" OR ""essential oil"" OR ""hair oil"" OR ""massage oil"")",pending,https://www.hindustantimes.com/cities/jaipur-news/mcdonalds-india-outlet-gets-regulatory-warning-over-rotten-tomatoes-reused-oil-101770898007296.html
,strong_title_match,oil,food safety,2026-02-11,freepressjournal.in,freepressjournal.in,McDonald’s Outlet In Jaipur Under Scanner After Food Safety Violations Found During Surprise Check; 40 Litres Of Oil & 40 Kgs Rotten Tomatoes Destroyed,"((""edible oil"" OR ""cooking oil"" OR ""vegetable oil"" OR ""refined oil"" OR ""loose oil"" OR ""loose edible oil"") AND (adulterat* OR contaminat* OR misbrand* OR substandard OR spurious OR fake OR counterfeit OR rancid OR ""reused oil"" OR ""recycled oil"" OR ""unsafe oil"" OR ""unsafe cooking oil"" OR ""unsafe edible oil"" OR ""mixed with"") AND language:en) NOT (recruitment OR vacancy OR job* OR exam OR ""admit card"" OR ""answer key"" OR syllabus OR ""eat right"" OR fortification OR fortified OR ""trans fat"" OR ""health claims"" OR ""zero maida"" OR ""organic label"" OR ""misleading claims"" OR ""consumer complaints"" OR ""stock market"" OR ""crude oil"" OR petrol OR diesel OR ""engine oil"" OR ""essential oil"" OR ""hair oil"" OR ""massage oil"")",pending,https://www.freepressjournal.in/viral/mcdonalds-outlet-in-jaipur-under-scanner-after-food-safety-violations-found-during-surprise-check-40-liters-of-oil-40-kgs-rotten-tomatoes-destroyed
,weak_or_body_only_match,,,2026-02-09,businesstoday.in,businesstoday.in,"1,370 litres of milk destroyed: Gujarat plant raided for making milk with detergent, urea","((""mustard oil"" OR ""palm oil"" OR ""soybean oil"" OR ""sunflower oil"" OR ""groundnut oil"" OR ""coconut oil"" OR ""rice bran oil"" OR ""cottonseed oil"" OR ""sesame oil"" OR ""olive oil"" OR ""rapeseed-mustard oil"") AND (adulterat* OR contaminat* OR misbrand* OR substandard OR spurious OR fake OR counterfeit OR rancid OR ""reused oil"" OR ""recycled oil"" OR ""unsafe oil"" OR ""unsafe cooking oil"" OR ""unsafe edible oil"" OR ""mixed with"") AND language:en) NOT (recruitment OR vacancy OR job* OR exam OR ""admit card"" OR ""answer key"" OR syllabus OR ""eat right"" OR fortification OR fortified OR ""trans fat"" OR ""health claims"" OR ""zero maida"" OR ""organic label"" OR ""misleading claims"" OR ""consumer complaints"" OR ""stock market"" OR ""crude oil"" OR petrol OR diesel OR ""engine oil"" OR ""essential oil"" OR ""hair oil"" OR ""massage oil"")",pending,https://www.businesstoday.in/india/story/1370-litres-of-milk-destroyed-gujarat-plant-raided-for-making-milk-with-detergent-urea-515254-2026-02-09?utm_source=rssfeed
,broad_food_safety_title,,fake,2026-02-09,thelogicalindian.com,thelogicalindian.com,"Gujarat Factory Used 300 Litres Real Milk to Produce 1,800 Litres Fake Milk Daily for 5 Years","((""mustard oil"" OR ""palm oil"" OR ""soybean oil"" OR ""sunflower oil"" OR ""groundnut oil"" OR ""coconut oil"" OR ""rice bran oil"" OR ""cottonseed oil"" OR ""sesame oil"" OR ""olive oil"" OR ""rapeseed-mustard oil"") AND (adulterat* OR contaminat* OR misbrand* OR substandard OR spurious OR fake OR counterfeit OR rancid OR ""reused oil"" OR ""recycled oil"" OR ""unsafe oil"" OR ""unsafe cooking oil"" OR ""unsafe edible oil"" OR ""mixed with"") AND language:en) NOT (recruitment OR vacancy OR job* OR exam OR ""admit card"" OR ""answer key"" OR syllabus OR ""eat right"" OR fortification OR fortified OR ""trans fat"" OR ""health claims"" OR ""zero maida"" OR ""organic label"" OR ""misleading claims"" OR ""consumer complaints"" OR ""stock market"" OR ""crude oil"" OR petrol OR diesel OR ""engine oil"" OR ""essential oil"" OR ""hair oil"" OR ""massage oil"")",pending,https://thelogicalindian.com/gujarat-factory-used-300-litres-real-milk-to-produce-1800-litres-fake-milk-daily-for-5-years/
,broad_food_safety_title,,fake,2026-02-09,economictimes.indiatimes.com,indiatimes.com,"Five years of poison! Police bust fake dairy supplying toxic milk made with detergent, urea, and other dangerous chemicals","((""mustard oil"" OR ""palm oil"" OR ""soybean oil"" OR ""sunflower oil"" OR ""groundnut oil"" OR ""coconut oil"" OR ""rice bran oil"" OR ""cottonseed oil"" OR ""sesame oil"" OR ""olive oil"" OR ""rapeseed-mustard oil"") AND (adulterat* OR contaminat* OR misbrand* OR substandard OR spurious OR fake OR counterfeit OR rancid OR ""reused oil"" OR ""recycled oil"" OR ""unsafe oil"" OR ""unsafe cooking oil"" OR ""unsafe edible oil"" OR ""mixed with"") AND language:en) NOT (recruitment OR vacancy OR job* OR exam OR ""admit card"" OR ""answer key"" OR syllabus OR ""eat right"" OR fortification OR fortified OR ""trans fat"" OR ""health claims"" OR ""zero maida"" OR ""organic label"" OR ""misleading claims"" OR ""consumer complaints"" OR ""stock market"" OR ""crude oil"" OR petrol OR diesel OR ""engine oil"" OR ""essential oil"" OR ""hair oil"" OR ""massage oil"")",pending,https://economictimes.indiatimes.com/news/new-updates/five-years-of-poison-police-bust-fake-dairy-supplying-toxic-milk-made-with-detergent-urea-and-other-dangerous-chemicals/articleshow/128102361.cms
,weak_or_body_only_match,,,2026-02-06,timesofindia.indiatimes.com,indiatimes.com,"Factory making milk from detergent, urea busted near Prantij","((""mustard oil"" OR ""palm oil"" OR ""soybean oil"" OR ""sunflower oil"" OR ""groundnut oil"" OR ""coconut oil"" OR ""rice bran oil"" OR ""cottonseed oil"" OR ""sesame oil"" OR ""olive oil"" OR ""rapeseed-mustard oil"") AND (adulterat* OR contaminat* OR misbrand* OR substandard OR spurious OR fake OR counterfeit OR rancid OR ""reused oil"" OR ""recycled oil"" OR ""unsafe oil"" OR ""unsafe cooking oil"" OR ""unsafe edible oil"" OR ""mixed with"") AND language:en) NOT (recruitment OR vacancy OR job* OR exam OR ""admit card"" OR ""answer key"" OR syllabus OR ""eat right"" OR fortification OR fortified OR ""trans fat"" OR ""health claims"" OR ""zero maida"" OR ""organic label"" OR ""misleading claims"" OR ""consumer complaints"" OR ""stock market"" OR ""crude oil"" OR petrol OR diesel OR ""engine oil"" OR ""essential oil"" OR ""hair oil"" OR ""massage oil"")",pending,https://timesofindia.indiatimes.com/city/rajkot/factory-making-milk-from-detergent-urea-busted-near-prantij/articleshow/127996383.cms
,broad_food_safety_title,,adulterated,2026-02-04,timesofindia.indiatimes.com,indiatimes.com,"Factory producing 80,000 litres adulterated milk daily busted in Diggi","((""mustard oil"" OR ""palm oil"" OR ""soybean oil"" OR ""sunflower oil"" OR ""groundnut oil"" OR ""coconut oil"" OR ""rice bran oil"" OR ""cottonseed oil"" OR ""sesame oil"" OR ""olive oil"" OR ""rapeseed-mustard oil"") AND (adulterat* OR contaminat* OR misbrand* OR substandard OR spurious OR fake OR counterfeit OR rancid OR ""reused oil"" OR ""recycled oil"" OR ""unsafe oil"" OR ""unsafe cooking oil"" OR ""unsafe edible oil"" OR ""mixed with"") AND language:en) NOT (recruitment OR vacancy OR job* OR exam OR ""admit card"" OR ""answer key"" OR syllabus OR ""eat right"" OR fortification OR fortified OR ""trans fat"" OR ""health claims"" OR ""zero maida"" OR ""organic label"" OR ""misleading claims"" OR ""consumer complaints"" OR ""stock market"" OR ""crude oil"" OR petrol OR diesel OR ""engine oil"" OR ""essential oil"" OR ""hair oil"" OR ""massage oil"")",pending,https://timesofindia.indiatimes.com/city/jaipur/factory-producing-80000-litres-adulterated-milk-daily-busted-in-diggi/articleshow/127892796.cms
,weak_or_body_only_match,,,2026-01-30,timesofindia.indiatimes.com,indiatimes.com,3 arrested after police encounter in Azamgarh,"((""edible oil"" OR ""cooking oil"" OR ""vegetable oil"" OR ""refined oil"" OR ""loose oil"" OR ""loose edible oil"") AND (adulterat* OR contaminat* OR misbrand* OR substandard OR spurious OR fake OR counterfeit OR rancid OR ""reused oil"" OR ""recycled oil"" OR ""unsafe oil"" OR ""unsafe cooking oil"" OR ""unsafe edible oil"" OR ""mixed with"") AND language:en) NOT (recruitment OR vacancy OR job* OR exam OR ""admit card"" OR ""answer key"" OR syllabus OR ""eat right"" OR fortification OR fortified OR ""trans fat"" OR ""health claims"" OR ""zero maida"" OR ""organic label"" OR ""misleading claims"" OR ""consumer complaints"" OR ""stock market"" OR ""crude oil"" OR petrol OR diesel OR ""engine oil"" OR ""essential oil"" OR ""hair oil"" OR ""massage oil"")",pending,https://timesofindia.indiatimes.com/city/varanasi/3-arrested-after-police-encounter-in-azamgarh/articleshow/127783525.cms
,strong_title_match,cooking oil; oil,substandard,2026-01-21,freepressjournal.in,freepressjournal.in,"Indore News: Food Department Seizes 600 Kg Substandard Paneer, Cream & Cooking Oil From Famous Namkeen & Dairy Store","((""edible oil"" OR ""cooking oil"" OR ""vegetable oil"" OR ""refined oil"" OR ""loose oil"" OR ""loose edible oil"") AND (adulterat* OR contaminat* OR misbrand* OR substandard OR spurious OR fake OR counterfeit OR rancid OR ""reused oil"" OR ""recycled oil"" OR ""unsafe oil"" OR ""unsafe cooking oil"" OR ""unsafe edible oil"" OR ""mixed with"") AND language:en) NOT (recruitment OR vacancy OR job* OR exam OR ""admit card"" OR ""answer key"" OR syllabus OR ""eat right"" OR fortification OR fortified OR ""trans fat"" OR ""health claims"" OR ""zero maida"" OR ""organic label"" OR ""misleading claims"" OR ""consumer complaints"" OR ""stock market"" OR ""crude oil"" OR petrol OR diesel OR ""engine oil"" OR ""essential oil"" OR ""hair oil"" OR ""massage oil"")",pending,https://www.freepressjournal.in/indore/indore-news-food-department-seizes-600-kg-substandard-paneer-cream-cooking-oil-from-famous-namkeen-dairy-store
,broad_food_safety_title,,fssai; fake,2026-01-20,zeenews.india.com,india.com,FSSAI Warns About Fake Sweet Potatoes: Here’s How To Check Purity At Home And Cook 6 Delicious Dishes,"((""edible oil"" OR ""cooking oil"" OR ""vegetable oil"" OR ""refined oil"" OR ""loose oil"" OR ""loose edible oil"") AND (adulterat* OR contaminat* OR misbrand* OR substandard OR spurious OR fake OR counterfeit OR rancid OR ""reused oil"" OR ""recycled oil"" OR ""unsafe oil"" OR ""unsafe cooking oil"" OR ""unsafe edible oil"" OR ""mixed with"") AND language:en) NOT (recruitment OR vacancy OR job* OR exam OR ""admit card"" OR ""answer key"" OR syllabus OR ""eat right"" OR fortification OR fortified OR ""trans fat"" OR ""health claims"" OR ""zero maida"" OR ""organic label"" OR ""misleading claims"" OR ""consumer complaints"" OR ""stock market"" OR ""crude oil"" OR petrol OR diesel OR ""engine oil"" OR ""essential oil"" OR ""hair oil"" OR ""massage oil"")",pending,https://zeenews.india.com/health/fssai-warns-about-fake-sweet-potatoes-here-s-how-to-check-purity-at-home-and-cook-6-delicious-dishes-3008763
,broad_food_safety_title,,fssai,2026-01-16,timesofindia.indiatimes.com,indiatimes.com,"FSSAI seizes and dumps 1,600 kg of toxic pickles: How to stay safe from chemicals in store-bought jars","((""mustard oil"" OR ""palm oil"" OR ""soybean oil"" OR ""sunflower oil"" OR ""groundnut oil"" OR ""coconut oil"" OR ""rice bran oil"" OR ""cottonseed oil"" OR ""sesame oil"" OR ""olive oil"" OR ""rapeseed-mustard oil"") AND (adulterat* OR contaminat* OR misbrand* OR substandard OR spurious OR fake OR counterfeit OR rancid OR ""reused oil"" OR ""recycled oil"" OR ""unsafe oil"" OR ""unsafe cooking oil"" OR ""unsafe edible oil"" OR ""mixed with"") AND language:en) NOT (recruitment OR vacancy OR job* OR exam OR ""admit card"" OR ""answer key"" OR syllabus OR ""eat right"" OR fortification OR fortified OR ""trans fat"" OR ""health claims"" OR ""zero maida"" OR ""organic label"" OR ""misleading claims"" OR ""consumer complaints"" OR ""stock market"" OR ""crude oil"" OR petrol OR diesel OR ""engine oil"" OR ""essential oil"" OR ""hair oil"" OR ""massage oil"")",pending,https://timesofindia.indiatimes.com/etimes/trending/fssai-seizes-and-dumps-1600-kg-of-toxic-pickles-how-to-stay-safe-from-chemicals-in-store-bought-jars/articleshow/126559776.cms
,broad_food_safety_title,,fake,2026-01-08,newsx.com,newsx.com,"How A Covid-Era Food Kit Scheme And Fake Bills Triggered Rajasthan’s Rs 2,000 Crore Mid-Day Meal Scam: A Look Inside","((""edible oil"" OR ""cooking oil"" OR ""vegetable oil"" OR ""refined oil"" OR ""loose oil"" OR ""loose edible oil"") AND (adulterat* OR contaminat* OR misbrand* OR substandard OR spurious OR fake OR counterfeit OR rancid OR ""reused oil"" OR ""recycled oil"" OR ""unsafe oil"" OR ""unsafe cooking oil"" OR ""unsafe edible oil"" OR ""mixed with"") AND language:en) NOT (recruitment OR vacancy OR job* OR exam OR ""admit card"" OR ""answer key"" OR syllabus OR ""eat right"" OR fortification OR fortified OR ""trans fat"" OR ""health claims"" OR ""zero maida"" OR ""organic label"" OR ""misleading claims"" OR ""consumer complaints"" OR ""stock market"" OR ""crude oil"" OR petrol OR diesel OR ""engine oil"" OR ""essential oil"" OR ""hair oil"" OR ""massage oil"")",pending,https://www.newsx.com/india/how-a-covid-era-food-kit-scheme-and-fake-bills-triggered-rajasthans-rs-2000-crore-mid-day-meal-scam-a-look-inside-142976/
,strong_title_match,oil,adulteration,2025-12-27,freepressjournal.in,freepressjournal.in,"'Detergent, Urea, Refined Oil': Alleged Milk Adulteration Racket Busted In Mumbai's Andheri; Viral Video Reveals Shocking Details","((""edible oil"" OR ""cooking oil"" OR ""vegetable oil"" OR ""refined oil"" OR ""loose oil"" OR ""loose edible oil"") AND (adulterat* OR contaminat* OR misbrand* OR substandard OR spurious OR fake OR counterfeit OR rancid OR ""reused oil"" OR ""recycled oil"" OR ""unsafe oil"" OR ""unsafe cooking oil"" OR ""unsafe edible oil"" OR ""mixed with"") AND language:en) NOT (recruitment OR vacancy OR job* OR exam OR ""admit card"" OR ""answer key"" OR syllabus OR ""eat right"" OR fortification OR fortified OR ""trans fat"" OR ""health claims"" OR ""zero maida"" OR ""organic label"" OR ""misleading claims"" OR ""consumer complaints"" OR ""stock market"" OR ""crude oil"" OR petrol OR diesel OR ""engine oil"" OR ""essential oil"" OR ""hair oil"" OR ""massage oil"")",pending,https://www.freepressjournal.in/mumbai/detergent-urea-refined-oil-alleged-milk-adulteration-racket-busted-in-mumbais-andheri-viral-video-reveals-shocking-details
,broad_food_safety_title,,adulterated,2025-12-22,timesofindia.indiatimes.com,indiatimes.com,Officials seize over 14 L worth of adulterated paneer in crackdown,"((""mustard oil"" OR ""palm oil"" OR ""soybean oil"" OR ""sunflower oil"" OR ""groundnut oil"" OR ""coconut oil"" OR ""rice bran oil"" OR ""cottonseed oil"" OR ""sesame oil"" OR ""olive oil"" OR ""rapeseed-mustard oil"") AND (adulterat* OR contaminat* OR misbrand* OR substandard OR spurious OR fake OR counterfeit OR rancid OR ""reused oil"" OR ""recycled oil"" OR ""unsafe oil"" OR ""unsafe cooking oil"" OR ""unsafe edible oil"" OR ""mixed with"") AND language:en) NOT (recruitment OR vacancy OR job* OR exam OR ""admit card"" OR ""answer key"" OR syllabus OR ""eat right"" OR fortification OR fortified OR ""trans fat"" OR ""health claims"" OR ""zero maida"" OR ""organic label"" OR ""misleading claims"" OR ""consumer complaints"" OR ""stock market"" OR ""crude oil"" OR petrol OR diesel OR ""engine oil"" OR ""essential oil"" OR ""hair oil"" OR ""massage oil"")",pending,https://timesofindia.indiatimes.com/city/raipur/officials-seize-over-14-l-worth-of-adulterated-paneer-in-crackdown/articleshow/126125110.cms
,strong_title_match,oil,inspection; fake,2025-12-03,timesofindia.indiatimes.com,indiatimes.com,"Inspection throws up health scare in form of expired foods, fake oil","((""mustard oil"" OR ""palm oil"" OR ""soybean oil"" OR ""sunflower oil"" OR ""groundnut oil"" OR ""coconut oil"" OR ""rice bran oil"" OR ""cottonseed oil"" OR ""sesame oil"" OR ""olive oil"" OR ""rapeseed-mustard oil"") AND (adulterat* OR contaminat* OR misbrand* OR substandard OR spurious OR fake OR counterfeit OR rancid OR ""reused oil"" OR ""recycled oil"" OR ""unsafe oil"" OR ""unsafe cooking oil"" OR ""unsafe edible oil"" OR ""mixed with"") AND language:en) NOT (recruitment OR vacancy OR job* OR exam OR ""admit card"" OR ""answer key"" OR syllabus OR ""eat right"" OR fortification OR fortified OR ""trans fat"" OR ""health claims"" OR ""zero maida"" OR ""organic label"" OR ""misleading claims"" OR ""consumer complaints"" OR ""stock market"" OR ""crude oil"" OR petrol OR diesel OR ""engine oil"" OR ""essential oil"" OR ""hair oil"" OR ""massage oil"")",pending,https://timesofindia.indiatimes.com/city/jaipur/inspection-throws-up-health-scare-in-form-of-expired-foods-fake-oil/articleshow/125727900.cms
,broad_food_safety_title,,food safety; fda,2025-12-02,freepressjournal.in,freepressjournal.in,FDA To Launch Surprise Food-Safety Inspections Across Mumbai Ahead Of Christmas And New Year 2026,"((""edible oil"" OR ""cooking oil"" OR ""vegetable oil"" OR ""refined oil"" OR ""loose oil"" OR ""loose edible oil"") AND (adulterat* OR contaminat* OR misbrand* OR substandard OR spurious OR fake OR counterfeit OR rancid OR ""reused oil"" OR ""recycled oil"" OR ""unsafe oil"" OR ""unsafe cooking oil"" OR ""unsafe edible oil"" OR ""mixed with"") AND language:en) NOT (recruitment OR vacancy OR job* OR exam OR ""admit card"" OR ""answer key"" OR syllabus OR ""eat right"" OR fortification OR fortified OR ""trans fat"" OR ""health claims"" OR ""zero maida"" OR ""organic label"" OR ""misleading claims"" OR ""consumer complaints"" OR ""stock market"" OR ""crude oil"" OR petrol OR diesel OR ""engine oil"" OR ""essential oil"" OR ""hair oil"" OR ""massage oil"")",pending,https://www.freepressjournal.in/mumbai/fda-to-launch-surprise-food-safety-inspections-across-mumbai-ahead-of-christmas-and-new-year-2026
,broad_food_safety_title,,adulteration,2025-11-27,thehindu.com,thehindu.com,TTD Executive Engineer 'arrested' in laddu adulteration case,"((""mustard oil"" OR ""palm oil"" OR ""soybean oil"" OR ""sunflower oil"" OR ""groundnut oil"" OR ""coconut oil"" OR ""rice bran oil"" OR ""cottonseed oil"" OR ""sesame oil"" OR ""olive oil"" OR ""rapeseed-mustard oil"") AND (adulterat* OR contaminat* OR misbrand* OR substandard OR spurious OR fake OR counterfeit OR rancid OR ""reused oil"" OR ""recycled oil"" OR ""unsafe oil"" OR ""unsafe cooking oil"" OR ""unsafe edible oil"" OR ""mixed with"") AND language:en) NOT (recruitment OR vacancy OR job* OR exam OR ""admit card"" OR ""answer key"" OR syllabus OR ""eat right"" OR fortification OR fortified OR ""trans fat"" OR ""health claims"" OR ""zero maida"" OR ""organic label"" OR ""misleading claims"" OR ""consumer complaints"" OR ""stock market"" OR ""crude oil"" OR petrol OR diesel OR ""engine oil"" OR ""essential oil"" OR ""hair oil"" OR ""massage oil"")",pending,https://www.thehindu.com/news/national/andhra-pradesh/ttd-executive-engineer-arrested-in-laddu-adulteration-case/article70331061.ece
,broad_food_safety_title,,substandard,2025-11-25,indianexpress.com,indianexpress.com,"Surat man held for selling substandard paneer, search on for his partner; their dairy sealed","((""mustard oil"" OR ""palm oil"" OR ""soybean oil"" OR ""sunflower oil"" OR ""groundnut oil"" OR ""coconut oil"" OR ""rice bran oil"" OR ""cottonseed oil"" OR ""sesame oil"" OR ""olive oil"" OR ""rapeseed-mustard oil"") AND (adulterat* OR contaminat* OR misbrand* OR substandard OR spurious OR fake OR counterfeit OR rancid OR ""reused oil"" OR ""recycled oil"" OR ""unsafe oil"" OR ""unsafe cooking oil"" OR ""unsafe edible oil"" OR ""mixed with"") AND language:en) NOT (recruitment OR vacancy OR job* OR exam OR ""admit card"" OR ""answer key"" OR syllabus OR ""eat right"" OR fortification OR fortified OR ""trans fat"" OR ""health claims"" OR ""zero maida"" OR ""organic label"" OR ""misleading claims"" OR ""consumer complaints"" OR ""stock market"" OR ""crude oil"" OR petrol OR diesel OR ""engine oil"" OR ""essential oil"" OR ""hair oil"" OR ""massage oil"")",pending,https://indianexpress.com/article/cities/ahmedabad/surat-man-selling-substandard-paneer-search-dairy-sealed-10385749/
,broad_food_safety_title,,spurious,2025-11-21,deccanchronicle.com,deccanchronicle.com,Probe Says over 20 Crore Spurious Tirumala Laddus Sold Between 2019–2024,"((""mustard oil"" OR ""palm oil"" OR ""soybean oil"" OR ""sunflower oil"" OR ""groundnut oil"" OR ""coconut oil"" OR ""rice bran oil"" OR ""cottonseed oil"" OR ""sesame oil"" OR ""olive oil"" OR ""rapeseed-mustard oil"") AND (adulterat* OR contaminat* OR misbrand* OR substandard OR spurious OR fake OR counterfeit OR rancid OR ""reused oil"" OR ""recycled oil"" OR ""unsafe oil"" OR ""unsafe cooking oil"" OR ""unsafe edible oil"" OR ""mixed with"") AND language:en) NOT (recruitment OR vacancy OR job* OR exam OR ""admit card"" OR ""answer key"" OR syllabus OR ""eat right"" OR fortification OR fortified OR ""trans fat"" OR ""health claims"" OR ""zero maida"" OR ""organic label"" OR ""misleading claims"" OR ""consumer complaints"" OR ""stock market"" OR ""crude oil"" OR petrol OR diesel OR ""engine oil"" OR ""essential oil"" OR ""hair oil"" OR ""massage oil"")",pending,https://www.deccanchronicle.com/southern-states/andhra-pradesh/probe-says-over-20-crore-spurious-tirumala-laddus-sold-between-20192024-1918657
,strong_title_match,cooking oil; oil,fssai,2025-10-25,newkerala.com,newkerala.com,NHRC Seeks FSSAI Report on Reused Cooking Oil Health Risks,"((""edible oil"" OR ""cooking oil"" OR ""vegetable oil"" OR ""refined oil"" OR ""loose oil"" OR ""loose edible oil"") AND (adulterat* OR contaminat* OR misbrand* OR substandard OR spurious OR fake OR counterfeit OR rancid OR ""reused oil"" OR ""recycled oil"" OR ""unsafe oil"" OR ""unsafe cooking oil"" OR ""unsafe edible oil"" OR ""mixed with"") AND language:en) NOT (recruitment OR vacancy OR job* OR exam OR ""admit card"" OR ""answer key"" OR syllabus OR ""eat right"" OR fortification OR fortified OR ""trans fat"" OR ""health claims"" OR ""zero maida"" OR ""organic label"" OR ""misleading claims"" OR ""consumer complaints"" OR ""stock market"" OR ""crude oil"" OR petrol OR diesel OR ""engine oil"" OR ""essential oil"" OR ""hair oil"" OR ""massage oil"")",pending,https://www.newkerala.com/news/o/nhrc-seeks-report-fssai-widespread-reuse-cooking-oil-india-847
,strong_title_match,cooking oil; oil,fssai,2025-10-24,newkerala.com,newkerala.com,NHRC Seeks FSSAI Report on Reused Cooking Oil Health Risks,"((""edible oil"" OR ""cooking oil"" OR ""vegetable oil"" OR ""refined oil"" OR ""loose oil"" OR ""loose edible oil"") AND (adulterat* OR contaminat* OR misbrand* OR substandard OR spurious OR fake OR counterfeit OR rancid OR ""reused oil"" OR ""recycled oil"" OR ""unsafe oil"" OR ""unsafe cooking oil"" OR ""unsafe edible oil"" OR ""mixed with"") AND language:en) NOT (recruitment OR vacancy OR job* OR exam OR ""admit card"" OR ""answer key"" OR syllabus OR ""eat right"" OR fortification OR fortified OR ""trans fat"" OR ""health claims"" OR ""zero maida"" OR ""organic label"" OR ""misleading claims"" OR ""consumer complaints"" OR ""stock market"" OR ""crude oil"" OR petrol OR diesel OR ""engine oil"" OR ""essential oil"" OR ""hair oil"" OR ""massage oil"")",pending,https://www.newkerala.com/news/o/nhrc-seeks-report-fssai-alleged-reuse-cooking-oil-956
,broad_food_safety_title,,fake; test,2025-10-20,timesofindia.indiatimes.com,indiatimes.com,Fake mithai alert: How to test your Diwali sweets at home for safety,"((""edible oil"" OR ""cooking oil"" OR ""vegetable oil"" OR ""refined oil"" OR ""loose oil"" OR ""loose edible oil"") AND (adulterat* OR contaminat* OR misbrand* OR substandard OR spurious OR fake OR counterfeit OR rancid OR ""reused oil"" OR ""recycled oil"" OR ""unsafe oil"" OR ""unsafe cooking oil"" OR ""unsafe edible oil"" OR ""mixed with"") AND language:en) NOT (recruitment OR vacancy OR job* OR exam OR ""admit card"" OR ""answer key"" OR syllabus OR ""eat right"" OR fortification OR fortified OR ""trans fat"" OR ""health claims"" OR ""zero maida"" OR ""organic label"" OR ""misleading claims"" OR ""consumer complaints"" OR ""stock market"" OR ""crude oil"" OR petrol OR diesel OR ""engine oil"" OR ""essential oil"" OR ""hair oil"" OR ""massage oil"")",pending,https://timesofindia.indiatimes.com/life-style/food-news/fake-mithai-alert-how-to-test-your-diwali-sweets-at-home-for-safety/articleshow/124693105.cms
,broad_food_safety_title,,adulterated; food safety,2025-10-20,deccanchronicle.com,deccanchronicle.com,Food Safety Dept Seizes 60 Plus Kgs of Adulterated Sweets Ahead of Festive Season,"((""edible oil"" OR ""cooking oil"" OR ""vegetable oil"" OR ""refined oil"" OR ""loose oil"" OR ""loose edible oil"") AND (adulterat* OR contaminat* OR misbrand* OR substandard OR spurious OR fake OR counterfeit OR rancid OR ""reused oil"" OR ""recycled oil"" OR ""unsafe oil"" OR ""unsafe cooking oil"" OR ""unsafe edible oil"" OR ""mixed with"") AND language:en) NOT (recruitment OR vacancy OR job* OR exam OR ""admit card"" OR ""answer key"" OR syllabus OR ""eat right"" OR fortification OR fortified OR ""trans fat"" OR ""health claims"" OR ""zero maida"" OR ""organic label"" OR ""misleading claims"" OR ""consumer complaints"" OR ""stock market"" OR ""crude oil"" OR petrol OR diesel OR ""engine oil"" OR ""essential oil"" OR ""hair oil"" OR ""massage oil"")",pending,https://www.deccanchronicle.com/southern-states/telangana/food-safety-dept-seizes-60-plus-kgs-of-adulterated-sweets-ahead-of-festive-season-1911377
,broad_food_safety_title,,food safety; seized; raids,2025-10-19,siasat.com,siasat.com,60 kg of sweets seized in food safety raids across Telangana,"((""edible oil"" OR ""cooking oil"" OR ""vegetable oil"" OR ""refined oil"" OR ""loose oil"" OR ""loose edible oil"") AND (adulterat* OR contaminat* OR misbrand* OR substandard OR spurious OR fake OR counterfeit OR rancid OR ""reused oil"" OR ""recycled oil"" OR ""unsafe oil"" OR ""unsafe cooking oil"" OR ""unsafe edible oil"" OR ""mixed with"") AND language:en) NOT (recruitment OR vacancy OR job* OR exam OR ""admit card"" OR ""answer key"" OR syllabus OR ""eat right"" OR fortification OR fortified OR ""trans fat"" OR ""health claims"" OR ""zero maida"" OR ""organic label"" OR ""misleading claims"" OR ""consumer complaints"" OR ""stock market"" OR ""crude oil"" OR petrol OR diesel OR ""engine oil"" OR ""essential oil"" OR ""hair oil"" OR ""massage oil"")",pending,https://www.siasat.com/60-kg-of-sweets-seized-in-food-safety-raids-across-telangana-3284945/
,broad_food_safety_title,,adulteration; raids; fda,2025-10-19,mid-day.com,mid-day.com,Behind your festive mithai: FDA’s surprise raids keep adulteration at bay,"((""edible oil"" OR ""cooking oil"" OR ""vegetable oil"" OR ""refined oil"" OR ""loose oil"" OR ""loose edible oil"") AND (adulterat* OR contaminat* OR misbrand* OR substandard OR spurious OR fake OR counterfeit OR rancid OR ""reused oil"" OR ""recycled oil"" OR ""unsafe oil"" OR ""unsafe cooking oil"" OR ""unsafe edible oil"" OR ""mixed with"") AND language:en) NOT (recruitment OR vacancy OR job* OR exam OR ""admit card"" OR ""answer key"" OR syllabus OR ""eat right"" OR fortification OR fortified OR ""trans fat"" OR ""health claims"" OR ""zero maida"" OR ""organic label"" OR ""misleading claims"" OR ""consumer complaints"" OR ""stock market"" OR ""crude oil"" OR petrol OR diesel OR ""engine oil"" OR ""essential oil"" OR ""hair oil"" OR ""massage oil"")",pending,https://www.mid-day.com/mumbai/mumbai-news/article/safer-sweets-this-diwali-thanks-to-surprise-raids-by-fda-across-maharashtra-23599285
,broad_food_safety_title,,adulterated; seized; fsda,2025-10-18,hindustantimes.com,hindustantimes.com,FSDA festival crackdown: Over ₹62 lakh worth of adulterated food seized in Lucknow,"((""edible oil"" OR ""cooking oil"" OR ""vegetable oil"" OR ""refined oil"" OR ""loose oil"" OR ""loose edible oil"") AND (adulterat* OR contaminat* OR misbrand* OR substandard OR spurious OR fake OR counterfeit OR rancid OR ""reused oil"" OR ""recycled oil"" OR ""unsafe oil"" OR ""unsafe cooking oil"" OR ""unsafe edible oil"" OR ""mixed with"") AND language:en) NOT (recruitment OR vacancy OR job* OR exam OR ""admit card"" OR ""answer key"" OR syllabus OR ""eat right"" OR fortification OR fortified OR ""trans fat"" OR ""health claims"" OR ""zero maida"" OR ""organic label"" OR ""misleading claims"" OR ""consumer complaints"" OR ""stock market"" OR ""crude oil"" OR petrol OR diesel OR ""engine oil"" OR ""essential oil"" OR ""hair oil"" OR ""massage oil"")",pending,https://www.hindustantimes.com/cities/lucknow-news/fsda-festival-crackdown-over-rs-62-lakh-worth-of-adulterated-food-seized-in-lucknow-101760729311321.html
,broad_food_safety_title,,substandard; unsafe; fda,2025-10-17,freepressjournal.in,freepressjournal.in,Maharashtra News: FDA Seizes Over 8 Lakh Kg Of Unsafe And Substandard Food In Statewide Festive Season Crackdown,"((""edible oil"" OR ""cooking oil"" OR ""vegetable oil"" OR ""refined oil"" OR ""loose oil"" OR ""loose edible oil"") AND (adulterat* OR contaminat* OR misbrand* OR substandard OR spurious OR fake OR counterfeit OR rancid OR ""reused oil"" OR ""recycled oil"" OR ""unsafe oil"" OR ""unsafe cooking oil"" OR ""unsafe edible oil"" OR ""mixed with"") AND language:en) NOT (recruitment OR vacancy OR job* OR exam OR ""admit card"" OR ""answer key"" OR syllabus OR ""eat right"" OR fortification OR fortified OR ""trans fat"" OR ""health claims"" OR ""zero maida"" OR ""organic label"" OR ""misleading claims"" OR ""consumer complaints"" OR ""stock market"" OR ""crude oil"" OR petrol OR diesel OR ""engine oil"" OR ""essential oil"" OR ""hair oil"" OR ""massage oil"")",pending,https://www.freepressjournal.in/mumbai/maharashtra-news-fda-seizes-over-8-lakh-kg-of-unsafe-and-substandard-food-in-statewide-festive-season-crackdown
,broad_food_safety_title,,adulterated; seized,2025-10-16,news18.com,news18.com,"Over 3,300 Quintals Of Adulterated Food Worth Rs 4.76 Crore Seized Before Diwali In UP","((""edible oil"" OR ""cooking oil"" OR ""vegetable oil"" OR ""refined oil"" OR ""loose oil"" OR ""loose edible oil"") AND (adulterat* OR contaminat* OR misbrand* OR substandard OR spurious OR fake OR counterfeit OR rancid OR ""reused oil"" OR ""recycled oil"" OR ""unsafe oil"" OR ""unsafe cooking oil"" OR ""unsafe edible oil"" OR ""mixed with"") AND language:en) NOT (recruitment OR vacancy OR job* OR exam OR ""admit card"" OR ""answer key"" OR syllabus OR ""eat right"" OR fortification OR fortified OR ""trans fat"" OR ""health claims"" OR ""zero maida"" OR ""organic label"" OR ""misleading claims"" OR ""consumer complaints"" OR ""stock market"" OR ""crude oil"" OR petrol OR diesel OR ""engine oil"" OR ""essential oil"" OR ""hair oil"" OR ""massage oil"")",pending,https://www.news18.com/india/over-3300-quintals-of-adulterated-food-worth-rs-4-76-crore-seized-before-diwali-in-up-ws-e-9641390.html
,strong_title_match,edible oil; oil,fda,2025-10-16,timesofindia.indiatimes.com,indiatimes.com,Maha FDA seizes edible oil worth Rs23L,"((""edible oil"" OR ""cooking oil"" OR ""vegetable oil"" OR ""refined oil"" OR ""loose oil"" OR ""loose edible oil"") AND (adulterat* OR contaminat* OR misbrand* OR substandard OR spurious OR fake OR counterfeit OR rancid OR ""reused oil"" OR ""recycled oil"" OR ""unsafe oil"" OR ""unsafe cooking oil"" OR ""unsafe edible oil"" OR ""mixed with"") AND language:en) NOT (recruitment OR vacancy OR job* OR exam OR ""admit card"" OR ""answer key"" OR syllabus OR ""eat right"" OR fortification OR fortified OR ""trans fat"" OR ""health claims"" OR ""zero maida"" OR ""organic label"" OR ""misleading claims"" OR ""consumer complaints"" OR ""stock market"" OR ""crude oil"" OR petrol OR diesel OR ""engine oil"" OR ""essential oil"" OR ""hair oil"" OR ""massage oil"")",pending,https://timesofindia.indiatimes.com/city/nagpur/maha-fda-seizes-edible-oil-worth-rs23l/articleshow/124589903.cms
,broad_food_safety_title,,adulterated; seized; unsafe; fake; fsda,2025-10-16,indianexpress.com,indianexpress.com,"Fake khoya, paneer, gulab jamun: Unsafe food worth Rs 4 crore seized in special Diwali drive in UP","((""mustard oil"" OR ""palm oil"" OR ""soybean oil"" OR ""sunflower oil"" OR ""groundnut oil"" OR ""coconut oil"" OR ""rice bran oil"" OR ""cottonseed oil"" OR ""sesame oil"" OR ""olive oil"" OR ""rapeseed-mustard oil"") AND (adulterat* OR contaminat* OR misbrand* OR substandard OR spurious OR fake OR counterfeit OR rancid OR ""reused oil"" OR ""recycled oil"" OR ""unsafe oil"" OR ""unsafe cooking oil"" OR ""unsafe edible oil"" OR ""mixed with"") AND language:en) NOT (recruitment OR vacancy OR job* OR exam OR ""admit card"" OR ""answer key"" OR syllabus OR ""eat right"" OR fortification OR fortified OR ""trans fat"" OR ""health claims"" OR ""zero maida"" OR ""organic label"" OR ""misleading claims"" OR ""consumer complaints"" OR ""stock market"" OR ""crude oil"" OR petrol OR diesel OR ""engine oil"" OR ""essential oil"" OR ""hair oil"" OR ""massage oil"")",pending,https://indianexpress.com/article/cities/lucknow/fsda-diwali-drive-up-seizes-adulterated-unsafe-food-10310818/
,broad_food_safety_title,,adulterated,2025-10-16,timesofindia.indiatimes.com,indiatimes.com,Crackdown on adulterated food across state ahead of Diwali,"((""mustard oil"" OR ""palm oil"" OR ""soybean oil"" OR ""sunflower oil"" OR ""groundnut oil"" OR ""coconut oil"" OR ""rice bran oil"" OR ""cottonseed oil"" OR ""sesame oil"" OR ""olive oil"" OR ""rapeseed-mustard oil"") AND (adulterat* OR contaminat* OR misbrand* OR substandard OR spurious OR fake OR counterfeit OR rancid OR ""reused oil"" OR ""recycled oil"" OR ""unsafe oil"" OR ""unsafe cooking oil"" OR ""unsafe edible oil"" OR ""mixed with"") AND language:en) NOT (recruitment OR vacancy OR job* OR exam OR ""admit card"" OR ""answer key"" OR syllabus OR ""eat right"" OR fortification OR fortified OR ""trans fat"" OR ""health claims"" OR ""zero maida"" OR ""organic label"" OR ""misleading claims"" OR ""consumer complaints"" OR ""stock market"" OR ""crude oil"" OR petrol OR diesel OR ""engine oil"" OR ""essential oil"" OR ""hair oil"" OR ""massage oil"")",pending,https://timesofindia.indiatimes.com/city/lucknow/crackdown-on-adulterated-food-across-state-ahead-of-diwali/articleshow/124589368.cms
,strong_title_match,cooking oil; oil,adulterated; seized,2025-10-15,timesofindia.indiatimes.com,indiatimes.com,Adulterated paneer and cooking oil seized ahead of Diwali,"((""edible oil"" OR ""cooking oil"" OR ""vegetable oil"" OR ""refined oil"" OR ""loose oil"" OR ""loose edible oil"") AND (adulterat* OR contaminat* OR misbrand* OR substandard OR spurious OR fake OR counterfeit OR rancid OR ""reused oil"" OR ""recycled oil"" OR ""unsafe oil"" OR ""unsafe cooking oil"" OR ""unsafe edible oil"" OR ""mixed with"") AND language:en) NOT (recruitment OR vacancy OR job* OR exam OR ""admit card"" OR ""answer key"" OR syllabus OR ""eat right"" OR fortification OR fortified OR ""trans fat"" OR ""health claims"" OR ""zero maida"" OR ""organic label"" OR ""misleading claims"" OR ""consumer complaints"" OR ""stock market"" OR ""crude oil"" OR petrol OR diesel OR ""engine oil"" OR ""essential oil"" OR ""hair oil"" OR ""massage oil"")",pending,https://timesofindia.indiatimes.com/city/agra/adulterated-paneer-and-cooking-oil-seized-ahead-of-diwali/articleshow/124586909.cms
,broad_food_safety_title,,adulterated; seized,2025-10-15,thehansindia.com,thehansindia.com,"2,993 quintals of adulterated food seized, 1,155 quintals destroyed; special drive runs from October 8-17","((""mustard oil"" OR ""palm oil"" OR ""soybean oil"" OR ""sunflower oil"" OR ""groundnut oil"" OR ""coconut oil"" OR ""rice bran oil"" OR ""cottonseed oil"" OR ""sesame oil"" OR ""olive oil"" OR ""rapeseed-mustard oil"") AND (adulterat* OR contaminat* OR misbrand* OR substandard OR spurious OR fake OR counterfeit OR rancid OR ""reused oil"" OR ""recycled oil"" OR ""unsafe oil"" OR ""unsafe cooking oil"" OR ""unsafe edible oil"" OR ""mixed with"") AND language:en) NOT (recruitment OR vacancy OR job* OR exam OR ""admit card"" OR ""answer key"" OR syllabus OR ""eat right"" OR fortification OR fortified OR ""trans fat"" OR ""health claims"" OR ""zero maida"" OR ""organic label"" OR ""misleading claims"" OR ""consumer complaints"" OR ""stock market"" OR ""crude oil"" OR petrol OR diesel OR ""engine oil"" OR ""essential oil"" OR ""hair oil"" OR ""massage oil"")",pending,https://www.thehansindia.com/news/national/2993-quintals-of-adulterated-food-seized-1155-quintals-destroyed-special-drive-runs-from-october-8-17-1015062
,broad_food_safety_title,,fake,2025-10-15,freepressjournal.in,freepressjournal.in,Fake Paneer Racket Busted; Toxic Chemicals Like Urea & Detergent Used In UP,"((""mustard oil"" OR ""palm oil"" OR ""soybean oil"" OR ""sunflower oil"" OR ""groundnut oil"" OR ""coconut oil"" OR ""rice bran oil"" OR ""cottonseed oil"" OR ""sesame oil"" OR ""olive oil"" OR ""rapeseed-mustard oil"") AND (adulterat* OR contaminat* OR misbrand* OR substandard OR spurious OR fake OR counterfeit OR rancid OR ""reused oil"" OR ""recycled oil"" OR ""unsafe oil"" OR ""unsafe cooking oil"" OR ""unsafe edible oil"" OR ""mixed with"") AND language:en) NOT (recruitment OR vacancy OR job* OR exam OR ""admit card"" OR ""answer key"" OR syllabus OR ""eat right"" OR fortification OR fortified OR ""trans fat"" OR ""health claims"" OR ""zero maida"" OR ""organic label"" OR ""misleading claims"" OR ""consumer complaints"" OR ""stock market"" OR ""crude oil"" OR petrol OR diesel OR ""engine oil"" OR ""essential oil"" OR ""hair oil"" OR ""massage oil"")",pending,https://www.freepressjournal.in/india/fake-paneer-racket-busted-toxic-chemicals-like-urea-detergent-used-in-up
,broad_food_safety_title,,spurious; seized,2025-10-15,hindustantimes.com,hindustantimes.com,"Almost 3,000 quintals of spurious food seized, 1,155 quintals destroyed ahead of Diwali in UP","((""mustard oil"" OR ""palm oil"" OR ""soybean oil"" OR ""sunflower oil"" OR ""groundnut oil"" OR ""coconut oil"" OR ""rice bran oil"" OR ""cottonseed oil"" OR ""sesame oil"" OR ""olive oil"" OR ""rapeseed-mustard oil"") AND (adulterat* OR contaminat* OR misbrand* OR substandard OR spurious OR fake OR counterfeit OR rancid OR ""reused oil"" OR ""recycled oil"" OR ""unsafe oil"" OR ""unsafe cooking oil"" OR ""unsafe edible oil"" OR ""mixed with"") AND language:en) NOT (recruitment OR vacancy OR job* OR exam OR ""admit card"" OR ""answer key"" OR syllabus OR ""eat right"" OR fortification OR fortified OR ""trans fat"" OR ""health claims"" OR ""zero maida"" OR ""organic label"" OR ""misleading claims"" OR ""consumer complaints"" OR ""stock market"" OR ""crude oil"" OR petrol OR diesel OR ""engine oil"" OR ""essential oil"" OR ""hair oil"" OR ""massage oil"")",pending,https://www.hindustantimes.com/india-news/almost-3-000-quintals-of-spurious-food-seized-1-155-quintals-destroyed-ahead-of-diwali-in-up-101760536940401.html
,broad_food_safety_title,,adulterated,2025-10-15,freepressjournal.in,freepressjournal.in,Uttar Pradesh News: Yogi Govt Launches Statewide Crackdown On Adulterated Food Ahead Of Diwali 2025,"((""mustard oil"" OR ""palm oil"" OR ""soybean oil"" OR ""sunflower oil"" OR ""groundnut oil"" OR ""coconut oil"" OR ""rice bran oil"" OR ""cottonseed oil"" OR ""sesame oil"" OR ""olive oil"" OR ""rapeseed-mustard oil"") AND (adulterat* OR contaminat* OR misbrand* OR substandard OR spurious OR fake OR counterfeit OR rancid OR ""reused oil"" OR ""recycled oil"" OR ""unsafe oil"" OR ""unsafe cooking oil"" OR ""unsafe edible oil"" OR ""mixed with"") AND language:en) NOT (recruitment OR vacancy OR job* OR exam OR ""admit card"" OR ""answer key"" OR syllabus OR ""eat right"" OR fortification OR fortified OR ""trans fat"" OR ""health claims"" OR ""zero maida"" OR ""organic label"" OR ""misleading claims"" OR ""consumer complaints"" OR ""stock market"" OR ""crude oil"" OR petrol OR diesel OR ""engine oil"" OR ""essential oil"" OR ""hair oil"" OR ""massage oil"")",pending,https://www.freepressjournal.in/india/uttar-pradesh-news-yogi-govt-launches-statewide-crackdown-on-adulterated-food-ahead-of-diwali-2025
,broad_food_safety_title,,food safety,2025-10-14,timesofindia.indiatimes.com,indiatimes.com,West Singhbhum District Launches Surprise Checks on Sweet Shops to Ensure Food Safety Ahead of Diwali,"((""edible oil"" OR ""cooking oil"" OR ""vegetable oil"" OR ""refined oil"" OR ""loose oil"" OR ""loose edible oil"") AND (adulterat* OR contaminat* OR misbrand* OR substandard OR spurious OR fake OR counterfeit OR rancid OR ""reused oil"" OR ""recycled oil"" OR ""unsafe oil"" OR ""unsafe cooking oil"" OR ""unsafe edible oil"" OR ""mixed with"") AND language:en) NOT (recruitment OR vacancy OR job* OR exam OR ""admit card"" OR ""answer key"" OR syllabus OR ""eat right"" OR fortification OR fortified OR ""trans fat"" OR ""health claims"" OR ""zero maida"" OR ""organic label"" OR ""misleading claims"" OR ""consumer complaints"" OR ""stock market"" OR ""crude oil"" OR petrol OR diesel OR ""engine oil"" OR ""essential oil"" OR ""hair oil"" OR ""massage oil"")",pending,https://timesofindia.indiatimes.com/city/ranchi/west-singhbhum-district-launches-surprise-checks-on-sweet-shops-to-ensure-food-safety-ahead-of-diwali/articleshow/124559137.cms
,broad_food_safety_title,,fake,2025-10-14,timesofindia.indiatimes.com,indiatimes.com,Fake paneer health risks: Whatâs really lurking in your plate,"((""mustard oil"" OR ""palm oil"" OR ""soybean oil"" OR ""sunflower oil"" OR ""groundnut oil"" OR ""coconut oil"" OR ""rice bran oil"" OR ""cottonseed oil"" OR ""sesame oil"" OR ""olive oil"" OR ""rapeseed-mustard oil"") AND (adulterat* OR contaminat* OR misbrand* OR substandard OR spurious OR fake OR counterfeit OR rancid OR ""reused oil"" OR ""recycled oil"" OR ""unsafe oil"" OR ""unsafe cooking oil"" OR ""unsafe edible oil"" OR ""mixed with"") AND language:en) NOT (recruitment OR vacancy OR job* OR exam OR ""admit card"" OR ""answer key"" OR syllabus OR ""eat right"" OR fortification OR fortified OR ""trans fat"" OR ""health claims"" OR ""zero maida"" OR ""organic label"" OR ""misleading claims"" OR ""consumer complaints"" OR ""stock market"" OR ""crude oil"" OR petrol OR diesel OR ""engine oil"" OR ""essential oil"" OR ""hair oil"" OR ""massage oil"")",pending,https://timesofindia.indiatimes.com/life-style/food-news/fake-paneer-health-risks-whats-really-lurking-in-your-plate/articleshow/124546101.cms
,broad_food_safety_title,,seized; fake,2025-10-13,timesofindia.indiatimes.com,indiatimes.com,550 kg of fake paneer seized in Noida: 5 non-dairy paneer alternatives to try,"((""mustard oil"" OR ""palm oil"" OR ""soybean oil"" OR ""sunflower oil"" OR ""groundnut oil"" OR ""coconut oil"" OR ""rice bran oil"" OR ""cottonseed oil"" OR ""sesame oil"" OR ""olive oil"" OR ""rapeseed-mustard oil"") AND (adulterat* OR contaminat* OR misbrand* OR substandard OR spurious OR fake OR counterfeit OR rancid OR ""reused oil"" OR ""recycled oil"" OR ""unsafe oil"" OR ""unsafe cooking oil"" OR ""unsafe edible oil"" OR ""mixed with"") AND language:en) NOT (recruitment OR vacancy OR job* OR exam OR ""admit card"" OR ""answer key"" OR syllabus OR ""eat right"" OR fortification OR fortified OR ""trans fat"" OR ""health claims"" OR ""zero maida"" OR ""organic label"" OR ""misleading claims"" OR ""consumer complaints"" OR ""stock market"" OR ""crude oil"" OR petrol OR diesel OR ""engine oil"" OR ""essential oil"" OR ""hair oil"" OR ""massage oil"")",pending,https://timesofindia.indiatimes.com/life-style/food-news/550-kg-of-fake-paneer-seized-in-noida-5-non-dairy-paneer-alternatives-to-try/articleshow/124535231.cms
,broad_food_safety_title,,food safety,2025-10-12,timesofindia.indiatimes.com,indiatimes.com,"Flies hovering on them, 145kg rasgullas destroyed by food safety officials in Noida","((""edible oil"" OR ""cooking oil"" OR ""vegetable oil"" OR ""refined oil"" OR ""loose oil"" OR ""loose edible oil"") AND (adulterat* OR contaminat* OR misbrand* OR substandard OR spurious OR fake OR counterfeit OR rancid OR ""reused oil"" OR ""recycled oil"" OR ""unsafe oil"" OR ""unsafe cooking oil"" OR ""unsafe edible oil"" OR ""mixed with"") AND language:en) NOT (recruitment OR vacancy OR job* OR exam OR ""admit card"" OR ""answer key"" OR syllabus OR ""eat right"" OR fortification OR fortified OR ""trans fat"" OR ""health claims"" OR ""zero maida"" OR ""organic label"" OR ""misleading claims"" OR ""consumer complaints"" OR ""stock market"" OR ""crude oil"" OR petrol OR diesel OR ""engine oil"" OR ""essential oil"" OR ""hair oil"" OR ""massage oil"")",pending,https://timesofindia.indiatimes.com/city/noida/flies-hovering-on-them-145kg-rasgullas-destroyed-by-food-safety-officials-in-noida/articleshow/124489677.cms
,broad_food_safety_title,,samples; seized,2025-10-11,timesofindia.indiatimes.com,indiatimes.com,Food samples seized in Ludhiana ahead of festive rush.,"((""edible oil"" OR ""cooking oil"" OR ""vegetable oil"" OR ""refined oil"" OR ""loose oil"" OR ""loose edible oil"") AND (adulterat* OR contaminat* OR misbrand* OR substandard OR spurious OR fake OR counterfeit OR rancid OR ""reused oil"" OR ""recycled oil"" OR ""unsafe oil"" OR ""unsafe cooking oil"" OR ""unsafe edible oil"" OR ""mixed with"") AND language:en) NOT (recruitment OR vacancy OR job* OR exam OR ""admit card"" OR ""answer key"" OR syllabus OR ""eat right"" OR fortification OR fortified OR ""trans fat"" OR ""health claims"" OR ""zero maida"" OR ""organic label"" OR ""misleading claims"" OR ""consumer complaints"" OR ""stock market"" OR ""crude oil"" OR petrol OR diesel OR ""engine oil"" OR ""essential oil"" OR ""hair oil"" OR ""massage oil"")",pending,https://timesofindia.indiatimes.com/city/ludhiana/food-samples-seized-in-ludhiana-ahead-of-festive-rush-/articleshow/124478576.cms
,strong_title_match,edible oil; oil,adulterated; seized; raid,2025-10-11,timesofindia.indiatimes.com,indiatimes.com,Adulterated edible oil worth Rs53L seized in Kanpur raid,"((""edible oil"" OR ""cooking oil"" OR ""vegetable oil"" OR ""refined oil"" OR ""loose oil"" OR ""loose edible oil"") AND (adulterat* OR contaminat* OR misbrand* OR substandard OR spurious OR fake OR counterfeit OR rancid OR ""reused oil"" OR ""recycled oil"" OR ""unsafe oil"" OR ""unsafe cooking oil"" OR ""unsafe edible oil"" OR ""mixed with"") AND language:en) NOT (recruitment OR vacancy OR job* OR exam OR ""admit card"" OR ""answer key"" OR syllabus OR ""eat right"" OR fortification OR fortified OR ""trans fat"" OR ""health claims"" OR ""zero maida"" OR ""organic label"" OR ""misleading claims"" OR ""consumer complaints"" OR ""stock market"" OR ""crude oil"" OR petrol OR diesel OR ""engine oil"" OR ""essential oil"" OR ""hair oil"" OR ""massage oil"")",pending,https://timesofindia.indiatimes.com/city/kanpur/adulterated-edible-oil-worth-rs53l-seized-in-kanpur-raid/articleshow/124465364.cms
,strong_title_match,edible oil; oil,substandard; fsda,2025-10-10,timesofindia.indiatimes.com,indiatimes.com,FSDA seizes substandard supply of edible oil worth 30L,"((""edible oil"" OR ""cooking oil"" OR ""vegetable oil"" OR ""refined oil"" OR ""loose oil"" OR ""loose edible oil"") AND (adulterat* OR contaminat* OR misbrand* OR substandard OR spurious OR fake OR counterfeit OR rancid OR ""reused oil"" OR ""recycled oil"" OR ""unsafe oil"" OR ""unsafe cooking oil"" OR ""unsafe edible oil"" OR ""mixed with"") AND language:en) NOT (recruitment OR vacancy OR job* OR exam OR ""admit card"" OR ""answer key"" OR syllabus OR ""eat right"" OR fortification OR fortified OR ""trans fat"" OR ""health claims"" OR ""zero maida"" OR ""organic label"" OR ""misleading claims"" OR ""consumer complaints"" OR ""stock market"" OR ""crude oil"" OR petrol OR diesel OR ""engine oil"" OR ""essential oil"" OR ""hair oil"" OR ""massage oil"")",pending,https://timesofindia.indiatimes.com/city/kanpur/fsda-seizes-substandard-supply-of-edible-oil-worth-30l/articleshow/124437838.cms
,broad_food_safety_title,,adulteration,2025-10-10,hindustantimes.com,hindustantimes.com,Pre-Diwali crackdown on food adulteration in Lucknow,"((""mustard oil"" OR ""palm oil"" OR ""soybean oil"" OR ""sunflower oil"" OR ""groundnut oil"" OR ""coconut oil"" OR ""rice bran oil"" OR ""cottonseed oil"" OR ""sesame oil"" OR ""olive oil"" OR ""rapeseed-mustard oil"") AND (adulterat* OR contaminat* OR misbrand* OR substandard OR spurious OR fake OR counterfeit OR rancid OR ""reused oil"" OR ""recycled oil"" OR ""unsafe oil"" OR ""unsafe cooking oil"" OR ""unsafe edible oil"" OR ""mixed with"") AND language:en) NOT (recruitment OR vacancy OR job* OR exam OR ""admit card"" OR ""answer key"" OR syllabus OR ""eat right"" OR fortification OR fortified OR ""trans fat"" OR ""health claims"" OR ""zero maida"" OR ""organic label"" OR ""misleading claims"" OR ""consumer complaints"" OR ""stock market"" OR ""crude oil"" OR petrol OR diesel OR ""engine oil"" OR ""essential oil"" OR ""hair oil"" OR ""massage oil"")",pending,https://www.hindustantimes.com/cities/lucknow-news/prediwali-crackdown-on-food-adulteration-in-lucknow-101760112550766.html
,strong_title_match,oil,fda,2025-10-09,timesofindia.indiatimes.com,indiatimes.com,FDA seizes untested soyabean oil,"((""edible oil"" OR ""cooking oil"" OR ""vegetable oil"" OR ""refined oil"" OR ""loose oil"" OR ""loose edible oil"") AND (adulterat* OR contaminat* OR misbrand* OR substandard OR spurious OR fake OR counterfeit OR rancid OR ""reused oil"" OR ""recycled oil"" OR ""unsafe oil"" OR ""unsafe cooking oil"" OR ""unsafe edible oil"" OR ""mixed with"") AND language:en) NOT (recruitment OR vacancy OR job* OR exam OR ""admit card"" OR ""answer key"" OR syllabus OR ""eat right"" OR fortification OR fortified OR ""trans fat"" OR ""health claims"" OR ""zero maida"" OR ""organic label"" OR ""misleading claims"" OR ""consumer complaints"" OR ""stock market"" OR ""crude oil"" OR petrol OR diesel OR ""engine oil"" OR ""essential oil"" OR ""hair oil"" OR ""massage oil"")",pending,https://timesofindia.indiatimes.com/city/nagpur/fda-seizes-untested-soyabean-oil/articleshow/124398090.cms
,broad_food_safety_title,,substandard,2025-10-08,timesofindia.indiatimes.com,indiatimes.com,Food dept destroys substandard cheese,"((""edible oil"" OR ""cooking oil"" OR ""vegetable oil"" OR ""refined oil"" OR ""loose oil"" OR ""loose edible oil"") AND (adulterat* OR contaminat* OR misbrand* OR substandard OR spurious OR fake OR counterfeit OR rancid OR ""reused oil"" OR ""recycled oil"" OR ""unsafe oil"" OR ""unsafe cooking oil"" OR ""unsafe edible oil"" OR ""mixed with"") AND language:en) NOT (recruitment OR vacancy OR job* OR exam OR ""admit card"" OR ""answer key"" OR syllabus OR ""eat right"" OR fortification OR fortified OR ""trans fat"" OR ""health claims"" OR ""zero maida"" OR ""organic label"" OR ""misleading claims"" OR ""consumer complaints"" OR ""stock market"" OR ""crude oil"" OR petrol OR diesel OR ""engine oil"" OR ""essential oil"" OR ""hair oil"" OR ""massage oil"")",pending,https://timesofindia.indiatimes.com/city/kanpur/food-dept-destroys-substandard-cheese/articleshow/124395829.cms
,broad_food_safety_title,,samples; seized; raids,2025-09-29,timesofindia.indiatimes.com,indiatimes.com,"Raids at 8 shops in Gurgaon, 16 food samples seized, sent for tests","((""mustard oil"" OR ""palm oil"" OR ""soybean oil"" OR ""sunflower oil"" OR ""groundnut oil"" OR ""coconut oil"" OR ""rice bran oil"" OR ""cottonseed oil"" OR ""sesame oil"" OR ""olive oil"" OR ""rapeseed-mustard oil"") AND (adulterat* OR contaminat* OR misbrand* OR substandard OR spurious OR fake OR counterfeit OR rancid OR ""reused oil"" OR ""recycled oil"" OR ""unsafe oil"" OR ""unsafe cooking oil"" OR ""unsafe edible oil"" OR ""mixed with"") AND language:en) NOT (recruitment OR vacancy OR job* OR exam OR ""admit card"" OR ""answer key"" OR syllabus OR ""eat right"" OR fortification OR fortified OR ""trans fat"" OR ""health claims"" OR ""zero maida"" OR ""organic label"" OR ""misleading claims"" OR ""consumer complaints"" OR ""stock market"" OR ""crude oil"" OR petrol OR diesel OR ""engine oil"" OR ""essential oil"" OR ""hair oil"" OR ""massage oil"")",pending,https://timesofindia.indiatimes.com/city/gurgaon/raids-at-8-shops-in-gurgaon-16-food-samples-seized-sent-for-tests/articleshow/124199612.cms
,broad_food_safety_title,,food safety,2025-09-27,newkerala.com,newkerala.com,Global Experts Unveil Antibiotic Regulation for Food Safety,"((""edible oil"" OR ""cooking oil"" OR ""vegetable oil"" OR ""refined oil"" OR ""loose oil"" OR ""loose edible oil"") AND (adulterat* OR contaminat* OR misbrand* OR substandard OR spurious OR fake OR counterfeit OR rancid OR ""reused oil"" OR ""recycled oil"" OR ""unsafe oil"" OR ""unsafe cooking oil"" OR ""unsafe edible oil"" OR ""mixed with"") AND language:en) NOT (recruitment OR vacancy OR job* OR exam OR ""admit card"" OR ""answer key"" OR syllabus OR ""eat right"" OR fortification OR fortified OR ""trans fat"" OR ""health claims"" OR ""zero maida"" OR ""organic label"" OR ""misleading claims"" OR ""consumer complaints"" OR ""stock market"" OR ""crude oil"" OR petrol OR diesel OR ""engine oil"" OR ""essential oil"" OR ""hair oil"" OR ""massage oil"")",pending,https://www.newkerala.com/news/o/proper-regulation-key-correct-antibiotic-use-boost-food-safety-955
,oil_context_only_in_title,palm oil; oil,,2025-09-26,thehindu.com,thehindu.com,Three arrested for stealing palm oil from tanker,"((""mustard oil"" OR ""palm oil"" OR ""soybean oil"" OR ""sunflower oil"" OR ""groundnut oil"" OR ""coconut oil"" OR ""rice bran oil"" OR ""cottonseed oil"" OR ""sesame oil"" OR ""olive oil"" OR ""rapeseed-mustard oil"") AND (adulterat* OR contaminat* OR misbrand* OR substandard OR spurious OR fake OR counterfeit OR rancid OR ""reused oil"" OR ""recycled oil"" OR ""unsafe oil"" OR ""unsafe cooking oil"" OR ""unsafe edible oil"" OR ""mixed with"") AND language:en) NOT (recruitment OR vacancy OR job* OR exam OR ""admit card"" OR ""answer key"" OR syllabus OR ""eat right"" OR fortification OR fortified OR ""trans fat"" OR ""health claims"" OR ""zero maida"" OR ""organic label"" OR ""misleading claims"" OR ""consumer complaints"" OR ""stock market"" OR ""crude oil"" OR petrol OR diesel OR ""engine oil"" OR ""essential oil"" OR ""hair oil"" OR ""massage oil"")",pending,https://www.thehindu.com/news/cities/chennai/three-arrested-for-stealing-palm-oil-from-tanker/article70093456.ece
,broad_food_safety_title,,food safety,2025-09-18,timesofindia.indiatimes.com,indiatimes.com,Haryana govt tightens food safety inspections before festive rush,"((""edible oil"" OR ""cooking oil"" OR ""vegetable oil"" OR ""refined oil"" OR ""loose oil"" OR ""loose edible oil"") AND (adulterat* OR contaminat* OR misbrand* OR substandard OR spurious OR fake OR counterfeit OR rancid OR ""reused oil"" OR ""recycled oil"" OR ""unsafe oil"" OR ""unsafe cooking oil"" OR ""unsafe edible oil"" OR ""mixed with"") AND language:en) NOT (recruitment OR vacancy OR job* OR exam OR ""admit card"" OR ""answer key"" OR syllabus OR ""eat right"" OR fortification OR fortified OR ""trans fat"" OR ""health claims"" OR ""zero maida"" OR ""organic label"" OR ""misleading claims"" OR ""consumer complaints"" OR ""stock market"" OR ""crude oil"" OR petrol OR diesel OR ""engine oil"" OR ""essential oil"" OR ""hair oil"" OR ""massage oil"")",pending,https://timesofindia.indiatimes.com/city/gurgaon/haryana-govt-tightens-food-safety-inspections-before-festive-rush/articleshow/123954497.cms
,broad_food_safety_title,,adulterated; seized,2025-09-14,timesofindia.indiatimes.com,indiatimes.com,"Suspected adulterated paneer seized in Jewar, case against dairy operators likely","((""edible oil"" OR ""cooking oil"" OR ""vegetable oil"" OR ""refined oil"" OR ""loose oil"" OR ""loose edible oil"") AND (adulterat* OR contaminat* OR misbrand* OR substandard OR spurious OR fake OR counterfeit OR rancid OR ""reused oil"" OR ""recycled oil"" OR ""unsafe oil"" OR ""unsafe cooking oil"" OR ""unsafe edible oil"" OR ""mixed with"") AND language:en) NOT (recruitment OR vacancy OR job* OR exam OR ""admit card"" OR ""answer key"" OR syllabus OR ""eat right"" OR fortification OR fortified OR ""trans fat"" OR ""health claims"" OR ""zero maida"" OR ""organic label"" OR ""misleading claims"" OR ""consumer complaints"" OR ""stock market"" OR ""crude oil"" OR petrol OR diesel OR ""engine oil"" OR ""essential oil"" OR ""hair oil"" OR ""massage oil"")",pending,https://timesofindia.indiatimes.com/city/noida/suspected-adulterated-paneer-seized-in-jewar-case-against-dairy-operators-likely/articleshow/123874120.cms
,broad_food_safety_title,,adulterated; seized,2025-09-01,indianexpress.com,indianexpress.com,Gujarat: 46 tonnes of adulterated food items worth Rs 1.8 crore seized in August,"((""edible oil"" OR ""cooking oil"" OR ""vegetable oil"" OR ""refined oil"" OR ""loose oil"" OR ""loose edible oil"") AND (adulterat* OR contaminat* OR misbrand* OR substandard OR spurious OR fake OR counterfeit OR rancid OR ""reused oil"" OR ""recycled oil"" OR ""unsafe oil"" OR ""unsafe cooking oil"" OR ""unsafe edible oil"" OR ""mixed with"") AND language:en) NOT (recruitment OR vacancy OR job* OR exam OR ""admit card"" OR ""answer key"" OR syllabus OR ""eat right"" OR fortification OR fortified OR ""trans fat"" OR ""health claims"" OR ""zero maida"" OR ""organic label"" OR ""misleading claims"" OR ""consumer complaints"" OR ""stock market"" OR ""crude oil"" OR petrol OR diesel OR ""engine oil"" OR ""essential oil"" OR ""hair oil"" OR ""massage oil"")",pending,https://indianexpress.com/article/cities/ahmedabad/gujarat-46-tonnes-of-adulterated-food-items-worth-rs-1-8-crore-seized-in-august-10224641/
,broad_food_safety_title,,adulteration; fda,2025-08-30,timesofindia.indiatimes.com,indiatimes.com,"FDA busts food adulteration: Jaggery dyed, paneer faked","((""edible oil"" OR ""cooking oil"" OR ""vegetable oil"" OR ""refined oil"" OR ""loose oil"" OR ""loose edible oil"") AND (adulterat* OR contaminat* OR misbrand* OR substandard OR spurious OR fake OR counterfeit OR rancid OR ""reused oil"" OR ""recycled oil"" OR ""unsafe oil"" OR ""unsafe cooking oil"" OR ""unsafe edible oil"" OR ""mixed with"") AND language:en) NOT (recruitment OR vacancy OR job* OR exam OR ""admit card"" OR ""answer key"" OR syllabus OR ""eat right"" OR fortification OR fortified OR ""trans fat"" OR ""health claims"" OR ""zero maida"" OR ""organic label"" OR ""misleading claims"" OR ""consumer complaints"" OR ""stock market"" OR ""crude oil"" OR petrol OR diesel OR ""engine oil"" OR ""essential oil"" OR ""hair oil"" OR ""massage oil"")",pending,https://timesofindia.indiatimes.com/city/goa/fda-busts-food-adulteration-jaggery-dyed-paneer-faked/articleshow/123605488.cms
,broad_food_safety_title,,seized; fake,2025-08-26,indianexpress.com,indianexpress.com,Mumbai: 550 kg fake cheese sold as paneer seized,"((""mustard oil"" OR ""palm oil"" OR ""soybean oil"" OR ""sunflower oil"" OR ""groundnut oil"" OR ""coconut oil"" OR ""rice bran oil"" OR ""cottonseed oil"" OR ""sesame oil"" OR ""olive oil"" OR ""rapeseed-mustard oil"") AND (adulterat* OR contaminat* OR misbrand* OR substandard OR spurious OR fake OR counterfeit OR rancid OR ""reused oil"" OR ""recycled oil"" OR ""unsafe oil"" OR ""unsafe cooking oil"" OR ""unsafe edible oil"" OR ""mixed with"") AND language:en) NOT (recruitment OR vacancy OR job* OR exam OR ""admit card"" OR ""answer key"" OR syllabus OR ""eat right"" OR fortification OR fortified OR ""trans fat"" OR ""health claims"" OR ""zero maida"" OR ""organic label"" OR ""misleading claims"" OR ""consumer complaints"" OR ""stock market"" OR ""crude oil"" OR petrol OR diesel OR ""engine oil"" OR ""essential oil"" OR ""hair oil"" OR ""massage oil"")",pending,https://indianexpress.com/article/cities/mumbai/mumbai-550-kg-fake-cheese-sold-as-paneer-seized-10213225/
,broad_food_safety_title,,fake; raid,2025-08-26,freepressjournal.in,freepressjournal.in,Mumbai Food Fraud: Crime Branch Seizes 550 Kg Fake Paneer Made From 'Cheese Analog' In Antop Hill Raid,"((""mustard oil"" OR ""palm oil"" OR ""soybean oil"" OR ""sunflower oil"" OR ""groundnut oil"" OR ""coconut oil"" OR ""rice bran oil"" OR ""cottonseed oil"" OR ""sesame oil"" OR ""olive oil"" OR ""rapeseed-mustard oil"") AND (adulterat* OR contaminat* OR misbrand* OR substandard OR spurious OR fake OR counterfeit OR rancid OR ""reused oil"" OR ""recycled oil"" OR ""unsafe oil"" OR ""unsafe cooking oil"" OR ""unsafe edible oil"" OR ""mixed with"") AND language:en) NOT (recruitment OR vacancy OR job* OR exam OR ""admit card"" OR ""answer key"" OR syllabus OR ""eat right"" OR fortification OR fortified OR ""trans fat"" OR ""health claims"" OR ""zero maida"" OR ""organic label"" OR ""misleading claims"" OR ""consumer complaints"" OR ""stock market"" OR ""crude oil"" OR petrol OR diesel OR ""engine oil"" OR ""essential oil"" OR ""hair oil"" OR ""massage oil"")",pending,https://www.freepressjournal.in/mumbai/mumbai-food-fraud-crime-branch-seizes-550-kg-fake-paneer-made-from-cheese-analog-in-antop-hill-raid
,strong_title_match,coconut oil; oil,adulterated; seized,2025-08-20,newindianexpress.com,newindianexpress.com,17k litres of adulterated coconut oil seized,"((""mustard oil"" OR ""palm oil"" OR ""soybean oil"" OR ""sunflower oil"" OR ""groundnut oil"" OR ""coconut oil"" OR ""rice bran oil"" OR ""cottonseed oil"" OR ""sesame oil"" OR ""olive oil"" OR ""rapeseed-mustard oil"") AND (adulterat* OR contaminat* OR misbrand* OR substandard OR spurious OR fake OR counterfeit OR rancid OR ""reused oil"" OR ""recycled oil"" OR ""unsafe oil"" OR ""unsafe cooking oil"" OR ""unsafe edible oil"" OR ""mixed with"") AND language:en) NOT (recruitment OR vacancy OR job* OR exam OR ""admit card"" OR ""answer key"" OR syllabus OR ""eat right"" OR fortification OR fortified OR ""trans fat"" OR ""health claims"" OR ""zero maida"" OR ""organic label"" OR ""misleading claims"" OR ""consumer complaints"" OR ""stock market"" OR ""crude oil"" OR petrol OR diesel OR ""engine oil"" OR ""essential oil"" OR ""hair oil"" OR ""massage oil"")",pending,https://www.newindianexpress.com/cities/thiruvananthapuram/2025/Aug/20/17k-litres-of-adulterated-coconut-oil-seized
,strong_title_match,coconut oil; oil,spurious; seized,2025-08-19,thehindu.com,thehindu.com,"Ahead of Onam, 17,000 litres of spurious, sub-standard coconut oil seized in inspections","((""mustard oil"" OR ""palm oil"" OR ""soybean oil"" OR ""sunflower oil"" OR ""groundnut oil"" OR ""coconut oil"" OR ""rice bran oil"" OR ""cottonseed oil"" OR ""sesame oil"" OR ""olive oil"" OR ""rapeseed-mustard oil"") AND (adulterat* OR contaminat* OR misbrand* OR substandard OR spurious OR fake OR counterfeit OR rancid OR ""reused oil"" OR ""recycled oil"" OR ""unsafe oil"" OR ""unsafe cooking oil"" OR ""unsafe edible oil"" OR ""mixed with"") AND language:en) NOT (recruitment OR vacancy OR job* OR exam OR ""admit card"" OR ""answer key"" OR syllabus OR ""eat right"" OR fortification OR fortified OR ""trans fat"" OR ""health claims"" OR ""zero maida"" OR ""organic label"" OR ""misleading claims"" OR ""consumer complaints"" OR ""stock market"" OR ""crude oil"" OR petrol OR diesel OR ""engine oil"" OR ""essential oil"" OR ""hair oil"" OR ""massage oil"")",pending,https://www.thehindu.com/news/national/kerala/ahead-of-onam-17000-litres-of-spurious-sub-standard-coconut-oil-seized-in-inspections/article69952466.ece
,strong_title_match,coconut oil; oil,seized; fake,2025-08-14,timesofindia.indiatimes.com,indiatimes.com,16k litres of fake coconut oil seized,"((""mustard oil"" OR ""palm oil"" OR ""soybean oil"" OR ""sunflower oil"" OR ""groundnut oil"" OR ""coconut oil"" OR ""rice bran oil"" OR ""cottonseed oil"" OR ""sesame oil"" OR ""olive oil"" OR ""rapeseed-mustard oil"") AND (adulterat* OR contaminat* OR misbrand* OR substandard OR spurious OR fake OR counterfeit OR rancid OR ""reused oil"" OR ""recycled oil"" OR ""unsafe oil"" OR ""unsafe cooking oil"" OR ""unsafe edible oil"" OR ""mixed with"") AND language:en) NOT (recruitment OR vacancy OR job* OR exam OR ""admit card"" OR ""answer key"" OR syllabus OR ""eat right"" OR fortification OR fortified OR ""trans fat"" OR ""health claims"" OR ""zero maida"" OR ""organic label"" OR ""misleading claims"" OR ""consumer complaints"" OR ""stock market"" OR ""crude oil"" OR petrol OR diesel OR ""engine oil"" OR ""essential oil"" OR ""hair oil"" OR ""massage oil"")",pending,https://timesofindia.indiatimes.com/city/thiruvananthapuram/16k-litres-of-fake-coconut-oil-seized/articleshow/123288376.cms
,strong_title_match,coconut oil; oil,food safety; spurious; raids,2025-08-12,thehindu.com,thehindu.com,"Food Safety wing seizes 16,565 litres of spurious coconut oil in raids","((""mustard oil"" OR ""palm oil"" OR ""soybean oil"" OR ""sunflower oil"" OR ""groundnut oil"" OR ""coconut oil"" OR ""rice bran oil"" OR ""cottonseed oil"" OR ""sesame oil"" OR ""olive oil"" OR ""rapeseed-mustard oil"") AND (adulterat* OR contaminat* OR misbrand* OR substandard OR spurious OR fake OR counterfeit OR rancid OR ""reused oil"" OR ""recycled oil"" OR ""unsafe oil"" OR ""unsafe cooking oil"" OR ""unsafe edible oil"" OR ""mixed with"") AND language:en) NOT (recruitment OR vacancy OR job* OR exam OR ""admit card"" OR ""answer key"" OR syllabus OR ""eat right"" OR fortification OR fortified OR ""trans fat"" OR ""health claims"" OR ""zero maida"" OR ""organic label"" OR ""misleading claims"" OR ""consumer complaints"" OR ""stock market"" OR ""crude oil"" OR petrol OR diesel OR ""engine oil"" OR ""essential oil"" OR ""hair oil"" OR ""massage oil"")",pending,https://www.thehindu.com/news/national/kerala/food-safety-wing-seizes-16565-litres-of-spurious-coconut-oil-in-raids/article69925354.ece
,broad_food_safety_title,,fda,2025-08-08,timesofindia.indiatimes.com,indiatimes.com,FDA destroys raw chicken worth 1.3L,"((""edible oil"" OR ""cooking oil"" OR ""vegetable oil"" OR ""refined oil"" OR ""loose oil"" OR ""loose edible oil"") AND (adulterat* OR contaminat* OR misbrand* OR substandard OR spurious OR fake OR counterfeit OR rancid OR ""reused oil"" OR ""recycled oil"" OR ""unsafe oil"" OR ""unsafe cooking oil"" OR ""unsafe edible oil"" OR ""mixed with"") AND language:en) NOT (recruitment OR vacancy OR job* OR exam OR ""admit card"" OR ""answer key"" OR syllabus OR ""eat right"" OR fortification OR fortified OR ""trans fat"" OR ""health claims"" OR ""zero maida"" OR ""organic label"" OR ""misleading claims"" OR ""consumer complaints"" OR ""stock market"" OR ""crude oil"" OR petrol OR diesel OR ""engine oil"" OR ""essential oil"" OR ""hair oil"" OR ""massage oil"")",pending,https://timesofindia.indiatimes.com/city/goa/fda-destroys-raw-chicken-worth-1-3l/articleshow/123194556.cms
,broad_food_safety_title,,adulterated; fake; test,2025-07-30,freepressjournal.in,freepressjournal.in,Beware Before Buying Raksha Bandhan Sweets! Over 400 Places Making Adulterated Mawa In Madhya Pradesh; Check How To Test Real Vs Fake,"((""mustard oil"" OR ""palm oil"" OR ""soybean oil"" OR ""sunflower oil"" OR ""groundnut oil"" OR ""coconut oil"" OR ""rice bran oil"" OR ""cottonseed oil"" OR ""sesame oil"" OR ""olive oil"" OR ""rapeseed-mustard oil"") AND (adulterat* OR contaminat* OR misbrand* OR substandard OR spurious OR fake OR counterfeit OR rancid OR ""reused oil"" OR ""recycled oil"" OR ""unsafe oil"" OR ""unsafe cooking oil"" OR ""unsafe edible oil"" OR ""mixed with"") AND language:en) NOT (recruitment OR vacancy OR job* OR exam OR ""admit card"" OR ""answer key"" OR syllabus OR ""eat right"" OR fortification OR fortified OR ""trans fat"" OR ""health claims"" OR ""zero maida"" OR ""organic label"" OR ""misleading claims"" OR ""consumer complaints"" OR ""stock market"" OR ""crude oil"" OR petrol OR diesel OR ""engine oil"" OR ""essential oil"" OR ""hair oil"" OR ""massage oil"")",pending,https://www.freepressjournal.in/bhopal/beware-before-buying-raksha-bandhan-sweets-over-400-places-making-adulterated-mawa-in-madhya-pradesh-check-how-to-test-real-vs-fake
,strong_title_match,coconut oil; oil,food safety; spurious; raids,2025-07-18,thehindu.com,thehindu.com,Food safety raids to check entry of spurious coconut oil into market,"((""mustard oil"" OR ""palm oil"" OR ""soybean oil"" OR ""sunflower oil"" OR ""groundnut oil"" OR ""coconut oil"" OR ""rice bran oil"" OR ""cottonseed oil"" OR ""sesame oil"" OR ""olive oil"" OR ""rapeseed-mustard oil"") AND (adulterat* OR contaminat* OR misbrand* OR substandard OR spurious OR fake OR counterfeit OR rancid OR ""reused oil"" OR ""recycled oil"" OR ""unsafe oil"" OR ""unsafe cooking oil"" OR ""unsafe edible oil"" OR ""mixed with"") AND language:en) NOT (recruitment OR vacancy OR job* OR exam OR ""admit card"" OR ""answer key"" OR syllabus OR ""eat right"" OR fortification OR fortified OR ""trans fat"" OR ""health claims"" OR ""zero maida"" OR ""organic label"" OR ""misleading claims"" OR ""consumer complaints"" OR ""stock market"" OR ""crude oil"" OR petrol OR diesel OR ""engine oil"" OR ""essential oil"" OR ""hair oil"" OR ""massage oil"")",pending,https://www.thehindu.com/news/national/kerala/food-safety-raids-to-check-entry-of-spurious-coconut-oil-into-market/article69828078.ece
,strong_title_match,edible oil; oil,substandard,2025-07-07,indianexpress.com,indianexpress.com,Substandard edible oil found in Nandurbar: Minister warns of action,"((""edible oil"" OR ""cooking oil"" OR ""vegetable oil"" OR ""refined oil"" OR ""loose oil"" OR ""loose edible oil"") AND (adulterat* OR contaminat* OR misbrand* OR substandard OR spurious OR fake OR counterfeit OR rancid OR ""reused oil"" OR ""recycled oil"" OR ""unsafe oil"" OR ""unsafe cooking oil"" OR ""unsafe edible oil"" OR ""mixed with"") AND language:en) NOT (recruitment OR vacancy OR job* OR exam OR ""admit card"" OR ""answer key"" OR syllabus OR ""eat right"" OR fortification OR fortified OR ""trans fat"" OR ""health claims"" OR ""zero maida"" OR ""organic label"" OR ""misleading claims"" OR ""consumer complaints"" OR ""stock market"" OR ""crude oil"" OR petrol OR diesel OR ""engine oil"" OR ""essential oil"" OR ""hair oil"" OR ""massage oil"")",pending,https://indianexpress.com/article/cities/mumbai/substandard-edible-oil-found-in-nandurbar-minister-warns-of-action-10112216/
,strong_title_match,oil,adulteration; fda,2025-07-07,freepressjournal.in,freepressjournal.in,"Maharashtra News: Minister Narhari Zirwal Announces Suspension Of 2 FDA Officials, Closure Of Nandurbar Factory Over Oil Adulteration","((""edible oil"" OR ""cooking oil"" OR ""vegetable oil"" OR ""refined oil"" OR ""loose oil"" OR ""loose edible oil"") AND (adulterat* OR contaminat* OR misbrand* OR substandard OR spurious OR fake OR counterfeit OR rancid OR ""reused oil"" OR ""recycled oil"" OR ""unsafe oil"" OR ""unsafe cooking oil"" OR ""unsafe edible oil"" OR ""mixed with"") AND language:en) NOT (recruitment OR vacancy OR job* OR exam OR ""admit card"" OR ""answer key"" OR syllabus OR ""eat right"" OR fortification OR fortified OR ""trans fat"" OR ""health claims"" OR ""zero maida"" OR ""organic label"" OR ""misleading claims"" OR ""consumer complaints"" OR ""stock market"" OR ""crude oil"" OR petrol OR diesel OR ""engine oil"" OR ""essential oil"" OR ""hair oil"" OR ""massage oil"")",pending,https://www.freepressjournal.in/mumbai/maharashtra-news-minister-narhari-zirwal-announces-suspension-of-2-fda-officials-closure-of-nandurbar-factory-over-oil-adulteration
,broad_food_safety_title,,fake,2025-07-03,news18.com,news18.com,Red Bull Bean Mixed With Poster Whitener And A Mystery Chemical: Fake Paneer Factory Busted,"((""edible oil"" OR ""cooking oil"" OR ""vegetable oil"" OR ""refined oil"" OR ""loose oil"" OR ""loose edible oil"") AND (adulterat* OR contaminat* OR misbrand* OR substandard OR spurious OR fake OR counterfeit OR rancid OR ""reused oil"" OR ""recycled oil"" OR ""unsafe oil"" OR ""unsafe cooking oil"" OR ""unsafe edible oil"" OR ""mixed with"") AND language:en) NOT (recruitment OR vacancy OR job* OR exam OR ""admit card"" OR ""answer key"" OR syllabus OR ""eat right"" OR fortification OR fortified OR ""trans fat"" OR ""health claims"" OR ""zero maida"" OR ""organic label"" OR ""misleading claims"" OR ""consumer complaints"" OR ""stock market"" OR ""crude oil"" OR petrol OR diesel OR ""engine oil"" OR ""essential oil"" OR ""hair oil"" OR ""massage oil"")",pending,https://www.news18.com/india/red-bull-bean-mixed-with-poster-whitener-and-a-mystery-chemical-fake-paneer-factory-busted-ws-dkl-9417949.html
,broad_food_safety_title,,seized; unsafe,2025-07-03,timesofindia.indiatimes.com,indiatimes.com,"Paneer seized in Noida from Aligarh found unsafe, case filed in court","((""edible oil"" OR ""cooking oil"" OR ""vegetable oil"" OR ""refined oil"" OR ""loose oil"" OR ""loose edible oil"") AND (adulterat* OR contaminat* OR misbrand* OR substandard OR spurious OR fake OR counterfeit OR rancid OR ""reused oil"" OR ""recycled oil"" OR ""unsafe oil"" OR ""unsafe cooking oil"" OR ""unsafe edible oil"" OR ""mixed with"") AND language:en) NOT (recruitment OR vacancy OR job* OR exam OR ""admit card"" OR ""answer key"" OR syllabus OR ""eat right"" OR fortification OR fortified OR ""trans fat"" OR ""health claims"" OR ""zero maida"" OR ""organic label"" OR ""misleading claims"" OR ""consumer complaints"" OR ""stock market"" OR ""crude oil"" OR petrol OR diesel OR ""engine oil"" OR ""essential oil"" OR ""hair oil"" OR ""massage oil"")",pending,https://timesofindia.indiatimes.com/city/noida/paneer-seized-in-noida-from-aligarh-found-unsafe-case-filed-in-court/articleshow/122212904.cms
,strong_title_match,oils,seized,2025-07-03,timesofindia.indiatimes.com,indiatimes.com,"Seized paneer contained harmful detergents, oils: Report","((""edible oil"" OR ""cooking oil"" OR ""vegetable oil"" OR ""refined oil"" OR ""loose oil"" OR ""loose edible oil"") AND (adulterat* OR contaminat* OR misbrand* OR substandard OR spurious OR fake OR counterfeit OR rancid OR ""reused oil"" OR ""recycled oil"" OR ""unsafe oil"" OR ""unsafe cooking oil"" OR ""unsafe edible oil"" OR ""mixed with"") AND language:en) NOT (recruitment OR vacancy OR job* OR exam OR ""admit card"" OR ""answer key"" OR syllabus OR ""eat right"" OR fortification OR fortified OR ""trans fat"" OR ""health claims"" OR ""zero maida"" OR ""organic label"" OR ""misleading claims"" OR ""consumer complaints"" OR ""stock market"" OR ""crude oil"" OR petrol OR diesel OR ""engine oil"" OR ""essential oil"" OR ""hair oil"" OR ""massage oil"")",pending,https://timesofindia.indiatimes.com/city/chandigarh/seized-paneer-contained-harmful-detergents-oils-report/articleshow/122212684.cms
,broad_food_safety_title,,seized; fake,2025-07-01,hindustantimes.com,hindustantimes.com,"1,400 kg fake paneer seized in Noida, big racket linked to Aligarh factory busted","((""mustard oil"" OR ""palm oil"" OR ""soybean oil"" OR ""sunflower oil"" OR ""groundnut oil"" OR ""coconut oil"" OR ""rice bran oil"" OR ""cottonseed oil"" OR ""sesame oil"" OR ""olive oil"" OR ""rapeseed-mustard oil"") AND (adulterat* OR contaminat* OR misbrand* OR substandard OR spurious OR fake OR counterfeit OR rancid OR ""reused oil"" OR ""recycled oil"" OR ""unsafe oil"" OR ""unsafe cooking oil"" OR ""unsafe edible oil"" OR ""mixed with"") AND language:en) NOT (recruitment OR vacancy OR job* OR exam OR ""admit card"" OR ""answer key"" OR syllabus OR ""eat right"" OR fortification OR fortified OR ""trans fat"" OR ""health claims"" OR ""zero maida"" OR ""organic label"" OR ""misleading claims"" OR ""consumer complaints"" OR ""stock market"" OR ""crude oil"" OR petrol OR diesel OR ""engine oil"" OR ""essential oil"" OR ""hair oil"" OR ""massage oil"")",pending,https://www.hindustantimes.com/india-news/1400-kg-fake-paneer-seized-in-noida-big-racket-linked-to-aligarh-factory-busted-101751343566028.html
,broad_food_safety_title,,adulterated,2025-06-30,indianexpress.com,indianexpress.com,Adulterated paneer sold to Delhi-NCR eateries & vendors over six months; racket busted in Noida,"((""mustard oil"" OR ""palm oil"" OR ""soybean oil"" OR ""sunflower oil"" OR ""groundnut oil"" OR ""coconut oil"" OR ""rice bran oil"" OR ""cottonseed oil"" OR ""sesame oil"" OR ""olive oil"" OR ""rapeseed-mustard oil"") AND (adulterat* OR contaminat* OR misbrand* OR substandard OR spurious OR fake OR counterfeit OR rancid OR ""reused oil"" OR ""recycled oil"" OR ""unsafe oil"" OR ""unsafe cooking oil"" OR ""unsafe edible oil"" OR ""mixed with"") AND language:en) NOT (recruitment OR vacancy OR job* OR exam OR ""admit card"" OR ""answer key"" OR syllabus OR ""eat right"" OR fortification OR fortified OR ""trans fat"" OR ""health claims"" OR ""zero maida"" OR ""organic label"" OR ""misleading claims"" OR ""consumer complaints"" OR ""stock market"" OR ""crude oil"" OR petrol OR diesel OR ""engine oil"" OR ""essential oil"" OR ""hair oil"" OR ""massage oil"")",pending,https://indianexpress.com/article/cities/delhi/adulterated-paneer-sold-to-delhi-ncr-eateries-vendors-over-six-months-racket-busted-in-noida-10096660/
,broad_food_safety_title,,adulteration; fssai,2025-06-15,timesofindia.indiatimes.com,indiatimes.com,âFSSAI is working towards felicitating whistle-blowers who report adulterationâ,"((""mustard oil"" OR ""palm oil"" OR ""soybean oil"" OR ""sunflower oil"" OR ""groundnut oil"" OR ""coconut oil"" OR ""rice bran oil"" OR ""cottonseed oil"" OR ""sesame oil"" OR ""olive oil"" OR ""rapeseed-mustard oil"") AND (adulterat* OR contaminat* OR misbrand* OR substandard OR spurious OR fake OR counterfeit OR rancid OR ""reused oil"" OR ""recycled oil"" OR ""unsafe oil"" OR ""unsafe cooking oil"" OR ""unsafe edible oil"" OR ""mixed with"") AND language:en) NOT (recruitment OR vacancy OR job* OR exam OR ""admit card"" OR ""answer key"" OR syllabus OR ""eat right"" OR fortification OR fortified OR ""trans fat"" OR ""health claims"" OR ""zero maida"" OR ""organic label"" OR ""misleading claims"" OR ""consumer complaints"" OR ""stock market"" OR ""crude oil"" OR petrol OR diesel OR ""engine oil"" OR ""essential oil"" OR ""hair oil"" OR ""massage oil"")",pending,https://timesofindia.indiatimes.com/city/ranchi/fssai-is-working-towards-felicitating-whistle-blowers-who-report-adulteration/articleshow/121853932.cms
,broad_food_safety_title,,seized,2025-06-14,timesofindia.indiatimes.com,indiatimes.com,450 kg paneer seized in Chandigarh: 5 ways to check the purity of paneer,"((""mustard oil"" OR ""palm oil"" OR ""soybean oil"" OR ""sunflower oil"" OR ""groundnut oil"" OR ""coconut oil"" OR ""rice bran oil"" OR ""cottonseed oil"" OR ""sesame oil"" OR ""olive oil"" OR ""rapeseed-mustard oil"") AND (adulterat* OR contaminat* OR misbrand* OR substandard OR spurious OR fake OR counterfeit OR rancid OR ""reused oil"" OR ""recycled oil"" OR ""unsafe oil"" OR ""unsafe cooking oil"" OR ""unsafe edible oil"" OR ""mixed with"") AND language:en) NOT (recruitment OR vacancy OR job* OR exam OR ""admit card"" OR ""answer key"" OR syllabus OR ""eat right"" OR fortification OR fortified OR ""trans fat"" OR ""health claims"" OR ""zero maida"" OR ""organic label"" OR ""misleading claims"" OR ""consumer complaints"" OR ""stock market"" OR ""crude oil"" OR petrol OR diesel OR ""engine oil"" OR ""essential oil"" OR ""hair oil"" OR ""massage oil"")",pending,https://timesofindia.indiatimes.com/life-style/food-news/450-kg-paneer-seized-in-chandigarh-5-ways-to-check-the-purity-of-paneer/articleshow/121838080.cms
,strong_title_match,mustard oil; oil,adulterated; seized,2025-06-11,timesofindia.indiatimes.com,indiatimes.com,Adulterated mustard oil seized in Ghaziabad: How to check oil purity at home,"((""edible oil"" OR ""cooking oil"" OR ""vegetable oil"" OR ""refined oil"" OR ""loose oil"" OR ""loose edible oil"") AND (adulterat* OR contaminat* OR misbrand* OR substandard OR spurious OR fake OR counterfeit OR rancid OR ""reused oil"" OR ""recycled oil"" OR ""unsafe oil"" OR ""unsafe cooking oil"" OR ""unsafe edible oil"" OR ""mixed with"") AND language:en) NOT (recruitment OR vacancy OR job* OR exam OR ""admit card"" OR ""answer key"" OR syllabus OR ""eat right"" OR fortification OR fortified OR ""trans fat"" OR ""health claims"" OR ""zero maida"" OR ""organic label"" OR ""misleading claims"" OR ""consumer complaints"" OR ""stock market"" OR ""crude oil"" OR petrol OR diesel OR ""engine oil"" OR ""essential oil"" OR ""hair oil"" OR ""massage oil"")",pending,https://timesofindia.indiatimes.com/life-style/food-news/adulterated-mustard-oil-seized-in-ghaziabad-how-to-check-oil-purity-at-home/articleshow/121774827.cms
,broad_food_safety_title,,fake,2025-05-25,zeenews.india.com,india.com,Ice Cream Vs Frozen Dessert: How To Spot Difference And Avoid Fake Treats For A Safe Summer,"((""edible oil"" OR ""cooking oil"" OR ""vegetable oil"" OR ""refined oil"" OR ""loose oil"" OR ""loose edible oil"") AND (adulterat* OR contaminat* OR misbrand* OR substandard OR spurious OR fake OR counterfeit OR rancid OR ""reused oil"" OR ""recycled oil"" OR ""unsafe oil"" OR ""unsafe cooking oil"" OR ""unsafe edible oil"" OR ""mixed with"") AND language:en) NOT (recruitment OR vacancy OR job* OR exam OR ""admit card"" OR ""answer key"" OR syllabus OR ""eat right"" OR fortification OR fortified OR ""trans fat"" OR ""health claims"" OR ""zero maida"" OR ""organic label"" OR ""misleading claims"" OR ""consumer complaints"" OR ""stock market"" OR ""crude oil"" OR petrol OR diesel OR ""engine oil"" OR ""essential oil"" OR ""hair oil"" OR ""massage oil"")",pending,https://zeenews.india.com/health/ice-cream-vs-frozen-dessert-how-to-spot-difference-and-avoid-fake-treats-for-a-safe-summer-2903869
,broad_food_safety_title,,samples; test,2025-05-09,timesofindia.indiatimes.com,indiatimes.com,60% food samples collected from Noida last months fail quality test,"((""edible oil"" OR ""cooking oil"" OR ""vegetable oil"" OR ""refined oil"" OR ""loose oil"" OR ""loose edible oil"") AND (adulterat* OR contaminat* OR misbrand* OR substandard OR spurious OR fake OR counterfeit OR rancid OR ""reused oil"" OR ""recycled oil"" OR ""unsafe oil"" OR ""unsafe cooking oil"" OR ""unsafe edible oil"" OR ""mixed with"") AND language:en) NOT (recruitment OR vacancy OR job* OR exam OR ""admit card"" OR ""answer key"" OR syllabus OR ""eat right"" OR fortification OR fortified OR ""trans fat"" OR ""health claims"" OR ""zero maida"" OR ""organic label"" OR ""misleading claims"" OR ""consumer complaints"" OR ""stock market"" OR ""crude oil"" OR petrol OR diesel OR ""engine oil"" OR ""essential oil"" OR ""hair oil"" OR ""massage oil"")",pending,https://timesofindia.indiatimes.com/city/noida/60-food-samples-collected-from-noida-last-months-fail-quality-test/articleshow/121007869.cms
,broad_food_safety_title,,food safety,2025-04-26,newindianexpress.com,newindianexpress.com,Food safety takes a hit in Puducherry as all officer posts lying vacant,"((""edible oil"" OR ""cooking oil"" OR ""vegetable oil"" OR ""refined oil"" OR ""loose oil"" OR ""loose edible oil"") AND (adulterat* OR contaminat* OR misbrand* OR substandard OR spurious OR fake OR counterfeit OR rancid OR ""reused oil"" OR ""recycled oil"" OR ""unsafe oil"" OR ""unsafe cooking oil"" OR ""unsafe edible oil"" OR ""mixed with"") AND language:en) NOT (recruitment OR vacancy OR job* OR exam OR ""admit card"" OR ""answer key"" OR syllabus OR ""eat right"" OR fortification OR fortified OR ""trans fat"" OR ""health claims"" OR ""zero maida"" OR ""organic label"" OR ""misleading claims"" OR ""consumer complaints"" OR ""stock market"" OR ""crude oil"" OR petrol OR diesel OR ""engine oil"" OR ""essential oil"" OR ""hair oil"" OR ""massage oil"")",pending,https://www.newindianexpress.com/states/tamil-nadu/2025/Apr/26/food-safety-takes-a-hit-in-puducherry-as-all-officer-posts-lying-vacant
,broad_food_safety_title,,fake,2025-04-25,timesofindia.indiatimes.com,indiatimes.com,YouTuber Gaurav Taneja's shocking claim about Gauri Khan's restaurant's fake paneer news,"((""edible oil"" OR ""cooking oil"" OR ""vegetable oil"" OR ""refined oil"" OR ""loose oil"" OR ""loose edible oil"") AND (adulterat* OR contaminat* OR misbrand* OR substandard OR spurious OR fake OR counterfeit OR rancid OR ""reused oil"" OR ""recycled oil"" OR ""unsafe oil"" OR ""unsafe cooking oil"" OR ""unsafe edible oil"" OR ""mixed with"") AND language:en) NOT (recruitment OR vacancy OR job* OR exam OR ""admit card"" OR ""answer key"" OR syllabus OR ""eat right"" OR fortification OR fortified OR ""trans fat"" OR ""health claims"" OR ""zero maida"" OR ""organic label"" OR ""misleading claims"" OR ""consumer complaints"" OR ""stock market"" OR ""crude oil"" OR petrol OR diesel OR ""engine oil"" OR ""essential oil"" OR ""hair oil"" OR ""massage oil"")",pending,https://timesofindia.indiatimes.com/life-style/food-news/youtuber-gaurav-tanejas-shocking-claim-about-gauri-khans-restaurants-fake-paneer-news/articleshow/120614678.cms
,broad_food_safety_title,,banned; seized,2025-04-24,thehindu.com,thehindu.com,"12,000 kg of banned tobacco products seized in four months in Erode district","((""edible oil"" OR ""cooking oil"" OR ""vegetable oil"" OR ""refined oil"" OR ""loose oil"" OR ""loose edible oil"") AND (adulterat* OR contaminat* OR misbrand* OR substandard OR spurious OR fake OR counterfeit OR rancid OR ""reused oil"" OR ""recycled oil"" OR ""unsafe oil"" OR ""unsafe cooking oil"" OR ""unsafe edible oil"" OR ""mixed with"") AND language:en) NOT (recruitment OR vacancy OR job* OR exam OR ""admit card"" OR ""answer key"" OR syllabus OR ""eat right"" OR fortification OR fortified OR ""trans fat"" OR ""health claims"" OR ""zero maida"" OR ""organic label"" OR ""misleading claims"" OR ""consumer complaints"" OR ""stock market"" OR ""crude oil"" OR petrol OR diesel OR ""engine oil"" OR ""essential oil"" OR ""hair oil"" OR ""massage oil"")",pending,https://www.thehindu.com/news/cities/Coimbatore/12000-kg-of-banned-tobacco-products-seized-in-four-months-in-erode-district/article69486085.ece
,broad_food_safety_title,,fake; test,2025-04-23,news18.com,news18.com,Gaurav Taneja AKA The Flying Beast Defends Gauri Khan In Fake Paneer Row: 'You Can’t Test Purity With Iodine',"((""edible oil"" OR ""cooking oil"" OR ""vegetable oil"" OR ""refined oil"" OR ""loose oil"" OR ""loose edible oil"") AND (adulterat* OR contaminat* OR misbrand* OR substandard OR spurious OR fake OR counterfeit OR rancid OR ""reused oil"" OR ""recycled oil"" OR ""unsafe oil"" OR ""unsafe cooking oil"" OR ""unsafe edible oil"" OR ""mixed with"") AND language:en) NOT (recruitment OR vacancy OR job* OR exam OR ""admit card"" OR ""answer key"" OR syllabus OR ""eat right"" OR fortification OR fortified OR ""trans fat"" OR ""health claims"" OR ""zero maida"" OR ""organic label"" OR ""misleading claims"" OR ""consumer complaints"" OR ""stock market"" OR ""crude oil"" OR petrol OR diesel OR ""engine oil"" OR ""essential oil"" OR ""hair oil"" OR ""massage oil"")",pending,https://www.news18.com/movies/gaurav-taneja-aka-the-flying-beast-defends-gauri-khan-in-fake-paneer-row-you-cant-test-purity-with-iodine-ws-l-9310261.html
,broad_food_safety_title,,fake; test,2025-04-23,indianexpress.com,indianexpress.com,"After Gauri Khan fake paneer allegations, YouTuber Gaurav Taneja claims ‘99% fake paneer can pass iodine test’","((""edible oil"" OR ""cooking oil"" OR ""vegetable oil"" OR ""refined oil"" OR ""loose oil"" OR ""loose edible oil"") AND (adulterat* OR contaminat* OR misbrand* OR substandard OR spurious OR fake OR counterfeit OR rancid OR ""reused oil"" OR ""recycled oil"" OR ""unsafe oil"" OR ""unsafe cooking oil"" OR ""unsafe edible oil"" OR ""mixed with"") AND language:en) NOT (recruitment OR vacancy OR job* OR exam OR ""admit card"" OR ""answer key"" OR syllabus OR ""eat right"" OR fortification OR fortified OR ""trans fat"" OR ""health claims"" OR ""zero maida"" OR ""organic label"" OR ""misleading claims"" OR ""consumer complaints"" OR ""stock market"" OR ""crude oil"" OR petrol OR diesel OR ""engine oil"" OR ""essential oil"" OR ""hair oil"" OR ""massage oil"")",pending,https://indianexpress.com/article/entertainment/bollywood/after-gauri-khan-fake-paneer-allegations-youtuber-gaurav-taneja-reacts-9960669/
,broad_food_safety_title,,fake; test,2025-04-23,timesofindia.indiatimes.com,indiatimes.com,"Post Gauri Khan fake paneer controversy, YouTuber Gaurav Taneja posts a video claiming, '99 percent of fake paneer passes iodine testâ","((""mustard oil"" OR ""palm oil"" OR ""soybean oil"" OR ""sunflower oil"" OR ""groundnut oil"" OR ""coconut oil"" OR ""rice bran oil"" OR ""cottonseed oil"" OR ""sesame oil"" OR ""olive oil"" OR ""rapeseed-mustard oil"") AND (adulterat* OR contaminat* OR misbrand* OR substandard OR spurious OR fake OR counterfeit OR rancid OR ""reused oil"" OR ""recycled oil"" OR ""unsafe oil"" OR ""unsafe cooking oil"" OR ""unsafe edible oil"" OR ""mixed with"") AND language:en) NOT (recruitment OR vacancy OR job* OR exam OR ""admit card"" OR ""answer key"" OR syllabus OR ""eat right"" OR fortification OR fortified OR ""trans fat"" OR ""health claims"" OR ""zero maida"" OR ""organic label"" OR ""misleading claims"" OR ""consumer complaints"" OR ""stock market"" OR ""crude oil"" OR petrol OR diesel OR ""engine oil"" OR ""essential oil"" OR ""hair oil"" OR ""massage oil"")",pending,https://timesofindia.indiatimes.com/entertainment/hindi/bollywood/news/post-gauri-khan-fake-paneer-controversy-youtuber-gaurav-taneja-posts-a-video-claiming-99-percent-of-fake-paneer-passes-iodine-test/articleshow/120552115.cms
,broad_food_safety_title,,fake,2025-04-19,hindustantimes.com,hindustantimes.com,'Terrible misinformation': Chef Vikas Khanna reacts to fake paneer claim at Gauri Khan's Torii; video now taken down,"((""edible oil"" OR ""cooking oil"" OR ""vegetable oil"" OR ""refined oil"" OR ""loose oil"" OR ""loose edible oil"") AND (adulterat* OR contaminat* OR misbrand* OR substandard OR spurious OR fake OR counterfeit OR rancid OR ""reused oil"" OR ""recycled oil"" OR ""unsafe oil"" OR ""unsafe cooking oil"" OR ""unsafe edible oil"" OR ""mixed with"") AND language:en) NOT (recruitment OR vacancy OR job* OR exam OR ""admit card"" OR ""answer key"" OR syllabus OR ""eat right"" OR fortification OR fortified OR ""trans fat"" OR ""health claims"" OR ""zero maida"" OR ""organic label"" OR ""misleading claims"" OR ""consumer complaints"" OR ""stock market"" OR ""crude oil"" OR petrol OR diesel OR ""engine oil"" OR ""essential oil"" OR ""hair oil"" OR ""massage oil"")",pending,https://www.hindustantimes.com/htcity/htcity-foodies/terrible-misinformation-chef-vikas-khanna-reacts-to-fake-paneer-claim-at-gauri-khans-torii-101745050136456.html
,broad_food_safety_title,,seized,2025-03-30,timesofindia.indiatimes.com,indiatimes.com,"1,300kg of cream seized, unit sealed","((""mustard oil"" OR ""palm oil"" OR ""soybean oil"" OR ""sunflower oil"" OR ""groundnut oil"" OR ""coconut oil"" OR ""rice bran oil"" OR ""cottonseed oil"" OR ""sesame oil"" OR ""olive oil"" OR ""rapeseed-mustard oil"") AND (adulterat* OR contaminat* OR misbrand* OR substandard OR spurious OR fake OR counterfeit OR rancid OR ""reused oil"" OR ""recycled oil"" OR ""unsafe oil"" OR ""unsafe cooking oil"" OR ""unsafe edible oil"" OR ""mixed with"") AND language:en) NOT (recruitment OR vacancy OR job* OR exam OR ""admit card"" OR ""answer key"" OR syllabus OR ""eat right"" OR fortification OR fortified OR ""trans fat"" OR ""health claims"" OR ""zero maida"" OR ""organic label"" OR ""misleading claims"" OR ""consumer complaints"" OR ""stock market"" OR ""crude oil"" OR petrol OR diesel OR ""engine oil"" OR ""essential oil"" OR ""hair oil"" OR ""massage oil"")",pending,https://timesofindia.indiatimes.com/city/ahmedabad/1300kg-of-cream-seized-unit-sealed/articleshow/119723566.cms
,broad_food_safety_title,,fake; ban,2025-03-27,economictimes.indiatimes.com,indiatimes.com,Maharashtra dairy industry seeks ban on ‘fake’ paneer,"((""edible oil"" OR ""cooking oil"" OR ""vegetable oil"" OR ""refined oil"" OR ""loose oil"" OR ""loose edible oil"") AND (adulterat* OR contaminat* OR misbrand* OR substandard OR spurious OR fake OR counterfeit OR rancid OR ""reused oil"" OR ""recycled oil"" OR ""unsafe oil"" OR ""unsafe cooking oil"" OR ""unsafe edible oil"" OR ""mixed with"") AND language:en) NOT (recruitment OR vacancy OR job* OR exam OR ""admit card"" OR ""answer key"" OR syllabus OR ""eat right"" OR fortification OR fortified OR ""trans fat"" OR ""health claims"" OR ""zero maida"" OR ""organic label"" OR ""misleading claims"" OR ""consumer complaints"" OR ""stock market"" OR ""crude oil"" OR petrol OR diesel OR ""engine oil"" OR ""essential oil"" OR ""hair oil"" OR ""massage oil"")",pending,https://economictimes.indiatimes.com/industry/cons-products/food/maharashtra-dairy-industry-seeks-ban-on-fake-paneer/articleshow/119595536.cms
,broad_food_safety_title,,fssai,2025-03-25,economictimes.indiatimes.com,indiatimes.com,"From obesity to heart attacks: MP Assembly raises alarm over junk food's impact on kids, vows strict FSSAI enforcement","((""edible oil"" OR ""cooking oil"" OR ""vegetable oil"" OR ""refined oil"" OR ""loose oil"" OR ""loose edible oil"") AND (adulterat* OR contaminat* OR misbrand* OR substandard OR spurious OR fake OR counterfeit OR rancid OR ""reused oil"" OR ""recycled oil"" OR ""unsafe oil"" OR ""unsafe cooking oil"" OR ""unsafe edible oil"" OR ""mixed with"") AND language:en) NOT (recruitment OR vacancy OR job* OR exam OR ""admit card"" OR ""answer key"" OR syllabus OR ""eat right"" OR fortification OR fortified OR ""trans fat"" OR ""health claims"" OR ""zero maida"" OR ""organic label"" OR ""misleading claims"" OR ""consumer complaints"" OR ""stock market"" OR ""crude oil"" OR petrol OR diesel OR ""engine oil"" OR ""essential oil"" OR ""hair oil"" OR ""massage oil"")",pending,https://economictimes.indiatimes.com/news/new-updates/from-obesity-to-heart-attacks-mp-assembly-raises-alarm-over-junk-foods-impact-on-kids-vows-strict-fssai-enforcement/articleshow/119458666.cms
,broad_food_safety_title,,food safety,2025-03-22,garhwalpost.in,garhwalpost.in,Govt launches drive to ensure food safety at Char Dham Yatra,"((""edible oil"" OR ""cooking oil"" OR ""vegetable oil"" OR ""refined oil"" OR ""loose oil"" OR ""loose edible oil"") AND (adulterat* OR contaminat* OR misbrand* OR substandard OR spurious OR fake OR counterfeit OR rancid OR ""reused oil"" OR ""recycled oil"" OR ""unsafe oil"" OR ""unsafe cooking oil"" OR ""unsafe edible oil"" OR ""mixed with"") AND language:en) NOT (recruitment OR vacancy OR job* OR exam OR ""admit card"" OR ""answer key"" OR syllabus OR ""eat right"" OR fortification OR fortified OR ""trans fat"" OR ""health claims"" OR ""zero maida"" OR ""organic label"" OR ""misleading claims"" OR ""consumer complaints"" OR ""stock market"" OR ""crude oil"" OR petrol OR diesel OR ""engine oil"" OR ""essential oil"" OR ""hair oil"" OR ""massage oil"")",pending,https://garhwalpost.in/govt-launches-drive-to-ensure-food-safety-at-char-dham-yatra/
,broad_food_safety_title,,food safety,2025-03-21,newkerala.com,newkerala.com,Uttarakhand Boosts Food Safety for Char Dham Yatra Pilgrims,"((""edible oil"" OR ""cooking oil"" OR ""vegetable oil"" OR ""refined oil"" OR ""loose oil"" OR ""loose edible oil"") AND (adulterat* OR contaminat* OR misbrand* OR substandard OR spurious OR fake OR counterfeit OR rancid OR ""reused oil"" OR ""recycled oil"" OR ""unsafe oil"" OR ""unsafe cooking oil"" OR ""unsafe edible oil"" OR ""mixed with"") AND language:en) NOT (recruitment OR vacancy OR job* OR exam OR ""admit card"" OR ""answer key"" OR syllabus OR ""eat right"" OR fortification OR fortified OR ""trans fat"" OR ""health claims"" OR ""zero maida"" OR ""organic label"" OR ""misleading claims"" OR ""consumer complaints"" OR ""stock market"" OR ""crude oil"" OR petrol OR diesel OR ""engine oil"" OR ""essential oil"" OR ""hair oil"" OR ""massage oil"")",pending,https://www.newkerala.com/news/o/uttarakhand-intensifies-food-safety-measures-char-dham-yatra-routes-835
,broad_food_safety_title,,fake; test,2025-03-20,hindustantimes.com,hindustantimes.com,Sick of fake paneer in fast food? Make this crispy Imli-Paneer Hot Dog at home!,"((""edible oil"" OR ""cooking oil"" OR ""vegetable oil"" OR ""refined oil"" OR ""loose oil"" OR ""loose edible oil"") AND (adulterat* OR contaminat* OR misbrand* OR substandard OR spurious OR fake OR counterfeit OR rancid OR ""reused oil"" OR ""recycled oil"" OR ""unsafe oil"" OR ""unsafe cooking oil"" OR ""unsafe edible oil"" OR ""mixed with"") AND language:en) NOT (recruitment OR vacancy OR job* OR exam OR ""admit card"" OR ""answer key"" OR syllabus OR ""eat right"" OR fortification OR fortified OR ""trans fat"" OR ""health claims"" OR ""zero maida"" OR ""organic label"" OR ""misleading claims"" OR ""consumer complaints"" OR ""stock market"" OR ""crude oil"" OR petrol OR diesel OR ""engine oil"" OR ""essential oil"" OR ""hair oil"" OR ""massage oil"")",pending,https://www.hindustantimes.com/htcity/htcity-foodies/sick-of-fake-paneer-in-fast-food-make-this-tangy-paneer-hot-dog-at-home-fake-paneer-vs-real-iodine-test-for-paneer-101742382884118.html
,broad_food_safety_title,,adulterated; food safety; seized,2025-03-13,timesofindia.indiatimes.com,indiatimes.com,Over 500kg adulterated paneer seized by food safety and drug administration,"((""edible oil"" OR ""cooking oil"" OR ""vegetable oil"" OR ""refined oil"" OR ""loose oil"" OR ""loose edible oil"") AND (adulterat* OR contaminat* OR misbrand* OR substandard OR spurious OR fake OR counterfeit OR rancid OR ""reused oil"" OR ""recycled oil"" OR ""unsafe oil"" OR ""unsafe cooking oil"" OR ""unsafe edible oil"" OR ""mixed with"") AND language:en) NOT (recruitment OR vacancy OR job* OR exam OR ""admit card"" OR ""answer key"" OR syllabus OR ""eat right"" OR fortification OR fortified OR ""trans fat"" OR ""health claims"" OR ""zero maida"" OR ""organic label"" OR ""misleading claims"" OR ""consumer complaints"" OR ""stock market"" OR ""crude oil"" OR petrol OR diesel OR ""engine oil"" OR ""essential oil"" OR ""hair oil"" OR ""massage oil"")",pending,https://timesofindia.indiatimes.com/city/patna/over-500kg-adulterated-paneer-seized-by-food-safety-and-drug-administration/articleshow/118985802.cms
,broad_food_safety_title,,food safety; fssai,2025-03-12,newkerala.com,newkerala.com,FSSAI Warns States on Dairy Analogue Safety Checks,"((""edible oil"" OR ""cooking oil"" OR ""vegetable oil"" OR ""refined oil"" OR ""loose oil"" OR ""loose edible oil"") AND (adulterat* OR contaminat* OR misbrand* OR substandard OR spurious OR fake OR counterfeit OR rancid OR ""reused oil"" OR ""recycled oil"" OR ""unsafe oil"" OR ""unsafe cooking oil"" OR ""unsafe edible oil"" OR ""mixed with"") AND language:en) NOT (recruitment OR vacancy OR job* OR exam OR ""admit card"" OR ""answer key"" OR syllabus OR ""eat right"" OR fortification OR fortified OR ""trans fat"" OR ""health claims"" OR ""zero maida"" OR ""organic label"" OR ""misleading claims"" OR ""consumer complaints"" OR ""stock market"" OR ""crude oil"" OR petrol OR diesel OR ""engine oil"" OR ""essential oil"" OR ""hair oil"" OR ""massage oil"")",pending,https://www.newkerala.com/news/o/fssai-directs-states-step-food-safety-checks-dairy-analogues-717
,broad_food_safety_title,,food safety; fssai,2025-03-12,economictimes.indiatimes.com,indiatimes.com,FSSAI directs States to step up food safety checks on dairy analogues,"((""edible oil"" OR ""cooking oil"" OR ""vegetable oil"" OR ""refined oil"" OR ""loose oil"" OR ""loose edible oil"") AND (adulterat* OR contaminat* OR misbrand* OR substandard OR spurious OR fake OR counterfeit OR rancid OR ""reused oil"" OR ""recycled oil"" OR ""unsafe oil"" OR ""unsafe cooking oil"" OR ""unsafe edible oil"" OR ""mixed with"") AND language:en) NOT (recruitment OR vacancy OR job* OR exam OR ""admit card"" OR ""answer key"" OR syllabus OR ""eat right"" OR fortification OR fortified OR ""trans fat"" OR ""health claims"" OR ""zero maida"" OR ""organic label"" OR ""misleading claims"" OR ""consumer complaints"" OR ""stock market"" OR ""crude oil"" OR petrol OR diesel OR ""engine oil"" OR ""essential oil"" OR ""hair oil"" OR ""massage oil"")",pending,https://economictimes.indiatimes.com/industry/cons-products/food/fssai-directs-states-to-step-up-food-safety-checks-on-dairy-analogues/articleshow/118903332.cms
,strong_title_match,oil,adulteration; substandard; seized,2025-03-12,hindustantimes.com,hindustantimes.com,"Crackdown on food adulteration: 112 kg rice bran oil destroyed, substandard sauces seized in Lucknow","((""mustard oil"" OR ""palm oil"" OR ""soybean oil"" OR ""sunflower oil"" OR ""groundnut oil"" OR ""coconut oil"" OR ""rice bran oil"" OR ""cottonseed oil"" OR ""sesame oil"" OR ""olive oil"" OR ""rapeseed-mustard oil"") AND (adulterat* OR contaminat* OR misbrand* OR substandard OR spurious OR fake OR counterfeit OR rancid OR ""reused oil"" OR ""recycled oil"" OR ""unsafe oil"" OR ""unsafe cooking oil"" OR ""unsafe edible oil"" OR ""mixed with"") AND language:en) NOT (recruitment OR vacancy OR job* OR exam OR ""admit card"" OR ""answer key"" OR syllabus OR ""eat right"" OR fortification OR fortified OR ""trans fat"" OR ""health claims"" OR ""zero maida"" OR ""organic label"" OR ""misleading claims"" OR ""consumer complaints"" OR ""stock market"" OR ""crude oil"" OR petrol OR diesel OR ""engine oil"" OR ""essential oil"" OR ""hair oil"" OR ""massage oil"")",pending,https://www.hindustantimes.com/cities/lucknow-news/crackdown-on-food-adulteration-112-kg-rice-bran-oil-destroyed-substandard-sauces-seized-in-lucknow-101741721802362.html
,broad_food_safety_title,,fssai,2025-03-11,thehindubusinessline.com,thehindubusinessline.com,FSSAI asks states to step up surveillance on dairy analogues during March,"((""edible oil"" OR ""cooking oil"" OR ""vegetable oil"" OR ""refined oil"" OR ""loose oil"" OR ""loose edible oil"") AND (adulterat* OR contaminat* OR misbrand* OR substandard OR spurious OR fake OR counterfeit OR rancid OR ""reused oil"" OR ""recycled oil"" OR ""unsafe oil"" OR ""unsafe cooking oil"" OR ""unsafe edible oil"" OR ""mixed with"") AND language:en) NOT (recruitment OR vacancy OR job* OR exam OR ""admit card"" OR ""answer key"" OR syllabus OR ""eat right"" OR fortification OR fortified OR ""trans fat"" OR ""health claims"" OR ""zero maida"" OR ""organic label"" OR ""misleading claims"" OR ""consumer complaints"" OR ""stock market"" OR ""crude oil"" OR petrol OR diesel OR ""engine oil"" OR ""essential oil"" OR ""hair oil"" OR ""massage oil"")",pending,https://www.thehindubusinessline.com/economy/fssai-asks-states-to-step-up-surveillance-on-dairy-analogues-during-march/article69317474.ece
,broad_food_safety_title,,test; fda,2025-03-10,newindianexpress.com,newindianexpress.com,"In just four months, over 2,869 Bengalureans test food at FDA kiosks","((""edible oil"" OR ""cooking oil"" OR ""vegetable oil"" OR ""refined oil"" OR ""loose oil"" OR ""loose edible oil"") AND (adulterat* OR contaminat* OR misbrand* OR substandard OR spurious OR fake OR counterfeit OR rancid OR ""reused oil"" OR ""recycled oil"" OR ""unsafe oil"" OR ""unsafe cooking oil"" OR ""unsafe edible oil"" OR ""mixed with"") AND language:en) NOT (recruitment OR vacancy OR job* OR exam OR ""admit card"" OR ""answer key"" OR syllabus OR ""eat right"" OR fortification OR fortified OR ""trans fat"" OR ""health claims"" OR ""zero maida"" OR ""organic label"" OR ""misleading claims"" OR ""consumer complaints"" OR ""stock market"" OR ""crude oil"" OR petrol OR diesel OR ""engine oil"" OR ""essential oil"" OR ""hair oil"" OR ""massage oil"")",pending,https://www.newindianexpress.com/cities/bengaluru/2025/Mar/10/in-just-four-months-over-2869-bengalureans-test-food-at-fda-kiosks
,broad_food_safety_title,,adulterated; seized,2025-03-08,deccanchronicle.com,deccanchronicle.com,"1,400 kg of adulterated paneer seized from factory in Pune","((""mustard oil"" OR ""palm oil"" OR ""soybean oil"" OR ""sunflower oil"" OR ""groundnut oil"" OR ""coconut oil"" OR ""rice bran oil"" OR ""cottonseed oil"" OR ""sesame oil"" OR ""olive oil"" OR ""rapeseed-mustard oil"") AND (adulterat* OR contaminat* OR misbrand* OR substandard OR spurious OR fake OR counterfeit OR rancid OR ""reused oil"" OR ""recycled oil"" OR ""unsafe oil"" OR ""unsafe cooking oil"" OR ""unsafe edible oil"" OR ""mixed with"") AND language:en) NOT (recruitment OR vacancy OR job* OR exam OR ""admit card"" OR ""answer key"" OR syllabus OR ""eat right"" OR fortification OR fortified OR ""trans fat"" OR ""health claims"" OR ""zero maida"" OR ""organic label"" OR ""misleading claims"" OR ""consumer complaints"" OR ""stock market"" OR ""crude oil"" OR petrol OR diesel OR ""engine oil"" OR ""essential oil"" OR ""hair oil"" OR ""massage oil"")",pending,https://www.deccanchronicle.com/nation/1400-kg-of-adulterated-paneer-seized-from-factory-in-pune-1865635
,broad_food_safety_title,,adulterated; seized,2025-03-08,en.etemaaddaily.com,etemaaddaily.com,"1,400 kg of adulterated paneer seized from factory in Pune","((""mustard oil"" OR ""palm oil"" OR ""soybean oil"" OR ""sunflower oil"" OR ""groundnut oil"" OR ""coconut oil"" OR ""rice bran oil"" OR ""cottonseed oil"" OR ""sesame oil"" OR ""olive oil"" OR ""rapeseed-mustard oil"") AND (adulterat* OR contaminat* OR misbrand* OR substandard OR spurious OR fake OR counterfeit OR rancid OR ""reused oil"" OR ""recycled oil"" OR ""unsafe oil"" OR ""unsafe cooking oil"" OR ""unsafe edible oil"" OR ""mixed with"") AND language:en) NOT (recruitment OR vacancy OR job* OR exam OR ""admit card"" OR ""answer key"" OR syllabus OR ""eat right"" OR fortification OR fortified OR ""trans fat"" OR ""health claims"" OR ""zero maida"" OR ""organic label"" OR ""misleading claims"" OR ""consumer complaints"" OR ""stock market"" OR ""crude oil"" OR petrol OR diesel OR ""engine oil"" OR ""essential oil"" OR ""hair oil"" OR ""massage oil"")",pending,https://www.en.etemaaddaily.com/world/national/1400-kg-of-adulterated-paneer-seized-from-factory-in-pune:171687
,broad_food_safety_title,,adulterated; seized,2025-03-08,freepressjournal.in,freepressjournal.in,"Pune Video: 1,400 KG Of Adulterated Paneer Seized From Warehouse In Manjari Khurd","((""mustard oil"" OR ""palm oil"" OR ""soybean oil"" OR ""sunflower oil"" OR ""groundnut oil"" OR ""coconut oil"" OR ""rice bran oil"" OR ""cottonseed oil"" OR ""sesame oil"" OR ""olive oil"" OR ""rapeseed-mustard oil"") AND (adulterat* OR contaminat* OR misbrand* OR substandard OR spurious OR fake OR counterfeit OR rancid OR ""reused oil"" OR ""recycled oil"" OR ""unsafe oil"" OR ""unsafe cooking oil"" OR ""unsafe edible oil"" OR ""mixed with"") AND language:en) NOT (recruitment OR vacancy OR job* OR exam OR ""admit card"" OR ""answer key"" OR syllabus OR ""eat right"" OR fortification OR fortified OR ""trans fat"" OR ""health claims"" OR ""zero maida"" OR ""organic label"" OR ""misleading claims"" OR ""consumer complaints"" OR ""stock market"" OR ""crude oil"" OR petrol OR diesel OR ""engine oil"" OR ""essential oil"" OR ""hair oil"" OR ""massage oil"")",pending,https://www.freepressjournal.in/pune/pune-video-1400-kg-of-adulterated-paneer-seized-from-warehouse-in-manjari-khurd
,broad_food_safety_title,,fda,2025-03-06,timesofindia.indiatimes.com,indiatimes.com,US FDA bans this popular soda ingredient; know its shocking health risks,"((""edible oil"" OR ""cooking oil"" OR ""vegetable oil"" OR ""refined oil"" OR ""loose oil"" OR ""loose edible oil"") AND (adulterat* OR contaminat* OR misbrand* OR substandard OR spurious OR fake OR counterfeit OR rancid OR ""reused oil"" OR ""recycled oil"" OR ""unsafe oil"" OR ""unsafe cooking oil"" OR ""unsafe edible oil"" OR ""mixed with"") AND language:en) NOT (recruitment OR vacancy OR job* OR exam OR ""admit card"" OR ""answer key"" OR syllabus OR ""eat right"" OR fortification OR fortified OR ""trans fat"" OR ""health claims"" OR ""zero maida"" OR ""organic label"" OR ""misleading claims"" OR ""consumer complaints"" OR ""stock market"" OR ""crude oil"" OR petrol OR diesel OR ""engine oil"" OR ""essential oil"" OR ""hair oil"" OR ""massage oil"")",pending,https://timesofindia.indiatimes.com/life-style/food-news/us-fda-bans-this-popular-soda-ingredient-know-its-shocking-health-risks/articleshow/118766132.cms
,broad_food_safety_title,,spurious; seized,2025-03-06,timesofindia.indiatimes.com,indiatimes.com,"2,300kg of spurious paneer seized","((""mustard oil"" OR ""palm oil"" OR ""soybean oil"" OR ""sunflower oil"" OR ""groundnut oil"" OR ""coconut oil"" OR ""rice bran oil"" OR ""cottonseed oil"" OR ""sesame oil"" OR ""olive oil"" OR ""rapeseed-mustard oil"") AND (adulterat* OR contaminat* OR misbrand* OR substandard OR spurious OR fake OR counterfeit OR rancid OR ""reused oil"" OR ""recycled oil"" OR ""unsafe oil"" OR ""unsafe cooking oil"" OR ""unsafe edible oil"" OR ""mixed with"") AND language:en) NOT (recruitment OR vacancy OR job* OR exam OR ""admit card"" OR ""answer key"" OR syllabus OR ""eat right"" OR fortification OR fortified OR ""trans fat"" OR ""health claims"" OR ""zero maida"" OR ""organic label"" OR ""misleading claims"" OR ""consumer complaints"" OR ""stock market"" OR ""crude oil"" OR petrol OR diesel OR ""engine oil"" OR ""essential oil"" OR ""hair oil"" OR ""massage oil"")",pending,https://timesofindia.indiatimes.com/city/ahmedabad/2300kg-of-spurious-paneer-seized/articleshow/118742649.cms
,broad_food_safety_title,,seized; fake,2025-03-02,timesofindia.indiatimes.com,indiatimes.com,Dairy to scary: Fake paneer flooding markets; 1.5k kg seized in six months,"((""mustard oil"" OR ""palm oil"" OR ""soybean oil"" OR ""sunflower oil"" OR ""groundnut oil"" OR ""coconut oil"" OR ""rice bran oil"" OR ""cottonseed oil"" OR ""sesame oil"" OR ""olive oil"" OR ""rapeseed-mustard oil"") AND (adulterat* OR contaminat* OR misbrand* OR substandard OR spurious OR fake OR counterfeit OR rancid OR ""reused oil"" OR ""recycled oil"" OR ""unsafe oil"" OR ""unsafe cooking oil"" OR ""unsafe edible oil"" OR ""mixed with"") AND language:en) NOT (recruitment OR vacancy OR job* OR exam OR ""admit card"" OR ""answer key"" OR syllabus OR ""eat right"" OR fortification OR fortified OR ""trans fat"" OR ""health claims"" OR ""zero maida"" OR ""organic label"" OR ""misleading claims"" OR ""consumer complaints"" OR ""stock market"" OR ""crude oil"" OR petrol OR diesel OR ""engine oil"" OR ""essential oil"" OR ""hair oil"" OR ""massage oil"")",pending,https://timesofindia.indiatimes.com/city/ahmedabad/dairy-to-scary-fake-paneer-flooding-markets-1-5k-kg-seized-in-six-months/articleshow/118654095.cms
,broad_food_safety_title,,fake,2025-02-24,thehindu.com,thehindu.com,NMIMS mess food concerns escalate as students flag ‘fake’ paneer,"((""edible oil"" OR ""cooking oil"" OR ""vegetable oil"" OR ""refined oil"" OR ""loose oil"" OR ""loose edible oil"") AND (adulterat* OR contaminat* OR misbrand* OR substandard OR spurious OR fake OR counterfeit OR rancid OR ""reused oil"" OR ""recycled oil"" OR ""unsafe oil"" OR ""unsafe cooking oil"" OR ""unsafe edible oil"" OR ""mixed with"") AND language:en) NOT (recruitment OR vacancy OR job* OR exam OR ""admit card"" OR ""answer key"" OR syllabus OR ""eat right"" OR fortification OR fortified OR ""trans fat"" OR ""health claims"" OR ""zero maida"" OR ""organic label"" OR ""misleading claims"" OR ""consumer complaints"" OR ""stock market"" OR ""crude oil"" OR petrol OR diesel OR ""engine oil"" OR ""essential oil"" OR ""hair oil"" OR ""massage oil"")",pending,https://www.thehindu.com/news/cities/Hyderabad/nmims-mess-food-concerns-escalate-as-students-flag-fake-paneer/article69255318.ece
,broad_food_safety_title,,fake,2025-02-21,timesofindia.indiatimes.com,indiatimes.com,"Aroma, texture: How to distinguish fake paneer from the authentic one","((""edible oil"" OR ""cooking oil"" OR ""vegetable oil"" OR ""refined oil"" OR ""loose oil"" OR ""loose edible oil"") AND (adulterat* OR contaminat* OR misbrand* OR substandard OR spurious OR fake OR counterfeit OR rancid OR ""reused oil"" OR ""recycled oil"" OR ""unsafe oil"" OR ""unsafe cooking oil"" OR ""unsafe edible oil"" OR ""mixed with"") AND language:en) NOT (recruitment OR vacancy OR job* OR exam OR ""admit card"" OR ""answer key"" OR syllabus OR ""eat right"" OR fortification OR fortified OR ""trans fat"" OR ""health claims"" OR ""zero maida"" OR ""organic label"" OR ""misleading claims"" OR ""consumer complaints"" OR ""stock market"" OR ""crude oil"" OR petrol OR diesel OR ""engine oil"" OR ""essential oil"" OR ""hair oil"" OR ""massage oil"")",pending,https://timesofindia.indiatimes.com/home/polls/life-style/food-news/aroma-texture-how-to-distinguish-fake-paneer-from-the-authentic-one/articleshow/118457288.cms
,broad_food_safety_title,,fake,2025-02-18,financialexpress.com,financialexpress.com,How to identify fake paneer? Food Pharmer shares three simple tests,"((""edible oil"" OR ""cooking oil"" OR ""vegetable oil"" OR ""refined oil"" OR ""loose oil"" OR ""loose edible oil"") AND (adulterat* OR contaminat* OR misbrand* OR substandard OR spurious OR fake OR counterfeit OR rancid OR ""reused oil"" OR ""recycled oil"" OR ""unsafe oil"" OR ""unsafe cooking oil"" OR ""unsafe edible oil"" OR ""mixed with"") AND language:en) NOT (recruitment OR vacancy OR job* OR exam OR ""admit card"" OR ""answer key"" OR syllabus OR ""eat right"" OR fortification OR fortified OR ""trans fat"" OR ""health claims"" OR ""zero maida"" OR ""organic label"" OR ""misleading claims"" OR ""consumer complaints"" OR ""stock market"" OR ""crude oil"" OR petrol OR diesel OR ""engine oil"" OR ""essential oil"" OR ""hair oil"" OR ""massage oil"")",pending,https://www.financialexpress.com/trending/how-to-identify-fake-paneer-food-pharmer-shares-three-simple-tests/3753117/
,broad_food_safety_title,,fake,2025-02-18,indiatoday.in,indiatoday.in,"Cottage cheese Rs 450, analogue paneer Rs 250. Bargain or a big fat fake?","((""edible oil"" OR ""cooking oil"" OR ""vegetable oil"" OR ""refined oil"" OR ""loose oil"" OR ""loose edible oil"") AND (adulterat* OR contaminat* OR misbrand* OR substandard OR spurious OR fake OR counterfeit OR rancid OR ""reused oil"" OR ""recycled oil"" OR ""unsafe oil"" OR ""unsafe cooking oil"" OR ""unsafe edible oil"" OR ""mixed with"") AND language:en) NOT (recruitment OR vacancy OR job* OR exam OR ""admit card"" OR ""answer key"" OR syllabus OR ""eat right"" OR fortification OR fortified OR ""trans fat"" OR ""health claims"" OR ""zero maida"" OR ""organic label"" OR ""misleading claims"" OR ""consumer complaints"" OR ""stock market"" OR ""crude oil"" OR petrol OR diesel OR ""engine oil"" OR ""essential oil"" OR ""hair oil"" OR ""massage oil"")",pending,https://www.indiatoday.in/information/story/cottage-cheese-rs-450-analogue-paneer-rs-250-bargain-or-a-big-fat-fake-analogue-paneer-how-to-identify-analogue-paneer-2681768-2025-02-18?utm_source=rss
,broad_food_safety_title,,fake,2025-02-12,siasat.com,siasat.com,"Students at Hyderabad university voice concerns over 'fake' paneer, admin responds","((""mustard oil"" OR ""palm oil"" OR ""soybean oil"" OR ""sunflower oil"" OR ""groundnut oil"" OR ""coconut oil"" OR ""rice bran oil"" OR ""cottonseed oil"" OR ""sesame oil"" OR ""olive oil"" OR ""rapeseed-mustard oil"") AND (adulterat* OR contaminat* OR misbrand* OR substandard OR spurious OR fake OR counterfeit OR rancid OR ""reused oil"" OR ""recycled oil"" OR ""unsafe oil"" OR ""unsafe cooking oil"" OR ""unsafe edible oil"" OR ""mixed with"") AND language:en) NOT (recruitment OR vacancy OR job* OR exam OR ""admit card"" OR ""answer key"" OR syllabus OR ""eat right"" OR fortification OR fortified OR ""trans fat"" OR ""health claims"" OR ""zero maida"" OR ""organic label"" OR ""misleading claims"" OR ""consumer complaints"" OR ""stock market"" OR ""crude oil"" OR petrol OR diesel OR ""engine oil"" OR ""essential oil"" OR ""hair oil"" OR ""massage oil"")",pending,https://www.siasat.com/students-at-hyderabad-university-voice-concerns-over-fake-paneer-admin-responds-3179394/
,strong_title_match,palm oil; oil,adulterated; seized,2025-02-07,timesofindia.indiatimes.com,indiatimes.com,1500 kg paneer adulterated with palm oil and acetic acid seized in this city,"((""edible oil"" OR ""cooking oil"" OR ""vegetable oil"" OR ""refined oil"" OR ""loose oil"" OR ""loose edible oil"") AND (adulterat* OR contaminat* OR misbrand* OR substandard OR spurious OR fake OR counterfeit OR rancid OR ""reused oil"" OR ""recycled oil"" OR ""unsafe oil"" OR ""unsafe cooking oil"" OR ""unsafe edible oil"" OR ""mixed with"") AND language:en) NOT (recruitment OR vacancy OR job* OR exam OR ""admit card"" OR ""answer key"" OR syllabus OR ""eat right"" OR fortification OR fortified OR ""trans fat"" OR ""health claims"" OR ""zero maida"" OR ""organic label"" OR ""misleading claims"" OR ""consumer complaints"" OR ""stock market"" OR ""crude oil"" OR petrol OR diesel OR ""engine oil"" OR ""essential oil"" OR ""hair oil"" OR ""massage oil"")",pending,https://timesofindia.indiatimes.com/life-style/food-news/1500-kg-paneer-adulterated-with-palm-oil-and-acetic-acid-seized-in-this-city/articleshow/117992869.cms
,broad_food_safety_title,,fake; test,2025-02-05,economictimes.indiatimes.com,indiatimes.com,Fake Paneer Warning: Simple test exposes 'black' cottage cheese in street food. Watch viral video,"((""mustard oil"" OR ""palm oil"" OR ""soybean oil"" OR ""sunflower oil"" OR ""groundnut oil"" OR ""coconut oil"" OR ""rice bran oil"" OR ""cottonseed oil"" OR ""sesame oil"" OR ""olive oil"" OR ""rapeseed-mustard oil"") AND (adulterat* OR contaminat* OR misbrand* OR substandard OR spurious OR fake OR counterfeit OR rancid OR ""reused oil"" OR ""recycled oil"" OR ""unsafe oil"" OR ""unsafe cooking oil"" OR ""unsafe edible oil"" OR ""mixed with"") AND language:en) NOT (recruitment OR vacancy OR job* OR exam OR ""admit card"" OR ""answer key"" OR syllabus OR ""eat right"" OR fortification OR fortified OR ""trans fat"" OR ""health claims"" OR ""zero maida"" OR ""organic label"" OR ""misleading claims"" OR ""consumer complaints"" OR ""stock market"" OR ""crude oil"" OR petrol OR diesel OR ""engine oil"" OR ""essential oil"" OR ""hair oil"" OR ""massage oil"")",pending,https://economictimes.indiatimes.com/magazines/panache/fake-paneer-warning-simple-test-exposes-black-cottage-cheese-in-street-food-watch-viral-video/articleshow/117953957.cms
,broad_food_safety_title,,contaminated; food safety; seized; raid,2025-02-05,food.ndtv.com,ndtv.com,"1,500 Kilos Of Contaminated Paneer Seized At Dwarkesh Dairy Products In Ahmedabad","((""mustard oil"" OR ""palm oil"" OR ""soybean oil"" OR ""sunflower oil"" OR ""groundnut oil"" OR ""coconut oil"" OR ""rice bran oil"" OR ""cottonseed oil"" OR ""sesame oil"" OR ""olive oil"" OR ""rapeseed-mustard oil"") AND (adulterat* OR contaminat* OR misbrand* OR substandard OR spurious OR fake OR counterfeit OR rancid OR ""reused oil"" OR ""recycled oil"" OR ""unsafe oil"" OR ""unsafe cooking oil"" OR ""unsafe edible oil"" OR ""mixed with"") AND language:en) NOT (recruitment OR vacancy OR job* OR exam OR ""admit card"" OR ""answer key"" OR syllabus OR ""eat right"" OR fortification OR fortified OR ""trans fat"" OR ""health claims"" OR ""zero maida"" OR ""organic label"" OR ""misleading claims"" OR ""consumer complaints"" OR ""stock market"" OR ""crude oil"" OR petrol OR diesel OR ""engine oil"" OR ""essential oil"" OR ""hair oil"" OR ""massage oil"")",pending,https://food.ndtv.com/news/food-safety-raid-1500-kilos-of-contaminated-paneer-seized-at-dwarkesh-dairy-products-in-ahmedabad-7638414
,weak_or_body_only_match,,,2025-01-31,freepressjournal.in,freepressjournal.in,"Bhopal: I-T Crackdown On Tax Evaders, Crores In Evasion Found","((""mustard oil"" OR ""palm oil"" OR ""soybean oil"" OR ""sunflower oil"" OR ""groundnut oil"" OR ""coconut oil"" OR ""rice bran oil"" OR ""cottonseed oil"" OR ""sesame oil"" OR ""olive oil"" OR ""rapeseed-mustard oil"") AND (adulterat* OR contaminat* OR misbrand* OR substandard OR spurious OR fake OR counterfeit OR rancid OR ""reused oil"" OR ""recycled oil"" OR ""unsafe oil"" OR ""unsafe cooking oil"" OR ""unsafe edible oil"" OR ""mixed with"") AND language:en) NOT (recruitment OR vacancy OR job* OR exam OR ""admit card"" OR ""answer key"" OR syllabus OR ""eat right"" OR fortification OR fortified OR ""trans fat"" OR ""health claims"" OR ""zero maida"" OR ""organic label"" OR ""misleading claims"" OR ""consumer complaints"" OR ""stock market"" OR ""crude oil"" OR petrol OR diesel OR ""engine oil"" OR ""essential oil"" OR ""hair oil"" OR ""massage oil"")",pending,https://www.freepressjournal.in/bhopal/bhopal-i-t-crackdown-on-tax-evaders-crores-in-evasion-found
,broad_food_safety_title,,spurious; seized,2025-01-17,timesofindia.indiatimes.com,indiatimes.com,"6,500kg of spurious milk and paneer seized, owner arrested","((""edible oil"" OR ""cooking oil"" OR ""vegetable oil"" OR ""refined oil"" OR ""loose oil"" OR ""loose edible oil"") AND (adulterat* OR contaminat* OR misbrand* OR substandard OR spurious OR fake OR counterfeit OR rancid OR ""reused oil"" OR ""recycled oil"" OR ""unsafe oil"" OR ""unsafe cooking oil"" OR ""unsafe edible oil"" OR ""mixed with"") AND language:en) NOT (recruitment OR vacancy OR job* OR exam OR ""admit card"" OR ""answer key"" OR syllabus OR ""eat right"" OR fortification OR fortified OR ""trans fat"" OR ""health claims"" OR ""zero maida"" OR ""organic label"" OR ""misleading claims"" OR ""consumer complaints"" OR ""stock market"" OR ""crude oil"" OR petrol OR diesel OR ""engine oil"" OR ""essential oil"" OR ""hair oil"" OR ""massage oil"")",pending,https://timesofindia.indiatimes.com/city/meerut/6500kg-of-spurious-milk-and-paneer-seized-owner-arrested/articleshow/117339880.cms
,broad_food_safety_title,,fssai,2025-01-09,indianexpress.com,indianexpress.com,"‘For clean, safe food’: Street vendors in Mumbai attend FSSAI workshop","((""edible oil"" OR ""cooking oil"" OR ""vegetable oil"" OR ""refined oil"" OR ""loose oil"" OR ""loose edible oil"") AND (adulterat* OR contaminat* OR misbrand* OR substandard OR spurious OR fake OR counterfeit OR rancid OR ""reused oil"" OR ""recycled oil"" OR ""unsafe oil"" OR ""unsafe cooking oil"" OR ""unsafe edible oil"" OR ""mixed with"") AND language:en) NOT (recruitment OR vacancy OR job* OR exam OR ""admit card"" OR ""answer key"" OR syllabus OR ""eat right"" OR fortification OR fortified OR ""trans fat"" OR ""health claims"" OR ""zero maida"" OR ""organic label"" OR ""misleading claims"" OR ""consumer complaints"" OR ""stock market"" OR ""crude oil"" OR petrol OR diesel OR ""engine oil"" OR ""essential oil"" OR ""hair oil"" OR ""massage oil"")",pending,https://indianexpress.com/article/cities/mumbai/street-vendors-attend-fssai-workshop-9770214/
,broad_food_safety_title,,seized; fake,2025-01-09,timesofindia.indiatimes.com,indiatimes.com,"800kg fake paneer seized, factory supplied to leading restaurants","((""mustard oil"" OR ""palm oil"" OR ""soybean oil"" OR ""sunflower oil"" OR ""groundnut oil"" OR ""coconut oil"" OR ""rice bran oil"" OR ""cottonseed oil"" OR ""sesame oil"" OR ""olive oil"" OR ""rapeseed-mustard oil"") AND (adulterat* OR contaminat* OR misbrand* OR substandard OR spurious OR fake OR counterfeit OR rancid OR ""reused oil"" OR ""recycled oil"" OR ""unsafe oil"" OR ""unsafe cooking oil"" OR ""unsafe edible oil"" OR ""mixed with"") AND language:en) NOT (recruitment OR vacancy OR job* OR exam OR ""admit card"" OR ""answer key"" OR syllabus OR ""eat right"" OR fortification OR fortified OR ""trans fat"" OR ""health claims"" OR ""zero maida"" OR ""organic label"" OR ""misleading claims"" OR ""consumer complaints"" OR ""stock market"" OR ""crude oil"" OR petrol OR diesel OR ""engine oil"" OR ""essential oil"" OR ""hair oil"" OR ""massage oil"")",pending,https://timesofindia.indiatimes.com/city/rajkot/800kg-fake-paneer-seized-factory-supplied-to-leading-restaurants/articleshow/117092113.cms
,broad_food_safety_title,,unsafe,2024-12-22,timesofindia.indiatimes.com,indiatimes.com,âOver 16cr collected for unsafe food practices in past 3 yrsâ,"((""edible oil"" OR ""cooking oil"" OR ""vegetable oil"" OR ""refined oil"" OR ""loose oil"" OR ""loose edible oil"") AND (adulterat* OR contaminat* OR misbrand* OR substandard OR spurious OR fake OR counterfeit OR rancid OR ""reused oil"" OR ""recycled oil"" OR ""unsafe oil"" OR ""unsafe cooking oil"" OR ""unsafe edible oil"" OR ""mixed with"") AND language:en) NOT (recruitment OR vacancy OR job* OR exam OR ""admit card"" OR ""answer key"" OR syllabus OR ""eat right"" OR fortification OR fortified OR ""trans fat"" OR ""health claims"" OR ""zero maida"" OR ""organic label"" OR ""misleading claims"" OR ""consumer complaints"" OR ""stock market"" OR ""crude oil"" OR petrol OR diesel OR ""engine oil"" OR ""essential oil"" OR ""hair oil"" OR ""massage oil"")",pending,https://timesofindia.indiatimes.com/city/chennai/over-16cr-collected-for-unsafe-food-practices-in-past-3-yrs/articleshow/116547371.cms
,broad_food_safety_title,,food safety,2024-12-12,deccanchronicle.com,deccanchronicle.com,Water Woes Impact Food Safety at Adilabad School,"((""edible oil"" OR ""cooking oil"" OR ""vegetable oil"" OR ""refined oil"" OR ""loose oil"" OR ""loose edible oil"") AND (adulterat* OR contaminat* OR misbrand* OR substandard OR spurious OR fake OR counterfeit OR rancid OR ""reused oil"" OR ""recycled oil"" OR ""unsafe oil"" OR ""unsafe cooking oil"" OR ""unsafe edible oil"" OR ""mixed with"") AND language:en) NOT (recruitment OR vacancy OR job* OR exam OR ""admit card"" OR ""answer key"" OR syllabus OR ""eat right"" OR fortification OR fortified OR ""trans fat"" OR ""health claims"" OR ""zero maida"" OR ""organic label"" OR ""misleading claims"" OR ""consumer complaints"" OR ""stock market"" OR ""crude oil"" OR petrol OR diesel OR ""engine oil"" OR ""essential oil"" OR ""hair oil"" OR ""massage oil"")",pending,https://www.deccanchronicle.com/southern-states/telangana/water-woes-impact-food-safety-at-adilabad-school-1846325
,strong_title_match,cooking oil; oil,spurious,2024-12-10,timesofindia.indiatimes.com,indiatimes.com,"Dahod Police Bust Major Spurious Cooking Oil Racket, Seize Goods Worth Over Rs 15 Lakhs","((""edible oil"" OR ""cooking oil"" OR ""vegetable oil"" OR ""refined oil"" OR ""loose oil"" OR ""loose edible oil"") AND (adulterat* OR contaminat* OR misbrand* OR substandard OR spurious OR fake OR counterfeit OR rancid OR ""reused oil"" OR ""recycled oil"" OR ""unsafe oil"" OR ""unsafe cooking oil"" OR ""unsafe edible oil"" OR ""mixed with"") AND language:en) NOT (recruitment OR vacancy OR job* OR exam OR ""admit card"" OR ""answer key"" OR syllabus OR ""eat right"" OR fortification OR fortified OR ""trans fat"" OR ""health claims"" OR ""zero maida"" OR ""organic label"" OR ""misleading claims"" OR ""consumer complaints"" OR ""stock market"" OR ""crude oil"" OR petrol OR diesel OR ""engine oil"" OR ""essential oil"" OR ""hair oil"" OR ""massage oil"")",pending,https://timesofindia.indiatimes.com/city/vadodara/dahod-police-bust-major-spurious-cooking-oil-racket-seize-goods-worth-over-rs-15-lakhs/articleshow/116183542.cms
,broad_food_safety_title,,fake,2024-12-10,timesofindia.indiatimes.com,indiatimes.com,Bulandshahr Fake Milk Factory: Massive Fake Milk and Paneer Factory Discovered in Bulandshahr,"((""edible oil"" OR ""cooking oil"" OR ""vegetable oil"" OR ""refined oil"" OR ""loose oil"" OR ""loose edible oil"") AND (adulterat* OR contaminat* OR misbrand* OR substandard OR spurious OR fake OR counterfeit OR rancid OR ""reused oil"" OR ""recycled oil"" OR ""unsafe oil"" OR ""unsafe cooking oil"" OR ""unsafe edible oil"" OR ""mixed with"") AND language:en) NOT (recruitment OR vacancy OR job* OR exam OR ""admit card"" OR ""answer key"" OR syllabus OR ""eat right"" OR fortification OR fortified OR ""trans fat"" OR ""health claims"" OR ""zero maida"" OR ""organic label"" OR ""misleading claims"" OR ""consumer complaints"" OR ""stock market"" OR ""crude oil"" OR petrol OR diesel OR ""engine oil"" OR ""essential oil"" OR ""hair oil"" OR ""massage oil"")",pending,https://timesofindia.indiatimes.com/life-style/food-news/massive-fake-milk-and-paneer-factory-discovered-in-bulandshahr/articleshow/116166432.cms
,strong_title_match,mustard oil; oil,food safety; substandard; misbranded; samples,2024-11-21,food.ndtv.com,ndtv.com,"Food Safety Alert: Substandard Golgappa Water, Coffee, And Misbranded Mustard Oil In Una","((""mustard oil"" OR ""palm oil"" OR ""soybean oil"" OR ""sunflower oil"" OR ""groundnut oil"" OR ""coconut oil"" OR ""rice bran oil"" OR ""cottonseed oil"" OR ""sesame oil"" OR ""olive oil"" OR ""rapeseed-mustard oil"") AND (adulterat* OR contaminat* OR misbrand* OR substandard OR spurious OR fake OR counterfeit OR rancid OR ""reused oil"" OR ""recycled oil"" OR ""unsafe oil"" OR ""unsafe cooking oil"" OR ""unsafe edible oil"" OR ""mixed with"") AND language:en) NOT (recruitment OR vacancy OR job* OR exam OR ""admit card"" OR ""answer key"" OR syllabus OR ""eat right"" OR fortification OR fortified OR ""trans fat"" OR ""health claims"" OR ""zero maida"" OR ""organic label"" OR ""misleading claims"" OR ""consumer complaints"" OR ""stock market"" OR ""crude oil"" OR petrol OR diesel OR ""engine oil"" OR ""essential oil"" OR ""hair oil"" OR ""massage oil"")",pending,https://food.ndtv.com/news/samples-of-golgappa-water-coffee-found-substandard-mustard-oil-mis-branded-in-himachals-una-7069957
,broad_food_safety_title,,substandard; samples,2024-11-21,ndtv.com,ndtv.com,"Golgappa , Coffee Samples Found Substandard In Himachal","((""mustard oil"" OR ""palm oil"" OR ""soybean oil"" OR ""sunflower oil"" OR ""groundnut oil"" OR ""coconut oil"" OR ""rice bran oil"" OR ""cottonseed oil"" OR ""sesame oil"" OR ""olive oil"" OR ""rapeseed-mustard oil"") AND (adulterat* OR contaminat* OR misbrand* OR substandard OR spurious OR fake OR counterfeit OR rancid OR ""reused oil"" OR ""recycled oil"" OR ""unsafe oil"" OR ""unsafe cooking oil"" OR ""unsafe edible oil"" OR ""mixed with"") AND language:en) NOT (recruitment OR vacancy OR job* OR exam OR ""admit card"" OR ""answer key"" OR syllabus OR ""eat right"" OR fortification OR fortified OR ""trans fat"" OR ""health claims"" OR ""zero maida"" OR ""organic label"" OR ""misleading claims"" OR ""consumer complaints"" OR ""stock market"" OR ""crude oil"" OR petrol OR diesel OR ""engine oil"" OR ""essential oil"" OR ""hair oil"" OR ""massage oil"")",pending,https://www.ndtv.com/india-news/golgappa-water-coffee-samples-found-substandard-in-himachal-7067647
,broad_food_safety_title,,fake; raid,2024-11-16,freepressjournal.in,freepressjournal.in,Chhattisgarh: Fake Paneer Manufacturing Factory Sealed In Durg Following Food Department Raid,"((""mustard oil"" OR ""palm oil"" OR ""soybean oil"" OR ""sunflower oil"" OR ""groundnut oil"" OR ""coconut oil"" OR ""rice bran oil"" OR ""cottonseed oil"" OR ""sesame oil"" OR ""olive oil"" OR ""rapeseed-mustard oil"") AND (adulterat* OR contaminat* OR misbrand* OR substandard OR spurious OR fake OR counterfeit OR rancid OR ""reused oil"" OR ""recycled oil"" OR ""unsafe oil"" OR ""unsafe cooking oil"" OR ""unsafe edible oil"" OR ""mixed with"") AND language:en) NOT (recruitment OR vacancy OR job* OR exam OR ""admit card"" OR ""answer key"" OR syllabus OR ""eat right"" OR fortification OR fortified OR ""trans fat"" OR ""health claims"" OR ""zero maida"" OR ""organic label"" OR ""misleading claims"" OR ""consumer complaints"" OR ""stock market"" OR ""crude oil"" OR petrol OR diesel OR ""engine oil"" OR ""essential oil"" OR ""hair oil"" OR ""massage oil"")",pending,https://www.freepressjournal.in/india/chhattisgarh-fake-paneer-manufacturing-factory-sealed-in-durg-following-food-department-raid
,weak_or_body_only_match,,,2024-11-06,newindianexpress.com,newindianexpress.com,O-o-mania,"((""mustard oil"" OR ""palm oil"" OR ""soybean oil"" OR ""sunflower oil"" OR ""groundnut oil"" OR ""coconut oil"" OR ""rice bran oil"" OR ""cottonseed oil"" OR ""sesame oil"" OR ""olive oil"" OR ""rapeseed-mustard oil"") AND (adulterat* OR contaminat* OR misbrand* OR substandard OR spurious OR fake OR counterfeit OR rancid OR ""reused oil"" OR ""recycled oil"" OR ""unsafe oil"" OR ""unsafe cooking oil"" OR ""unsafe edible oil"" OR ""mixed with"") AND language:en) NOT (recruitment OR vacancy OR job* OR exam OR ""admit card"" OR ""answer key"" OR syllabus OR ""eat right"" OR fortification OR fortified OR ""trans fat"" OR ""health claims"" OR ""zero maida"" OR ""organic label"" OR ""misleading claims"" OR ""consumer complaints"" OR ""stock market"" OR ""crude oil"" OR petrol OR diesel OR ""engine oil"" OR ""essential oil"" OR ""hair oil"" OR ""massage oil"")",pending,https://www.newindianexpress.com/cities/chennai/2024/Nov/06/o-o-mania
,strong_title_match,cooking oil; oil,adulterated; fda,2024-11-01,freepressjournal.in,freepressjournal.in,Nashik: FDA Cracks Down on Adulterated Cooking Oil and Spices Ahead of Diwali,"((""edible oil"" OR ""cooking oil"" OR ""vegetable oil"" OR ""refined oil"" OR ""loose oil"" OR ""loose edible oil"") AND (adulterat* OR contaminat* OR misbrand* OR substandard OR spurious OR fake OR counterfeit OR rancid OR ""reused oil"" OR ""recycled oil"" OR ""unsafe oil"" OR ""unsafe cooking oil"" OR ""unsafe edible oil"" OR ""mixed with"") AND language:en) NOT (recruitment OR vacancy OR job* OR exam OR ""admit card"" OR ""answer key"" OR syllabus OR ""eat right"" OR fortification OR fortified OR ""trans fat"" OR ""health claims"" OR ""zero maida"" OR ""organic label"" OR ""misleading claims"" OR ""consumer complaints"" OR ""stock market"" OR ""crude oil"" OR petrol OR diesel OR ""engine oil"" OR ""essential oil"" OR ""hair oil"" OR ""massage oil"")",pending,https://www.freepressjournal.in/pune/nashik-fda-cracks-down-on-adulterated-cooking-oil-and-spices-ahead-of-diwali
,broad_food_safety_title,,adulteration; seized; fda,2024-10-31,timesofindia.indiatimes.com,indiatimes.com,"FDA Takes Action Against Food Adulteration: 1,928 kg Seized in Nashik","((""edible oil"" OR ""cooking oil"" OR ""vegetable oil"" OR ""refined oil"" OR ""loose oil"" OR ""loose edible oil"") AND (adulterat* OR contaminat* OR misbrand* OR substandard OR spurious OR fake OR counterfeit OR rancid OR ""reused oil"" OR ""recycled oil"" OR ""unsafe oil"" OR ""unsafe cooking oil"" OR ""unsafe edible oil"" OR ""mixed with"") AND language:en) NOT (recruitment OR vacancy OR job* OR exam OR ""admit card"" OR ""answer key"" OR syllabus OR ""eat right"" OR fortification OR fortified OR ""trans fat"" OR ""health claims"" OR ""zero maida"" OR ""organic label"" OR ""misleading claims"" OR ""consumer complaints"" OR ""stock market"" OR ""crude oil"" OR petrol OR diesel OR ""engine oil"" OR ""essential oil"" OR ""hair oil"" OR ""massage oil"")",pending,https://timesofindia.indiatimes.com/city/nashik/fda-takes-action-against-food-adulteration-1928-kg-seized-in-nashik/articleshow/114824626.cms
,broad_food_safety_title,,adulterated; seized,2024-10-28,freepressjournal.in,freepressjournal.in,Bhopal: 1600 Kgs Of Adulterated Mawa Seized From Gwalior-Bhopal Bus During Routine Check At ISBT; Over 2000 kg Seized Across MP,"((""edible oil"" OR ""cooking oil"" OR ""vegetable oil"" OR ""refined oil"" OR ""loose oil"" OR ""loose edible oil"") AND (adulterat* OR contaminat* OR misbrand* OR substandard OR spurious OR fake OR counterfeit OR rancid OR ""reused oil"" OR ""recycled oil"" OR ""unsafe oil"" OR ""unsafe cooking oil"" OR ""unsafe edible oil"" OR ""mixed with"") AND language:en) NOT (recruitment OR vacancy OR job* OR exam OR ""admit card"" OR ""answer key"" OR syllabus OR ""eat right"" OR fortification OR fortified OR ""trans fat"" OR ""health claims"" OR ""zero maida"" OR ""organic label"" OR ""misleading claims"" OR ""consumer complaints"" OR ""stock market"" OR ""crude oil"" OR petrol OR diesel OR ""engine oil"" OR ""essential oil"" OR ""hair oil"" OR ""massage oil"")",pending,https://www.freepressjournal.in/bhopal/bhopal-1600-kgs-of-adulterated-mawa-seized-from-gwalior-bhopal-bus-during-routine-check-at-isbt-over-2000-kg-seized-across-mp
,broad_food_safety_title,,seized; raids,2024-10-27,news18.com,news18.com,"Buying Diwali Sweets? Beware As Stale Paneer, Insect-Ridden Rasgullas Seized In Raids","((""edible oil"" OR ""cooking oil"" OR ""vegetable oil"" OR ""refined oil"" OR ""loose oil"" OR ""loose edible oil"") AND (adulterat* OR contaminat* OR misbrand* OR substandard OR spurious OR fake OR counterfeit OR rancid OR ""reused oil"" OR ""recycled oil"" OR ""unsafe oil"" OR ""unsafe cooking oil"" OR ""unsafe edible oil"" OR ""mixed with"") AND language:en) NOT (recruitment OR vacancy OR job* OR exam OR ""admit card"" OR ""answer key"" OR syllabus OR ""eat right"" OR fortification OR fortified OR ""trans fat"" OR ""health claims"" OR ""zero maida"" OR ""organic label"" OR ""misleading claims"" OR ""consumer complaints"" OR ""stock market"" OR ""crude oil"" OR petrol OR diesel OR ""engine oil"" OR ""essential oil"" OR ""hair oil"" OR ""massage oil"")",pending,https://www.news18.com/india/buying-diwali-sweets-beware-as-stale-paneer-insect-ridden-rasgullas-seized-in-raids-9100994.html
,broad_food_safety_title,,adulterated; seized,2024-10-25,timesofindia.indiatimes.com,indiatimes.com,300kg of Adulterated Mawa Seized in Ujjain Ahead of Diwali,"((""edible oil"" OR ""cooking oil"" OR ""vegetable oil"" OR ""refined oil"" OR ""loose oil"" OR ""loose edible oil"") AND (adulterat* OR contaminat* OR misbrand* OR substandard OR spurious OR fake OR counterfeit OR rancid OR ""reused oil"" OR ""recycled oil"" OR ""unsafe oil"" OR ""unsafe cooking oil"" OR ""unsafe edible oil"" OR ""mixed with"") AND language:en) NOT (recruitment OR vacancy OR job* OR exam OR ""admit card"" OR ""answer key"" OR syllabus OR ""eat right"" OR fortification OR fortified OR ""trans fat"" OR ""health claims"" OR ""zero maida"" OR ""organic label"" OR ""misleading claims"" OR ""consumer complaints"" OR ""stock market"" OR ""crude oil"" OR petrol OR diesel OR ""engine oil"" OR ""essential oil"" OR ""hair oil"" OR ""massage oil"")",pending,https://timesofindia.indiatimes.com/city/indore/300kg-of-adulterated-mawa-seized-in-ujjain-ahead-of-diwali/articleshow/114594281.cms
,broad_food_safety_title,,adulterated; seized,2024-10-25,freepressjournal.in,freepressjournal.in,"MP: 300 Kgs Of 'Adulterated' Mawa Seized In Ujjain Ahead Of Diwali, Was Brought From Gujarat","((""edible oil"" OR ""cooking oil"" OR ""vegetable oil"" OR ""refined oil"" OR ""loose oil"" OR ""loose edible oil"") AND (adulterat* OR contaminat* OR misbrand* OR substandard OR spurious OR fake OR counterfeit OR rancid OR ""reused oil"" OR ""recycled oil"" OR ""unsafe oil"" OR ""unsafe cooking oil"" OR ""unsafe edible oil"" OR ""mixed with"") AND language:en) NOT (recruitment OR vacancy OR job* OR exam OR ""admit card"" OR ""answer key"" OR syllabus OR ""eat right"" OR fortification OR fortified OR ""trans fat"" OR ""health claims"" OR ""zero maida"" OR ""organic label"" OR ""misleading claims"" OR ""consumer complaints"" OR ""stock market"" OR ""crude oil"" OR petrol OR diesel OR ""engine oil"" OR ""essential oil"" OR ""hair oil"" OR ""massage oil"")",pending,https://www.freepressjournal.in/bhopal/mp-300-kgs-of-adulterated-mawa-seized-in-ujjain-ahead-of-diwali-was-brought-from-gujarat
,broad_food_safety_title,,fake,2024-10-24,timesofindia.indiatimes.com,indiatimes.com,Bhopal Police Seizes 10 Quintals of Fake Mawa Amid Diwali Celebration,"((""edible oil"" OR ""cooking oil"" OR ""vegetable oil"" OR ""refined oil"" OR ""loose oil"" OR ""loose edible oil"") AND (adulterat* OR contaminat* OR misbrand* OR substandard OR spurious OR fake OR counterfeit OR rancid OR ""reused oil"" OR ""recycled oil"" OR ""unsafe oil"" OR ""unsafe cooking oil"" OR ""unsafe edible oil"" OR ""mixed with"") AND language:en) NOT (recruitment OR vacancy OR job* OR exam OR ""admit card"" OR ""answer key"" OR syllabus OR ""eat right"" OR fortification OR fortified OR ""trans fat"" OR ""health claims"" OR ""zero maida"" OR ""organic label"" OR ""misleading claims"" OR ""consumer complaints"" OR ""stock market"" OR ""crude oil"" OR petrol OR diesel OR ""engine oil"" OR ""essential oil"" OR ""hair oil"" OR ""massage oil"")",pending,https://timesofindia.indiatimes.com/city/bhopal/bhopal-police-seizes-10-quintals-of-fake-mawa-amid-diwali-celebration/articleshow/114555214.cms
,broad_food_safety_title,,fake,2024-10-22,indiatoday.in,indiatoday.in,Real or fake? How to identify the paneer on your plate,"((""edible oil"" OR ""cooking oil"" OR ""vegetable oil"" OR ""refined oil"" OR ""loose oil"" OR ""loose edible oil"") AND (adulterat* OR contaminat* OR misbrand* OR substandard OR spurious OR fake OR counterfeit OR rancid OR ""reused oil"" OR ""recycled oil"" OR ""unsafe oil"" OR ""unsafe cooking oil"" OR ""unsafe edible oil"" OR ""mixed with"") AND language:en) NOT (recruitment OR vacancy OR job* OR exam OR ""admit card"" OR ""answer key"" OR syllabus OR ""eat right"" OR fortification OR fortified OR ""trans fat"" OR ""health claims"" OR ""zero maida"" OR ""organic label"" OR ""misleading claims"" OR ""consumer complaints"" OR ""stock market"" OR ""crude oil"" OR petrol OR diesel OR ""engine oil"" OR ""essential oil"" OR ""hair oil"" OR ""massage oil"")",pending,https://www.indiatoday.in/health/story/what-is-analogue-fake-paneer-health-risks-identify-real-paneer-2621085-2024-10-22?utm_source=rss
,broad_food_safety_title,,fake,2024-10-22,food.ndtv.com,ndtv.com,"Viral Now: Man Questions Zomato Hyperpure For Selling 'Fake' Analogue Paneer To Restaurants, Internet Reacts","((""edible oil"" OR ""cooking oil"" OR ""vegetable oil"" OR ""refined oil"" OR ""loose oil"" OR ""loose edible oil"") AND (adulterat* OR contaminat* OR misbrand* OR substandard OR spurious OR fake OR counterfeit OR rancid OR ""reused oil"" OR ""recycled oil"" OR ""unsafe oil"" OR ""unsafe cooking oil"" OR ""unsafe edible oil"" OR ""mixed with"") AND language:en) NOT (recruitment OR vacancy OR job* OR exam OR ""admit card"" OR ""answer key"" OR syllabus OR ""eat right"" OR fortification OR fortified OR ""trans fat"" OR ""health claims"" OR ""zero maida"" OR ""organic label"" OR ""misleading claims"" OR ""consumer complaints"" OR ""stock market"" OR ""crude oil"" OR petrol OR diesel OR ""engine oil"" OR ""essential oil"" OR ""hair oil"" OR ""massage oil"")",pending,https://food.ndtv.com/news/viral-now-man-questions-zomato-hyperpure-for-selling-fake-analogue-paneer-to-restaurants-internet-reacts-6844569
,broad_food_safety_title,,adulteration,2024-10-22,timesofindia.indiatimes.com,indiatimes.com,Crackdown on Food Adulteration in Jamshedpur Ahead of Festive Season,"((""edible oil"" OR ""cooking oil"" OR ""vegetable oil"" OR ""refined oil"" OR ""loose oil"" OR ""loose edible oil"") AND (adulterat* OR contaminat* OR misbrand* OR substandard OR spurious OR fake OR counterfeit OR rancid OR ""reused oil"" OR ""recycled oil"" OR ""unsafe oil"" OR ""unsafe cooking oil"" OR ""unsafe edible oil"" OR ""mixed with"") AND language:en) NOT (recruitment OR vacancy OR job* OR exam OR ""admit card"" OR ""answer key"" OR syllabus OR ""eat right"" OR fortification OR fortified OR ""trans fat"" OR ""health claims"" OR ""zero maida"" OR ""organic label"" OR ""misleading claims"" OR ""consumer complaints"" OR ""stock market"" OR ""crude oil"" OR petrol OR diesel OR ""engine oil"" OR ""essential oil"" OR ""hair oil"" OR ""massage oil"")",pending,https://timesofindia.indiatimes.com/city/ranchi/crackdown-on-food-adulteration-in-jamshedpur-ahead-of-festive-season/articleshow/114440879.cms
,broad_food_safety_title,,fake,2024-10-21,indiatoday.in,indiatoday.in,Gurugram man's post on Zomato Hyperpure selling 'fake paneer' goes viral,"((""edible oil"" OR ""cooking oil"" OR ""vegetable oil"" OR ""refined oil"" OR ""loose oil"" OR ""loose edible oil"") AND (adulterat* OR contaminat* OR misbrand* OR substandard OR spurious OR fake OR counterfeit OR rancid OR ""reused oil"" OR ""recycled oil"" OR ""unsafe oil"" OR ""unsafe cooking oil"" OR ""unsafe edible oil"" OR ""mixed with"") AND language:en) NOT (recruitment OR vacancy OR job* OR exam OR ""admit card"" OR ""answer key"" OR syllabus OR ""eat right"" OR fortification OR fortified OR ""trans fat"" OR ""health claims"" OR ""zero maida"" OR ""organic label"" OR ""misleading claims"" OR ""consumer complaints"" OR ""stock market"" OR ""crude oil"" OR petrol OR diesel OR ""engine oil"" OR ""essential oil"" OR ""hair oil"" OR ""massage oil"")",pending,https://www.indiatoday.in/trending-news/story/gurugram-man-zomato-hyperpure-selling-fake-paneer-analogue-viral-post-2620445-2024-10-21?utm_source=rss
,broad_food_safety_title,,fake,2024-10-21,hindustantimes.com,hindustantimes.com,Zomato under fire for selling ‘analogue paneer’ to restaurants: What is this fake cheese?,"((""edible oil"" OR ""cooking oil"" OR ""vegetable oil"" OR ""refined oil"" OR ""loose oil"" OR ""loose edible oil"") AND (adulterat* OR contaminat* OR misbrand* OR substandard OR spurious OR fake OR counterfeit OR rancid OR ""reused oil"" OR ""recycled oil"" OR ""unsafe oil"" OR ""unsafe cooking oil"" OR ""unsafe edible oil"" OR ""mixed with"") AND language:en) NOT (recruitment OR vacancy OR job* OR exam OR ""admit card"" OR ""answer key"" OR syllabus OR ""eat right"" OR fortification OR fortified OR ""trans fat"" OR ""health claims"" OR ""zero maida"" OR ""organic label"" OR ""misleading claims"" OR ""consumer complaints"" OR ""stock market"" OR ""crude oil"" OR petrol OR diesel OR ""engine oil"" OR ""essential oil"" OR ""hair oil"" OR ""massage oil"")",pending,https://www.hindustantimes.com/trending/zomato-under-fire-for-selling-analogue-paneer-to-restaurants-what-is-this-fake-cheese-101729494923343.html
,broad_food_safety_title,,adulteration,2024-10-17,thehindu.com,thehindu.com,"Dairy products unit raided on suspicion of adulteration, owner booked","((""edible oil"" OR ""cooking oil"" OR ""vegetable oil"" OR ""refined oil"" OR ""loose oil"" OR ""loose edible oil"") AND (adulterat* OR contaminat* OR misbrand* OR substandard OR spurious OR fake OR counterfeit OR rancid OR ""reused oil"" OR ""recycled oil"" OR ""unsafe oil"" OR ""unsafe cooking oil"" OR ""unsafe edible oil"" OR ""mixed with"") AND language:en) NOT (recruitment OR vacancy OR job* OR exam OR ""admit card"" OR ""answer key"" OR syllabus OR ""eat right"" OR fortification OR fortified OR ""trans fat"" OR ""health claims"" OR ""zero maida"" OR ""organic label"" OR ""misleading claims"" OR ""consumer complaints"" OR ""stock market"" OR ""crude oil"" OR petrol OR diesel OR ""engine oil"" OR ""essential oil"" OR ""hair oil"" OR ""massage oil"")",pending,https://www.thehindu.com/news/cities/Hyderabad/hyderabad-dairy-products-unit-raided-on-suspicion-of-adulteration-owner-booked/article68763777.ece
,broad_food_safety_title,,food safety,2024-10-11,timesofindia.indiatimes.com,indiatimes.com,Intensified Food Safety Vigilance on Dairy Products During Festival Season,"((""edible oil"" OR ""cooking oil"" OR ""vegetable oil"" OR ""refined oil"" OR ""loose oil"" OR ""loose edible oil"") AND (adulterat* OR contaminat* OR misbrand* OR substandard OR spurious OR fake OR counterfeit OR rancid OR ""reused oil"" OR ""recycled oil"" OR ""unsafe oil"" OR ""unsafe cooking oil"" OR ""unsafe edible oil"" OR ""mixed with"") AND language:en) NOT (recruitment OR vacancy OR job* OR exam OR ""admit card"" OR ""answer key"" OR syllabus OR ""eat right"" OR fortification OR fortified OR ""trans fat"" OR ""health claims"" OR ""zero maida"" OR ""organic label"" OR ""misleading claims"" OR ""consumer complaints"" OR ""stock market"" OR ""crude oil"" OR petrol OR diesel OR ""engine oil"" OR ""essential oil"" OR ""hair oil"" OR ""massage oil"")",pending,https://timesofindia.indiatimes.com/city/bhopal/intensified-food-safety-vigilance-on-dairy-products-during-festival-season/articleshow/114156871.cms
,strong_title_match,cooking oil; oil,food safety; seized; unsafe,2024-10-01,deccanchronicle.com,deccanchronicle.com,Hyderabad: Unsafe oil seized from Burger King,"((""edible oil"" OR ""cooking oil"" OR ""vegetable oil"" OR ""refined oil"" OR ""loose oil"" OR ""loose edible oil"") AND (adulterat* OR contaminat* OR misbrand* OR substandard OR spurious OR fake OR counterfeit OR rancid OR ""reused oil"" OR ""recycled oil"" OR ""unsafe oil"" OR ""unsafe cooking oil"" OR ""unsafe edible oil"" OR ""mixed with"") AND language:en) NOT (recruitment OR vacancy OR job* OR exam OR ""admit card"" OR ""answer key"" OR syllabus OR ""eat right"" OR fortification OR fortified OR ""trans fat"" OR ""health claims"" OR ""zero maida"" OR ""organic label"" OR ""misleading claims"" OR ""consumer complaints"" OR ""stock market"" OR ""crude oil"" OR petrol OR diesel OR ""engine oil"" OR ""essential oil"" OR ""hair oil"" OR ""massage oil"")",pending,https://www.deccanchronicle.com/southern-states/telangana/hyderabad-food-safety-dept-seizes-unsafe-cooking-oil-from-burger-king-outlet-1827348
,broad_food_safety_title,,food safety,2024-09-26,thehindu.com,thehindu.com,"Food safety officials seize 1,000 kg cashew, 800 kg raisins of poor quality at Durga temple in Vijayawada","((""edible oil"" OR ""cooking oil"" OR ""vegetable oil"" OR ""refined oil"" OR ""loose oil"" OR ""loose edible oil"") AND (adulterat* OR contaminat* OR misbrand* OR substandard OR spurious OR fake OR counterfeit OR rancid OR ""reused oil"" OR ""recycled oil"" OR ""unsafe oil"" OR ""unsafe cooking oil"" OR ""unsafe edible oil"" OR ""mixed with"") AND language:en) NOT (recruitment OR vacancy OR job* OR exam OR ""admit card"" OR ""answer key"" OR syllabus OR ""eat right"" OR fortification OR fortified OR ""trans fat"" OR ""health claims"" OR ""zero maida"" OR ""organic label"" OR ""misleading claims"" OR ""consumer complaints"" OR ""stock market"" OR ""crude oil"" OR petrol OR diesel OR ""engine oil"" OR ""essential oil"" OR ""hair oil"" OR ""massage oil"")",pending,https://www.thehindu.com/news/national/andhra-pradesh/food-safety-officials-seize-1000-kg-cashew-800-kg-raisins-of-poor-quality-at-durga-temple-in-vijayawada/article68686535.ece
,strong_title_match,cooking oil; oil,fssai,2024-09-25,newindianexpress.com,newindianexpress.com,FSSAI initiative shows uptick in used cooking oil collection in Kerala,"((""edible oil"" OR ""cooking oil"" OR ""vegetable oil"" OR ""refined oil"" OR ""loose oil"" OR ""loose edible oil"") AND (adulterat* OR contaminat* OR misbrand* OR substandard OR spurious OR fake OR counterfeit OR rancid OR ""reused oil"" OR ""recycled oil"" OR ""unsafe oil"" OR ""unsafe cooking oil"" OR ""unsafe edible oil"" OR ""mixed with"") AND language:en) NOT (recruitment OR vacancy OR job* OR exam OR ""admit card"" OR ""answer key"" OR syllabus OR ""eat right"" OR fortification OR fortified OR ""trans fat"" OR ""health claims"" OR ""zero maida"" OR ""organic label"" OR ""misleading claims"" OR ""consumer complaints"" OR ""stock market"" OR ""crude oil"" OR petrol OR diesel OR ""engine oil"" OR ""essential oil"" OR ""hair oil"" OR ""massage oil"")",pending,https://www.newindianexpress.com/states/kerala/2024/Sep/25/fssai-initiative-shows-uptick-in-used-cooking-oil-collection-in-kerala
,broad_food_safety_title,,adulteration; food safety; fda,2024-09-04,freepressjournal.in,freepressjournal.in,Mumbai: FDA Launches Special Festival Food Safety Campaign From September To December 2024 To Prevent Adulteration And Ensure Quality,"((""edible oil"" OR ""cooking oil"" OR ""vegetable oil"" OR ""refined oil"" OR ""loose oil"" OR ""loose edible oil"") AND (adulterat* OR contaminat* OR misbrand* OR substandard OR spurious OR fake OR counterfeit OR rancid OR ""reused oil"" OR ""recycled oil"" OR ""unsafe oil"" OR ""unsafe cooking oil"" OR ""unsafe edible oil"" OR ""mixed with"") AND language:en) NOT (recruitment OR vacancy OR job* OR exam OR ""admit card"" OR ""answer key"" OR syllabus OR ""eat right"" OR fortification OR fortified OR ""trans fat"" OR ""health claims"" OR ""zero maida"" OR ""organic label"" OR ""misleading claims"" OR ""consumer complaints"" OR ""stock market"" OR ""crude oil"" OR petrol OR diesel OR ""engine oil"" OR ""essential oil"" OR ""hair oil"" OR ""massage oil"")",pending,https://www.freepressjournal.in/mumbai/mumbai-fda-launches-special-festival-food-safety-campaign-from-september-to-december-2024-to-prevent-adulteration-and-ensure-quality
,broad_food_safety_title,,food safety; fake,2024-08-29,timesofindia.indiatimes.com,indiatimes.com,Food Safety Officers Uncover Trend of Selling Fake Products,"((""edible oil"" OR ""cooking oil"" OR ""vegetable oil"" OR ""refined oil"" OR ""loose oil"" OR ""loose edible oil"") AND (adulterat* OR contaminat* OR misbrand* OR substandard OR spurious OR fake OR counterfeit OR rancid OR ""reused oil"" OR ""recycled oil"" OR ""unsafe oil"" OR ""unsafe cooking oil"" OR ""unsafe edible oil"" OR ""mixed with"") AND language:en) NOT (recruitment OR vacancy OR job* OR exam OR ""admit card"" OR ""answer key"" OR syllabus OR ""eat right"" OR fortification OR fortified OR ""trans fat"" OR ""health claims"" OR ""zero maida"" OR ""organic label"" OR ""misleading claims"" OR ""consumer complaints"" OR ""stock market"" OR ""crude oil"" OR petrol OR diesel OR ""engine oil"" OR ""essential oil"" OR ""hair oil"" OR ""massage oil"")",pending,https://timesofindia.indiatimes.com/city/jaipur/food-safety-officers-uncover-trend-of-selling-fake-products/articleshow/112879595.cms
,strong_title_match,vegetable oil; oil,adulterated; samples; fda,2024-08-21,timesofindia.indiatimes.com,indiatimes.com,"Paneer adulterated with vegetable oil, FDA collects samples","((""edible oil"" OR ""cooking oil"" OR ""vegetable oil"" OR ""refined oil"" OR ""loose oil"" OR ""loose edible oil"") AND (adulterat* OR contaminat* OR misbrand* OR substandard OR spurious OR fake OR counterfeit OR rancid OR ""reused oil"" OR ""recycled oil"" OR ""unsafe oil"" OR ""unsafe cooking oil"" OR ""unsafe edible oil"" OR ""mixed with"") AND language:en) NOT (recruitment OR vacancy OR job* OR exam OR ""admit card"" OR ""answer key"" OR syllabus OR ""eat right"" OR fortification OR fortified OR ""trans fat"" OR ""health claims"" OR ""zero maida"" OR ""organic label"" OR ""misleading claims"" OR ""consumer complaints"" OR ""stock market"" OR ""crude oil"" OR petrol OR diesel OR ""engine oil"" OR ""essential oil"" OR ""hair oil"" OR ""massage oil"")",pending,https://timesofindia.indiatimes.com/city/noida/paneer-adulterated-with-vegetable-oil-fda-collects-samples/articleshow/112664642.cms
,strong_title_match,cooking oil; oil,food safety,2024-07-10,timesofindia.indiatimes.com,indiatimes.com,"Food safety scandal: Fuel tanker trucks used to transport cooking oil in China, suggests report","((""edible oil"" OR ""cooking oil"" OR ""vegetable oil"" OR ""refined oil"" OR ""loose oil"" OR ""loose edible oil"") AND (adulterat* OR contaminat* OR misbrand* OR substandard OR spurious OR fake OR counterfeit OR rancid OR ""reused oil"" OR ""recycled oil"" OR ""unsafe oil"" OR ""unsafe cooking oil"" OR ""unsafe edible oil"" OR ""mixed with"") AND language:en) NOT (recruitment OR vacancy OR job* OR exam OR ""admit card"" OR ""answer key"" OR syllabus OR ""eat right"" OR fortification OR fortified OR ""trans fat"" OR ""health claims"" OR ""zero maida"" OR ""organic label"" OR ""misleading claims"" OR ""consumer complaints"" OR ""stock market"" OR ""crude oil"" OR petrol OR diesel OR ""engine oil"" OR ""essential oil"" OR ""hair oil"" OR ""massage oil"")",pending,https://timesofindia.indiatimes.com/world/china/food-safety-scandal-fuel-tanker-trucks-used-to-transport-cooking-oil-in-china-suggests-report/articleshow/111628414.cms
,broad_food_safety_title,,substandard; fda,2024-07-04,timesofindia.indiatimes.com,indiatimes.com,"FDA seizes 500kg of substandard paneer, curd","((""edible oil"" OR ""cooking oil"" OR ""vegetable oil"" OR ""refined oil"" OR ""loose oil"" OR ""loose edible oil"") AND (adulterat* OR contaminat* OR misbrand* OR substandard OR spurious OR fake OR counterfeit OR rancid OR ""reused oil"" OR ""recycled oil"" OR ""unsafe oil"" OR ""unsafe cooking oil"" OR ""unsafe edible oil"" OR ""mixed with"") AND language:en) NOT (recruitment OR vacancy OR job* OR exam OR ""admit card"" OR ""answer key"" OR syllabus OR ""eat right"" OR fortification OR fortified OR ""trans fat"" OR ""health claims"" OR ""zero maida"" OR ""organic label"" OR ""misleading claims"" OR ""consumer complaints"" OR ""stock market"" OR ""crude oil"" OR petrol OR diesel OR ""engine oil"" OR ""essential oil"" OR ""hair oil"" OR ""massage oil"")",pending,https://timesofindia.indiatimes.com/city/goa/fda-seizes-500kg-of-substandard-paneer-curd/articleshow/111467865.cms
,broad_food_safety_title,,adulteration; penalty,2024-06-28,timesofindia.indiatimes.com,indiatimes.com,Penalty Imposed in 1000 Food Adulteration Cases in 5 Months,"((""edible oil"" OR ""cooking oil"" OR ""vegetable oil"" OR ""refined oil"" OR ""loose oil"" OR ""loose edible oil"") AND (adulterat* OR contaminat* OR misbrand* OR substandard OR spurious OR fake OR counterfeit OR rancid OR ""reused oil"" OR ""recycled oil"" OR ""unsafe oil"" OR ""unsafe cooking oil"" OR ""unsafe edible oil"" OR ""mixed with"") AND language:en) NOT (recruitment OR vacancy OR job* OR exam OR ""admit card"" OR ""answer key"" OR syllabus OR ""eat right"" OR fortification OR fortified OR ""trans fat"" OR ""health claims"" OR ""zero maida"" OR ""organic label"" OR ""misleading claims"" OR ""consumer complaints"" OR ""stock market"" OR ""crude oil"" OR petrol OR diesel OR ""engine oil"" OR ""essential oil"" OR ""hair oil"" OR ""massage oil"")",pending,https://timesofindia.indiatimes.com/city/jaipur/penalty-imposed-in-1000-food-adulteration-cases-in-5-months/articleshow/111327171.cms
,broad_food_safety_title,,food safety; fine,2024-06-20,timesofindia.indiatimes.com,indiatimes.com,Food safety department imposes over 3 lakh fine in two months,"((""edible oil"" OR ""cooking oil"" OR ""vegetable oil"" OR ""refined oil"" OR ""loose oil"" OR ""loose edible oil"") AND (adulterat* OR contaminat* OR misbrand* OR substandard OR spurious OR fake OR counterfeit OR rancid OR ""reused oil"" OR ""recycled oil"" OR ""unsafe oil"" OR ""unsafe cooking oil"" OR ""unsafe edible oil"" OR ""mixed with"") AND language:en) NOT (recruitment OR vacancy OR job* OR exam OR ""admit card"" OR ""answer key"" OR syllabus OR ""eat right"" OR fortification OR fortified OR ""trans fat"" OR ""health claims"" OR ""zero maida"" OR ""organic label"" OR ""misleading claims"" OR ""consumer complaints"" OR ""stock market"" OR ""crude oil"" OR petrol OR diesel OR ""engine oil"" OR ""essential oil"" OR ""hair oil"" OR ""massage oil"")",pending,https://timesofindia.indiatimes.com/city/kochi/food-safety-department-imposes-over-3-lakh-fine-in-two-months/articleshow/111124872.cms
,broad_food_safety_title,,food safety,2024-06-18,timesofindia.indiatimes.com,indiatimes.com,Food Safety Officials Find Pest-Infested Vegetables and Unhygienic Kitchen Conditions in Hostels,"((""edible oil"" OR ""cooking oil"" OR ""vegetable oil"" OR ""refined oil"" OR ""loose oil"" OR ""loose edible oil"") AND (adulterat* OR contaminat* OR misbrand* OR substandard OR spurious OR fake OR counterfeit OR rancid OR ""reused oil"" OR ""recycled oil"" OR ""unsafe oil"" OR ""unsafe cooking oil"" OR ""unsafe edible oil"" OR ""mixed with"") AND language:en) NOT (recruitment OR vacancy OR job* OR exam OR ""admit card"" OR ""answer key"" OR syllabus OR ""eat right"" OR fortification OR fortified OR ""trans fat"" OR ""health claims"" OR ""zero maida"" OR ""organic label"" OR ""misleading claims"" OR ""consumer complaints"" OR ""stock market"" OR ""crude oil"" OR petrol OR diesel OR ""engine oil"" OR ""essential oil"" OR ""hair oil"" OR ""massage oil"")",pending,https://timesofindia.indiatimes.com/city/hyderabad/food-safety-officials-find-pest-infested-vegetables-and-unhygienic-kitchen-conditions-in-hostels/articleshow/111069599.cms
,broad_food_safety_title,,seized,2024-06-12,timesofindia.indiatimes.com,indiatimes.com,386 packs of ice cream seized for missing content details,"((""edible oil"" OR ""cooking oil"" OR ""vegetable oil"" OR ""refined oil"" OR ""loose oil"" OR ""loose edible oil"") AND (adulterat* OR contaminat* OR misbrand* OR substandard OR spurious OR fake OR counterfeit OR rancid OR ""reused oil"" OR ""recycled oil"" OR ""unsafe oil"" OR ""unsafe cooking oil"" OR ""unsafe edible oil"" OR ""mixed with"") AND language:en) NOT (recruitment OR vacancy OR job* OR exam OR ""admit card"" OR ""answer key"" OR syllabus OR ""eat right"" OR fortification OR fortified OR ""trans fat"" OR ""health claims"" OR ""zero maida"" OR ""organic label"" OR ""misleading claims"" OR ""consumer complaints"" OR ""stock market"" OR ""crude oil"" OR petrol OR diesel OR ""engine oil"" OR ""essential oil"" OR ""hair oil"" OR ""massage oil"")",pending,https://timesofindia.indiatimes.com/city/madurai/386-packs-of-ice-cream-seized-for-missing-content-details/articleshow/110922934.cms
,weak_or_body_only_match,,,2024-06-10,newindianexpress.com,newindianexpress.com,CFS Task Force finds unhygienic practices at seven restaurants in Telangana,"((""edible oil"" OR ""cooking oil"" OR ""vegetable oil"" OR ""refined oil"" OR ""loose oil"" OR ""loose edible oil"") AND (adulterat* OR contaminat* OR misbrand* OR substandard OR spurious OR fake OR counterfeit OR rancid OR ""reused oil"" OR ""recycled oil"" OR ""unsafe oil"" OR ""unsafe cooking oil"" OR ""unsafe edible oil"" OR ""mixed with"") AND language:en) NOT (recruitment OR vacancy OR job* OR exam OR ""admit card"" OR ""answer key"" OR syllabus OR ""eat right"" OR fortification OR fortified OR ""trans fat"" OR ""health claims"" OR ""zero maida"" OR ""organic label"" OR ""misleading claims"" OR ""consumer complaints"" OR ""stock market"" OR ""crude oil"" OR petrol OR diesel OR ""engine oil"" OR ""essential oil"" OR ""hair oil"" OR ""massage oil"")",pending,https://www.newindianexpress.com/states/telangana/2024/Jun/10/cfs-task-force-finds-unhygienic-practices-at-seven-restaurants-in-telangana
,broad_food_safety_title,,fake,2024-06-10,timesofindia.indiatimes.com,indiatimes.com,Man nabbed for printing fake notes,"((""edible oil"" OR ""cooking oil"" OR ""vegetable oil"" OR ""refined oil"" OR ""loose oil"" OR ""loose edible oil"") AND (adulterat* OR contaminat* OR misbrand* OR substandard OR spurious OR fake OR counterfeit OR rancid OR ""reused oil"" OR ""recycled oil"" OR ""unsafe oil"" OR ""unsafe cooking oil"" OR ""unsafe edible oil"" OR ""mixed with"") AND language:en) NOT (recruitment OR vacancy OR job* OR exam OR ""admit card"" OR ""answer key"" OR syllabus OR ""eat right"" OR fortification OR fortified OR ""trans fat"" OR ""health claims"" OR ""zero maida"" OR ""organic label"" OR ""misleading claims"" OR ""consumer complaints"" OR ""stock market"" OR ""crude oil"" OR petrol OR diesel OR ""engine oil"" OR ""essential oil"" OR ""hair oil"" OR ""massage oil"")",pending,https://timesofindia.indiatimes.com/city/kolhapur/man-nabbed-for-printing-fake-notes/articleshow/110856606.cms
,strong_title_match,edible oil; oil,fake,2024-06-05,timesofindia.indiatimes.com,indiatimes.com,6 harmful ingredients found in fake edible oil,"((""edible oil"" OR ""cooking oil"" OR ""vegetable oil"" OR ""refined oil"" OR ""loose oil"" OR ""loose edible oil"") AND (adulterat* OR contaminat* OR misbrand* OR substandard OR spurious OR fake OR counterfeit OR rancid OR ""reused oil"" OR ""recycled oil"" OR ""unsafe oil"" OR ""unsafe cooking oil"" OR ""unsafe edible oil"" OR ""mixed with"") AND language:en) NOT (recruitment OR vacancy OR job* OR exam OR ""admit card"" OR ""answer key"" OR syllabus OR ""eat right"" OR fortification OR fortified OR ""trans fat"" OR ""health claims"" OR ""zero maida"" OR ""organic label"" OR ""misleading claims"" OR ""consumer complaints"" OR ""stock market"" OR ""crude oil"" OR petrol OR diesel OR ""engine oil"" OR ""essential oil"" OR ""hair oil"" OR ""massage oil"")",pending,https://timesofindia.indiatimes.com/life-style/food-news/harmful-ingredients-in-fake-edible-oil/articleshow/110737364.cms
,strong_title_match,cooking oil; oil,fake,2024-06-05,timesofindia.indiatimes.com,indiatimes.com,"TOI Health News Morning Briefing| Warning signs of diabetes seen in morning, how to identify fake cooking oil, laptop related health issues, common signs of vitamin A deficiency, and more","((""edible oil"" OR ""cooking oil"" OR ""vegetable oil"" OR ""refined oil"" OR ""loose oil"" OR ""loose edible oil"") AND (adulterat* OR contaminat* OR misbrand* OR substandard OR spurious OR fake OR counterfeit OR rancid OR ""reused oil"" OR ""recycled oil"" OR ""unsafe oil"" OR ""unsafe cooking oil"" OR ""unsafe edible oil"" OR ""mixed with"") AND language:en) NOT (recruitment OR vacancy OR job* OR exam OR ""admit card"" OR ""answer key"" OR syllabus OR ""eat right"" OR fortification OR fortified OR ""trans fat"" OR ""health claims"" OR ""zero maida"" OR ""organic label"" OR ""misleading claims"" OR ""consumer complaints"" OR ""stock market"" OR ""crude oil"" OR petrol OR diesel OR ""engine oil"" OR ""essential oil"" OR ""hair oil"" OR ""massage oil"")",pending,https://timesofindia.indiatimes.com/life-style/health-fitness/health-news/toi-health-news-morning-briefing-warning-signs-of-diabetes-seen-in-morning-how-to-identify-fake-cooking-oil-laptop-related-health-issues-common-signs-of-vitamin-a-deficiency-and-more/articleshow/110702015.cms
,strong_title_match,cooking oil; oil,fssai; fake,2024-06-04,timesofindia.indiatimes.com,indiatimes.com,How to identify fake cooking oil? (FSSAI recommended tips),"((""edible oil"" OR ""cooking oil"" OR ""vegetable oil"" OR ""refined oil"" OR ""loose oil"" OR ""loose edible oil"") AND (adulterat* OR contaminat* OR misbrand* OR substandard OR spurious OR fake OR counterfeit OR rancid OR ""reused oil"" OR ""recycled oil"" OR ""unsafe oil"" OR ""unsafe cooking oil"" OR ""unsafe edible oil"" OR ""mixed with"") AND language:en) NOT (recruitment OR vacancy OR job* OR exam OR ""admit card"" OR ""answer key"" OR syllabus OR ""eat right"" OR fortification OR fortified OR ""trans fat"" OR ""health claims"" OR ""zero maida"" OR ""organic label"" OR ""misleading claims"" OR ""consumer complaints"" OR ""stock market"" OR ""crude oil"" OR petrol OR diesel OR ""engine oil"" OR ""essential oil"" OR ""hair oil"" OR ""massage oil"")",pending,https://timesofindia.indiatimes.com/life-style/health-fitness/health-news/how-to-identify-fake-cooking-oil-fssai-recommended-tips/articleshow/110694766.cms
,weak_or_body_only_match,,,2024-06-01,newindianexpress.com,newindianexpress.com,"Inspectors find eateries, dairy units unhygienic in Telangana","((""edible oil"" OR ""cooking oil"" OR ""vegetable oil"" OR ""refined oil"" OR ""loose oil"" OR ""loose edible oil"") AND (adulterat* OR contaminat* OR misbrand* OR substandard OR spurious OR fake OR counterfeit OR rancid OR ""reused oil"" OR ""recycled oil"" OR ""unsafe oil"" OR ""unsafe cooking oil"" OR ""unsafe edible oil"" OR ""mixed with"") AND language:en) NOT (recruitment OR vacancy OR job* OR exam OR ""admit card"" OR ""answer key"" OR syllabus OR ""eat right"" OR fortification OR fortified OR ""trans fat"" OR ""health claims"" OR ""zero maida"" OR ""organic label"" OR ""misleading claims"" OR ""consumer complaints"" OR ""stock market"" OR ""crude oil"" OR petrol OR diesel OR ""engine oil"" OR ""essential oil"" OR ""hair oil"" OR ""massage oil"")",pending,https://www.newindianexpress.com/states/telangana/2024/Jun/01/inspectors-find-eateries-dairy-units-unhygienic-in-telangana
,broad_food_safety_title,,food safety,2024-05-31,siasat.com,siasat.com,"Widespread food safety violations uncovered in Telangana hotels, dairy factories","((""edible oil"" OR ""cooking oil"" OR ""vegetable oil"" OR ""refined oil"" OR ""loose oil"" OR ""loose edible oil"") AND (adulterat* OR contaminat* OR misbrand* OR substandard OR spurious OR fake OR counterfeit OR rancid OR ""reused oil"" OR ""recycled oil"" OR ""unsafe oil"" OR ""unsafe cooking oil"" OR ""unsafe edible oil"" OR ""mixed with"") AND language:en) NOT (recruitment OR vacancy OR job* OR exam OR ""admit card"" OR ""answer key"" OR syllabus OR ""eat right"" OR fortification OR fortified OR ""trans fat"" OR ""health claims"" OR ""zero maida"" OR ""organic label"" OR ""misleading claims"" OR ""consumer complaints"" OR ""stock market"" OR ""crude oil"" OR petrol OR diesel OR ""engine oil"" OR ""essential oil"" OR ""hair oil"" OR ""massage oil"")",pending,https://www.siasat.com/widespread-food-safety-violations-uncovered-in-telangana-hotels-dairy-factories-3035825/
,broad_food_safety_title,,food safety; test,2024-05-28,timesofindia.indiatimes.com,indiatimes.com,Food Safety Alert in Vadodara: Water and Kulfi Fail Safety Test,"((""edible oil"" OR ""cooking oil"" OR ""vegetable oil"" OR ""refined oil"" OR ""loose oil"" OR ""loose edible oil"") AND (adulterat* OR contaminat* OR misbrand* OR substandard OR spurious OR fake OR counterfeit OR rancid OR ""reused oil"" OR ""recycled oil"" OR ""unsafe oil"" OR ""unsafe cooking oil"" OR ""unsafe edible oil"" OR ""mixed with"") AND language:en) NOT (recruitment OR vacancy OR job* OR exam OR ""admit card"" OR ""answer key"" OR syllabus OR ""eat right"" OR fortification OR fortified OR ""trans fat"" OR ""health claims"" OR ""zero maida"" OR ""organic label"" OR ""misleading claims"" OR ""consumer complaints"" OR ""stock market"" OR ""crude oil"" OR petrol OR diesel OR ""engine oil"" OR ""essential oil"" OR ""hair oil"" OR ""massage oil"")",pending,https://timesofindia.indiatimes.com/city/vadodara/food-safety-alert-in-vadodara-water-and-kulfi-fail-safety-test/articleshow/110477761.cms
,broad_food_safety_title,,food safety,2024-05-24,siasat.com,siasat.com,Hyderabad: GHMC suspends Big Basket warehouse license over food safety violations,"((""edible oil"" OR ""cooking oil"" OR ""vegetable oil"" OR ""refined oil"" OR ""loose oil"" OR ""loose edible oil"") AND (adulterat* OR contaminat* OR misbrand* OR substandard OR spurious OR fake OR counterfeit OR rancid OR ""reused oil"" OR ""recycled oil"" OR ""unsafe oil"" OR ""unsafe cooking oil"" OR ""unsafe edible oil"" OR ""mixed with"") AND language:en) NOT (recruitment OR vacancy OR job* OR exam OR ""admit card"" OR ""answer key"" OR syllabus OR ""eat right"" OR fortification OR fortified OR ""trans fat"" OR ""health claims"" OR ""zero maida"" OR ""organic label"" OR ""misleading claims"" OR ""consumer complaints"" OR ""stock market"" OR ""crude oil"" OR petrol OR diesel OR ""engine oil"" OR ""essential oil"" OR ""hair oil"" OR ""massage oil"")",pending,https://www.siasat.com/hyderabad-ghmc-suspends-big-basket-warehouse-license-over-food-safety-violations-3032129/
,strong_title_match,oil,spurious; seized,2024-05-22,timesofindia.indiatimes.com,indiatimes.com,"Over 12,000 litre of âspuriousâ oil seized","((""edible oil"" OR ""cooking oil"" OR ""vegetable oil"" OR ""refined oil"" OR ""loose oil"" OR ""loose edible oil"") AND (adulterat* OR contaminat* OR misbrand* OR substandard OR spurious OR fake OR counterfeit OR rancid OR ""reused oil"" OR ""recycled oil"" OR ""unsafe oil"" OR ""unsafe cooking oil"" OR ""unsafe edible oil"" OR ""mixed with"") AND language:en) NOT (recruitment OR vacancy OR job* OR exam OR ""admit card"" OR ""answer key"" OR syllabus OR ""eat right"" OR fortification OR fortified OR ""trans fat"" OR ""health claims"" OR ""zero maida"" OR ""organic label"" OR ""misleading claims"" OR ""consumer complaints"" OR ""stock market"" OR ""crude oil"" OR petrol OR diesel OR ""engine oil"" OR ""essential oil"" OR ""hair oil"" OR ""massage oil"")",pending,https://timesofindia.indiatimes.com/city/jaipur/over-12000-litre-of-spurious-oil-seized/articleshow/110316417.cms
,broad_food_safety_title,,adulterated; samples; unsafe,2024-03-16,timesofindia.indiatimes.com,indiatimes.com,Unsafe Paneer Samples Found in Noida Restaurants: Adulterated Paneer Smuggled from Aligarh,"((""edible oil"" OR ""cooking oil"" OR ""vegetable oil"" OR ""refined oil"" OR ""loose oil"" OR ""loose edible oil"") AND (adulterat* OR contaminat* OR misbrand* OR substandard OR spurious OR fake OR counterfeit OR rancid OR ""reused oil"" OR ""recycled oil"" OR ""unsafe oil"" OR ""unsafe cooking oil"" OR ""unsafe edible oil"" OR ""mixed with"") AND language:en) NOT (recruitment OR vacancy OR job* OR exam OR ""admit card"" OR ""answer key"" OR syllabus OR ""eat right"" OR fortification OR fortified OR ""trans fat"" OR ""health claims"" OR ""zero maida"" OR ""organic label"" OR ""misleading claims"" OR ""consumer complaints"" OR ""stock market"" OR ""crude oil"" OR petrol OR diesel OR ""engine oil"" OR ""essential oil"" OR ""hair oil"" OR ""massage oil"")",pending,https://timesofindia.indiatimes.com/city/noida/unsafe-paneer-samples-found-in-noida-restaurants-adulterated-paneer-smuggled-from-aligarh/articleshow/108534978.cms
,strong_title_match,edible oil; oil,seized,2024-03-11,freepressjournal.in,freepressjournal.in,"Indore: Over 5,174 Liters Edible Oil Worth ₹8 lakh Seized","((""edible oil"" OR ""cooking oil"" OR ""vegetable oil"" OR ""refined oil"" OR ""loose oil"" OR ""loose edible oil"") AND (adulterat* OR contaminat* OR misbrand* OR substandard OR spurious OR fake OR counterfeit OR rancid OR ""reused oil"" OR ""recycled oil"" OR ""unsafe oil"" OR ""unsafe cooking oil"" OR ""unsafe edible oil"" OR ""mixed with"") AND language:en) NOT (recruitment OR vacancy OR job* OR exam OR ""admit card"" OR ""answer key"" OR syllabus OR ""eat right"" OR fortification OR fortified OR ""trans fat"" OR ""health claims"" OR ""zero maida"" OR ""organic label"" OR ""misleading claims"" OR ""consumer complaints"" OR ""stock market"" OR ""crude oil"" OR petrol OR diesel OR ""engine oil"" OR ""essential oil"" OR ""hair oil"" OR ""massage oil"")",pending,https://www.freepressjournal.in/indore/indore-over-5174-liters-edible-oil-worth-8-lakh-seized
,broad_food_safety_title,,seized; fake,2024-03-05,timesofindia.indiatimes.com,indiatimes.com,Fake Branded Clothes Worth 1.5L Seized; 3 Held,"((""edible oil"" OR ""cooking oil"" OR ""vegetable oil"" OR ""refined oil"" OR ""loose oil"" OR ""loose edible oil"") AND (adulterat* OR contaminat* OR misbrand* OR substandard OR spurious OR fake OR counterfeit OR rancid OR ""reused oil"" OR ""recycled oil"" OR ""unsafe oil"" OR ""unsafe cooking oil"" OR ""unsafe edible oil"" OR ""mixed with"") AND language:en) NOT (recruitment OR vacancy OR job* OR exam OR ""admit card"" OR ""answer key"" OR syllabus OR ""eat right"" OR fortification OR fortified OR ""trans fat"" OR ""health claims"" OR ""zero maida"" OR ""organic label"" OR ""misleading claims"" OR ""consumer complaints"" OR ""stock market"" OR ""crude oil"" OR petrol OR diesel OR ""engine oil"" OR ""essential oil"" OR ""hair oil"" OR ""massage oil"")",pending,https://timesofindia.indiatimes.com/city/aurangabad/fake-branded-clothes-worth-15l-seized-3-held/articleshow/108225041.cms
,broad_food_safety_title,,fda,2024-03-02,timesofindia.indiatimes.com,indiatimes.com,FDA says selling cheese analogues as ‘paneer’ illegal,"((""edible oil"" OR ""cooking oil"" OR ""vegetable oil"" OR ""refined oil"" OR ""loose oil"" OR ""loose edible oil"") AND (adulterat* OR contaminat* OR misbrand* OR substandard OR spurious OR fake OR counterfeit OR rancid OR ""reused oil"" OR ""recycled oil"" OR ""unsafe oil"" OR ""unsafe cooking oil"" OR ""unsafe edible oil"" OR ""mixed with"") AND language:en) NOT (recruitment OR vacancy OR job* OR exam OR ""admit card"" OR ""answer key"" OR syllabus OR ""eat right"" OR fortification OR fortified OR ""trans fat"" OR ""health claims"" OR ""zero maida"" OR ""organic label"" OR ""misleading claims"" OR ""consumer complaints"" OR ""stock market"" OR ""crude oil"" OR petrol OR diesel OR ""engine oil"" OR ""essential oil"" OR ""hair oil"" OR ""massage oil"")",pending,https://timesofindia.indiatimes.com/city/nagpur/fda-says-selling-cheese-analogues-as-paneer-illegal/articleshow/108152356.cms
,broad_food_safety_title,,fda,2024-03-02,timesofindia.indiatimes.com,indiatimes.com,FDA Seizes 442kg ‘Cheese Analogues’ Worth ₹92k in Nagpur: The ‘Paneer Tikka’ Scandal,"((""edible oil"" OR ""cooking oil"" OR ""vegetable oil"" OR ""refined oil"" OR ""loose oil"" OR ""loose edible oil"") AND (adulterat* OR contaminat* OR misbrand* OR substandard OR spurious OR fake OR counterfeit OR rancid OR ""reused oil"" OR ""recycled oil"" OR ""unsafe oil"" OR ""unsafe cooking oil"" OR ""unsafe edible oil"" OR ""mixed with"") AND language:en) NOT (recruitment OR vacancy OR job* OR exam OR ""admit card"" OR ""answer key"" OR syllabus OR ""eat right"" OR fortification OR fortified OR ""trans fat"" OR ""health claims"" OR ""zero maida"" OR ""organic label"" OR ""misleading claims"" OR ""consumer complaints"" OR ""stock market"" OR ""crude oil"" OR petrol OR diesel OR ""engine oil"" OR ""essential oil"" OR ""hair oil"" OR ""massage oil"")",pending,https://timesofindia.indiatimes.com/city/nagpur/fda-seizes-442kg-cheese-analogues-worth-92k-in-nagpur-the-paneer-tikka-scandal/articleshow/108152358.cms
,strong_title_match,vegetable oil; oil,fake; fda,2024-02-23,indiatoday.in,indiatoday.in,Fake cheese? McDonald's responds after vegetable oil found in burgers and nuggets,"((""edible oil"" OR ""cooking oil"" OR ""vegetable oil"" OR ""refined oil"" OR ""loose oil"" OR ""loose edible oil"") AND (adulterat* OR contaminat* OR misbrand* OR substandard OR spurious OR fake OR counterfeit OR rancid OR ""reused oil"" OR ""recycled oil"" OR ""unsafe oil"" OR ""unsafe cooking oil"" OR ""unsafe edible oil"" OR ""mixed with"") AND language:en) NOT (recruitment OR vacancy OR job* OR exam OR ""admit card"" OR ""answer key"" OR syllabus OR ""eat right"" OR fortification OR fortified OR ""trans fat"" OR ""health claims"" OR ""zero maida"" OR ""organic label"" OR ""misleading claims"" OR ""consumer complaints"" OR ""stock market"" OR ""crude oil"" OR petrol OR diesel OR ""engine oil"" OR ""essential oil"" OR ""hair oil"" OR ""massage oil"")",pending,https://www.indiatoday.in/business/story/mcdonalds-responds-to-fake-cheese-crackdown-maharashtra-fda-2506260-2024-02-23?utm_source=rss
,broad_food_safety_title,,food safety,2024-02-23,thehindu.com,thehindu.com,Telangana gears up for food safety checks after McDonald’s ‘cheesy deception’ in Maharashtra,"((""edible oil"" OR ""cooking oil"" OR ""vegetable oil"" OR ""refined oil"" OR ""loose oil"" OR ""loose edible oil"") AND (adulterat* OR contaminat* OR misbrand* OR substandard OR spurious OR fake OR counterfeit OR rancid OR ""reused oil"" OR ""recycled oil"" OR ""unsafe oil"" OR ""unsafe cooking oil"" OR ""unsafe edible oil"" OR ""mixed with"") AND language:en) NOT (recruitment OR vacancy OR job* OR exam OR ""admit card"" OR ""answer key"" OR syllabus OR ""eat right"" OR fortification OR fortified OR ""trans fat"" OR ""health claims"" OR ""zero maida"" OR ""organic label"" OR ""misleading claims"" OR ""consumer complaints"" OR ""stock market"" OR ""crude oil"" OR petrol OR diesel OR ""engine oil"" OR ""essential oil"" OR ""hair oil"" OR ""massage oil"")",pending,https://www.thehindu.com/news/national/telangana/telangana-gears-up-for-food-safety-checks-after-mcdonalds-cheesy-deception-in-maharashtra/article67878937.ece
,broad_food_safety_title,,adulteration; food safety,2023-11-13,food.ndtv.com,ndtv.com,"5 Easy Food Adulteration Tests You Can Perform At Home, As Shared By Food Authority","((""edible oil"" OR ""cooking oil"" OR ""vegetable oil"" OR ""refined oil"" OR ""loose oil"" OR ""loose edible oil"") AND (adulterat* OR contaminat* OR misbrand* OR substandard OR spurious OR fake OR counterfeit OR rancid OR ""reused oil"" OR ""recycled oil"" OR ""unsafe oil"" OR ""unsafe cooking oil"" OR ""unsafe edible oil"" OR ""mixed with"") AND language:en) NOT (recruitment OR vacancy OR job* OR exam OR ""admit card"" OR ""answer key"" OR syllabus OR ""eat right"" OR fortification OR fortified OR ""trans fat"" OR ""health claims"" OR ""zero maida"" OR ""organic label"" OR ""misleading claims"" OR ""consumer complaints"" OR ""stock market"" OR ""crude oil"" OR petrol OR diesel OR ""engine oil"" OR ""essential oil"" OR ""hair oil"" OR ""massage oil"")",pending,https://food.ndtv.com/food-drinks/food-adulteration-tests-5-easy-food-safety-tests-you-can-perform-at-home-as-shared-by-food-authority-4569847#publisher=newsstand
,broad_food_safety_title,,seized; raids,2023-10-06,indiatoday.in,indiatoday.in,"Rs 6 crore cash, gold seized from 'secret room' in tax raids on Kanpur company","((""edible oil"" OR ""cooking oil"" OR ""vegetable oil"" OR ""refined oil"" OR ""loose oil"" OR ""loose edible oil"") AND (adulterat* OR contaminat* OR misbrand* OR substandard OR spurious OR fake OR counterfeit OR rancid OR ""reused oil"" OR ""recycled oil"" OR ""unsafe oil"" OR ""unsafe cooking oil"" OR ""unsafe edible oil"" OR ""mixed with"") AND language:en) NOT (recruitment OR vacancy OR job* OR exam OR ""admit card"" OR ""answer key"" OR syllabus OR ""eat right"" OR fortification OR fortified OR ""trans fat"" OR ""health claims"" OR ""zero maida"" OR ""organic label"" OR ""misleading claims"" OR ""consumer complaints"" OR ""stock market"" OR ""crude oil"" OR petrol OR diesel OR ""engine oil"" OR ""essential oil"" OR ""hair oil"" OR ""massage oil"")",pending,https://www.indiatoday.in/india/story/cash-gold-seized-secret-room-tax-raids-kanpur-company-2445481-2023-10-06?utm_source=rss
,broad_food_safety_title,,substandard,2023-09-20,newindianexpress.com,newindianexpress.com,Resentment grows over substandard ration supply to kanyashram school in Odisha,"((""edible oil"" OR ""cooking oil"" OR ""vegetable oil"" OR ""refined oil"" OR ""loose oil"" OR ""loose edible oil"") AND (adulterat* OR contaminat* OR misbrand* OR substandard OR spurious OR fake OR counterfeit OR rancid OR ""reused oil"" OR ""recycled oil"" OR ""unsafe oil"" OR ""unsafe cooking oil"" OR ""unsafe edible oil"" OR ""mixed with"") AND language:en) NOT (recruitment OR vacancy OR job* OR exam OR ""admit card"" OR ""answer key"" OR syllabus OR ""eat right"" OR fortification OR fortified OR ""trans fat"" OR ""health claims"" OR ""zero maida"" OR ""organic label"" OR ""misleading claims"" OR ""consumer complaints"" OR ""stock market"" OR ""crude oil"" OR petrol OR diesel OR ""engine oil"" OR ""essential oil"" OR ""hair oil"" OR ""massage oil"")",pending,http://www.newindianexpress.com/states/odisha/2023/sep/20/resentment-grows-over-substandard-ration-supply-tokanyashram-school-in-odisha-2616580.html
,broad_food_safety_title,,raids; fda,2023-09-20,timesofindia.indiatimes.com,indiatimes.com,Mumbai Fda Team Raids City’s Betel Nut Traders,"((""edible oil"" OR ""cooking oil"" OR ""vegetable oil"" OR ""refined oil"" OR ""loose oil"" OR ""loose edible oil"") AND (adulterat* OR contaminat* OR misbrand* OR substandard OR spurious OR fake OR counterfeit OR rancid OR ""reused oil"" OR ""recycled oil"" OR ""unsafe oil"" OR ""unsafe cooking oil"" OR ""unsafe edible oil"" OR ""mixed with"") AND language:en) NOT (recruitment OR vacancy OR job* OR exam OR ""admit card"" OR ""answer key"" OR syllabus OR ""eat right"" OR fortification OR fortified OR ""trans fat"" OR ""health claims"" OR ""zero maida"" OR ""organic label"" OR ""misleading claims"" OR ""consumer complaints"" OR ""stock market"" OR ""crude oil"" OR petrol OR diesel OR ""engine oil"" OR ""essential oil"" OR ""hair oil"" OR ""massage oil"")",pending,https://timesofindia.indiatimes.com/city/nagpur/mumbai-fda-team-raids-citys-betel-nut-traders/articleshow/103796119.cms
,broad_food_safety_title,,fda,2023-09-16,timesofindia.indiatimes.com,indiatimes.com,Fda Seizes Food Stuff From Guj Buses,"((""edible oil"" OR ""cooking oil"" OR ""vegetable oil"" OR ""refined oil"" OR ""loose oil"" OR ""loose edible oil"") AND (adulterat* OR contaminat* OR misbrand* OR substandard OR spurious OR fake OR counterfeit OR rancid OR ""reused oil"" OR ""recycled oil"" OR ""unsafe oil"" OR ""unsafe cooking oil"" OR ""unsafe edible oil"" OR ""mixed with"") AND language:en) NOT (recruitment OR vacancy OR job* OR exam OR ""admit card"" OR ""answer key"" OR syllabus OR ""eat right"" OR fortification OR fortified OR ""trans fat"" OR ""health claims"" OR ""zero maida"" OR ""organic label"" OR ""misleading claims"" OR ""consumer complaints"" OR ""stock market"" OR ""crude oil"" OR petrol OR diesel OR ""engine oil"" OR ""essential oil"" OR ""hair oil"" OR ""massage oil"")",pending,https://timesofindia.indiatimes.com/city/nashik/fda-seizes-food-stuff-from-guj-buses/articleshow/103703651.cms
,strong_title_match,oil,adulterated; food safety,2023-08-30,hindustantimes.com,hindustantimes.com,"Ahead of festive season, adulterated paneer, milk, and oil raise alarms for food safety in Lucknow","((""edible oil"" OR ""cooking oil"" OR ""vegetable oil"" OR ""refined oil"" OR ""loose oil"" OR ""loose edible oil"") AND (adulterat* OR contaminat* OR misbrand* OR substandard OR spurious OR fake OR counterfeit OR rancid OR ""reused oil"" OR ""recycled oil"" OR ""unsafe oil"" OR ""unsafe cooking oil"" OR ""unsafe edible oil"" OR ""mixed with"") AND language:en) NOT (recruitment OR vacancy OR job* OR exam OR ""admit card"" OR ""answer key"" OR syllabus OR ""eat right"" OR fortification OR fortified OR ""trans fat"" OR ""health claims"" OR ""zero maida"" OR ""organic label"" OR ""misleading claims"" OR ""consumer complaints"" OR ""stock market"" OR ""crude oil"" OR petrol OR diesel OR ""engine oil"" OR ""essential oil"" OR ""hair oil"" OR ""massage oil"")",pending,https://www.hindustantimes.com/cities/others/ahead-of-festive-season-adulterated-paneer-milk-and-oil-raise-alarms-for-food-safety-in-lucknow-101693406351671.html
,broad_food_safety_title,,seized; fssai; fake,2023-08-12,mid-day.com,mid-day.com,Thane: Rs 4.82 lakh-worth food items manufactured using fake FSSAI licence seized; four booked,"((""edible oil"" OR ""cooking oil"" OR ""vegetable oil"" OR ""refined oil"" OR ""loose oil"" OR ""loose edible oil"") AND (adulterat* OR contaminat* OR misbrand* OR substandard OR spurious OR fake OR counterfeit OR rancid OR ""reused oil"" OR ""recycled oil"" OR ""unsafe oil"" OR ""unsafe cooking oil"" OR ""unsafe edible oil"" OR ""mixed with"") AND language:en) NOT (recruitment OR vacancy OR job* OR exam OR ""admit card"" OR ""answer key"" OR syllabus OR ""eat right"" OR fortification OR fortified OR ""trans fat"" OR ""health claims"" OR ""zero maida"" OR ""organic label"" OR ""misleading claims"" OR ""consumer complaints"" OR ""stock market"" OR ""crude oil"" OR petrol OR diesel OR ""engine oil"" OR ""essential oil"" OR ""hair oil"" OR ""massage oil"")",pending,https://www.mid-day.com/mumbai/mumbai-news/article/thane-rs-4-82-lakh-worth-food-items-manufactured-using-fake-fssai-licence-seized-four-booked-23303251
,broad_food_safety_title,,substandard,2023-08-09,timesofindia.indiatimes.com,indiatimes.com,Substandard: Paneer Sold By Leading Sellers Found Substandard,"((""edible oil"" OR ""cooking oil"" OR ""vegetable oil"" OR ""refined oil"" OR ""loose oil"" OR ""loose edible oil"") AND (adulterat* OR contaminat* OR misbrand* OR substandard OR spurious OR fake OR counterfeit OR rancid OR ""reused oil"" OR ""recycled oil"" OR ""unsafe oil"" OR ""unsafe cooking oil"" OR ""unsafe edible oil"" OR ""mixed with"") AND language:en) NOT (recruitment OR vacancy OR job* OR exam OR ""admit card"" OR ""answer key"" OR syllabus OR ""eat right"" OR fortification OR fortified OR ""trans fat"" OR ""health claims"" OR ""zero maida"" OR ""organic label"" OR ""misleading claims"" OR ""consumer complaints"" OR ""stock market"" OR ""crude oil"" OR petrol OR diesel OR ""engine oil"" OR ""essential oil"" OR ""hair oil"" OR ""massage oil"")",pending,https://timesofindia.indiatimes.com/city/vadodara/paneer-sold-by-leading-sellers-found-substandard/articleshow/102557545.cms
,broad_food_safety_title,,fda,2023-08-06,timesofindia.indiatimes.com,indiatimes.com,Food Quality: Fda Starts Drive To Check For Unhygienic Food Items On Sale,"((""edible oil"" OR ""cooking oil"" OR ""vegetable oil"" OR ""refined oil"" OR ""loose oil"" OR ""loose edible oil"") AND (adulterat* OR contaminat* OR misbrand* OR substandard OR spurious OR fake OR counterfeit OR rancid OR ""reused oil"" OR ""recycled oil"" OR ""unsafe oil"" OR ""unsafe cooking oil"" OR ""unsafe edible oil"" OR ""mixed with"") AND language:en) NOT (recruitment OR vacancy OR job* OR exam OR ""admit card"" OR ""answer key"" OR syllabus OR ""eat right"" OR fortification OR fortified OR ""trans fat"" OR ""health claims"" OR ""zero maida"" OR ""organic label"" OR ""misleading claims"" OR ""consumer complaints"" OR ""stock market"" OR ""crude oil"" OR petrol OR diesel OR ""engine oil"" OR ""essential oil"" OR ""hair oil"" OR ""massage oil"")",pending,https://timesofindia.indiatimes.com/city/nashik/fda-starts-drive-to-check-for-unhygienic-food-items-on-sale/articleshow/102464285.cms
,broad_food_safety_title,,fake,2023-07-22,ndtv.com,ndtv.com,Adani Wilmar Files Police Complaint Against B2B Platform Over Fake 'Fortune' Brand Products,"((""edible oil"" OR ""cooking oil"" OR ""vegetable oil"" OR ""refined oil"" OR ""loose oil"" OR ""loose edible oil"") AND (adulterat* OR contaminat* OR misbrand* OR substandard OR spurious OR fake OR counterfeit OR rancid OR ""reused oil"" OR ""recycled oil"" OR ""unsafe oil"" OR ""unsafe cooking oil"" OR ""unsafe edible oil"" OR ""mixed with"") AND language:en) NOT (recruitment OR vacancy OR job* OR exam OR ""admit card"" OR ""answer key"" OR syllabus OR ""eat right"" OR fortification OR fortified OR ""trans fat"" OR ""health claims"" OR ""zero maida"" OR ""organic label"" OR ""misleading claims"" OR ""consumer complaints"" OR ""stock market"" OR ""crude oil"" OR petrol OR diesel OR ""engine oil"" OR ""essential oil"" OR ""hair oil"" OR ""massage oil"")",pending,https://www.ndtv.com/india-news/adani-wilmar-files-police-complaint-against-b2b-platform-over-fake-fortune-brand-products-4232719#publisher=newsstand
,broad_food_safety_title,,adulteration; food safety,2023-07-08,timesofindia.indiatimes.com,indiatimes.com,Department Of Food Safety: Dc Directs Stern Action Against Food Adulteration,"((""edible oil"" OR ""cooking oil"" OR ""vegetable oil"" OR ""refined oil"" OR ""loose oil"" OR ""loose edible oil"") AND (adulterat* OR contaminat* OR misbrand* OR substandard OR spurious OR fake OR counterfeit OR rancid OR ""reused oil"" OR ""recycled oil"" OR ""unsafe oil"" OR ""unsafe cooking oil"" OR ""unsafe edible oil"" OR ""mixed with"") AND language:en) NOT (recruitment OR vacancy OR job* OR exam OR ""admit card"" OR ""answer key"" OR syllabus OR ""eat right"" OR fortification OR fortified OR ""trans fat"" OR ""health claims"" OR ""zero maida"" OR ""organic label"" OR ""misleading claims"" OR ""consumer complaints"" OR ""stock market"" OR ""crude oil"" OR petrol OR diesel OR ""engine oil"" OR ""essential oil"" OR ""hair oil"" OR ""massage oil"")",pending,https://timesofindia.indiatimes.com/city/mysuru/dc-directs-stern-action-against-food-adulteration/articleshow/101586707.cms
,broad_food_safety_title,,fake,2023-07-01,siasat.com,siasat.com,"'Beware of fake guarantees,' PM Modi mocks Congress in MP","((""edible oil"" OR ""cooking oil"" OR ""vegetable oil"" OR ""refined oil"" OR ""loose oil"" OR ""loose edible oil"") AND (adulterat* OR contaminat* OR misbrand* OR substandard OR spurious OR fake OR counterfeit OR rancid OR ""reused oil"" OR ""recycled oil"" OR ""unsafe oil"" OR ""unsafe cooking oil"" OR ""unsafe edible oil"" OR ""mixed with"") AND language:en) NOT (recruitment OR vacancy OR job* OR exam OR ""admit card"" OR ""answer key"" OR syllabus OR ""eat right"" OR fortification OR fortified OR ""trans fat"" OR ""health claims"" OR ""zero maida"" OR ""organic label"" OR ""misleading claims"" OR ""consumer complaints"" OR ""stock market"" OR ""crude oil"" OR petrol OR diesel OR ""engine oil"" OR ""essential oil"" OR ""hair oil"" OR ""massage oil"")",pending,https://www.siasat.com/beware-of-fake-guarantees-pm-modi-mocks-congress-in-mp-2629466/
,broad_food_safety_title,,fake,2023-06-23,thehansindia.com,thehansindia.com,Bigg Boss OTT 2: BB exposes Akanksha Puri's 'fake behavior',"((""edible oil"" OR ""cooking oil"" OR ""vegetable oil"" OR ""refined oil"" OR ""loose oil"" OR ""loose edible oil"") AND (adulterat* OR contaminat* OR misbrand* OR substandard OR spurious OR fake OR counterfeit OR rancid OR ""reused oil"" OR ""recycled oil"" OR ""unsafe oil"" OR ""unsafe cooking oil"" OR ""unsafe edible oil"" OR ""mixed with"") AND language:en) NOT (recruitment OR vacancy OR job* OR exam OR ""admit card"" OR ""answer key"" OR syllabus OR ""eat right"" OR fortification OR fortified OR ""trans fat"" OR ""health claims"" OR ""zero maida"" OR ""organic label"" OR ""misleading claims"" OR ""consumer complaints"" OR ""stock market"" OR ""crude oil"" OR petrol OR diesel OR ""engine oil"" OR ""essential oil"" OR ""hair oil"" OR ""massage oil"")",pending,https://www.thehansindia.com/ott-web-series/bigg-boss-ott-2-bb-exposes-akanksha-puris-fake-behavior-804832
,broad_food_safety_title,,food safety,2023-06-23,thehindu.com,thehindu.com,District administration to strengthen food safety enforcement,"((""edible oil"" OR ""cooking oil"" OR ""vegetable oil"" OR ""refined oil"" OR ""loose oil"" OR ""loose edible oil"") AND (adulterat* OR contaminat* OR misbrand* OR substandard OR spurious OR fake OR counterfeit OR rancid OR ""reused oil"" OR ""recycled oil"" OR ""unsafe oil"" OR ""unsafe cooking oil"" OR ""unsafe edible oil"" OR ""mixed with"") AND language:en) NOT (recruitment OR vacancy OR job* OR exam OR ""admit card"" OR ""answer key"" OR syllabus OR ""eat right"" OR fortification OR fortified OR ""trans fat"" OR ""health claims"" OR ""zero maida"" OR ""organic label"" OR ""misleading claims"" OR ""consumer complaints"" OR ""stock market"" OR ""crude oil"" OR petrol OR diesel OR ""engine oil"" OR ""essential oil"" OR ""hair oil"" OR ""massage oil"")",pending,https://www.thehindu.com/news/national/kerala/district-administration-to-strengthen-food-safety-enforcement/article67001558.ece
,oil_context_only_in_title,oil,,2023-05-29,timesofindia.indiatimes.com,indiatimes.com,Two Oil Mills Sealed For Unhygienic Conditions,"((""edible oil"" OR ""cooking oil"" OR ""vegetable oil"" OR ""refined oil"" OR ""loose oil"" OR ""loose edible oil"") AND (adulterat* OR contaminat* OR misbrand* OR substandard OR spurious OR fake OR counterfeit OR rancid OR ""reused oil"" OR ""recycled oil"" OR ""unsafe oil"" OR ""unsafe cooking oil"" OR ""unsafe edible oil"" OR ""mixed with"") AND language:en) NOT (recruitment OR vacancy OR job* OR exam OR ""admit card"" OR ""answer key"" OR syllabus OR ""eat right"" OR fortification OR fortified OR ""trans fat"" OR ""health claims"" OR ""zero maida"" OR ""organic label"" OR ""misleading claims"" OR ""consumer complaints"" OR ""stock market"" OR ""crude oil"" OR petrol OR diesel OR ""engine oil"" OR ""essential oil"" OR ""hair oil"" OR ""massage oil"")",pending,https://timesofindia.indiatimes.com/city/trichy/two-oil-mills-sealed-for-unhygienic-conditions/articleshow/100579692.cms
,strong_title_match,cooking oil; oil,food safety,2023-05-28,timesofindia.indiatimes.com,indiatimes.com,Food safety department locks and seal two cooking oil mills in Trichy city,"((""edible oil"" OR ""cooking oil"" OR ""vegetable oil"" OR ""refined oil"" OR ""loose oil"" OR ""loose edible oil"") AND (adulterat* OR contaminat* OR misbrand* OR substandard OR spurious OR fake OR counterfeit OR rancid OR ""reused oil"" OR ""recycled oil"" OR ""unsafe oil"" OR ""unsafe cooking oil"" OR ""unsafe edible oil"" OR ""mixed with"") AND language:en) NOT (recruitment OR vacancy OR job* OR exam OR ""admit card"" OR ""answer key"" OR syllabus OR ""eat right"" OR fortification OR fortified OR ""trans fat"" OR ""health claims"" OR ""zero maida"" OR ""organic label"" OR ""misleading claims"" OR ""consumer complaints"" OR ""stock market"" OR ""crude oil"" OR petrol OR diesel OR ""engine oil"" OR ""essential oil"" OR ""hair oil"" OR ""massage oil"")",pending,https://timesofindia.indiatimes.com/city/trichy/food-safety-department-locks-and-seal-two-cooking-oil-mills-in-trichy-city/articleshow/100572169.cms
,broad_food_safety_title,,fda,2023-05-01,hindustantimes.com,hindustantimes.com,10- and 20-litre water jars to come under FDA regulations,"((""edible oil"" OR ""cooking oil"" OR ""vegetable oil"" OR ""refined oil"" OR ""loose oil"" OR ""loose edible oil"") AND (adulterat* OR contaminat* OR misbrand* OR substandard OR spurious OR fake OR counterfeit OR rancid OR ""reused oil"" OR ""recycled oil"" OR ""unsafe oil"" OR ""unsafe cooking oil"" OR ""unsafe edible oil"" OR ""mixed with"") AND language:en) NOT (recruitment OR vacancy OR job* OR exam OR ""admit card"" OR ""answer key"" OR syllabus OR ""eat right"" OR fortification OR fortified OR ""trans fat"" OR ""health claims"" OR ""zero maida"" OR ""organic label"" OR ""misleading claims"" OR ""consumer complaints"" OR ""stock market"" OR ""crude oil"" OR petrol OR diesel OR ""engine oil"" OR ""essential oil"" OR ""hair oil"" OR ""massage oil"")",pending,https://www.hindustantimes.com/cities/mumbai-news/fda-to-regulate-water-plants-in-mumbai-to-ensure-potable-water-curb-food-poisoning-incidents-at-functions-and-gatherings-waterregulation-fda-mumbai-101682882520748.html
,strong_title_match,oils,adulteration; food safety,2023-04-22,thehindubusinessline.com,thehindubusinessline.com,"Keep tabs on adulteration in edible oils, cautions food safety authority","((""edible oil"" OR ""cooking oil"" OR ""vegetable oil"" OR ""refined oil"" OR ""loose oil"" OR ""loose edible oil"") AND (adulterat* OR contaminat* OR misbrand* OR substandard OR spurious OR fake OR counterfeit OR rancid OR ""reused oil"" OR ""recycled oil"" OR ""unsafe oil"" OR ""unsafe cooking oil"" OR ""unsafe edible oil"" OR ""mixed with"") AND language:en) NOT (recruitment OR vacancy OR job* OR exam OR ""admit card"" OR ""answer key"" OR syllabus OR ""eat right"" OR fortification OR fortified OR ""trans fat"" OR ""health claims"" OR ""zero maida"" OR ""organic label"" OR ""misleading claims"" OR ""consumer complaints"" OR ""stock market"" OR ""crude oil"" OR petrol OR diesel OR ""engine oil"" OR ""essential oil"" OR ""hair oil"" OR ""massage oil"")",pending,https://www.thehindubusinessline.com/economy/agri-business/keep-tabs-on-adulteration-in-edible-oils-cautions-food-safety-authority/article66766803.ece
,broad_food_safety_title,,samples; test,2023-04-06,tribuneindia.com,tribuneindia.com,Ambala: 25% food samples fail quality test,"((""edible oil"" OR ""cooking oil"" OR ""vegetable oil"" OR ""refined oil"" OR ""loose oil"" OR ""loose edible oil"") AND (adulterat* OR contaminat* OR misbrand* OR substandard OR spurious OR fake OR counterfeit OR rancid OR ""reused oil"" OR ""recycled oil"" OR ""unsafe oil"" OR ""unsafe cooking oil"" OR ""unsafe edible oil"" OR ""mixed with"") AND language:en) NOT (recruitment OR vacancy OR job* OR exam OR ""admit card"" OR ""answer key"" OR syllabus OR ""eat right"" OR fortification OR fortified OR ""trans fat"" OR ""health claims"" OR ""zero maida"" OR ""organic label"" OR ""misleading claims"" OR ""consumer complaints"" OR ""stock market"" OR ""crude oil"" OR petrol OR diesel OR ""engine oil"" OR ""essential oil"" OR ""hair oil"" OR ""massage oil"")",pending,https://www.tribuneindia.com/news/haryana/25-food-samples-fail-quality-test-494650
,broad_food_safety_title,,fake,2023-03-08,thehindu.com,thehindu.com,Home and away: On rumours and fake news about migrant workers in TN,"((""edible oil"" OR ""cooking oil"" OR ""vegetable oil"" OR ""refined oil"" OR ""loose oil"" OR ""loose edible oil"") AND (adulterat* OR contaminat* OR misbrand* OR substandard OR spurious OR fake OR counterfeit OR rancid OR ""reused oil"" OR ""recycled oil"" OR ""unsafe oil"" OR ""unsafe cooking oil"" OR ""unsafe edible oil"" OR ""mixed with"") AND language:en) NOT (recruitment OR vacancy OR job* OR exam OR ""admit card"" OR ""answer key"" OR syllabus OR ""eat right"" OR fortification OR fortified OR ""trans fat"" OR ""health claims"" OR ""zero maida"" OR ""organic label"" OR ""misleading claims"" OR ""consumer complaints"" OR ""stock market"" OR ""crude oil"" OR petrol OR diesel OR ""engine oil"" OR ""essential oil"" OR ""hair oil"" OR ""massage oil"")",pending,https://www.thehindu.com/opinion/editorial/home-and-away-on-rumours-and-fake-news-about-migrant-workers-in-tn/article66591699.ece
,broad_food_safety_title,,adulteration; fssai,2023-02-17,business-standard.com,business-standard.com,SC notice to FSSAI on adulteration: How to check if your milk is soap free,"((""edible oil"" OR ""cooking oil"" OR ""vegetable oil"" OR ""refined oil"" OR ""loose oil"" OR ""loose edible oil"") AND (adulterat* OR contaminat* OR misbrand* OR substandard OR spurious OR fake OR counterfeit OR rancid OR ""reused oil"" OR ""recycled oil"" OR ""unsafe oil"" OR ""unsafe cooking oil"" OR ""unsafe edible oil"" OR ""mixed with"") AND language:en) NOT (recruitment OR vacancy OR job* OR exam OR ""admit card"" OR ""answer key"" OR syllabus OR ""eat right"" OR fortification OR fortified OR ""trans fat"" OR ""health claims"" OR ""zero maida"" OR ""organic label"" OR ""misleading claims"" OR ""consumer complaints"" OR ""stock market"" OR ""crude oil"" OR petrol OR diesel OR ""engine oil"" OR ""essential oil"" OR ""hair oil"" OR ""massage oil"")",pending,https://www.business-standard.com/article/current-affairs/sc-notice-to-fssai-on-adulteration-how-to-check-if-your-milk-is-soap-free-123021700786_1.html
,broad_food_safety_title,,adulteration; fssai,2023-02-17,freepressjournal.in,freepressjournal.in,SC notice to FSSAI on implementation of directions to curb milk adulteration,"((""edible oil"" OR ""cooking oil"" OR ""vegetable oil"" OR ""refined oil"" OR ""loose oil"" OR ""loose edible oil"") AND (adulterat* OR contaminat* OR misbrand* OR substandard OR spurious OR fake OR counterfeit OR rancid OR ""reused oil"" OR ""recycled oil"" OR ""unsafe oil"" OR ""unsafe cooking oil"" OR ""unsafe edible oil"" OR ""mixed with"") AND language:en) NOT (recruitment OR vacancy OR job* OR exam OR ""admit card"" OR ""answer key"" OR syllabus OR ""eat right"" OR fortification OR fortified OR ""trans fat"" OR ""health claims"" OR ""zero maida"" OR ""organic label"" OR ""misleading claims"" OR ""consumer complaints"" OR ""stock market"" OR ""crude oil"" OR petrol OR diesel OR ""engine oil"" OR ""essential oil"" OR ""hair oil"" OR ""massage oil"")",pending,https://www.freepressjournal.in/india/sc-notice-to-fssai-on-implementation-of-directions-to-curb-milk-adulteration
,strong_title_match,oil,food safety,2023-02-11,newindianexpress.com,newindianexpress.com,Food safety dept to check on oil merchants,"((""edible oil"" OR ""cooking oil"" OR ""vegetable oil"" OR ""refined oil"" OR ""loose oil"" OR ""loose edible oil"") AND (adulterat* OR contaminat* OR misbrand* OR substandard OR spurious OR fake OR counterfeit OR rancid OR ""reused oil"" OR ""recycled oil"" OR ""unsafe oil"" OR ""unsafe cooking oil"" OR ""unsafe edible oil"" OR ""mixed with"") AND language:en) NOT (recruitment OR vacancy OR job* OR exam OR ""admit card"" OR ""answer key"" OR syllabus OR ""eat right"" OR fortification OR fortified OR ""trans fat"" OR ""health claims"" OR ""zero maida"" OR ""organic label"" OR ""misleading claims"" OR ""consumer complaints"" OR ""stock market"" OR ""crude oil"" OR petrol OR diesel OR ""engine oil"" OR ""essential oil"" OR ""hair oil"" OR ""massage oil"")",pending,https://www.newindianexpress.com/states/andhra-pradesh/2023/feb/11/food-safety-dept-to-check-on-oil-merchants-2546465.html
,broad_food_safety_title,,spurious,2023-01-23,business-standard.com,business-standard.com,Almost 25-30% products sold in India spurious with counterfeiting: Report,"((""edible oil"" OR ""cooking oil"" OR ""vegetable oil"" OR ""refined oil"" OR ""loose oil"" OR ""loose edible oil"") AND (adulterat* OR contaminat* OR misbrand* OR substandard OR spurious OR fake OR counterfeit OR rancid OR ""reused oil"" OR ""recycled oil"" OR ""unsafe oil"" OR ""unsafe cooking oil"" OR ""unsafe edible oil"" OR ""mixed with"") AND language:en) NOT (recruitment OR vacancy OR job* OR exam OR ""admit card"" OR ""answer key"" OR syllabus OR ""eat right"" OR fortification OR fortified OR ""trans fat"" OR ""health claims"" OR ""zero maida"" OR ""organic label"" OR ""misleading claims"" OR ""consumer complaints"" OR ""stock market"" OR ""crude oil"" OR petrol OR diesel OR ""engine oil"" OR ""essential oil"" OR ""hair oil"" OR ""massage oil"")",pending,https://www.business-standard.com/article/current-affairs/almost-25-30-products-sold-in-india-spurious-with-counterfeiting-report-123012301302_1.html
,broad_food_safety_title,,food safety; misbranded,2023-01-22,timesofindia.indiatimes.com,indiatimes.com,Misbranded Labelling Tops Food Safety Rule Violations,"((""edible oil"" OR ""cooking oil"" OR ""vegetable oil"" OR ""refined oil"" OR ""loose oil"" OR ""loose edible oil"") AND (adulterat* OR contaminat* OR misbrand* OR substandard OR spurious OR fake OR counterfeit OR rancid OR ""reused oil"" OR ""recycled oil"" OR ""unsafe oil"" OR ""unsafe cooking oil"" OR ""unsafe edible oil"" OR ""mixed with"") AND language:en) NOT (recruitment OR vacancy OR job* OR exam OR ""admit card"" OR ""answer key"" OR syllabus OR ""eat right"" OR fortification OR fortified OR ""trans fat"" OR ""health claims"" OR ""zero maida"" OR ""organic label"" OR ""misleading claims"" OR ""consumer complaints"" OR ""stock market"" OR ""crude oil"" OR petrol OR diesel OR ""engine oil"" OR ""essential oil"" OR ""hair oil"" OR ""massage oil"")",pending,https://timesofindia.indiatimes.com/city/madurai/misbranded-labelling-tops-food-safety-rule-violations/articleshow/97217893.cms
,broad_food_safety_title,,food safety,2023-01-20,thehindu.com,thehindu.com,State to set up a special task force to conduct food safety inspections,"((""edible oil"" OR ""cooking oil"" OR ""vegetable oil"" OR ""refined oil"" OR ""loose oil"" OR ""loose edible oil"") AND (adulterat* OR contaminat* OR misbrand* OR substandard OR spurious OR fake OR counterfeit OR rancid OR ""reused oil"" OR ""recycled oil"" OR ""unsafe oil"" OR ""unsafe cooking oil"" OR ""unsafe edible oil"" OR ""mixed with"") AND language:en) NOT (recruitment OR vacancy OR job* OR exam OR ""admit card"" OR ""answer key"" OR syllabus OR ""eat right"" OR fortification OR fortified OR ""trans fat"" OR ""health claims"" OR ""zero maida"" OR ""organic label"" OR ""misleading claims"" OR ""consumer complaints"" OR ""stock market"" OR ""crude oil"" OR petrol OR diesel OR ""engine oil"" OR ""essential oil"" OR ""hair oil"" OR ""massage oil"")",pending,https://www.thehindu.com/news/national/kerala/state-to-set-up-a-special-task-force-to-conduct-food-safety-inspections/article66414787.ece
,broad_food_safety_title,,adulterated; food safety; seized,2023-01-11,hindustantimes.com,hindustantimes.com,Adulterated milk products seized by food safety team,"((""edible oil"" OR ""cooking oil"" OR ""vegetable oil"" OR ""refined oil"" OR ""loose oil"" OR ""loose edible oil"") AND (adulterat* OR contaminat* OR misbrand* OR substandard OR spurious OR fake OR counterfeit OR rancid OR ""reused oil"" OR ""recycled oil"" OR ""unsafe oil"" OR ""unsafe cooking oil"" OR ""unsafe edible oil"" OR ""mixed with"") AND language:en) NOT (recruitment OR vacancy OR job* OR exam OR ""admit card"" OR ""answer key"" OR syllabus OR ""eat right"" OR fortification OR fortified OR ""trans fat"" OR ""health claims"" OR ""zero maida"" OR ""organic label"" OR ""misleading claims"" OR ""consumer complaints"" OR ""stock market"" OR ""crude oil"" OR petrol OR diesel OR ""engine oil"" OR ""essential oil"" OR ""hair oil"" OR ""massage oil"")",pending,https://www.hindustantimes.com/cities/chandigarh-news/adulterated-milk-products-seized-by-food-safety-team-101673460602370.html
,broad_food_safety_title,,spurious,2023-01-03,timesofindia.indiatimes.com,indiatimes.com,Nhrc Seeks Report Over Spurious Milk,"((""edible oil"" OR ""cooking oil"" OR ""vegetable oil"" OR ""refined oil"" OR ""loose oil"" OR ""loose edible oil"") AND (adulterat* OR contaminat* OR misbrand* OR substandard OR spurious OR fake OR counterfeit OR rancid OR ""reused oil"" OR ""recycled oil"" OR ""unsafe oil"" OR ""unsafe cooking oil"" OR ""unsafe edible oil"" OR ""mixed with"") AND language:en) NOT (recruitment OR vacancy OR job* OR exam OR ""admit card"" OR ""answer key"" OR syllabus OR ""eat right"" OR fortification OR fortified OR ""trans fat"" OR ""health claims"" OR ""zero maida"" OR ""organic label"" OR ""misleading claims"" OR ""consumer complaints"" OR ""stock market"" OR ""crude oil"" OR petrol OR diesel OR ""engine oil"" OR ""essential oil"" OR ""hair oil"" OR ""massage oil"")",pending,https://timesofindia.indiatimes.com/city/ranchi/nhrc-seeks-report-over-spurious-milk/articleshow/96696602.cms
,broad_food_safety_title,,fake,2022-12-13,economictimes.indiatimes.com,indiatimes.com,Competition for Amul is not from dairy companies but fake chemical products: RS Sodhi,"((""edible oil"" OR ""cooking oil"" OR ""vegetable oil"" OR ""refined oil"" OR ""loose oil"" OR ""loose edible oil"") AND (adulterat* OR contaminat* OR misbrand* OR substandard OR spurious OR fake OR counterfeit OR rancid OR ""reused oil"" OR ""recycled oil"" OR ""unsafe oil"" OR ""unsafe cooking oil"" OR ""unsafe edible oil"" OR ""mixed with"") AND language:en) NOT (recruitment OR vacancy OR job* OR exam OR ""admit card"" OR ""answer key"" OR syllabus OR ""eat right"" OR fortification OR fortified OR ""trans fat"" OR ""health claims"" OR ""zero maida"" OR ""organic label"" OR ""misleading claims"" OR ""consumer complaints"" OR ""stock market"" OR ""crude oil"" OR petrol OR diesel OR ""engine oil"" OR ""essential oil"" OR ""hair oil"" OR ""massage oil"")",pending,https://economictimes.indiatimes.com/markets/expert-view/competition-for-amul-is-not-from-dairy-companies-but-fake-chemical-products-rs-sodhi/articleshow/96193941.cms
,strong_title_match,edible oil; oil,adulterated; samples; fda,2022-11-17,moneycontrol.com,moneycontrol.com,"27% samples of edible oil, other food items from 4 firms in Thane found adulterated: FDA","((""edible oil"" OR ""cooking oil"" OR ""vegetable oil"" OR ""refined oil"" OR ""loose oil"" OR ""loose edible oil"") AND (adulterat* OR contaminat* OR misbrand* OR substandard OR spurious OR fake OR counterfeit OR rancid OR ""reused oil"" OR ""recycled oil"" OR ""unsafe oil"" OR ""unsafe cooking oil"" OR ""unsafe edible oil"" OR ""mixed with"") AND language:en) NOT (recruitment OR vacancy OR job* OR exam OR ""admit card"" OR ""answer key"" OR syllabus OR ""eat right"" OR fortification OR fortified OR ""trans fat"" OR ""health claims"" OR ""zero maida"" OR ""organic label"" OR ""misleading claims"" OR ""consumer complaints"" OR ""stock market"" OR ""crude oil"" OR petrol OR diesel OR ""engine oil"" OR ""essential oil"" OR ""hair oil"" OR ""massage oil"")",pending,https://www.moneycontrol.com/news/economy/27-samplesedible-oil-other-food-items4-firmsthane-found-adulterated-fda_16738331.html
,strong_title_match,cooking oil; oil,adulteration; fda,2022-11-17,freepressjournal.in,freepressjournal.in,Thane: Adulteration detected in 27% cooking oil from 4 firms by FDA,"((""edible oil"" OR ""cooking oil"" OR ""vegetable oil"" OR ""refined oil"" OR ""loose oil"" OR ""loose edible oil"") AND (adulterat* OR contaminat* OR misbrand* OR substandard OR spurious OR fake OR counterfeit OR rancid OR ""reused oil"" OR ""recycled oil"" OR ""unsafe oil"" OR ""unsafe cooking oil"" OR ""unsafe edible oil"" OR ""mixed with"") AND language:en) NOT (recruitment OR vacancy OR job* OR exam OR ""admit card"" OR ""answer key"" OR syllabus OR ""eat right"" OR fortification OR fortified OR ""trans fat"" OR ""health claims"" OR ""zero maida"" OR ""organic label"" OR ""misleading claims"" OR ""consumer complaints"" OR ""stock market"" OR ""crude oil"" OR petrol OR diesel OR ""engine oil"" OR ""essential oil"" OR ""hair oil"" OR ""massage oil"")",pending,https://www.freepressjournal.in/business/thane-adulteration-detected-in-27-cooking-oil-from-4-firms-by-fda
,strong_title_match,edible oil; oil,adulterated; samples; fda,2022-11-17,newindianexpress.com,newindianexpress.com,"27 per cent samples of edible oil, other food items from 4 firms in Thane found adulterated: FDA","((""edible oil"" OR ""cooking oil"" OR ""vegetable oil"" OR ""refined oil"" OR ""loose oil"" OR ""loose edible oil"") AND (adulterat* OR contaminat* OR misbrand* OR substandard OR spurious OR fake OR counterfeit OR rancid OR ""reused oil"" OR ""recycled oil"" OR ""unsafe oil"" OR ""unsafe cooking oil"" OR ""unsafe edible oil"" OR ""mixed with"") AND language:en) NOT (recruitment OR vacancy OR job* OR exam OR ""admit card"" OR ""answer key"" OR syllabus OR ""eat right"" OR fortification OR fortified OR ""trans fat"" OR ""health claims"" OR ""zero maida"" OR ""organic label"" OR ""misleading claims"" OR ""consumer complaints"" OR ""stock market"" OR ""crude oil"" OR petrol OR diesel OR ""engine oil"" OR ""essential oil"" OR ""hair oil"" OR ""massage oil"")",pending,https://www.newindianexpress.com/nation/2022/nov/17/27-per-cent-samples-of-edible-oil-other-food-items-from-4-firms-in-thane-found-adulterated-fda-2519197.html
,strong_title_match,edible oil; oil,adulterated; samples; fda,2022-11-17,mid-day.com,mid-day.com,"Thane: 27 per cent samples of edible oil, other food items from four firms found adulterated, says FDA","((""edible oil"" OR ""cooking oil"" OR ""vegetable oil"" OR ""refined oil"" OR ""loose oil"" OR ""loose edible oil"") AND (adulterat* OR contaminat* OR misbrand* OR substandard OR spurious OR fake OR counterfeit OR rancid OR ""reused oil"" OR ""recycled oil"" OR ""unsafe oil"" OR ""unsafe cooking oil"" OR ""unsafe edible oil"" OR ""mixed with"") AND language:en) NOT (recruitment OR vacancy OR job* OR exam OR ""admit card"" OR ""answer key"" OR syllabus OR ""eat right"" OR fortification OR fortified OR ""trans fat"" OR ""health claims"" OR ""zero maida"" OR ""organic label"" OR ""misleading claims"" OR ""consumer complaints"" OR ""stock market"" OR ""crude oil"" OR petrol OR diesel OR ""engine oil"" OR ""essential oil"" OR ""hair oil"" OR ""massage oil"")",pending,https://www.mid-day.com/mumbai/mumbai-news/article/thane-27-per-cent-samples-of-edible-oil-other-food-items-from-four-firms-found-adulterated-says-fda-23255966
,oil_context_only_in_title,oil,,2022-11-02,freepressjournal.in,freepressjournal.in,Indore: FSOs seize 225 kg mawa made with refined oil & powder milk,"((""edible oil"" OR ""cooking oil"" OR ""vegetable oil"" OR ""refined oil"" OR ""loose oil"" OR ""loose edible oil"") AND (adulterat* OR contaminat* OR misbrand* OR substandard OR spurious OR fake OR counterfeit OR rancid OR ""reused oil"" OR ""recycled oil"" OR ""unsafe oil"" OR ""unsafe cooking oil"" OR ""unsafe edible oil"" OR ""mixed with"") AND language:en) NOT (recruitment OR vacancy OR job* OR exam OR ""admit card"" OR ""answer key"" OR syllabus OR ""eat right"" OR fortification OR fortified OR ""trans fat"" OR ""health claims"" OR ""zero maida"" OR ""organic label"" OR ""misleading claims"" OR ""consumer complaints"" OR ""stock market"" OR ""crude oil"" OR petrol OR diesel OR ""engine oil"" OR ""essential oil"" OR ""hair oil"" OR ""massage oil"")",pending,https://www.freepressjournal.in/indore/indore-fsos-seize-225-kg-mawa-madewith-refined-oil-powder-milk
,broad_food_safety_title,,samples; fssai,2022-10-26,newindianexpress.com,newindianexpress.com,Can’t eat this! 78 food samples unfit: FSSAI,"((""edible oil"" OR ""cooking oil"" OR ""vegetable oil"" OR ""refined oil"" OR ""loose oil"" OR ""loose edible oil"") AND (adulterat* OR contaminat* OR misbrand* OR substandard OR spurious OR fake OR counterfeit OR rancid OR ""reused oil"" OR ""recycled oil"" OR ""unsafe oil"" OR ""unsafe cooking oil"" OR ""unsafe edible oil"" OR ""mixed with"") AND language:en) NOT (recruitment OR vacancy OR job* OR exam OR ""admit card"" OR ""answer key"" OR syllabus OR ""eat right"" OR fortification OR fortified OR ""trans fat"" OR ""health claims"" OR ""zero maida"" OR ""organic label"" OR ""misleading claims"" OR ""consumer complaints"" OR ""stock market"" OR ""crude oil"" OR petrol OR diesel OR ""engine oil"" OR ""essential oil"" OR ""hair oil"" OR ""massage oil"")",pending,https://www.newindianexpress.com/cities/bengaluru/2022/oct/26/cant-eat-this-78-food-samples-unfit-fssai-2511737.html
,broad_food_safety_title,,adulterated; seized,2022-10-22,timesofindia.indiatimes.com,indiatimes.com,Uttar Pradesh: Adulterated khoya worth Rs 2 lakh seized,"((""edible oil"" OR ""cooking oil"" OR ""vegetable oil"" OR ""refined oil"" OR ""loose oil"" OR ""loose edible oil"") AND (adulterat* OR contaminat* OR misbrand* OR substandard OR spurious OR fake OR counterfeit OR rancid OR ""reused oil"" OR ""recycled oil"" OR ""unsafe oil"" OR ""unsafe cooking oil"" OR ""unsafe edible oil"" OR ""mixed with"") AND language:en) NOT (recruitment OR vacancy OR job* OR exam OR ""admit card"" OR ""answer key"" OR syllabus OR ""eat right"" OR fortification OR fortified OR ""trans fat"" OR ""health claims"" OR ""zero maida"" OR ""organic label"" OR ""misleading claims"" OR ""consumer complaints"" OR ""stock market"" OR ""crude oil"" OR petrol OR diesel OR ""engine oil"" OR ""essential oil"" OR ""hair oil"" OR ""massage oil"")",pending,https://timesofindia.indiatimes.com/city/lucknow/uttar-pradesh-adulterated-khoya-worth-rs-2-lakh-seized/articleshow/95021688.cms
,broad_food_safety_title,,adulterated; fda,2022-10-22,timesofindia.indiatimes.com,indiatimes.com,"FDA widens checks ahead of festival, seizes adulterated food worth Rs 11 lakh in Pune","((""edible oil"" OR ""cooking oil"" OR ""vegetable oil"" OR ""refined oil"" OR ""loose oil"" OR ""loose edible oil"") AND (adulterat* OR contaminat* OR misbrand* OR substandard OR spurious OR fake OR counterfeit OR rancid OR ""reused oil"" OR ""recycled oil"" OR ""unsafe oil"" OR ""unsafe cooking oil"" OR ""unsafe edible oil"" OR ""mixed with"") AND language:en) NOT (recruitment OR vacancy OR job* OR exam OR ""admit card"" OR ""answer key"" OR syllabus OR ""eat right"" OR fortification OR fortified OR ""trans fat"" OR ""health claims"" OR ""zero maida"" OR ""organic label"" OR ""misleading claims"" OR ""consumer complaints"" OR ""stock market"" OR ""crude oil"" OR petrol OR diesel OR ""engine oil"" OR ""essential oil"" OR ""hair oil"" OR ""massage oil"")",pending,https://timesofindia.indiatimes.com/city/pune/fda-widens-checks-ahead-of-festival-seizes-adulterated-food-worth-rs-11-lakh-in-pune/articleshow/95022413.cms
,broad_food_safety_title,,adulterated; seized,2022-10-21,timesofindia.indiatimes.com,indiatimes.com,Uttar Pradesh: 10 quintal adulterated khoya seized by FDSA Lucknow ahead of Diwali,"((""edible oil"" OR ""cooking oil"" OR ""vegetable oil"" OR ""refined oil"" OR ""loose oil"" OR ""loose edible oil"") AND (adulterat* OR contaminat* OR misbrand* OR substandard OR spurious OR fake OR counterfeit OR rancid OR ""reused oil"" OR ""recycled oil"" OR ""unsafe oil"" OR ""unsafe cooking oil"" OR ""unsafe edible oil"" OR ""mixed with"") AND language:en) NOT (recruitment OR vacancy OR job* OR exam OR ""admit card"" OR ""answer key"" OR syllabus OR ""eat right"" OR fortification OR fortified OR ""trans fat"" OR ""health claims"" OR ""zero maida"" OR ""organic label"" OR ""misleading claims"" OR ""consumer complaints"" OR ""stock market"" OR ""crude oil"" OR petrol OR diesel OR ""engine oil"" OR ""essential oil"" OR ""hair oil"" OR ""massage oil"")",pending,https://timesofindia.indiatimes.com/city/lucknow/uttar-pradesh-10-quintal-adulterated-khoya-seized-by-fdsa-lucknow-ahead-of-diwali/articleshow/95016807.cms
,broad_food_safety_title,,substandard; samples,2022-10-17,tribuneindia.com,tribuneindia.com,41per cent milk samples found substandard in Punjab,"((""edible oil"" OR ""cooking oil"" OR ""vegetable oil"" OR ""refined oil"" OR ""loose oil"" OR ""loose edible oil"") AND (adulterat* OR contaminat* OR misbrand* OR substandard OR spurious OR fake OR counterfeit OR rancid OR ""reused oil"" OR ""recycled oil"" OR ""unsafe oil"" OR ""unsafe cooking oil"" OR ""unsafe edible oil"" OR ""mixed with"") AND language:en) NOT (recruitment OR vacancy OR job* OR exam OR ""admit card"" OR ""answer key"" OR syllabus OR ""eat right"" OR fortification OR fortified OR ""trans fat"" OR ""health claims"" OR ""zero maida"" OR ""organic label"" OR ""misleading claims"" OR ""consumer complaints"" OR ""stock market"" OR ""crude oil"" OR petrol OR diesel OR ""engine oil"" OR ""essential oil"" OR ""hair oil"" OR ""massage oil"")",pending,https://www.tribuneindia.com/news/punjab/41per-cent-milk-samples-found-substandard-in-punjab-441963
,broad_food_safety_title,,adulterated; fda,2022-10-14,hindustantimes.com,hindustantimes.com,"Adulterated sweets, wrongly labelled items caught by FDA during festive season","((""edible oil"" OR ""cooking oil"" OR ""vegetable oil"" OR ""refined oil"" OR ""loose oil"" OR ""loose edible oil"") AND (adulterat* OR contaminat* OR misbrand* OR substandard OR spurious OR fake OR counterfeit OR rancid OR ""reused oil"" OR ""recycled oil"" OR ""unsafe oil"" OR ""unsafe cooking oil"" OR ""unsafe edible oil"" OR ""mixed with"") AND language:en) NOT (recruitment OR vacancy OR job* OR exam OR ""admit card"" OR ""answer key"" OR syllabus OR ""eat right"" OR fortification OR fortified OR ""trans fat"" OR ""health claims"" OR ""zero maida"" OR ""organic label"" OR ""misleading claims"" OR ""consumer complaints"" OR ""stock market"" OR ""crude oil"" OR petrol OR diesel OR ""engine oil"" OR ""essential oil"" OR ""hair oil"" OR ""massage oil"")",pending,https://www.hindustantimes.com/cities/mumbai-news/adulterated-sweets-wrongly-labelled-items-caught-by-fda-during-festive-season-101665685867876.html
,broad_food_safety_title,,spurious; seized,2022-10-13,tribuneindia.com,tribuneindia.com,Festive season: Spurious khoya seized from Ambala dairy,"((""edible oil"" OR ""cooking oil"" OR ""vegetable oil"" OR ""refined oil"" OR ""loose oil"" OR ""loose edible oil"") AND (adulterat* OR contaminat* OR misbrand* OR substandard OR spurious OR fake OR counterfeit OR rancid OR ""reused oil"" OR ""recycled oil"" OR ""unsafe oil"" OR ""unsafe cooking oil"" OR ""unsafe edible oil"" OR ""mixed with"") AND language:en) NOT (recruitment OR vacancy OR job* OR exam OR ""admit card"" OR ""answer key"" OR syllabus OR ""eat right"" OR fortification OR fortified OR ""trans fat"" OR ""health claims"" OR ""zero maida"" OR ""organic label"" OR ""misleading claims"" OR ""consumer complaints"" OR ""stock market"" OR ""crude oil"" OR petrol OR diesel OR ""engine oil"" OR ""essential oil"" OR ""hair oil"" OR ""massage oil"")",pending,https://www.tribuneindia.com/news/chandigarh/festive-season-spurious-khoya-seized-from-ambala-dairy-440791
,strong_title_match,cooking oil; oil,adulterated; seized,2022-10-12,thehindu.com,thehindu.com,2500 litres of suspected adulterated cooking oil seized,"((""edible oil"" OR ""cooking oil"" OR ""vegetable oil"" OR ""refined oil"" OR ""loose oil"" OR ""loose edible oil"") AND (adulterat* OR contaminat* OR misbrand* OR substandard OR spurious OR fake OR counterfeit OR rancid OR ""reused oil"" OR ""recycled oil"" OR ""unsafe oil"" OR ""unsafe cooking oil"" OR ""unsafe edible oil"" OR ""mixed with"") AND language:en) NOT (recruitment OR vacancy OR job* OR exam OR ""admit card"" OR ""answer key"" OR syllabus OR ""eat right"" OR fortification OR fortified OR ""trans fat"" OR ""health claims"" OR ""zero maida"" OR ""organic label"" OR ""misleading claims"" OR ""consumer complaints"" OR ""stock market"" OR ""crude oil"" OR petrol OR diesel OR ""engine oil"" OR ""essential oil"" OR ""hair oil"" OR ""massage oil"")",pending,https://www.thehindu.com/news/cities/Hyderabad/2500-litres-of-suspected-adulterated-cooking-oil-seized/article66001879.ece
,strong_title_match,edible oil; oil,fda,2022-10-04,timesofindia.indiatimes.com,indiatimes.com,FDA adopts zero-tolerance policy for edible oil sold loose and in reused tins,"((""edible oil"" OR ""cooking oil"" OR ""vegetable oil"" OR ""refined oil"" OR ""loose oil"" OR ""loose edible oil"") AND (adulterat* OR contaminat* OR misbrand* OR substandard OR spurious OR fake OR counterfeit OR rancid OR ""reused oil"" OR ""recycled oil"" OR ""unsafe oil"" OR ""unsafe cooking oil"" OR ""unsafe edible oil"" OR ""mixed with"") AND language:en) NOT (recruitment OR vacancy OR job* OR exam OR ""admit card"" OR ""answer key"" OR syllabus OR ""eat right"" OR fortification OR fortified OR ""trans fat"" OR ""health claims"" OR ""zero maida"" OR ""organic label"" OR ""misleading claims"" OR ""consumer complaints"" OR ""stock market"" OR ""crude oil"" OR petrol OR diesel OR ""engine oil"" OR ""essential oil"" OR ""hair oil"" OR ""massage oil"")",pending,https://timesofindia.indiatimes.com/city/nagpur/fda-adopts-zero-tolerance-policy-for-edible-oil-sold-loose-and-in-reused-tins/articleshow/94628169.cms
,broad_food_safety_title,,adulteration; fda,2022-09-30,hindustantimes.com,hindustantimes.com,"FDA crackdown on adulteration continues, 104 kg of paneer confiscated","((""edible oil"" OR ""cooking oil"" OR ""vegetable oil"" OR ""refined oil"" OR ""loose oil"" OR ""loose edible oil"") AND (adulterat* OR contaminat* OR misbrand* OR substandard OR spurious OR fake OR counterfeit OR rancid OR ""reused oil"" OR ""recycled oil"" OR ""unsafe oil"" OR ""unsafe cooking oil"" OR ""unsafe edible oil"" OR ""mixed with"") AND language:en) NOT (recruitment OR vacancy OR job* OR exam OR ""admit card"" OR ""answer key"" OR syllabus OR ""eat right"" OR fortification OR fortified OR ""trans fat"" OR ""health claims"" OR ""zero maida"" OR ""organic label"" OR ""misleading claims"" OR ""consumer complaints"" OR ""stock market"" OR ""crude oil"" OR petrol OR diesel OR ""engine oil"" OR ""essential oil"" OR ""hair oil"" OR ""massage oil"")",pending,https://www.hindustantimes.com/cities/pune-news/fda-crackdown-on-adulteration-continues-104-kg-of-paneer-confiscated-101664543098496.html
,broad_food_safety_title,,food safety,2022-09-15,timesofindia.indiatimes.com,indiatimes.com,Kolkata Municipal Corporation plans food safety drive ahead of Durga Puja,"((""edible oil"" OR ""cooking oil"" OR ""vegetable oil"" OR ""refined oil"" OR ""loose oil"" OR ""loose edible oil"") AND (adulterat* OR contaminat* OR misbrand* OR substandard OR spurious OR fake OR counterfeit OR rancid OR ""reused oil"" OR ""recycled oil"" OR ""unsafe oil"" OR ""unsafe cooking oil"" OR ""unsafe edible oil"" OR ""mixed with"") AND language:en) NOT (recruitment OR vacancy OR job* OR exam OR ""admit card"" OR ""answer key"" OR syllabus OR ""eat right"" OR fortification OR fortified OR ""trans fat"" OR ""health claims"" OR ""zero maida"" OR ""organic label"" OR ""misleading claims"" OR ""consumer complaints"" OR ""stock market"" OR ""crude oil"" OR petrol OR diesel OR ""engine oil"" OR ""essential oil"" OR ""hair oil"" OR ""massage oil"")",pending,https://timesofindia.indiatimes.com/city/kolkata/kolkata-municipal-corporation-plans-food-safety-drive-ahead-of-durga-puja/articleshow/94210228.cms
,broad_food_safety_title,,samples; fda,2022-09-11,freepressjournal.in,freepressjournal.in,Mumbai: FDA seize food samples worth Rs 7 lakh during festive season,"((""edible oil"" OR ""cooking oil"" OR ""vegetable oil"" OR ""refined oil"" OR ""loose oil"" OR ""loose edible oil"") AND (adulterat* OR contaminat* OR misbrand* OR substandard OR spurious OR fake OR counterfeit OR rancid OR ""reused oil"" OR ""recycled oil"" OR ""unsafe oil"" OR ""unsafe cooking oil"" OR ""unsafe edible oil"" OR ""mixed with"") AND language:en) NOT (recruitment OR vacancy OR job* OR exam OR ""admit card"" OR ""answer key"" OR syllabus OR ""eat right"" OR fortification OR fortified OR ""trans fat"" OR ""health claims"" OR ""zero maida"" OR ""organic label"" OR ""misleading claims"" OR ""consumer complaints"" OR ""stock market"" OR ""crude oil"" OR petrol OR diesel OR ""engine oil"" OR ""essential oil"" OR ""hair oil"" OR ""massage oil"")",pending,https://www.freepressjournal.in/mumbai/mumbai-fda-seize-food-samples-worth-rs-7-lakh-during-festive-season
,strong_title_match,edible oil; oil,seized; fake; fda,2022-09-03,timesofindia.indiatimes.com,indiatimes.com,"FDA busts fake edible oil racket, 1,925 litres seized","((""edible oil"" OR ""cooking oil"" OR ""vegetable oil"" OR ""refined oil"" OR ""loose oil"" OR ""loose edible oil"") AND (adulterat* OR contaminat* OR misbrand* OR substandard OR spurious OR fake OR counterfeit OR rancid OR ""reused oil"" OR ""recycled oil"" OR ""unsafe oil"" OR ""unsafe cooking oil"" OR ""unsafe edible oil"" OR ""mixed with"") AND language:en) NOT (recruitment OR vacancy OR job* OR exam OR ""admit card"" OR ""answer key"" OR syllabus OR ""eat right"" OR fortification OR fortified OR ""trans fat"" OR ""health claims"" OR ""zero maida"" OR ""organic label"" OR ""misleading claims"" OR ""consumer complaints"" OR ""stock market"" OR ""crude oil"" OR petrol OR diesel OR ""engine oil"" OR ""essential oil"" OR ""hair oil"" OR ""massage oil"")",pending,https://timesofindia.indiatimes.com/city/nagpur/fda-busts-fake-edible-oil-racket-1925-litres-seized/articleshow/93957827.cms
,broad_food_safety_title,,fda,2022-08-30,timesofindia.indiatimes.com,indiatimes.com,Fda Issues Guidelines For Food Sellers For Festive Period,"((""edible oil"" OR ""cooking oil"" OR ""vegetable oil"" OR ""refined oil"" OR ""loose oil"" OR ""loose edible oil"") AND (adulterat* OR contaminat* OR misbrand* OR substandard OR spurious OR fake OR counterfeit OR rancid OR ""reused oil"" OR ""recycled oil"" OR ""unsafe oil"" OR ""unsafe cooking oil"" OR ""unsafe edible oil"" OR ""mixed with"") AND language:en) NOT (recruitment OR vacancy OR job* OR exam OR ""admit card"" OR ""answer key"" OR syllabus OR ""eat right"" OR fortification OR fortified OR ""trans fat"" OR ""health claims"" OR ""zero maida"" OR ""organic label"" OR ""misleading claims"" OR ""consumer complaints"" OR ""stock market"" OR ""crude oil"" OR petrol OR diesel OR ""engine oil"" OR ""essential oil"" OR ""hair oil"" OR ""massage oil"")",pending,https://timesofindia.indiatimes.com/city/nashik/fda-issues-guidelines-for-food-sellers-for-festive-period/articleshow/93867432.cms
,broad_food_safety_title,,adulterated; seized,2022-08-23,freepressjournal.in,freepressjournal.in,"MP: Over 5500 ltr of adulterated milk seized from dairy in Bhind, case registered","((""edible oil"" OR ""cooking oil"" OR ""vegetable oil"" OR ""refined oil"" OR ""loose oil"" OR ""loose edible oil"") AND (adulterat* OR contaminat* OR misbrand* OR substandard OR spurious OR fake OR counterfeit OR rancid OR ""reused oil"" OR ""recycled oil"" OR ""unsafe oil"" OR ""unsafe cooking oil"" OR ""unsafe edible oil"" OR ""mixed with"") AND language:en) NOT (recruitment OR vacancy OR job* OR exam OR ""admit card"" OR ""answer key"" OR syllabus OR ""eat right"" OR fortification OR fortified OR ""trans fat"" OR ""health claims"" OR ""zero maida"" OR ""organic label"" OR ""misleading claims"" OR ""consumer complaints"" OR ""stock market"" OR ""crude oil"" OR petrol OR diesel OR ""engine oil"" OR ""essential oil"" OR ""hair oil"" OR ""massage oil"")",pending,https://www.freepressjournal.in/bhopal/mp-over-5500-ltr-of-adulterated-milk-seized-from-dairy-in-bhind-case-registered
,strong_title_match,edible oil; oil,samples; fda,2022-08-19,timesofindia.indiatimes.com,indiatimes.com,FDA collects 32 samples of edible oil for testing,"((""edible oil"" OR ""cooking oil"" OR ""vegetable oil"" OR ""refined oil"" OR ""loose oil"" OR ""loose edible oil"") AND (adulterat* OR contaminat* OR misbrand* OR substandard OR spurious OR fake OR counterfeit OR rancid OR ""reused oil"" OR ""recycled oil"" OR ""unsafe oil"" OR ""unsafe cooking oil"" OR ""unsafe edible oil"" OR ""mixed with"") AND language:en) NOT (recruitment OR vacancy OR job* OR exam OR ""admit card"" OR ""answer key"" OR syllabus OR ""eat right"" OR fortification OR fortified OR ""trans fat"" OR ""health claims"" OR ""zero maida"" OR ""organic label"" OR ""misleading claims"" OR ""consumer complaints"" OR ""stock market"" OR ""crude oil"" OR petrol OR diesel OR ""engine oil"" OR ""essential oil"" OR ""hair oil"" OR ""massage oil"")",pending,https://timesofindia.indiatimes.com/city/nagpur/fda-collects-32-samples-of-edible-oil-for-testing/articleshow/93647414.cms
,strong_title_match,cooking oil; oil,seized,2022-08-18,timesofindia.indiatimes.com,indiatimes.com,"Loose Cooking Oil Seized, Fir Lodged Against Proprietor","((""edible oil"" OR ""cooking oil"" OR ""vegetable oil"" OR ""refined oil"" OR ""loose oil"" OR ""loose edible oil"") AND (adulterat* OR contaminat* OR misbrand* OR substandard OR spurious OR fake OR counterfeit OR rancid OR ""reused oil"" OR ""recycled oil"" OR ""unsafe oil"" OR ""unsafe cooking oil"" OR ""unsafe edible oil"" OR ""mixed with"") AND language:en) NOT (recruitment OR vacancy OR job* OR exam OR ""admit card"" OR ""answer key"" OR syllabus OR ""eat right"" OR fortification OR fortified OR ""trans fat"" OR ""health claims"" OR ""zero maida"" OR ""organic label"" OR ""misleading claims"" OR ""consumer complaints"" OR ""stock market"" OR ""crude oil"" OR petrol OR diesel OR ""engine oil"" OR ""essential oil"" OR ""hair oil"" OR ""massage oil"")",pending,https://timesofindia.indiatimes.com/city/indore/loose-cooking-oil-seized-fir-lodged-against-proprietor/articleshow/93627772.cms
,strong_title_match,oils,samples; fssai,2022-08-17,thehindubusinessline.com,thehindubusinessline.com,FSSAI says more than 4800 samples of edible oils lifted under nationwide surveillance campaign,"((""edible oil"" OR ""cooking oil"" OR ""vegetable oil"" OR ""refined oil"" OR ""loose oil"" OR ""loose edible oil"") AND (adulterat* OR contaminat* OR misbrand* OR substandard OR spurious OR fake OR counterfeit OR rancid OR ""reused oil"" OR ""recycled oil"" OR ""unsafe oil"" OR ""unsafe cooking oil"" OR ""unsafe edible oil"" OR ""mixed with"") AND language:en) NOT (recruitment OR vacancy OR job* OR exam OR ""admit card"" OR ""answer key"" OR syllabus OR ""eat right"" OR fortification OR fortified OR ""trans fat"" OR ""health claims"" OR ""zero maida"" OR ""organic label"" OR ""misleading claims"" OR ""consumer complaints"" OR ""stock market"" OR ""crude oil"" OR petrol OR diesel OR ""engine oil"" OR ""essential oil"" OR ""hair oil"" OR ""massage oil"")",pending,https://www.thehindubusinessline.com/economy/fssai-says-more-than-4800-samples-of-edible-oils-lifted-under-nationwide-surveillance-campaign/article65779371.ece
,broad_food_safety_title,,spurious; seized,2022-08-17,timesofindia.indiatimes.com,indiatimes.com,4k Litres Of Spurious Milk Seized In Rajkot,"((""edible oil"" OR ""cooking oil"" OR ""vegetable oil"" OR ""refined oil"" OR ""loose oil"" OR ""loose edible oil"") AND (adulterat* OR contaminat* OR misbrand* OR substandard OR spurious OR fake OR counterfeit OR rancid OR ""reused oil"" OR ""recycled oil"" OR ""unsafe oil"" OR ""unsafe cooking oil"" OR ""unsafe edible oil"" OR ""mixed with"") AND language:en) NOT (recruitment OR vacancy OR job* OR exam OR ""admit card"" OR ""answer key"" OR syllabus OR ""eat right"" OR fortification OR fortified OR ""trans fat"" OR ""health claims"" OR ""zero maida"" OR ""organic label"" OR ""misleading claims"" OR ""consumer complaints"" OR ""stock market"" OR ""crude oil"" OR petrol OR diesel OR ""engine oil"" OR ""essential oil"" OR ""hair oil"" OR ""massage oil"")",pending,https://timesofindia.indiatimes.com/city/rajkot/4k-litres-of-spurious-milk-seized-in-rajkot/articleshow/93605614.cms
,strong_title_match,edible oil; oil,samples; fda,2022-08-14,freepressjournal.in,freepressjournal.in,Mumbai: FDA collects edible oil samples for quality check,"((""edible oil"" OR ""cooking oil"" OR ""vegetable oil"" OR ""refined oil"" OR ""loose oil"" OR ""loose edible oil"") AND (adulterat* OR contaminat* OR misbrand* OR substandard OR spurious OR fake OR counterfeit OR rancid OR ""reused oil"" OR ""recycled oil"" OR ""unsafe oil"" OR ""unsafe cooking oil"" OR ""unsafe edible oil"" OR ""mixed with"") AND language:en) NOT (recruitment OR vacancy OR job* OR exam OR ""admit card"" OR ""answer key"" OR syllabus OR ""eat right"" OR fortification OR fortified OR ""trans fat"" OR ""health claims"" OR ""zero maida"" OR ""organic label"" OR ""misleading claims"" OR ""consumer complaints"" OR ""stock market"" OR ""crude oil"" OR petrol OR diesel OR ""engine oil"" OR ""essential oil"" OR ""hair oil"" OR ""massage oil"")",pending,https://www.freepressjournal.in/mumbai/mumbai-fda-collects-edible-oil-samples-for-quality-check
,strong_title_match,edible oil; oil,fda,2022-08-12,timesofindia.indiatimes.com,indiatimes.com,Fda Seizes Edible Oil Worth ₹1 Crore,"((""edible oil"" OR ""cooking oil"" OR ""vegetable oil"" OR ""refined oil"" OR ""loose oil"" OR ""loose edible oil"") AND (adulterat* OR contaminat* OR misbrand* OR substandard OR spurious OR fake OR counterfeit OR rancid OR ""reused oil"" OR ""recycled oil"" OR ""unsafe oil"" OR ""unsafe cooking oil"" OR ""unsafe edible oil"" OR ""mixed with"") AND language:en) NOT (recruitment OR vacancy OR job* OR exam OR ""admit card"" OR ""answer key"" OR syllabus OR ""eat right"" OR fortification OR fortified OR ""trans fat"" OR ""health claims"" OR ""zero maida"" OR ""organic label"" OR ""misleading claims"" OR ""consumer complaints"" OR ""stock market"" OR ""crude oil"" OR petrol OR diesel OR ""engine oil"" OR ""essential oil"" OR ""hair oil"" OR ""massage oil"")",pending,https://timesofindia.indiatimes.com/city/nashik/fda-seizes-edible-oil-worth-1-crore/articleshow/93511789.cms
,strong_title_match,oils,test; fda,2022-08-11,timesofindia.indiatimes.com,indiatimes.com,FDA to test 70 edible oils,"((""edible oil"" OR ""cooking oil"" OR ""vegetable oil"" OR ""refined oil"" OR ""loose oil"" OR ""loose edible oil"") AND (adulterat* OR contaminat* OR misbrand* OR substandard OR spurious OR fake OR counterfeit OR rancid OR ""reused oil"" OR ""recycled oil"" OR ""unsafe oil"" OR ""unsafe cooking oil"" OR ""unsafe edible oil"" OR ""mixed with"") AND language:en) NOT (recruitment OR vacancy OR job* OR exam OR ""admit card"" OR ""answer key"" OR syllabus OR ""eat right"" OR fortification OR fortified OR ""trans fat"" OR ""health claims"" OR ""zero maida"" OR ""organic label"" OR ""misleading claims"" OR ""consumer complaints"" OR ""stock market"" OR ""crude oil"" OR petrol OR diesel OR ""engine oil"" OR ""essential oil"" OR ""hair oil"" OR ""massage oil"")",pending,https://timesofindia.indiatimes.com/city/goa/fda-to-test-70-edible-oils/articleshow/93508307.cms
,broad_food_safety_title,,food safety,2022-08-10,timesofindia.indiatimes.com,indiatimes.com,"Food safety in focus in city, Mohali","((""edible oil"" OR ""cooking oil"" OR ""vegetable oil"" OR ""refined oil"" OR ""loose oil"" OR ""loose edible oil"") AND (adulterat* OR contaminat* OR misbrand* OR substandard OR spurious OR fake OR counterfeit OR rancid OR ""reused oil"" OR ""recycled oil"" OR ""unsafe oil"" OR ""unsafe cooking oil"" OR ""unsafe edible oil"" OR ""mixed with"") AND language:en) NOT (recruitment OR vacancy OR job* OR exam OR ""admit card"" OR ""answer key"" OR syllabus OR ""eat right"" OR fortification OR fortified OR ""trans fat"" OR ""health claims"" OR ""zero maida"" OR ""organic label"" OR ""misleading claims"" OR ""consumer complaints"" OR ""stock market"" OR ""crude oil"" OR petrol OR diesel OR ""engine oil"" OR ""essential oil"" OR ""hair oil"" OR ""massage oil"")",pending,https://timesofindia.indiatimes.com/city/chandigarh/food-safety-in-focus-in-city-mohali/articleshow/93468540.cms
,strong_title_match,edible oil; oil,food safety; fda,2022-08-08,timesofindia.indiatimes.com,indiatimes.com,FDA to focus on edible oil during Food Safety Week,"((""edible oil"" OR ""cooking oil"" OR ""vegetable oil"" OR ""refined oil"" OR ""loose oil"" OR ""loose edible oil"") AND (adulterat* OR contaminat* OR misbrand* OR substandard OR spurious OR fake OR counterfeit OR rancid OR ""reused oil"" OR ""recycled oil"" OR ""unsafe oil"" OR ""unsafe cooking oil"" OR ""unsafe edible oil"" OR ""mixed with"") AND language:en) NOT (recruitment OR vacancy OR job* OR exam OR ""admit card"" OR ""answer key"" OR syllabus OR ""eat right"" OR fortification OR fortified OR ""trans fat"" OR ""health claims"" OR ""zero maida"" OR ""organic label"" OR ""misleading claims"" OR ""consumer complaints"" OR ""stock market"" OR ""crude oil"" OR petrol OR diesel OR ""engine oil"" OR ""essential oil"" OR ""hair oil"" OR ""massage oil"")",pending,https://timesofindia.indiatimes.com/city/nagpur/fda-to-focus-on-edible-oil-during-food-safety-week/articleshow/93416043.cms
,broad_food_safety_title,,food safety,2022-08-07,timesofindia.indiatimes.com,indiatimes.com,Ahmedabad Municipal Corporationbegins fried food safety drive,"((""edible oil"" OR ""cooking oil"" OR ""vegetable oil"" OR ""refined oil"" OR ""loose oil"" OR ""loose edible oil"") AND (adulterat* OR contaminat* OR misbrand* OR substandard OR spurious OR fake OR counterfeit OR rancid OR ""reused oil"" OR ""recycled oil"" OR ""unsafe oil"" OR ""unsafe cooking oil"" OR ""unsafe edible oil"" OR ""mixed with"") AND language:en) NOT (recruitment OR vacancy OR job* OR exam OR ""admit card"" OR ""answer key"" OR syllabus OR ""eat right"" OR fortification OR fortified OR ""trans fat"" OR ""health claims"" OR ""zero maida"" OR ""organic label"" OR ""misleading claims"" OR ""consumer complaints"" OR ""stock market"" OR ""crude oil"" OR petrol OR diesel OR ""engine oil"" OR ""essential oil"" OR ""hair oil"" OR ""massage oil"")",pending,https://timesofindia.indiatimes.com/city/ahmedabad/ahmedabad-municipal-corporationbegins-fried-food-safety-drive/articleshow/93400741.cms
,strong_title_match,oils,adulteration; fssai,2022-08-03,indiasnews.net,indiasnews.net,FSSAI launches 2-week long drive to check adulteration in edible oils,"((""edible oil"" OR ""cooking oil"" OR ""vegetable oil"" OR ""refined oil"" OR ""loose oil"" OR ""loose edible oil"") AND (adulterat* OR contaminat* OR misbrand* OR substandard OR spurious OR fake OR counterfeit OR rancid OR ""reused oil"" OR ""recycled oil"" OR ""unsafe oil"" OR ""unsafe cooking oil"" OR ""unsafe edible oil"" OR ""mixed with"") AND language:en) NOT (recruitment OR vacancy OR job* OR exam OR ""admit card"" OR ""answer key"" OR syllabus OR ""eat right"" OR fortification OR fortified OR ""trans fat"" OR ""health claims"" OR ""zero maida"" OR ""organic label"" OR ""misleading claims"" OR ""consumer complaints"" OR ""stock market"" OR ""crude oil"" OR petrol OR diesel OR ""engine oil"" OR ""essential oil"" OR ""hair oil"" OR ""massage oil"")",pending,http://www.indiasnews.net/news/272641314/fssai-launches-2-week-long-drive-to-check-adulteration-in-edible-oils
,broad_food_safety_title,,adulteration; fssai,2022-08-03,livemint.com,livemint.com,FSSAI's 2-week long campaign to check adulteration to last till 14 August,"((""edible oil"" OR ""cooking oil"" OR ""vegetable oil"" OR ""refined oil"" OR ""loose oil"" OR ""loose edible oil"") AND (adulterat* OR contaminat* OR misbrand* OR substandard OR spurious OR fake OR counterfeit OR rancid OR ""reused oil"" OR ""recycled oil"" OR ""unsafe oil"" OR ""unsafe cooking oil"" OR ""unsafe edible oil"" OR ""mixed with"") AND language:en) NOT (recruitment OR vacancy OR job* OR exam OR ""admit card"" OR ""answer key"" OR syllabus OR ""eat right"" OR fortification OR fortified OR ""trans fat"" OR ""health claims"" OR ""zero maida"" OR ""organic label"" OR ""misleading claims"" OR ""consumer complaints"" OR ""stock market"" OR ""crude oil"" OR petrol OR diesel OR ""engine oil"" OR ""essential oil"" OR ""hair oil"" OR ""massage oil"")",pending,https://www.livemint.com/news/india/fssais-2-week-long-campaign-to-check-adulteration-to-last-till-14-august-11659500215404.html
,strong_title_match,oils,adulteration; fssai,2022-08-03,newdelhinews.net,newdelhinews.net,FSSAI launches 2-week long drive to check adulteration in edible oils,"((""edible oil"" OR ""cooking oil"" OR ""vegetable oil"" OR ""refined oil"" OR ""loose oil"" OR ""loose edible oil"") AND (adulterat* OR contaminat* OR misbrand* OR substandard OR spurious OR fake OR counterfeit OR rancid OR ""reused oil"" OR ""recycled oil"" OR ""unsafe oil"" OR ""unsafe cooking oil"" OR ""unsafe edible oil"" OR ""mixed with"") AND language:en) NOT (recruitment OR vacancy OR job* OR exam OR ""admit card"" OR ""answer key"" OR syllabus OR ""eat right"" OR fortification OR fortified OR ""trans fat"" OR ""health claims"" OR ""zero maida"" OR ""organic label"" OR ""misleading claims"" OR ""consumer complaints"" OR ""stock market"" OR ""crude oil"" OR petrol OR diesel OR ""engine oil"" OR ""essential oil"" OR ""hair oil"" OR ""massage oil"")",pending,http://www.newdelhinews.net/news/272641314/fssai-launches-2-week-long-drive-to-check-adulteration-in-edible-oils
,broad_food_safety_title,,adulteration; samples; fda,2022-06-15,timesofindia.indiatimes.com,indiatimes.com,"FDA collecting samples of milk, dairy products to check adulteration","((""edible oil"" OR ""cooking oil"" OR ""vegetable oil"" OR ""refined oil"" OR ""loose oil"" OR ""loose edible oil"") AND (adulterat* OR contaminat* OR misbrand* OR substandard OR spurious OR fake OR counterfeit OR rancid OR ""reused oil"" OR ""recycled oil"" OR ""unsafe oil"" OR ""unsafe cooking oil"" OR ""unsafe edible oil"" OR ""mixed with"") AND language:en) NOT (recruitment OR vacancy OR job* OR exam OR ""admit card"" OR ""answer key"" OR syllabus OR ""eat right"" OR fortification OR fortified OR ""trans fat"" OR ""health claims"" OR ""zero maida"" OR ""organic label"" OR ""misleading claims"" OR ""consumer complaints"" OR ""stock market"" OR ""crude oil"" OR petrol OR diesel OR ""engine oil"" OR ""essential oil"" OR ""hair oil"" OR ""massage oil"")",pending,https://timesofindia.indiatimes.com/city/nagpur/fda-collecting-samples-of-milk-dairy-products-to-check-adulteration/articleshow/92214122.cms
,broad_food_safety_title,,seized; raids,2022-05-18,thehindu.com,thehindu.com,"Seeds, fertilizers, pesticides worth about ₹80 lakh seized in vigilance raids","((""edible oil"" OR ""cooking oil"" OR ""vegetable oil"" OR ""refined oil"" OR ""loose oil"" OR ""loose edible oil"") AND (adulterat* OR contaminat* OR misbrand* OR substandard OR spurious OR fake OR counterfeit OR rancid OR ""reused oil"" OR ""recycled oil"" OR ""unsafe oil"" OR ""unsafe cooking oil"" OR ""unsafe edible oil"" OR ""mixed with"") AND language:en) NOT (recruitment OR vacancy OR job* OR exam OR ""admit card"" OR ""answer key"" OR syllabus OR ""eat right"" OR fortification OR fortified OR ""trans fat"" OR ""health claims"" OR ""zero maida"" OR ""organic label"" OR ""misleading claims"" OR ""consumer complaints"" OR ""stock market"" OR ""crude oil"" OR petrol OR diesel OR ""engine oil"" OR ""essential oil"" OR ""hair oil"" OR ""massage oil"")",pending,https://www.thehindu.com/news/national/andhra-pradesh/seeds-fertilizers-pesticides-worth-about-80-lakh-seized-in-vigilance-raids/article65426710.ece
,broad_food_safety_title,,seized,2022-05-09,freepressjournal.in,freepressjournal.in,Ujjain: Soybean worth Rs 69 crore seized from AV Agro,"((""edible oil"" OR ""cooking oil"" OR ""vegetable oil"" OR ""refined oil"" OR ""loose oil"" OR ""loose edible oil"") AND (adulterat* OR contaminat* OR misbrand* OR substandard OR spurious OR fake OR counterfeit OR rancid OR ""reused oil"" OR ""recycled oil"" OR ""unsafe oil"" OR ""unsafe cooking oil"" OR ""unsafe edible oil"" OR ""mixed with"") AND language:en) NOT (recruitment OR vacancy OR job* OR exam OR ""admit card"" OR ""answer key"" OR syllabus OR ""eat right"" OR fortification OR fortified OR ""trans fat"" OR ""health claims"" OR ""zero maida"" OR ""organic label"" OR ""misleading claims"" OR ""consumer complaints"" OR ""stock market"" OR ""crude oil"" OR petrol OR diesel OR ""engine oil"" OR ""essential oil"" OR ""hair oil"" OR ""massage oil"")",pending,https://www.freepressjournal.in/indore/ujjain-soybean-worth-rs-69-crore-seized-from-av-agro
,broad_food_safety_title,,seized,2022-04-26,uniindia.com,uniindia.com,"Chemical-laced 3,645.88 kg fish seized in Kerala","((""mustard oil"" OR ""palm oil"" OR ""soybean oil"" OR ""sunflower oil"" OR ""groundnut oil"" OR ""coconut oil"" OR ""rice bran oil"" OR ""cottonseed oil"" OR ""sesame oil"" OR ""olive oil"" OR ""rapeseed-mustard oil"") AND (adulterat* OR contaminat* OR misbrand* OR substandard OR spurious OR fake OR counterfeit OR rancid OR ""reused oil"" OR ""recycled oil"" OR ""unsafe oil"" OR ""unsafe cooking oil"" OR ""unsafe edible oil"" OR ""mixed with"") AND language:en) NOT (recruitment OR vacancy OR job* OR exam OR ""admit card"" OR ""answer key"" OR syllabus OR ""eat right"" OR fortification OR fortified OR ""trans fat"" OR ""health claims"" OR ""zero maida"" OR ""organic label"" OR ""misleading claims"" OR ""consumer complaints"" OR ""stock market"" OR ""crude oil"" OR petrol OR diesel OR ""engine oil"" OR ""essential oil"" OR ""hair oil"" OR ""massage oil"")",pending,https://www.uniindia.com/story/Chemical-laced-3645.88-kg-fish-seized-in-Kerala
,strong_title_match,oils; oil,food safety,2022-04-04,thehindu.com,thehindu.com,Oil’s not well? Food safety teams smell fraud,"((""edible oil"" OR ""cooking oil"" OR ""vegetable oil"" OR ""refined oil"" OR ""loose oil"" OR ""loose edible oil"") AND (adulterat* OR contaminat* OR misbrand* OR substandard OR spurious OR fake OR counterfeit OR rancid OR ""reused oil"" OR ""recycled oil"" OR ""unsafe oil"" OR ""unsafe cooking oil"" OR ""unsafe edible oil"" OR ""mixed with"") AND language:en) NOT (recruitment OR vacancy OR job* OR exam OR ""admit card"" OR ""answer key"" OR syllabus OR ""eat right"" OR fortification OR fortified OR ""trans fat"" OR ""health claims"" OR ""zero maida"" OR ""organic label"" OR ""misleading claims"" OR ""consumer complaints"" OR ""stock market"" OR ""crude oil"" OR petrol OR diesel OR ""engine oil"" OR ""essential oil"" OR ""hair oil"" OR ""massage oil"")",pending,https://www.thehindu.com/news/cities/Hyderabad/oils-not-well-food-safety-teams-smell-fraud/article65290089.ece
,oil_context_only_in_title,edible oil; oil,,2022-03-27,newindianexpress.com,newindianexpress.com,332 edible oil traders raided across Andhra Pradesh,"((""edible oil"" OR ""cooking oil"" OR ""vegetable oil"" OR ""refined oil"" OR ""loose oil"" OR ""loose edible oil"") AND (adulterat* OR contaminat* OR misbrand* OR substandard OR spurious OR fake OR counterfeit OR rancid OR ""reused oil"" OR ""recycled oil"" OR ""unsafe oil"" OR ""unsafe cooking oil"" OR ""unsafe edible oil"" OR ""mixed with"") AND language:en) NOT (recruitment OR vacancy OR job* OR exam OR ""admit card"" OR ""answer key"" OR syllabus OR ""eat right"" OR fortification OR fortified OR ""trans fat"" OR ""health claims"" OR ""zero maida"" OR ""organic label"" OR ""misleading claims"" OR ""consumer complaints"" OR ""stock market"" OR ""crude oil"" OR petrol OR diesel OR ""engine oil"" OR ""essential oil"" OR ""hair oil"" OR ""massage oil"")",pending,https://www.newindianexpress.com/states/andhra-pradesh/2022/mar/27/332-edible-oil-traders-raided-across-andhra-pradesh-2434670.html
,strong_title_match,edible oil; oil,adulteration; food safety,2022-03-02,thehindu.com,thehindu.com,Food Safety officials crack the whip on adulteration of edible oil in Tiruchi,"((""edible oil"" OR ""cooking oil"" OR ""vegetable oil"" OR ""refined oil"" OR ""loose oil"" OR ""loose edible oil"") AND (adulterat* OR contaminat* OR misbrand* OR substandard OR spurious OR fake OR counterfeit OR rancid OR ""reused oil"" OR ""recycled oil"" OR ""unsafe oil"" OR ""unsafe cooking oil"" OR ""unsafe edible oil"" OR ""mixed with"") AND language:en) NOT (recruitment OR vacancy OR job* OR exam OR ""admit card"" OR ""answer key"" OR syllabus OR ""eat right"" OR fortification OR fortified OR ""trans fat"" OR ""health claims"" OR ""zero maida"" OR ""organic label"" OR ""misleading claims"" OR ""consumer complaints"" OR ""stock market"" OR ""crude oil"" OR petrol OR diesel OR ""engine oil"" OR ""essential oil"" OR ""hair oil"" OR ""massage oil"")",pending,https://www.thehindu.com/news/cities/Tiruchirapalli/food-safety-officials-crack-the-whip-on-adulteration-of-edible-oil-in-tiruchi/article65183634.ece
,broad_food_safety_title,,food safety; fssai,2022-02-12,en.etemaaddaily.com,etemaaddaily.com,FSSAI launches 'Food Safety on Wheels' in Telangana,"((""edible oil"" OR ""cooking oil"" OR ""vegetable oil"" OR ""refined oil"" OR ""loose oil"" OR ""loose edible oil"") AND (adulterat* OR contaminat* OR misbrand* OR substandard OR spurious OR fake OR counterfeit OR rancid OR ""reused oil"" OR ""recycled oil"" OR ""unsafe oil"" OR ""unsafe cooking oil"" OR ""unsafe edible oil"" OR ""mixed with"") AND language:en) NOT (recruitment OR vacancy OR job* OR exam OR ""admit card"" OR ""answer key"" OR syllabus OR ""eat right"" OR fortification OR fortified OR ""trans fat"" OR ""health claims"" OR ""zero maida"" OR ""organic label"" OR ""misleading claims"" OR ""consumer complaints"" OR ""stock market"" OR ""crude oil"" OR petrol OR diesel OR ""engine oil"" OR ""essential oil"" OR ""hair oil"" OR ""massage oil"")",pending,https://www.en.etemaaddaily.com/world/hyderabad/fssai-launches-food-safety-on-wheels-in-telangana:108342
,strong_title_match,oil,adulteration; fda,2022-01-28,economictimes.indiatimes.com,indiatimes.com,"Maha govt, FDA crack down on oil manufacturers to check on adulteration","((""edible oil"" OR ""cooking oil"" OR ""vegetable oil"" OR ""refined oil"" OR ""loose oil"" OR ""loose edible oil"") AND (adulterat* OR contaminat* OR misbrand* OR substandard OR spurious OR fake OR counterfeit OR rancid OR ""reused oil"" OR ""recycled oil"" OR ""unsafe oil"" OR ""unsafe cooking oil"" OR ""unsafe edible oil"" OR ""mixed with"") AND language:en) NOT (recruitment OR vacancy OR job* OR exam OR ""admit card"" OR ""answer key"" OR syllabus OR ""eat right"" OR fortification OR fortified OR ""trans fat"" OR ""health claims"" OR ""zero maida"" OR ""organic label"" OR ""misleading claims"" OR ""consumer complaints"" OR ""stock market"" OR ""crude oil"" OR petrol OR diesel OR ""engine oil"" OR ""essential oil"" OR ""hair oil"" OR ""massage oil"")",pending,https://economictimes.indiatimes.com/industry/cons-products/food/maha-govt-fda-crack-down-on-oil-manufacturers-to-check-on-adulteration/articleshow/89178574.cms
,strong_title_match,oils,substandard; samples; fssai,2021-12-29,business-standard.com,business-standard.com,"2.4% of 4,461 different edible oils samples found to be sub-standard: FSSAI","((""edible oil"" OR ""cooking oil"" OR ""vegetable oil"" OR ""refined oil"" OR ""loose oil"" OR ""loose edible oil"") AND (adulterat* OR contaminat* OR misbrand* OR substandard OR spurious OR fake OR counterfeit OR rancid OR ""reused oil"" OR ""recycled oil"" OR ""unsafe oil"" OR ""unsafe cooking oil"" OR ""unsafe edible oil"" OR ""mixed with"") AND language:en) NOT (recruitment OR vacancy OR job* OR exam OR ""admit card"" OR ""answer key"" OR syllabus OR ""eat right"" OR fortification OR fortified OR ""trans fat"" OR ""health claims"" OR ""zero maida"" OR ""organic label"" OR ""misleading claims"" OR ""consumer complaints"" OR ""stock market"" OR ""crude oil"" OR petrol OR diesel OR ""engine oil"" OR ""essential oil"" OR ""hair oil"" OR ""massage oil"")",pending,https://www.business-standard.com/article/economy-policy/2-42-pc-of-4-461-different-edible-oils-samples-found-to-be-substandard-fssai-121122901139_1.html
,broad_food_safety_title,,fake,2021-12-17,thehindu.com,thehindu.com,Mymul to set up vigilance squad to tackle fake products,"((""edible oil"" OR ""cooking oil"" OR ""vegetable oil"" OR ""refined oil"" OR ""loose oil"" OR ""loose edible oil"") AND (adulterat* OR contaminat* OR misbrand* OR substandard OR spurious OR fake OR counterfeit OR rancid OR ""reused oil"" OR ""recycled oil"" OR ""unsafe oil"" OR ""unsafe cooking oil"" OR ""unsafe edible oil"" OR ""mixed with"") AND language:en) NOT (recruitment OR vacancy OR job* OR exam OR ""admit card"" OR ""answer key"" OR syllabus OR ""eat right"" OR fortification OR fortified OR ""trans fat"" OR ""health claims"" OR ""zero maida"" OR ""organic label"" OR ""misleading claims"" OR ""consumer complaints"" OR ""stock market"" OR ""crude oil"" OR petrol OR diesel OR ""engine oil"" OR ""essential oil"" OR ""hair oil"" OR ""massage oil"")",pending,https://www.thehindu.com/news/national/karnataka/mymul-to-set-up-vigilance-squad-to-tackle-fake-products/article37978551.ece
,strong_title_match,mustard oil; oil,spurious; seized,2021-11-27,timesofindia.indiatimes.com,indiatimes.com,185 spurious mustard oil cans seized in Burrabazar,"((""edible oil"" OR ""cooking oil"" OR ""vegetable oil"" OR ""refined oil"" OR ""loose oil"" OR ""loose edible oil"") AND (adulterat* OR contaminat* OR misbrand* OR substandard OR spurious OR fake OR counterfeit OR rancid OR ""reused oil"" OR ""recycled oil"" OR ""unsafe oil"" OR ""unsafe cooking oil"" OR ""unsafe edible oil"" OR ""mixed with"") AND language:en) NOT (recruitment OR vacancy OR job* OR exam OR ""admit card"" OR ""answer key"" OR syllabus OR ""eat right"" OR fortification OR fortified OR ""trans fat"" OR ""health claims"" OR ""zero maida"" OR ""organic label"" OR ""misleading claims"" OR ""consumer complaints"" OR ""stock market"" OR ""crude oil"" OR petrol OR diesel OR ""engine oil"" OR ""essential oil"" OR ""hair oil"" OR ""massage oil"")",pending,https://timesofindia.indiatimes.com/city/kolkata/185-spurious-mustard-oil-cans-seized-in-burrabazar/articleshow/87938067.cms
,weak_or_body_only_match,,,2021-11-08,thehansindia.com,thehansindia.com,Nizamabad: Unhygienic food puts lives at risk,"((""edible oil"" OR ""cooking oil"" OR ""vegetable oil"" OR ""refined oil"" OR ""loose oil"" OR ""loose edible oil"") AND (adulterat* OR contaminat* OR misbrand* OR substandard OR spurious OR fake OR counterfeit OR rancid OR ""reused oil"" OR ""recycled oil"" OR ""unsafe oil"" OR ""unsafe cooking oil"" OR ""unsafe edible oil"" OR ""mixed with"") AND language:en) NOT (recruitment OR vacancy OR job* OR exam OR ""admit card"" OR ""answer key"" OR syllabus OR ""eat right"" OR fortification OR fortified OR ""trans fat"" OR ""health claims"" OR ""zero maida"" OR ""organic label"" OR ""misleading claims"" OR ""consumer complaints"" OR ""stock market"" OR ""crude oil"" OR petrol OR diesel OR ""engine oil"" OR ""essential oil"" OR ""hair oil"" OR ""massage oil"")",pending,https://www.thehansindia.com/telangana/nizamabad-unhygienic-food-puts-lives-at-risk-714378
,broad_food_safety_title,,fda,2021-11-03,timesofindia.indiatimes.com,indiatimes.com,"FDA cracks whip on sweetmarts, namkeen makers before Diwali","((""edible oil"" OR ""cooking oil"" OR ""vegetable oil"" OR ""refined oil"" OR ""loose oil"" OR ""loose edible oil"") AND (adulterat* OR contaminat* OR misbrand* OR substandard OR spurious OR fake OR counterfeit OR rancid OR ""reused oil"" OR ""recycled oil"" OR ""unsafe oil"" OR ""unsafe cooking oil"" OR ""unsafe edible oil"" OR ""mixed with"") AND language:en) NOT (recruitment OR vacancy OR job* OR exam OR ""admit card"" OR ""answer key"" OR syllabus OR ""eat right"" OR fortification OR fortified OR ""trans fat"" OR ""health claims"" OR ""zero maida"" OR ""organic label"" OR ""misleading claims"" OR ""consumer complaints"" OR ""stock market"" OR ""crude oil"" OR petrol OR diesel OR ""engine oil"" OR ""essential oil"" OR ""hair oil"" OR ""massage oil"")",pending,https://timesofindia.indiatimes.com/city/nagpur/fda-cracks-whip-on-sweetmarts-namkeen-makers-before-diwali/articleshow/87495424.cms
,broad_food_safety_title,,fda,2021-10-27,timesofindia.indiatimes.com,indiatimes.com,FDA urges caution while buying Diwali sweets,"((""edible oil"" OR ""cooking oil"" OR ""vegetable oil"" OR ""refined oil"" OR ""loose oil"" OR ""loose edible oil"") AND (adulterat* OR contaminat* OR misbrand* OR substandard OR spurious OR fake OR counterfeit OR rancid OR ""reused oil"" OR ""recycled oil"" OR ""unsafe oil"" OR ""unsafe cooking oil"" OR ""unsafe edible oil"" OR ""mixed with"") AND language:en) NOT (recruitment OR vacancy OR job* OR exam OR ""admit card"" OR ""answer key"" OR syllabus OR ""eat right"" OR fortification OR fortified OR ""trans fat"" OR ""health claims"" OR ""zero maida"" OR ""organic label"" OR ""misleading claims"" OR ""consumer complaints"" OR ""stock market"" OR ""crude oil"" OR petrol OR diesel OR ""engine oil"" OR ""essential oil"" OR ""hair oil"" OR ""massage oil"")",pending,https://timesofindia.indiatimes.com/city/kolhapur/fda-urges-caution-while-buying-diwali-sweets/articleshow/87286991.cms
,strong_title_match,cooking oil; oil,test,2021-09-16,food.ndtv.com,ndtv.com,Kitchen Tips: Is Your Cooking Oil Safe For Consumption? Find It Out With This Simple Test,"((""edible oil"" OR ""cooking oil"" OR ""vegetable oil"" OR ""refined oil"" OR ""loose oil"" OR ""loose edible oil"") AND (adulterat* OR contaminat* OR misbrand* OR substandard OR spurious OR fake OR counterfeit OR rancid OR ""reused oil"" OR ""recycled oil"" OR ""unsafe oil"" OR ""unsafe cooking oil"" OR ""unsafe edible oil"" OR ""mixed with"") AND language:en) NOT (recruitment OR vacancy OR job* OR exam OR ""admit card"" OR ""answer key"" OR syllabus OR ""eat right"" OR fortification OR fortified OR ""trans fat"" OR ""health claims"" OR ""zero maida"" OR ""organic label"" OR ""misleading claims"" OR ""consumer complaints"" OR ""stock market"" OR ""crude oil"" OR petrol OR diesel OR ""engine oil"" OR ""essential oil"" OR ""hair oil"" OR ""massage oil"")",pending,https://food.ndtv.com/news/kitchen-tips-is-your-cooking-oil-safe-for-consumption-find-it-out-with-this-simple-test-2542746
,broad_food_safety_title,,fda,2021-09-14,timesofindia.indiatimes.com,indiatimes.com,"Ensure adequate oxygen, drug stock before 3rd wave: FDA minister Shingane","((""edible oil"" OR ""cooking oil"" OR ""vegetable oil"" OR ""refined oil"" OR ""loose oil"" OR ""loose edible oil"") AND (adulterat* OR contaminat* OR misbrand* OR substandard OR spurious OR fake OR counterfeit OR rancid OR ""reused oil"" OR ""recycled oil"" OR ""unsafe oil"" OR ""unsafe cooking oil"" OR ""unsafe edible oil"" OR ""mixed with"") AND language:en) NOT (recruitment OR vacancy OR job* OR exam OR ""admit card"" OR ""answer key"" OR syllabus OR ""eat right"" OR fortification OR fortified OR ""trans fat"" OR ""health claims"" OR ""zero maida"" OR ""organic label"" OR ""misleading claims"" OR ""consumer complaints"" OR ""stock market"" OR ""crude oil"" OR petrol OR diesel OR ""engine oil"" OR ""essential oil"" OR ""hair oil"" OR ""massage oil"")",pending,https://timesofindia.indiatimes.com/city/nagpur/ensure-adequate-oxygen-drug-stock-before-3rd-wave-fda-minister-shingane/articleshow/86182410.cms
,broad_food_safety_title,,food safety,2021-08-28,newindianexpress.com,newindianexpress.com,Notice served on 85 eateries for violating food safety laws,"((""edible oil"" OR ""cooking oil"" OR ""vegetable oil"" OR ""refined oil"" OR ""loose oil"" OR ""loose edible oil"") AND (adulterat* OR contaminat* OR misbrand* OR substandard OR spurious OR fake OR counterfeit OR rancid OR ""reused oil"" OR ""recycled oil"" OR ""unsafe oil"" OR ""unsafe cooking oil"" OR ""unsafe edible oil"" OR ""mixed with"") AND language:en) NOT (recruitment OR vacancy OR job* OR exam OR ""admit card"" OR ""answer key"" OR syllabus OR ""eat right"" OR fortification OR fortified OR ""trans fat"" OR ""health claims"" OR ""zero maida"" OR ""organic label"" OR ""misleading claims"" OR ""consumer complaints"" OR ""stock market"" OR ""crude oil"" OR petrol OR diesel OR ""engine oil"" OR ""essential oil"" OR ""hair oil"" OR ""massage oil"")",pending,https://www.newindianexpress.com/cities/thiruvananthapuram/2021/aug/28/notice-served-on-85-eateries-for-violating-food-safety-laws-2350724.html
,broad_food_safety_title,,adulterated,2021-08-09,sify.com,sify.com,Adulterated milk factory busted in UP's Mathura ahead of festive season,"((""edible oil"" OR ""cooking oil"" OR ""vegetable oil"" OR ""refined oil"" OR ""loose oil"" OR ""loose edible oil"") AND (adulterat* OR contaminat* OR misbrand* OR substandard OR spurious OR fake OR counterfeit OR rancid OR ""reused oil"" OR ""recycled oil"" OR ""unsafe oil"" OR ""unsafe cooking oil"" OR ""unsafe edible oil"" OR ""mixed with"") AND language:en) NOT (recruitment OR vacancy OR job* OR exam OR ""admit card"" OR ""answer key"" OR syllabus OR ""eat right"" OR fortification OR fortified OR ""trans fat"" OR ""health claims"" OR ""zero maida"" OR ""organic label"" OR ""misleading claims"" OR ""consumer complaints"" OR ""stock market"" OR ""crude oil"" OR petrol OR diesel OR ""engine oil"" OR ""essential oil"" OR ""hair oil"" OR ""massage oil"")",pending,https://www.sify.com/news/adulterated-milk-factory-busted-in-ups-mathura-ahead-of-festive-season-news-national-vijeaidjddccb.html
,strong_title_match,mustard oil; oil,ban,2021-06-28,indianexpress.com,indianexpress.com,"‘Ban on blending of mustard oil will benefit farmers, lead to more production of healthier alternative’","((""edible oil"" OR ""cooking oil"" OR ""vegetable oil"" OR ""refined oil"" OR ""loose oil"" OR ""loose edible oil"") AND (adulterat* OR contaminat* OR misbrand* OR substandard OR spurious OR fake OR counterfeit OR rancid OR ""reused oil"" OR ""recycled oil"" OR ""unsafe oil"" OR ""unsafe cooking oil"" OR ""unsafe edible oil"" OR ""mixed with"") AND language:en) NOT (recruitment OR vacancy OR job* OR exam OR ""admit card"" OR ""answer key"" OR syllabus OR ""eat right"" OR fortification OR fortified OR ""trans fat"" OR ""health claims"" OR ""zero maida"" OR ""organic label"" OR ""misleading claims"" OR ""consumer complaints"" OR ""stock market"" OR ""crude oil"" OR petrol OR diesel OR ""engine oil"" OR ""essential oil"" OR ""hair oil"" OR ""massage oil"")",pending,https://indianexpress.com/article/cities/chandigarh/ban-on-blending-of-mustard-oil-will-benefit-farmers-lead-to-more-production-of-healthier-alternative-7378786/
,strong_title_match,edible oil; oil,adulterated,2021-06-17,timesofindia.indiatimes.com,indiatimes.com,"Nagpur: Adulterated edible oil racket busted, 3 booked","((""edible oil"" OR ""cooking oil"" OR ""vegetable oil"" OR ""refined oil"" OR ""loose oil"" OR ""loose edible oil"") AND (adulterat* OR contaminat* OR misbrand* OR substandard OR spurious OR fake OR counterfeit OR rancid OR ""reused oil"" OR ""recycled oil"" OR ""unsafe oil"" OR ""unsafe cooking oil"" OR ""unsafe edible oil"" OR ""mixed with"") AND language:en) NOT (recruitment OR vacancy OR job* OR exam OR ""admit card"" OR ""answer key"" OR syllabus OR ""eat right"" OR fortification OR fortified OR ""trans fat"" OR ""health claims"" OR ""zero maida"" OR ""organic label"" OR ""misleading claims"" OR ""consumer complaints"" OR ""stock market"" OR ""crude oil"" OR petrol OR diesel OR ""engine oil"" OR ""essential oil"" OR ""hair oil"" OR ""massage oil"")",pending,https://timesofindia.indiatimes.com/city/nagpur/adulterated-edible-oil-racket-busted-3-booked/articleshow/83588940.cms
,broad_food_safety_title,,adulteration,2021-06-04,timesofindia.indiatimes.com,indiatimes.com,Paneer-making units raided after complaints of adulteration in Muzaffarnagar,"((""edible oil"" OR ""cooking oil"" OR ""vegetable oil"" OR ""refined oil"" OR ""loose oil"" OR ""loose edible oil"") AND (adulterat* OR contaminat* OR misbrand* OR substandard OR spurious OR fake OR counterfeit OR rancid OR ""reused oil"" OR ""recycled oil"" OR ""unsafe oil"" OR ""unsafe cooking oil"" OR ""unsafe edible oil"" OR ""mixed with"") AND language:en) NOT (recruitment OR vacancy OR job* OR exam OR ""admit card"" OR ""answer key"" OR syllabus OR ""eat right"" OR fortification OR fortified OR ""trans fat"" OR ""health claims"" OR ""zero maida"" OR ""organic label"" OR ""misleading claims"" OR ""consumer complaints"" OR ""stock market"" OR ""crude oil"" OR petrol OR diesel OR ""engine oil"" OR ""essential oil"" OR ""hair oil"" OR ""massage oil"")",pending,https://timesofindia.indiatimes.com/city/meerut/paneer-making-units-raided-after-complaints-of-adulteration/articleshow/83213619.cms
,broad_food_safety_title,,substandard; seized,2021-02-09,freepressjournal.in,freepressjournal.in,Ujjain: 400 Kg substandard namkeen seized,"((""edible oil"" OR ""cooking oil"" OR ""vegetable oil"" OR ""refined oil"" OR ""loose oil"" OR ""loose edible oil"") AND (adulterat* OR contaminat* OR misbrand* OR substandard OR spurious OR fake OR counterfeit OR rancid OR ""reused oil"" OR ""recycled oil"" OR ""unsafe oil"" OR ""unsafe cooking oil"" OR ""unsafe edible oil"" OR ""mixed with"") AND language:en) NOT (recruitment OR vacancy OR job* OR exam OR ""admit card"" OR ""answer key"" OR syllabus OR ""eat right"" OR fortification OR fortified OR ""trans fat"" OR ""health claims"" OR ""zero maida"" OR ""organic label"" OR ""misleading claims"" OR ""consumer complaints"" OR ""stock market"" OR ""crude oil"" OR petrol OR diesel OR ""engine oil"" OR ""essential oil"" OR ""hair oil"" OR ""massage oil"")",pending,https://www.freepressjournal.in/indore/ujjain-400-kg-substandard-namkeen-seized
,broad_food_safety_title,,food safety,2021-01-30,arunachaltimes.in,arunachaltimes.in,DC urges business community to follow food safety norms,"((""edible oil"" OR ""cooking oil"" OR ""vegetable oil"" OR ""refined oil"" OR ""loose oil"" OR ""loose edible oil"") AND (adulterat* OR contaminat* OR misbrand* OR substandard OR spurious OR fake OR counterfeit OR rancid OR ""reused oil"" OR ""recycled oil"" OR ""unsafe oil"" OR ""unsafe cooking oil"" OR ""unsafe edible oil"" OR ""mixed with"") AND language:en) NOT (recruitment OR vacancy OR job* OR exam OR ""admit card"" OR ""answer key"" OR syllabus OR ""eat right"" OR fortification OR fortified OR ""trans fat"" OR ""health claims"" OR ""zero maida"" OR ""organic label"" OR ""misleading claims"" OR ""consumer complaints"" OR ""stock market"" OR ""crude oil"" OR petrol OR diesel OR ""engine oil"" OR ""essential oil"" OR ""hair oil"" OR ""massage oil"")",pending,https://arunachaltimes.in/index.php/2021/01/30/dc-urges-business-community-to-follow-food-safety-norms/
,strong_title_match,edible oil; oil,unsafe,2021-01-23,ndtv.com,ndtv.com,"Milk, Milk Products, Edible Oil Found Unsafe At Some Places In Haryana: Report","((""edible oil"" OR ""cooking oil"" OR ""vegetable oil"" OR ""refined oil"" OR ""loose oil"" OR ""loose edible oil"") AND (adulterat* OR contaminat* OR misbrand* OR substandard OR spurious OR fake OR counterfeit OR rancid OR ""reused oil"" OR ""recycled oil"" OR ""unsafe oil"" OR ""unsafe cooking oil"" OR ""unsafe edible oil"" OR ""mixed with"") AND language:en) NOT (recruitment OR vacancy OR job* OR exam OR ""admit card"" OR ""answer key"" OR syllabus OR ""eat right"" OR fortification OR fortified OR ""trans fat"" OR ""health claims"" OR ""zero maida"" OR ""organic label"" OR ""misleading claims"" OR ""consumer complaints"" OR ""stock market"" OR ""crude oil"" OR petrol OR diesel OR ""engine oil"" OR ""essential oil"" OR ""hair oil"" OR ""massage oil"")",pending,https://www.ndtv.com/india-news/milk-milk-products-edible-oil-found-unsafe-at-some-places-in-haryana-report-2356841
,strong_title_match,edible oil; oil,unsafe,2021-01-22,news18.com,news18.com,"Milk Products, Edible Oil Found Unsafe for Consumption at Some Places in Haryana","((""edible oil"" OR ""cooking oil"" OR ""vegetable oil"" OR ""refined oil"" OR ""loose oil"" OR ""loose edible oil"") AND (adulterat* OR contaminat* OR misbrand* OR substandard OR spurious OR fake OR counterfeit OR rancid OR ""reused oil"" OR ""recycled oil"" OR ""unsafe oil"" OR ""unsafe cooking oil"" OR ""unsafe edible oil"" OR ""mixed with"") AND language:en) NOT (recruitment OR vacancy OR job* OR exam OR ""admit card"" OR ""answer key"" OR syllabus OR ""eat right"" OR fortification OR fortified OR ""trans fat"" OR ""health claims"" OR ""zero maida"" OR ""organic label"" OR ""misleading claims"" OR ""consumer complaints"" OR ""stock market"" OR ""crude oil"" OR petrol OR diesel OR ""engine oil"" OR ""essential oil"" OR ""hair oil"" OR ""massage oil"")",pending,https://www.news18.com/news/india/milk-products-edible-oil-found-unsafe-for-consumption-at-some-places-in-haryana-3327902.html
,broad_food_safety_title,,seized; fake,2021-01-06,newindianexpress.com,newindianexpress.com,"Police bust fake tea manufacturing unit in Cuttack, 45 quintals seized","((""edible oil"" OR ""cooking oil"" OR ""vegetable oil"" OR ""refined oil"" OR ""loose oil"" OR ""loose edible oil"") AND (adulterat* OR contaminat* OR misbrand* OR substandard OR spurious OR fake OR counterfeit OR rancid OR ""reused oil"" OR ""recycled oil"" OR ""unsafe oil"" OR ""unsafe cooking oil"" OR ""unsafe edible oil"" OR ""mixed with"") AND language:en) NOT (recruitment OR vacancy OR job* OR exam OR ""admit card"" OR ""answer key"" OR syllabus OR ""eat right"" OR fortification OR fortified OR ""trans fat"" OR ""health claims"" OR ""zero maida"" OR ""organic label"" OR ""misleading claims"" OR ""consumer complaints"" OR ""stock market"" OR ""crude oil"" OR petrol OR diesel OR ""engine oil"" OR ""essential oil"" OR ""hair oil"" OR ""massage oil"")",pending,https://www.newindianexpress.com/states/odisha/2021/jan/06/police-bust-fake-tea-manufacturing-unit-in-cuttack-45-quintals-seized-2246301.html
,broad_food_safety_title,,spurious,2021-01-02,newindianexpress.com,newindianexpress.com,Spurious food units operated on CMC land,"((""edible oil"" OR ""cooking oil"" OR ""vegetable oil"" OR ""refined oil"" OR ""loose oil"" OR ""loose edible oil"") AND (adulterat* OR contaminat* OR misbrand* OR substandard OR spurious OR fake OR counterfeit OR rancid OR ""reused oil"" OR ""recycled oil"" OR ""unsafe oil"" OR ""unsafe cooking oil"" OR ""unsafe edible oil"" OR ""mixed with"") AND language:en) NOT (recruitment OR vacancy OR job* OR exam OR ""admit card"" OR ""answer key"" OR syllabus OR ""eat right"" OR fortification OR fortified OR ""trans fat"" OR ""health claims"" OR ""zero maida"" OR ""organic label"" OR ""misleading claims"" OR ""consumer complaints"" OR ""stock market"" OR ""crude oil"" OR petrol OR diesel OR ""engine oil"" OR ""essential oil"" OR ""hair oil"" OR ""massage oil"")",pending,https://www.newindianexpress.com/states/odisha/2021/jan/02/spurious-food-unitsoperated-on-cmc-land-2244404.html
