removed_reason,id,published_date,domain,source,title_snippet,query_used,status,url
contains whole-word ghee or vanaspati,9,2026-06-07,timesofindia.indiatimes.com,indiatimes.com,"Suspicious khoya, paneer and ghee worth â¹47 lakh seized in Pune","((""edible oil"" OR ""cooking oil"" OR ""vegetable oil"" OR ""refined oil"" OR ""loose oil"" OR ""loose edible oil"") AND (adulterat* OR contaminat* OR misbrand* OR substandard OR spurious OR fake OR counterfeit OR rancid OR ""reused oil"" OR ""recycled oil"" OR ""unsafe oil"" OR ""unsafe cooking oil"" OR ""unsafe edible oil"" OR ""mixed with"") AND language:en) NOT (recruitment OR vacancy OR job* OR exam OR ""admit card"" OR ""answer key"" OR syllabus OR ""eat right"" OR fortification OR fortified OR ""trans fat"" OR ""health claims"" OR ""zero maida"" OR ""organic label"" OR ""misleading claims"" OR ""consumer complaints"" OR ""stock market"" OR ""crude oil"" OR petrol OR diesel OR ""engine oil"" OR ""essential oil"" OR ""hair oil"" OR ""massage oil"")",pending,https://timesofindia.indiatimes.com/city/pune/suspicious-khoya-paneer-and-ghee-worth-47-lakh-seized-in-pune/articleshow/131558578.cms
contains whole-word ghee or vanaspati,13,2026-06-04,rediff.com,rediff.com,"Jalna Factory Raided For Making Fake Ghee, Rs 13 Lakh Stock Seized","((""edible oil"" OR ""cooking oil"" OR ""vegetable oil"" OR ""refined oil"" OR ""loose oil"" OR ""loose edible oil"") AND (adulterat* OR contaminat* OR misbrand* OR substandard OR spurious OR fake OR counterfeit OR rancid OR ""reused oil"" OR ""recycled oil"" OR ""unsafe oil"" OR ""unsafe cooking oil"" OR ""unsafe edible oil"" OR ""mixed with"") AND language:en) NOT (recruitment OR vacancy OR job* OR exam OR ""admit card"" OR ""answer key"" OR syllabus OR ""eat right"" OR fortification OR fortified OR ""trans fat"" OR ""health claims"" OR ""zero maida"" OR ""organic label"" OR ""misleading claims"" OR ""consumer complaints"" OR ""stock market"" OR ""crude oil"" OR petrol OR diesel OR ""engine oil"" OR ""essential oil"" OR ""hair oil"" OR ""massage oil"")",pending,https://www.rediff.com/news/report/fda-seizes-adulterated-ghee-worth-rs-13-lakh-in-jalna/20260604.htm
contains whole-word ghee or vanaspati,15,2026-06-04,news18.com,news18.com,Adulterated ghee worth Rs 13 lakh seized in Jalna district; factory sealed,"((""edible oil"" OR ""cooking oil"" OR ""vegetable oil"" OR ""refined oil"" OR ""loose oil"" OR ""loose edible oil"") AND (adulterat* OR contaminat* OR misbrand* OR substandard OR spurious OR fake OR counterfeit OR rancid OR ""reused oil"" OR ""recycled oil"" OR ""unsafe oil"" OR ""unsafe cooking oil"" OR ""unsafe edible oil"" OR ""mixed with"") AND language:en) NOT (recruitment OR vacancy OR job* OR exam OR ""admit card"" OR ""answer key"" OR syllabus OR ""eat right"" OR fortification OR fortified OR ""trans fat"" OR ""health claims"" OR ""zero maida"" OR ""organic label"" OR ""misleading claims"" OR ""consumer complaints"" OR ""stock market"" OR ""crude oil"" OR petrol OR diesel OR ""engine oil"" OR ""essential oil"" OR ""hair oil"" OR ""massage oil"")",pending,https://www.news18.com/agency-feeds/adulterated-ghee-worth-rs-13-lakh-seized-in-jalna-district-factory-sealed-10131178.html
contains whole-word ghee or vanaspati,17,2026-06-03,timesofindia.indiatimes.com,indiatimes.com,"Major crackdown on adulterated ghee and oil in Pokaran; over 14,000kg seized","((""edible oil"" OR ""cooking oil"" OR ""vegetable oil"" OR ""refined oil"" OR ""loose oil"" OR ""loose edible oil"") AND (adulterat* OR contaminat* OR misbrand* OR substandard OR spurious OR fake OR counterfeit OR rancid OR ""reused oil"" OR ""recycled oil"" OR ""unsafe oil"" OR ""unsafe cooking oil"" OR ""unsafe edible oil"" OR ""mixed with"") AND language:en) NOT (recruitment OR vacancy OR job* OR exam OR ""admit card"" OR ""answer key"" OR syllabus OR ""eat right"" OR fortification OR fortified OR ""trans fat"" OR ""health claims"" OR ""zero maida"" OR ""organic label"" OR ""misleading claims"" OR ""consumer complaints"" OR ""stock market"" OR ""crude oil"" OR petrol OR diesel OR ""engine oil"" OR ""essential oil"" OR ""hair oil"" OR ""massage oil"")",pending,https://timesofindia.indiatimes.com/city/jaipur/major-crackdown-on-adulterated-ghee-and-oil-in-pokaran-over-14000kg-seized/articleshow/131486941.cms
contains whole-word ghee or vanaspati,52,2026-04-22,hindustantimes.com,hindustantimes.com,"1,500 kg spurious ghee seized in Ludhiana","((""edible oil"" OR ""cooking oil"" OR ""vegetable oil"" OR ""refined oil"" OR ""loose oil"" OR ""loose edible oil"") AND (adulterat* OR contaminat* OR misbrand* OR substandard OR spurious OR fake OR counterfeit OR rancid OR ""reused oil"" OR ""recycled oil"" OR ""unsafe oil"" OR ""unsafe cooking oil"" OR ""unsafe edible oil"" OR ""mixed with"") AND language:en) NOT (recruitment OR vacancy OR job* OR exam OR ""admit card"" OR ""answer key"" OR syllabus OR ""eat right"" OR fortification OR fortified OR ""trans fat"" OR ""health claims"" OR ""zero maida"" OR ""organic label"" OR ""misleading claims"" OR ""consumer complaints"" OR ""stock market"" OR ""crude oil"" OR petrol OR diesel OR ""engine oil"" OR ""essential oil"" OR ""hair oil"" OR ""massage oil"")",pending,https://www.hindustantimes.com/cities/chandigarh-news/1500-kg-spurious-ghee-seized-in-ludhiana-101776799305166.html
contains whole-word ghee or vanaspati,53,2026-04-17,timesofindia.indiatimes.com,indiatimes.com,Unit making spurious ghee flourishing for 2 years busted in Sachin GIDC,"((""edible oil"" OR ""cooking oil"" OR ""vegetable oil"" OR ""refined oil"" OR ""loose oil"" OR ""loose edible oil"") AND (adulterat* OR contaminat* OR misbrand* OR substandard OR spurious OR fake OR counterfeit OR rancid OR ""reused oil"" OR ""recycled oil"" OR ""unsafe oil"" OR ""unsafe cooking oil"" OR ""unsafe edible oil"" OR ""mixed with"") AND language:en) NOT (recruitment OR vacancy OR job* OR exam OR ""admit card"" OR ""answer key"" OR syllabus OR ""eat right"" OR fortification OR fortified OR ""trans fat"" OR ""health claims"" OR ""zero maida"" OR ""organic label"" OR ""misleading claims"" OR ""consumer complaints"" OR ""stock market"" OR ""crude oil"" OR petrol OR diesel OR ""engine oil"" OR ""essential oil"" OR ""hair oil"" OR ""massage oil"")",pending,https://timesofindia.indiatimes.com/city/surat/unit-making-spurious-ghee-flourishing-for-2-years-busted-in-sachin-gidc/articleshow/130316426.cms
contains whole-word ghee or vanaspati,65,2026-03-10,news18.com,news18.com,Telangana Fake Ghee Row: Govt-Run Vijay Dairy Caught In Storm Amid Shocking Allegations,"((""edible oil"" OR ""cooking oil"" OR ""vegetable oil"" OR ""refined oil"" OR ""loose oil"" OR ""loose edible oil"") AND (adulterat* OR contaminat* OR misbrand* OR substandard OR spurious OR fake OR counterfeit OR rancid OR ""reused oil"" OR ""recycled oil"" OR ""unsafe oil"" OR ""unsafe cooking oil"" OR ""unsafe edible oil"" OR ""mixed with"") AND language:en) NOT (recruitment OR vacancy OR job* OR exam OR ""admit card"" OR ""answer key"" OR syllabus OR ""eat right"" OR fortification OR fortified OR ""trans fat"" OR ""health claims"" OR ""zero maida"" OR ""organic label"" OR ""misleading claims"" OR ""consumer complaints"" OR ""stock market"" OR ""crude oil"" OR petrol OR diesel OR ""engine oil"" OR ""essential oil"" OR ""hair oil"" OR ""massage oil"")",pending,https://www.news18.com/cities/hyderabad-news/telangana-fake-ghee-row-govt-run-vijay-dairy-caught-in-storm-amid-shocking-allegations-ws-kl-9952299.html
contains whole-word ghee or vanaspati,70,2026-03-02,economictimes.indiatimes.com,indiatimes.com,"1,400 kg fake khoya, 400 kilo expired ghee and paneer seized by FSSAI before Holi","((""edible oil"" OR ""cooking oil"" OR ""vegetable oil"" OR ""refined oil"" OR ""loose oil"" OR ""loose edible oil"") AND (adulterat* OR contaminat* OR misbrand* OR substandard OR spurious OR fake OR counterfeit OR rancid OR ""reused oil"" OR ""recycled oil"" OR ""unsafe oil"" OR ""unsafe cooking oil"" OR ""unsafe edible oil"" OR ""mixed with"") AND language:en) NOT (recruitment OR vacancy OR job* OR exam OR ""admit card"" OR ""answer key"" OR syllabus OR ""eat right"" OR fortification OR fortified OR ""trans fat"" OR ""health claims"" OR ""zero maida"" OR ""organic label"" OR ""misleading claims"" OR ""consumer complaints"" OR ""stock market"" OR ""crude oil"" OR petrol OR diesel OR ""engine oil"" OR ""essential oil"" OR ""hair oil"" OR ""massage oil"")",pending,https://economictimes.indiatimes.com/news/new-updates/1400-kg-fake-khoya-400-kilo-expired-ghee-and-paneer-seized-by-fssai-before-holi/articleshow/128938525.cms
contains whole-word ghee or vanaspati,95,2025-11-27,indianexpress.com,indianexpress.com,"Industrial-grade machines, repackaging: How an arrested couple turned 1 litre of Nandini Ghee into 4 litres","((""edible oil"" OR ""cooking oil"" OR ""vegetable oil"" OR ""refined oil"" OR ""loose oil"" OR ""loose edible oil"") AND (adulterat* OR contaminat* OR misbrand* OR substandard OR spurious OR fake OR counterfeit OR rancid OR ""reused oil"" OR ""recycled oil"" OR ""unsafe oil"" OR ""unsafe cooking oil"" OR ""unsafe edible oil"" OR ""mixed with"") AND language:en) NOT (recruitment OR vacancy OR job* OR exam OR ""admit card"" OR ""answer key"" OR syllabus OR ""eat right"" OR fortification OR fortified OR ""trans fat"" OR ""health claims"" OR ""zero maida"" OR ""organic label"" OR ""misleading claims"" OR ""consumer complaints"" OR ""stock market"" OR ""crude oil"" OR petrol OR diesel OR ""engine oil"" OR ""essential oil"" OR ""hair oil"" OR ""massage oil"")",pending,https://indianexpress.com/article/cities/bangalore/nandini-ghee-arrested-couple-industrial-grade-machines-repackaging-10389213/
contains whole-word ghee or vanaspati,96,2025-10-30,freepressjournal.in,freepressjournal.in,"Indore News: Food Officials Seized 600 Liters Of Adulterated Ghee, Oil","((""edible oil"" OR ""cooking oil"" OR ""vegetable oil"" OR ""refined oil"" OR ""loose oil"" OR ""loose edible oil"") AND (adulterat* OR contaminat* OR misbrand* OR substandard OR spurious OR fake OR counterfeit OR rancid OR ""reused oil"" OR ""recycled oil"" OR ""unsafe oil"" OR ""unsafe cooking oil"" OR ""unsafe edible oil"" OR ""mixed with"") AND language:en) NOT (recruitment OR vacancy OR job* OR exam OR ""admit card"" OR ""answer key"" OR syllabus OR ""eat right"" OR fortification OR fortified OR ""trans fat"" OR ""health claims"" OR ""zero maida"" OR ""organic label"" OR ""misleading claims"" OR ""consumer complaints"" OR ""stock market"" OR ""crude oil"" OR petrol OR diesel OR ""engine oil"" OR ""essential oil"" OR ""hair oil"" OR ""massage oil"")",pending,https://www.freepressjournal.in/indore/indore-news-food-officials-seized-600-liters-of-adulterated-ghee-oil
contains whole-word ghee or vanaspati,97,2025-10-30,timesofindia.indiatimes.com,indiatimes.com,"3,400L adulterated ghee seized, factory sealed","((""edible oil"" OR ""cooking oil"" OR ""vegetable oil"" OR ""refined oil"" OR ""loose oil"" OR ""loose edible oil"") AND (adulterat* OR contaminat* OR misbrand* OR substandard OR spurious OR fake OR counterfeit OR rancid OR ""reused oil"" OR ""recycled oil"" OR ""unsafe oil"" OR ""unsafe cooking oil"" OR ""unsafe edible oil"" OR ""mixed with"") AND language:en) NOT (recruitment OR vacancy OR job* OR exam OR ""admit card"" OR ""answer key"" OR syllabus OR ""eat right"" OR fortification OR fortified OR ""trans fat"" OR ""health claims"" OR ""zero maida"" OR ""organic label"" OR ""misleading claims"" OR ""consumer complaints"" OR ""stock market"" OR ""crude oil"" OR petrol OR diesel OR ""engine oil"" OR ""essential oil"" OR ""hair oil"" OR ""massage oil"")",pending,https://timesofindia.indiatimes.com/city/indore/3400l-adulterated-ghee-seized-factory-sealed/articleshow/124919369.cms
contains whole-word ghee or vanaspati,100,2025-10-22,timesofindia.indiatimes.com,indiatimes.com,4 arrested for preparing and selling spurious desi ghee,"((""edible oil"" OR ""cooking oil"" OR ""vegetable oil"" OR ""refined oil"" OR ""loose oil"" OR ""loose edible oil"") AND (adulterat* OR contaminat* OR misbrand* OR substandard OR spurious OR fake OR counterfeit OR rancid OR ""reused oil"" OR ""recycled oil"" OR ""unsafe oil"" OR ""unsafe cooking oil"" OR ""unsafe edible oil"" OR ""mixed with"") AND language:en) NOT (recruitment OR vacancy OR job* OR exam OR ""admit card"" OR ""answer key"" OR syllabus OR ""eat right"" OR fortification OR fortified OR ""trans fat"" OR ""health claims"" OR ""zero maida"" OR ""organic label"" OR ""misleading claims"" OR ""consumer complaints"" OR ""stock market"" OR ""crude oil"" OR petrol OR diesel OR ""engine oil"" OR ""essential oil"" OR ""hair oil"" OR ""massage oil"")",pending,https://timesofindia.indiatimes.com/city/chandigarh/four-arrested-for-preparing-and-selling-spurious-desi-ghee/articleshow/124738787.cms
contains whole-word ghee or vanaspati,101,2025-10-22,timesofindia.indiatimes.com,indiatimes.com,Fake desi ghee factory busted in Punjab; How exactly is fake ghee made and how to spot it,"((""edible oil"" OR ""cooking oil"" OR ""vegetable oil"" OR ""refined oil"" OR ""loose oil"" OR ""loose edible oil"") AND (adulterat* OR contaminat* OR misbrand* OR substandard OR spurious OR fake OR counterfeit OR rancid OR ""reused oil"" OR ""recycled oil"" OR ""unsafe oil"" OR ""unsafe cooking oil"" OR ""unsafe edible oil"" OR ""mixed with"") AND language:en) NOT (recruitment OR vacancy OR job* OR exam OR ""admit card"" OR ""answer key"" OR syllabus OR ""eat right"" OR fortification OR fortified OR ""trans fat"" OR ""health claims"" OR ""zero maida"" OR ""organic label"" OR ""misleading claims"" OR ""consumer complaints"" OR ""stock market"" OR ""crude oil"" OR petrol OR diesel OR ""engine oil"" OR ""essential oil"" OR ""hair oil"" OR ""massage oil"")",pending,https://timesofindia.indiatimes.com/life-style/food-news/fake-desi-ghee-factory-busted-in-punjab-how-exactly-is-fake-ghee-made-and-how-to-spot-it/articleshow/124737410.cms
contains whole-word ghee or vanaspati,106,2025-10-18,newindianexpress.com,newindianexpress.com,"Police seize over 6,800 units of fake desi ghee, sweets across Delhi","((""edible oil"" OR ""cooking oil"" OR ""vegetable oil"" OR ""refined oil"" OR ""loose oil"" OR ""loose edible oil"") AND (adulterat* OR contaminat* OR misbrand* OR substandard OR spurious OR fake OR counterfeit OR rancid OR ""reused oil"" OR ""recycled oil"" OR ""unsafe oil"" OR ""unsafe cooking oil"" OR ""unsafe edible oil"" OR ""mixed with"") AND language:en) NOT (recruitment OR vacancy OR job* OR exam OR ""admit card"" OR ""answer key"" OR syllabus OR ""eat right"" OR fortification OR fortified OR ""trans fat"" OR ""health claims"" OR ""zero maida"" OR ""organic label"" OR ""misleading claims"" OR ""consumer complaints"" OR ""stock market"" OR ""crude oil"" OR petrol OR diesel OR ""engine oil"" OR ""essential oil"" OR ""hair oil"" OR ""massage oil"")",pending,https://www.newindianexpress.com/cities/delhi/2025/Oct/18/police-seize-over-6800-units-of-fake-desi-ghee-sweets-across-delhi
contains whole-word ghee or vanaspati,108,2025-10-18,timesofindia.indiatimes.com,indiatimes.com,FDA seizes adulterated ghee oil stocks worth Rs 5.5 lakh in pre-Diwali crackdown,"((""edible oil"" OR ""cooking oil"" OR ""vegetable oil"" OR ""refined oil"" OR ""loose oil"" OR ""loose edible oil"") AND (adulterat* OR contaminat* OR misbrand* OR substandard OR spurious OR fake OR counterfeit OR rancid OR ""reused oil"" OR ""recycled oil"" OR ""unsafe oil"" OR ""unsafe cooking oil"" OR ""unsafe edible oil"" OR ""mixed with"") AND language:en) NOT (recruitment OR vacancy OR job* OR exam OR ""admit card"" OR ""answer key"" OR syllabus OR ""eat right"" OR fortification OR fortified OR ""trans fat"" OR ""health claims"" OR ""zero maida"" OR ""organic label"" OR ""misleading claims"" OR ""consumer complaints"" OR ""stock market"" OR ""crude oil"" OR petrol OR diesel OR ""engine oil"" OR ""essential oil"" OR ""hair oil"" OR ""massage oil"")",pending,https://timesofindia.indiatimes.com/city/kolhapur/fda-seizes-adulterated-ghee-oil-stocks-worth-rs-5-5-lakh-in-pre-diwali-crackdown/articleshow/124643811.cms
contains whole-word ghee or vanaspati,118,2025-10-09,indianexpress.com,indianexpress.com,"Fake ghee racket busted by Delhi Police ahead of Diwali, 2 arrested from Budh Vihar and Jind","((""edible oil"" OR ""cooking oil"" OR ""vegetable oil"" OR ""refined oil"" OR ""loose oil"" OR ""loose edible oil"") AND (adulterat* OR contaminat* OR misbrand* OR substandard OR spurious OR fake OR counterfeit OR rancid OR ""reused oil"" OR ""recycled oil"" OR ""unsafe oil"" OR ""unsafe cooking oil"" OR ""unsafe edible oil"" OR ""mixed with"") AND language:en) NOT (recruitment OR vacancy OR job* OR exam OR ""admit card"" OR ""answer key"" OR syllabus OR ""eat right"" OR fortification OR fortified OR ""trans fat"" OR ""health claims"" OR ""zero maida"" OR ""organic label"" OR ""misleading claims"" OR ""consumer complaints"" OR ""stock market"" OR ""crude oil"" OR petrol OR diesel OR ""engine oil"" OR ""essential oil"" OR ""hair oil"" OR ""massage oil"")",pending,https://indianexpress.com/article/cities/delhi/fake-ghee-racket-busted-diwali-2-arrested-10296351/
contains whole-word ghee or vanaspati,120,2025-10-09,hindustantimes.com,hindustantimes.com,"Adulterated ghee seized, 2 held in outer Delhi’s Budh Vihar","((""edible oil"" OR ""cooking oil"" OR ""vegetable oil"" OR ""refined oil"" OR ""loose oil"" OR ""loose edible oil"") AND (adulterat* OR contaminat* OR misbrand* OR substandard OR spurious OR fake OR counterfeit OR rancid OR ""reused oil"" OR ""recycled oil"" OR ""unsafe oil"" OR ""unsafe cooking oil"" OR ""unsafe edible oil"" OR ""mixed with"") AND language:en) NOT (recruitment OR vacancy OR job* OR exam OR ""admit card"" OR ""answer key"" OR syllabus OR ""eat right"" OR fortification OR fortified OR ""trans fat"" OR ""health claims"" OR ""zero maida"" OR ""organic label"" OR ""misleading claims"" OR ""consumer complaints"" OR ""stock market"" OR ""crude oil"" OR petrol OR diesel OR ""engine oil"" OR ""essential oil"" OR ""hair oil"" OR ""massage oil"")",pending,https://www.hindustantimes.com/cities/delhi-news/adulterated-ghee-seized-2-held-in-outer-delhi-s-budh-vihar-101759968831171.html
contains whole-word ghee or vanaspati,122,2025-10-05,timesofindia.indiatimes.com,indiatimes.com,"Ahead of Diwali, 10,000kg of spurious ghee seized","((""edible oil"" OR ""cooking oil"" OR ""vegetable oil"" OR ""refined oil"" OR ""loose oil"" OR ""loose edible oil"") AND (adulterat* OR contaminat* OR misbrand* OR substandard OR spurious OR fake OR counterfeit OR rancid OR ""reused oil"" OR ""recycled oil"" OR ""unsafe oil"" OR ""unsafe cooking oil"" OR ""unsafe edible oil"" OR ""mixed with"") AND language:en) NOT (recruitment OR vacancy OR job* OR exam OR ""admit card"" OR ""answer key"" OR syllabus OR ""eat right"" OR fortification OR fortified OR ""trans fat"" OR ""health claims"" OR ""zero maida"" OR ""organic label"" OR ""misleading claims"" OR ""consumer complaints"" OR ""stock market"" OR ""crude oil"" OR petrol OR diesel OR ""engine oil"" OR ""essential oil"" OR ""hair oil"" OR ""massage oil"")",pending,https://timesofindia.indiatimes.com/city/surat/ahead-of-diwali-10000kg-of-spurious-ghee-seized/articleshow/124310125.cms
contains whole-word ghee or vanaspati,123,2025-10-03,indianexpress.com,indianexpress.com,Fake ghee racket busted in Delhi: 6 held in festive season crackdown,"((""edible oil"" OR ""cooking oil"" OR ""vegetable oil"" OR ""refined oil"" OR ""loose oil"" OR ""loose edible oil"") AND (adulterat* OR contaminat* OR misbrand* OR substandard OR spurious OR fake OR counterfeit OR rancid OR ""reused oil"" OR ""recycled oil"" OR ""unsafe oil"" OR ""unsafe cooking oil"" OR ""unsafe edible oil"" OR ""mixed with"") AND language:en) NOT (recruitment OR vacancy OR job* OR exam OR ""admit card"" OR ""answer key"" OR syllabus OR ""eat right"" OR fortification OR fortified OR ""trans fat"" OR ""health claims"" OR ""zero maida"" OR ""organic label"" OR ""misleading claims"" OR ""consumer complaints"" OR ""stock market"" OR ""crude oil"" OR petrol OR diesel OR ""engine oil"" OR ""essential oil"" OR ""hair oil"" OR ""massage oil"")",pending,https://indianexpress.com/article/cities/delhi/fake-ghee-racket-busted-in-delhi-6-held-in-festive-season-crackdown-10284942/
contains whole-word ghee or vanaspati,124,2025-10-02,ibtimes.co.in,ibtimes.co.in,"Delhi Police busts adulterated desi ghee racket; 1,625 kg seized, six arrested","((""edible oil"" OR ""cooking oil"" OR ""vegetable oil"" OR ""refined oil"" OR ""loose oil"" OR ""loose edible oil"") AND (adulterat* OR contaminat* OR misbrand* OR substandard OR spurious OR fake OR counterfeit OR rancid OR ""reused oil"" OR ""recycled oil"" OR ""unsafe oil"" OR ""unsafe cooking oil"" OR ""unsafe edible oil"" OR ""mixed with"") AND language:en) NOT (recruitment OR vacancy OR job* OR exam OR ""admit card"" OR ""answer key"" OR syllabus OR ""eat right"" OR fortification OR fortified OR ""trans fat"" OR ""health claims"" OR ""zero maida"" OR ""organic label"" OR ""misleading claims"" OR ""consumer complaints"" OR ""stock market"" OR ""crude oil"" OR petrol OR diesel OR ""engine oil"" OR ""essential oil"" OR ""hair oil"" OR ""massage oil"")",pending,https://www.ibtimes.co.in/delhi-police-busts-adulterated-desi-ghee-racket-1625-kg-seized-six-arrested-890084
contains whole-word ghee or vanaspati,125,2025-10-03,hindustantimes.com,hindustantimes.com,"Delhi Police busts three units making 1,625 kg of fake desi ghee, six held","((""edible oil"" OR ""cooking oil"" OR ""vegetable oil"" OR ""refined oil"" OR ""loose oil"" OR ""loose edible oil"") AND (adulterat* OR contaminat* OR misbrand* OR substandard OR spurious OR fake OR counterfeit OR rancid OR ""reused oil"" OR ""recycled oil"" OR ""unsafe oil"" OR ""unsafe cooking oil"" OR ""unsafe edible oil"" OR ""mixed with"") AND language:en) NOT (recruitment OR vacancy OR job* OR exam OR ""admit card"" OR ""answer key"" OR syllabus OR ""eat right"" OR fortification OR fortified OR ""trans fat"" OR ""health claims"" OR ""zero maida"" OR ""organic label"" OR ""misleading claims"" OR ""consumer complaints"" OR ""stock market"" OR ""crude oil"" OR petrol OR diesel OR ""engine oil"" OR ""essential oil"" OR ""hair oil"" OR ""massage oil"")",pending,https://www.hindustantimes.com/cities/delhi-news/delhi-police-busts-three-units-making-1-625-kg-of-fake-desi-ghee-six-held-101759447631631.html
contains whole-word ghee or vanaspati,131,2025-08-09,indianexpress.com,indianexpress.com,"Dalda, refined oil, a dash of artificial essence: How fake ghee was sold under Amul, Mother Dairy brands in UP’s Sambhal","((""edible oil"" OR ""cooking oil"" OR ""vegetable oil"" OR ""refined oil"" OR ""loose oil"" OR ""loose edible oil"") AND (adulterat* OR contaminat* OR misbrand* OR substandard OR spurious OR fake OR counterfeit OR rancid OR ""reused oil"" OR ""recycled oil"" OR ""unsafe oil"" OR ""unsafe cooking oil"" OR ""unsafe edible oil"" OR ""mixed with"") AND language:en) NOT (recruitment OR vacancy OR job* OR exam OR ""admit card"" OR ""answer key"" OR syllabus OR ""eat right"" OR fortification OR fortified OR ""trans fat"" OR ""health claims"" OR ""zero maida"" OR ""organic label"" OR ""misleading claims"" OR ""consumer complaints"" OR ""stock market"" OR ""crude oil"" OR petrol OR diesel OR ""engine oil"" OR ""essential oil"" OR ""hair oil"" OR ""massage oil"")",pending,https://indianexpress.com/article/cities/delhi/923-litres-fake-ghee-seized-uttar-pradesh-sambhal-10179095/
contains whole-word ghee or vanaspati,133,2025-07-08,freepressjournal.in,freepressjournal.in,"FSSAI Launches Ghee Purity Testing Drive In Madhya Pradesh Ahead Of Festive Season; Samples Sent To Bhopal, Indore Labs","((""edible oil"" OR ""cooking oil"" OR ""vegetable oil"" OR ""refined oil"" OR ""loose oil"" OR ""loose edible oil"") AND (adulterat* OR contaminat* OR misbrand* OR substandard OR spurious OR fake OR counterfeit OR rancid OR ""reused oil"" OR ""recycled oil"" OR ""unsafe oil"" OR ""unsafe cooking oil"" OR ""unsafe edible oil"" OR ""mixed with"") AND language:en) NOT (recruitment OR vacancy OR job* OR exam OR ""admit card"" OR ""answer key"" OR syllabus OR ""eat right"" OR fortification OR fortified OR ""trans fat"" OR ""health claims"" OR ""zero maida"" OR ""organic label"" OR ""misleading claims"" OR ""consumer complaints"" OR ""stock market"" OR ""crude oil"" OR petrol OR diesel OR ""engine oil"" OR ""essential oil"" OR ""hair oil"" OR ""massage oil"")",pending,https://www.freepressjournal.in/bhopal/fssai-launches-ghee-purity-testing-drive-in-madhya-pradesh-ahead-of-festive-season-samples-sent-to-bhopal-indore-labs
contains whole-word ghee or vanaspati,147,2025-04-23,timesofindia.indiatimes.com,indiatimes.com,"Factory making spurious ghee busted in Chittor, one detained","((""edible oil"" OR ""cooking oil"" OR ""vegetable oil"" OR ""refined oil"" OR ""loose oil"" OR ""loose edible oil"") AND (adulterat* OR contaminat* OR misbrand* OR substandard OR spurious OR fake OR counterfeit OR rancid OR ""reused oil"" OR ""recycled oil"" OR ""unsafe oil"" OR ""unsafe cooking oil"" OR ""unsafe edible oil"" OR ""mixed with"") AND language:en) NOT (recruitment OR vacancy OR job* OR exam OR ""admit card"" OR ""answer key"" OR syllabus OR ""eat right"" OR fortification OR fortified OR ""trans fat"" OR ""health claims"" OR ""zero maida"" OR ""organic label"" OR ""misleading claims"" OR ""consumer complaints"" OR ""stock market"" OR ""crude oil"" OR petrol OR diesel OR ""engine oil"" OR ""essential oil"" OR ""hair oil"" OR ""massage oil"")",pending,https://timesofindia.indiatimes.com/city/jaipur/factory-making-spurious-ghee-busted-in-chittor-one-detained/articleshow/120529039.cms
contains whole-word ghee or vanaspati,160,2025-02-27,timesofindia.indiatimes.com,indiatimes.com,4000 kg adulterated ghee worth Rs 17.5 lakh seized in this state,"((""edible oil"" OR ""cooking oil"" OR ""vegetable oil"" OR ""refined oil"" OR ""loose oil"" OR ""loose edible oil"") AND (adulterat* OR contaminat* OR misbrand* OR substandard OR spurious OR fake OR counterfeit OR rancid OR ""reused oil"" OR ""recycled oil"" OR ""unsafe oil"" OR ""unsafe cooking oil"" OR ""unsafe edible oil"" OR ""mixed with"") AND language:en) NOT (recruitment OR vacancy OR job* OR exam OR ""admit card"" OR ""answer key"" OR syllabus OR ""eat right"" OR fortification OR fortified OR ""trans fat"" OR ""health claims"" OR ""zero maida"" OR ""organic label"" OR ""misleading claims"" OR ""consumer complaints"" OR ""stock market"" OR ""crude oil"" OR petrol OR diesel OR ""engine oil"" OR ""essential oil"" OR ""hair oil"" OR ""massage oil"")",pending,https://timesofindia.indiatimes.com/life-style/food-news/4000-kg-adulterated-ghee-worth-rs-17-5-lakh-seized-in-this-state/articleshow/118608704.cms
contains whole-word ghee or vanaspati,168,2025-01-10,hindustantimes.com,hindustantimes.com,"Ludhiana: Seized by health officials, ghee, oil ‘stolen’; three booked","((""edible oil"" OR ""cooking oil"" OR ""vegetable oil"" OR ""refined oil"" OR ""loose oil"" OR ""loose edible oil"") AND (adulterat* OR contaminat* OR misbrand* OR substandard OR spurious OR fake OR counterfeit OR rancid OR ""reused oil"" OR ""recycled oil"" OR ""unsafe oil"" OR ""unsafe cooking oil"" OR ""unsafe edible oil"" OR ""mixed with"") AND language:en) NOT (recruitment OR vacancy OR job* OR exam OR ""admit card"" OR ""answer key"" OR syllabus OR ""eat right"" OR fortification OR fortified OR ""trans fat"" OR ""health claims"" OR ""zero maida"" OR ""organic label"" OR ""misleading claims"" OR ""consumer complaints"" OR ""stock market"" OR ""crude oil"" OR petrol OR diesel OR ""engine oil"" OR ""essential oil"" OR ""hair oil"" OR ""massage oil"")",pending,https://www.hindustantimes.com/cities/chandigarh-news/ludhiana-seized-by-health-officials-ghee-oil-stolen-three-booked-101736529578743.html
contains whole-word ghee or vanaspati,176,2022-04-11,newdelhinews.net,newdelhinews.net,Delhi: Two arrested for selling adulterated ghee,"((""edible oil"" OR ""cooking oil"" OR ""vegetable oil"" OR ""refined oil"" OR ""loose oil"" OR ""loose edible oil"") AND (adulterat* OR contaminat* OR misbrand* OR substandard OR spurious OR fake OR counterfeit OR rancid OR ""reused oil"" OR ""recycled oil"" OR ""unsafe oil"" OR ""unsafe cooking oil"" OR ""unsafe edible oil"" OR ""mixed with"") AND language:en) NOT (recruitment OR vacancy OR job* OR exam OR ""admit card"" OR ""answer key"" OR syllabus OR ""eat right"" OR fortification OR fortified OR ""trans fat"" OR ""health claims"" OR ""zero maida"" OR ""organic label"" OR ""misleading claims"" OR ""consumer complaints"" OR ""stock market"" OR ""crude oil"" OR petrol OR diesel OR ""engine oil"" OR ""essential oil"" OR ""hair oil"" OR ""massage oil"")",pending,https://www.newdelhinews.net/news/272468805/delhi-two-arrested-for-selling-adulterated-ghee
contains whole-word ghee or vanaspati,177,2022-04-11,indiasnews.net,indiasnews.net,Delhi: Two arrested for selling adulterated ghee,"((""edible oil"" OR ""cooking oil"" OR ""vegetable oil"" OR ""refined oil"" OR ""loose oil"" OR ""loose edible oil"") AND (adulterat* OR contaminat* OR misbrand* OR substandard OR spurious OR fake OR counterfeit OR rancid OR ""reused oil"" OR ""recycled oil"" OR ""unsafe oil"" OR ""unsafe cooking oil"" OR ""unsafe edible oil"" OR ""mixed with"") AND language:en) NOT (recruitment OR vacancy OR job* OR exam OR ""admit card"" OR ""answer key"" OR syllabus OR ""eat right"" OR fortification OR fortified OR ""trans fat"" OR ""health claims"" OR ""zero maida"" OR ""organic label"" OR ""misleading claims"" OR ""consumer complaints"" OR ""stock market"" OR ""crude oil"" OR petrol OR diesel OR ""engine oil"" OR ""essential oil"" OR ""hair oil"" OR ""massage oil"")",pending,https://www.indiasnews.net/news/272468805/delhi-two-arrested-for-selling-adulterated-ghee
contains whole-word ghee or vanaspati,182,2021-12-17,newindianexpress.com,newindianexpress.com,"Ghee adulteration ring busted, Karnataka Milk Federation officials reach Mysuru","((""edible oil"" OR ""cooking oil"" OR ""vegetable oil"" OR ""refined oil"" OR ""loose oil"" OR ""loose edible oil"") AND (adulterat* OR contaminat* OR misbrand* OR substandard OR spurious OR fake OR counterfeit OR rancid OR ""reused oil"" OR ""recycled oil"" OR ""unsafe oil"" OR ""unsafe cooking oil"" OR ""unsafe edible oil"" OR ""mixed with"") AND language:en) NOT (recruitment OR vacancy OR job* OR exam OR ""admit card"" OR ""answer key"" OR syllabus OR ""eat right"" OR fortification OR fortified OR ""trans fat"" OR ""health claims"" OR ""zero maida"" OR ""organic label"" OR ""misleading claims"" OR ""consumer complaints"" OR ""stock market"" OR ""crude oil"" OR petrol OR diesel OR ""engine oil"" OR ""essential oil"" OR ""hair oil"" OR ""massage oil"")",pending,https://www.newindianexpress.com/states/karnataka/2021/dec/17/ghee-adulteration-ring-busted-karnataka-milk-federation-officials-reach-mysuru-2396443.html
contains whole-word ghee or vanaspati,188,2024-10-25,indiatoday.in,indiatoday.in,India Today impact: Sting op on fake ghee leads to raids in UP's Hathras,"((""edible oil"" OR ""cooking oil"" OR ""vegetable oil"" OR ""refined oil"" OR ""loose oil"" OR ""loose edible oil"") AND (adulterat* OR contaminat* OR misbrand* OR substandard OR spurious OR fake OR counterfeit OR rancid OR ""reused oil"" OR ""recycled oil"" OR ""unsafe oil"" OR ""unsafe cooking oil"" OR ""unsafe edible oil"" OR ""mixed with"") AND language:en) NOT (recruitment OR vacancy OR job* OR exam OR ""admit card"" OR ""answer key"" OR syllabus OR ""eat right"" OR fortification OR fortified OR ""trans fat"" OR ""health claims"" OR ""zero maida"" OR ""organic label"" OR ""misleading claims"" OR ""consumer complaints"" OR ""stock market"" OR ""crude oil"" OR petrol OR diesel OR ""engine oil"" OR ""essential oil"" OR ""hair oil"" OR ""massage oil"")",pending,https://www.indiatoday.in/india/story/india-today-impact-sting-operation-fake-ghee-leads-to-raids-uttar-pradesh-hathras-2623207-2024-10-25?utm_source=rss
contains whole-word ghee or vanaspati,202,2024-09-20,deccanchronicle.com,deccanchronicle.com,Lack of testing lab led to use of substandard ghee in Tirumala laddus: TTD EO,"((""edible oil"" OR ""cooking oil"" OR ""vegetable oil"" OR ""refined oil"" OR ""loose oil"" OR ""loose edible oil"") AND (adulterat* OR contaminat* OR misbrand* OR substandard OR spurious OR fake OR counterfeit OR rancid OR ""reused oil"" OR ""recycled oil"" OR ""unsafe oil"" OR ""unsafe cooking oil"" OR ""unsafe edible oil"" OR ""mixed with"") AND language:en) NOT (recruitment OR vacancy OR job* OR exam OR ""admit card"" OR ""answer key"" OR syllabus OR ""eat right"" OR fortification OR fortified OR ""trans fat"" OR ""health claims"" OR ""zero maida"" OR ""organic label"" OR ""misleading claims"" OR ""consumer complaints"" OR ""stock market"" OR ""crude oil"" OR petrol OR diesel OR ""engine oil"" OR ""essential oil"" OR ""hair oil"" OR ""massage oil"")",pending,https://www.deccanchronicle.com/southern-states/andhra-pradesh/tirupati-laddu-row-ghee-suppliers-took-advantage-of-lack-of-in-house-testing-facilities-ttd-1824818
contains whole-word ghee or vanaspati,203,2024-09-13,news18.com,news18.com,"Adulterated Desi Ghee Operation Busted at Printing Press; Supply Was Meant for Rajasthan, Punjab and Haryana","((""edible oil"" OR ""cooking oil"" OR ""vegetable oil"" OR ""refined oil"" OR ""loose oil"" OR ""loose edible oil"") AND (adulterat* OR contaminat* OR misbrand* OR substandard OR spurious OR fake OR counterfeit OR rancid OR ""reused oil"" OR ""recycled oil"" OR ""unsafe oil"" OR ""unsafe cooking oil"" OR ""unsafe edible oil"" OR ""mixed with"") AND language:en) NOT (recruitment OR vacancy OR job* OR exam OR ""admit card"" OR ""answer key"" OR syllabus OR ""eat right"" OR fortification OR fortified OR ""trans fat"" OR ""health claims"" OR ""zero maida"" OR ""organic label"" OR ""misleading claims"" OR ""consumer complaints"" OR ""stock market"" OR ""crude oil"" OR petrol OR diesel OR ""engine oil"" OR ""essential oil"" OR ""hair oil"" OR ""massage oil"")",pending,https://www.news18.com/india/fake-desi-ghee-operation-busted-at-printing-press-supply-was-meant-for-rajasthan-punjab-and-haryana-9049953.html
contains whole-word ghee or vanaspati,208,2021-04-07,thehindu.com,thehindu.com,"Ghee, oil manufacturing units in city raided","((""edible oil"" OR ""cooking oil"" OR ""vegetable oil"" OR ""refined oil"" OR ""loose oil"" OR ""loose edible oil"") AND (adulterat* OR contaminat* OR misbrand* OR substandard OR spurious OR fake OR counterfeit OR rancid OR ""reused oil"" OR ""recycled oil"" OR ""unsafe oil"" OR ""unsafe cooking oil"" OR ""unsafe edible oil"" OR ""mixed with"") AND language:en) NOT (recruitment OR vacancy OR job* OR exam OR ""admit card"" OR ""answer key"" OR syllabus OR ""eat right"" OR fortification OR fortified OR ""trans fat"" OR ""health claims"" OR ""zero maida"" OR ""organic label"" OR ""misleading claims"" OR ""consumer complaints"" OR ""stock market"" OR ""crude oil"" OR petrol OR diesel OR ""engine oil"" OR ""essential oil"" OR ""hair oil"" OR ""massage oil"")",pending,https://www.thehindu.com/news/cities/Visakhapatnam/ghee-oil-manufacturing-units-in-city-raided/article34259509.ece
contains whole-word ghee or vanaspati,218,2021-01-31,newindianexpress.com,newindianexpress.com,Another fake ghee and honey making unit busted in Cuttack,"((""edible oil"" OR ""cooking oil"" OR ""vegetable oil"" OR ""refined oil"" OR ""loose oil"" OR ""loose edible oil"") AND (adulterat* OR contaminat* OR misbrand* OR substandard OR spurious OR fake OR counterfeit OR rancid OR ""reused oil"" OR ""recycled oil"" OR ""unsafe oil"" OR ""unsafe cooking oil"" OR ""unsafe edible oil"" OR ""mixed with"") AND language:en) NOT (recruitment OR vacancy OR job* OR exam OR ""admit card"" OR ""answer key"" OR syllabus OR ""eat right"" OR fortification OR fortified OR ""trans fat"" OR ""health claims"" OR ""zero maida"" OR ""organic label"" OR ""misleading claims"" OR ""consumer complaints"" OR ""stock market"" OR ""crude oil"" OR petrol OR diesel OR ""engine oil"" OR ""essential oil"" OR ""hair oil"" OR ""massage oil"")",pending,https://www.newindianexpress.com/states/odisha/2021/jan/31/another-fake-ghee-and-honey-making-unit-busted-in-cuttack-2257497.html
contains whole-word ghee or vanaspati,225,2024-08-11,timesofindia.indiatimes.com,indiatimes.com,129kg of spurious ghee seized,"((""edible oil"" OR ""cooking oil"" OR ""vegetable oil"" OR ""refined oil"" OR ""loose oil"" OR ""loose edible oil"") AND (adulterat* OR contaminat* OR misbrand* OR substandard OR spurious OR fake OR counterfeit OR rancid OR ""reused oil"" OR ""recycled oil"" OR ""unsafe oil"" OR ""unsafe cooking oil"" OR ""unsafe edible oil"" OR ""mixed with"") AND language:en) NOT (recruitment OR vacancy OR job* OR exam OR ""admit card"" OR ""answer key"" OR syllabus OR ""eat right"" OR fortification OR fortified OR ""trans fat"" OR ""health claims"" OR ""zero maida"" OR ""organic label"" OR ""misleading claims"" OR ""consumer complaints"" OR ""stock market"" OR ""crude oil"" OR petrol OR diesel OR ""engine oil"" OR ""essential oil"" OR ""hair oil"" OR ""massage oil"")",pending,https://timesofindia.indiatimes.com/city/vadodara/129kg-of-spurious-ghee-seized-in-vadodara/articleshow/112436304.cms
contains whole-word ghee or vanaspati,226,2021-12-29,thehindu.com,thehindu.com,Four arrested in Nandini ghee adulteration racket case,"((""edible oil"" OR ""cooking oil"" OR ""vegetable oil"" OR ""refined oil"" OR ""loose oil"" OR ""loose edible oil"") AND (adulterat* OR contaminat* OR misbrand* OR substandard OR spurious OR fake OR counterfeit OR rancid OR ""reused oil"" OR ""recycled oil"" OR ""unsafe oil"" OR ""unsafe cooking oil"" OR ""unsafe edible oil"" OR ""mixed with"") AND language:en) NOT (recruitment OR vacancy OR job* OR exam OR ""admit card"" OR ""answer key"" OR syllabus OR ""eat right"" OR fortification OR fortified OR ""trans fat"" OR ""health claims"" OR ""zero maida"" OR ""organic label"" OR ""misleading claims"" OR ""consumer complaints"" OR ""stock market"" OR ""crude oil"" OR petrol OR diesel OR ""engine oil"" OR ""essential oil"" OR ""hair oil"" OR ""massage oil"")",pending,https://www.thehindu.com/news/national/karnataka/four-arrested-in-nandini-ghee-adulteration-racket-case/article38059298.ece
contains whole-word ghee or vanaspati,228,2021-12-29,starofmysore.com,starofmysore.com,"Nandini Ghee Adulteration Racket: Four arrested; Some more likely to be rounded off, says SP","((""edible oil"" OR ""cooking oil"" OR ""vegetable oil"" OR ""refined oil"" OR ""loose oil"" OR ""loose edible oil"") AND (adulterat* OR contaminat* OR misbrand* OR substandard OR spurious OR fake OR counterfeit OR rancid OR ""reused oil"" OR ""recycled oil"" OR ""unsafe oil"" OR ""unsafe cooking oil"" OR ""unsafe edible oil"" OR ""mixed with"") AND language:en) NOT (recruitment OR vacancy OR job* OR exam OR ""admit card"" OR ""answer key"" OR syllabus OR ""eat right"" OR fortification OR fortified OR ""trans fat"" OR ""health claims"" OR ""zero maida"" OR ""organic label"" OR ""misleading claims"" OR ""consumer complaints"" OR ""stock market"" OR ""crude oil"" OR petrol OR diesel OR ""engine oil"" OR ""essential oil"" OR ""hair oil"" OR ""massage oil"")",pending,https://starofmysore.com/nandini-ghee-adulteration-racket-four-arrested-some-more-likely-to-be-rounded-off-says-sp/
contains whole-word ghee or vanaspati,229,2024-07-27,hindustantimes.com,hindustantimes.com,"No ghee in panjiri, food items substandard too","((""edible oil"" OR ""cooking oil"" OR ""vegetable oil"" OR ""refined oil"" OR ""loose oil"" OR ""loose edible oil"") AND (adulterat* OR contaminat* OR misbrand* OR substandard OR spurious OR fake OR counterfeit OR rancid OR ""reused oil"" OR ""recycled oil"" OR ""unsafe oil"" OR ""unsafe cooking oil"" OR ""unsafe edible oil"" OR ""mixed with"") AND language:en) NOT (recruitment OR vacancy OR job* OR exam OR ""admit card"" OR ""answer key"" OR syllabus OR ""eat right"" OR fortification OR fortified OR ""trans fat"" OR ""health claims"" OR ""zero maida"" OR ""organic label"" OR ""misleading claims"" OR ""consumer complaints"" OR ""stock market"" OR ""crude oil"" OR petrol OR diesel OR ""engine oil"" OR ""essential oil"" OR ""hair oil"" OR ""massage oil"")",pending,https://www.hindustantimes.com/cities/chandigarh-news/no-ghee-in-panjiri-food-items-substandard-too-101722102741735.html
contains whole-word ghee or vanaspati,249,2022-07-30,freepressjournal.in,freepressjournal.in,"Khargone: 500-kg spurious ghee, 1,682-litre adulterated edible oil seized","((""edible oil"" OR ""cooking oil"" OR ""vegetable oil"" OR ""refined oil"" OR ""loose oil"" OR ""loose edible oil"") AND (adulterat* OR contaminat* OR misbrand* OR substandard OR spurious OR fake OR counterfeit OR rancid OR ""reused oil"" OR ""recycled oil"" OR ""unsafe oil"" OR ""unsafe cooking oil"" OR ""unsafe edible oil"" OR ""mixed with"") AND language:en) NOT (recruitment OR vacancy OR job* OR exam OR ""admit card"" OR ""answer key"" OR syllabus OR ""eat right"" OR fortification OR fortified OR ""trans fat"" OR ""health claims"" OR ""zero maida"" OR ""organic label"" OR ""misleading claims"" OR ""consumer complaints"" OR ""stock market"" OR ""crude oil"" OR petrol OR diesel OR ""engine oil"" OR ""essential oil"" OR ""hair oil"" OR ""massage oil"")",pending,https://www.freepressjournal.in/indore/khargone-500-kg-spurious-ghee-1682-litre-adulterated-edible-oil-seized
contains whole-word ghee or vanaspati,266,2022-09-10,mid-day.com,mid-day.com,"Mumbai: FDA collects 96 samples of sweets, snacks, edible oil, ghee during Ganeshotsav festival","((""edible oil"" OR ""cooking oil"" OR ""vegetable oil"" OR ""refined oil"" OR ""loose oil"" OR ""loose edible oil"") AND (adulterat* OR contaminat* OR misbrand* OR substandard OR spurious OR fake OR counterfeit OR rancid OR ""reused oil"" OR ""recycled oil"" OR ""unsafe oil"" OR ""unsafe cooking oil"" OR ""unsafe edible oil"" OR ""mixed with"") AND language:en) NOT (recruitment OR vacancy OR job* OR exam OR ""admit card"" OR ""answer key"" OR syllabus OR ""eat right"" OR fortification OR fortified OR ""trans fat"" OR ""health claims"" OR ""zero maida"" OR ""organic label"" OR ""misleading claims"" OR ""consumer complaints"" OR ""stock market"" OR ""crude oil"" OR petrol OR diesel OR ""engine oil"" OR ""essential oil"" OR ""hair oil"" OR ""massage oil"")",pending,https://www.mid-day.com/mumbai/mumbai-news/article/mumbai-fda-collects-96-samples-of-sweets-snacks-edible-oil-ghee-during-ganeshotsav-festival-23245181
contains whole-word ghee or vanaspati,270,2022-10-02,tribuneindia.com,tribuneindia.com,"Spurious ghee factory unearthed, two arrested","((""edible oil"" OR ""cooking oil"" OR ""vegetable oil"" OR ""refined oil"" OR ""loose oil"" OR ""loose edible oil"") AND (adulterat* OR contaminat* OR misbrand* OR substandard OR spurious OR fake OR counterfeit OR rancid OR ""reused oil"" OR ""recycled oil"" OR ""unsafe oil"" OR ""unsafe cooking oil"" OR ""unsafe edible oil"" OR ""mixed with"") AND language:en) NOT (recruitment OR vacancy OR job* OR exam OR ""admit card"" OR ""answer key"" OR syllabus OR ""eat right"" OR fortification OR fortified OR ""trans fat"" OR ""health claims"" OR ""zero maida"" OR ""organic label"" OR ""misleading claims"" OR ""consumer complaints"" OR ""stock market"" OR ""crude oil"" OR petrol OR diesel OR ""engine oil"" OR ""essential oil"" OR ""hair oil"" OR ""massage oil"")",pending,https://www.tribuneindia.com/news/haryana/spurious-ghee-factory-unearthed-two-arrested-437357
contains whole-word ghee or vanaspati,276,2022-10-19,timesofindia.indiatimes.com,indiatimes.com,Factories Making Fake Ghee Of Well-known Brands Busted In City,"((""edible oil"" OR ""cooking oil"" OR ""vegetable oil"" OR ""refined oil"" OR ""loose oil"" OR ""loose edible oil"") AND (adulterat* OR contaminat* OR misbrand* OR substandard OR spurious OR fake OR counterfeit OR rancid OR ""reused oil"" OR ""recycled oil"" OR ""unsafe oil"" OR ""unsafe cooking oil"" OR ""unsafe edible oil"" OR ""mixed with"") AND language:en) NOT (recruitment OR vacancy OR job* OR exam OR ""admit card"" OR ""answer key"" OR syllabus OR ""eat right"" OR fortification OR fortified OR ""trans fat"" OR ""health claims"" OR ""zero maida"" OR ""organic label"" OR ""misleading claims"" OR ""consumer complaints"" OR ""stock market"" OR ""crude oil"" OR petrol OR diesel OR ""engine oil"" OR ""essential oil"" OR ""hair oil"" OR ""massage oil"")",pending,https://timesofindia.indiatimes.com/city/jaipur/factories-making-fake-ghee-of-well-known-brands-busted-in-city/articleshow/94954456.cms
contains whole-word ghee or vanaspati,297,2024-03-06,timesofindia.indiatimes.com,indiatimes.com,"16,000kg of ghee seized, adulteration suspected","((""edible oil"" OR ""cooking oil"" OR ""vegetable oil"" OR ""refined oil"" OR ""loose oil"" OR ""loose edible oil"") AND (adulterat* OR contaminat* OR misbrand* OR substandard OR spurious OR fake OR counterfeit OR rancid OR ""reused oil"" OR ""recycled oil"" OR ""unsafe oil"" OR ""unsafe cooking oil"" OR ""unsafe edible oil"" OR ""mixed with"") AND language:en) NOT (recruitment OR vacancy OR job* OR exam OR ""admit card"" OR ""answer key"" OR syllabus OR ""eat right"" OR fortification OR fortified OR ""trans fat"" OR ""health claims"" OR ""zero maida"" OR ""organic label"" OR ""misleading claims"" OR ""consumer complaints"" OR ""stock market"" OR ""crude oil"" OR petrol OR diesel OR ""engine oil"" OR ""essential oil"" OR ""hair oil"" OR ""massage oil"")",pending,https://timesofindia.indiatimes.com/city/ahmedabad/16000kg-of-ghee-seized-adulteration-suspected/articleshow/108249746.cms
contains whole-word ghee or vanaspati,317,2023-08-13,ndtv.com,ndtv.com,UP Court Sentences 5 To Life In Jail For Manufacturing Fake Ghee In 2009,"((""edible oil"" OR ""cooking oil"" OR ""vegetable oil"" OR ""refined oil"" OR ""loose oil"" OR ""loose edible oil"") AND (adulterat* OR contaminat* OR misbrand* OR substandard OR spurious OR fake OR counterfeit OR rancid OR ""reused oil"" OR ""recycled oil"" OR ""unsafe oil"" OR ""unsafe cooking oil"" OR ""unsafe edible oil"" OR ""mixed with"") AND language:en) NOT (recruitment OR vacancy OR job* OR exam OR ""admit card"" OR ""answer key"" OR syllabus OR ""eat right"" OR fortification OR fortified OR ""trans fat"" OR ""health claims"" OR ""zero maida"" OR ""organic label"" OR ""misleading claims"" OR ""consumer complaints"" OR ""stock market"" OR ""crude oil"" OR petrol OR diesel OR ""engine oil"" OR ""essential oil"" OR ""hair oil"" OR ""massage oil"")",pending,https://www.ndtv.com/cities/up-court-sentences-5-to-life-in-jail-for-manufacturing-fake-ghee-in-2009-4293686
contains whole-word ghee or vanaspati,318,2023-08-21,en.etemaaddaily.com,etemaaddaily.com,"Fake ghee unit raided, owner arrested in Hyderabad","((""edible oil"" OR ""cooking oil"" OR ""vegetable oil"" OR ""refined oil"" OR ""loose oil"" OR ""loose edible oil"") AND (adulterat* OR contaminat* OR misbrand* OR substandard OR spurious OR fake OR counterfeit OR rancid OR ""reused oil"" OR ""recycled oil"" OR ""unsafe oil"" OR ""unsafe cooking oil"" OR ""unsafe edible oil"" OR ""mixed with"") AND language:en) NOT (recruitment OR vacancy OR job* OR exam OR ""admit card"" OR ""answer key"" OR syllabus OR ""eat right"" OR fortification OR fortified OR ""trans fat"" OR ""health claims"" OR ""zero maida"" OR ""organic label"" OR ""misleading claims"" OR ""consumer complaints"" OR ""stock market"" OR ""crude oil"" OR petrol OR diesel OR ""engine oil"" OR ""essential oil"" OR ""hair oil"" OR ""massage oil"")",pending,http://www.en.etemaaddaily.com/world/hyderabad/fake-ghee-unit-raided-owner-arrested-in-hyderabad:137033
contains whole-word ghee or vanaspati,324,2023-10-17,timesofindia.indiatimes.com,indiatimes.com,"Amc Destroys 1,300kg Of Expired Ghee Seized In Odhav","((""edible oil"" OR ""cooking oil"" OR ""vegetable oil"" OR ""refined oil"" OR ""loose oil"" OR ""loose edible oil"") AND (adulterat* OR contaminat* OR misbrand* OR substandard OR spurious OR fake OR counterfeit OR rancid OR ""reused oil"" OR ""recycled oil"" OR ""unsafe oil"" OR ""unsafe cooking oil"" OR ""unsafe edible oil"" OR ""mixed with"") AND language:en) NOT (recruitment OR vacancy OR job* OR exam OR ""admit card"" OR ""answer key"" OR syllabus OR ""eat right"" OR fortification OR fortified OR ""trans fat"" OR ""health claims"" OR ""zero maida"" OR ""organic label"" OR ""misleading claims"" OR ""consumer complaints"" OR ""stock market"" OR ""crude oil"" OR petrol OR diesel OR ""engine oil"" OR ""essential oil"" OR ""hair oil"" OR ""massage oil"")",pending,https://timesofindia.indiatimes.com/city/ahmedabad/amc-destroys-1300kg-of-expired-ghee-seized-in-odhav/articleshow/104482934.cms
contains whole-word ghee or vanaspati,325,2026-06-20,food.ndtv.com,ndtv.com,Is Your Ghee Pure? Food Authority Recommends This Simple Test To Find Out,"((""mustard oil"" OR ""palm oil"" OR ""soybean oil"" OR ""sunflower oil"" OR ""groundnut oil"" OR ""coconut oil"" OR ""rice bran oil"" OR ""cottonseed oil"" OR ""sesame oil"" OR ""olive oil"" OR ""rapeseed-mustard oil"") AND (adulterat* OR contaminat* OR misbrand* OR substandard OR spurious OR fake OR counterfeit OR rancid OR ""reused oil"" OR ""recycled oil"" OR ""unsafe oil"" OR ""unsafe cooking oil"" OR ""unsafe edible oil"" OR ""mixed with"") AND language:en) NOT (recruitment OR vacancy OR job* OR exam OR ""admit card"" OR ""answer key"" OR syllabus OR ""eat right"" OR fortification OR fortified OR ""trans fat"" OR ""health claims"" OR ""zero maida"" OR ""organic label"" OR ""misleading claims"" OR ""consumer complaints"" OR ""stock market"" OR ""crude oil"" OR petrol OR diesel OR ""engine oil"" OR ""essential oil"" OR ""hair oil"" OR ""massage oil"")",pending,https://food.ndtv.com/news/is-your-ghee-pure-food-authority-recommends-this-simple-test-to-find-out-11663417#publisher=newsstand
contains whole-word ghee or vanaspati,342,2026-04-24,timesofindia.indiatimes.com,indiatimes.com,AMC health dept busts fake ghee unit in Nikol bungalow,"((""mustard oil"" OR ""palm oil"" OR ""soybean oil"" OR ""sunflower oil"" OR ""groundnut oil"" OR ""coconut oil"" OR ""rice bran oil"" OR ""cottonseed oil"" OR ""sesame oil"" OR ""olive oil"" OR ""rapeseed-mustard oil"") AND (adulterat* OR contaminat* OR misbrand* OR substandard OR spurious OR fake OR counterfeit OR rancid OR ""reused oil"" OR ""recycled oil"" OR ""unsafe oil"" OR ""unsafe cooking oil"" OR ""unsafe edible oil"" OR ""mixed with"") AND language:en) NOT (recruitment OR vacancy OR job* OR exam OR ""admit card"" OR ""answer key"" OR syllabus OR ""eat right"" OR fortification OR fortified OR ""trans fat"" OR ""health claims"" OR ""zero maida"" OR ""organic label"" OR ""misleading claims"" OR ""consumer complaints"" OR ""stock market"" OR ""crude oil"" OR petrol OR diesel OR ""engine oil"" OR ""essential oil"" OR ""hair oil"" OR ""massage oil"")",pending,https://timesofindia.indiatimes.com/city/ahmedabad/amc-health-dept-busts-fake-ghee-unit-in-nikol-bungalow/articleshow/130477407.cms
contains whole-word ghee or vanaspati,345,2026-04-16,thehansindia.com,thehansindia.com,"Gujarat: Massive adulterated ghee racket busted in Surat, 2 arrested ​","((""mustard oil"" OR ""palm oil"" OR ""soybean oil"" OR ""sunflower oil"" OR ""groundnut oil"" OR ""coconut oil"" OR ""rice bran oil"" OR ""cottonseed oil"" OR ""sesame oil"" OR ""olive oil"" OR ""rapeseed-mustard oil"") AND (adulterat* OR contaminat* OR misbrand* OR substandard OR spurious OR fake OR counterfeit OR rancid OR ""reused oil"" OR ""recycled oil"" OR ""unsafe oil"" OR ""unsafe cooking oil"" OR ""unsafe edible oil"" OR ""mixed with"") AND language:en) NOT (recruitment OR vacancy OR job* OR exam OR ""admit card"" OR ""answer key"" OR syllabus OR ""eat right"" OR fortification OR fortified OR ""trans fat"" OR ""health claims"" OR ""zero maida"" OR ""organic label"" OR ""misleading claims"" OR ""consumer complaints"" OR ""stock market"" OR ""crude oil"" OR petrol OR diesel OR ""engine oil"" OR ""essential oil"" OR ""hair oil"" OR ""massage oil"")",pending,https://www.thehansindia.com/news/national/gujarat-massive-adulterated-ghee-racket-busted-in-surat-2-arrested--1066385
contains whole-word ghee or vanaspati,349,2026-03-26,economictimes.indiatimes.com,indiatimes.com,Ghee purity test: FSSAI shares 5-minute method to check adulteration at home,"((""mustard oil"" OR ""palm oil"" OR ""soybean oil"" OR ""sunflower oil"" OR ""groundnut oil"" OR ""coconut oil"" OR ""rice bran oil"" OR ""cottonseed oil"" OR ""sesame oil"" OR ""olive oil"" OR ""rapeseed-mustard oil"") AND (adulterat* OR contaminat* OR misbrand* OR substandard OR spurious OR fake OR counterfeit OR rancid OR ""reused oil"" OR ""recycled oil"" OR ""unsafe oil"" OR ""unsafe cooking oil"" OR ""unsafe edible oil"" OR ""mixed with"") AND language:en) NOT (recruitment OR vacancy OR job* OR exam OR ""admit card"" OR ""answer key"" OR syllabus OR ""eat right"" OR fortification OR fortified OR ""trans fat"" OR ""health claims"" OR ""zero maida"" OR ""organic label"" OR ""misleading claims"" OR ""consumer complaints"" OR ""stock market"" OR ""crude oil"" OR petrol OR diesel OR ""engine oil"" OR ""essential oil"" OR ""hair oil"" OR ""massage oil"")",pending,https://economictimes.indiatimes.com/news/new-updates/ghee-purity-test-fssai-shares-5-minute-method-to-check-adulteration-at-home/articleshow/129829271.cms
contains whole-word ghee or vanaspati,350,2026-03-19,economictimes.indiatimes.com,indiatimes.com,"What’s on your plate, Hyderabad? Over 3,800 kg of fake paneer, 927 kg khoa, 249 kg cream seized, just days after 3,000 kg ghee scam","((""mustard oil"" OR ""palm oil"" OR ""soybean oil"" OR ""sunflower oil"" OR ""groundnut oil"" OR ""coconut oil"" OR ""rice bran oil"" OR ""cottonseed oil"" OR ""sesame oil"" OR ""olive oil"" OR ""rapeseed-mustard oil"") AND (adulterat* OR contaminat* OR misbrand* OR substandard OR spurious OR fake OR counterfeit OR rancid OR ""reused oil"" OR ""recycled oil"" OR ""unsafe oil"" OR ""unsafe cooking oil"" OR ""unsafe edible oil"" OR ""mixed with"") AND language:en) NOT (recruitment OR vacancy OR job* OR exam OR ""admit card"" OR ""answer key"" OR syllabus OR ""eat right"" OR fortification OR fortified OR ""trans fat"" OR ""health claims"" OR ""zero maida"" OR ""organic label"" OR ""misleading claims"" OR ""consumer complaints"" OR ""stock market"" OR ""crude oil"" OR petrol OR diesel OR ""engine oil"" OR ""essential oil"" OR ""hair oil"" OR ""massage oil"")",pending,https://economictimes.indiatimes.com/news/new-updates/whats-on-your-plate-hyderabad-over-3800-kg-of-fake-paneer-927-kg-khoa-249-kg-cream-seized-just-days-after-3000-kg-ghee-scam/articleshow/129674525.cms
contains whole-word ghee or vanaspati,355,2026-03-10,thelogicalindian.com,thelogicalindian.com,"Hyderabad: Police Bust ₹18.26 Lakh Fake Ghee Racket in Banjara Hills, Pride Dairy Owner Arrested","((""mustard oil"" OR ""palm oil"" OR ""soybean oil"" OR ""sunflower oil"" OR ""groundnut oil"" OR ""coconut oil"" OR ""rice bran oil"" OR ""cottonseed oil"" OR ""sesame oil"" OR ""olive oil"" OR ""rapeseed-mustard oil"") AND (adulterat* OR contaminat* OR misbrand* OR substandard OR spurious OR fake OR counterfeit OR rancid OR ""reused oil"" OR ""recycled oil"" OR ""unsafe oil"" OR ""unsafe cooking oil"" OR ""unsafe edible oil"" OR ""mixed with"") AND language:en) NOT (recruitment OR vacancy OR job* OR exam OR ""admit card"" OR ""answer key"" OR syllabus OR ""eat right"" OR fortification OR fortified OR ""trans fat"" OR ""health claims"" OR ""zero maida"" OR ""organic label"" OR ""misleading claims"" OR ""consumer complaints"" OR ""stock market"" OR ""crude oil"" OR petrol OR diesel OR ""engine oil"" OR ""essential oil"" OR ""hair oil"" OR ""massage oil"")",pending,https://thelogicalindian.com/hyderabad-police-bust-%E2%82%B918-26-lakh-fake-ghee-racket-in-banjara-hills-pride-dairy-owner-arrested/
contains whole-word ghee or vanaspati,356,2026-03-06,economictimes.indiatimes.com,indiatimes.com,"Hyderabad fake ghee raid: How 3,000 kg of cow buffalo cream were mixed with cheap substances and supplied to public","((""mustard oil"" OR ""palm oil"" OR ""soybean oil"" OR ""sunflower oil"" OR ""groundnut oil"" OR ""coconut oil"" OR ""rice bran oil"" OR ""cottonseed oil"" OR ""sesame oil"" OR ""olive oil"" OR ""rapeseed-mustard oil"") AND (adulterat* OR contaminat* OR misbrand* OR substandard OR spurious OR fake OR counterfeit OR rancid OR ""reused oil"" OR ""recycled oil"" OR ""unsafe oil"" OR ""unsafe cooking oil"" OR ""unsafe edible oil"" OR ""mixed with"") AND language:en) NOT (recruitment OR vacancy OR job* OR exam OR ""admit card"" OR ""answer key"" OR syllabus OR ""eat right"" OR fortification OR fortified OR ""trans fat"" OR ""health claims"" OR ""zero maida"" OR ""organic label"" OR ""misleading claims"" OR ""consumer complaints"" OR ""stock market"" OR ""crude oil"" OR petrol OR diesel OR ""engine oil"" OR ""essential oil"" OR ""hair oil"" OR ""massage oil"")",pending,https://economictimes.indiatimes.com/news/new-updates/hyderabad-fake-ghee-raid-how-3000-kg-of-cow-buffalo-cream-were-mixed-with-cheap-substances-and-supplied-to-public/articleshow/129141501.cms
contains whole-word ghee or vanaspati,358,2026-03-05,thehansindia.com,thehansindia.com,Adulterated ghee making unit busted in Banjara Hills,"((""mustard oil"" OR ""palm oil"" OR ""soybean oil"" OR ""sunflower oil"" OR ""groundnut oil"" OR ""coconut oil"" OR ""rice bran oil"" OR ""cottonseed oil"" OR ""sesame oil"" OR ""olive oil"" OR ""rapeseed-mustard oil"") AND (adulterat* OR contaminat* OR misbrand* OR substandard OR spurious OR fake OR counterfeit OR rancid OR ""reused oil"" OR ""recycled oil"" OR ""unsafe oil"" OR ""unsafe cooking oil"" OR ""unsafe edible oil"" OR ""mixed with"") AND language:en) NOT (recruitment OR vacancy OR job* OR exam OR ""admit card"" OR ""answer key"" OR syllabus OR ""eat right"" OR fortification OR fortified OR ""trans fat"" OR ""health claims"" OR ""zero maida"" OR ""organic label"" OR ""misleading claims"" OR ""consumer complaints"" OR ""stock market"" OR ""crude oil"" OR petrol OR diesel OR ""engine oil"" OR ""essential oil"" OR ""hair oil"" OR ""massage oil"")",pending,https://www.thehansindia.com/telangana/adulterated-ghee-making-unit-busted-in-banjara-hills-1053801
contains whole-word ghee or vanaspati,359,2026-03-04,thehindu.com,thehindu.com,Dairy owner nabbed for manufacturing adulterated ghee worth ₹18.26 lakh in Banjara Hills raid,"((""mustard oil"" OR ""palm oil"" OR ""soybean oil"" OR ""sunflower oil"" OR ""groundnut oil"" OR ""coconut oil"" OR ""rice bran oil"" OR ""cottonseed oil"" OR ""sesame oil"" OR ""olive oil"" OR ""rapeseed-mustard oil"") AND (adulterat* OR contaminat* OR misbrand* OR substandard OR spurious OR fake OR counterfeit OR rancid OR ""reused oil"" OR ""recycled oil"" OR ""unsafe oil"" OR ""unsafe cooking oil"" OR ""unsafe edible oil"" OR ""mixed with"") AND language:en) NOT (recruitment OR vacancy OR job* OR exam OR ""admit card"" OR ""answer key"" OR syllabus OR ""eat right"" OR fortification OR fortified OR ""trans fat"" OR ""health claims"" OR ""zero maida"" OR ""organic label"" OR ""misleading claims"" OR ""consumer complaints"" OR ""stock market"" OR ""crude oil"" OR petrol OR diesel OR ""engine oil"" OR ""essential oil"" OR ""hair oil"" OR ""massage oil"")",pending,https://www.thehindu.com/news/cities/Hyderabad/dairy-owner-nabbed-for-manufacturing-adulterated-ghee-worth-1826-lakh-in-banjara-hills-raid/article70703556.ece
contains whole-word ghee or vanaspati,367,2026-02-24,news18.com,news18.com,20 Crore Tirumala Laddoos Made With Fake Ghee Over Five Years: Pawan Kalyan,"((""mustard oil"" OR ""palm oil"" OR ""soybean oil"" OR ""sunflower oil"" OR ""groundnut oil"" OR ""coconut oil"" OR ""rice bran oil"" OR ""cottonseed oil"" OR ""sesame oil"" OR ""olive oil"" OR ""rapeseed-mustard oil"") AND (adulterat* OR contaminat* OR misbrand* OR substandard OR spurious OR fake OR counterfeit OR rancid OR ""reused oil"" OR ""recycled oil"" OR ""unsafe oil"" OR ""unsafe cooking oil"" OR ""unsafe edible oil"" OR ""mixed with"") AND language:en) NOT (recruitment OR vacancy OR job* OR exam OR ""admit card"" OR ""answer key"" OR syllabus OR ""eat right"" OR fortification OR fortified OR ""trans fat"" OR ""health claims"" OR ""zero maida"" OR ""organic label"" OR ""misleading claims"" OR ""consumer complaints"" OR ""stock market"" OR ""crude oil"" OR petrol OR diesel OR ""engine oil"" OR ""essential oil"" OR ""hair oil"" OR ""massage oil"")",pending,https://www.news18.com/india/20-crore-tirumala-laddoos-made-with-fake-ghee-over-five-years-pawan-kalyan-9927061.html
contains whole-word ghee or vanaspati,370,2026-02-22,timesofindia.indiatimes.com,indiatimes.com,Bikaner raid seizes 765kg adulterated ghee,"((""mustard oil"" OR ""palm oil"" OR ""soybean oil"" OR ""sunflower oil"" OR ""groundnut oil"" OR ""coconut oil"" OR ""rice bran oil"" OR ""cottonseed oil"" OR ""sesame oil"" OR ""olive oil"" OR ""rapeseed-mustard oil"") AND (adulterat* OR contaminat* OR misbrand* OR substandard OR spurious OR fake OR counterfeit OR rancid OR ""reused oil"" OR ""recycled oil"" OR ""unsafe oil"" OR ""unsafe cooking oil"" OR ""unsafe edible oil"" OR ""mixed with"") AND language:en) NOT (recruitment OR vacancy OR job* OR exam OR ""admit card"" OR ""answer key"" OR syllabus OR ""eat right"" OR fortification OR fortified OR ""trans fat"" OR ""health claims"" OR ""zero maida"" OR ""organic label"" OR ""misleading claims"" OR ""consumer complaints"" OR ""stock market"" OR ""crude oil"" OR petrol OR diesel OR ""engine oil"" OR ""essential oil"" OR ""hair oil"" OR ""massage oil"")",pending,https://timesofindia.indiatimes.com/city/jaipur/bikaner-raid-seizes-765kg-adulterated-ghee/articleshow/128655523.cms
contains whole-word ghee or vanaspati,376,2026-02-08,timesofindia.indiatimes.com,indiatimes.com,7.5k ltr spurious ghee seized in Jodhpur,"((""mustard oil"" OR ""palm oil"" OR ""soybean oil"" OR ""sunflower oil"" OR ""groundnut oil"" OR ""coconut oil"" OR ""rice bran oil"" OR ""cottonseed oil"" OR ""sesame oil"" OR ""olive oil"" OR ""rapeseed-mustard oil"") AND (adulterat* OR contaminat* OR misbrand* OR substandard OR spurious OR fake OR counterfeit OR rancid OR ""reused oil"" OR ""recycled oil"" OR ""unsafe oil"" OR ""unsafe cooking oil"" OR ""unsafe edible oil"" OR ""mixed with"") AND language:en) NOT (recruitment OR vacancy OR job* OR exam OR ""admit card"" OR ""answer key"" OR syllabus OR ""eat right"" OR fortification OR fortified OR ""trans fat"" OR ""health claims"" OR ""zero maida"" OR ""organic label"" OR ""misleading claims"" OR ""consumer complaints"" OR ""stock market"" OR ""crude oil"" OR petrol OR diesel OR ""engine oil"" OR ""essential oil"" OR ""hair oil"" OR ""massage oil"")",pending,https://timesofindia.indiatimes.com/city/jaipur/7-5k-ltr-spurious-ghee-seized-in-jodhpur/articleshow/128046035.cms
contains whole-word ghee or vanaspati,380,2026-01-22,news18.com,news18.com,Unholy Nexus: Tirupati SIT Set To File Chargesheet In Ladoo Prasadam Case Over Fake Ghee Use,"((""mustard oil"" OR ""palm oil"" OR ""soybean oil"" OR ""sunflower oil"" OR ""groundnut oil"" OR ""coconut oil"" OR ""rice bran oil"" OR ""cottonseed oil"" OR ""sesame oil"" OR ""olive oil"" OR ""rapeseed-mustard oil"") AND (adulterat* OR contaminat* OR misbrand* OR substandard OR spurious OR fake OR counterfeit OR rancid OR ""reused oil"" OR ""recycled oil"" OR ""unsafe oil"" OR ""unsafe cooking oil"" OR ""unsafe edible oil"" OR ""mixed with"") AND language:en) NOT (recruitment OR vacancy OR job* OR exam OR ""admit card"" OR ""answer key"" OR syllabus OR ""eat right"" OR fortification OR fortified OR ""trans fat"" OR ""health claims"" OR ""zero maida"" OR ""organic label"" OR ""misleading claims"" OR ""consumer complaints"" OR ""stock market"" OR ""crude oil"" OR petrol OR diesel OR ""engine oil"" OR ""essential oil"" OR ""hair oil"" OR ""massage oil"")",pending,https://www.news18.com/india/unholy-nexus-tirupati-sit-set-to-file-chargesheet-in-ladoo-prasadam-case-over-fake-ghee-use-9849851.html
contains whole-word ghee or vanaspati,383,2025-12-22,timesofindia.indiatimes.com,indiatimes.com,"Fake ghee making unit busted in Jaipur, 4 held","((""mustard oil"" OR ""palm oil"" OR ""soybean oil"" OR ""sunflower oil"" OR ""groundnut oil"" OR ""coconut oil"" OR ""rice bran oil"" OR ""cottonseed oil"" OR ""sesame oil"" OR ""olive oil"" OR ""rapeseed-mustard oil"") AND (adulterat* OR contaminat* OR misbrand* OR substandard OR spurious OR fake OR counterfeit OR rancid OR ""reused oil"" OR ""recycled oil"" OR ""unsafe oil"" OR ""unsafe cooking oil"" OR ""unsafe edible oil"" OR ""mixed with"") AND language:en) NOT (recruitment OR vacancy OR job* OR exam OR ""admit card"" OR ""answer key"" OR syllabus OR ""eat right"" OR fortification OR fortified OR ""trans fat"" OR ""health claims"" OR ""zero maida"" OR ""organic label"" OR ""misleading claims"" OR ""consumer complaints"" OR ""stock market"" OR ""crude oil"" OR petrol OR diesel OR ""engine oil"" OR ""essential oil"" OR ""hair oil"" OR ""massage oil"")",pending,https://timesofindia.indiatimes.com/city/jaipur/fake-ghee-making-unit-busted-in-jaipur-4-held/articleshow/126109498.cms
contains whole-word ghee or vanaspati,385,2025-11-28,newkerala.com,newkerala.com,TTD Official Arrested in Tirumala Laddu Ghee Adulteration Case,"((""mustard oil"" OR ""palm oil"" OR ""soybean oil"" OR ""sunflower oil"" OR ""groundnut oil"" OR ""coconut oil"" OR ""rice bran oil"" OR ""cottonseed oil"" OR ""sesame oil"" OR ""olive oil"" OR ""rapeseed-mustard oil"") AND (adulterat* OR contaminat* OR misbrand* OR substandard OR spurious OR fake OR counterfeit OR rancid OR ""reused oil"" OR ""recycled oil"" OR ""unsafe oil"" OR ""unsafe cooking oil"" OR ""unsafe edible oil"" OR ""mixed with"") AND language:en) NOT (recruitment OR vacancy OR job* OR exam OR ""admit card"" OR ""answer key"" OR syllabus OR ""eat right"" OR fortification OR fortified OR ""trans fat"" OR ""health claims"" OR ""zero maida"" OR ""organic label"" OR ""misleading claims"" OR ""consumer complaints"" OR ""stock market"" OR ""crude oil"" OR petrol OR diesel OR ""engine oil"" OR ""essential oil"" OR ""hair oil"" OR ""massage oil"")",pending,https://www.newkerala.com/news/o/laddu-adulteration-case-sit-arrests-tirumala-temple-official-593
contains whole-word ghee or vanaspati,386,2025-11-27,newindianexpress.com,newindianexpress.com,Couple from Mysuru held in fake Nandini ghee racket,"((""mustard oil"" OR ""palm oil"" OR ""soybean oil"" OR ""sunflower oil"" OR ""groundnut oil"" OR ""coconut oil"" OR ""rice bran oil"" OR ""cottonseed oil"" OR ""sesame oil"" OR ""olive oil"" OR ""rapeseed-mustard oil"") AND (adulterat* OR contaminat* OR misbrand* OR substandard OR spurious OR fake OR counterfeit OR rancid OR ""reused oil"" OR ""recycled oil"" OR ""unsafe oil"" OR ""unsafe cooking oil"" OR ""unsafe edible oil"" OR ""mixed with"") AND language:en) NOT (recruitment OR vacancy OR job* OR exam OR ""admit card"" OR ""answer key"" OR syllabus OR ""eat right"" OR fortification OR fortified OR ""trans fat"" OR ""health claims"" OR ""zero maida"" OR ""organic label"" OR ""misleading claims"" OR ""consumer complaints"" OR ""stock market"" OR ""crude oil"" OR petrol OR diesel OR ""engine oil"" OR ""essential oil"" OR ""hair oil"" OR ""massage oil"")",pending,https://www.newindianexpress.com/cities/bengaluru/2025/Nov/27/couple-from-mysuru-held-in-fake-nandini-ghee-racket
contains whole-word ghee or vanaspati,388,2025-11-27,starofmysore.com,starofmysore.com,Fake Nandini Ghee racket: Mysuru couple arrested,"((""mustard oil"" OR ""palm oil"" OR ""soybean oil"" OR ""sunflower oil"" OR ""groundnut oil"" OR ""coconut oil"" OR ""rice bran oil"" OR ""cottonseed oil"" OR ""sesame oil"" OR ""olive oil"" OR ""rapeseed-mustard oil"") AND (adulterat* OR contaminat* OR misbrand* OR substandard OR spurious OR fake OR counterfeit OR rancid OR ""reused oil"" OR ""recycled oil"" OR ""unsafe oil"" OR ""unsafe cooking oil"" OR ""unsafe edible oil"" OR ""mixed with"") AND language:en) NOT (recruitment OR vacancy OR job* OR exam OR ""admit card"" OR ""answer key"" OR syllabus OR ""eat right"" OR fortification OR fortified OR ""trans fat"" OR ""health claims"" OR ""zero maida"" OR ""organic label"" OR ""misleading claims"" OR ""consumer complaints"" OR ""stock market"" OR ""crude oil"" OR petrol OR diesel OR ""engine oil"" OR ""essential oil"" OR ""hair oil"" OR ""massage oil"")",pending,https://starofmysore.com/fake-nandini-ghee-racket-mysuru-couple-arrested/
contains whole-word ghee or vanaspati,390,2025-11-27,timesofindia.indiatimes.com,indiatimes.com,"Couple arrested for distributing adulterated Nandini ghee in Karnataka, Tamil Nadu","((""mustard oil"" OR ""palm oil"" OR ""soybean oil"" OR ""sunflower oil"" OR ""groundnut oil"" OR ""coconut oil"" OR ""rice bran oil"" OR ""cottonseed oil"" OR ""sesame oil"" OR ""olive oil"" OR ""rapeseed-mustard oil"") AND (adulterat* OR contaminat* OR misbrand* OR substandard OR spurious OR fake OR counterfeit OR rancid OR ""reused oil"" OR ""recycled oil"" OR ""unsafe oil"" OR ""unsafe cooking oil"" OR ""unsafe edible oil"" OR ""mixed with"") AND language:en) NOT (recruitment OR vacancy OR job* OR exam OR ""admit card"" OR ""answer key"" OR syllabus OR ""eat right"" OR fortification OR fortified OR ""trans fat"" OR ""health claims"" OR ""zero maida"" OR ""organic label"" OR ""misleading claims"" OR ""consumer complaints"" OR ""stock market"" OR ""crude oil"" OR petrol OR diesel OR ""engine oil"" OR ""essential oil"" OR ""hair oil"" OR ""massage oil"")",pending,https://timesofindia.indiatimes.com/city/bengaluru/couple-arrested-for-distributing-adulterated-nandini-ghee-in-karnataka-tamil-nadu/articleshow/125597159.cms
contains whole-word ghee or vanaspati,391,2025-11-26,news18.com,news18.com,"Bengaluru Kingpin Couple Arrested In Fake Nandini Ghee Racket, High-Tech Machinery Seized","((""mustard oil"" OR ""palm oil"" OR ""soybean oil"" OR ""sunflower oil"" OR ""groundnut oil"" OR ""coconut oil"" OR ""rice bran oil"" OR ""cottonseed oil"" OR ""sesame oil"" OR ""olive oil"" OR ""rapeseed-mustard oil"") AND (adulterat* OR contaminat* OR misbrand* OR substandard OR spurious OR fake OR counterfeit OR rancid OR ""reused oil"" OR ""recycled oil"" OR ""unsafe oil"" OR ""unsafe cooking oil"" OR ""unsafe edible oil"" OR ""mixed with"") AND language:en) NOT (recruitment OR vacancy OR job* OR exam OR ""admit card"" OR ""answer key"" OR syllabus OR ""eat right"" OR fortification OR fortified OR ""trans fat"" OR ""health claims"" OR ""zero maida"" OR ""organic label"" OR ""misleading claims"" OR ""consumer complaints"" OR ""stock market"" OR ""crude oil"" OR petrol OR diesel OR ""engine oil"" OR ""essential oil"" OR ""hair oil"" OR ""massage oil"")",pending,https://www.news18.com/india/bengaluru-couple-arrested-fake-nandini-ghee-racket-case-high-capacity-industrial-machines-seized-9732248.html
contains whole-word ghee or vanaspati,392,2025-11-26,hindustantimes.com,hindustantimes.com,"Kingpin couple arrested in Karnataka's fake ‘Nandini’ ghee racket, manufactured products in Tamil Nadu","((""mustard oil"" OR ""palm oil"" OR ""soybean oil"" OR ""sunflower oil"" OR ""groundnut oil"" OR ""coconut oil"" OR ""rice bran oil"" OR ""cottonseed oil"" OR ""sesame oil"" OR ""olive oil"" OR ""rapeseed-mustard oil"") AND (adulterat* OR contaminat* OR misbrand* OR substandard OR spurious OR fake OR counterfeit OR rancid OR ""reused oil"" OR ""recycled oil"" OR ""unsafe oil"" OR ""unsafe cooking oil"" OR ""unsafe edible oil"" OR ""mixed with"") AND language:en) NOT (recruitment OR vacancy OR job* OR exam OR ""admit card"" OR ""answer key"" OR syllabus OR ""eat right"" OR fortification OR fortified OR ""trans fat"" OR ""health claims"" OR ""zero maida"" OR ""organic label"" OR ""misleading claims"" OR ""consumer complaints"" OR ""stock market"" OR ""crude oil"" OR petrol OR diesel OR ""engine oil"" OR ""essential oil"" OR ""hair oil"" OR ""massage oil"")",pending,https://www.hindustantimes.com/india-news/kingpin-couple-arrested-in-karnatakas-fake-nandini-ghee-racket-manufactured-products-in-tamil-nadu-101764146635230.html
contains whole-word ghee or vanaspati,393,2025-11-26,newsx.com,newsx.com,'Nandini' Ghee Racket: Who Is The Couple Behind Running Major Fake ‘Nandini’ Ghee Unit In Bengaluru,"((""mustard oil"" OR ""palm oil"" OR ""soybean oil"" OR ""sunflower oil"" OR ""groundnut oil"" OR ""coconut oil"" OR ""rice bran oil"" OR ""cottonseed oil"" OR ""sesame oil"" OR ""olive oil"" OR ""rapeseed-mustard oil"") AND (adulterat* OR contaminat* OR misbrand* OR substandard OR spurious OR fake OR counterfeit OR rancid OR ""reused oil"" OR ""recycled oil"" OR ""unsafe oil"" OR ""unsafe cooking oil"" OR ""unsafe edible oil"" OR ""mixed with"") AND language:en) NOT (recruitment OR vacancy OR job* OR exam OR ""admit card"" OR ""answer key"" OR syllabus OR ""eat right"" OR fortification OR fortified OR ""trans fat"" OR ""health claims"" OR ""zero maida"" OR ""organic label"" OR ""misleading claims"" OR ""consumer complaints"" OR ""stock market"" OR ""crude oil"" OR petrol OR diesel OR ""engine oil"" OR ""essential oil"" OR ""hair oil"" OR ""massage oil"")",pending,https://www.newsx.com/india/nandini-ghee-racket-who-is-the-couple-behind-running-major-fake-nandini-ghee-unit-in-bengaluru-115687/
contains whole-word ghee or vanaspati,395,2025-11-24,newsx.com,newsx.com,'Political Propaganda': Ex-Tirupati Official On Claims Of ₹20-Crore Spurious Ghee Laddoos; Row Explained,"((""mustard oil"" OR ""palm oil"" OR ""soybean oil"" OR ""sunflower oil"" OR ""groundnut oil"" OR ""coconut oil"" OR ""rice bran oil"" OR ""cottonseed oil"" OR ""sesame oil"" OR ""olive oil"" OR ""rapeseed-mustard oil"") AND (adulterat* OR contaminat* OR misbrand* OR substandard OR spurious OR fake OR counterfeit OR rancid OR ""reused oil"" OR ""recycled oil"" OR ""unsafe oil"" OR ""unsafe cooking oil"" OR ""unsafe edible oil"" OR ""mixed with"") AND language:en) NOT (recruitment OR vacancy OR job* OR exam OR ""admit card"" OR ""answer key"" OR syllabus OR ""eat right"" OR fortification OR fortified OR ""trans fat"" OR ""health claims"" OR ""zero maida"" OR ""organic label"" OR ""misleading claims"" OR ""consumer complaints"" OR ""stock market"" OR ""crude oil"" OR petrol OR diesel OR ""engine oil"" OR ""essential oil"" OR ""hair oil"" OR ""massage oil"")",pending,https://www.newsx.com/regionals/political-propaganda-ex-tirupati-official-on-claims-of-20-crore-spurious-ghee-laddoos-row-explained-114734/
contains whole-word ghee or vanaspati,396,2025-11-24,swarajyamag.com,swarajyamag.com,Explained: How Fake Ghee Slipped Into Tirupati Devasthanam's Laddus For 5 Years,"((""mustard oil"" OR ""palm oil"" OR ""soybean oil"" OR ""sunflower oil"" OR ""groundnut oil"" OR ""coconut oil"" OR ""rice bran oil"" OR ""cottonseed oil"" OR ""sesame oil"" OR ""olive oil"" OR ""rapeseed-mustard oil"") AND (adulterat* OR contaminat* OR misbrand* OR substandard OR spurious OR fake OR counterfeit OR rancid OR ""reused oil"" OR ""recycled oil"" OR ""unsafe oil"" OR ""unsafe cooking oil"" OR ""unsafe edible oil"" OR ""mixed with"") AND language:en) NOT (recruitment OR vacancy OR job* OR exam OR ""admit card"" OR ""answer key"" OR syllabus OR ""eat right"" OR fortification OR fortified OR ""trans fat"" OR ""health claims"" OR ""zero maida"" OR ""organic label"" OR ""misleading claims"" OR ""consumer complaints"" OR ""stock market"" OR ""crude oil"" OR petrol OR diesel OR ""engine oil"" OR ""essential oil"" OR ""hair oil"" OR ""massage oil"")",pending,https://swarajyamag.com/culture/explained-how-fake-ghee-slipped-into-tirupati-devasthanams-laddus-for-5-years
contains whole-word ghee or vanaspati,398,2025-11-21,thehindu.com,thehindu.com,More than 20 crore Tirupati laddus out of 48.76 crore made during 2019-24 used spurious ghee: TTD chairman,"((""mustard oil"" OR ""palm oil"" OR ""soybean oil"" OR ""sunflower oil"" OR ""groundnut oil"" OR ""coconut oil"" OR ""rice bran oil"" OR ""cottonseed oil"" OR ""sesame oil"" OR ""olive oil"" OR ""rapeseed-mustard oil"") AND (adulterat* OR contaminat* OR misbrand* OR substandard OR spurious OR fake OR counterfeit OR rancid OR ""reused oil"" OR ""recycled oil"" OR ""unsafe oil"" OR ""unsafe cooking oil"" OR ""unsafe edible oil"" OR ""mixed with"") AND language:en) NOT (recruitment OR vacancy OR job* OR exam OR ""admit card"" OR ""answer key"" OR syllabus OR ""eat right"" OR fortification OR fortified OR ""trans fat"" OR ""health claims"" OR ""zero maida"" OR ""organic label"" OR ""misleading claims"" OR ""consumer complaints"" OR ""stock market"" OR ""crude oil"" OR petrol OR diesel OR ""engine oil"" OR ""essential oil"" OR ""hair oil"" OR ""massage oil"")",pending,https://www.thehindu.com/news/national/andhra-pradesh/more-than-20-crore-tirupati-laddus-out-of-4876-crore-made-during-2019-24-used-spurious-ghee-ttd-chairman/article70306887.ece
contains whole-word ghee or vanaspati,399,2025-11-17,indiatoday.in,indiatoday.in,Fake Nandini ghee racket busted in Bengaluru; dip in orders exposed accused,"((""mustard oil"" OR ""palm oil"" OR ""soybean oil"" OR ""sunflower oil"" OR ""groundnut oil"" OR ""coconut oil"" OR ""rice bran oil"" OR ""cottonseed oil"" OR ""sesame oil"" OR ""olive oil"" OR ""rapeseed-mustard oil"") AND (adulterat* OR contaminat* OR misbrand* OR substandard OR spurious OR fake OR counterfeit OR rancid OR ""reused oil"" OR ""recycled oil"" OR ""unsafe oil"" OR ""unsafe cooking oil"" OR ""unsafe edible oil"" OR ""mixed with"") AND language:en) NOT (recruitment OR vacancy OR job* OR exam OR ""admit card"" OR ""answer key"" OR syllabus OR ""eat right"" OR fortification OR fortified OR ""trans fat"" OR ""health claims"" OR ""zero maida"" OR ""organic label"" OR ""misleading claims"" OR ""consumer complaints"" OR ""stock market"" OR ""crude oil"" OR petrol OR diesel OR ""engine oil"" OR ""essential oil"" OR ""hair oil"" OR ""massage oil"")",pending,https://www.indiatoday.in/cities/bengaluru/story/bengaluru-fake-ghee-racket-kmf-distributor-adulterated-nandini-ghee-2821014-2025-11-17?utm_source=rss
contains whole-word ghee or vanaspati,400,2025-11-17,newsx.com,newsx.com,"Bengaluru Distributor Busted For Selling Diluted 'Nandini' Ghee In Fake Racket, What We Know So Far","((""mustard oil"" OR ""palm oil"" OR ""soybean oil"" OR ""sunflower oil"" OR ""groundnut oil"" OR ""coconut oil"" OR ""rice bran oil"" OR ""cottonseed oil"" OR ""sesame oil"" OR ""olive oil"" OR ""rapeseed-mustard oil"") AND (adulterat* OR contaminat* OR misbrand* OR substandard OR spurious OR fake OR counterfeit OR rancid OR ""reused oil"" OR ""recycled oil"" OR ""unsafe oil"" OR ""unsafe cooking oil"" OR ""unsafe edible oil"" OR ""mixed with"") AND language:en) NOT (recruitment OR vacancy OR job* OR exam OR ""admit card"" OR ""answer key"" OR syllabus OR ""eat right"" OR fortification OR fortified OR ""trans fat"" OR ""health claims"" OR ""zero maida"" OR ""organic label"" OR ""misleading claims"" OR ""consumer complaints"" OR ""stock market"" OR ""crude oil"" OR petrol OR diesel OR ""engine oil"" OR ""essential oil"" OR ""hair oil"" OR ""massage oil"")",pending,https://www.newsx.com/regionals/bengaluru-distributor-busted-for-selling-diluted-nandini-ghee-in-fake-racket-what-we-know-so-far-111748/
contains whole-word ghee or vanaspati,401,2025-11-17,thelogicalindian.com,thelogicalindian.com,"Over 8,000 Litres of Fake Nandini Ghee Seized in Bengaluru; CCB Busts Interstate Adulteration Racket","((""mustard oil"" OR ""palm oil"" OR ""soybean oil"" OR ""sunflower oil"" OR ""groundnut oil"" OR ""coconut oil"" OR ""rice bran oil"" OR ""cottonseed oil"" OR ""sesame oil"" OR ""olive oil"" OR ""rapeseed-mustard oil"") AND (adulterat* OR contaminat* OR misbrand* OR substandard OR spurious OR fake OR counterfeit OR rancid OR ""reused oil"" OR ""recycled oil"" OR ""unsafe oil"" OR ""unsafe cooking oil"" OR ""unsafe edible oil"" OR ""mixed with"") AND language:en) NOT (recruitment OR vacancy OR job* OR exam OR ""admit card"" OR ""answer key"" OR syllabus OR ""eat right"" OR fortification OR fortified OR ""trans fat"" OR ""health claims"" OR ""zero maida"" OR ""organic label"" OR ""misleading claims"" OR ""consumer complaints"" OR ""stock market"" OR ""crude oil"" OR petrol OR diesel OR ""engine oil"" OR ""essential oil"" OR ""hair oil"" OR ""massage oil"")",pending,https://thelogicalindian.com/over-8000-litres-of-fake-nandini-ghee-seized-in-bengaluru-ccb-busts-interstate-adulteration-racket/
contains whole-word ghee or vanaspati,402,2025-11-16,newindianexpress.com,newindianexpress.com,CCB busts massive adulterated ghee racket; fake Nandini products worth Rs 1.26 crore seized in Bengaluru,"((""mustard oil"" OR ""palm oil"" OR ""soybean oil"" OR ""sunflower oil"" OR ""groundnut oil"" OR ""coconut oil"" OR ""rice bran oil"" OR ""cottonseed oil"" OR ""sesame oil"" OR ""olive oil"" OR ""rapeseed-mustard oil"") AND (adulterat* OR contaminat* OR misbrand* OR substandard OR spurious OR fake OR counterfeit OR rancid OR ""reused oil"" OR ""recycled oil"" OR ""unsafe oil"" OR ""unsafe cooking oil"" OR ""unsafe edible oil"" OR ""mixed with"") AND language:en) NOT (recruitment OR vacancy OR job* OR exam OR ""admit card"" OR ""answer key"" OR syllabus OR ""eat right"" OR fortification OR fortified OR ""trans fat"" OR ""health claims"" OR ""zero maida"" OR ""organic label"" OR ""misleading claims"" OR ""consumer complaints"" OR ""stock market"" OR ""crude oil"" OR petrol OR diesel OR ""engine oil"" OR ""essential oil"" OR ""hair oil"" OR ""massage oil"")",pending,https://www.newindianexpress.com/states/karnataka/2025/Nov/16/ccb-busts-massive-adulterated-ghee-racket-fake-nandini-products-worth-rs-126-crore-seized-in-bengaluru
contains whole-word ghee or vanaspati,403,2025-11-15,hindustantimes.com,hindustantimes.com,Bengaluru police crackdown uncovers counterfeit ‘Nandini’ ghee racket: How the network operated,"((""mustard oil"" OR ""palm oil"" OR ""soybean oil"" OR ""sunflower oil"" OR ""groundnut oil"" OR ""coconut oil"" OR ""rice bran oil"" OR ""cottonseed oil"" OR ""sesame oil"" OR ""olive oil"" OR ""rapeseed-mustard oil"") AND (adulterat* OR contaminat* OR misbrand* OR substandard OR spurious OR fake OR counterfeit OR rancid OR ""reused oil"" OR ""recycled oil"" OR ""unsafe oil"" OR ""unsafe cooking oil"" OR ""unsafe edible oil"" OR ""mixed with"") AND language:en) NOT (recruitment OR vacancy OR job* OR exam OR ""admit card"" OR ""answer key"" OR syllabus OR ""eat right"" OR fortification OR fortified OR ""trans fat"" OR ""health claims"" OR ""zero maida"" OR ""organic label"" OR ""misleading claims"" OR ""consumer complaints"" OR ""stock market"" OR ""crude oil"" OR petrol OR diesel OR ""engine oil"" OR ""essential oil"" OR ""hair oil"" OR ""massage oil"")",pending,https://www.hindustantimes.com/india-news/bengaluru-police-cracks-down-on-network-circulating-counterfeit-nandini-ghee-8-136-litres-seized-101763221328365.html
contains whole-word ghee or vanaspati,404,2025-11-15,thehindu.com,thehindu.com,"CCB unearths interstate racket selling adulterated Nandini ghee; 8,136 litres seized","((""mustard oil"" OR ""palm oil"" OR ""soybean oil"" OR ""sunflower oil"" OR ""groundnut oil"" OR ""coconut oil"" OR ""rice bran oil"" OR ""cottonseed oil"" OR ""sesame oil"" OR ""olive oil"" OR ""rapeseed-mustard oil"") AND (adulterat* OR contaminat* OR misbrand* OR substandard OR spurious OR fake OR counterfeit OR rancid OR ""reused oil"" OR ""recycled oil"" OR ""unsafe oil"" OR ""unsafe cooking oil"" OR ""unsafe edible oil"" OR ""mixed with"") AND language:en) NOT (recruitment OR vacancy OR job* OR exam OR ""admit card"" OR ""answer key"" OR syllabus OR ""eat right"" OR fortification OR fortified OR ""trans fat"" OR ""health claims"" OR ""zero maida"" OR ""organic label"" OR ""misleading claims"" OR ""consumer complaints"" OR ""stock market"" OR ""crude oil"" OR petrol OR diesel OR ""engine oil"" OR ""essential oil"" OR ""hair oil"" OR ""massage oil"")",pending,https://www.thehindu.com/news/national/karnataka/ccb-unearths-interstate-racket-selling-adulterated-nandini-ghee-8136-litres-seized/article70283406.ece
contains whole-word ghee or vanaspati,405,2025-11-10,news18.com,news18.com,"Tirupati Trust Duped In ₹250 Crore Fake Ghee Scam, Says SIT Probe","((""mustard oil"" OR ""palm oil"" OR ""soybean oil"" OR ""sunflower oil"" OR ""groundnut oil"" OR ""coconut oil"" OR ""rice bran oil"" OR ""cottonseed oil"" OR ""sesame oil"" OR ""olive oil"" OR ""rapeseed-mustard oil"") AND (adulterat* OR contaminat* OR misbrand* OR substandard OR spurious OR fake OR counterfeit OR rancid OR ""reused oil"" OR ""recycled oil"" OR ""unsafe oil"" OR ""unsafe cooking oil"" OR ""unsafe edible oil"" OR ""mixed with"") AND language:en) NOT (recruitment OR vacancy OR job* OR exam OR ""admit card"" OR ""answer key"" OR syllabus OR ""eat right"" OR fortification OR fortified OR ""trans fat"" OR ""health claims"" OR ""zero maida"" OR ""organic label"" OR ""misleading claims"" OR ""consumer complaints"" OR ""stock market"" OR ""crude oil"" OR petrol OR diesel OR ""engine oil"" OR ""essential oil"" OR ""hair oil"" OR ""massage oil"")",pending,https://www.news18.com/india/cbi-uncovers-250-crore-fake-ghee-scam-at-tirupati-temple-dairy-ws-l-9695564.html
contains whole-word ghee or vanaspati,406,2025-11-10,news18.com,news18.com,Tirupati Laddu Scam: Delhi Trader Arrested For Supplying Chemicals Used To Adulterate Ghee,"((""mustard oil"" OR ""palm oil"" OR ""soybean oil"" OR ""sunflower oil"" OR ""groundnut oil"" OR ""coconut oil"" OR ""rice bran oil"" OR ""cottonseed oil"" OR ""sesame oil"" OR ""olive oil"" OR ""rapeseed-mustard oil"") AND (adulterat* OR contaminat* OR misbrand* OR substandard OR spurious OR fake OR counterfeit OR rancid OR ""reused oil"" OR ""recycled oil"" OR ""unsafe oil"" OR ""unsafe cooking oil"" OR ""unsafe edible oil"" OR ""mixed with"") AND language:en) NOT (recruitment OR vacancy OR job* OR exam OR ""admit card"" OR ""answer key"" OR syllabus OR ""eat right"" OR fortification OR fortified OR ""trans fat"" OR ""health claims"" OR ""zero maida"" OR ""organic label"" OR ""misleading claims"" OR ""consumer complaints"" OR ""stock market"" OR ""crude oil"" OR petrol OR diesel OR ""engine oil"" OR ""essential oil"" OR ""hair oil"" OR ""massage oil"")",pending,https://www.news18.com/india/tirupati-laddu-scam-delhi-trader-arrested-for-supplying-chemicals-used-to-adulterate-ghee-9695941.html
contains whole-word ghee or vanaspati,407,2025-11-10,newsx.com,newsx.com,Tirupati Laddu Scam: SIT Arrests Delhi Trader For Supplying Chemicals Used In Fake Ghee,"((""mustard oil"" OR ""palm oil"" OR ""soybean oil"" OR ""sunflower oil"" OR ""groundnut oil"" OR ""coconut oil"" OR ""rice bran oil"" OR ""cottonseed oil"" OR ""sesame oil"" OR ""olive oil"" OR ""rapeseed-mustard oil"") AND (adulterat* OR contaminat* OR misbrand* OR substandard OR spurious OR fake OR counterfeit OR rancid OR ""reused oil"" OR ""recycled oil"" OR ""unsafe oil"" OR ""unsafe cooking oil"" OR ""unsafe edible oil"" OR ""mixed with"") AND language:en) NOT (recruitment OR vacancy OR job* OR exam OR ""admit card"" OR ""answer key"" OR syllabus OR ""eat right"" OR fortification OR fortified OR ""trans fat"" OR ""health claims"" OR ""zero maida"" OR ""organic label"" OR ""misleading claims"" OR ""consumer complaints"" OR ""stock market"" OR ""crude oil"" OR petrol OR diesel OR ""engine oil"" OR ""essential oil"" OR ""hair oil"" OR ""massage oil"")",pending,https://www.newsx.com/regionals/tirupati-laddu-scam-sit-arrests-delhi-trader-for-supplying-chemicals-used-in-fake-ghee-108361/
contains whole-word ghee or vanaspati,408,2025-11-10,swarajyamag.com,swarajyamag.com,SIT Reveals Widespread Ghee Adulteration At Tirumala Temple With Fake Supplies Worth Rs 250 Crore From Bhole Baba Dairy,"((""mustard oil"" OR ""palm oil"" OR ""soybean oil"" OR ""sunflower oil"" OR ""groundnut oil"" OR ""coconut oil"" OR ""rice bran oil"" OR ""cottonseed oil"" OR ""sesame oil"" OR ""olive oil"" OR ""rapeseed-mustard oil"") AND (adulterat* OR contaminat* OR misbrand* OR substandard OR spurious OR fake OR counterfeit OR rancid OR ""reused oil"" OR ""recycled oil"" OR ""unsafe oil"" OR ""unsafe cooking oil"" OR ""unsafe edible oil"" OR ""mixed with"") AND language:en) NOT (recruitment OR vacancy OR job* OR exam OR ""admit card"" OR ""answer key"" OR syllabus OR ""eat right"" OR fortification OR fortified OR ""trans fat"" OR ""health claims"" OR ""zero maida"" OR ""organic label"" OR ""misleading claims"" OR ""consumer complaints"" OR ""stock market"" OR ""crude oil"" OR petrol OR diesel OR ""engine oil"" OR ""essential oil"" OR ""hair oil"" OR ""massage oil"")",pending,https://swarajyamag.com/news-brief/sit-reveals-widespread-ghee-adulteration-at-tirumala-temple-with-fake-supplies-worth-rs-250-crore-from-bhole-baba-dairy
contains whole-word ghee or vanaspati,409,2025-11-10,thelogicalindian.com,thelogicalindian.com,68 Lakh Kg Fake Ghee Worth ₹250 Crore Supplied to Tirupati Trust by Dairy That Never Procured Milk: Report,"((""mustard oil"" OR ""palm oil"" OR ""soybean oil"" OR ""sunflower oil"" OR ""groundnut oil"" OR ""coconut oil"" OR ""rice bran oil"" OR ""cottonseed oil"" OR ""sesame oil"" OR ""olive oil"" OR ""rapeseed-mustard oil"") AND (adulterat* OR contaminat* OR misbrand* OR substandard OR spurious OR fake OR counterfeit OR rancid OR ""reused oil"" OR ""recycled oil"" OR ""unsafe oil"" OR ""unsafe cooking oil"" OR ""unsafe edible oil"" OR ""mixed with"") AND language:en) NOT (recruitment OR vacancy OR job* OR exam OR ""admit card"" OR ""answer key"" OR syllabus OR ""eat right"" OR fortification OR fortified OR ""trans fat"" OR ""health claims"" OR ""zero maida"" OR ""organic label"" OR ""misleading claims"" OR ""consumer complaints"" OR ""stock market"" OR ""crude oil"" OR petrol OR diesel OR ""engine oil"" OR ""essential oil"" OR ""hair oil"" OR ""massage oil"")",pending,https://thelogicalindian.com/68-lakh-kg-fake-ghee-worth-%E2%82%B9250-crore-supplied-to-tirupati-trust-by-dairy-that-never-procured-milk-report/
contains whole-word ghee or vanaspati,410,2025-11-10,timesofindia.indiatimes.com,indiatimes.com,"SIT exposes how Bhole Baba dairy outwitted Tirupati trust, supplied 68 lakh kgs of spurious ghee for five yrs","((""mustard oil"" OR ""palm oil"" OR ""soybean oil"" OR ""sunflower oil"" OR ""groundnut oil"" OR ""coconut oil"" OR ""rice bran oil"" OR ""cottonseed oil"" OR ""sesame oil"" OR ""olive oil"" OR ""rapeseed-mustard oil"") AND (adulterat* OR contaminat* OR misbrand* OR substandard OR spurious OR fake OR counterfeit OR rancid OR ""reused oil"" OR ""recycled oil"" OR ""unsafe oil"" OR ""unsafe cooking oil"" OR ""unsafe edible oil"" OR ""mixed with"") AND language:en) NOT (recruitment OR vacancy OR job* OR exam OR ""admit card"" OR ""answer key"" OR syllabus OR ""eat right"" OR fortification OR fortified OR ""trans fat"" OR ""health claims"" OR ""zero maida"" OR ""organic label"" OR ""misleading claims"" OR ""consumer complaints"" OR ""stock market"" OR ""crude oil"" OR petrol OR diesel OR ""engine oil"" OR ""essential oil"" OR ""hair oil"" OR ""massage oil"")",pending,https://timesofindia.indiatimes.com/city/vijayawada/sit-exposes-how-bhole-baba-dairy-outwitted-tirupati-trust-supplied-68-lakh-kgs-of-spurious-ghee-for-five-yrs/articleshow/125205772.cms
contains whole-word ghee or vanaspati,411,2025-11-10,timesofindia.indiatimes.com,indiatimes.com,SIT exposes how dairy supplied 68 lakh kg of spurious ghee to TTD for five yrs,"((""mustard oil"" OR ""palm oil"" OR ""soybean oil"" OR ""sunflower oil"" OR ""groundnut oil"" OR ""coconut oil"" OR ""rice bran oil"" OR ""cottonseed oil"" OR ""sesame oil"" OR ""olive oil"" OR ""rapeseed-mustard oil"") AND (adulterat* OR contaminat* OR misbrand* OR substandard OR spurious OR fake OR counterfeit OR rancid OR ""reused oil"" OR ""recycled oil"" OR ""unsafe oil"" OR ""unsafe cooking oil"" OR ""unsafe edible oil"" OR ""mixed with"") AND language:en) NOT (recruitment OR vacancy OR job* OR exam OR ""admit card"" OR ""answer key"" OR syllabus OR ""eat right"" OR fortification OR fortified OR ""trans fat"" OR ""health claims"" OR ""zero maida"" OR ""organic label"" OR ""misleading claims"" OR ""consumer complaints"" OR ""stock market"" OR ""crude oil"" OR petrol OR diesel OR ""engine oil"" OR ""essential oil"" OR ""hair oil"" OR ""massage oil"")",pending,https://timesofindia.indiatimes.com/city/hyderabad/sit-exposes-how-dairy-supplied-68-lakh-kg-of-spurious-ghee-to-ttd-for-five-yrs/articleshow/125207993.cms
contains whole-word ghee or vanaspati,412,2025-10-29,freepressjournal.in,freepressjournal.in,Indore News: About 3400 Litres Of Fake Ghee Seized From A Factory,"((""mustard oil"" OR ""palm oil"" OR ""soybean oil"" OR ""sunflower oil"" OR ""groundnut oil"" OR ""coconut oil"" OR ""rice bran oil"" OR ""cottonseed oil"" OR ""sesame oil"" OR ""olive oil"" OR ""rapeseed-mustard oil"") AND (adulterat* OR contaminat* OR misbrand* OR substandard OR spurious OR fake OR counterfeit OR rancid OR ""reused oil"" OR ""recycled oil"" OR ""unsafe oil"" OR ""unsafe cooking oil"" OR ""unsafe edible oil"" OR ""mixed with"") AND language:en) NOT (recruitment OR vacancy OR job* OR exam OR ""admit card"" OR ""answer key"" OR syllabus OR ""eat right"" OR fortification OR fortified OR ""trans fat"" OR ""health claims"" OR ""zero maida"" OR ""organic label"" OR ""misleading claims"" OR ""consumer complaints"" OR ""stock market"" OR ""crude oil"" OR petrol OR diesel OR ""engine oil"" OR ""essential oil"" OR ""hair oil"" OR ""massage oil"")",pending,https://www.freepressjournal.in/indore/indore-news-about-3400-litres-of-fake-ghee-seized-from-a-factory
contains whole-word ghee or vanaspati,430,2025-09-14,indianexpress.com,indianexpress.com,"Ahead of festivals, 7600 liters of adulterated ‘ghee’, 900 litres of oil recovered in Delhi, one arrested","((""mustard oil"" OR ""palm oil"" OR ""soybean oil"" OR ""sunflower oil"" OR ""groundnut oil"" OR ""coconut oil"" OR ""rice bran oil"" OR ""cottonseed oil"" OR ""sesame oil"" OR ""olive oil"" OR ""rapeseed-mustard oil"") AND (adulterat* OR contaminat* OR misbrand* OR substandard OR spurious OR fake OR counterfeit OR rancid OR ""reused oil"" OR ""recycled oil"" OR ""unsafe oil"" OR ""unsafe cooking oil"" OR ""unsafe edible oil"" OR ""mixed with"") AND language:en) NOT (recruitment OR vacancy OR job* OR exam OR ""admit card"" OR ""answer key"" OR syllabus OR ""eat right"" OR fortification OR fortified OR ""trans fat"" OR ""health claims"" OR ""zero maida"" OR ""organic label"" OR ""misleading claims"" OR ""consumer complaints"" OR ""stock market"" OR ""crude oil"" OR petrol OR diesel OR ""engine oil"" OR ""essential oil"" OR ""hair oil"" OR ""massage oil"")",pending,https://indianexpress.com/article/cities/delhi/ahead-of-festivals-7600-liters-of-adulterated-ghee-900-litres-of-oil-recovered-in-delhi-one-arrested-10249950/
contains whole-word ghee or vanaspati,432,2025-09-01,timesofindia.indiatimes.com,indiatimes.com,FDCA crackdown: 12 tonnes of adulterated ghee worth Rs 81 lakh seized in Gujarat,"((""mustard oil"" OR ""palm oil"" OR ""soybean oil"" OR ""sunflower oil"" OR ""groundnut oil"" OR ""coconut oil"" OR ""rice bran oil"" OR ""cottonseed oil"" OR ""sesame oil"" OR ""olive oil"" OR ""rapeseed-mustard oil"") AND (adulterat* OR contaminat* OR misbrand* OR substandard OR spurious OR fake OR counterfeit OR rancid OR ""reused oil"" OR ""recycled oil"" OR ""unsafe oil"" OR ""unsafe cooking oil"" OR ""unsafe edible oil"" OR ""mixed with"") AND language:en) NOT (recruitment OR vacancy OR job* OR exam OR ""admit card"" OR ""answer key"" OR syllabus OR ""eat right"" OR fortification OR fortified OR ""trans fat"" OR ""health claims"" OR ""zero maida"" OR ""organic label"" OR ""misleading claims"" OR ""consumer complaints"" OR ""stock market"" OR ""crude oil"" OR petrol OR diesel OR ""engine oil"" OR ""essential oil"" OR ""hair oil"" OR ""massage oil"")",pending,https://timesofindia.indiatimes.com/city/ahmedabad/fdca-crackdown-12-tonnes-of-adulterated-ghee-worth-rs-81-lakh-seized-in-gujarat/articleshow/123621079.cms
contains whole-word ghee or vanaspati,474,2025-01-16,timesofindia.indiatimes.com,indiatimes.com,Deadly substances found in fake ghee: Factory found mimicking leading brands in alarming scam,"((""mustard oil"" OR ""palm oil"" OR ""soybean oil"" OR ""sunflower oil"" OR ""groundnut oil"" OR ""coconut oil"" OR ""rice bran oil"" OR ""cottonseed oil"" OR ""sesame oil"" OR ""olive oil"" OR ""rapeseed-mustard oil"") AND (adulterat* OR contaminat* OR misbrand* OR substandard OR spurious OR fake OR counterfeit OR rancid OR ""reused oil"" OR ""recycled oil"" OR ""unsafe oil"" OR ""unsafe cooking oil"" OR ""unsafe edible oil"" OR ""mixed with"") AND language:en) NOT (recruitment OR vacancy OR job* OR exam OR ""admit card"" OR ""answer key"" OR syllabus OR ""eat right"" OR fortification OR fortified OR ""trans fat"" OR ""health claims"" OR ""zero maida"" OR ""organic label"" OR ""misleading claims"" OR ""consumer complaints"" OR ""stock market"" OR ""crude oil"" OR petrol OR diesel OR ""engine oil"" OR ""essential oil"" OR ""hair oil"" OR ""massage oil"")",pending,https://timesofindia.indiatimes.com/etimes/trending/deadly-substances-found-in-fake-ghee-factory-found-mimicking-leading-brands-in-alarming-scam/articleshow/117276930.cms
contains whole-word ghee or vanaspati,475,2025-01-11,timesofindia.indiatimes.com,indiatimes.com,Brothers caught running spurious ghee racket in Olpad,"((""mustard oil"" OR ""palm oil"" OR ""soybean oil"" OR ""sunflower oil"" OR ""groundnut oil"" OR ""coconut oil"" OR ""rice bran oil"" OR ""cottonseed oil"" OR ""sesame oil"" OR ""olive oil"" OR ""rapeseed-mustard oil"") AND (adulterat* OR contaminat* OR misbrand* OR substandard OR spurious OR fake OR counterfeit OR rancid OR ""reused oil"" OR ""recycled oil"" OR ""unsafe oil"" OR ""unsafe cooking oil"" OR ""unsafe edible oil"" OR ""mixed with"") AND language:en) NOT (recruitment OR vacancy OR job* OR exam OR ""admit card"" OR ""answer key"" OR syllabus OR ""eat right"" OR fortification OR fortified OR ""trans fat"" OR ""health claims"" OR ""zero maida"" OR ""organic label"" OR ""misleading claims"" OR ""consumer complaints"" OR ""stock market"" OR ""crude oil"" OR petrol OR diesel OR ""engine oil"" OR ""essential oil"" OR ""hair oil"" OR ""massage oil"")",pending,https://timesofindia.indiatimes.com/city/surat/brothers-caught-running-spurious-ghee-racket-in-olpad/articleshow/117155656.cms
contains whole-word ghee or vanaspati,578,2026-06-20,thehindu.com,thehindu.com,"Food safety teams find hygiene and food safety violations at Sattibabu Biryani, 7 Sisters in Hyderabad","((vanaspati OR ghee) AND (adulterat* OR contaminat* OR misbrand* OR substandard OR spurious OR fake OR counterfeit OR rancid OR ""reused oil"" OR ""recycled oil"" OR ""unsafe oil"" OR ""unsafe cooking oil"" OR ""unsafe edible oil"" OR ""mixed with"") AND language:en) NOT (recruitment OR vacancy OR job* OR exam OR ""admit card"" OR ""answer key"" OR syllabus OR ""eat right"" OR fortification OR fortified OR ""trans fat"" OR ""health claims"" OR ""zero maida"" OR ""organic label"" OR ""misleading claims"" OR ""consumer complaints"" OR ""stock market"" OR ""crude oil"" OR petrol OR diesel OR ""engine oil"" OR ""essential oil"" OR ""hair oil"" OR ""massage oil"")",pending,https://www.thehindu.com/news/cities/Hyderabad/food-safety-teams-find-labelling-lapses-uncovered-food-at-sattibabu-biryani-in-kondapur/article71125565.ece
contains whole-word ghee or vanaspati,580,2026-06-20,thelogicalindian.com,thelogicalindian.com,IAS Officer Tukaram Mundhe Leads Pune FDA Raids Seizing Suspected Adulterated Dairy Products Worth ₹47.36 Lakh,"((vanaspati OR ghee) AND (adulterat* OR contaminat* OR misbrand* OR substandard OR spurious OR fake OR counterfeit OR rancid OR ""reused oil"" OR ""recycled oil"" OR ""unsafe oil"" OR ""unsafe cooking oil"" OR ""unsafe edible oil"" OR ""mixed with"") AND language:en) NOT (recruitment OR vacancy OR job* OR exam OR ""admit card"" OR ""answer key"" OR syllabus OR ""eat right"" OR fortification OR fortified OR ""trans fat"" OR ""health claims"" OR ""zero maida"" OR ""organic label"" OR ""misleading claims"" OR ""consumer complaints"" OR ""stock market"" OR ""crude oil"" OR petrol OR diesel OR ""engine oil"" OR ""essential oil"" OR ""hair oil"" OR ""massage oil"")",pending,https://thelogicalindian.com/ias-officer-tukaram-mundhe-leads-pune-fda-raids-seizing-suspected-adulterated-dairy-products-worth-%E2%82%B947-36-lakh/
contains whole-word ghee or vanaspati,581,2026-06-18,ndtv.com,ndtv.com,"Over 6,500 Litres Adulterated Ghee Seized After Interstate Racket Busted","((vanaspati OR ghee) AND (adulterat* OR contaminat* OR misbrand* OR substandard OR spurious OR fake OR counterfeit OR rancid OR ""reused oil"" OR ""recycled oil"" OR ""unsafe oil"" OR ""unsafe cooking oil"" OR ""unsafe edible oil"" OR ""mixed with"") AND language:en) NOT (recruitment OR vacancy OR job* OR exam OR ""admit card"" OR ""answer key"" OR syllabus OR ""eat right"" OR fortification OR fortified OR ""trans fat"" OR ""health claims"" OR ""zero maida"" OR ""organic label"" OR ""misleading claims"" OR ""consumer complaints"" OR ""stock market"" OR ""crude oil"" OR petrol OR diesel OR ""engine oil"" OR ""essential oil"" OR ""hair oil"" OR ""massage oil"")",pending,https://www.ndtv.com/india-news/over-6-500-litres-adulterated-ghee-seized-after-interstate-racket-busted-11653840#publisher=newsstand
contains whole-word ghee or vanaspati,582,2026-06-18,assamtribune.com,assamtribune.com,"6,500 litres of fake ghee recovered in Delhi, Haryana","((vanaspati OR ghee) AND (adulterat* OR contaminat* OR misbrand* OR substandard OR spurious OR fake OR counterfeit OR rancid OR ""reused oil"" OR ""recycled oil"" OR ""unsafe oil"" OR ""unsafe cooking oil"" OR ""unsafe edible oil"" OR ""mixed with"") AND language:en) NOT (recruitment OR vacancy OR job* OR exam OR ""admit card"" OR ""answer key"" OR syllabus OR ""eat right"" OR fortification OR fortified OR ""trans fat"" OR ""health claims"" OR ""zero maida"" OR ""organic label"" OR ""misleading claims"" OR ""consumer complaints"" OR ""stock market"" OR ""crude oil"" OR petrol OR diesel OR ""engine oil"" OR ""essential oil"" OR ""hair oil"" OR ""massage oil"")",pending,https://assamtribune.com/national/6500-litres-of-fake-ghee-recovered-in-delhi-haryana-1612879
contains whole-word ghee or vanaspati,583,2026-06-18,thehansindia.com,thehansindia.com,"6,500 litres of adulterated ghee, raw material seized during raids in Delhi, Haryana","((vanaspati OR ghee) AND (adulterat* OR contaminat* OR misbrand* OR substandard OR spurious OR fake OR counterfeit OR rancid OR ""reused oil"" OR ""recycled oil"" OR ""unsafe oil"" OR ""unsafe cooking oil"" OR ""unsafe edible oil"" OR ""mixed with"") AND language:en) NOT (recruitment OR vacancy OR job* OR exam OR ""admit card"" OR ""answer key"" OR syllabus OR ""eat right"" OR fortification OR fortified OR ""trans fat"" OR ""health claims"" OR ""zero maida"" OR ""organic label"" OR ""misleading claims"" OR ""consumer complaints"" OR ""stock market"" OR ""crude oil"" OR petrol OR diesel OR ""engine oil"" OR ""essential oil"" OR ""hair oil"" OR ""massage oil"")",pending,https://www.thehansindia.com/news/national/6500-litres-of-adulterated-ghee-raw-material-seized-during-raids-in-delhi-haryana-1087624
contains whole-word ghee or vanaspati,584,2026-06-18,mumbainews.net,mumbainews.net,"FSSAI seizes over 6,500 litres of suspected adulterated ghee in Delhi, Haryana operations","((vanaspati OR ghee) AND (adulterat* OR contaminat* OR misbrand* OR substandard OR spurious OR fake OR counterfeit OR rancid OR ""reused oil"" OR ""recycled oil"" OR ""unsafe oil"" OR ""unsafe cooking oil"" OR ""unsafe edible oil"" OR ""mixed with"") AND language:en) NOT (recruitment OR vacancy OR job* OR exam OR ""admit card"" OR ""answer key"" OR syllabus OR ""eat right"" OR fortification OR fortified OR ""trans fat"" OR ""health claims"" OR ""zero maida"" OR ""organic label"" OR ""misleading claims"" OR ""consumer complaints"" OR ""stock market"" OR ""crude oil"" OR petrol OR diesel OR ""engine oil"" OR ""essential oil"" OR ""hair oil"" OR ""massage oil"")",pending,http://www.mumbainews.net/news/279131828/fssai-seizes-over-6500-litres-of-suspected-adulterated-ghee-in-delhi-haryana-operations
contains whole-word ghee or vanaspati,585,2026-06-18,bombaynews.net,bombaynews.net,"FSSAI seizes over 6,500 litres of suspected adulterated ghee in Delhi, Haryana operations","((vanaspati OR ghee) AND (adulterat* OR contaminat* OR misbrand* OR substandard OR spurious OR fake OR counterfeit OR rancid OR ""reused oil"" OR ""recycled oil"" OR ""unsafe oil"" OR ""unsafe cooking oil"" OR ""unsafe edible oil"" OR ""mixed with"") AND language:en) NOT (recruitment OR vacancy OR job* OR exam OR ""admit card"" OR ""answer key"" OR syllabus OR ""eat right"" OR fortification OR fortified OR ""trans fat"" OR ""health claims"" OR ""zero maida"" OR ""organic label"" OR ""misleading claims"" OR ""consumer complaints"" OR ""stock market"" OR ""crude oil"" OR petrol OR diesel OR ""engine oil"" OR ""essential oil"" OR ""hair oil"" OR ""massage oil"")",pending,http://www.bombaynews.net/news/279131828/fssai-seizes-over-6500-litres-of-suspected-adulterated-ghee-in-delhi-haryana-operations
contains whole-word ghee or vanaspati,586,2026-06-18,newdelhinews.net,newdelhinews.net,"FSSAI seizes over 6,500 litres of suspected adulterated ghee in Delhi, Haryana operations","((vanaspati OR ghee) AND (adulterat* OR contaminat* OR misbrand* OR substandard OR spurious OR fake OR counterfeit OR rancid OR ""reused oil"" OR ""recycled oil"" OR ""unsafe oil"" OR ""unsafe cooking oil"" OR ""unsafe edible oil"" OR ""mixed with"") AND language:en) NOT (recruitment OR vacancy OR job* OR exam OR ""admit card"" OR ""answer key"" OR syllabus OR ""eat right"" OR fortification OR fortified OR ""trans fat"" OR ""health claims"" OR ""zero maida"" OR ""organic label"" OR ""misleading claims"" OR ""consumer complaints"" OR ""stock market"" OR ""crude oil"" OR petrol OR diesel OR ""engine oil"" OR ""essential oil"" OR ""hair oil"" OR ""massage oil"")",pending,http://www.newdelhinews.net/news/279131828/fssai-seizes-over-6500-litres-of-suspected-adulterated-ghee-in-delhi-haryana-operations
contains whole-word ghee or vanaspati,587,2026-06-18,indiasnews.net,indiasnews.net,"FSSAI seizes over 6,500 litres of suspected adulterated ghee in Delhi, Haryana operations","((vanaspati OR ghee) AND (adulterat* OR contaminat* OR misbrand* OR substandard OR spurious OR fake OR counterfeit OR rancid OR ""reused oil"" OR ""recycled oil"" OR ""unsafe oil"" OR ""unsafe cooking oil"" OR ""unsafe edible oil"" OR ""mixed with"") AND language:en) NOT (recruitment OR vacancy OR job* OR exam OR ""admit card"" OR ""answer key"" OR syllabus OR ""eat right"" OR fortification OR fortified OR ""trans fat"" OR ""health claims"" OR ""zero maida"" OR ""organic label"" OR ""misleading claims"" OR ""consumer complaints"" OR ""stock market"" OR ""crude oil"" OR petrol OR diesel OR ""engine oil"" OR ""essential oil"" OR ""hair oil"" OR ""massage oil"")",pending,http://www.indiasnews.net/news/279131828/fssai-seizes-over-6500-litres-of-suspected-adulterated-ghee-in-delhi-haryana-operations
contains whole-word ghee or vanaspati,588,2026-06-18,economictimes.indiatimes.com,indiatimes.com,6500 litres of fake ghee found by food regulator during a raid in Delhi and Haryana,"((vanaspati OR ghee) AND (adulterat* OR contaminat* OR misbrand* OR substandard OR spurious OR fake OR counterfeit OR rancid OR ""reused oil"" OR ""recycled oil"" OR ""unsafe oil"" OR ""unsafe cooking oil"" OR ""unsafe edible oil"" OR ""mixed with"") AND language:en) NOT (recruitment OR vacancy OR job* OR exam OR ""admit card"" OR ""answer key"" OR syllabus OR ""eat right"" OR fortification OR fortified OR ""trans fat"" OR ""health claims"" OR ""zero maida"" OR ""organic label"" OR ""misleading claims"" OR ""consumer complaints"" OR ""stock market"" OR ""crude oil"" OR petrol OR diesel OR ""engine oil"" OR ""essential oil"" OR ""hair oil"" OR ""massage oil"")",pending,https://economictimes.indiatimes.com/news/new-updates/6500-litres-of-fake-ghee-found-by-food-regulator-during-a-raid-in-delhi-and-haryana/articleshow/131825461.cms
contains whole-word ghee or vanaspati,589,2026-06-10,deccanchronicle.com,deccanchronicle.com,Consumer Group Seeks Crackdown On Counterfeit Goods,"((vanaspati OR ghee) AND (adulterat* OR contaminat* OR misbrand* OR substandard OR spurious OR fake OR counterfeit OR rancid OR ""reused oil"" OR ""recycled oil"" OR ""unsafe oil"" OR ""unsafe cooking oil"" OR ""unsafe edible oil"" OR ""mixed with"") AND language:en) NOT (recruitment OR vacancy OR job* OR exam OR ""admit card"" OR ""answer key"" OR syllabus OR ""eat right"" OR fortification OR fortified OR ""trans fat"" OR ""health claims"" OR ""zero maida"" OR ""organic label"" OR ""misleading claims"" OR ""consumer complaints"" OR ""stock market"" OR ""crude oil"" OR petrol OR diesel OR ""engine oil"" OR ""essential oil"" OR ""hair oil"" OR ""massage oil"")",pending,https://www.deccanchronicle.com/nation/consumer-group-seeks-crackdown-on-counterfeit-goods-1962726
contains whole-word ghee or vanaspati,590,2026-06-10,ndtv.com,ndtv.com,State Crackdown Shuts Down Illegal Ghee Manufacturing Hub in Ahmedabad,"((vanaspati OR ghee) AND (adulterat* OR contaminat* OR misbrand* OR substandard OR spurious OR fake OR counterfeit OR rancid OR ""reused oil"" OR ""recycled oil"" OR ""unsafe oil"" OR ""unsafe cooking oil"" OR ""unsafe edible oil"" OR ""mixed with"") AND language:en) NOT (recruitment OR vacancy OR job* OR exam OR ""admit card"" OR ""answer key"" OR syllabus OR ""eat right"" OR fortification OR fortified OR ""trans fat"" OR ""health claims"" OR ""zero maida"" OR ""organic label"" OR ""misleading claims"" OR ""consumer complaints"" OR ""stock market"" OR ""crude oil"" OR petrol OR diesel OR ""engine oil"" OR ""essential oil"" OR ""hair oil"" OR ""massage oil"")",pending,https://www.ndtv.com/india-news/state-crackdown-shuts-down-illegal-ghee-manufacturing-hub-in-ahmedabad-11618737#publisher=newsstand
contains whole-word ghee or vanaspati,591,2026-06-10,timesofindia.indiatimes.com,indiatimes.com,"Ahmedabad: 4,850kg of spurious cow ghee seized; haul valued at Rs 31.8 lakh","((vanaspati OR ghee) AND (adulterat* OR contaminat* OR misbrand* OR substandard OR spurious OR fake OR counterfeit OR rancid OR ""reused oil"" OR ""recycled oil"" OR ""unsafe oil"" OR ""unsafe cooking oil"" OR ""unsafe edible oil"" OR ""mixed with"") AND language:en) NOT (recruitment OR vacancy OR job* OR exam OR ""admit card"" OR ""answer key"" OR syllabus OR ""eat right"" OR fortification OR fortified OR ""trans fat"" OR ""health claims"" OR ""zero maida"" OR ""organic label"" OR ""misleading claims"" OR ""consumer complaints"" OR ""stock market"" OR ""crude oil"" OR petrol OR diesel OR ""engine oil"" OR ""essential oil"" OR ""hair oil"" OR ""massage oil"")",pending,https://timesofindia.indiatimes.com/city/ahmedabad/ahmedabad-4850kg-of-spurious-cow-ghee-seized-haul-valued-at-rs-31-8-lakh/articleshow/131618757.cms
contains whole-word ghee or vanaspati,595,2026-06-04,hindustantimes.com,hindustantimes.com,"FDA seizes substandard, adulterated food products worth over ₹31 lakh","((vanaspati OR ghee) AND (adulterat* OR contaminat* OR misbrand* OR substandard OR spurious OR fake OR counterfeit OR rancid OR ""reused oil"" OR ""recycled oil"" OR ""unsafe oil"" OR ""unsafe cooking oil"" OR ""unsafe edible oil"" OR ""mixed with"") AND language:en) NOT (recruitment OR vacancy OR job* OR exam OR ""admit card"" OR ""answer key"" OR syllabus OR ""eat right"" OR fortification OR fortified OR ""trans fat"" OR ""health claims"" OR ""zero maida"" OR ""organic label"" OR ""misleading claims"" OR ""consumer complaints"" OR ""stock market"" OR ""crude oil"" OR petrol OR diesel OR ""engine oil"" OR ""essential oil"" OR ""hair oil"" OR ""massage oil"")",pending,https://www.hindustantimes.com/cities/pune-news/fda-seizes-substandard-adulterated-food-products-worth-over-31-lakh-101780515229734.html
contains whole-word ghee or vanaspati,596,2026-06-04,timesofindia.indiatimes.com,indiatimes.com,"FDA arrests 14 for selling banned goods, items worth Rs32L seized","((vanaspati OR ghee) AND (adulterat* OR contaminat* OR misbrand* OR substandard OR spurious OR fake OR counterfeit OR rancid OR ""reused oil"" OR ""recycled oil"" OR ""unsafe oil"" OR ""unsafe cooking oil"" OR ""unsafe edible oil"" OR ""mixed with"") AND language:en) NOT (recruitment OR vacancy OR job* OR exam OR ""admit card"" OR ""answer key"" OR syllabus OR ""eat right"" OR fortification OR fortified OR ""trans fat"" OR ""health claims"" OR ""zero maida"" OR ""organic label"" OR ""misleading claims"" OR ""consumer complaints"" OR ""stock market"" OR ""crude oil"" OR petrol OR diesel OR ""engine oil"" OR ""essential oil"" OR ""hair oil"" OR ""massage oil"")",pending,https://timesofindia.indiatimes.com/city/pune/fda-arrests-14-for-selling-banned-goods-items-worth-rs32l-seized/articleshow/131491661.cms
contains whole-word ghee or vanaspati,598,2026-06-03,indiasnews.net,indiasnews.net,"ED raids 15 places in 6 states in Tirumala Tirupati Devasthanams ghee adulteration case, Rs 60 lakh seized","((vanaspati OR ghee) AND (adulterat* OR contaminat* OR misbrand* OR substandard OR spurious OR fake OR counterfeit OR rancid OR ""reused oil"" OR ""recycled oil"" OR ""unsafe oil"" OR ""unsafe cooking oil"" OR ""unsafe edible oil"" OR ""mixed with"") AND language:en) NOT (recruitment OR vacancy OR job* OR exam OR ""admit card"" OR ""answer key"" OR syllabus OR ""eat right"" OR fortification OR fortified OR ""trans fat"" OR ""health claims"" OR ""zero maida"" OR ""organic label"" OR ""misleading claims"" OR ""consumer complaints"" OR ""stock market"" OR ""crude oil"" OR petrol OR diesel OR ""engine oil"" OR ""essential oil"" OR ""hair oil"" OR ""massage oil"")",pending,http://www.indiasnews.net/news/279099920/ed-raids-15-places-in-6-states-in-tirumala-tirupati-devasthanams-ghee-adulteration-case-rs-60-lakh-seized
contains whole-word ghee or vanaspati,599,2026-06-03,newdelhinews.net,newdelhinews.net,"ED raids 15 places in 6 states in Tirumala Tirupati Devasthanams ghee adulteration case, Rs 60 lakh seized","((vanaspati OR ghee) AND (adulterat* OR contaminat* OR misbrand* OR substandard OR spurious OR fake OR counterfeit OR rancid OR ""reused oil"" OR ""recycled oil"" OR ""unsafe oil"" OR ""unsafe cooking oil"" OR ""unsafe edible oil"" OR ""mixed with"") AND language:en) NOT (recruitment OR vacancy OR job* OR exam OR ""admit card"" OR ""answer key"" OR syllabus OR ""eat right"" OR fortification OR fortified OR ""trans fat"" OR ""health claims"" OR ""zero maida"" OR ""organic label"" OR ""misleading claims"" OR ""consumer complaints"" OR ""stock market"" OR ""crude oil"" OR petrol OR diesel OR ""engine oil"" OR ""essential oil"" OR ""hair oil"" OR ""massage oil"")",pending,http://www.newdelhinews.net/news/279099920/ed-raids-15-places-in-6-states-in-tirumala-tirupati-devasthanams-ghee-adulteration-case-rs-60-lakh-seized
contains whole-word ghee or vanaspati,600,2026-06-03,timesofindia.indiatimes.com,indiatimes.com,"Gutka, pan masala over Rs 34 lakh, food items worth Rs 1.24 crore seized: FDA","((vanaspati OR ghee) AND (adulterat* OR contaminat* OR misbrand* OR substandard OR spurious OR fake OR counterfeit OR rancid OR ""reused oil"" OR ""recycled oil"" OR ""unsafe oil"" OR ""unsafe cooking oil"" OR ""unsafe edible oil"" OR ""mixed with"") AND language:en) NOT (recruitment OR vacancy OR job* OR exam OR ""admit card"" OR ""answer key"" OR syllabus OR ""eat right"" OR fortification OR fortified OR ""trans fat"" OR ""health claims"" OR ""zero maida"" OR ""organic label"" OR ""misleading claims"" OR ""consumer complaints"" OR ""stock market"" OR ""crude oil"" OR petrol OR diesel OR ""engine oil"" OR ""essential oil"" OR ""hair oil"" OR ""massage oil"")",pending,https://timesofindia.indiatimes.com/city/mumbai/gutka-pan-masala-over-rs-34-lakh-food-items-worth-rs-1-24-crore-seized-fda/articleshow/131487785.cms
contains whole-word ghee or vanaspati,603,2026-05-30,rediff.com,rediff.com,Rajasthan Raid Uncovers Thousands Of Litres Of Adulterated Ghee,"((vanaspati OR ghee) AND (adulterat* OR contaminat* OR misbrand* OR substandard OR spurious OR fake OR counterfeit OR rancid OR ""reused oil"" OR ""recycled oil"" OR ""unsafe oil"" OR ""unsafe cooking oil"" OR ""unsafe edible oil"" OR ""mixed with"") AND language:en) NOT (recruitment OR vacancy OR job* OR exam OR ""admit card"" OR ""answer key"" OR syllabus OR ""eat right"" OR fortification OR fortified OR ""trans fat"" OR ""health claims"" OR ""zero maida"" OR ""organic label"" OR ""misleading claims"" OR ""consumer complaints"" OR ""stock market"" OR ""crude oil"" OR petrol OR diesel OR ""engine oil"" OR ""essential oil"" OR ""hair oil"" OR ""massage oil"")",pending,https://www.rediff.com/news/report/adulterated-ghee-seized-in-udaipur-raid/20260530.htm
contains whole-word ghee or vanaspati,604,2026-05-30,telegraphindia.com,telegraphindia.com,"Udaipur authorities seize 18,000 litres of suspected adulterated ghee, yellow food colour","((vanaspati OR ghee) AND (adulterat* OR contaminat* OR misbrand* OR substandard OR spurious OR fake OR counterfeit OR rancid OR ""reused oil"" OR ""recycled oil"" OR ""unsafe oil"" OR ""unsafe cooking oil"" OR ""unsafe edible oil"" OR ""mixed with"") AND language:en) NOT (recruitment OR vacancy OR job* OR exam OR ""admit card"" OR ""answer key"" OR syllabus OR ""eat right"" OR fortification OR fortified OR ""trans fat"" OR ""health claims"" OR ""zero maida"" OR ""organic label"" OR ""misleading claims"" OR ""consumer complaints"" OR ""stock market"" OR ""crude oil"" OR petrol OR diesel OR ""engine oil"" OR ""essential oil"" OR ""hair oil"" OR ""massage oil"")",pending,https://www.telegraphindia.com/india/udaipur-authorities-seize-18000-litres-of-suspected-adulterated-ghee-yellow-food-colour/cid/2163223
contains whole-word ghee or vanaspati,611,2026-05-29,hindustantimes.com,hindustantimes.com,"FDA food safety drive: 33 held, 27 units sealed","((vanaspati OR ghee) AND (adulterat* OR contaminat* OR misbrand* OR substandard OR spurious OR fake OR counterfeit OR rancid OR ""reused oil"" OR ""recycled oil"" OR ""unsafe oil"" OR ""unsafe cooking oil"" OR ""unsafe edible oil"" OR ""mixed with"") AND language:en) NOT (recruitment OR vacancy OR job* OR exam OR ""admit card"" OR ""answer key"" OR syllabus OR ""eat right"" OR fortification OR fortified OR ""trans fat"" OR ""health claims"" OR ""zero maida"" OR ""organic label"" OR ""misleading claims"" OR ""consumer complaints"" OR ""stock market"" OR ""crude oil"" OR petrol OR diesel OR ""engine oil"" OR ""essential oil"" OR ""hair oil"" OR ""massage oil"")",pending,https://www.hindustantimes.com/cities/mumbai-news/fda-food-safety-drive-33-held-27-units-sealed-101779995607008.html
contains whole-word ghee or vanaspati,616,2026-05-25,timesofindia.indiatimes.com,indiatimes.com,"Duplicate FMCG goods worth â¹20L seized in Ahmedabad, 3 held","((vanaspati OR ghee) AND (adulterat* OR contaminat* OR misbrand* OR substandard OR spurious OR fake OR counterfeit OR rancid OR ""reused oil"" OR ""recycled oil"" OR ""unsafe oil"" OR ""unsafe cooking oil"" OR ""unsafe edible oil"" OR ""mixed with"") AND language:en) NOT (recruitment OR vacancy OR job* OR exam OR ""admit card"" OR ""answer key"" OR syllabus OR ""eat right"" OR fortification OR fortified OR ""trans fat"" OR ""health claims"" OR ""zero maida"" OR ""organic label"" OR ""misleading claims"" OR ""consumer complaints"" OR ""stock market"" OR ""crude oil"" OR petrol OR diesel OR ""engine oil"" OR ""essential oil"" OR ""hair oil"" OR ""massage oil"")",pending,https://timesofindia.indiatimes.com/city/ahmedabad/duplicate-fmcg-goods-worth-20l-seized-in-ahmedabad-3-held/articleshow/131295988.cms
contains whole-word ghee or vanaspati,617,2026-05-22,timesofindia.indiatimes.com,indiatimes.com,200 kg of unhygienic and adulterated peda destroyed: Tips to check purity and how to make preservative-free peda at home for bhog,"((vanaspati OR ghee) AND (adulterat* OR contaminat* OR misbrand* OR substandard OR spurious OR fake OR counterfeit OR rancid OR ""reused oil"" OR ""recycled oil"" OR ""unsafe oil"" OR ""unsafe cooking oil"" OR ""unsafe edible oil"" OR ""mixed with"") AND language:en) NOT (recruitment OR vacancy OR job* OR exam OR ""admit card"" OR ""answer key"" OR syllabus OR ""eat right"" OR fortification OR fortified OR ""trans fat"" OR ""health claims"" OR ""zero maida"" OR ""organic label"" OR ""misleading claims"" OR ""consumer complaints"" OR ""stock market"" OR ""crude oil"" OR petrol OR diesel OR ""engine oil"" OR ""essential oil"" OR ""hair oil"" OR ""massage oil"")",pending,https://timesofindia.indiatimes.com/life-style/food-news/200-kg-of-unhygienic-and-adulterated-peda-destroyed-tips-to-check-purity-and-how-to-make-preservative-free-peda-at-home-for-bhog/articleshow/131264886.cms
contains whole-word ghee or vanaspati,618,2026-05-22,timesofindia.indiatimes.com,indiatimes.com,200 kg of unhygienic and adulterated peda destroyed: Tips to check purity and how to make preservative-free peda at home for bhog,"((vanaspati OR ghee) AND (adulterat* OR contaminat* OR misbrand* OR substandard OR spurious OR fake OR counterfeit OR rancid OR ""reused oil"" OR ""recycled oil"" OR ""unsafe oil"" OR ""unsafe cooking oil"" OR ""unsafe edible oil"" OR ""mixed with"") AND language:en) NOT (recruitment OR vacancy OR job* OR exam OR ""admit card"" OR ""answer key"" OR syllabus OR ""eat right"" OR fortification OR fortified OR ""trans fat"" OR ""health claims"" OR ""zero maida"" OR ""organic label"" OR ""misleading claims"" OR ""consumer complaints"" OR ""stock market"" OR ""crude oil"" OR petrol OR diesel OR ""engine oil"" OR ""essential oil"" OR ""hair oil"" OR ""massage oil"")",pending,https://timesofindia.indiatimes.com/life-style/food-news/200-kg-of-unhygienic-and-adulterated-peda-destroyed-how-to-make-preservative-free-peda-at-home-for-bhog/articleshow/131264886.cms
contains whole-word ghee or vanaspati,620,2026-05-15,hindustantimes.com,hindustantimes.com,"Decline in cattle rearing giving rise to fake dairy products, says UP minister Dharampal Singh","((vanaspati OR ghee) AND (adulterat* OR contaminat* OR misbrand* OR substandard OR spurious OR fake OR counterfeit OR rancid OR ""reused oil"" OR ""recycled oil"" OR ""unsafe oil"" OR ""unsafe cooking oil"" OR ""unsafe edible oil"" OR ""mixed with"") AND language:en) NOT (recruitment OR vacancy OR job* OR exam OR ""admit card"" OR ""answer key"" OR syllabus OR ""eat right"" OR fortification OR fortified OR ""trans fat"" OR ""health claims"" OR ""zero maida"" OR ""organic label"" OR ""misleading claims"" OR ""consumer complaints"" OR ""stock market"" OR ""crude oil"" OR petrol OR diesel OR ""engine oil"" OR ""essential oil"" OR ""hair oil"" OR ""massage oil"")",pending,https://www.hindustantimes.com/cities/lucknow-news/decline-in-cattle-rearing-giving-rise-to-fake-dairy-products-says-up-minister-dharampal-singh-101778854434680.html
contains whole-word ghee or vanaspati,622,2026-05-13,freepressjournal.in,freepressjournal.in,Food Safety Department Suspends Restaurant Licence Over Unhygienic Conditions In Neemuch,"((vanaspati OR ghee) AND (adulterat* OR contaminat* OR misbrand* OR substandard OR spurious OR fake OR counterfeit OR rancid OR ""reused oil"" OR ""recycled oil"" OR ""unsafe oil"" OR ""unsafe cooking oil"" OR ""unsafe edible oil"" OR ""mixed with"") AND language:en) NOT (recruitment OR vacancy OR job* OR exam OR ""admit card"" OR ""answer key"" OR syllabus OR ""eat right"" OR fortification OR fortified OR ""trans fat"" OR ""health claims"" OR ""zero maida"" OR ""organic label"" OR ""misleading claims"" OR ""consumer complaints"" OR ""stock market"" OR ""crude oil"" OR petrol OR diesel OR ""engine oil"" OR ""essential oil"" OR ""hair oil"" OR ""massage oil"")",pending,https://www.freepressjournal.in/indore/food-safety-department-suspends-restaurant-licence-over-unhygienic-conditions-in-neemuch-2
contains whole-word ghee or vanaspati,624,2026-05-03,economictimes.indiatimes.com,indiatimes.com,Pure ghee or not? TTD procures over 70 lakh kg without mandatory quality tests,"((vanaspati OR ghee) AND (adulterat* OR contaminat* OR misbrand* OR substandard OR spurious OR fake OR counterfeit OR rancid OR ""reused oil"" OR ""recycled oil"" OR ""unsafe oil"" OR ""unsafe cooking oil"" OR ""unsafe edible oil"" OR ""mixed with"") AND language:en) NOT (recruitment OR vacancy OR job* OR exam OR ""admit card"" OR ""answer key"" OR syllabus OR ""eat right"" OR fortification OR fortified OR ""trans fat"" OR ""health claims"" OR ""zero maida"" OR ""organic label"" OR ""misleading claims"" OR ""consumer complaints"" OR ""stock market"" OR ""crude oil"" OR petrol OR diesel OR ""engine oil"" OR ""essential oil"" OR ""hair oil"" OR ""massage oil"")",pending,https://economictimes.indiatimes.com/news/india/pure-ghee-or-not-ttd-procured-over-70-lakh-kg-without-mandatory-quality-tests-commission-report/articleshow/130727275.cms
contains whole-word ghee or vanaspati,625,2026-05-03,siasat.com,siasat.com,TTD procured 70 L kg ghee without quality checks: AP govt commission report,"((vanaspati OR ghee) AND (adulterat* OR contaminat* OR misbrand* OR substandard OR spurious OR fake OR counterfeit OR rancid OR ""reused oil"" OR ""recycled oil"" OR ""unsafe oil"" OR ""unsafe cooking oil"" OR ""unsafe edible oil"" OR ""mixed with"") AND language:en) NOT (recruitment OR vacancy OR job* OR exam OR ""admit card"" OR ""answer key"" OR syllabus OR ""eat right"" OR fortification OR fortified OR ""trans fat"" OR ""health claims"" OR ""zero maida"" OR ""organic label"" OR ""misleading claims"" OR ""consumer complaints"" OR ""stock market"" OR ""crude oil"" OR petrol OR diesel OR ""engine oil"" OR ""essential oil"" OR ""hair oil"" OR ""massage oil"")",pending,https://www.siasat.com/ttd-procured-70-l-kg-ghee-without-quality-checks-ap-govt-commission-report-3463991/
contains whole-word ghee or vanaspati,626,2026-05-02,thehindubusinessline.com,thehindubusinessline.com,"TTD procured 70 lakh kg ghee without quality checks, probe flags adulteration","((vanaspati OR ghee) AND (adulterat* OR contaminat* OR misbrand* OR substandard OR spurious OR fake OR counterfeit OR rancid OR ""reused oil"" OR ""recycled oil"" OR ""unsafe oil"" OR ""unsafe cooking oil"" OR ""unsafe edible oil"" OR ""mixed with"") AND language:en) NOT (recruitment OR vacancy OR job* OR exam OR ""admit card"" OR ""answer key"" OR syllabus OR ""eat right"" OR fortification OR fortified OR ""trans fat"" OR ""health claims"" OR ""zero maida"" OR ""organic label"" OR ""misleading claims"" OR ""consumer complaints"" OR ""stock market"" OR ""crude oil"" OR petrol OR diesel OR ""engine oil"" OR ""essential oil"" OR ""hair oil"" OR ""massage oil"")",pending,https://www.thehindubusinessline.com/news/national/tirupati-laddu-ghee-scandal-panel-flags-adulteration-lapses/article70933027.ece
contains whole-word ghee or vanaspati,627,2026-05-02,news18.com,news18.com,"Tirupati Laddu Ghee Scam: Probe Finds Major Quality, Policy Lapses; Fake Firms Got Contracts","((vanaspati OR ghee) AND (adulterat* OR contaminat* OR misbrand* OR substandard OR spurious OR fake OR counterfeit OR rancid OR ""reused oil"" OR ""recycled oil"" OR ""unsafe oil"" OR ""unsafe cooking oil"" OR ""unsafe edible oil"" OR ""mixed with"") AND language:en) NOT (recruitment OR vacancy OR job* OR exam OR ""admit card"" OR ""answer key"" OR syllabus OR ""eat right"" OR fortification OR fortified OR ""trans fat"" OR ""health claims"" OR ""zero maida"" OR ""organic label"" OR ""misleading claims"" OR ""consumer complaints"" OR ""stock market"" OR ""crude oil"" OR petrol OR diesel OR ""engine oil"" OR ""essential oil"" OR ""hair oil"" OR ""massage oil"")",pending,https://www.news18.com/india/tirupati-laddu-ghee-scam-probe-finds-major-quality-policy-lapses-fake-firms-got-contracts-ws-l-10068853.html
contains whole-word ghee or vanaspati,628,2026-04-30,freepressjournal.in,freepressjournal.in,Bulldozer Action Against Fake Ghee Unit In MP's Khandwa; Owner Fails To Show Documents,"((vanaspati OR ghee) AND (adulterat* OR contaminat* OR misbrand* OR substandard OR spurious OR fake OR counterfeit OR rancid OR ""reused oil"" OR ""recycled oil"" OR ""unsafe oil"" OR ""unsafe cooking oil"" OR ""unsafe edible oil"" OR ""mixed with"") AND language:en) NOT (recruitment OR vacancy OR job* OR exam OR ""admit card"" OR ""answer key"" OR syllabus OR ""eat right"" OR fortification OR fortified OR ""trans fat"" OR ""health claims"" OR ""zero maida"" OR ""organic label"" OR ""misleading claims"" OR ""consumer complaints"" OR ""stock market"" OR ""crude oil"" OR petrol OR diesel OR ""engine oil"" OR ""essential oil"" OR ""hair oil"" OR ""massage oil"")",pending,https://www.freepressjournal.in/indore/bulldozer-action-against-fake-ghee-unit-in-mps-khandwa-owner-fails-to-show-documents
contains whole-word ghee or vanaspati,629,2026-04-27,opindia.com,opindia.com,"Anwar Qureshi manufactured and sold fake ghee made using animal fat, skin and bones in Khandwa; arrested","((vanaspati OR ghee) AND (adulterat* OR contaminat* OR misbrand* OR substandard OR spurious OR fake OR counterfeit OR rancid OR ""reused oil"" OR ""recycled oil"" OR ""unsafe oil"" OR ""unsafe cooking oil"" OR ""unsafe edible oil"" OR ""mixed with"") AND language:en) NOT (recruitment OR vacancy OR job* OR exam OR ""admit card"" OR ""answer key"" OR syllabus OR ""eat right"" OR fortification OR fortified OR ""trans fat"" OR ""health claims"" OR ""zero maida"" OR ""organic label"" OR ""misleading claims"" OR ""consumer complaints"" OR ""stock market"" OR ""crude oil"" OR petrol OR diesel OR ""engine oil"" OR ""essential oil"" OR ""hair oil"" OR ""massage oil"")",pending,https://www.opindia.com/2026/04/madhya-pradesh-khandwa-police-arrest-anwar-qureshi-fake-ghee-animal-fat-bones-skin-fir-details/
contains whole-word ghee or vanaspati,631,2026-04-27,timesofindia.indiatimes.com,indiatimes.com,FSDA declares 6 desi ghee brands unsafe: How to check ghee purity and the easiest way to make ghee at home,"((vanaspati OR ghee) AND (adulterat* OR contaminat* OR misbrand* OR substandard OR spurious OR fake OR counterfeit OR rancid OR ""reused oil"" OR ""recycled oil"" OR ""unsafe oil"" OR ""unsafe cooking oil"" OR ""unsafe edible oil"" OR ""mixed with"") AND language:en) NOT (recruitment OR vacancy OR job* OR exam OR ""admit card"" OR ""answer key"" OR syllabus OR ""eat right"" OR fortification OR fortified OR ""trans fat"" OR ""health claims"" OR ""zero maida"" OR ""organic label"" OR ""misleading claims"" OR ""consumer complaints"" OR ""stock market"" OR ""crude oil"" OR petrol OR diesel OR ""engine oil"" OR ""essential oil"" OR ""hair oil"" OR ""massage oil"")",pending,https://timesofindia.indiatimes.com/life-style/food-news/fsda-declares-6-desi-ghee-brands-unsafe-how-to-check-ghee-purity-and-the-easiest-way-to-make-ghee-at-home/articleshow/130544411.cms
contains whole-word ghee or vanaspati,632,2026-04-24,freepressjournal.in,freepressjournal.in,"Raid Uncovers 3k Litres Ghee Made Using Animal Fat In Madhya Pradesh's Khandwa, 2 Held","((vanaspati OR ghee) AND (adulterat* OR contaminat* OR misbrand* OR substandard OR spurious OR fake OR counterfeit OR rancid OR ""reused oil"" OR ""recycled oil"" OR ""unsafe oil"" OR ""unsafe cooking oil"" OR ""unsafe edible oil"" OR ""mixed with"") AND language:en) NOT (recruitment OR vacancy OR job* OR exam OR ""admit card"" OR ""answer key"" OR syllabus OR ""eat right"" OR fortification OR fortified OR ""trans fat"" OR ""health claims"" OR ""zero maida"" OR ""organic label"" OR ""misleading claims"" OR ""consumer complaints"" OR ""stock market"" OR ""crude oil"" OR petrol OR diesel OR ""engine oil"" OR ""essential oil"" OR ""hair oil"" OR ""massage oil"")",pending,https://www.freepressjournal.in/indore/raid-uncovers-3k-litres-ghee-made-using-animal-fat-in-madhya-pradeshs-khandwa-2-held
contains whole-word ghee or vanaspati,635,2026-04-21,timesofindia.indiatimes.com,indiatimes.com,"Unlicensed dairy unit raided, ghee milk worth Rs 7 lakh seized","((vanaspati OR ghee) AND (adulterat* OR contaminat* OR misbrand* OR substandard OR spurious OR fake OR counterfeit OR rancid OR ""reused oil"" OR ""recycled oil"" OR ""unsafe oil"" OR ""unsafe cooking oil"" OR ""unsafe edible oil"" OR ""mixed with"") AND language:en) NOT (recruitment OR vacancy OR job* OR exam OR ""admit card"" OR ""answer key"" OR syllabus OR ""eat right"" OR fortification OR fortified OR ""trans fat"" OR ""health claims"" OR ""zero maida"" OR ""organic label"" OR ""misleading claims"" OR ""consumer complaints"" OR ""stock market"" OR ""crude oil"" OR petrol OR diesel OR ""engine oil"" OR ""essential oil"" OR ""hair oil"" OR ""massage oil"")",pending,https://timesofindia.indiatimes.com/city/hyderabad/unlicensed-dairy-unit-raided-ghee-milk-worth-rs-7-lakh-seized/articleshow/130401443.cms
contains whole-word ghee or vanaspati,636,2026-04-20,siasat.com,siasat.com,"Food adulteration drive: Rs 7.78 lakh worth milk, ghee seized in Hyderabad","((vanaspati OR ghee) AND (adulterat* OR contaminat* OR misbrand* OR substandard OR spurious OR fake OR counterfeit OR rancid OR ""reused oil"" OR ""recycled oil"" OR ""unsafe oil"" OR ""unsafe cooking oil"" OR ""unsafe edible oil"" OR ""mixed with"") AND language:en) NOT (recruitment OR vacancy OR job* OR exam OR ""admit card"" OR ""answer key"" OR syllabus OR ""eat right"" OR fortification OR fortified OR ""trans fat"" OR ""health claims"" OR ""zero maida"" OR ""organic label"" OR ""misleading claims"" OR ""consumer complaints"" OR ""stock market"" OR ""crude oil"" OR petrol OR diesel OR ""engine oil"" OR ""essential oil"" OR ""hair oil"" OR ""massage oil"")",pending,https://www.siasat.com/food-adulteration-drive-rs-7-78-lakh-worth-milk-ghee-seized-in-hyderabad-3457214/
contains whole-word ghee or vanaspati,637,2026-04-20,thelogicalindian.com,thelogicalindian.com,Inside India’s Rising Counterfeit Drug Market As Fake Mounjaro Bust Exposes System Gaps,"((vanaspati OR ghee) AND (adulterat* OR contaminat* OR misbrand* OR substandard OR spurious OR fake OR counterfeit OR rancid OR ""reused oil"" OR ""recycled oil"" OR ""unsafe oil"" OR ""unsafe cooking oil"" OR ""unsafe edible oil"" OR ""mixed with"") AND language:en) NOT (recruitment OR vacancy OR job* OR exam OR ""admit card"" OR ""answer key"" OR syllabus OR ""eat right"" OR fortification OR fortified OR ""trans fat"" OR ""health claims"" OR ""zero maida"" OR ""organic label"" OR ""misleading claims"" OR ""consumer complaints"" OR ""stock market"" OR ""crude oil"" OR petrol OR diesel OR ""engine oil"" OR ""essential oil"" OR ""hair oil"" OR ""massage oil"")",pending,https://thelogicalindian.com/inside-indias-rising-counterfeit-drug-market-as-fake-mounjaro-bust-exposes-system-gaps/
contains whole-word ghee or vanaspati,639,2026-04-16,rediff.com,rediff.com,"Surat Police Seize Fake Ghee Worth Lakhs, Arrest Two in Factory Raid","((vanaspati OR ghee) AND (adulterat* OR contaminat* OR misbrand* OR substandard OR spurious OR fake OR counterfeit OR rancid OR ""reused oil"" OR ""recycled oil"" OR ""unsafe oil"" OR ""unsafe cooking oil"" OR ""unsafe edible oil"" OR ""mixed with"") AND language:en) NOT (recruitment OR vacancy OR job* OR exam OR ""admit card"" OR ""answer key"" OR syllabus OR ""eat right"" OR fortification OR fortified OR ""trans fat"" OR ""health claims"" OR ""zero maida"" OR ""organic label"" OR ""misleading claims"" OR ""consumer complaints"" OR ""stock market"" OR ""crude oil"" OR petrol OR diesel OR ""engine oil"" OR ""essential oil"" OR ""hair oil"" OR ""massage oil"")",pending,https://www.rediff.com/news/report/surat-factory-raid-fake-ghee-worth-lakhs-seized/20260416.htm
contains whole-word ghee or vanaspati,642,2026-04-02,deccanchronicle.com,deccanchronicle.com,Crackdown Reveals Dirty Underbelly of City's Food Businesses,"((vanaspati OR ghee) AND (adulterat* OR contaminat* OR misbrand* OR substandard OR spurious OR fake OR counterfeit OR rancid OR ""reused oil"" OR ""recycled oil"" OR ""unsafe oil"" OR ""unsafe cooking oil"" OR ""unsafe edible oil"" OR ""mixed with"") AND language:en) NOT (recruitment OR vacancy OR job* OR exam OR ""admit card"" OR ""answer key"" OR syllabus OR ""eat right"" OR fortification OR fortified OR ""trans fat"" OR ""health claims"" OR ""zero maida"" OR ""organic label"" OR ""misleading claims"" OR ""consumer complaints"" OR ""stock market"" OR ""crude oil"" OR petrol OR diesel OR ""engine oil"" OR ""essential oil"" OR ""hair oil"" OR ""massage oil"")",pending,https://www.deccanchronicle.com/southern-states/telangana/crackdown-reveals-dirty-underbelly-of-citys-food-businesses-1948147
contains whole-word ghee or vanaspati,643,2026-04-02,siasat.com,siasat.com,"Illegal bakery raided in Hyderabad, material worth Rs 2.77 lakh seized","((vanaspati OR ghee) AND (adulterat* OR contaminat* OR misbrand* OR substandard OR spurious OR fake OR counterfeit OR rancid OR ""reused oil"" OR ""recycled oil"" OR ""unsafe oil"" OR ""unsafe cooking oil"" OR ""unsafe edible oil"" OR ""mixed with"") AND language:en) NOT (recruitment OR vacancy OR job* OR exam OR ""admit card"" OR ""answer key"" OR syllabus OR ""eat right"" OR fortification OR fortified OR ""trans fat"" OR ""health claims"" OR ""zero maida"" OR ""organic label"" OR ""misleading claims"" OR ""consumer complaints"" OR ""stock market"" OR ""crude oil"" OR petrol OR diesel OR ""engine oil"" OR ""essential oil"" OR ""hair oil"" OR ""massage oil"")",pending,https://www.siasat.com/illegal-bakery-raided-in-hyderabad-material-worth-rs-2-77-lakh-seized-3445273/
contains whole-word ghee or vanaspati,644,2026-04-02,freepressjournal.in,freepressjournal.in,'Can't Handle This Level Of Stress': YouTuber Nalini Unagar After Delhi Police Files FIR Against Her Over Post On FSSAI,"((vanaspati OR ghee) AND (adulterat* OR contaminat* OR misbrand* OR substandard OR spurious OR fake OR counterfeit OR rancid OR ""reused oil"" OR ""recycled oil"" OR ""unsafe oil"" OR ""unsafe cooking oil"" OR ""unsafe edible oil"" OR ""mixed with"") AND language:en) NOT (recruitment OR vacancy OR job* OR exam OR ""admit card"" OR ""answer key"" OR syllabus OR ""eat right"" OR fortification OR fortified OR ""trans fat"" OR ""health claims"" OR ""zero maida"" OR ""organic label"" OR ""misleading claims"" OR ""consumer complaints"" OR ""stock market"" OR ""crude oil"" OR petrol OR diesel OR ""engine oil"" OR ""essential oil"" OR ""hair oil"" OR ""massage oil"")",pending,https://www.freepressjournal.in/india/cant-handle-this-level-of-stress-youtuber-nalini-unagar-after-delhi-police-files-fir-against-her-over-post-on-fssai
contains whole-word ghee or vanaspati,645,2026-04-02,timesofindia.indiatimes.com,indiatimes.com,Bhopal takes to streets demanding death penalty over food adulteration,"((vanaspati OR ghee) AND (adulterat* OR contaminat* OR misbrand* OR substandard OR spurious OR fake OR counterfeit OR rancid OR ""reused oil"" OR ""recycled oil"" OR ""unsafe oil"" OR ""unsafe cooking oil"" OR ""unsafe edible oil"" OR ""mixed with"") AND language:en) NOT (recruitment OR vacancy OR job* OR exam OR ""admit card"" OR ""answer key"" OR syllabus OR ""eat right"" OR fortification OR fortified OR ""trans fat"" OR ""health claims"" OR ""zero maida"" OR ""organic label"" OR ""misleading claims"" OR ""consumer complaints"" OR ""stock market"" OR ""crude oil"" OR petrol OR diesel OR ""engine oil"" OR ""essential oil"" OR ""hair oil"" OR ""massage oil"")",pending,https://timesofindia.indiatimes.com/city/bhopal/bhopal-takes-to-streets-demanding-death-penalty-over-food-adulteration/articleshow/129961004.cms
contains whole-word ghee or vanaspati,648,2026-03-28,timesofindia.indiatimes.com,indiatimes.com,Fake Desi Ghee in the market? How to check the purity of Ghee at home,"((vanaspati OR ghee) AND (adulterat* OR contaminat* OR misbrand* OR substandard OR spurious OR fake OR counterfeit OR rancid OR ""reused oil"" OR ""recycled oil"" OR ""unsafe oil"" OR ""unsafe cooking oil"" OR ""unsafe edible oil"" OR ""mixed with"") AND language:en) NOT (recruitment OR vacancy OR job* OR exam OR ""admit card"" OR ""answer key"" OR syllabus OR ""eat right"" OR fortification OR fortified OR ""trans fat"" OR ""health claims"" OR ""zero maida"" OR ""organic label"" OR ""misleading claims"" OR ""consumer complaints"" OR ""stock market"" OR ""crude oil"" OR petrol OR diesel OR ""engine oil"" OR ""essential oil"" OR ""hair oil"" OR ""massage oil"")",pending,https://timesofindia.indiatimes.com/life-style/food-news/fake-desi-ghee-in-the-market-how-to-check-the-purity-of-ghee-at-home/photostory/129858874.cms
contains whole-word ghee or vanaspati,650,2026-03-25,freepressjournal.in,freepressjournal.in,"Indore News: Food Safety Team Seizes 500 Kg Ghee, Collects 29 Samples Across City","((vanaspati OR ghee) AND (adulterat* OR contaminat* OR misbrand* OR substandard OR spurious OR fake OR counterfeit OR rancid OR ""reused oil"" OR ""recycled oil"" OR ""unsafe oil"" OR ""unsafe cooking oil"" OR ""unsafe edible oil"" OR ""mixed with"") AND language:en) NOT (recruitment OR vacancy OR job* OR exam OR ""admit card"" OR ""answer key"" OR syllabus OR ""eat right"" OR fortification OR fortified OR ""trans fat"" OR ""health claims"" OR ""zero maida"" OR ""organic label"" OR ""misleading claims"" OR ""consumer complaints"" OR ""stock market"" OR ""crude oil"" OR petrol OR diesel OR ""engine oil"" OR ""essential oil"" OR ""hair oil"" OR ""massage oil"")",pending,https://www.freepressjournal.in/indore/indore-news-food-safety-team-seizes-500-kg-ghee-collects-29-samples-across-city
contains whole-word ghee or vanaspati,651,2026-03-25,timesofindia.indiatimes.com,indiatimes.com,"500 kg ghee seized, 29 samples sent for lab tests","((vanaspati OR ghee) AND (adulterat* OR contaminat* OR misbrand* OR substandard OR spurious OR fake OR counterfeit OR rancid OR ""reused oil"" OR ""recycled oil"" OR ""unsafe oil"" OR ""unsafe cooking oil"" OR ""unsafe edible oil"" OR ""mixed with"") AND language:en) NOT (recruitment OR vacancy OR job* OR exam OR ""admit card"" OR ""answer key"" OR syllabus OR ""eat right"" OR fortification OR fortified OR ""trans fat"" OR ""health claims"" OR ""zero maida"" OR ""organic label"" OR ""misleading claims"" OR ""consumer complaints"" OR ""stock market"" OR ""crude oil"" OR petrol OR diesel OR ""engine oil"" OR ""essential oil"" OR ""hair oil"" OR ""massage oil"")",pending,https://timesofindia.indiatimes.com/city/indore/500-kg-ghee-seized-29-samples-sent-for-lab-tests/articleshow/129785820.cms
contains whole-word ghee or vanaspati,652,2026-03-24,timesofindia.indiatimes.com,indiatimes.com,"Fake paneer, adulterated ghee racket busted in Jaipur","((vanaspati OR ghee) AND (adulterat* OR contaminat* OR misbrand* OR substandard OR spurious OR fake OR counterfeit OR rancid OR ""reused oil"" OR ""recycled oil"" OR ""unsafe oil"" OR ""unsafe cooking oil"" OR ""unsafe edible oil"" OR ""mixed with"") AND language:en) NOT (recruitment OR vacancy OR job* OR exam OR ""admit card"" OR ""answer key"" OR syllabus OR ""eat right"" OR fortification OR fortified OR ""trans fat"" OR ""health claims"" OR ""zero maida"" OR ""organic label"" OR ""misleading claims"" OR ""consumer complaints"" OR ""stock market"" OR ""crude oil"" OR petrol OR diesel OR ""engine oil"" OR ""essential oil"" OR ""hair oil"" OR ""massage oil"")",pending,https://timesofindia.indiatimes.com/city/jaipur/fake-paneer-adulterated-ghee-racket-busted-in-jaipur/articleshow/129761828.cms
contains whole-word ghee or vanaspati,653,2026-03-24,timesofindia.indiatimes.com,indiatimes.com,"Bhilwara police bust fake Saras ghee unit, arrest one","((vanaspati OR ghee) AND (adulterat* OR contaminat* OR misbrand* OR substandard OR spurious OR fake OR counterfeit OR rancid OR ""reused oil"" OR ""recycled oil"" OR ""unsafe oil"" OR ""unsafe cooking oil"" OR ""unsafe edible oil"" OR ""mixed with"") AND language:en) NOT (recruitment OR vacancy OR job* OR exam OR ""admit card"" OR ""answer key"" OR syllabus OR ""eat right"" OR fortification OR fortified OR ""trans fat"" OR ""health claims"" OR ""zero maida"" OR ""organic label"" OR ""misleading claims"" OR ""consumer complaints"" OR ""stock market"" OR ""crude oil"" OR petrol OR diesel OR ""engine oil"" OR ""essential oil"" OR ""hair oil"" OR ""massage oil"")",pending,https://timesofindia.indiatimes.com/city/jaipur/bhilwara-police-bust-fake-saras-ghee-unit-arrest-one/articleshow/129761742.cms
contains whole-word ghee or vanaspati,654,2026-03-20,deccanchronicle.com,deccanchronicle.com,CM to Inaugurate FSSAI Food Testing Lab at Tirumala Today,"((vanaspati OR ghee) AND (adulterat* OR contaminat* OR misbrand* OR substandard OR spurious OR fake OR counterfeit OR rancid OR ""reused oil"" OR ""recycled oil"" OR ""unsafe oil"" OR ""unsafe cooking oil"" OR ""unsafe edible oil"" OR ""mixed with"") AND language:en) NOT (recruitment OR vacancy OR job* OR exam OR ""admit card"" OR ""answer key"" OR syllabus OR ""eat right"" OR fortification OR fortified OR ""trans fat"" OR ""health claims"" OR ""zero maida"" OR ""organic label"" OR ""misleading claims"" OR ""consumer complaints"" OR ""stock market"" OR ""crude oil"" OR petrol OR diesel OR ""engine oil"" OR ""essential oil"" OR ""hair oil"" OR ""massage oil"")",pending,https://www.deccanchronicle.com/southern-states/andhra-pradesh/cm-to-inaugurate-fssai-food-testing-lab-at-tirumala-today-1945166
contains whole-word ghee or vanaspati,655,2026-03-20,thelogicalindian.com,thelogicalindian.com,"Hyderabad Crackdown: 3,892 Kg Adulterated Paneer Seized, 6 Arrested for Supplying Unsafe Dairy Products","((vanaspati OR ghee) AND (adulterat* OR contaminat* OR misbrand* OR substandard OR spurious OR fake OR counterfeit OR rancid OR ""reused oil"" OR ""recycled oil"" OR ""unsafe oil"" OR ""unsafe cooking oil"" OR ""unsafe edible oil"" OR ""mixed with"") AND language:en) NOT (recruitment OR vacancy OR job* OR exam OR ""admit card"" OR ""answer key"" OR syllabus OR ""eat right"" OR fortification OR fortified OR ""trans fat"" OR ""health claims"" OR ""zero maida"" OR ""organic label"" OR ""misleading claims"" OR ""consumer complaints"" OR ""stock market"" OR ""crude oil"" OR petrol OR diesel OR ""engine oil"" OR ""essential oil"" OR ""hair oil"" OR ""massage oil"")",pending,https://thelogicalindian.com/hyderabad-crackdown-3892-kg-adulterated-paneer-seized-6-arrested-for-supplying-unsafe-dairy-products/
contains whole-word ghee or vanaspati,656,2026-03-19,m.rediff.com,rediff.com,"3,900 kgs of 'adulterated' paneer, other dairy products seized in Hyderabad, 6 held","((vanaspati OR ghee) AND (adulterat* OR contaminat* OR misbrand* OR substandard OR spurious OR fake OR counterfeit OR rancid OR ""reused oil"" OR ""recycled oil"" OR ""unsafe oil"" OR ""unsafe cooking oil"" OR ""unsafe edible oil"" OR ""mixed with"") AND language:en) NOT (recruitment OR vacancy OR job* OR exam OR ""admit card"" OR ""answer key"" OR syllabus OR ""eat right"" OR fortification OR fortified OR ""trans fat"" OR ""health claims"" OR ""zero maida"" OR ""organic label"" OR ""misleading claims"" OR ""consumer complaints"" OR ""stock market"" OR ""crude oil"" OR petrol OR diesel OR ""engine oil"" OR ""essential oil"" OR ""hair oil"" OR ""massage oil"")",pending,https://m.rediff.com/news/commentary/2026/mar/19/3900-kgs-of-adulterated-paneer-other-dairy-products-seized-in-hyderabad-6-held/47ce118701c426548d2d7accdfe98158
contains whole-word ghee or vanaspati,658,2026-03-19,timesofindia.indiatimes.com,indiatimes.com,"Adulterated paneer, dairy products seized in city","((vanaspati OR ghee) AND (adulterat* OR contaminat* OR misbrand* OR substandard OR spurious OR fake OR counterfeit OR rancid OR ""reused oil"" OR ""recycled oil"" OR ""unsafe oil"" OR ""unsafe cooking oil"" OR ""unsafe edible oil"" OR ""mixed with"") AND language:en) NOT (recruitment OR vacancy OR job* OR exam OR ""admit card"" OR ""answer key"" OR syllabus OR ""eat right"" OR fortification OR fortified OR ""trans fat"" OR ""health claims"" OR ""zero maida"" OR ""organic label"" OR ""misleading claims"" OR ""consumer complaints"" OR ""stock market"" OR ""crude oil"" OR petrol OR diesel OR ""engine oil"" OR ""essential oil"" OR ""hair oil"" OR ""massage oil"")",pending,https://timesofindia.indiatimes.com/city/hyderabad/adulterated-paneer-dairy-products-seized-in-city/articleshow/129664784.cms
contains whole-word ghee or vanaspati,659,2026-03-19,deccanchronicle.com,deccanchronicle.com,"6 Arrested, Adulterated Dairy Worth ₹11 Lakh Seized","((vanaspati OR ghee) AND (adulterat* OR contaminat* OR misbrand* OR substandard OR spurious OR fake OR counterfeit OR rancid OR ""reused oil"" OR ""recycled oil"" OR ""unsafe oil"" OR ""unsafe cooking oil"" OR ""unsafe edible oil"" OR ""mixed with"") AND language:en) NOT (recruitment OR vacancy OR job* OR exam OR ""admit card"" OR ""answer key"" OR syllabus OR ""eat right"" OR fortification OR fortified OR ""trans fat"" OR ""health claims"" OR ""zero maida"" OR ""organic label"" OR ""misleading claims"" OR ""consumer complaints"" OR ""stock market"" OR ""crude oil"" OR petrol OR diesel OR ""engine oil"" OR ""essential oil"" OR ""hair oil"" OR ""massage oil"")",pending,https://www.deccanchronicle.com/southern-states/telangana/6-arrested-adulterated-dairy-worth-11-lakh-seized-1944848
contains whole-word ghee or vanaspati,660,2026-03-18,thehindu.com,thehindu.com,Six held for selling adulterated paneer and dairy products; two arrested in pickle unit bust,"((vanaspati OR ghee) AND (adulterat* OR contaminat* OR misbrand* OR substandard OR spurious OR fake OR counterfeit OR rancid OR ""reused oil"" OR ""recycled oil"" OR ""unsafe oil"" OR ""unsafe cooking oil"" OR ""unsafe edible oil"" OR ""mixed with"") AND language:en) NOT (recruitment OR vacancy OR job* OR exam OR ""admit card"" OR ""answer key"" OR syllabus OR ""eat right"" OR fortification OR fortified OR ""trans fat"" OR ""health claims"" OR ""zero maida"" OR ""organic label"" OR ""misleading claims"" OR ""consumer complaints"" OR ""stock market"" OR ""crude oil"" OR petrol OR diesel OR ""engine oil"" OR ""essential oil"" OR ""hair oil"" OR ""massage oil"")",pending,https://www.thehindu.com/news/national/telangana/six-held-for-selling-adulterated-paneer-and-dairy-products-two-arrested-in-pickle-unit-bust/article70758799.ece
contains whole-word ghee or vanaspati,661,2026-03-11,republicworld.com,republicworld.com,Is The Milk You Are Drinking Pure? 4 Easy FSSAI-Approved Ways To Test Its Purity at Home,"((vanaspati OR ghee) AND (adulterat* OR contaminat* OR misbrand* OR substandard OR spurious OR fake OR counterfeit OR rancid OR ""reused oil"" OR ""recycled oil"" OR ""unsafe oil"" OR ""unsafe cooking oil"" OR ""unsafe edible oil"" OR ""mixed with"") AND language:en) NOT (recruitment OR vacancy OR job* OR exam OR ""admit card"" OR ""answer key"" OR syllabus OR ""eat right"" OR fortification OR fortified OR ""trans fat"" OR ""health claims"" OR ""zero maida"" OR ""organic label"" OR ""misleading claims"" OR ""consumer complaints"" OR ""stock market"" OR ""crude oil"" OR petrol OR diesel OR ""engine oil"" OR ""essential oil"" OR ""hair oil"" OR ""massage oil"")",pending,https://www.republicworld.com/health/is-the-milk-you-are-drinking-pure-4-easy-fssai-approved-ways-to-test-its-purity-at-home
contains whole-word ghee or vanaspati,662,2026-03-17,thelogicalindian.com,thelogicalindian.com,India’s Hidden Milk Economy: Why FSSAI is Cracking Down On Unregistered Dairy Vendors,"((vanaspati OR ghee) AND (adulterat* OR contaminat* OR misbrand* OR substandard OR spurious OR fake OR counterfeit OR rancid OR ""reused oil"" OR ""recycled oil"" OR ""unsafe oil"" OR ""unsafe cooking oil"" OR ""unsafe edible oil"" OR ""mixed with"") AND language:en) NOT (recruitment OR vacancy OR job* OR exam OR ""admit card"" OR ""answer key"" OR syllabus OR ""eat right"" OR fortification OR fortified OR ""trans fat"" OR ""health claims"" OR ""zero maida"" OR ""organic label"" OR ""misleading claims"" OR ""consumer complaints"" OR ""stock market"" OR ""crude oil"" OR petrol OR diesel OR ""engine oil"" OR ""essential oil"" OR ""hair oil"" OR ""massage oil"")",pending,https://thelogicalindian.com/fssai-crackdown-on-unregistered-dairy-vendors/
contains whole-word ghee or vanaspati,663,2026-03-15,ndtv.com,ndtv.com,"150 Tonnes Of Expired Food, Adulterated Paneer Seized In Major Food Raids Across Two States","((vanaspati OR ghee) AND (adulterat* OR contaminat* OR misbrand* OR substandard OR spurious OR fake OR counterfeit OR rancid OR ""reused oil"" OR ""recycled oil"" OR ""unsafe oil"" OR ""unsafe cooking oil"" OR ""unsafe edible oil"" OR ""mixed with"") AND language:en) NOT (recruitment OR vacancy OR job* OR exam OR ""admit card"" OR ""answer key"" OR syllabus OR ""eat right"" OR fortification OR fortified OR ""trans fat"" OR ""health claims"" OR ""zero maida"" OR ""organic label"" OR ""misleading claims"" OR ""consumer complaints"" OR ""stock market"" OR ""crude oil"" OR petrol OR diesel OR ""engine oil"" OR ""essential oil"" OR ""hair oil"" OR ""massage oil"")",pending,https://www.ndtv.com/food/150-tonnes-of-expired-food-adulterated-paneer-seized-in-major-food-raids-across-two-states-11217962#publisher=newsstand
contains whole-word ghee or vanaspati,664,2026-03-12,timesofindia.indiatimes.com,indiatimes.com,1400 Kg Adulterated Paneer Seized in Dhanbad Bus Raid,"((vanaspati OR ghee) AND (adulterat* OR contaminat* OR misbrand* OR substandard OR spurious OR fake OR counterfeit OR rancid OR ""reused oil"" OR ""recycled oil"" OR ""unsafe oil"" OR ""unsafe cooking oil"" OR ""unsafe edible oil"" OR ""mixed with"") AND language:en) NOT (recruitment OR vacancy OR job* OR exam OR ""admit card"" OR ""answer key"" OR syllabus OR ""eat right"" OR fortification OR fortified OR ""trans fat"" OR ""health claims"" OR ""zero maida"" OR ""organic label"" OR ""misleading claims"" OR ""consumer complaints"" OR ""stock market"" OR ""crude oil"" OR petrol OR diesel OR ""engine oil"" OR ""essential oil"" OR ""hair oil"" OR ""massage oil"")",pending,https://timesofindia.indiatimes.com/city/ranchi/1400-kg-adulterated-paneer-seized-in-dhanbad-bus-raid/articleshow/129516820.cms
contains whole-word ghee or vanaspati,665,2026-03-10,thehansindia.com,thehansindia.com,"City hotels, haleem vendors under food safety scanner","((vanaspati OR ghee) AND (adulterat* OR contaminat* OR misbrand* OR substandard OR spurious OR fake OR counterfeit OR rancid OR ""reused oil"" OR ""recycled oil"" OR ""unsafe oil"" OR ""unsafe cooking oil"" OR ""unsafe edible oil"" OR ""mixed with"") AND language:en) NOT (recruitment OR vacancy OR job* OR exam OR ""admit card"" OR ""answer key"" OR syllabus OR ""eat right"" OR fortification OR fortified OR ""trans fat"" OR ""health claims"" OR ""zero maida"" OR ""organic label"" OR ""misleading claims"" OR ""consumer complaints"" OR ""stock market"" OR ""crude oil"" OR petrol OR diesel OR ""engine oil"" OR ""essential oil"" OR ""hair oil"" OR ""massage oil"")",pending,https://www.thehansindia.com/news/cities/hyderabad/city-hotels-haleem-vendors-under-food-safety-scanner-1055247
contains whole-word ghee or vanaspati,666,2026-03-10,deccanchronicle.com,deccanchronicle.com,Food Safety Officials Launch Awareness Drive on Milk Adulteration,"((vanaspati OR ghee) AND (adulterat* OR contaminat* OR misbrand* OR substandard OR spurious OR fake OR counterfeit OR rancid OR ""reused oil"" OR ""recycled oil"" OR ""unsafe oil"" OR ""unsafe cooking oil"" OR ""unsafe edible oil"" OR ""mixed with"") AND language:en) NOT (recruitment OR vacancy OR job* OR exam OR ""admit card"" OR ""answer key"" OR syllabus OR ""eat right"" OR fortification OR fortified OR ""trans fat"" OR ""health claims"" OR ""zero maida"" OR ""organic label"" OR ""misleading claims"" OR ""consumer complaints"" OR ""stock market"" OR ""crude oil"" OR petrol OR diesel OR ""engine oil"" OR ""essential oil"" OR ""hair oil"" OR ""massage oil"")",pending,https://www.deccanchronicle.com/southern-states/andhra-pradesh/food-safety-officials-launch-awareness-drive-on-milk-adulteration-1942879
contains whole-word ghee or vanaspati,669,2026-03-07,thehansindia.com,thehansindia.com,Fake Propaganda is Laughable” – TDP MLA & Sangam Dairy Chairman Dhulipalla,"((vanaspati OR ghee) AND (adulterat* OR contaminat* OR misbrand* OR substandard OR spurious OR fake OR counterfeit OR rancid OR ""reused oil"" OR ""recycled oil"" OR ""unsafe oil"" OR ""unsafe cooking oil"" OR ""unsafe edible oil"" OR ""mixed with"") AND language:en) NOT (recruitment OR vacancy OR job* OR exam OR ""admit card"" OR ""answer key"" OR syllabus OR ""eat right"" OR fortification OR fortified OR ""trans fat"" OR ""health claims"" OR ""zero maida"" OR ""organic label"" OR ""misleading claims"" OR ""consumer complaints"" OR ""stock market"" OR ""crude oil"" OR petrol OR diesel OR ""engine oil"" OR ""essential oil"" OR ""hair oil"" OR ""massage oil"")",pending,https://www.thehansindia.com/andhra-pradesh/fake-propaganda-is-laughable-tdp-mla-sangam-dairy-chairman-dhulipalla-1054560
contains whole-word ghee or vanaspati,670,2026-03-06,timesofindia.indiatimes.com,indiatimes.com,Mandvi cops bust unit making spurious ghee,"((vanaspati OR ghee) AND (adulterat* OR contaminat* OR misbrand* OR substandard OR spurious OR fake OR counterfeit OR rancid OR ""reused oil"" OR ""recycled oil"" OR ""unsafe oil"" OR ""unsafe cooking oil"" OR ""unsafe edible oil"" OR ""mixed with"") AND language:en) NOT (recruitment OR vacancy OR job* OR exam OR ""admit card"" OR ""answer key"" OR syllabus OR ""eat right"" OR fortification OR fortified OR ""trans fat"" OR ""health claims"" OR ""zero maida"" OR ""organic label"" OR ""misleading claims"" OR ""consumer complaints"" OR ""stock market"" OR ""crude oil"" OR petrol OR diesel OR ""engine oil"" OR ""essential oil"" OR ""hair oil"" OR ""massage oil"")",pending,https://timesofindia.indiatimes.com/city/surat/mandvi-cops-bust-unit-making-spurious-ghee/articleshow/129168759.cms
contains whole-word ghee or vanaspati,676,2026-03-02,timesofindia.indiatimes.com,indiatimes.com,The ‘vendetta’ vortex: Are ‘fake’ cases strangling India’s democratic soul?,"((vanaspati OR ghee) AND (adulterat* OR contaminat* OR misbrand* OR substandard OR spurious OR fake OR counterfeit OR rancid OR ""reused oil"" OR ""recycled oil"" OR ""unsafe oil"" OR ""unsafe cooking oil"" OR ""unsafe edible oil"" OR ""mixed with"") AND language:en) NOT (recruitment OR vacancy OR job* OR exam OR ""admit card"" OR ""answer key"" OR syllabus OR ""eat right"" OR fortification OR fortified OR ""trans fat"" OR ""health claims"" OR ""zero maida"" OR ""organic label"" OR ""misleading claims"" OR ""consumer complaints"" OR ""stock market"" OR ""crude oil"" OR petrol OR diesel OR ""engine oil"" OR ""essential oil"" OR ""hair oil"" OR ""massage oil"")",pending,https://timesofindia.indiatimes.com/blogs/secularati/the-vendetta-vortex-are-fake-cases-strangling-indias-democratic-soul/
contains whole-word ghee or vanaspati,680,2026-02-28,siasat.com,siasat.com,"Ahead of Eid, Hyderabad police raids substandard vermicelli unit in Jiyaguda","((vanaspati OR ghee) AND (adulterat* OR contaminat* OR misbrand* OR substandard OR spurious OR fake OR counterfeit OR rancid OR ""reused oil"" OR ""recycled oil"" OR ""unsafe oil"" OR ""unsafe cooking oil"" OR ""unsafe edible oil"" OR ""mixed with"") AND language:en) NOT (recruitment OR vacancy OR job* OR exam OR ""admit card"" OR ""answer key"" OR syllabus OR ""eat right"" OR fortification OR fortified OR ""trans fat"" OR ""health claims"" OR ""zero maida"" OR ""organic label"" OR ""misleading claims"" OR ""consumer complaints"" OR ""stock market"" OR ""crude oil"" OR petrol OR diesel OR ""engine oil"" OR ""essential oil"" OR ""hair oil"" OR ""massage oil"")",pending,https://www.siasat.com/ahead-of-eid-hyderabad-police-raids-substandard-vermicelli-unit-in-jiyaguda-3391083/
contains whole-word ghee or vanaspati,681,2026-02-28,thehindu.com,thehindu.com,"Substandard pheni manufacturing unit busted in Jiyaguda, one held","((vanaspati OR ghee) AND (adulterat* OR contaminat* OR misbrand* OR substandard OR spurious OR fake OR counterfeit OR rancid OR ""reused oil"" OR ""recycled oil"" OR ""unsafe oil"" OR ""unsafe cooking oil"" OR ""unsafe edible oil"" OR ""mixed with"") AND language:en) NOT (recruitment OR vacancy OR job* OR exam OR ""admit card"" OR ""answer key"" OR syllabus OR ""eat right"" OR fortification OR fortified OR ""trans fat"" OR ""health claims"" OR ""zero maida"" OR ""organic label"" OR ""misleading claims"" OR ""consumer complaints"" OR ""stock market"" OR ""crude oil"" OR petrol OR diesel OR ""engine oil"" OR ""essential oil"" OR ""hair oil"" OR ""massage oil"")",pending,https://www.thehindu.com/news/national/telangana/substandard-pheni-manufacturing-unit-busted-in-jiyaguda-one-held/article70688434.ece
contains whole-word ghee or vanaspati,682,2026-02-28,thehindu.com,thehindu.com,Food safety officials inspect milk supply chain in SPSR Nellore district,"((vanaspati OR ghee) AND (adulterat* OR contaminat* OR misbrand* OR substandard OR spurious OR fake OR counterfeit OR rancid OR ""reused oil"" OR ""recycled oil"" OR ""unsafe oil"" OR ""unsafe cooking oil"" OR ""unsafe edible oil"" OR ""mixed with"") AND language:en) NOT (recruitment OR vacancy OR job* OR exam OR ""admit card"" OR ""answer key"" OR syllabus OR ""eat right"" OR fortification OR fortified OR ""trans fat"" OR ""health claims"" OR ""zero maida"" OR ""organic label"" OR ""misleading claims"" OR ""consumer complaints"" OR ""stock market"" OR ""crude oil"" OR petrol OR diesel OR ""engine oil"" OR ""essential oil"" OR ""hair oil"" OR ""massage oil"")",pending,https://www.thehindu.com/news/national/andhra-pradesh/food-safety-officials-inspect-milk-supply-chain-in-spsr-nellore-district/article70685255.ece
contains whole-word ghee or vanaspati,683,2026-02-27,newsx.com,newsx.com,Uttar Pradesh Viral Video: FSSAI Raid In Hapur Ahead Of Holi Sparks Outrage After Locals Seen Picking Adulterated Sweets From Garbage,"((vanaspati OR ghee) AND (adulterat* OR contaminat* OR misbrand* OR substandard OR spurious OR fake OR counterfeit OR rancid OR ""reused oil"" OR ""recycled oil"" OR ""unsafe oil"" OR ""unsafe cooking oil"" OR ""unsafe edible oil"" OR ""mixed with"") AND language:en) NOT (recruitment OR vacancy OR job* OR exam OR ""admit card"" OR ""answer key"" OR syllabus OR ""eat right"" OR fortification OR fortified OR ""trans fat"" OR ""health claims"" OR ""zero maida"" OR ""organic label"" OR ""misleading claims"" OR ""consumer complaints"" OR ""stock market"" OR ""crude oil"" OR petrol OR diesel OR ""engine oil"" OR ""essential oil"" OR ""hair oil"" OR ""massage oil"")",pending,https://www.newsx.com/india/uttar-pradesh-viral-video-fssai-raid-in-hapur-ahead-of-holi-sparks-outrage-after-locals-seen-picking-adulterated-sweets-from-garbage-174020/
contains whole-word ghee or vanaspati,684,2026-02-27,indianexpress.com,indianexpress.com,Holi 2026: Special anti-adulteration drive for festive foods in Pune after FSSAI order,"((vanaspati OR ghee) AND (adulterat* OR contaminat* OR misbrand* OR substandard OR spurious OR fake OR counterfeit OR rancid OR ""reused oil"" OR ""recycled oil"" OR ""unsafe oil"" OR ""unsafe cooking oil"" OR ""unsafe edible oil"" OR ""mixed with"") AND language:en) NOT (recruitment OR vacancy OR job* OR exam OR ""admit card"" OR ""answer key"" OR syllabus OR ""eat right"" OR fortification OR fortified OR ""trans fat"" OR ""health claims"" OR ""zero maida"" OR ""organic label"" OR ""misleading claims"" OR ""consumer complaints"" OR ""stock market"" OR ""crude oil"" OR petrol OR diesel OR ""engine oil"" OR ""essential oil"" OR ""hair oil"" OR ""massage oil"")",pending,https://indianexpress.com/article/cities/pune/holi-2026-special-anti-adulteration-drive-for-festive-foods-in-pune-after-fssai-order-10555210/
contains whole-word ghee or vanaspati,685,2026-02-26,timesofindia.indiatimes.com,indiatimes.com,1500 kg fake paneer and mawa seized in Ghaziabad: 8 smart alternatives for popular dishes for the Holi celebration,"((vanaspati OR ghee) AND (adulterat* OR contaminat* OR misbrand* OR substandard OR spurious OR fake OR counterfeit OR rancid OR ""reused oil"" OR ""recycled oil"" OR ""unsafe oil"" OR ""unsafe cooking oil"" OR ""unsafe edible oil"" OR ""mixed with"") AND language:en) NOT (recruitment OR vacancy OR job* OR exam OR ""admit card"" OR ""answer key"" OR syllabus OR ""eat right"" OR fortification OR fortified OR ""trans fat"" OR ""health claims"" OR ""zero maida"" OR ""organic label"" OR ""misleading claims"" OR ""consumer complaints"" OR ""stock market"" OR ""crude oil"" OR petrol OR diesel OR ""engine oil"" OR ""essential oil"" OR ""hair oil"" OR ""massage oil"")",pending,https://timesofindia.indiatimes.com/life-style/food-news/1500-kg-fake-paneer-and-mawa-seized-in-ghaziabad-8-smart-alternatives-for-popular-dishes-for-the-holi-celebration/photostory/128815903.cms
contains whole-word ghee or vanaspati,686,2026-02-26,timesofindia.indiatimes.com,indiatimes.com,"Before Holi, food safety teams intensify checks for adulteration","((vanaspati OR ghee) AND (adulterat* OR contaminat* OR misbrand* OR substandard OR spurious OR fake OR counterfeit OR rancid OR ""reused oil"" OR ""recycled oil"" OR ""unsafe oil"" OR ""unsafe cooking oil"" OR ""unsafe edible oil"" OR ""mixed with"") AND language:en) NOT (recruitment OR vacancy OR job* OR exam OR ""admit card"" OR ""answer key"" OR syllabus OR ""eat right"" OR fortification OR fortified OR ""trans fat"" OR ""health claims"" OR ""zero maida"" OR ""organic label"" OR ""misleading claims"" OR ""consumer complaints"" OR ""stock market"" OR ""crude oil"" OR petrol OR diesel OR ""engine oil"" OR ""essential oil"" OR ""hair oil"" OR ""massage oil"")",pending,https://timesofindia.indiatimes.com/city/delhi/before-holi-food-safety-teams-intensify-checks-for-adulteration/articleshow/128820396.cms
contains whole-word ghee or vanaspati,689,2026-02-24,economictimes.indiatimes.com,indiatimes.com,"14,000 litres of adulterated oil, 1,320 kg of rotten dates and fake ghee seized in Kanpur raid; FSSAI UPFSDA issue warning ahead of festival season","((vanaspati OR ghee) AND (adulterat* OR contaminat* OR misbrand* OR substandard OR spurious OR fake OR counterfeit OR rancid OR ""reused oil"" OR ""recycled oil"" OR ""unsafe oil"" OR ""unsafe cooking oil"" OR ""unsafe edible oil"" OR ""mixed with"") AND language:en) NOT (recruitment OR vacancy OR job* OR exam OR ""admit card"" OR ""answer key"" OR syllabus OR ""eat right"" OR fortification OR fortified OR ""trans fat"" OR ""health claims"" OR ""zero maida"" OR ""organic label"" OR ""misleading claims"" OR ""consumer complaints"" OR ""stock market"" OR ""crude oil"" OR petrol OR diesel OR ""engine oil"" OR ""essential oil"" OR ""hair oil"" OR ""massage oil"")",pending,https://economictimes.indiatimes.com/news/new-updates/14000-litres-of-adulterated-oil-1320-kg-of-rotten-dates-and-fake-ghee-seized-in-kanpur-raid-fssai-upfsda-issue-warning-ahead-of-festival-season/articleshow/128755875.cms
contains whole-word ghee or vanaspati,692,2026-02-24,economictimes.indiatimes.com,indiatimes.com,"Tirupati TTD temple to get Rs 25 crore French ‘e-tongue, e-nose’ to test prasadam ghee quality","((vanaspati OR ghee) AND (adulterat* OR contaminat* OR misbrand* OR substandard OR spurious OR fake OR counterfeit OR rancid OR ""reused oil"" OR ""recycled oil"" OR ""unsafe oil"" OR ""unsafe cooking oil"" OR ""unsafe edible oil"" OR ""mixed with"") AND language:en) NOT (recruitment OR vacancy OR job* OR exam OR ""admit card"" OR ""answer key"" OR syllabus OR ""eat right"" OR fortification OR fortified OR ""trans fat"" OR ""health claims"" OR ""zero maida"" OR ""organic label"" OR ""misleading claims"" OR ""consumer complaints"" OR ""stock market"" OR ""crude oil"" OR petrol OR diesel OR ""engine oil"" OR ""essential oil"" OR ""hair oil"" OR ""massage oil"")",pending,https://economictimes.indiatimes.com/news/new-updates/tirupati-ttd-temple-to-get-rs-25-crore-french-e-tongue-e-nose-to-test-prasadam-ghee-quality/articleshow/128743938.cms
contains whole-word ghee or vanaspati,693,2026-02-24,thehindubusinessline.com,thehindubusinessline.com,"E-tongue, e-nose lab to test ghee quality in Tirumala soon: Andhra health minister","((vanaspati OR ghee) AND (adulterat* OR contaminat* OR misbrand* OR substandard OR spurious OR fake OR counterfeit OR rancid OR ""reused oil"" OR ""recycled oil"" OR ""unsafe oil"" OR ""unsafe cooking oil"" OR ""unsafe edible oil"" OR ""mixed with"") AND language:en) NOT (recruitment OR vacancy OR job* OR exam OR ""admit card"" OR ""answer key"" OR syllabus OR ""eat right"" OR fortification OR fortified OR ""trans fat"" OR ""health claims"" OR ""zero maida"" OR ""organic label"" OR ""misleading claims"" OR ""consumer complaints"" OR ""stock market"" OR ""crude oil"" OR petrol OR diesel OR ""engine oil"" OR ""essential oil"" OR ""hair oil"" OR ""massage oil"")",pending,https://www.thehindubusinessline.com/news/e-tongue-e-nose-lab-to-test-ghee-quality-in-tirumala-soon-andhra-health-minister/article70669784.ece
contains whole-word ghee or vanaspati,694,2026-02-23,news18.com,news18.com,"E-tongue, e-nose lab to test ghee quality in Tirumala soon: Andhra Health min","((vanaspati OR ghee) AND (adulterat* OR contaminat* OR misbrand* OR substandard OR spurious OR fake OR counterfeit OR rancid OR ""reused oil"" OR ""recycled oil"" OR ""unsafe oil"" OR ""unsafe cooking oil"" OR ""unsafe edible oil"" OR ""mixed with"") AND language:en) NOT (recruitment OR vacancy OR job* OR exam OR ""admit card"" OR ""answer key"" OR syllabus OR ""eat right"" OR fortification OR fortified OR ""trans fat"" OR ""health claims"" OR ""zero maida"" OR ""organic label"" OR ""misleading claims"" OR ""consumer complaints"" OR ""stock market"" OR ""crude oil"" OR petrol OR diesel OR ""engine oil"" OR ""essential oil"" OR ""hair oil"" OR ""massage oil"")",pending,https://www.news18.com/agency-feeds/e-tongue-e-nose-lab-to-test-ghee-quality-in-tirumala-soon-andhra-health-min-9925435.html
contains whole-word ghee or vanaspati,699,2026-02-05,timesofindia.indiatimes.com,indiatimes.com,"Surat sees 13-fold spike in fake, substandard food","((vanaspati OR ghee) AND (adulterat* OR contaminat* OR misbrand* OR substandard OR spurious OR fake OR counterfeit OR rancid OR ""reused oil"" OR ""recycled oil"" OR ""unsafe oil"" OR ""unsafe cooking oil"" OR ""unsafe edible oil"" OR ""mixed with"") AND language:en) NOT (recruitment OR vacancy OR job* OR exam OR ""admit card"" OR ""answer key"" OR syllabus OR ""eat right"" OR fortification OR fortified OR ""trans fat"" OR ""health claims"" OR ""zero maida"" OR ""organic label"" OR ""misleading claims"" OR ""consumer complaints"" OR ""stock market"" OR ""crude oil"" OR petrol OR diesel OR ""engine oil"" OR ""essential oil"" OR ""hair oil"" OR ""massage oil"")",pending,https://timesofindia.indiatimes.com/city/surat/surat-sees-13-fold-spike-in-fake-substandard-food/articleshow/127917193.cms
contains whole-word ghee or vanaspati,701,2026-02-02,thehansindia.com,thehansindia.com,Former minister Ambati arrested,"((vanaspati OR ghee) AND (adulterat* OR contaminat* OR misbrand* OR substandard OR spurious OR fake OR counterfeit OR rancid OR ""reused oil"" OR ""recycled oil"" OR ""unsafe oil"" OR ""unsafe cooking oil"" OR ""unsafe edible oil"" OR ""mixed with"") AND language:en) NOT (recruitment OR vacancy OR job* OR exam OR ""admit card"" OR ""answer key"" OR syllabus OR ""eat right"" OR fortification OR fortified OR ""trans fat"" OR ""health claims"" OR ""zero maida"" OR ""organic label"" OR ""misleading claims"" OR ""consumer complaints"" OR ""stock market"" OR ""crude oil"" OR petrol OR diesel OR ""engine oil"" OR ""essential oil"" OR ""hair oil"" OR ""massage oil"")",pending,https://www.thehansindia.com/andhra-pradesh/former-minister-ambati-arrested-1044505
contains whole-word ghee or vanaspati,702,2026-02-01,thehindu.com,thehindu.com,"Food Safety Officer orders closure of 2 supermarkets, sweet shop for lack of licence in Sivakasi","((vanaspati OR ghee) AND (adulterat* OR contaminat* OR misbrand* OR substandard OR spurious OR fake OR counterfeit OR rancid OR ""reused oil"" OR ""recycled oil"" OR ""unsafe oil"" OR ""unsafe cooking oil"" OR ""unsafe edible oil"" OR ""mixed with"") AND language:en) NOT (recruitment OR vacancy OR job* OR exam OR ""admit card"" OR ""answer key"" OR syllabus OR ""eat right"" OR fortification OR fortified OR ""trans fat"" OR ""health claims"" OR ""zero maida"" OR ""organic label"" OR ""misleading claims"" OR ""consumer complaints"" OR ""stock market"" OR ""crude oil"" OR petrol OR diesel OR ""engine oil"" OR ""essential oil"" OR ""hair oil"" OR ""massage oil"")",pending,https://www.thehindu.com/news/cities/Madurai/food-safety-officer-orders-closure-of-2-supermarkets-sweet-shop-for-lack-of-licence-in-sivakasi/article70577689.ece
contains whole-word ghee or vanaspati,703,2026-01-30,assamtribune.com,assamtribune.com,"Rajasthan govt raids adulterated ghee supply chain; 43,000 litres seized","((vanaspati OR ghee) AND (adulterat* OR contaminat* OR misbrand* OR substandard OR spurious OR fake OR counterfeit OR rancid OR ""reused oil"" OR ""recycled oil"" OR ""unsafe oil"" OR ""unsafe cooking oil"" OR ""unsafe edible oil"" OR ""mixed with"") AND language:en) NOT (recruitment OR vacancy OR job* OR exam OR ""admit card"" OR ""answer key"" OR syllabus OR ""eat right"" OR fortification OR fortified OR ""trans fat"" OR ""health claims"" OR ""zero maida"" OR ""organic label"" OR ""misleading claims"" OR ""consumer complaints"" OR ""stock market"" OR ""crude oil"" OR petrol OR diesel OR ""engine oil"" OR ""essential oil"" OR ""hair oil"" OR ""massage oil"")",pending,https://assamtribune.com/health-and-fitness/rajasthan-govt-raids-adulterated-ghee-supply-chain-43000-litres-seized-1606034
contains whole-word ghee or vanaspati,704,2026-01-30,timesofindia.indiatimes.com,indiatimes.com,"43,421 litres of spurious ghee seized from warehouse in city","((vanaspati OR ghee) AND (adulterat* OR contaminat* OR misbrand* OR substandard OR spurious OR fake OR counterfeit OR rancid OR ""reused oil"" OR ""recycled oil"" OR ""unsafe oil"" OR ""unsafe cooking oil"" OR ""unsafe edible oil"" OR ""mixed with"") AND language:en) NOT (recruitment OR vacancy OR job* OR exam OR ""admit card"" OR ""answer key"" OR syllabus OR ""eat right"" OR fortification OR fortified OR ""trans fat"" OR ""health claims"" OR ""zero maida"" OR ""organic label"" OR ""misleading claims"" OR ""consumer complaints"" OR ""stock market"" OR ""crude oil"" OR petrol OR diesel OR ""engine oil"" OR ""essential oil"" OR ""hair oil"" OR ""massage oil"")",pending,https://timesofindia.indiatimes.com/city/jaipur/43421-litres-of-spurious-ghee-seized-from-warehouse-in-city/articleshow/127784638.cms
contains whole-word ghee or vanaspati,707,2026-01-21,timesofindia.indiatimes.com,indiatimes.com,"600 kg âsubstandardâ food items seized, shop shutdown","((vanaspati OR ghee) AND (adulterat* OR contaminat* OR misbrand* OR substandard OR spurious OR fake OR counterfeit OR rancid OR ""reused oil"" OR ""recycled oil"" OR ""unsafe oil"" OR ""unsafe cooking oil"" OR ""unsafe edible oil"" OR ""mixed with"") AND language:en) NOT (recruitment OR vacancy OR job* OR exam OR ""admit card"" OR ""answer key"" OR syllabus OR ""eat right"" OR fortification OR fortified OR ""trans fat"" OR ""health claims"" OR ""zero maida"" OR ""organic label"" OR ""misleading claims"" OR ""consumer complaints"" OR ""stock market"" OR ""crude oil"" OR petrol OR diesel OR ""engine oil"" OR ""essential oil"" OR ""hair oil"" OR ""massage oil"")",pending,https://timesofindia.indiatimes.com/city/indore/600-kg-substandard-food-items-seized-shop-shutdown/articleshow/126851780.cms
contains whole-word ghee or vanaspati,709,2026-01-16,freepressjournal.in,freepressjournal.in,"Indore News: 300 Kg Paneer, 1000 Litres Of Palm Oil Seized On Suspicion Of Adulteration","((vanaspati OR ghee) AND (adulterat* OR contaminat* OR misbrand* OR substandard OR spurious OR fake OR counterfeit OR rancid OR ""reused oil"" OR ""recycled oil"" OR ""unsafe oil"" OR ""unsafe cooking oil"" OR ""unsafe edible oil"" OR ""mixed with"") AND language:en) NOT (recruitment OR vacancy OR job* OR exam OR ""admit card"" OR ""answer key"" OR syllabus OR ""eat right"" OR fortification OR fortified OR ""trans fat"" OR ""health claims"" OR ""zero maida"" OR ""organic label"" OR ""misleading claims"" OR ""consumer complaints"" OR ""stock market"" OR ""crude oil"" OR petrol OR diesel OR ""engine oil"" OR ""essential oil"" OR ""hair oil"" OR ""massage oil"")",pending,https://www.freepressjournal.in/indore/indore-news-300-kg-paneer-1000-litres-of-palm-oil-seized-on-suspicion-of-adulteration
contains whole-word ghee or vanaspati,710,2025-12-27,thehindubusinessline.com,thehindubusinessline.com,What recent FSSAI actions really mean for India’s dairy sector,"((vanaspati OR ghee) AND (adulterat* OR contaminat* OR misbrand* OR substandard OR spurious OR fake OR counterfeit OR rancid OR ""reused oil"" OR ""recycled oil"" OR ""unsafe oil"" OR ""unsafe cooking oil"" OR ""unsafe edible oil"" OR ""mixed with"") AND language:en) NOT (recruitment OR vacancy OR job* OR exam OR ""admit card"" OR ""answer key"" OR syllabus OR ""eat right"" OR fortification OR fortified OR ""trans fat"" OR ""health claims"" OR ""zero maida"" OR ""organic label"" OR ""misleading claims"" OR ""consumer complaints"" OR ""stock market"" OR ""crude oil"" OR petrol OR diesel OR ""engine oil"" OR ""essential oil"" OR ""hair oil"" OR ""massage oil"")",pending,https://www.thehindubusinessline.com/economy/agri-business/what-recent-fssai-actions-really-mean-for-indias-dairy-sector/article70440820.ece
contains whole-word ghee or vanaspati,711,2025-12-23,timesofindia.indiatimes.com,indiatimes.com,Spurious ghee racket kingpin held from Haryana,"((vanaspati OR ghee) AND (adulterat* OR contaminat* OR misbrand* OR substandard OR spurious OR fake OR counterfeit OR rancid OR ""reused oil"" OR ""recycled oil"" OR ""unsafe oil"" OR ""unsafe cooking oil"" OR ""unsafe edible oil"" OR ""mixed with"") AND language:en) NOT (recruitment OR vacancy OR job* OR exam OR ""admit card"" OR ""answer key"" OR syllabus OR ""eat right"" OR fortification OR fortified OR ""trans fat"" OR ""health claims"" OR ""zero maida"" OR ""organic label"" OR ""misleading claims"" OR ""consumer complaints"" OR ""stock market"" OR ""crude oil"" OR petrol OR diesel OR ""engine oil"" OR ""essential oil"" OR ""hair oil"" OR ""massage oil"")",pending,https://timesofindia.indiatimes.com/city/jaipur/spurious-ghee-racket-kingpin-held-from-haryana/articleshow/126128170.cms
contains whole-word ghee or vanaspati,713,2025-12-14,hindustantimes.com,hindustantimes.com,Don’t say cheese! Nearly 50% paneer in Punjab markets spurious,"((vanaspati OR ghee) AND (adulterat* OR contaminat* OR misbrand* OR substandard OR spurious OR fake OR counterfeit OR rancid OR ""reused oil"" OR ""recycled oil"" OR ""unsafe oil"" OR ""unsafe cooking oil"" OR ""unsafe edible oil"" OR ""mixed with"") AND language:en) NOT (recruitment OR vacancy OR job* OR exam OR ""admit card"" OR ""answer key"" OR syllabus OR ""eat right"" OR fortification OR fortified OR ""trans fat"" OR ""health claims"" OR ""zero maida"" OR ""organic label"" OR ""misleading claims"" OR ""consumer complaints"" OR ""stock market"" OR ""crude oil"" OR petrol OR diesel OR ""engine oil"" OR ""essential oil"" OR ""hair oil"" OR ""massage oil"")",pending,https://www.hindustantimes.com/cities/chandigarh-news/dont-say-cheese-nearly-50-paneer-in-punjab-markets-spurious-101765654017539.html
contains whole-word ghee or vanaspati,714,2025-12-14,freepressjournal.in,freepressjournal.in,Indore News: 3 Dairy Licences Suspended In Ghee Adulteration Crackdown,"((vanaspati OR ghee) AND (adulterat* OR contaminat* OR misbrand* OR substandard OR spurious OR fake OR counterfeit OR rancid OR ""reused oil"" OR ""recycled oil"" OR ""unsafe oil"" OR ""unsafe cooking oil"" OR ""unsafe edible oil"" OR ""mixed with"") AND language:en) NOT (recruitment OR vacancy OR job* OR exam OR ""admit card"" OR ""answer key"" OR syllabus OR ""eat right"" OR fortification OR fortified OR ""trans fat"" OR ""health claims"" OR ""zero maida"" OR ""organic label"" OR ""misleading claims"" OR ""consumer complaints"" OR ""stock market"" OR ""crude oil"" OR petrol OR diesel OR ""engine oil"" OR ""essential oil"" OR ""hair oil"" OR ""massage oil"")",pending,https://www.freepressjournal.in/indore/indore-news-3-dairy-licences-suspended-in-ghee-adulteration-crackdown
contains whole-word ghee or vanaspati,715,2025-12-11,thehansindia.com,thehansindia.com,"Now, TTD faces row over fake silk dupattas","((vanaspati OR ghee) AND (adulterat* OR contaminat* OR misbrand* OR substandard OR spurious OR fake OR counterfeit OR rancid OR ""reused oil"" OR ""recycled oil"" OR ""unsafe oil"" OR ""unsafe cooking oil"" OR ""unsafe edible oil"" OR ""mixed with"") AND language:en) NOT (recruitment OR vacancy OR job* OR exam OR ""admit card"" OR ""answer key"" OR syllabus OR ""eat right"" OR fortification OR fortified OR ""trans fat"" OR ""health claims"" OR ""zero maida"" OR ""organic label"" OR ""misleading claims"" OR ""consumer complaints"" OR ""stock market"" OR ""crude oil"" OR petrol OR diesel OR ""engine oil"" OR ""essential oil"" OR ""hair oil"" OR ""massage oil"")",pending,https://www.thehansindia.com/andhra-pradesh/now-ttd-faces-row-over-fake-silk-dupattas-1030187
contains whole-word ghee or vanaspati,716,2025-12-11,thehansindia.com,thehansindia.com,TTD faces row over fake silk dupattas,"((vanaspati OR ghee) AND (adulterat* OR contaminat* OR misbrand* OR substandard OR spurious OR fake OR counterfeit OR rancid OR ""reused oil"" OR ""recycled oil"" OR ""unsafe oil"" OR ""unsafe cooking oil"" OR ""unsafe edible oil"" OR ""mixed with"") AND language:en) NOT (recruitment OR vacancy OR job* OR exam OR ""admit card"" OR ""answer key"" OR syllabus OR ""eat right"" OR fortification OR fortified OR ""trans fat"" OR ""health claims"" OR ""zero maida"" OR ""organic label"" OR ""misleading claims"" OR ""consumer complaints"" OR ""stock market"" OR ""crude oil"" OR petrol OR diesel OR ""engine oil"" OR ""essential oil"" OR ""hair oil"" OR ""massage oil"")",pending,https://www.thehansindia.com/news/cities/tirupathi/ttd-faces-row-over-fake-silk-dupattas-1030272
contains whole-word ghee or vanaspati,717,2025-12-11,swarajyamag.com,swarajyamag.com,Tirumala Temple Rocked by Fake 'Silk Dupatta' Scam; TTD Seeks ACB Probe,"((vanaspati OR ghee) AND (adulterat* OR contaminat* OR misbrand* OR substandard OR spurious OR fake OR counterfeit OR rancid OR ""reused oil"" OR ""recycled oil"" OR ""unsafe oil"" OR ""unsafe cooking oil"" OR ""unsafe edible oil"" OR ""mixed with"") AND language:en) NOT (recruitment OR vacancy OR job* OR exam OR ""admit card"" OR ""answer key"" OR syllabus OR ""eat right"" OR fortification OR fortified OR ""trans fat"" OR ""health claims"" OR ""zero maida"" OR ""organic label"" OR ""misleading claims"" OR ""consumer complaints"" OR ""stock market"" OR ""crude oil"" OR petrol OR diesel OR ""engine oil"" OR ""essential oil"" OR ""hair oil"" OR ""massage oil"")",pending,https://swarajyamag.com/news-brief/tirumala-temple-rocked-by-fake-silk-dupatta-scam-ttd-seeks-acb-probe
contains whole-word ghee or vanaspati,718,2025-12-10,newsx.com,newsx.com,Tirumala Shocker: Rs 54 Crore Silk Dupatta Scam Uncovered After Fake Ghee Row and Donation Box Theft,"((vanaspati OR ghee) AND (adulterat* OR contaminat* OR misbrand* OR substandard OR spurious OR fake OR counterfeit OR rancid OR ""reused oil"" OR ""recycled oil"" OR ""unsafe oil"" OR ""unsafe cooking oil"" OR ""unsafe edible oil"" OR ""mixed with"") AND language:en) NOT (recruitment OR vacancy OR job* OR exam OR ""admit card"" OR ""answer key"" OR syllabus OR ""eat right"" OR fortification OR fortified OR ""trans fat"" OR ""health claims"" OR ""zero maida"" OR ""organic label"" OR ""misleading claims"" OR ""consumer complaints"" OR ""stock market"" OR ""crude oil"" OR petrol OR diesel OR ""engine oil"" OR ""essential oil"" OR ""hair oil"" OR ""massage oil"")",pending,https://www.newsx.com/regionals/tirumala-shocker-rs-54-crore-silk-dupatta-scam-uncovered-after-fake-ghee-row-and-donation-box-theft-125182/
contains whole-word ghee or vanaspati,719,2025-12-05,newindianexpress.com,newindianexpress.com,"1,500 kg spurious ghee seized during raid in Delhi's Alipur","((vanaspati OR ghee) AND (adulterat* OR contaminat* OR misbrand* OR substandard OR spurious OR fake OR counterfeit OR rancid OR ""reused oil"" OR ""recycled oil"" OR ""unsafe oil"" OR ""unsafe cooking oil"" OR ""unsafe edible oil"" OR ""mixed with"") AND language:en) NOT (recruitment OR vacancy OR job* OR exam OR ""admit card"" OR ""answer key"" OR syllabus OR ""eat right"" OR fortification OR fortified OR ""trans fat"" OR ""health claims"" OR ""zero maida"" OR ""organic label"" OR ""misleading claims"" OR ""consumer complaints"" OR ""stock market"" OR ""crude oil"" OR petrol OR diesel OR ""engine oil"" OR ""essential oil"" OR ""hair oil"" OR ""massage oil"")",pending,https://www.newindianexpress.com/cities/delhi/2025/Dec/05/1500-kg-spurious-ghee-seized-during-raid-in-delhis-alipur
contains whole-word ghee or vanaspati,720,2025-12-05,indianexpress.com,indianexpress.com,1500 kg of spurious ghee seized in factory raid in Delhi,"((vanaspati OR ghee) AND (adulterat* OR contaminat* OR misbrand* OR substandard OR spurious OR fake OR counterfeit OR rancid OR ""reused oil"" OR ""recycled oil"" OR ""unsafe oil"" OR ""unsafe cooking oil"" OR ""unsafe edible oil"" OR ""mixed with"") AND language:en) NOT (recruitment OR vacancy OR job* OR exam OR ""admit card"" OR ""answer key"" OR syllabus OR ""eat right"" OR fortification OR fortified OR ""trans fat"" OR ""health claims"" OR ""zero maida"" OR ""organic label"" OR ""misleading claims"" OR ""consumer complaints"" OR ""stock market"" OR ""crude oil"" OR petrol OR diesel OR ""engine oil"" OR ""essential oil"" OR ""hair oil"" OR ""massage oil"")",pending,https://indianexpress.com/article/cities/delhi/1500-kg-of-spurious-ghee-seized-in-factory-raid-in-delhi-10403104/
contains whole-word ghee or vanaspati,721,2025-12-04,thehansindia.com,thehansindia.com,Fake Desi Ghee Factory Busted in Delhi’s,"((vanaspati OR ghee) AND (adulterat* OR contaminat* OR misbrand* OR substandard OR spurious OR fake OR counterfeit OR rancid OR ""reused oil"" OR ""recycled oil"" OR ""unsafe oil"" OR ""unsafe cooking oil"" OR ""unsafe edible oil"" OR ""mixed with"") AND language:en) NOT (recruitment OR vacancy OR job* OR exam OR ""admit card"" OR ""answer key"" OR syllabus OR ""eat right"" OR fortification OR fortified OR ""trans fat"" OR ""health claims"" OR ""zero maida"" OR ""organic label"" OR ""misleading claims"" OR ""consumer complaints"" OR ""stock market"" OR ""crude oil"" OR petrol OR diesel OR ""engine oil"" OR ""essential oil"" OR ""hair oil"" OR ""massage oil"")",pending,https://www.thehansindia.com/news/crime/fake-desi-ghee-factory-busted-in-delhis-1028535
contains whole-word ghee or vanaspati,722,2025-12-04,timesofindia.indiatimes.com,indiatimes.com,"Spurious ghee-making unit busted, 1 arrested","((vanaspati OR ghee) AND (adulterat* OR contaminat* OR misbrand* OR substandard OR spurious OR fake OR counterfeit OR rancid OR ""reused oil"" OR ""recycled oil"" OR ""unsafe oil"" OR ""unsafe cooking oil"" OR ""unsafe edible oil"" OR ""mixed with"") AND language:en) NOT (recruitment OR vacancy OR job* OR exam OR ""admit card"" OR ""answer key"" OR syllabus OR ""eat right"" OR fortification OR fortified OR ""trans fat"" OR ""health claims"" OR ""zero maida"" OR ""organic label"" OR ""misleading claims"" OR ""consumer complaints"" OR ""stock market"" OR ""crude oil"" OR petrol OR diesel OR ""engine oil"" OR ""essential oil"" OR ""hair oil"" OR ""massage oil"")",pending,https://timesofindia.indiatimes.com/city/delhi/spurious-ghee-making-unit-busted-1-arrested/articleshow/125772230.cms
contains whole-word ghee or vanaspati,723,2025-12-04,indianexpress.com,indianexpress.com,"1,500 kg spurious ‘desi ghee’ seized during raid in Delhi’s Alipur","((vanaspati OR ghee) AND (adulterat* OR contaminat* OR misbrand* OR substandard OR spurious OR fake OR counterfeit OR rancid OR ""reused oil"" OR ""recycled oil"" OR ""unsafe oil"" OR ""unsafe cooking oil"" OR ""unsafe edible oil"" OR ""mixed with"") AND language:en) NOT (recruitment OR vacancy OR job* OR exam OR ""admit card"" OR ""answer key"" OR syllabus OR ""eat right"" OR fortification OR fortified OR ""trans fat"" OR ""health claims"" OR ""zero maida"" OR ""organic label"" OR ""misleading claims"" OR ""consumer complaints"" OR ""stock market"" OR ""crude oil"" OR petrol OR diesel OR ""engine oil"" OR ""essential oil"" OR ""hair oil"" OR ""massage oil"")",pending,https://indianexpress.com/article/cities/delhi/1500-kg-spurious-desi-ghee-seized-during-raid-in-delhis-alipur-10402192/
contains whole-word ghee or vanaspati,724,2025-12-04,en.etemaaddaily.com,etemaaddaily.com,"Delhi Police seizes 1,500 kg of fake desi ghee from Alipur Mfg unit","((vanaspati OR ghee) AND (adulterat* OR contaminat* OR misbrand* OR substandard OR spurious OR fake OR counterfeit OR rancid OR ""reused oil"" OR ""recycled oil"" OR ""unsafe oil"" OR ""unsafe cooking oil"" OR ""unsafe edible oil"" OR ""mixed with"") AND language:en) NOT (recruitment OR vacancy OR job* OR exam OR ""admit card"" OR ""answer key"" OR syllabus OR ""eat right"" OR fortification OR fortified OR ""trans fat"" OR ""health claims"" OR ""zero maida"" OR ""organic label"" OR ""misleading claims"" OR ""consumer complaints"" OR ""stock market"" OR ""crude oil"" OR petrol OR diesel OR ""engine oil"" OR ""essential oil"" OR ""hair oil"" OR ""massage oil"")",pending,https://www.en.etemaaddaily.com/world/national/delhi-police-seizes-1500-kg-of-fake-desi-ghee-from-alipur-mfg-unit:185770
contains whole-word ghee or vanaspati,726,2025-12-01,newindianexpress.com,newindianexpress.com,Patanjali ghee fails quality tests; Company fined Rs 1.40 lakh in Uttarakhand,"((vanaspati OR ghee) AND (adulterat* OR contaminat* OR misbrand* OR substandard OR spurious OR fake OR counterfeit OR rancid OR ""reused oil"" OR ""recycled oil"" OR ""unsafe oil"" OR ""unsafe cooking oil"" OR ""unsafe edible oil"" OR ""mixed with"") AND language:en) NOT (recruitment OR vacancy OR job* OR exam OR ""admit card"" OR ""answer key"" OR syllabus OR ""eat right"" OR fortification OR fortified OR ""trans fat"" OR ""health claims"" OR ""zero maida"" OR ""organic label"" OR ""misleading claims"" OR ""consumer complaints"" OR ""stock market"" OR ""crude oil"" OR petrol OR diesel OR ""engine oil"" OR ""essential oil"" OR ""hair oil"" OR ""massage oil"")",pending,https://www.newindianexpress.com/nation/2025/Dec/01/patanjali-ghee-fails-quality-tests-company-fined-rs-140-lakh-in-uttarakhand
contains whole-word ghee or vanaspati,727,2025-11-29,timesofindia.indiatimes.com,indiatimes.com,Pithoragarh court fines Patanjali Ayurved for substandard cow ghee,"((vanaspati OR ghee) AND (adulterat* OR contaminat* OR misbrand* OR substandard OR spurious OR fake OR counterfeit OR rancid OR ""reused oil"" OR ""recycled oil"" OR ""unsafe oil"" OR ""unsafe cooking oil"" OR ""unsafe edible oil"" OR ""mixed with"") AND language:en) NOT (recruitment OR vacancy OR job* OR exam OR ""admit card"" OR ""answer key"" OR syllabus OR ""eat right"" OR fortification OR fortified OR ""trans fat"" OR ""health claims"" OR ""zero maida"" OR ""organic label"" OR ""misleading claims"" OR ""consumer complaints"" OR ""stock market"" OR ""crude oil"" OR petrol OR diesel OR ""engine oil"" OR ""essential oil"" OR ""hair oil"" OR ""massage oil"")",pending,https://timesofindia.indiatimes.com/city/dehradun/pithoragarh-court-fines-patanjali-ayurved-for-substandard-cow-ghee/articleshow/125661946.cms
contains whole-word ghee or vanaspati,729,2025-11-28,newindianexpress.com,newindianexpress.com,TTD officer arrested in ghee case,"((vanaspati OR ghee) AND (adulterat* OR contaminat* OR misbrand* OR substandard OR spurious OR fake OR counterfeit OR rancid OR ""reused oil"" OR ""recycled oil"" OR ""unsafe oil"" OR ""unsafe cooking oil"" OR ""unsafe edible oil"" OR ""mixed with"") AND language:en) NOT (recruitment OR vacancy OR job* OR exam OR ""admit card"" OR ""answer key"" OR syllabus OR ""eat right"" OR fortification OR fortified OR ""trans fat"" OR ""health claims"" OR ""zero maida"" OR ""organic label"" OR ""misleading claims"" OR ""consumer complaints"" OR ""stock market"" OR ""crude oil"" OR petrol OR diesel OR ""engine oil"" OR ""essential oil"" OR ""hair oil"" OR ""massage oil"")",pending,https://www.newindianexpress.com/states/andhra-pradesh/2025/Nov/28/ttd-officer-arrested-in-ghee-case
contains whole-word ghee or vanaspati,730,2025-11-28,news18.com,news18.com,"Friend Secretly Takes Out Rs 50 Lakh Insurance Policy On UP Man, Caught Trying To Create Dummy At Fake Funeral","((vanaspati OR ghee) AND (adulterat* OR contaminat* OR misbrand* OR substandard OR spurious OR fake OR counterfeit OR rancid OR ""reused oil"" OR ""recycled oil"" OR ""unsafe oil"" OR ""unsafe cooking oil"" OR ""unsafe edible oil"" OR ""mixed with"") AND language:en) NOT (recruitment OR vacancy OR job* OR exam OR ""admit card"" OR ""answer key"" OR syllabus OR ""eat right"" OR fortification OR fortified OR ""trans fat"" OR ""health claims"" OR ""zero maida"" OR ""organic label"" OR ""misleading claims"" OR ""consumer complaints"" OR ""stock market"" OR ""crude oil"" OR petrol OR diesel OR ""engine oil"" OR ""essential oil"" OR ""hair oil"" OR ""massage oil"")",pending,https://www.news18.com/india/friend-secretly-takes-out-rs-50-lakh-insurance-policy-on-up-man-caught-trying-to-create-dummy-at-fake-funeral-ws-kl-9737022.html
contains whole-word ghee or vanaspati,732,2025-11-27,thehansindia.com,thehansindia.com,CCB police nab kingpin couple manufacturing fake Nandini ghee,"((vanaspati OR ghee) AND (adulterat* OR contaminat* OR misbrand* OR substandard OR spurious OR fake OR counterfeit OR rancid OR ""reused oil"" OR ""recycled oil"" OR ""unsafe oil"" OR ""unsafe cooking oil"" OR ""unsafe edible oil"" OR ""mixed with"") AND language:en) NOT (recruitment OR vacancy OR job* OR exam OR ""admit card"" OR ""answer key"" OR syllabus OR ""eat right"" OR fortification OR fortified OR ""trans fat"" OR ""health claims"" OR ""zero maida"" OR ""organic label"" OR ""misleading claims"" OR ""consumer complaints"" OR ""stock market"" OR ""crude oil"" OR petrol OR diesel OR ""engine oil"" OR ""essential oil"" OR ""hair oil"" OR ""massage oil"")",pending,https://www.thehansindia.com/karnataka/ccb-police-nab-kingpin-couple-manufacturing-fake-nandini-ghee-1026667
contains whole-word ghee or vanaspati,733,2025-11-27,news18.com,news18.com,"Fake IAS Officer With Pakistani Contacts Held In Maharashtra, Cops Probe Link To Delhi Blast","((vanaspati OR ghee) AND (adulterat* OR contaminat* OR misbrand* OR substandard OR spurious OR fake OR counterfeit OR rancid OR ""reused oil"" OR ""recycled oil"" OR ""unsafe oil"" OR ""unsafe cooking oil"" OR ""unsafe edible oil"" OR ""mixed with"") AND language:en) NOT (recruitment OR vacancy OR job* OR exam OR ""admit card"" OR ""answer key"" OR syllabus OR ""eat right"" OR fortification OR fortified OR ""trans fat"" OR ""health claims"" OR ""zero maida"" OR ""organic label"" OR ""misleading claims"" OR ""consumer complaints"" OR ""stock market"" OR ""crude oil"" OR petrol OR diesel OR ""engine oil"" OR ""essential oil"" OR ""hair oil"" OR ""massage oil"")",pending,https://www.news18.com/india/fake-woman-ias-officer-arrested-maharashtra-sambhaji-nagar-cheques-worth-crores-peshawar-afghanistan-contact-numbers-recovered-9734422.html
contains whole-word ghee or vanaspati,737,2025-11-27,thehindu.com,thehindu.com,Tirupati laddu ghee-adulteration case: Former chairman Subba Reddy says he is ready for lie-detector test,"((vanaspati OR ghee) AND (adulterat* OR contaminat* OR misbrand* OR substandard OR spurious OR fake OR counterfeit OR rancid OR ""reused oil"" OR ""recycled oil"" OR ""unsafe oil"" OR ""unsafe cooking oil"" OR ""unsafe edible oil"" OR ""mixed with"") AND language:en) NOT (recruitment OR vacancy OR job* OR exam OR ""admit card"" OR ""answer key"" OR syllabus OR ""eat right"" OR fortification OR fortified OR ""trans fat"" OR ""health claims"" OR ""zero maida"" OR ""organic label"" OR ""misleading claims"" OR ""consumer complaints"" OR ""stock market"" OR ""crude oil"" OR petrol OR diesel OR ""engine oil"" OR ""essential oil"" OR ""hair oil"" OR ""massage oil"")",pending,https://www.thehindu.com/news/national/andhra-pradesh/tirupati-laddu-ghee-adulteration-case-former-chairman-subba-reddy-says-he-is-ready-for-lie-detector-test/article70329649.ece
contains whole-word ghee or vanaspati,738,2025-11-27,freepressjournal.in,freepressjournal.in,Indore Fake Ghee Case: Accused Tries To Fool Police About Location; Tracked & Arrested From Own House,"((vanaspati OR ghee) AND (adulterat* OR contaminat* OR misbrand* OR substandard OR spurious OR fake OR counterfeit OR rancid OR ""reused oil"" OR ""recycled oil"" OR ""unsafe oil"" OR ""unsafe cooking oil"" OR ""unsafe edible oil"" OR ""mixed with"") AND language:en) NOT (recruitment OR vacancy OR job* OR exam OR ""admit card"" OR ""answer key"" OR syllabus OR ""eat right"" OR fortification OR fortified OR ""trans fat"" OR ""health claims"" OR ""zero maida"" OR ""organic label"" OR ""misleading claims"" OR ""consumer complaints"" OR ""stock market"" OR ""crude oil"" OR petrol OR diesel OR ""engine oil"" OR ""essential oil"" OR ""hair oil"" OR ""massage oil"")",pending,https://www.freepressjournal.in/indore/indore-fake-ghee-case-accused-tries-to-fool-police-about-location-tracked-arrested-from-own-house
contains whole-word ghee or vanaspati,739,2025-11-27,hindustantimes.com,hindustantimes.com,Cops: Mysuru couple held for running fake Nandhini ghee racket,"((vanaspati OR ghee) AND (adulterat* OR contaminat* OR misbrand* OR substandard OR spurious OR fake OR counterfeit OR rancid OR ""reused oil"" OR ""recycled oil"" OR ""unsafe oil"" OR ""unsafe cooking oil"" OR ""unsafe edible oil"" OR ""mixed with"") AND language:en) NOT (recruitment OR vacancy OR job* OR exam OR ""admit card"" OR ""answer key"" OR syllabus OR ""eat right"" OR fortification OR fortified OR ""trans fat"" OR ""health claims"" OR ""zero maida"" OR ""organic label"" OR ""misleading claims"" OR ""consumer complaints"" OR ""stock market"" OR ""crude oil"" OR petrol OR diesel OR ""engine oil"" OR ""essential oil"" OR ""hair oil"" OR ""massage oil"")",pending,https://www.hindustantimes.com/india-news/cops-mysuru-couple-held-for-running-fake-nandhini-ghee-racket-101764185192124.html
contains whole-word ghee or vanaspati,741,2025-11-26,thehindu.com,thehindu.com,"CCB arrests couple from Mysuru, kingpins of fake Nandini ghee racket","((vanaspati OR ghee) AND (adulterat* OR contaminat* OR misbrand* OR substandard OR spurious OR fake OR counterfeit OR rancid OR ""reused oil"" OR ""recycled oil"" OR ""unsafe oil"" OR ""unsafe cooking oil"" OR ""unsafe edible oil"" OR ""mixed with"") AND language:en) NOT (recruitment OR vacancy OR job* OR exam OR ""admit card"" OR ""answer key"" OR syllabus OR ""eat right"" OR fortification OR fortified OR ""trans fat"" OR ""health claims"" OR ""zero maida"" OR ""organic label"" OR ""misleading claims"" OR ""consumer complaints"" OR ""stock market"" OR ""crude oil"" OR petrol OR diesel OR ""engine oil"" OR ""essential oil"" OR ""hair oil"" OR ""massage oil"")",pending,https://www.thehindu.com/news/national/karnataka/ccb-arrests-couple-from-mysuru-kingpins-of-fake-nandini-ghee-racket/article70326249.ece
contains whole-word ghee or vanaspati,745,2025-11-26,timesofindia.indiatimes.com,indiatimes.com,775 kg paneer seizure: Surbhi Dairy owner arrested,"((vanaspati OR ghee) AND (adulterat* OR contaminat* OR misbrand* OR substandard OR spurious OR fake OR counterfeit OR rancid OR ""reused oil"" OR ""recycled oil"" OR ""unsafe oil"" OR ""unsafe cooking oil"" OR ""unsafe edible oil"" OR ""mixed with"") AND language:en) NOT (recruitment OR vacancy OR job* OR exam OR ""admit card"" OR ""answer key"" OR syllabus OR ""eat right"" OR fortification OR fortified OR ""trans fat"" OR ""health claims"" OR ""zero maida"" OR ""organic label"" OR ""misleading claims"" OR ""consumer complaints"" OR ""stock market"" OR ""crude oil"" OR petrol OR diesel OR ""engine oil"" OR ""essential oil"" OR ""hair oil"" OR ""massage oil"")",pending,https://timesofindia.indiatimes.com/city/surat/775-kg-paneer-seizure-surbhi-dairy-owner-arrested/articleshow/125572422.cms
