url,title,source,date,query_family,query_used,domain
https://economictimes.indiatimes.com/news/india/maharashtra-fda-bans-serving-food-in-newspapers-issues-statewide-food-safety-order/articleshow/131985800.cms,"Maharashtra FDA bans serving food in newspapers, issues statewide food safety order",indiatimes.com,2026-06-25,proximity,"(""unhygienic oil""~8 AND language:en) AND NOT (ghee OR vanaspati OR Indonesia OR ""Joko Widodo"" OR rupiah OR ""oil exports"" OR ""export ban"" OR futures OR derivatives OR SEBI OR ""stock market"" OR ""solvent extractors association"" OR ""million tonnes"" OR ""sports drinks"" OR biodiesel OR ""bio-diesel"" OR soda OR diesel OR heroin OR ""hidden in cooking oil cargo"")",economictimes.indiatimes.com
https://www.hindustantimes.com/lifestyle/recipe/quick-and-easy-coconut-curry-chicken-soup-a-wholesome-recipe-you-should-try-at-home-this-monsoon-under-30-minutes-101782278626797.html,Quick And Easy Coconut Curry Chicken Soup: A Wholesome Recipe You Should Try At Home This Monsoon Under 30 Minutes,hindustantimes.com,2026-06-24,boolean,"((""mustard oil"" OR ""palm oil"" OR ""soybean oil"" OR ""sunflower oil"" OR ""groundnut oil"" OR ""coconut oil"" OR ""rice bran oil"" OR ""cottonseed oil"" OR ""sesame oil"" OR ""olive oil"" OR ""rapeseed-mustard oil"") AND (adulterat* OR contaminat* OR misbrand* OR substandard OR spurious OR fake OR counterfeit OR rancid OR ""reused oil"" OR ""recycled oil"" OR ""unsafe oil"" OR ""unsafe cooking oil"" OR ""unsafe edible oil"" OR ""mixed with"") AND language:en) AND NOT (ghee OR vanaspati OR Indonesia OR ""Joko Widodo"" OR rupiah OR ""rupiah per litre"" OR ""oil exports"" OR ""export ban"" OR futures OR derivative OR derivatives OR SEBI OR ""stock market"" OR ""domestic market"" OR ""solvent extractors association"" OR ""million tonnes"" OR ""million tonne"" OR ""sports drinks"" OR ""reused cooking oil"" OR biodiesel OR ""bio-diesel"" OR soda OR diesel OR heroin OR ""hidden in cooking oil cargo"")",hindustantimes.com
https://www.thehindu.com/news/national/kerala/operation-toofan-over-400-arrested-in-kozhikode-this-month/article71142006.ece,‘Operation Toofan’: over 400 arrested in Kozhikode this month,thehindu.com,2026-06-24,proximity,"(""oil seized""~8 AND language:en) AND NOT (ghee OR vanaspati OR Indonesia OR ""Joko Widodo"" OR rupiah OR ""rupiah per litre"" OR ""oil exports"" OR ""export ban"" OR futures OR derivative OR derivatives OR SEBI OR ""stock market"" OR ""domestic market"" OR ""solvent extractors association"" OR ""million tonnes"" OR ""million tonne"" OR ""sports drinks"" OR ""reused cooking oil"" OR biodiesel OR ""bio-diesel"" OR soda OR diesel OR heroin OR ""hidden in cooking oil cargo"")",thehindu.com
https://www.sentinelassam.com/breakingnews/diners-raise-concerns-over-overpricing-and-hygiene-at-highway-eateries,Diners Raise Concerns Over Overpricing and Hygiene at Highway Eateries,sentinelassam.com,2026-06-20,boolean,"((FSDA OR ""food safety department"") AND (""edible oil"" OR ""cooking oil"" OR ""mustard oil"" OR ""vegetable oil"" OR ""palm oil"" OR ""coconut oil"" OR ""groundnut oil"" OR ""soybean oil"" OR ""sunflower oil"" OR ""edible oils"" OR ""cooking oils"" OR oils) AND (FSSAI OR FDA OR FSDA OR ""food safety"" OR ""food safety officer"" OR raid* OR seiz* OR ""sample collected"" OR ""samples collected"" OR ""lab test"" OR ""quality test"" OR ""sample failed"" OR ""samples failed"" OR ""license suspended"" OR ""licence suspended"" OR crackdown) AND language:en) AND NOT (ghee OR vanaspati OR Indonesia OR ""Joko Widodo"" OR rupiah OR ""oil exports"" OR ""export ban"" OR futures OR derivatives OR SEBI OR ""stock market"" OR ""solvent extractors association"" OR ""million tonnes"" OR ""sports drinks"" OR biodiesel OR ""bio-diesel"" OR soda OR diesel OR heroin OR ""hidden in cooking oil cargo"")",sentinelassam.com
https://indianexpress.com/article/upsc-current-affairs/upsc-essentials/upsc-subject-wise-quiz-week-166-10735298/,UPSC Essentials | Daily subject-wise quiz,indianexpress.com,2026-06-11,boolean,"(""unhygienic"" AND (""edible oil"" OR ""cooking oil"" OR ""mustard oil"" OR ""vegetable oil"" OR ""palm oil"" OR ""coconut oil"" OR ""groundnut oil"" OR ""soybean oil"" OR ""sunflower oil"" OR ""edible oils"" OR ""cooking oils"" OR oils) AND (FSSAI OR FDA OR FSDA) AND India AND language:en) AND NOT (ghee OR vanaspati OR Indonesia OR ""Joko Widodo"" OR rupiah OR ""oil exports"" OR ""export ban"" OR futures OR derivatives OR SEBI OR ""stock market"" OR ""solvent extractors association"" OR ""million tonnes"" OR ""sports drinks"" OR biodiesel OR ""bio-diesel"" OR soda OR diesel OR heroin OR ""hidden in cooking oil cargo"")",indianexpress.com
https://indianexpress.com/article/lifestyle/health/why-fssai-has-warned-against-wrapping-food-in-newspapers-10731091/,Why FSSAI has warned against wrapping food in newspapers,indianexpress.com,2026-06-09,boolean,"(""unhygienic"" AND (""edible oil"" OR ""cooking oil"" OR ""mustard oil"" OR ""vegetable oil"" OR ""palm oil"" OR ""coconut oil"" OR ""groundnut oil"" OR ""soybean oil"" OR ""sunflower oil"" OR ""edible oils"" OR ""cooking oils"" OR oils) AND (FSSAI OR FDA OR FSDA) AND India AND language:en) AND NOT (ghee OR vanaspati OR Indonesia OR ""Joko Widodo"" OR rupiah OR ""oil exports"" OR ""export ban"" OR futures OR derivatives OR SEBI OR ""stock market"" OR ""solvent extractors association"" OR ""million tonnes"" OR ""sports drinks"" OR biodiesel OR ""bio-diesel"" OR soda OR diesel OR heroin OR ""hidden in cooking oil cargo"")",indianexpress.com
https://www.thehindu.com/news/cities/Hyderabad/food-safety-raids-at-hyderabad-bakery-brewery-uncover-expired-food-pest-infestation-hygiene-violations/article71003523.ece,"Food safety raids at Hyderabad bakery, brewery uncover expired food, pest infestation, hygiene violations",thehindu.com,2026-05-21,boolean,"((FSDA OR ""food safety department"") AND (""edible oil"" OR ""cooking oil"" OR ""mustard oil"" OR ""vegetable oil"" OR ""palm oil"" OR ""coconut oil"" OR ""groundnut oil"" OR ""soybean oil"" OR ""sunflower oil"" OR ""edible oils"" OR ""cooking oils"" OR oils) AND (FSSAI OR FDA OR FSDA OR ""food safety"" OR ""food safety officer"" OR raid* OR seiz* OR ""sample collected"" OR ""samples collected"" OR ""lab test"" OR ""quality test"" OR ""sample failed"" OR ""samples failed"" OR ""license suspended"" OR ""licence suspended"" OR crackdown) AND language:en) AND NOT (ghee OR vanaspati OR Indonesia OR ""Joko Widodo"" OR rupiah OR ""oil exports"" OR ""export ban"" OR futures OR derivatives OR SEBI OR ""stock market"" OR ""solvent extractors association"" OR ""million tonnes"" OR ""sports drinks"" OR biodiesel OR ""bio-diesel"" OR soda OR diesel OR heroin OR ""hidden in cooking oil cargo"")",thehindu.com
https://www.thehindu.com/news/cities/Hyderabad/pest-infested-flour-decayed-vegetables-meat-waste-found-at-hyderabads-lulu-hypermarket-during-food-safety-inspection/article70996619.ece,"Pest-infested flour, decayed vegetables, meat waste found at Hyderabad’s Lulu Hypermarket during food safety inspection",thehindu.com,2026-05-19,boolean,"((FSDA OR ""food safety department"") AND (""edible oil"" OR ""cooking oil"" OR ""mustard oil"" OR ""vegetable oil"" OR ""palm oil"" OR ""coconut oil"" OR ""groundnut oil"" OR ""soybean oil"" OR ""sunflower oil"" OR ""edible oils"" OR ""cooking oils"" OR oils) AND (FSSAI OR FDA OR FSDA OR ""food safety"" OR ""food safety officer"" OR raid* OR seiz* OR ""sample collected"" OR ""samples collected"" OR ""lab test"" OR ""quality test"" OR ""sample failed"" OR ""samples failed"" OR ""license suspended"" OR ""licence suspended"" OR crackdown) AND language:en) AND NOT (ghee OR vanaspati OR Indonesia OR ""Joko Widodo"" OR rupiah OR ""oil exports"" OR ""export ban"" OR futures OR derivatives OR SEBI OR ""stock market"" OR ""solvent extractors association"" OR ""million tonnes"" OR ""sports drinks"" OR biodiesel OR ""bio-diesel"" OR soda OR diesel OR heroin OR ""hidden in cooking oil cargo"")",thehindu.com
https://www.hindustantimes.com/cities/gurugram-news/gurugram-fake-mounjaro-racket-traces-china-link-online-sales-network-101776828290263.html,"Gurugram fake Mounjaro racket traces China link, online sales network",hindustantimes.com,2026-04-22,boolean,"((""food and drug administration"" OR FDA OR FSDA) AND (""edible oil"" OR ""cooking oil"" OR ""mustard oil"" OR ""vegetable oil"" OR ""palm oil"" OR ""coconut oil"" OR ""groundnut oil"" OR ""soybean oil"" OR ""sunflower oil"" OR ""edible oils"" OR ""cooking oils"" OR oils) AND (raid* OR seiz*) AND India AND language:en) AND NOT (ghee OR vanaspati OR Indonesia OR ""Joko Widodo"" OR rupiah OR ""oil exports"" OR ""export ban"" OR futures OR derivatives OR SEBI OR ""stock market"" OR ""solvent extractors association"" OR ""million tonnes"" OR ""sports drinks"" OR biodiesel OR ""bio-diesel"" OR soda OR diesel OR heroin OR ""hidden in cooking oil cargo"")",hindustantimes.com
https://www.siasat.com/beauty-personal-care-regulations-in-india-progress-pitfalls-and-road-ahead-3454232/,"Beauty, personal care regulations in India: Progress, pitfalls and road ahead",siasat.com,2026-04-16,boolean,"((""food and drug administration"" OR FDA OR FSDA) AND (""edible oil"" OR ""cooking oil"" OR ""mustard oil"" OR ""vegetable oil"" OR ""palm oil"" OR ""coconut oil"" OR ""groundnut oil"" OR ""soybean oil"" OR ""sunflower oil"" OR ""edible oils"" OR ""cooking oils"" OR oils) AND (raid* OR seiz*) AND India AND language:en) AND NOT (ghee OR vanaspati OR Indonesia OR ""Joko Widodo"" OR rupiah OR ""oil exports"" OR ""export ban"" OR futures OR derivatives OR SEBI OR ""stock market"" OR ""solvent extractors association"" OR ""million tonnes"" OR ""sports drinks"" OR biodiesel OR ""bio-diesel"" OR soda OR diesel OR heroin OR ""hidden in cooking oil cargo"")",siasat.com
https://thelogicalindian.com/hapur-chemical-tomato-sauce-raid-street-food/,"If You Think That Red Sauce on Your Plate Is Tomato, Think Again – Dark Reality of Indian Street Food",thelogicalindian.com,2026-04-09,boolean,"(""adulterated food"" AND (""edible oil"" OR ""cooking oil"" OR ""mustard oil"" OR ""vegetable oil"" OR ""palm oil"" OR ""coconut oil"" OR ""groundnut oil"" OR ""soybean oil"" OR ""sunflower oil"" OR ""edible oils"" OR ""cooking oils"" OR oils) AND India AND language:en) AND NOT (ghee OR vanaspati OR Indonesia OR ""Joko Widodo"" OR rupiah OR ""oil exports"" OR ""export ban"" OR futures OR derivatives OR SEBI OR ""stock market"" OR ""solvent extractors association"" OR ""million tonnes"" OR ""sports drinks"" OR biodiesel OR ""bio-diesel"" OR soda OR diesel OR heroin OR ""hidden in cooking oil cargo"")",thelogicalindian.com
https://www.thehansindia.com/telangana/govt-declares-war-on-food-fraud-will-use-pd-act-against-offenders-1063357,Govt declares war on food fraud; will use PD Act against offenders,thehansindia.com,2026-04-07,boolean,"((FSDA OR ""food safety department"") AND (""edible oil"" OR ""cooking oil"" OR ""mustard oil"" OR ""vegetable oil"" OR ""palm oil"" OR ""coconut oil"" OR ""groundnut oil"" OR ""soybean oil"" OR ""sunflower oil"" OR ""edible oils"" OR ""cooking oils"" OR oils) AND (FSSAI OR FDA OR FSDA OR ""food safety"" OR ""food safety officer"" OR raid* OR seiz* OR ""sample collected"" OR ""samples collected"" OR ""lab test"" OR ""quality test"" OR ""sample failed"" OR ""samples failed"" OR ""license suspended"" OR ""licence suspended"" OR crackdown) AND language:en) AND NOT (ghee OR vanaspati OR Indonesia OR ""Joko Widodo"" OR rupiah OR ""oil exports"" OR ""export ban"" OR futures OR derivatives OR SEBI OR ""stock market"" OR ""solvent extractors association"" OR ""million tonnes"" OR ""sports drinks"" OR biodiesel OR ""bio-diesel"" OR soda OR diesel OR heroin OR ""hidden in cooking oil cargo"")",thehansindia.com
https://www.thehansindia.com/news/national/rekhas-govt-steps-up-food-safety-drive-ahead-of-holi-1052308,Rekha's govt steps up food safety drive ahead of Holi,thehansindia.com,2026-02-27,boolean,"((FSDA OR ""food safety department"") AND (""edible oil"" OR ""cooking oil"" OR ""mustard oil"" OR ""vegetable oil"" OR ""palm oil"" OR ""coconut oil"" OR ""groundnut oil"" OR ""soybean oil"" OR ""sunflower oil"" OR ""edible oils"" OR ""cooking oils"" OR oils) AND (FSSAI OR FDA OR FSDA OR ""food safety"" OR ""food safety officer"" OR raid* OR seiz* OR ""sample collected"" OR ""samples collected"" OR ""lab test"" OR ""quality test"" OR ""sample failed"" OR ""samples failed"" OR ""license suspended"" OR ""licence suspended"" OR crackdown) AND language:en) AND NOT (ghee OR vanaspati OR Indonesia OR ""Joko Widodo"" OR rupiah OR ""oil exports"" OR ""export ban"" OR futures OR derivatives OR SEBI OR ""stock market"" OR ""solvent extractors association"" OR ""million tonnes"" OR ""sports drinks"" OR biodiesel OR ""bio-diesel"" OR soda OR diesel OR heroin OR ""hidden in cooking oil cargo"")",thehansindia.com
https://www.news18.com/agency-feeds/delhi-food-safety-dept-intensifies-drive-ahead-of-holi-collects-66-samples-9931982.html,"Delhi food safety dept intensifies drive ahead of Holi, collects 66 samples",news18.com,2026-02-26,boolean,"((FSDA OR ""food safety department"") AND (""edible oil"" OR ""cooking oil"" OR ""mustard oil"" OR ""vegetable oil"" OR ""palm oil"" OR ""coconut oil"" OR ""groundnut oil"" OR ""soybean oil"" OR ""sunflower oil"" OR ""edible oils"" OR ""cooking oils"" OR oils) AND (FSSAI OR FDA OR FSDA OR ""food safety"" OR ""food safety officer"" OR raid* OR seiz* OR ""sample collected"" OR ""samples collected"" OR ""lab test"" OR ""quality test"" OR ""sample failed"" OR ""samples failed"" OR ""license suspended"" OR ""licence suspended"" OR crackdown) AND language:en) AND NOT (ghee OR vanaspati OR Indonesia OR ""Joko Widodo"" OR rupiah OR ""oil exports"" OR ""export ban"" OR futures OR derivatives OR SEBI OR ""stock market"" OR ""solvent extractors association"" OR ""million tonnes"" OR ""sports drinks"" OR biodiesel OR ""bio-diesel"" OR soda OR diesel OR heroin OR ""hidden in cooking oil cargo"")",news18.com
https://www.thehindu.com/news/cities/Madurai/dindigul-readers-mail/article70497451.ece,Dindigul reader’s mail,thehindu.com,2026-01-11,boolean,"((FSDA OR ""food safety department"") AND (""edible oil"" OR ""cooking oil"" OR ""mustard oil"" OR ""vegetable oil"" OR ""palm oil"" OR ""coconut oil"" OR ""groundnut oil"" OR ""soybean oil"" OR ""sunflower oil"" OR ""edible oils"" OR ""cooking oils"" OR oils) AND (FSSAI OR FDA OR FSDA OR ""food safety"" OR ""food safety officer"" OR raid* OR seiz* OR ""sample collected"" OR ""samples collected"" OR ""lab test"" OR ""quality test"" OR ""sample failed"" OR ""samples failed"" OR ""license suspended"" OR ""licence suspended"" OR crackdown) AND language:en) AND NOT (ghee OR vanaspati OR Indonesia OR ""Joko Widodo"" OR rupiah OR ""oil exports"" OR ""export ban"" OR futures OR derivatives OR SEBI OR ""stock market"" OR ""solvent extractors association"" OR ""million tonnes"" OR ""sports drinks"" OR biodiesel OR ""bio-diesel"" OR soda OR diesel OR heroin OR ""hidden in cooking oil cargo"")",thehindu.com
https://timesofindia.indiatimes.com/city/hyderabad/1-lab-2-states-telanganas-sole-food-testing-facility-delays-safety-reports-by-months/articleshow/126318668.cms,"1 lab, 2 states: Telanganaâs sole food testing facility delays safety reports by months",indiatimes.com,2026-01-03,boolean,"((FSDA OR ""food safety department"") AND (""edible oil"" OR ""cooking oil"" OR ""mustard oil"" OR ""vegetable oil"" OR ""palm oil"" OR ""coconut oil"" OR ""groundnut oil"" OR ""soybean oil"" OR ""sunflower oil"" OR ""edible oils"" OR ""cooking oils"" OR oils) AND (FSSAI OR FDA OR FSDA OR ""food safety"" OR ""food safety officer"" OR raid* OR seiz* OR ""sample collected"" OR ""samples collected"" OR ""lab test"" OR ""quality test"" OR ""sample failed"" OR ""samples failed"" OR ""license suspended"" OR ""licence suspended"" OR crackdown) AND language:en) AND NOT (ghee OR vanaspati OR Indonesia OR ""Joko Widodo"" OR rupiah OR ""oil exports"" OR ""export ban"" OR futures OR derivatives OR SEBI OR ""stock market"" OR ""solvent extractors association"" OR ""million tonnes"" OR ""sports drinks"" OR biodiesel OR ""bio-diesel"" OR soda OR diesel OR heroin OR ""hidden in cooking oil cargo"")",timesofindia.indiatimes.com
https://timesofindia.indiatimes.com/city/hyderabad/telangana-seeks-new-food-testing-laboratories-to-reduce-delays/articleshow/126312457.cms,Telangana seeks new food testing laboratories to reduce delays,indiatimes.com,2026-01-03,boolean,"((FSDA OR ""food safety department"") AND (""edible oil"" OR ""cooking oil"" OR ""mustard oil"" OR ""vegetable oil"" OR ""palm oil"" OR ""coconut oil"" OR ""groundnut oil"" OR ""soybean oil"" OR ""sunflower oil"" OR ""edible oils"" OR ""cooking oils"" OR oils) AND (FSSAI OR FDA OR FSDA OR ""food safety"" OR ""food safety officer"" OR raid* OR seiz* OR ""sample collected"" OR ""samples collected"" OR ""lab test"" OR ""quality test"" OR ""sample failed"" OR ""samples failed"" OR ""license suspended"" OR ""licence suspended"" OR crackdown) AND language:en) AND NOT (ghee OR vanaspati OR Indonesia OR ""Joko Widodo"" OR rupiah OR ""oil exports"" OR ""export ban"" OR futures OR derivatives OR SEBI OR ""stock market"" OR ""solvent extractors association"" OR ""million tonnes"" OR ""sports drinks"" OR biodiesel OR ""bio-diesel"" OR soda OR diesel OR heroin OR ""hidden in cooking oil cargo"")",timesofindia.indiatimes.com
https://timesofindia.indiatimes.com/city/noida/bread-with-no-tags-seized-from-outlet-in-noida/articleshow/126278282.cms,Bread with no tags seized from outlet in Noida,indiatimes.com,2026-01-01,boolean,"((FSDA OR ""food safety department"") AND (""edible oil"" OR ""cooking oil"" OR ""mustard oil"" OR ""vegetable oil"" OR ""palm oil"" OR ""coconut oil"" OR ""groundnut oil"" OR ""soybean oil"" OR ""sunflower oil"" OR ""edible oils"" OR ""cooking oils"" OR oils) AND (FSSAI OR FDA OR FSDA OR ""food safety"" OR ""food safety officer"" OR raid* OR seiz* OR ""sample collected"" OR ""samples collected"" OR ""lab test"" OR ""quality test"" OR ""sample failed"" OR ""samples failed"" OR ""license suspended"" OR ""licence suspended"" OR crackdown) AND language:en) AND NOT (ghee OR vanaspati OR Indonesia OR ""Joko Widodo"" OR rupiah OR ""oil exports"" OR ""export ban"" OR futures OR derivatives OR SEBI OR ""stock market"" OR ""solvent extractors association"" OR ""million tonnes"" OR ""sports drinks"" OR biodiesel OR ""bio-diesel"" OR soda OR diesel OR heroin OR ""hidden in cooking oil cargo"")",timesofindia.indiatimes.com
https://timesofindia.indiatimes.com/city/pune/its-diwali-soan-papdi-memes-are-back-the-sweets-still-going-places/articleshow/124678165.cms,"Itâs Diwali, soan papdi memes are back the sweetâs still going places",indiatimes.com,2025-10-19,boolean,"((FSDA OR ""food safety department"") AND (""edible oil"" OR ""cooking oil"" OR ""mustard oil"" OR ""vegetable oil"" OR ""palm oil"" OR ""coconut oil"" OR ""groundnut oil"" OR ""soybean oil"" OR ""sunflower oil"" OR ""edible oils"" OR ""cooking oils"" OR oils) AND (FSSAI OR FDA OR FSDA OR ""food safety"" OR ""food safety officer"" OR raid* OR seiz* OR ""sample collected"" OR ""samples collected"" OR ""lab test"" OR ""quality test"" OR ""sample failed"" OR ""samples failed"" OR ""license suspended"" OR ""licence suspended"" OR crackdown) AND language:en) AND NOT (ghee OR vanaspati OR Indonesia OR ""Joko Widodo"" OR rupiah OR ""oil exports"" OR ""export ban"" OR futures OR derivatives OR SEBI OR ""stock market"" OR ""solvent extractors association"" OR ""million tonnes"" OR ""sports drinks"" OR biodiesel OR ""bio-diesel"" OR soda OR diesel OR heroin OR ""hidden in cooking oil cargo"")",timesofindia.indiatimes.com
https://www.thehindu.com/news/cities/Coimbatore/teams-formed-to-inspect-sweet-shops-ahead-of-deepavali-in-erode/article70142713.ece,Teams formed to inspect sweet shops ahead of Deepavali in Erode,thehindu.com,2025-10-09,boolean,"((FSDA OR ""food safety department"") AND (""edible oil"" OR ""cooking oil"" OR ""mustard oil"" OR ""vegetable oil"" OR ""palm oil"" OR ""coconut oil"" OR ""groundnut oil"" OR ""soybean oil"" OR ""sunflower oil"" OR ""edible oils"" OR ""cooking oils"" OR oils) AND (FSSAI OR FDA OR FSDA OR ""food safety"" OR ""food safety officer"" OR raid* OR seiz* OR ""sample collected"" OR ""samples collected"" OR ""lab test"" OR ""quality test"" OR ""sample failed"" OR ""samples failed"" OR ""license suspended"" OR ""licence suspended"" OR crackdown) AND language:en) AND NOT (ghee OR vanaspati OR Indonesia OR ""Joko Widodo"" OR rupiah OR ""oil exports"" OR ""export ban"" OR futures OR derivatives OR SEBI OR ""stock market"" OR ""solvent extractors association"" OR ""million tonnes"" OR ""sports drinks"" OR biodiesel OR ""bio-diesel"" OR soda OR diesel OR heroin OR ""hidden in cooking oil cargo"")",thehindu.com
https://www.hindustantimes.com/cities/noida-news/gautam-budh-nagar-admin-inspects-sweet-shops-ahead-of-raksha-bandhan-101754591416255.html,Gautam Budh Nagar admin inspects sweet shops ahead of Raksha Bandhan,hindustantimes.com,2025-08-08,boolean,"((FSDA OR ""food safety department"") AND (""edible oil"" OR ""cooking oil"" OR ""mustard oil"" OR ""vegetable oil"" OR ""palm oil"" OR ""coconut oil"" OR ""groundnut oil"" OR ""soybean oil"" OR ""sunflower oil"" OR ""edible oils"" OR ""cooking oils"" OR oils) AND (FSSAI OR FDA OR FSDA OR ""food safety"" OR ""food safety officer"" OR raid* OR seiz* OR ""sample collected"" OR ""samples collected"" OR ""lab test"" OR ""quality test"" OR ""sample failed"" OR ""samples failed"" OR ""license suspended"" OR ""licence suspended"" OR crackdown) AND language:en) AND NOT (ghee OR vanaspati OR Indonesia OR ""Joko Widodo"" OR rupiah OR ""oil exports"" OR ""export ban"" OR futures OR derivatives OR SEBI OR ""stock market"" OR ""solvent extractors association"" OR ""million tonnes"" OR ""sports drinks"" OR biodiesel OR ""bio-diesel"" OR soda OR diesel OR heroin OR ""hidden in cooking oil cargo"")",hindustantimes.com
https://timesofindia.indiatimes.com/city/guwahati/street-vendor-awareness-drive-in-dibrugarh/articleshow/123172741.cms,Street vendor awareness drive in Dibrugarh,indiatimes.com,2025-08-07,boolean,"((FSDA OR ""food safety department"") AND (""edible oil"" OR ""cooking oil"" OR ""mustard oil"" OR ""vegetable oil"" OR ""palm oil"" OR ""coconut oil"" OR ""groundnut oil"" OR ""soybean oil"" OR ""sunflower oil"" OR ""edible oils"" OR ""cooking oils"" OR oils) AND (FSSAI OR FDA OR FSDA OR ""food safety"" OR ""food safety officer"" OR raid* OR seiz* OR ""sample collected"" OR ""samples collected"" OR ""lab test"" OR ""quality test"" OR ""sample failed"" OR ""samples failed"" OR ""license suspended"" OR ""licence suspended"" OR crackdown) AND language:en) AND NOT (ghee OR vanaspati OR Indonesia OR ""Joko Widodo"" OR rupiah OR ""oil exports"" OR ""export ban"" OR futures OR derivatives OR SEBI OR ""stock market"" OR ""solvent extractors association"" OR ""million tonnes"" OR ""sports drinks"" OR biodiesel OR ""bio-diesel"" OR soda OR diesel OR heroin OR ""hidden in cooking oil cargo"")",timesofindia.indiatimes.com
https://www.deccanchronicle.com/news/current-affairs/public-distrust-over-non-halal-and-unhygienic-meat-rumors-drives-down-kashmirs-restaurant-and-hotel-business-1895346,Public Distrust Over Non-Halal and Unhygienic Meat Rumors Drives Down Kashmir’s Restaurant and Hotel Business,deccanchronicle.com,2025-08-03,boolean,"((FSDA OR ""food safety department"") AND (""edible oil"" OR ""cooking oil"" OR ""mustard oil"" OR ""vegetable oil"" OR ""palm oil"" OR ""coconut oil"" OR ""groundnut oil"" OR ""soybean oil"" OR ""sunflower oil"" OR ""edible oils"" OR ""cooking oils"" OR oils) AND (FSSAI OR FDA OR FSDA OR ""food safety"" OR ""food safety officer"" OR raid* OR seiz* OR ""sample collected"" OR ""samples collected"" OR ""lab test"" OR ""quality test"" OR ""sample failed"" OR ""samples failed"" OR ""license suspended"" OR ""licence suspended"" OR crackdown) AND language:en) AND NOT (ghee OR vanaspati OR Indonesia OR ""Joko Widodo"" OR rupiah OR ""oil exports"" OR ""export ban"" OR futures OR derivatives OR SEBI OR ""stock market"" OR ""solvent extractors association"" OR ""million tonnes"" OR ""sports drinks"" OR biodiesel OR ""bio-diesel"" OR soda OR diesel OR heroin OR ""hidden in cooking oil cargo"")",deccanchronicle.com
https://timesofindia.indiatimes.com/city/allahabad/food-safety-department-mandates-consumer-feedback-apps-for-sweet-shops-in-prayagraj-to-enhance-transparency/articleshow/122934730.cms,Food Safety Department mandates consumer feedback apps for sweet shops in Prayagraj to enhance transparency,indiatimes.com,2025-07-27,boolean,"((FSDA OR ""food safety department"") AND (""edible oil"" OR ""cooking oil"" OR ""mustard oil"" OR ""vegetable oil"" OR ""palm oil"" OR ""coconut oil"" OR ""groundnut oil"" OR ""soybean oil"" OR ""sunflower oil"" OR ""edible oils"" OR ""cooking oils"" OR oils) AND (FSSAI OR FDA OR FSDA OR ""food safety"" OR ""food safety officer"" OR raid* OR seiz* OR ""sample collected"" OR ""samples collected"" OR ""lab test"" OR ""quality test"" OR ""sample failed"" OR ""samples failed"" OR ""license suspended"" OR ""licence suspended"" OR crackdown) AND language:en) AND NOT (ghee OR vanaspati OR Indonesia OR ""Joko Widodo"" OR rupiah OR ""oil exports"" OR ""export ban"" OR futures OR derivatives OR SEBI OR ""stock market"" OR ""solvent extractors association"" OR ""million tonnes"" OR ""sports drinks"" OR biodiesel OR ""bio-diesel"" OR soda OR diesel OR heroin OR ""hidden in cooking oil cargo"")",timesofindia.indiatimes.com
https://timesofindia.indiatimes.com/life-style/health-fitness/health-news/how-often-should-one-see-a-doctor-for-a-check-up-and-the-essential-tests-for-30-plus-men-and-women/articleshow/122066536.cms,How often should one see a doctor for a check-up and the essential tests for 30-plus men and women,indiatimes.com,2025-06-29,boolean,"((""edible oils"" OR ""cooking oils"") AND (adulterat* OR contaminat* OR misbrand* OR substandard OR spurious OR fake OR counterfeit OR rancid OR tainted OR unfit OR mislabel* OR ""unsafe oil"" OR ""unsafe cooking oil"" OR ""unsafe edible oil"") AND India AND language:en) AND NOT (ghee OR vanaspati OR Indonesia OR ""Joko Widodo"" OR rupiah OR ""oil exports"" OR ""export ban"" OR futures OR derivatives OR SEBI OR ""stock market"" OR ""solvent extractors association"" OR ""million tonnes"" OR ""sports drinks"" OR biodiesel OR ""bio-diesel"" OR soda OR diesel OR heroin OR ""hidden in cooking oil cargo"")",timesofindia.indiatimes.com
https://timesofindia.indiatimes.com/city/bhopal/denied-table-at-packed-gwalior-restaurant-min-calls-food-safety-staff-for-inspection/articleshow/120909600.cms,"Denied table at packed Gwalior restaurant, min calls food safety staff for inspection",indiatimes.com,2025-05-06,boolean,"((FSDA OR ""food safety department"") AND (""edible oil"" OR ""cooking oil"" OR ""mustard oil"" OR ""vegetable oil"" OR ""palm oil"" OR ""coconut oil"" OR ""groundnut oil"" OR ""soybean oil"" OR ""sunflower oil"" OR ""edible oils"" OR ""cooking oils"" OR oils) AND (FSSAI OR FDA OR FSDA OR ""food safety"" OR ""food safety officer"" OR raid* OR seiz* OR ""sample collected"" OR ""samples collected"" OR ""lab test"" OR ""quality test"" OR ""sample failed"" OR ""samples failed"" OR ""license suspended"" OR ""licence suspended"" OR crackdown) AND language:en) AND NOT (ghee OR vanaspati OR Indonesia OR ""Joko Widodo"" OR rupiah OR ""oil exports"" OR ""export ban"" OR futures OR derivatives OR SEBI OR ""stock market"" OR ""solvent extractors association"" OR ""million tonnes"" OR ""sports drinks"" OR biodiesel OR ""bio-diesel"" OR soda OR diesel OR heroin OR ""hidden in cooking oil cargo"")",timesofindia.indiatimes.com
https://indianexpress.com/article/cities/bangalore/food-safety-paneer-contamination-bengaluru-9909461/,"After inspections, food safety officials flag concern over contamination of paneer in Bengaluru",indianexpress.com,2025-03-27,boolean,"((FSDA OR ""food safety department"") AND (""edible oil"" OR ""cooking oil"" OR ""mustard oil"" OR ""vegetable oil"" OR ""palm oil"" OR ""coconut oil"" OR ""groundnut oil"" OR ""soybean oil"" OR ""sunflower oil"" OR ""edible oils"" OR ""cooking oils"" OR oils) AND (FSSAI OR FDA OR FSDA OR ""food safety"" OR ""food safety officer"" OR raid* OR seiz* OR ""sample collected"" OR ""samples collected"" OR ""lab test"" OR ""quality test"" OR ""sample failed"" OR ""samples failed"" OR ""license suspended"" OR ""licence suspended"" OR crackdown) AND language:en) AND NOT (ghee OR vanaspati OR Indonesia OR ""Joko Widodo"" OR rupiah OR ""oil exports"" OR ""export ban"" OR futures OR derivatives OR SEBI OR ""stock market"" OR ""solvent extractors association"" OR ""million tonnes"" OR ""sports drinks"" OR biodiesel OR ""bio-diesel"" OR soda OR diesel OR heroin OR ""hidden in cooking oil cargo"")",indianexpress.com
https://timesofindia.indiatimes.com/city/nashik/fda-seizes-239kg-of-suspected-substandard-paneer-in-nashik/articleshow/119488280.cms,FDA seizes 239kg of suspected substandard paneer in Nashik,indiatimes.com,2025-03-25,boolean,"((""food and drug administration"" OR FDA OR FSDA) AND (""edible oil"" OR ""cooking oil"" OR ""mustard oil"" OR ""vegetable oil"" OR ""palm oil"" OR ""coconut oil"" OR ""groundnut oil"" OR ""soybean oil"" OR ""sunflower oil"" OR ""edible oils"" OR ""cooking oils"" OR oils) AND (raid* OR seiz*) AND India AND language:en) AND NOT (ghee OR vanaspati OR Indonesia OR ""Joko Widodo"" OR rupiah OR ""oil exports"" OR ""export ban"" OR futures OR derivatives OR SEBI OR ""stock market"" OR ""solvent extractors association"" OR ""million tonnes"" OR ""sports drinks"" OR biodiesel OR ""bio-diesel"" OR soda OR diesel OR heroin OR ""hidden in cooking oil cargo"")",timesofindia.indiatimes.com
https://www.freepressjournal.in/india/chhattisgarh-news-food-safety-department-intensifies-sweet-quality-checks-in-mahasamund-ahead-of-holi-2025,Chhattisgarh News: Food Safety Department Intensifies Sweet Quality Checks In Mahasamund Ahead Of Holi 2025,freepressjournal.in,2025-03-13,boolean,"((FSDA OR ""food safety department"") AND (""edible oil"" OR ""cooking oil"" OR ""mustard oil"" OR ""vegetable oil"" OR ""palm oil"" OR ""coconut oil"" OR ""groundnut oil"" OR ""soybean oil"" OR ""sunflower oil"" OR ""edible oils"" OR ""cooking oils"" OR oils) AND (FSSAI OR FDA OR FSDA OR ""food safety"" OR ""food safety officer"" OR raid* OR seiz* OR ""sample collected"" OR ""samples collected"" OR ""lab test"" OR ""quality test"" OR ""sample failed"" OR ""samples failed"" OR ""license suspended"" OR ""licence suspended"" OR crackdown) AND language:en) AND NOT (ghee OR vanaspati OR Indonesia OR ""Joko Widodo"" OR rupiah OR ""oil exports"" OR ""export ban"" OR futures OR derivatives OR SEBI OR ""stock market"" OR ""solvent extractors association"" OR ""million tonnes"" OR ""sports drinks"" OR biodiesel OR ""bio-diesel"" OR soda OR diesel OR heroin OR ""hidden in cooking oil cargo"")",freepressjournal.in
https://www.hindustantimes.com/cities/chandigarh-news/witerati-of-w-day-hangovers-withering-heights-101741464669254.html,Of W-Day hangovers withering heights,hindustantimes.com,2025-03-09,boolean,"((""edible oils"" OR ""cooking oils"") AND (adulterat* OR contaminat* OR misbrand* OR substandard OR spurious OR fake OR counterfeit OR rancid OR tainted OR unfit OR mislabel* OR ""unsafe oil"" OR ""unsafe cooking oil"" OR ""unsafe edible oil"") AND India AND language:en) AND NOT (ghee OR vanaspati OR Indonesia OR ""Joko Widodo"" OR rupiah OR ""oil exports"" OR ""export ban"" OR futures OR derivatives OR SEBI OR ""stock market"" OR ""solvent extractors association"" OR ""million tonnes"" OR ""sports drinks"" OR biodiesel OR ""bio-diesel"" OR soda OR diesel OR heroin OR ""hidden in cooking oil cargo"")",hindustantimes.com
https://timesofindia.indiatimes.com/city/ranchi/jsr-food-vendors-come-under-quality-scanner-before-festival/articleshow/118792750.cms,JSR food vendors come under quality scanner before festival,indiatimes.com,2025-03-07,boolean,"((FSDA OR ""food safety department"") AND (""edible oil"" OR ""cooking oil"" OR ""mustard oil"" OR ""vegetable oil"" OR ""palm oil"" OR ""coconut oil"" OR ""groundnut oil"" OR ""soybean oil"" OR ""sunflower oil"" OR ""edible oils"" OR ""cooking oils"" OR oils) AND (FSSAI OR FDA OR FSDA OR ""food safety"" OR ""food safety officer"" OR raid* OR seiz* OR ""sample collected"" OR ""samples collected"" OR ""lab test"" OR ""quality test"" OR ""sample failed"" OR ""samples failed"" OR ""license suspended"" OR ""licence suspended"" OR crackdown) AND language:en) AND NOT (ghee OR vanaspati OR Indonesia OR ""Joko Widodo"" OR rupiah OR ""oil exports"" OR ""export ban"" OR futures OR derivatives OR SEBI OR ""stock market"" OR ""solvent extractors association"" OR ""million tonnes"" OR ""sports drinks"" OR biodiesel OR ""bio-diesel"" OR soda OR diesel OR heroin OR ""hidden in cooking oil cargo"")",timesofindia.indiatimes.com
https://www.hindustantimes.com/cities/noida-news/gautam-budh-nagar-conducts-food-safety-raids-before-holi-navratri-101741028286287.html,"Gautam Budh Nagar conducts food safety raids before Holi, Navratri",hindustantimes.com,2025-03-04,boolean,"((FSDA OR ""food safety department"") AND (""edible oil"" OR ""cooking oil"" OR ""mustard oil"" OR ""vegetable oil"" OR ""palm oil"" OR ""coconut oil"" OR ""groundnut oil"" OR ""soybean oil"" OR ""sunflower oil"" OR ""edible oils"" OR ""cooking oils"" OR oils) AND (FSSAI OR FDA OR FSDA OR ""food safety"" OR ""food safety officer"" OR raid* OR seiz* OR ""sample collected"" OR ""samples collected"" OR ""lab test"" OR ""quality test"" OR ""sample failed"" OR ""samples failed"" OR ""license suspended"" OR ""licence suspended"" OR crackdown) AND language:en) AND NOT (ghee OR vanaspati OR Indonesia OR ""Joko Widodo"" OR rupiah OR ""oil exports"" OR ""export ban"" OR futures OR derivatives OR SEBI OR ""stock market"" OR ""solvent extractors association"" OR ""million tonnes"" OR ""sports drinks"" OR biodiesel OR ""bio-diesel"" OR soda OR diesel OR heroin OR ""hidden in cooking oil cargo"")",hindustantimes.com
https://www.ndtv.com/food/food-safety-task-force-takes-action-against-the-arabian-mandi-restaurant-in-hyderabad-after-receiving-complaint-7775229,Task Force Takes Action Against 'The Arabian Mandi' Restaurant In Hyderabad After Complaint,ndtv.com,2025-02-23,boolean,"(""unhygienic"" AND (""edible oil"" OR ""cooking oil"" OR ""mustard oil"" OR ""vegetable oil"" OR ""palm oil"" OR ""coconut oil"" OR ""groundnut oil"" OR ""soybean oil"" OR ""sunflower oil"" OR ""edible oils"" OR ""cooking oils"" OR oils) AND (FSSAI OR FDA OR FSDA) AND India AND language:en) AND NOT (ghee OR vanaspati OR Indonesia OR ""Joko Widodo"" OR rupiah OR ""oil exports"" OR ""export ban"" OR futures OR derivatives OR SEBI OR ""stock market"" OR ""solvent extractors association"" OR ""million tonnes"" OR ""sports drinks"" OR biodiesel OR ""bio-diesel"" OR soda OR diesel OR heroin OR ""hidden in cooking oil cargo"")",ndtv.com
https://timesofindia.indiatimes.com/city/madurai/nine-ill-after-eating-chicken-from-eatery-in-madurai-probe-on/articleshow/117959429.cms,Nine ill after eating grilled chicken from eatery in Madurai; probe on,indiatimes.com,2025-02-06,boolean,"((FSDA OR ""food safety department"") AND (""edible oil"" OR ""cooking oil"" OR ""mustard oil"" OR ""vegetable oil"" OR ""palm oil"" OR ""coconut oil"" OR ""groundnut oil"" OR ""soybean oil"" OR ""sunflower oil"" OR ""edible oils"" OR ""cooking oils"" OR oils) AND (FSSAI OR FDA OR FSDA OR ""food safety"" OR ""food safety officer"" OR raid* OR seiz* OR ""sample collected"" OR ""samples collected"" OR ""lab test"" OR ""quality test"" OR ""sample failed"" OR ""samples failed"" OR ""license suspended"" OR ""licence suspended"" OR crackdown) AND language:en) AND NOT (ghee OR vanaspati OR Indonesia OR ""Joko Widodo"" OR rupiah OR ""oil exports"" OR ""export ban"" OR futures OR derivatives OR SEBI OR ""stock market"" OR ""solvent extractors association"" OR ""million tonnes"" OR ""sports drinks"" OR biodiesel OR ""bio-diesel"" OR soda OR diesel OR heroin OR ""hidden in cooking oil cargo"")",timesofindia.indiatimes.com
https://timesofindia.indiatimes.com/city/nagpur/buldhana-baldness-cases-fungal-infection-ruled-out-high-levels-of-nitrate-in-water-samples/articleshow/117181169.cms,"Buldhana baldness cases: Fungal infection ruled out, high levels of nitrate in water samples",indiatimes.com,2025-01-13,boolean,"((FSDA OR ""food safety department"") AND (""edible oil"" OR ""cooking oil"" OR ""mustard oil"" OR ""vegetable oil"" OR ""palm oil"" OR ""coconut oil"" OR ""groundnut oil"" OR ""soybean oil"" OR ""sunflower oil"" OR ""edible oils"" OR ""cooking oils"" OR oils) AND (FSSAI OR FDA OR FSDA OR ""food safety"" OR ""food safety officer"" OR raid* OR seiz* OR ""sample collected"" OR ""samples collected"" OR ""lab test"" OR ""quality test"" OR ""sample failed"" OR ""samples failed"" OR ""license suspended"" OR ""licence suspended"" OR crackdown) AND language:en) AND NOT (ghee OR vanaspati OR Indonesia OR ""Joko Widodo"" OR rupiah OR ""oil exports"" OR ""export ban"" OR futures OR derivatives OR SEBI OR ""stock market"" OR ""solvent extractors association"" OR ""million tonnes"" OR ""sports drinks"" OR biodiesel OR ""bio-diesel"" OR soda OR diesel OR heroin OR ""hidden in cooking oil cargo"")",timesofindia.indiatimes.com
https://timesofindia.indiatimes.com/city/thiruvananthapuram/21-establishments-closed-for-non-compliance-after-statewide-inspections/articleshow/117033839.cms,21 establishments closed for non-compliance after statewide inspections,indiatimes.com,2025-01-08,boolean,"((FSDA OR ""food safety department"") AND (""edible oil"" OR ""cooking oil"" OR ""mustard oil"" OR ""vegetable oil"" OR ""palm oil"" OR ""coconut oil"" OR ""groundnut oil"" OR ""soybean oil"" OR ""sunflower oil"" OR ""edible oils"" OR ""cooking oils"" OR oils) AND (FSSAI OR FDA OR FSDA OR ""food safety"" OR ""food safety officer"" OR raid* OR seiz* OR ""sample collected"" OR ""samples collected"" OR ""lab test"" OR ""quality test"" OR ""sample failed"" OR ""samples failed"" OR ""license suspended"" OR ""licence suspended"" OR crackdown) AND language:en) AND NOT (ghee OR vanaspati OR Indonesia OR ""Joko Widodo"" OR rupiah OR ""oil exports"" OR ""export ban"" OR futures OR derivatives OR SEBI OR ""stock market"" OR ""solvent extractors association"" OR ""million tonnes"" OR ""sports drinks"" OR biodiesel OR ""bio-diesel"" OR soda OR diesel OR heroin OR ""hidden in cooking oil cargo"")",timesofindia.indiatimes.com
https://timesofindia.indiatimes.com/city/thiruvananthapuram/kerala-health-minister-veena-george-announces-intensified-food-safety-inspections-for-new-year/articleshow/116797482.cms,Kerala Intensifies Food Safety Inspections Ahead of New Year Celebrations | Thiruvananthapuram News,indiatimes.com,2024-12-30,boolean,"((FSDA OR ""food safety department"") AND (""edible oil"" OR ""cooking oil"" OR ""mustard oil"" OR ""vegetable oil"" OR ""palm oil"" OR ""coconut oil"" OR ""groundnut oil"" OR ""soybean oil"" OR ""sunflower oil"" OR ""edible oils"" OR ""cooking oils"" OR oils) AND (FSSAI OR FDA OR FSDA OR ""food safety"" OR ""food safety officer"" OR raid* OR seiz* OR ""sample collected"" OR ""samples collected"" OR ""lab test"" OR ""quality test"" OR ""sample failed"" OR ""samples failed"" OR ""license suspended"" OR ""licence suspended"" OR crackdown) AND language:en) AND NOT (ghee OR vanaspati OR Indonesia OR ""Joko Widodo"" OR rupiah OR ""oil exports"" OR ""export ban"" OR futures OR derivatives OR SEBI OR ""stock market"" OR ""solvent extractors association"" OR ""million tonnes"" OR ""sports drinks"" OR biodiesel OR ""bio-diesel"" OR soda OR diesel OR heroin OR ""hidden in cooking oil cargo"")",timesofindia.indiatimes.com
https://timesofindia.indiatimes.com/city/noida/rs-46l-fines-issued-after-153-food-samples-fail-test/articleshow/116443411.cms,Rs 46L fines issued after 153 food samples fail test,indiatimes.com,2024-12-18,boolean,"((FSDA OR ""food safety department"") AND (""edible oil"" OR ""cooking oil"" OR ""mustard oil"" OR ""vegetable oil"" OR ""palm oil"" OR ""coconut oil"" OR ""groundnut oil"" OR ""soybean oil"" OR ""sunflower oil"" OR ""edible oils"" OR ""cooking oils"" OR oils) AND (FSSAI OR FDA OR FSDA OR ""food safety"" OR ""food safety officer"" OR raid* OR seiz* OR ""sample collected"" OR ""samples collected"" OR ""lab test"" OR ""quality test"" OR ""sample failed"" OR ""samples failed"" OR ""license suspended"" OR ""licence suspended"" OR crackdown) AND language:en) AND NOT (ghee OR vanaspati OR Indonesia OR ""Joko Widodo"" OR rupiah OR ""oil exports"" OR ""export ban"" OR futures OR derivatives OR SEBI OR ""stock market"" OR ""solvent extractors association"" OR ""million tonnes"" OR ""sports drinks"" OR biodiesel OR ""bio-diesel"" OR soda OR diesel OR heroin OR ""hidden in cooking oil cargo"")",timesofindia.indiatimes.com
https://www.thehindu.com/news/national/telangana/hyderabad-food-poisoning-hygiene-gaps-stir-the-pot-of-sickness/article68924611.ece,Hyderabad food poisoning: Hygiene gaps stir the pot of sickness,thehindu.com,2024-11-29,boolean,"((FSDA OR ""food safety department"") AND (""edible oil"" OR ""cooking oil"" OR ""mustard oil"" OR ""vegetable oil"" OR ""palm oil"" OR ""coconut oil"" OR ""groundnut oil"" OR ""soybean oil"" OR ""sunflower oil"" OR ""edible oils"" OR ""cooking oils"" OR oils) AND (FSSAI OR FDA OR FSDA OR ""food safety"" OR ""food safety officer"" OR raid* OR seiz* OR ""sample collected"" OR ""samples collected"" OR ""lab test"" OR ""quality test"" OR ""sample failed"" OR ""samples failed"" OR ""license suspended"" OR ""licence suspended"" OR crackdown) AND language:en) AND NOT (ghee OR vanaspati OR Indonesia OR ""Joko Widodo"" OR rupiah OR ""oil exports"" OR ""export ban"" OR futures OR derivatives OR SEBI OR ""stock market"" OR ""solvent extractors association"" OR ""million tonnes"" OR ""sports drinks"" OR biodiesel OR ""bio-diesel"" OR soda OR diesel OR heroin OR ""hidden in cooking oil cargo"")",thehindu.com
https://www.siasat.com/food-safety-dept-raids-restaurants-bakeries-in-hyderabad-3131041/,"Food safety dept raids restaurants, bakeries in Hyderabad",siasat.com,2024-11-13,boolean,"((FSDA OR ""food safety department"") AND (""edible oil"" OR ""cooking oil"" OR ""mustard oil"" OR ""vegetable oil"" OR ""palm oil"" OR ""coconut oil"" OR ""groundnut oil"" OR ""soybean oil"" OR ""sunflower oil"" OR ""edible oils"" OR ""cooking oils"" OR oils) AND (FSSAI OR FDA OR FSDA OR ""food safety"" OR ""food safety officer"" OR raid* OR seiz* OR ""sample collected"" OR ""samples collected"" OR ""lab test"" OR ""quality test"" OR ""sample failed"" OR ""samples failed"" OR ""license suspended"" OR ""licence suspended"" OR crackdown) AND language:en) AND NOT (ghee OR vanaspati OR Indonesia OR ""Joko Widodo"" OR rupiah OR ""oil exports"" OR ""export ban"" OR futures OR derivatives OR SEBI OR ""stock market"" OR ""solvent extractors association"" OR ""million tonnes"" OR ""sports drinks"" OR biodiesel OR ""bio-diesel"" OR soda OR diesel OR heroin OR ""hidden in cooking oil cargo"")",siasat.com
https://www.deccanchronicle.com/southern-states/andhra-pradesh/food-adulteration-plagues-tirupati-eateries-1835743,Food Adulteration Plagues Tirupati Eateries,deccanchronicle.com,2024-11-05,boolean,"((FSDA OR ""food safety department"") AND (""edible oil"" OR ""cooking oil"" OR ""mustard oil"" OR ""vegetable oil"" OR ""palm oil"" OR ""coconut oil"" OR ""groundnut oil"" OR ""soybean oil"" OR ""sunflower oil"" OR ""edible oils"" OR ""cooking oils"" OR oils) AND (FSSAI OR FDA OR FSDA OR ""food safety"" OR ""food safety officer"" OR raid* OR seiz* OR ""sample collected"" OR ""samples collected"" OR ""lab test"" OR ""quality test"" OR ""sample failed"" OR ""samples failed"" OR ""license suspended"" OR ""licence suspended"" OR crackdown) AND language:en) AND NOT (ghee OR vanaspati OR Indonesia OR ""Joko Widodo"" OR rupiah OR ""oil exports"" OR ""export ban"" OR futures OR derivatives OR SEBI OR ""stock market"" OR ""solvent extractors association"" OR ""million tonnes"" OR ""sports drinks"" OR biodiesel OR ""bio-diesel"" OR soda OR diesel OR heroin OR ""hidden in cooking oil cargo"")",deccanchronicle.com
https://www.newindianexpress.com/states/tamil-nadu/2024/Oct/29/fssai-seizes-rs-72k-worth-of-sweets-savouries-in-kovai-warns-against-reusing-oil,"FSSAI seizes Rs 72k worth of sweets, savouries in Kovai, warns against reusing oil",newindianexpress.com,2024-10-29,boolean,"(""unhygienic"" AND (""edible oil"" OR ""cooking oil"" OR ""mustard oil"" OR ""vegetable oil"" OR ""palm oil"" OR ""coconut oil"" OR ""groundnut oil"" OR ""soybean oil"" OR ""sunflower oil"" OR ""edible oils"" OR ""cooking oils"" OR oils) AND (FSSAI OR FDA OR FSDA) AND India AND language:en) AND NOT (ghee OR vanaspati OR Indonesia OR ""Joko Widodo"" OR rupiah OR ""oil exports"" OR ""export ban"" OR futures OR derivatives OR SEBI OR ""stock market"" OR ""solvent extractors association"" OR ""million tonnes"" OR ""sports drinks"" OR biodiesel OR ""bio-diesel"" OR soda OR diesel OR heroin OR ""hidden in cooking oil cargo"")",newindianexpress.com
https://www.newindianexpress.com/good-news/2024/Oct/06/uthiramerur-women-lead-organic-farming-revolution-amid-pandemic-struggles,Uthiramerur women lead organic farming revolution amid pandemic struggles,newindianexpress.com,2024-10-06,boolean,"((FSDA OR ""food safety department"") AND (""edible oil"" OR ""cooking oil"" OR ""mustard oil"" OR ""vegetable oil"" OR ""palm oil"" OR ""coconut oil"" OR ""groundnut oil"" OR ""soybean oil"" OR ""sunflower oil"" OR ""edible oils"" OR ""cooking oils"" OR oils) AND (FSSAI OR FDA OR FSDA OR ""food safety"" OR ""food safety officer"" OR raid* OR seiz* OR ""sample collected"" OR ""samples collected"" OR ""lab test"" OR ""quality test"" OR ""sample failed"" OR ""samples failed"" OR ""license suspended"" OR ""licence suspended"" OR crackdown) AND language:en) AND NOT (ghee OR vanaspati OR Indonesia OR ""Joko Widodo"" OR rupiah OR ""oil exports"" OR ""export ban"" OR futures OR derivatives OR SEBI OR ""stock market"" OR ""solvent extractors association"" OR ""million tonnes"" OR ""sports drinks"" OR biodiesel OR ""bio-diesel"" OR soda OR diesel OR heroin OR ""hidden in cooking oil cargo"")",newindianexpress.com
https://www.mumbainews.net/news/274658791/fssai-launches-food-safety-on-wheels-initiative-in-nubra-valley-conducts-food-testing-at-17582ft,"FSSAI launches 'Food Safety on Wheels' initiative in Nubra Valley, conducts food testing at 17,582ft",mumbainews.net,2024-10-02,boolean,"((FSDA OR ""food safety department"") AND (""edible oil"" OR ""cooking oil"" OR ""mustard oil"" OR ""vegetable oil"" OR ""palm oil"" OR ""coconut oil"" OR ""groundnut oil"" OR ""soybean oil"" OR ""sunflower oil"" OR ""edible oils"" OR ""cooking oils"" OR oils) AND (FSSAI OR FDA OR FSDA OR ""food safety"" OR ""food safety officer"" OR raid* OR seiz* OR ""sample collected"" OR ""samples collected"" OR ""lab test"" OR ""quality test"" OR ""sample failed"" OR ""samples failed"" OR ""license suspended"" OR ""licence suspended"" OR crackdown) AND language:en) AND NOT (ghee OR vanaspati OR Indonesia OR ""Joko Widodo"" OR rupiah OR ""oil exports"" OR ""export ban"" OR futures OR derivatives OR SEBI OR ""stock market"" OR ""solvent extractors association"" OR ""million tonnes"" OR ""sports drinks"" OR biodiesel OR ""bio-diesel"" OR soda OR diesel OR heroin OR ""hidden in cooking oil cargo"")",mumbainews.net
https://www.newdelhinews.net/news/274658791/fssai-launches-food-safety-on-wheels-initiative-in-nubra-valley-conducts-food-testing-at-17582ft,"FSSAI launches 'Food Safety on Wheels' initiative in Nubra Valley, conducts food testing at 17,582ft",newdelhinews.net,2024-10-02,boolean,"((FSDA OR ""food safety department"") AND (""edible oil"" OR ""cooking oil"" OR ""mustard oil"" OR ""vegetable oil"" OR ""palm oil"" OR ""coconut oil"" OR ""groundnut oil"" OR ""soybean oil"" OR ""sunflower oil"" OR ""edible oils"" OR ""cooking oils"" OR oils) AND (FSSAI OR FDA OR FSDA OR ""food safety"" OR ""food safety officer"" OR raid* OR seiz* OR ""sample collected"" OR ""samples collected"" OR ""lab test"" OR ""quality test"" OR ""sample failed"" OR ""samples failed"" OR ""license suspended"" OR ""licence suspended"" OR crackdown) AND language:en) AND NOT (ghee OR vanaspati OR Indonesia OR ""Joko Widodo"" OR rupiah OR ""oil exports"" OR ""export ban"" OR futures OR derivatives OR SEBI OR ""stock market"" OR ""solvent extractors association"" OR ""million tonnes"" OR ""sports drinks"" OR biodiesel OR ""bio-diesel"" OR soda OR diesel OR heroin OR ""hidden in cooking oil cargo"")",newdelhinews.net
https://www.indiasnews.net/news/274658791/fssai-launches-food-safety-on-wheels-initiative-in-nubra-valley-conducts-food-testing-at-17582ft,"FSSAI launches 'Food Safety on Wheels' initiative in Nubra Valley, conducts food testing at 17,582ft",indiasnews.net,2024-10-02,boolean,"((FSDA OR ""food safety department"") AND (""edible oil"" OR ""cooking oil"" OR ""mustard oil"" OR ""vegetable oil"" OR ""palm oil"" OR ""coconut oil"" OR ""groundnut oil"" OR ""soybean oil"" OR ""sunflower oil"" OR ""edible oils"" OR ""cooking oils"" OR oils) AND (FSSAI OR FDA OR FSDA OR ""food safety"" OR ""food safety officer"" OR raid* OR seiz* OR ""sample collected"" OR ""samples collected"" OR ""lab test"" OR ""quality test"" OR ""sample failed"" OR ""samples failed"" OR ""license suspended"" OR ""licence suspended"" OR crackdown) AND language:en) AND NOT (ghee OR vanaspati OR Indonesia OR ""Joko Widodo"" OR rupiah OR ""oil exports"" OR ""export ban"" OR futures OR derivatives OR SEBI OR ""stock market"" OR ""solvent extractors association"" OR ""million tonnes"" OR ""sports drinks"" OR biodiesel OR ""bio-diesel"" OR soda OR diesel OR heroin OR ""hidden in cooking oil cargo"")",indiasnews.net
https://www.bombaynews.net/news/274658791/fssai-launches-food-safety-on-wheels-initiative-in-nubra-valley-conducts-food-testing-at-17582ft,"FSSAI launches 'Food Safety on Wheels' initiative in Nubra Valley, conducts food testing at 17,582ft",bombaynews.net,2024-10-02,boolean,"((FSDA OR ""food safety department"") AND (""edible oil"" OR ""cooking oil"" OR ""mustard oil"" OR ""vegetable oil"" OR ""palm oil"" OR ""coconut oil"" OR ""groundnut oil"" OR ""soybean oil"" OR ""sunflower oil"" OR ""edible oils"" OR ""cooking oils"" OR oils) AND (FSSAI OR FDA OR FSDA OR ""food safety"" OR ""food safety officer"" OR raid* OR seiz* OR ""sample collected"" OR ""samples collected"" OR ""lab test"" OR ""quality test"" OR ""sample failed"" OR ""samples failed"" OR ""license suspended"" OR ""licence suspended"" OR crackdown) AND language:en) AND NOT (ghee OR vanaspati OR Indonesia OR ""Joko Widodo"" OR rupiah OR ""oil exports"" OR ""export ban"" OR futures OR derivatives OR SEBI OR ""stock market"" OR ""solvent extractors association"" OR ""million tonnes"" OR ""sports drinks"" OR biodiesel OR ""bio-diesel"" OR soda OR diesel OR heroin OR ""hidden in cooking oil cargo"")",bombaynews.net
https://www.deccanchronicle.com/southern-states/andhra-pradesh/food-safety-officials-to-check-food-joints-across-state-1824652,Food Safety Officials to Check Food Joints Across State,deccanchronicle.com,2024-09-19,boolean,"((FSDA OR ""food safety department"") AND (""edible oil"" OR ""cooking oil"" OR ""mustard oil"" OR ""vegetable oil"" OR ""palm oil"" OR ""coconut oil"" OR ""groundnut oil"" OR ""soybean oil"" OR ""sunflower oil"" OR ""edible oils"" OR ""cooking oils"" OR oils) AND (FSSAI OR FDA OR FSDA OR ""food safety"" OR ""food safety officer"" OR raid* OR seiz* OR ""sample collected"" OR ""samples collected"" OR ""lab test"" OR ""quality test"" OR ""sample failed"" OR ""samples failed"" OR ""license suspended"" OR ""licence suspended"" OR crackdown) AND language:en) AND NOT (ghee OR vanaspati OR Indonesia OR ""Joko Widodo"" OR rupiah OR ""oil exports"" OR ""export ban"" OR futures OR derivatives OR SEBI OR ""stock market"" OR ""solvent extractors association"" OR ""million tonnes"" OR ""sports drinks"" OR biodiesel OR ""bio-diesel"" OR soda OR diesel OR heroin OR ""hidden in cooking oil cargo"")",deccanchronicle.com
https://timesofindia.indiatimes.com/city/noida/buyer-alleges-worms-in-milk-packet/articleshow/113136977.cms,Buyer alleges worms in milk packet,indiatimes.com,2024-09-07,boolean,"((FSDA OR ""food safety department"") AND (""edible oil"" OR ""cooking oil"" OR ""mustard oil"" OR ""vegetable oil"" OR ""palm oil"" OR ""coconut oil"" OR ""groundnut oil"" OR ""soybean oil"" OR ""sunflower oil"" OR ""edible oils"" OR ""cooking oils"" OR oils) AND (FSSAI OR FDA OR FSDA OR ""food safety"" OR ""food safety officer"" OR raid* OR seiz* OR ""sample collected"" OR ""samples collected"" OR ""lab test"" OR ""quality test"" OR ""sample failed"" OR ""samples failed"" OR ""license suspended"" OR ""licence suspended"" OR crackdown) AND language:en) AND NOT (ghee OR vanaspati OR Indonesia OR ""Joko Widodo"" OR rupiah OR ""oil exports"" OR ""export ban"" OR futures OR derivatives OR SEBI OR ""stock market"" OR ""solvent extractors association"" OR ""million tonnes"" OR ""sports drinks"" OR biodiesel OR ""bio-diesel"" OR soda OR diesel OR heroin OR ""hidden in cooking oil cargo"")",timesofindia.indiatimes.com
https://www.siasat.com/hyderabad-food-safety-dept-raids-restaurant-hypermarket-in-dilsukhnagar-3088692/,"Hyderabad: Food safety dept raids restaurant, hypermarket in Dilsukhnagar",siasat.com,2024-09-01,boolean,"((FSDA OR ""food safety department"") AND (""edible oil"" OR ""cooking oil"" OR ""mustard oil"" OR ""vegetable oil"" OR ""palm oil"" OR ""coconut oil"" OR ""groundnut oil"" OR ""soybean oil"" OR ""sunflower oil"" OR ""edible oils"" OR ""cooking oils"" OR oils) AND (FSSAI OR FDA OR FSDA OR ""food safety"" OR ""food safety officer"" OR raid* OR seiz* OR ""sample collected"" OR ""samples collected"" OR ""lab test"" OR ""quality test"" OR ""sample failed"" OR ""samples failed"" OR ""license suspended"" OR ""licence suspended"" OR crackdown) AND language:en) AND NOT (ghee OR vanaspati OR Indonesia OR ""Joko Widodo"" OR rupiah OR ""oil exports"" OR ""export ban"" OR futures OR derivatives OR SEBI OR ""stock market"" OR ""solvent extractors association"" OR ""million tonnes"" OR ""sports drinks"" OR biodiesel OR ""bio-diesel"" OR soda OR diesel OR heroin OR ""hidden in cooking oil cargo"")",siasat.com
https://www.indiatoday.in/health/story/liver-doc-zoho-ceo-sridhar-vembu-claims-health-benefits-walking-barefoot-grounding-2587894-2024-08-26?utm_source=rss,"Liver Doctor, Zoho CEO’s bitter exchange over 'health benefits of grounding'",indiatoday.in,2024-08-26,boolean,"((""mustard oil"" OR ""palm oil"" OR ""soybean oil"" OR ""sunflower oil"" OR ""groundnut oil"" OR ""coconut oil"" OR ""rice bran oil"" OR ""cottonseed oil"" OR ""sesame oil"" OR ""olive oil"" OR ""rapeseed-mustard oil"") AND (adulterat* OR contaminat* OR misbrand* OR substandard OR spurious OR fake OR counterfeit OR rancid OR ""reused oil"" OR ""recycled oil"" OR ""unsafe oil"" OR ""unsafe cooking oil"" OR ""unsafe edible oil"" OR ""mixed with"") AND language:en) AND NOT (ghee OR vanaspati OR Indonesia OR ""Joko Widodo"" OR rupiah OR ""rupiah per litre"" OR ""oil exports"" OR ""export ban"" OR futures OR derivative OR derivatives OR SEBI OR ""stock market"" OR ""domestic market"" OR ""solvent extractors association"" OR ""million tonnes"" OR ""million tonne"" OR ""sports drinks"" OR ""reused cooking oil"" OR biodiesel OR ""bio-diesel"" OR soda OR diesel OR heroin OR ""hidden in cooking oil cargo"")",indiatoday.in
https://www.hindustantimes.com/trending/sridha-vembu-the-liver-doc-trade-insults-over-benefits-of-walking-barefoot-health-illiterate-boomer-uncle-101724637094561.html,"Sridha Vembu, The Liver Doc trade insults over benefits of walking barefoot: ‘Health-illiterate boomer uncle’",hindustantimes.com,2024-08-26,boolean,"((""mustard oil"" OR ""palm oil"" OR ""soybean oil"" OR ""sunflower oil"" OR ""groundnut oil"" OR ""coconut oil"" OR ""rice bran oil"" OR ""cottonseed oil"" OR ""sesame oil"" OR ""olive oil"" OR ""rapeseed-mustard oil"") AND (adulterat* OR contaminat* OR misbrand* OR substandard OR spurious OR fake OR counterfeit OR rancid OR ""reused oil"" OR ""recycled oil"" OR ""unsafe oil"" OR ""unsafe cooking oil"" OR ""unsafe edible oil"" OR ""mixed with"") AND language:en) AND NOT (ghee OR vanaspati OR Indonesia OR ""Joko Widodo"" OR rupiah OR ""rupiah per litre"" OR ""oil exports"" OR ""export ban"" OR futures OR derivative OR derivatives OR SEBI OR ""stock market"" OR ""domestic market"" OR ""solvent extractors association"" OR ""million tonnes"" OR ""million tonne"" OR ""sports drinks"" OR ""reused cooking oil"" OR biodiesel OR ""bio-diesel"" OR soda OR diesel OR heroin OR ""hidden in cooking oil cargo"")",hindustantimes.com
https://timesofindia.indiatimes.com/life-style/food-news/tulum-cheese-a-unique-turkish-delicacy/articleshow/112742206.cms,Tulum Cheese: A Unique Turkish Delicacy,indiatimes.com,2024-08-23,boolean,"((""mustard oil"" OR ""palm oil"" OR ""soybean oil"" OR ""sunflower oil"" OR ""groundnut oil"" OR ""coconut oil"" OR ""rice bran oil"" OR ""cottonseed oil"" OR ""sesame oil"" OR ""olive oil"" OR ""rapeseed-mustard oil"") AND (adulterat* OR contaminat* OR misbrand* OR substandard OR spurious OR fake OR counterfeit OR rancid OR ""reused oil"" OR ""recycled oil"" OR ""unsafe oil"" OR ""unsafe cooking oil"" OR ""unsafe edible oil"" OR ""mixed with"") AND language:en) AND NOT (ghee OR vanaspati OR Indonesia OR ""Joko Widodo"" OR rupiah OR ""rupiah per litre"" OR ""oil exports"" OR ""export ban"" OR futures OR derivative OR derivatives OR SEBI OR ""stock market"" OR ""domestic market"" OR ""solvent extractors association"" OR ""million tonnes"" OR ""million tonne"" OR ""sports drinks"" OR ""reused cooking oil"" OR biodiesel OR ""bio-diesel"" OR soda OR diesel OR heroin OR ""hidden in cooking oil cargo"")",timesofindia.indiatimes.com
https://economictimes.indiatimes.com/news/web-stories/boiled-chana-9-superhit-recipes-for-evening-snacks/slideshow/112705803.cms,​Boiled chana: 9 superhit recipes for evening snacks,indiatimes.com,2024-08-22,boolean,"((""mustard oil"" OR ""palm oil"" OR ""soybean oil"" OR ""sunflower oil"" OR ""groundnut oil"" OR ""coconut oil"" OR ""rice bran oil"" OR ""cottonseed oil"" OR ""sesame oil"" OR ""olive oil"" OR ""rapeseed-mustard oil"") AND (adulterat* OR contaminat* OR misbrand* OR substandard OR spurious OR fake OR counterfeit OR rancid OR ""reused oil"" OR ""recycled oil"" OR ""unsafe oil"" OR ""unsafe cooking oil"" OR ""unsafe edible oil"" OR ""mixed with"") AND language:en) AND NOT (ghee OR vanaspati OR Indonesia OR ""Joko Widodo"" OR rupiah OR ""rupiah per litre"" OR ""oil exports"" OR ""export ban"" OR futures OR derivative OR derivatives OR SEBI OR ""stock market"" OR ""domestic market"" OR ""solvent extractors association"" OR ""million tonnes"" OR ""million tonne"" OR ""sports drinks"" OR ""reused cooking oil"" OR biodiesel OR ""bio-diesel"" OR soda OR diesel OR heroin OR ""hidden in cooking oil cargo"")",economictimes.indiatimes.com
https://timesofindia.indiatimes.com/life-style/beauty/is-adding-camphor-to-your-coconut-oil-good-for-your-hair/articleshow/111283466.cms,Is adding camphor to your coconut oil good for your hair?,indiatimes.com,2024-08-15,boolean,"((""mustard oil"" OR ""palm oil"" OR ""soybean oil"" OR ""sunflower oil"" OR ""groundnut oil"" OR ""coconut oil"" OR ""rice bran oil"" OR ""cottonseed oil"" OR ""sesame oil"" OR ""olive oil"" OR ""rapeseed-mustard oil"") AND (adulterat* OR contaminat* OR misbrand* OR substandard OR spurious OR fake OR counterfeit OR rancid OR ""reused oil"" OR ""recycled oil"" OR ""unsafe oil"" OR ""unsafe cooking oil"" OR ""unsafe edible oil"" OR ""mixed with"") AND language:en) AND NOT (ghee OR vanaspati OR Indonesia OR ""Joko Widodo"" OR rupiah OR ""rupiah per litre"" OR ""oil exports"" OR ""export ban"" OR futures OR derivative OR derivatives OR SEBI OR ""stock market"" OR ""domestic market"" OR ""solvent extractors association"" OR ""million tonnes"" OR ""million tonne"" OR ""sports drinks"" OR ""reused cooking oil"" OR biodiesel OR ""bio-diesel"" OR soda OR diesel OR heroin OR ""hidden in cooking oil cargo"")",timesofindia.indiatimes.com
https://www.hindustantimes.com/lifestyle/fashion/not-a-fan-of-makeup-try-these-dermatologist-approved-tips-to-achieve-a-natural-glow-this-festive-season-101723626885147.html,Not a fan of makeup? Try these dermatologist-approved tips to achieve a natural glow this festive season,hindustantimes.com,2024-08-14,boolean,"((""mustard oil"" OR ""palm oil"" OR ""soybean oil"" OR ""sunflower oil"" OR ""groundnut oil"" OR ""coconut oil"" OR ""rice bran oil"" OR ""cottonseed oil"" OR ""sesame oil"" OR ""olive oil"" OR ""rapeseed-mustard oil"") AND (adulterat* OR contaminat* OR misbrand* OR substandard OR spurious OR fake OR counterfeit OR rancid OR ""reused oil"" OR ""recycled oil"" OR ""unsafe oil"" OR ""unsafe cooking oil"" OR ""unsafe edible oil"" OR ""mixed with"") AND language:en) AND NOT (ghee OR vanaspati OR Indonesia OR ""Joko Widodo"" OR rupiah OR ""rupiah per litre"" OR ""oil exports"" OR ""export ban"" OR futures OR derivative OR derivatives OR SEBI OR ""stock market"" OR ""domestic market"" OR ""solvent extractors association"" OR ""million tonnes"" OR ""million tonne"" OR ""sports drinks"" OR ""reused cooking oil"" OR biodiesel OR ""bio-diesel"" OR soda OR diesel OR heroin OR ""hidden in cooking oil cargo"")",hindustantimes.com
https://petuz.india.com/dishes/food-recipe/master-the-art-of-making-chicken-kebab-with-just-6-easy-steps-7158503/,Master The Art Of Making Chicken Kebab With Just 6 Easy Steps,india.com,2024-08-12,boolean,"((""mustard oil"" OR ""palm oil"" OR ""soybean oil"" OR ""sunflower oil"" OR ""groundnut oil"" OR ""coconut oil"" OR ""rice bran oil"" OR ""cottonseed oil"" OR ""sesame oil"" OR ""olive oil"" OR ""rapeseed-mustard oil"") AND (adulterat* OR contaminat* OR misbrand* OR substandard OR spurious OR fake OR counterfeit OR rancid OR ""reused oil"" OR ""recycled oil"" OR ""unsafe oil"" OR ""unsafe cooking oil"" OR ""unsafe edible oil"" OR ""mixed with"") AND language:en) AND NOT (ghee OR vanaspati OR Indonesia OR ""Joko Widodo"" OR rupiah OR ""rupiah per litre"" OR ""oil exports"" OR ""export ban"" OR futures OR derivative OR derivatives OR SEBI OR ""stock market"" OR ""domestic market"" OR ""solvent extractors association"" OR ""million tonnes"" OR ""million tonne"" OR ""sports drinks"" OR ""reused cooking oil"" OR biodiesel OR ""bio-diesel"" OR soda OR diesel OR heroin OR ""hidden in cooking oil cargo"")",petuz.india.com
https://timesofindia.indiatimes.com/life-style/beauty/how-to-use-lemon-oil-to-promote-hair-growth/articleshow/111138231.cms,How to use lemon oil to promote hair growth,indiatimes.com,2024-08-10,boolean,"((""mustard oil"" OR ""palm oil"" OR ""soybean oil"" OR ""sunflower oil"" OR ""groundnut oil"" OR ""coconut oil"" OR ""rice bran oil"" OR ""cottonseed oil"" OR ""sesame oil"" OR ""olive oil"" OR ""rapeseed-mustard oil"") AND (adulterat* OR contaminat* OR misbrand* OR substandard OR spurious OR fake OR counterfeit OR rancid OR ""reused oil"" OR ""recycled oil"" OR ""unsafe oil"" OR ""unsafe cooking oil"" OR ""unsafe edible oil"" OR ""mixed with"") AND language:en) AND NOT (ghee OR vanaspati OR Indonesia OR ""Joko Widodo"" OR rupiah OR ""rupiah per litre"" OR ""oil exports"" OR ""export ban"" OR futures OR derivative OR derivatives OR SEBI OR ""stock market"" OR ""domestic market"" OR ""solvent extractors association"" OR ""million tonnes"" OR ""million tonne"" OR ""sports drinks"" OR ""reused cooking oil"" OR biodiesel OR ""bio-diesel"" OR soda OR diesel OR heroin OR ""hidden in cooking oil cargo"")",timesofindia.indiatimes.com
https://timesofindia.indiatimes.com/life-style/beauty/5-hair-oils-which-are-best-for-men-who-balding/photostory/112164321.cms,5 hair oils which are best for men who balding,indiatimes.com,2024-08-09,boolean,"((""mustard oil"" OR ""palm oil"" OR ""soybean oil"" OR ""sunflower oil"" OR ""groundnut oil"" OR ""coconut oil"" OR ""rice bran oil"" OR ""cottonseed oil"" OR ""sesame oil"" OR ""olive oil"" OR ""rapeseed-mustard oil"") AND (adulterat* OR contaminat* OR misbrand* OR substandard OR spurious OR fake OR counterfeit OR rancid OR ""reused oil"" OR ""recycled oil"" OR ""unsafe oil"" OR ""unsafe cooking oil"" OR ""unsafe edible oil"" OR ""mixed with"") AND language:en) AND NOT (ghee OR vanaspati OR Indonesia OR ""Joko Widodo"" OR rupiah OR ""rupiah per litre"" OR ""oil exports"" OR ""export ban"" OR futures OR derivative OR derivatives OR SEBI OR ""stock market"" OR ""domestic market"" OR ""solvent extractors association"" OR ""million tonnes"" OR ""million tonne"" OR ""sports drinks"" OR ""reused cooking oil"" OR biodiesel OR ""bio-diesel"" OR soda OR diesel OR heroin OR ""hidden in cooking oil cargo"")",timesofindia.indiatimes.com
https://timesofindia.indiatimes.com/life-style/food-news/mustard-oil-or-olive-oil-which-oil-should-be-used-for-indian-cooking/articleshow/112397845.cms,Mustard oil or olive oil: Which oil should be used for Indian cooking,indiatimes.com,2024-08-09,boolean,"((""mustard oil"" OR ""palm oil"" OR ""soybean oil"" OR ""sunflower oil"" OR ""groundnut oil"" OR ""coconut oil"" OR ""rice bran oil"" OR ""cottonseed oil"" OR ""sesame oil"" OR ""olive oil"" OR ""rapeseed-mustard oil"") AND (adulterat* OR contaminat* OR misbrand* OR substandard OR spurious OR fake OR counterfeit OR rancid OR ""reused oil"" OR ""recycled oil"" OR ""unsafe oil"" OR ""unsafe cooking oil"" OR ""unsafe edible oil"" OR ""mixed with"") AND language:en) AND NOT (ghee OR vanaspati OR Indonesia OR ""Joko Widodo"" OR rupiah OR ""rupiah per litre"" OR ""oil exports"" OR ""export ban"" OR futures OR derivative OR derivatives OR SEBI OR ""stock market"" OR ""domestic market"" OR ""solvent extractors association"" OR ""million tonnes"" OR ""million tonne"" OR ""sports drinks"" OR ""reused cooking oil"" OR biodiesel OR ""bio-diesel"" OR soda OR diesel OR heroin OR ""hidden in cooking oil cargo"")",timesofindia.indiatimes.com
https://www.hindustantimes.com/htcity/wellness/delhi-rains-expert-approved-monsoon-skincare-beard-care-cheat-sheet-for-all-skin-types-genders-to-combat-humidity-101723112815174.html,"Monsoon acne, mature skin, beard care: The ultimate cheat sheet to help your skin make it through the rains",hindustantimes.com,2024-08-08,boolean,"((""mustard oil"" OR ""palm oil"" OR ""soybean oil"" OR ""sunflower oil"" OR ""groundnut oil"" OR ""coconut oil"" OR ""rice bran oil"" OR ""cottonseed oil"" OR ""sesame oil"" OR ""olive oil"" OR ""rapeseed-mustard oil"") AND (adulterat* OR contaminat* OR misbrand* OR substandard OR spurious OR fake OR counterfeit OR rancid OR ""reused oil"" OR ""recycled oil"" OR ""unsafe oil"" OR ""unsafe cooking oil"" OR ""unsafe edible oil"" OR ""mixed with"") AND language:en) AND NOT (ghee OR vanaspati OR Indonesia OR ""Joko Widodo"" OR rupiah OR ""rupiah per litre"" OR ""oil exports"" OR ""export ban"" OR futures OR derivative OR derivatives OR SEBI OR ""stock market"" OR ""domestic market"" OR ""solvent extractors association"" OR ""million tonnes"" OR ""million tonne"" OR ""sports drinks"" OR ""reused cooking oil"" OR biodiesel OR ""bio-diesel"" OR soda OR diesel OR heroin OR ""hidden in cooking oil cargo"")",hindustantimes.com
https://petuz.india.com/dishes/food-recipe/must-try-recipe-homemade-gajar-ka-achaar-step-by-step-7148303/,Must Try Recipe Homemade Gajar Ka Achaar Step By Step,india.com,2024-08-08,boolean,"((""mustard oil"" OR ""palm oil"" OR ""soybean oil"" OR ""sunflower oil"" OR ""groundnut oil"" OR ""coconut oil"" OR ""rice bran oil"" OR ""cottonseed oil"" OR ""sesame oil"" OR ""olive oil"" OR ""rapeseed-mustard oil"") AND (adulterat* OR contaminat* OR misbrand* OR substandard OR spurious OR fake OR counterfeit OR rancid OR ""reused oil"" OR ""recycled oil"" OR ""unsafe oil"" OR ""unsafe cooking oil"" OR ""unsafe edible oil"" OR ""mixed with"") AND language:en) AND NOT (ghee OR vanaspati OR Indonesia OR ""Joko Widodo"" OR rupiah OR ""rupiah per litre"" OR ""oil exports"" OR ""export ban"" OR futures OR derivative OR derivatives OR SEBI OR ""stock market"" OR ""domestic market"" OR ""solvent extractors association"" OR ""million tonnes"" OR ""million tonne"" OR ""sports drinks"" OR ""reused cooking oil"" OR biodiesel OR ""bio-diesel"" OR soda OR diesel OR heroin OR ""hidden in cooking oil cargo"")",petuz.india.com
https://timesofindia.indiatimes.com/city/noida/pizza-outlet-adds-chilli-to-seasoning-fails-lab-test/articleshow/112357602.cms,"Pizza outlet adds chilli to seasoning, fails lab test",indiatimes.com,2024-08-08,boolean,"((FSDA OR ""food safety department"") AND (""edible oil"" OR ""cooking oil"" OR ""mustard oil"" OR ""vegetable oil"" OR ""palm oil"" OR ""coconut oil"" OR ""groundnut oil"" OR ""soybean oil"" OR ""sunflower oil"" OR ""edible oils"" OR ""cooking oils"" OR oils) AND (FSSAI OR FDA OR FSDA OR ""food safety"" OR ""food safety officer"" OR raid* OR seiz* OR ""sample collected"" OR ""samples collected"" OR ""lab test"" OR ""quality test"" OR ""sample failed"" OR ""samples failed"" OR ""license suspended"" OR ""licence suspended"" OR crackdown) AND language:en) AND NOT (ghee OR vanaspati OR Indonesia OR ""Joko Widodo"" OR rupiah OR ""oil exports"" OR ""export ban"" OR futures OR derivatives OR SEBI OR ""stock market"" OR ""solvent extractors association"" OR ""million tonnes"" OR ""sports drinks"" OR biodiesel OR ""bio-diesel"" OR soda OR diesel OR heroin OR ""hidden in cooking oil cargo"")",timesofindia.indiatimes.com
https://food.ndtv.com/food-drinks/5-tricks-to-avoid-rough-hands-after-doing-household-chores-6284053,5 Tricks To Avoid Rough Hands After Doing Household Chores,ndtv.com,2024-08-07,boolean,"((""mustard oil"" OR ""palm oil"" OR ""soybean oil"" OR ""sunflower oil"" OR ""groundnut oil"" OR ""coconut oil"" OR ""rice bran oil"" OR ""cottonseed oil"" OR ""sesame oil"" OR ""olive oil"" OR ""rapeseed-mustard oil"") AND (adulterat* OR contaminat* OR misbrand* OR substandard OR spurious OR fake OR counterfeit OR rancid OR ""reused oil"" OR ""recycled oil"" OR ""unsafe oil"" OR ""unsafe cooking oil"" OR ""unsafe edible oil"" OR ""mixed with"") AND language:en) AND NOT (ghee OR vanaspati OR Indonesia OR ""Joko Widodo"" OR rupiah OR ""rupiah per litre"" OR ""oil exports"" OR ""export ban"" OR futures OR derivative OR derivatives OR SEBI OR ""stock market"" OR ""domestic market"" OR ""solvent extractors association"" OR ""million tonnes"" OR ""million tonne"" OR ""sports drinks"" OR ""reused cooking oil"" OR biodiesel OR ""bio-diesel"" OR soda OR diesel OR heroin OR ""hidden in cooking oil cargo"")",food.ndtv.com
https://timesofindia.indiatimes.com/life-style/food-news/how-do-koreans-remain-so-fit-6-diet-tips-to-borrow-from-them/articleshow/112319171.cms,How do Koreans remain so fit? 6 diet tips to borrow from them,indiatimes.com,2024-08-06,boolean,"((""mustard oil"" OR ""palm oil"" OR ""soybean oil"" OR ""sunflower oil"" OR ""groundnut oil"" OR ""coconut oil"" OR ""rice bran oil"" OR ""cottonseed oil"" OR ""sesame oil"" OR ""olive oil"" OR ""rapeseed-mustard oil"") AND (adulterat* OR contaminat* OR misbrand* OR substandard OR spurious OR fake OR counterfeit OR rancid OR ""reused oil"" OR ""recycled oil"" OR ""unsafe oil"" OR ""unsafe cooking oil"" OR ""unsafe edible oil"" OR ""mixed with"") AND language:en) AND NOT (ghee OR vanaspati OR Indonesia OR ""Joko Widodo"" OR rupiah OR ""rupiah per litre"" OR ""oil exports"" OR ""export ban"" OR futures OR derivative OR derivatives OR SEBI OR ""stock market"" OR ""domestic market"" OR ""solvent extractors association"" OR ""million tonnes"" OR ""million tonne"" OR ""sports drinks"" OR ""reused cooking oil"" OR biodiesel OR ""bio-diesel"" OR soda OR diesel OR heroin OR ""hidden in cooking oil cargo"")",timesofindia.indiatimes.com
https://indianexpress.com/article/health-wellness/lower-heart-attack-risk-cholesterol-extra-virgin-olive-oil-most-effective-good-fat-9497385/,Which olive oil can lower bad cholesterol and prevent heart attack?,indianexpress.com,2024-08-06,boolean,"((""mustard oil"" OR ""palm oil"" OR ""soybean oil"" OR ""sunflower oil"" OR ""groundnut oil"" OR ""coconut oil"" OR ""rice bran oil"" OR ""cottonseed oil"" OR ""sesame oil"" OR ""olive oil"" OR ""rapeseed-mustard oil"") AND (adulterat* OR contaminat* OR misbrand* OR substandard OR spurious OR fake OR counterfeit OR rancid OR ""reused oil"" OR ""recycled oil"" OR ""unsafe oil"" OR ""unsafe cooking oil"" OR ""unsafe edible oil"" OR ""mixed with"") AND language:en) AND NOT (ghee OR vanaspati OR Indonesia OR ""Joko Widodo"" OR rupiah OR ""rupiah per litre"" OR ""oil exports"" OR ""export ban"" OR futures OR derivative OR derivatives OR SEBI OR ""stock market"" OR ""domestic market"" OR ""solvent extractors association"" OR ""million tonnes"" OR ""million tonne"" OR ""sports drinks"" OR ""reused cooking oil"" OR biodiesel OR ""bio-diesel"" OR soda OR diesel OR heroin OR ""hidden in cooking oil cargo"")",indianexpress.com
https://www.hindustantimes.com/lifestyle/recipe/tomaticn-recipe-the-ultimate-chilean-skillet-comfort-food-for-any-day-of-the-week-101722924256592.html,Tomaticán recipe: The ultimate Chilean skillet comfort food for any day of the week,hindustantimes.com,2024-08-06,boolean,"((""mustard oil"" OR ""palm oil"" OR ""soybean oil"" OR ""sunflower oil"" OR ""groundnut oil"" OR ""coconut oil"" OR ""rice bran oil"" OR ""cottonseed oil"" OR ""sesame oil"" OR ""olive oil"" OR ""rapeseed-mustard oil"") AND (adulterat* OR contaminat* OR misbrand* OR substandard OR spurious OR fake OR counterfeit OR rancid OR ""reused oil"" OR ""recycled oil"" OR ""unsafe oil"" OR ""unsafe cooking oil"" OR ""unsafe edible oil"" OR ""mixed with"") AND language:en) AND NOT (ghee OR vanaspati OR Indonesia OR ""Joko Widodo"" OR rupiah OR ""rupiah per litre"" OR ""oil exports"" OR ""export ban"" OR futures OR derivative OR derivatives OR SEBI OR ""stock market"" OR ""domestic market"" OR ""solvent extractors association"" OR ""million tonnes"" OR ""million tonne"" OR ""sports drinks"" OR ""reused cooking oil"" OR biodiesel OR ""bio-diesel"" OR soda OR diesel OR heroin OR ""hidden in cooking oil cargo"")",hindustantimes.com
https://indianexpress.com/article/upsc-current-affairs/upsc-key-bangladesh-in-turmoil-alderman-to-mcd-horticulture-clusters-more-9498513/,"Bangladesh in turmoil, alderman to MCD, Horticulture clusters more",indianexpress.com,2024-08-06,boolean,"((""edible oils"" OR ""cooking oils"") AND (adulterat* OR contaminat* OR misbrand* OR substandard OR spurious OR fake OR counterfeit OR rancid OR tainted OR unfit OR mislabel* OR ""unsafe oil"" OR ""unsafe cooking oil"" OR ""unsafe edible oil"") AND India AND language:en) AND NOT (ghee OR vanaspati OR Indonesia OR ""Joko Widodo"" OR rupiah OR ""oil exports"" OR ""export ban"" OR futures OR derivatives OR SEBI OR ""stock market"" OR ""solvent extractors association"" OR ""million tonnes"" OR ""sports drinks"" OR biodiesel OR ""bio-diesel"" OR soda OR diesel OR heroin OR ""hidden in cooking oil cargo"")",indianexpress.com
https://timesofindia.indiatimes.com/life-style/health-fitness/health-news/holistic-ways-to-heal-skin-disorders-like-vitiligo-and-psoriasis/articleshow/112165381.cms,Holistic ways to heal skin disorders like vitiligo and psoriasis,indiatimes.com,2024-07-31,boolean,"((""mustard oil"" OR ""palm oil"" OR ""soybean oil"" OR ""sunflower oil"" OR ""groundnut oil"" OR ""coconut oil"" OR ""rice bran oil"" OR ""cottonseed oil"" OR ""sesame oil"" OR ""olive oil"" OR ""rapeseed-mustard oil"") AND (adulterat* OR contaminat* OR misbrand* OR substandard OR spurious OR fake OR counterfeit OR rancid OR ""reused oil"" OR ""recycled oil"" OR ""unsafe oil"" OR ""unsafe cooking oil"" OR ""unsafe edible oil"" OR ""mixed with"") AND language:en) AND NOT (ghee OR vanaspati OR Indonesia OR ""Joko Widodo"" OR rupiah OR ""rupiah per litre"" OR ""oil exports"" OR ""export ban"" OR futures OR derivative OR derivatives OR SEBI OR ""stock market"" OR ""domestic market"" OR ""solvent extractors association"" OR ""million tonnes"" OR ""million tonne"" OR ""sports drinks"" OR ""reused cooking oil"" OR biodiesel OR ""bio-diesel"" OR soda OR diesel OR heroin OR ""hidden in cooking oil cargo"")",timesofindia.indiatimes.com
https://food.ndtv.com/news/vicky-kaushal-loves-dal-pakwan-here-s-proof-6212630#publisher=newsstand,Vicky Kaushal Was Loving This Popular Sindhi Dish. See Pic,ndtv.com,2024-07-29,boolean,"((""mustard oil"" OR ""palm oil"" OR ""soybean oil"" OR ""sunflower oil"" OR ""groundnut oil"" OR ""coconut oil"" OR ""rice bran oil"" OR ""cottonseed oil"" OR ""sesame oil"" OR ""olive oil"" OR ""rapeseed-mustard oil"") AND (adulterat* OR contaminat* OR misbrand* OR substandard OR spurious OR fake OR counterfeit OR rancid OR ""reused oil"" OR ""recycled oil"" OR ""unsafe oil"" OR ""unsafe cooking oil"" OR ""unsafe edible oil"" OR ""mixed with"") AND language:en) AND NOT (ghee OR vanaspati OR Indonesia OR ""Joko Widodo"" OR rupiah OR ""rupiah per litre"" OR ""oil exports"" OR ""export ban"" OR futures OR derivative OR derivatives OR SEBI OR ""stock market"" OR ""domestic market"" OR ""solvent extractors association"" OR ""million tonnes"" OR ""million tonne"" OR ""sports drinks"" OR ""reused cooking oil"" OR biodiesel OR ""bio-diesel"" OR soda OR diesel OR heroin OR ""hidden in cooking oil cargo"")",food.ndtv.com
https://www.hindustantimes.com/lifestyle/recipe/dont-know-what-to-pack-for-your-kids-lunch-box-today-try-these-veggie-packed-wrap-recipes-101722171922417.html,Don't know what to pack for your kid's lunch box today? Try these veggie-packed wrap recipes,hindustantimes.com,2024-07-29,boolean,"((""mustard oil"" OR ""palm oil"" OR ""soybean oil"" OR ""sunflower oil"" OR ""groundnut oil"" OR ""coconut oil"" OR ""rice bran oil"" OR ""cottonseed oil"" OR ""sesame oil"" OR ""olive oil"" OR ""rapeseed-mustard oil"") AND (adulterat* OR contaminat* OR misbrand* OR substandard OR spurious OR fake OR counterfeit OR rancid OR ""reused oil"" OR ""recycled oil"" OR ""unsafe oil"" OR ""unsafe cooking oil"" OR ""unsafe edible oil"" OR ""mixed with"") AND language:en) AND NOT (ghee OR vanaspati OR Indonesia OR ""Joko Widodo"" OR rupiah OR ""rupiah per litre"" OR ""oil exports"" OR ""export ban"" OR futures OR derivative OR derivatives OR SEBI OR ""stock market"" OR ""domestic market"" OR ""solvent extractors association"" OR ""million tonnes"" OR ""million tonne"" OR ""sports drinks"" OR ""reused cooking oil"" OR biodiesel OR ""bio-diesel"" OR soda OR diesel OR heroin OR ""hidden in cooking oil cargo"")",hindustantimes.com
https://www.thehindu.com/news/national/andhra-pradesh/ttd-eo-crack-down-on-hotel-serving-poor-quality-food-in-tirumala/article68417941.ece,TTD EO crack down on hotel serving poor-quality food in Tirumala,thehindu.com,2024-07-18,boolean,"((FSDA OR ""food safety department"") AND (""edible oil"" OR ""cooking oil"" OR ""mustard oil"" OR ""vegetable oil"" OR ""palm oil"" OR ""coconut oil"" OR ""groundnut oil"" OR ""soybean oil"" OR ""sunflower oil"" OR ""edible oils"" OR ""cooking oils"" OR oils) AND (FSSAI OR FDA OR FSDA OR ""food safety"" OR ""food safety officer"" OR raid* OR seiz* OR ""sample collected"" OR ""samples collected"" OR ""lab test"" OR ""quality test"" OR ""sample failed"" OR ""samples failed"" OR ""license suspended"" OR ""licence suspended"" OR crackdown) AND language:en) AND NOT (ghee OR vanaspati OR Indonesia OR ""Joko Widodo"" OR rupiah OR ""oil exports"" OR ""export ban"" OR futures OR derivatives OR SEBI OR ""stock market"" OR ""solvent extractors association"" OR ""million tonnes"" OR ""sports drinks"" OR biodiesel OR ""bio-diesel"" OR soda OR diesel OR heroin OR ""hidden in cooking oil cargo"")",thehindu.com
https://www.thehansindia.com/andhra-pradesh/raid-conducted-on-fast-food-centers-and-hotels-for-using-adulterated-oils-891217,Raid Conducted on Fast Food Centers and Hotels for Using Adulterated Oils,thehansindia.com,2024-07-11,title_only,"((article_title:""edible oils"" OR article_title:""cooking oils"" OR article_title:oils) AND (article_title:adulterat* OR article_title:contaminat* OR article_title:misbrand* OR article_title:substandard OR article_title:spurious OR article_title:fake OR article_title:counterfeit OR article_title:rancid OR article_title:tainted OR article_title:unfit OR article_title:mislabel* OR article_title:""unsafe oil"" OR article_title:""unsafe cooking oil"" OR article_title:""unsafe edible oil"") AND language:en) AND NOT (ghee OR vanaspati OR Indonesia OR ""Joko Widodo"" OR rupiah OR ""oil exports"" OR ""export ban"" OR futures OR derivatives OR SEBI OR ""stock market"" OR ""solvent extractors association"" OR ""million tonnes"" OR ""sports drinks"" OR biodiesel OR ""bio-diesel"" OR soda OR diesel OR heroin OR ""hidden in cooking oil cargo"")",thehansindia.com
https://indianexpress.com/article/lifestyle/food-wine/how-to-store-cooking-oil-properly-stove-tips-mistakes-avoid-9375361/,Storing cooking near the stove and other common mistakes you may be unknowingly making,indianexpress.com,2024-06-06,boolean,"((""edible oils"" OR ""cooking oils"") AND (adulterat* OR contaminat* OR misbrand* OR substandard OR spurious OR fake OR counterfeit OR rancid OR tainted OR unfit OR mislabel* OR ""unsafe oil"" OR ""unsafe cooking oil"" OR ""unsafe edible oil"") AND India AND language:en) AND NOT (ghee OR vanaspati OR Indonesia OR ""Joko Widodo"" OR rupiah OR ""oil exports"" OR ""export ban"" OR futures OR derivatives OR SEBI OR ""stock market"" OR ""solvent extractors association"" OR ""million tonnes"" OR ""sports drinks"" OR biodiesel OR ""bio-diesel"" OR soda OR diesel OR heroin OR ""hidden in cooking oil cargo"")",indianexpress.com
https://indianexpress.com/article/trending/trending-in-india/mcdonalds-burger-fries-theobroma-cake-noida-food-safety-viral-9298460/,"Two fall sick after eating McDonald’s burger, cake from Theobroma in Noida; food safety probe on",indianexpress.com,2024-04-30,boolean,"((""food and drug administration"" OR FDA OR FSDA) AND (""edible oil"" OR ""cooking oil"" OR ""mustard oil"" OR ""vegetable oil"" OR ""palm oil"" OR ""coconut oil"" OR ""groundnut oil"" OR ""soybean oil"" OR ""sunflower oil"" OR ""edible oils"" OR ""cooking oils"" OR oils) AND (raid* OR seiz*) AND India AND language:en) AND NOT (ghee OR vanaspati OR Indonesia OR ""Joko Widodo"" OR rupiah OR ""oil exports"" OR ""export ban"" OR futures OR derivatives OR SEBI OR ""stock market"" OR ""solvent extractors association"" OR ""million tonnes"" OR ""sports drinks"" OR biodiesel OR ""bio-diesel"" OR soda OR diesel OR heroin OR ""hidden in cooking oil cargo"")",indianexpress.com
https://www.thehindu.com/news/national/andhra-pradesh/ap-food-safety-department-receives-80-crore-funds-for-setting-up-food-labs-says-official/article68118185.ece,"A.P. Food Safety Department receives ₹80 crore funds for setting up food labs, says official",thehindu.com,2024-04-28,boolean,"((FSDA OR ""food safety department"") AND (""edible oil"" OR ""cooking oil"" OR ""mustard oil"" OR ""vegetable oil"" OR ""palm oil"" OR ""coconut oil"" OR ""groundnut oil"" OR ""soybean oil"" OR ""sunflower oil"" OR ""edible oils"" OR ""cooking oils"" OR oils) AND (FSSAI OR FDA OR FSDA OR ""food safety"" OR ""food safety officer"" OR raid* OR seiz* OR ""sample collected"" OR ""samples collected"" OR ""lab test"" OR ""quality test"" OR ""sample failed"" OR ""samples failed"" OR ""license suspended"" OR ""licence suspended"" OR crackdown) AND language:en) AND NOT (ghee OR vanaspati OR Indonesia OR ""Joko Widodo"" OR rupiah OR ""oil exports"" OR ""export ban"" OR futures OR derivatives OR SEBI OR ""stock market"" OR ""solvent extractors association"" OR ""million tonnes"" OR ""sports drinks"" OR biodiesel OR ""bio-diesel"" OR soda OR diesel OR heroin OR ""hidden in cooking oil cargo"")",thehindu.com
https://timesofindia.indiatimes.com/city/lucknow/18-hospitalised-after-eating-laddus-in-old-city/articleshow/109658045.cms,18 Hospitalised After Eating Laddus In Old City,indiatimes.com,2024-04-28,boolean,"((FSDA OR ""food safety department"") AND (""edible oil"" OR ""cooking oil"" OR ""mustard oil"" OR ""vegetable oil"" OR ""palm oil"" OR ""coconut oil"" OR ""groundnut oil"" OR ""soybean oil"" OR ""sunflower oil"" OR ""edible oils"" OR ""cooking oils"" OR oils) AND (FSSAI OR FDA OR FSDA OR ""food safety"" OR ""food safety officer"" OR raid* OR seiz* OR ""sample collected"" OR ""samples collected"" OR ""lab test"" OR ""quality test"" OR ""sample failed"" OR ""samples failed"" OR ""license suspended"" OR ""licence suspended"" OR crackdown) AND language:en) AND NOT (ghee OR vanaspati OR Indonesia OR ""Joko Widodo"" OR rupiah OR ""oil exports"" OR ""export ban"" OR futures OR derivatives OR SEBI OR ""stock market"" OR ""solvent extractors association"" OR ""million tonnes"" OR ""sports drinks"" OR biodiesel OR ""bio-diesel"" OR soda OR diesel OR heroin OR ""hidden in cooking oil cargo"")",timesofindia.indiatimes.com
https://www.sentinelassam.com/more-news/editorial/transparency-in-food-manufacturing,Transparency in food manufacturing,sentinelassam.com,2024-04-27,boolean,"(""adulterated food"" AND (""edible oil"" OR ""cooking oil"" OR ""mustard oil"" OR ""vegetable oil"" OR ""palm oil"" OR ""coconut oil"" OR ""groundnut oil"" OR ""soybean oil"" OR ""sunflower oil"" OR ""edible oils"" OR ""cooking oils"" OR oils) AND India AND language:en) AND NOT (ghee OR vanaspati OR Indonesia OR ""Joko Widodo"" OR rupiah OR ""oil exports"" OR ""export ban"" OR futures OR derivatives OR SEBI OR ""stock market"" OR ""solvent extractors association"" OR ""million tonnes"" OR ""sports drinks"" OR biodiesel OR ""bio-diesel"" OR soda OR diesel OR heroin OR ""hidden in cooking oil cargo"")",sentinelassam.com
https://www.thehansindia.com/telangana/dca-raids-clinics-seizes-fake-organic-oils-with-false-claims-862432,"DCA raids clinics, seizes fake organic oils with false claims",thehansindia.com,2024-03-04,title_only,"((article_title:""edible oils"" OR article_title:""cooking oils"" OR article_title:oils) AND (article_title:adulterat* OR article_title:contaminat* OR article_title:misbrand* OR article_title:substandard OR article_title:spurious OR article_title:fake OR article_title:counterfeit OR article_title:rancid OR article_title:tainted OR article_title:unfit OR article_title:mislabel* OR article_title:""unsafe oil"" OR article_title:""unsafe cooking oil"" OR article_title:""unsafe edible oil"") AND language:en) AND NOT (ghee OR vanaspati OR Indonesia OR ""Joko Widodo"" OR rupiah OR ""oil exports"" OR ""export ban"" OR futures OR derivatives OR SEBI OR ""stock market"" OR ""solvent extractors association"" OR ""million tonnes"" OR ""sports drinks"" OR biodiesel OR ""bio-diesel"" OR soda OR diesel OR heroin OR ""hidden in cooking oil cargo"")",thehansindia.com
https://www.freepressjournal.in/bhopal/bhopal-fda-condemned-for-releasing-traders-names-soon-after-raids,Bhopal: FDA Condemned For Releasing Traders’ Names Soon After Raids,freepressjournal.in,2024-02-25,boolean,"((""food and drug administration"" OR FDA OR FSDA) AND (""edible oil"" OR ""cooking oil"" OR ""mustard oil"" OR ""vegetable oil"" OR ""palm oil"" OR ""coconut oil"" OR ""groundnut oil"" OR ""soybean oil"" OR ""sunflower oil"" OR ""edible oils"" OR ""cooking oils"" OR oils) AND (raid* OR seiz*) AND India AND language:en) AND NOT (ghee OR vanaspati OR Indonesia OR ""Joko Widodo"" OR rupiah OR ""oil exports"" OR ""export ban"" OR futures OR derivatives OR SEBI OR ""stock market"" OR ""solvent extractors association"" OR ""million tonnes"" OR ""sports drinks"" OR biodiesel OR ""bio-diesel"" OR soda OR diesel OR heroin OR ""hidden in cooking oil cargo"")",freepressjournal.in
https://timesofindia.indiatimes.com/city/rajkot/global-meet-on-salt-organized-rajkot-the-central-salt-marine-chemicals-research-institute-csmcri/articleshow/107898758.cms,Global meet on salt organized,indiatimes.com,2024-02-22,boolean,"((FSDA OR ""food safety department"") AND (""edible oil"" OR ""cooking oil"" OR ""mustard oil"" OR ""vegetable oil"" OR ""palm oil"" OR ""coconut oil"" OR ""groundnut oil"" OR ""soybean oil"" OR ""sunflower oil"" OR ""edible oils"" OR ""cooking oils"" OR oils) AND (FSSAI OR FDA OR FSDA OR ""food safety"" OR ""food safety officer"" OR raid* OR seiz* OR ""sample collected"" OR ""samples collected"" OR ""lab test"" OR ""quality test"" OR ""sample failed"" OR ""samples failed"" OR ""license suspended"" OR ""licence suspended"" OR crackdown) AND language:en) AND NOT (ghee OR vanaspati OR Indonesia OR ""Joko Widodo"" OR rupiah OR ""oil exports"" OR ""export ban"" OR futures OR derivatives OR SEBI OR ""stock market"" OR ""solvent extractors association"" OR ""million tonnes"" OR ""sports drinks"" OR biodiesel OR ""bio-diesel"" OR soda OR diesel OR heroin OR ""hidden in cooking oil cargo"")",timesofindia.indiatimes.com
https://timesofindia.indiatimes.com/videos/entertainment/regional/bangla/anil-kapoor-spotted-at-an-event-in-kolkata/videoshow/107878585.cms,Anil Kapoor spotted at an event in Kolkata,indiatimes.com,2024-02-21,boolean,"((""food and drug administration"" OR FDA OR FSDA) AND (""edible oil"" OR ""cooking oil"" OR ""mustard oil"" OR ""vegetable oil"" OR ""palm oil"" OR ""coconut oil"" OR ""groundnut oil"" OR ""soybean oil"" OR ""sunflower oil"" OR ""edible oils"" OR ""cooking oils"" OR oils) AND (raid* OR seiz*) AND India AND language:en) AND NOT (ghee OR vanaspati OR Indonesia OR ""Joko Widodo"" OR rupiah OR ""oil exports"" OR ""export ban"" OR futures OR derivatives OR SEBI OR ""stock market"" OR ""solvent extractors association"" OR ""million tonnes"" OR ""sports drinks"" OR biodiesel OR ""bio-diesel"" OR soda OR diesel OR heroin OR ""hidden in cooking oil cargo"")",timesofindia.indiatimes.com
https://www.thehansindia.com/andhra-pradesh/ysrcp-to-field-ummareddys-son-857703,YSRCP to field Ummareddy’s son,thehansindia.com,2024-02-10,boolean,"((""edible oils"" OR ""cooking oils"") AND (adulterat* OR contaminat* OR misbrand* OR substandard OR spurious OR fake OR counterfeit OR rancid OR tainted OR unfit OR mislabel* OR ""unsafe oil"" OR ""unsafe cooking oil"" OR ""unsafe edible oil"") AND India AND language:en) AND NOT (ghee OR vanaspati OR Indonesia OR ""Joko Widodo"" OR rupiah OR ""oil exports"" OR ""export ban"" OR futures OR derivatives OR SEBI OR ""stock market"" OR ""solvent extractors association"" OR ""million tonnes"" OR ""sports drinks"" OR biodiesel OR ""bio-diesel"" OR soda OR diesel OR heroin OR ""hidden in cooking oil cargo"")",thehansindia.com
https://www.thehansindia.com/telangana/wanaparthy-rampant-medical-exploitation-by-rmps-857729,Wanaparthy: Rampant medical exploitation by RMPs,thehansindia.com,2024-02-10,boolean,"((""edible oils"" OR ""cooking oils"") AND (adulterat* OR contaminat* OR misbrand* OR substandard OR spurious OR fake OR counterfeit OR rancid OR tainted OR unfit OR mislabel* OR ""unsafe oil"" OR ""unsafe cooking oil"" OR ""unsafe edible oil"") AND India AND language:en) AND NOT (ghee OR vanaspati OR Indonesia OR ""Joko Widodo"" OR rupiah OR ""oil exports"" OR ""export ban"" OR futures OR derivatives OR SEBI OR ""stock market"" OR ""solvent extractors association"" OR ""million tonnes"" OR ""sports drinks"" OR biodiesel OR ""bio-diesel"" OR soda OR diesel OR heroin OR ""hidden in cooking oil cargo"")",thehansindia.com
https://www.thehansindia.com/telangana/palamuru-reels-under-industrial-pollution-857756,Palamuru reels under industrial pollution,thehansindia.com,2024-02-10,boolean,"((""edible oils"" OR ""cooking oils"") AND (adulterat* OR contaminat* OR misbrand* OR substandard OR spurious OR fake OR counterfeit OR rancid OR tainted OR unfit OR mislabel* OR ""unsafe oil"" OR ""unsafe cooking oil"" OR ""unsafe edible oil"") AND India AND language:en) AND NOT (ghee OR vanaspati OR Indonesia OR ""Joko Widodo"" OR rupiah OR ""oil exports"" OR ""export ban"" OR futures OR derivatives OR SEBI OR ""stock market"" OR ""solvent extractors association"" OR ""million tonnes"" OR ""sports drinks"" OR biodiesel OR ""bio-diesel"" OR soda OR diesel OR heroin OR ""hidden in cooking oil cargo"")",thehansindia.com
https://timesofindia.indiatimes.com/city/thiruvananthapuram/stringent-measures-bring-down-unsafe-food-practices-in-thiruvananthapuram/articleshow/107540773.cms,Stringent Measures Bring Down Unsafe Food Practices in Thiruvananthapuram | Thiruvananthapuram News,indiatimes.com,2024-02-09,boolean,"((FSDA OR ""food safety department"") AND (""edible oil"" OR ""cooking oil"" OR ""mustard oil"" OR ""vegetable oil"" OR ""palm oil"" OR ""coconut oil"" OR ""groundnut oil"" OR ""soybean oil"" OR ""sunflower oil"" OR ""edible oils"" OR ""cooking oils"" OR oils) AND (FSSAI OR FDA OR FSDA OR ""food safety"" OR ""food safety officer"" OR raid* OR seiz* OR ""sample collected"" OR ""samples collected"" OR ""lab test"" OR ""quality test"" OR ""sample failed"" OR ""samples failed"" OR ""license suspended"" OR ""licence suspended"" OR crackdown) AND language:en) AND NOT (ghee OR vanaspati OR Indonesia OR ""Joko Widodo"" OR rupiah OR ""oil exports"" OR ""export ban"" OR futures OR derivatives OR SEBI OR ""stock market"" OR ""solvent extractors association"" OR ""million tonnes"" OR ""sports drinks"" OR biodiesel OR ""bio-diesel"" OR soda OR diesel OR heroin OR ""hidden in cooking oil cargo"")",timesofindia.indiatimes.com
https://www.thehansindia.com/my-voice/myvoice-views-of-our-readers-4th-february-2024-856272,MyVoice: Views of our readers 4th February 2024,thehansindia.com,2024-02-04,boolean,"((""edible oils"" OR ""cooking oils"") AND (adulterat* OR contaminat* OR misbrand* OR substandard OR spurious OR fake OR counterfeit OR rancid OR tainted OR unfit OR mislabel* OR ""unsafe oil"" OR ""unsafe cooking oil"" OR ""unsafe edible oil"") AND India AND language:en) AND NOT (ghee OR vanaspati OR Indonesia OR ""Joko Widodo"" OR rupiah OR ""oil exports"" OR ""export ban"" OR futures OR derivatives OR SEBI OR ""stock market"" OR ""solvent extractors association"" OR ""million tonnes"" OR ""sports drinks"" OR biodiesel OR ""bio-diesel"" OR soda OR diesel OR heroin OR ""hidden in cooking oil cargo"")",thehansindia.com
https://frontline.thehindu.com/the-nation/frontline-on-air-uttar-pradeshs-halal-branding-ban-strategy-to-subjugate-muslims/article67698006.ece,Uttar Pradesh’s halal branding ban: Strategy to subjugate Muslims,thehindu.com,2024-01-03,boolean,"((FSDA OR ""food safety department"") AND (""edible oil"" OR ""cooking oil"" OR ""mustard oil"" OR ""vegetable oil"" OR ""palm oil"" OR ""coconut oil"" OR ""groundnut oil"" OR ""soybean oil"" OR ""sunflower oil"" OR ""edible oils"" OR ""cooking oils"" OR oils) AND (FSSAI OR FDA OR FSDA OR ""food safety"" OR ""food safety officer"" OR raid* OR seiz* OR ""sample collected"" OR ""samples collected"" OR ""lab test"" OR ""quality test"" OR ""sample failed"" OR ""samples failed"" OR ""license suspended"" OR ""licence suspended"" OR crackdown) AND language:en) AND NOT (ghee OR vanaspati OR Indonesia OR ""Joko Widodo"" OR rupiah OR ""oil exports"" OR ""export ban"" OR futures OR derivatives OR SEBI OR ""stock market"" OR ""solvent extractors association"" OR ""million tonnes"" OR ""sports drinks"" OR biodiesel OR ""bio-diesel"" OR soda OR diesel OR heroin OR ""hidden in cooking oil cargo"")",frontline.thehindu.com
https://timesofindia.indiatimes.com/city/kochi/minister-launches-corps-mobile-food-testing-lab/articleshow/106500349.cms,Minister Launches Corp’s Mobile Food Testing Lab,indiatimes.com,2024-01-03,boolean,"((FSDA OR ""food safety department"") AND (""edible oil"" OR ""cooking oil"" OR ""mustard oil"" OR ""vegetable oil"" OR ""palm oil"" OR ""coconut oil"" OR ""groundnut oil"" OR ""soybean oil"" OR ""sunflower oil"" OR ""edible oils"" OR ""cooking oils"" OR oils) AND (FSSAI OR FDA OR FSDA OR ""food safety"" OR ""food safety officer"" OR raid* OR seiz* OR ""sample collected"" OR ""samples collected"" OR ""lab test"" OR ""quality test"" OR ""sample failed"" OR ""samples failed"" OR ""license suspended"" OR ""licence suspended"" OR crackdown) AND language:en) AND NOT (ghee OR vanaspati OR Indonesia OR ""Joko Widodo"" OR rupiah OR ""oil exports"" OR ""export ban"" OR futures OR derivatives OR SEBI OR ""stock market"" OR ""solvent extractors association"" OR ""million tonnes"" OR ""sports drinks"" OR biodiesel OR ""bio-diesel"" OR soda OR diesel OR heroin OR ""hidden in cooking oil cargo"")",timesofindia.indiatimes.com
https://www.businesstoday.in/latest/story/lucknows-sahara-mall-raided-as-up-govt-cracks-down-on-halal-certified-products-406437-2023-11-20?utm_source=rssfeed,Lucknow's Sahara Mall raided as UP govt cracks down on Halal-certified products,businesstoday.in,2023-11-20,boolean,"((FSDA OR ""food safety department"") AND (""edible oil"" OR ""cooking oil"" OR ""mustard oil"" OR ""vegetable oil"" OR ""palm oil"" OR ""coconut oil"" OR ""groundnut oil"" OR ""soybean oil"" OR ""sunflower oil"" OR ""edible oils"" OR ""cooking oils"" OR oils) AND (FSSAI OR FDA OR FSDA OR ""food safety"" OR ""food safety officer"" OR raid* OR seiz* OR ""sample collected"" OR ""samples collected"" OR ""lab test"" OR ""quality test"" OR ""sample failed"" OR ""samples failed"" OR ""license suspended"" OR ""licence suspended"" OR crackdown) AND language:en) AND NOT (ghee OR vanaspati OR Indonesia OR ""Joko Widodo"" OR rupiah OR ""oil exports"" OR ""export ban"" OR futures OR derivatives OR SEBI OR ""stock market"" OR ""solvent extractors association"" OR ""million tonnes"" OR ""sports drinks"" OR biodiesel OR ""bio-diesel"" OR soda OR diesel OR heroin OR ""hidden in cooking oil cargo"")",businesstoday.in
https://www.hindustantimes.com/cities/lucknow-news/up-bans-halal-certified-products-export-goods-to-be-exempted-101700337177713.html,"U.P. bans halal certified products, export goods to be exempted",hindustantimes.com,2023-11-19,boolean,"((FSDA OR ""food safety department"") AND (""edible oil"" OR ""cooking oil"" OR ""mustard oil"" OR ""vegetable oil"" OR ""palm oil"" OR ""coconut oil"" OR ""groundnut oil"" OR ""soybean oil"" OR ""sunflower oil"" OR ""edible oils"" OR ""cooking oils"" OR oils) AND (FSSAI OR FDA OR FSDA OR ""food safety"" OR ""food safety officer"" OR raid* OR seiz* OR ""sample collected"" OR ""samples collected"" OR ""lab test"" OR ""quality test"" OR ""sample failed"" OR ""samples failed"" OR ""license suspended"" OR ""licence suspended"" OR crackdown) AND language:en) AND NOT (ghee OR vanaspati OR Indonesia OR ""Joko Widodo"" OR rupiah OR ""oil exports"" OR ""export ban"" OR futures OR derivatives OR SEBI OR ""stock market"" OR ""solvent extractors association"" OR ""million tonnes"" OR ""sports drinks"" OR biodiesel OR ""bio-diesel"" OR soda OR diesel OR heroin OR ""hidden in cooking oil cargo"")",hindustantimes.com
https://www.tribuneindia.com/news/brand-connect/active-keto-gummies-australia-au-–-amazon-legit-price-keto-gummies-chemist-warehouse-is-chemist-warehouse-keto-gummies-new-zealand-trustable-gummies-547972,Active Keto Gummies Australia (AU) – Amazon Legit Price (Keto Gummies Chemist Warehouse) Is Chemist Warehouse Keto Gummies New Zealand Trustable Gummies?,tribuneindia.com,2023-09-26,boolean,"((""food and drug administration"" OR FDA OR FSDA) AND (""edible oil"" OR ""cooking oil"" OR ""mustard oil"" OR ""vegetable oil"" OR ""palm oil"" OR ""coconut oil"" OR ""groundnut oil"" OR ""soybean oil"" OR ""sunflower oil"" OR ""edible oils"" OR ""cooking oils"" OR oils) AND (raid* OR seiz*) AND India AND language:en) AND NOT (ghee OR vanaspati OR Indonesia OR ""Joko Widodo"" OR rupiah OR ""oil exports"" OR ""export ban"" OR futures OR derivatives OR SEBI OR ""stock market"" OR ""solvent extractors association"" OR ""million tonnes"" OR ""sports drinks"" OR biodiesel OR ""bio-diesel"" OR soda OR diesel OR heroin OR ""hidden in cooking oil cargo"")",tribuneindia.com
https://www.thehindu.com/news/cities/Coimbatore/consumer-body-urges-food-safety-department-to-inspect-roadside-eateries-selling-fried-fish-meat-in-salem/article67334874.ece,"Consumer body urges Food Safety Department to inspect roadside eateries selling fried fish, meat in Salem",thehindu.com,2023-09-22,boolean,"((FSDA OR ""food safety department"") AND (""edible oil"" OR ""cooking oil"" OR ""mustard oil"" OR ""vegetable oil"" OR ""palm oil"" OR ""coconut oil"" OR ""groundnut oil"" OR ""soybean oil"" OR ""sunflower oil"" OR ""edible oils"" OR ""cooking oils"" OR oils) AND (FSSAI OR FDA OR FSDA OR ""food safety"" OR ""food safety officer"" OR raid* OR seiz* OR ""sample collected"" OR ""samples collected"" OR ""lab test"" OR ""quality test"" OR ""sample failed"" OR ""samples failed"" OR ""license suspended"" OR ""licence suspended"" OR crackdown) AND language:en) AND NOT (ghee OR vanaspati OR Indonesia OR ""Joko Widodo"" OR rupiah OR ""oil exports"" OR ""export ban"" OR futures OR derivatives OR SEBI OR ""stock market"" OR ""solvent extractors association"" OR ""million tonnes"" OR ""sports drinks"" OR biodiesel OR ""bio-diesel"" OR soda OR diesel OR heroin OR ""hidden in cooking oil cargo"")",thehindu.com
https://timesofindia.indiatimes.com/city/coimbatore/food-safety-dept-seizes-104-5-kg-of-expired-meat-in-city/articleshow/103825526.cms,Food Safety Dept Seizes 104.5 Kg Of Expired Meat In City,indiatimes.com,2023-09-21,boolean,"((FSDA OR ""food safety department"") AND (""edible oil"" OR ""cooking oil"" OR ""mustard oil"" OR ""vegetable oil"" OR ""palm oil"" OR ""coconut oil"" OR ""groundnut oil"" OR ""soybean oil"" OR ""sunflower oil"" OR ""edible oils"" OR ""cooking oils"" OR oils) AND (FSSAI OR FDA OR FSDA OR ""food safety"" OR ""food safety officer"" OR raid* OR seiz* OR ""sample collected"" OR ""samples collected"" OR ""lab test"" OR ""quality test"" OR ""sample failed"" OR ""samples failed"" OR ""license suspended"" OR ""licence suspended"" OR crackdown) AND language:en) AND NOT (ghee OR vanaspati OR Indonesia OR ""Joko Widodo"" OR rupiah OR ""oil exports"" OR ""export ban"" OR futures OR derivatives OR SEBI OR ""stock market"" OR ""solvent extractors association"" OR ""million tonnes"" OR ""sports drinks"" OR biodiesel OR ""bio-diesel"" OR soda OR diesel OR heroin OR ""hidden in cooking oil cargo"")",timesofindia.indiatimes.com
https://timesofindia.indiatimes.com/city/hyderabad/poor-hygiene-expired-food-at-top-hyderabad-school/articleshow/103700820.cms,"Poor hygiene, expired food at top Hyderabad school",indiatimes.com,2023-09-16,boolean,"((FSDA OR ""food safety department"") AND (""edible oil"" OR ""cooking oil"" OR ""mustard oil"" OR ""vegetable oil"" OR ""palm oil"" OR ""coconut oil"" OR ""groundnut oil"" OR ""soybean oil"" OR ""sunflower oil"" OR ""edible oils"" OR ""cooking oils"" OR oils) AND (FSSAI OR FDA OR FSDA OR ""food safety"" OR ""food safety officer"" OR raid* OR seiz* OR ""sample collected"" OR ""samples collected"" OR ""lab test"" OR ""quality test"" OR ""sample failed"" OR ""samples failed"" OR ""license suspended"" OR ""licence suspended"" OR crackdown) AND language:en) AND NOT (ghee OR vanaspati OR Indonesia OR ""Joko Widodo"" OR rupiah OR ""oil exports"" OR ""export ban"" OR futures OR derivatives OR SEBI OR ""stock market"" OR ""solvent extractors association"" OR ""million tonnes"" OR ""sports drinks"" OR biodiesel OR ""bio-diesel"" OR soda OR diesel OR heroin OR ""hidden in cooking oil cargo"")",timesofindia.indiatimes.com
https://indianexpress.com/article/cities/mumbai/maggots-fdas-inspection-mumbais-bademiya-krishna-fastfood-paradise-home-kitchen-fined-8940407/,"Maggots found in FDA’s inspection in Mumbai’s Bademiya; Krishna Fastfood, Paradise Home Kitchen fined",indianexpress.com,2023-09-14,boolean,"(""unhygienic"" AND (""edible oil"" OR ""cooking oil"" OR ""mustard oil"" OR ""vegetable oil"" OR ""palm oil"" OR ""coconut oil"" OR ""groundnut oil"" OR ""soybean oil"" OR ""sunflower oil"" OR ""edible oils"" OR ""cooking oils"" OR oils) AND (FSSAI OR FDA OR FSDA) AND India AND language:en) AND NOT (ghee OR vanaspati OR Indonesia OR ""Joko Widodo"" OR rupiah OR ""oil exports"" OR ""export ban"" OR futures OR derivatives OR SEBI OR ""stock market"" OR ""solvent extractors association"" OR ""million tonnes"" OR ""sports drinks"" OR biodiesel OR ""bio-diesel"" OR soda OR diesel OR heroin OR ""hidden in cooking oil cargo"")",indianexpress.com
https://www.thehindu.com/news/national/kerala/food-safety-department-to-tighten-vigil-at-border-check-posts-during-onam/article67227831.ece,Food Safety department to tighten vigil at border check-posts during Onam,thehindu.com,2023-08-23,boolean,"((FSDA OR ""food safety department"") AND (""edible oil"" OR ""cooking oil"" OR ""mustard oil"" OR ""vegetable oil"" OR ""palm oil"" OR ""coconut oil"" OR ""groundnut oil"" OR ""soybean oil"" OR ""sunflower oil"" OR ""edible oils"" OR ""cooking oils"" OR oils) AND (FSSAI OR FDA OR FSDA OR ""food safety"" OR ""food safety officer"" OR raid* OR seiz* OR ""sample collected"" OR ""samples collected"" OR ""lab test"" OR ""quality test"" OR ""sample failed"" OR ""samples failed"" OR ""license suspended"" OR ""licence suspended"" OR crackdown) AND language:en) AND NOT (ghee OR vanaspati OR Indonesia OR ""Joko Widodo"" OR rupiah OR ""oil exports"" OR ""export ban"" OR futures OR derivatives OR SEBI OR ""stock market"" OR ""solvent extractors association"" OR ""million tonnes"" OR ""sports drinks"" OR biodiesel OR ""bio-diesel"" OR soda OR diesel OR heroin OR ""hidden in cooking oil cargo"")",thehindu.com
https://timesofindia.indiatimes.com/blogs/voices/medicinal-cannabis-a-myth-a-hype-or-a-potential-reality/,"Medicinal cannabis- a myth, a hype or a potential reality?",indiatimes.com,2023-05-29,boolean,"((""food and drug administration"" OR FDA OR FSDA) AND (""edible oil"" OR ""cooking oil"" OR ""mustard oil"" OR ""vegetable oil"" OR ""palm oil"" OR ""coconut oil"" OR ""groundnut oil"" OR ""soybean oil"" OR ""sunflower oil"" OR ""edible oils"" OR ""cooking oils"" OR oils) AND (raid* OR seiz*) AND India AND language:en) AND NOT (ghee OR vanaspati OR Indonesia OR ""Joko Widodo"" OR rupiah OR ""oil exports"" OR ""export ban"" OR futures OR derivatives OR SEBI OR ""stock market"" OR ""solvent extractors association"" OR ""million tonnes"" OR ""sports drinks"" OR biodiesel OR ""bio-diesel"" OR soda OR diesel OR heroin OR ""hidden in cooking oil cargo"")",timesofindia.indiatimes.com
https://www.thehindu.com/news/national/tamil-nadu/minister-launches-website-for-food-safety-and-mobile-app-for-consumers/article66808957.ece,Minister launches website for food safety and mobile app for consumers,thehindu.com,2023-05-04,boolean,"((FSDA OR ""food safety department"") AND (""edible oil"" OR ""cooking oil"" OR ""mustard oil"" OR ""vegetable oil"" OR ""palm oil"" OR ""coconut oil"" OR ""groundnut oil"" OR ""soybean oil"" OR ""sunflower oil"" OR ""edible oils"" OR ""cooking oils"" OR oils) AND (FSSAI OR FDA OR FSDA OR ""food safety"" OR ""food safety officer"" OR raid* OR seiz* OR ""sample collected"" OR ""samples collected"" OR ""lab test"" OR ""quality test"" OR ""sample failed"" OR ""samples failed"" OR ""license suspended"" OR ""licence suspended"" OR crackdown) AND language:en) AND NOT (ghee OR vanaspati OR Indonesia OR ""Joko Widodo"" OR rupiah OR ""oil exports"" OR ""export ban"" OR futures OR derivatives OR SEBI OR ""stock market"" OR ""solvent extractors association"" OR ""million tonnes"" OR ""sports drinks"" OR biodiesel OR ""bio-diesel"" OR soda OR diesel OR heroin OR ""hidden in cooking oil cargo"")",thehindu.com
https://www.thequint.com/fit/alt-remedies/cannabis-cbd-oil-uses-chronic-pain-and-addiction,A Drug or Remedy? Understanding CBD Oil Beyond Its Purposes & Stereotypes,thequint.com,2023-04-12,boolean,"((""food and drug administration"" OR FDA OR FSDA) AND (""edible oil"" OR ""cooking oil"" OR ""mustard oil"" OR ""vegetable oil"" OR ""palm oil"" OR ""coconut oil"" OR ""groundnut oil"" OR ""soybean oil"" OR ""sunflower oil"" OR ""edible oils"" OR ""cooking oils"" OR oils) AND (raid* OR seiz*) AND India AND language:en) AND NOT (ghee OR vanaspati OR Indonesia OR ""Joko Widodo"" OR rupiah OR ""oil exports"" OR ""export ban"" OR futures OR derivatives OR SEBI OR ""stock market"" OR ""solvent extractors association"" OR ""million tonnes"" OR ""sports drinks"" OR biodiesel OR ""bio-diesel"" OR soda OR diesel OR heroin OR ""hidden in cooking oil cargo"")",thequint.com
https://www.mid-day.com/lifestyle/health-&-fitness/article/dream-interpreters-reveal-why-we-dream-and-what-do-they-really-mean-23275710,"Health News: Health Issues, Health Tips, Beauty Tips, Good Health",mid-day.com,2023-03-17,boolean,"((""edible oils"" OR ""cooking oils"") AND (adulterat* OR contaminat* OR misbrand* OR substandard OR spurious OR fake OR counterfeit OR rancid OR tainted OR unfit OR mislabel* OR ""unsafe oil"" OR ""unsafe cooking oil"" OR ""unsafe edible oil"") AND India AND language:en) AND NOT (ghee OR vanaspati OR Indonesia OR ""Joko Widodo"" OR rupiah OR ""oil exports"" OR ""export ban"" OR futures OR derivatives OR SEBI OR ""stock market"" OR ""solvent extractors association"" OR ""million tonnes"" OR ""sports drinks"" OR biodiesel OR ""bio-diesel"" OR soda OR diesel OR heroin OR ""hidden in cooking oil cargo"")",mid-day.com
https://www.mid-day.com/lifestyle/health-&-fitness/article/1-in-8-indians-at-risk-of-developing-irreversible-blindness-clinical-expert-23275535,"Health News: Health Issues, Health Tips, Beauty Tips, Good Health",mid-day.com,2023-03-16,boolean,"((""edible oils"" OR ""cooking oils"") AND (adulterat* OR contaminat* OR misbrand* OR substandard OR spurious OR fake OR counterfeit OR rancid OR tainted OR unfit OR mislabel* OR ""unsafe oil"" OR ""unsafe cooking oil"" OR ""unsafe edible oil"") AND India AND language:en) AND NOT (ghee OR vanaspati OR Indonesia OR ""Joko Widodo"" OR rupiah OR ""oil exports"" OR ""export ban"" OR futures OR derivatives OR SEBI OR ""stock market"" OR ""solvent extractors association"" OR ""million tonnes"" OR ""sports drinks"" OR biodiesel OR ""bio-diesel"" OR soda OR diesel OR heroin OR ""hidden in cooking oil cargo"")",mid-day.com
https://economictimes.indiatimes.com/markets/stocks/news/stocks-in-news-adani-enterprises-adani-ports-yes-bank-edelweiss-financial-services-natco-pharma/articleshow/98370512.cms,"Stocks in news: Adani Enterprises, Adani Ports, YES Bank, Edelweiss Financial Services, Natco Pharma",indiatimes.com,2023-03-03,boolean,"((""food and drug administration"" OR FDA OR FSDA) AND (""edible oil"" OR ""cooking oil"" OR ""mustard oil"" OR ""vegetable oil"" OR ""palm oil"" OR ""coconut oil"" OR ""groundnut oil"" OR ""soybean oil"" OR ""sunflower oil"" OR ""edible oils"" OR ""cooking oils"" OR oils) AND (raid* OR seiz*) AND India AND language:en) AND NOT (ghee OR vanaspati OR Indonesia OR ""Joko Widodo"" OR rupiah OR ""oil exports"" OR ""export ban"" OR futures OR derivatives OR SEBI OR ""stock market"" OR ""solvent extractors association"" OR ""million tonnes"" OR ""sports drinks"" OR biodiesel OR ""bio-diesel"" OR soda OR diesel OR heroin OR ""hidden in cooking oil cargo"")",economictimes.indiatimes.com
https://www.tribuneindia.com/news/brand-connect/alpilean-reviews-can-you-trust-alpine-ice-hack-weight-loss-customer-results-481013,Can You Trust Alpine Ice Hack Weight Loss Customer Results,tribuneindia.com,2023-02-18,boolean,"((""food and drug administration"" OR FDA OR FSDA) AND (""edible oil"" OR ""cooking oil"" OR ""mustard oil"" OR ""vegetable oil"" OR ""palm oil"" OR ""coconut oil"" OR ""groundnut oil"" OR ""soybean oil"" OR ""sunflower oil"" OR ""edible oils"" OR ""cooking oils"" OR oils) AND (raid* OR seiz*) AND India AND language:en) AND NOT (ghee OR vanaspati OR Indonesia OR ""Joko Widodo"" OR rupiah OR ""oil exports"" OR ""export ban"" OR futures OR derivatives OR SEBI OR ""stock market"" OR ""solvent extractors association"" OR ""million tonnes"" OR ""sports drinks"" OR biodiesel OR ""bio-diesel"" OR soda OR diesel OR heroin OR ""hidden in cooking oil cargo"")",tribuneindia.com
https://www.tribuneindia.com/news/jalandhar/food-safety-team-takes-samples-for-lab-analysis-479602,Food safety team takes samples for lab analysis,tribuneindia.com,2023-02-14,boolean,"((FSDA OR ""food safety department"") AND (""edible oil"" OR ""cooking oil"" OR ""mustard oil"" OR ""vegetable oil"" OR ""palm oil"" OR ""coconut oil"" OR ""groundnut oil"" OR ""soybean oil"" OR ""sunflower oil"" OR ""edible oils"" OR ""cooking oils"" OR oils) AND (FSSAI OR FDA OR FSDA OR ""food safety"" OR ""food safety officer"" OR raid* OR seiz* OR ""sample collected"" OR ""samples collected"" OR ""lab test"" OR ""quality test"" OR ""sample failed"" OR ""samples failed"" OR ""license suspended"" OR ""licence suspended"" OR crackdown) AND language:en) AND NOT (ghee OR vanaspati OR Indonesia OR ""Joko Widodo"" OR rupiah OR ""oil exports"" OR ""export ban"" OR futures OR derivatives OR SEBI OR ""stock market"" OR ""solvent extractors association"" OR ""million tonnes"" OR ""sports drinks"" OR biodiesel OR ""bio-diesel"" OR soda OR diesel OR heroin OR ""hidden in cooking oil cargo"")",tribuneindia.com
https://www.newindianexpress.com/cities/kochi/2023/jan/13/500-kg-of-stale-chicken-seized-in-kochi-2537295.html,500 kg of stale chicken seized in Kochi,newindianexpress.com,2023-01-13,boolean,"((FSDA OR ""food safety department"") AND (""edible oil"" OR ""cooking oil"" OR ""mustard oil"" OR ""vegetable oil"" OR ""palm oil"" OR ""coconut oil"" OR ""groundnut oil"" OR ""soybean oil"" OR ""sunflower oil"" OR ""edible oils"" OR ""cooking oils"" OR oils) AND (FSSAI OR FDA OR FSDA OR ""food safety"" OR ""food safety officer"" OR raid* OR seiz* OR ""sample collected"" OR ""samples collected"" OR ""lab test"" OR ""quality test"" OR ""sample failed"" OR ""samples failed"" OR ""license suspended"" OR ""licence suspended"" OR crackdown) AND language:en) AND NOT (ghee OR vanaspati OR Indonesia OR ""Joko Widodo"" OR rupiah OR ""oil exports"" OR ""export ban"" OR futures OR derivatives OR SEBI OR ""stock market"" OR ""solvent extractors association"" OR ""million tonnes"" OR ""sports drinks"" OR biodiesel OR ""bio-diesel"" OR soda OR diesel OR heroin OR ""hidden in cooking oil cargo"")",newindianexpress.com
https://www.freepressjournal.in/analysis/the-end-of-innocence,The end of innocence?,freepressjournal.in,2022-12-27,boolean,"((""edible oils"" OR ""cooking oils"") AND (adulterat* OR contaminat* OR misbrand* OR substandard OR spurious OR fake OR counterfeit OR rancid OR tainted OR unfit OR mislabel* OR ""unsafe oil"" OR ""unsafe cooking oil"" OR ""unsafe edible oil"") AND India AND language:en) AND NOT (ghee OR vanaspati OR Indonesia OR ""Joko Widodo"" OR rupiah OR ""oil exports"" OR ""export ban"" OR futures OR derivatives OR SEBI OR ""stock market"" OR ""solvent extractors association"" OR ""million tonnes"" OR ""sports drinks"" OR biodiesel OR ""bio-diesel"" OR soda OR diesel OR heroin OR ""hidden in cooking oil cargo"")",freepressjournal.in
https://www.tribuneindia.com/news/brand-connect/tyler-perry-cbd-gummies-dolly-parton-cbd-gummies-paul-mccartney-cbd-gummies-scam-exposed-truth-behind-review-461671,Tyler Perry CBD Gummies,tribuneindia.com,2022-12-16,boolean,"((""food and drug administration"" OR FDA OR FSDA) AND (""edible oil"" OR ""cooking oil"" OR ""mustard oil"" OR ""vegetable oil"" OR ""palm oil"" OR ""coconut oil"" OR ""groundnut oil"" OR ""soybean oil"" OR ""sunflower oil"" OR ""edible oils"" OR ""cooking oils"" OR oils) AND (raid* OR seiz*) AND India AND language:en) AND NOT (ghee OR vanaspati OR Indonesia OR ""Joko Widodo"" OR rupiah OR ""oil exports"" OR ""export ban"" OR futures OR derivatives OR SEBI OR ""stock market"" OR ""solvent extractors association"" OR ""million tonnes"" OR ""sports drinks"" OR biodiesel OR ""bio-diesel"" OR soda OR diesel OR heroin OR ""hidden in cooking oil cargo"")",tribuneindia.com
https://www.tribuneindia.com/news/brand-connect/alpilean-reviews-untold-side-effects-truth-about-alpine-weight-loss-pills-himalayan-ice-hack-456296,Alpilean Reviews: Untold Side Effects Truth About Alpine Weight Loss Pills,tribuneindia.com,2022-11-30,boolean,"((""food and drug administration"" OR FDA OR FSDA) AND (""edible oil"" OR ""cooking oil"" OR ""mustard oil"" OR ""vegetable oil"" OR ""palm oil"" OR ""coconut oil"" OR ""groundnut oil"" OR ""soybean oil"" OR ""sunflower oil"" OR ""edible oils"" OR ""cooking oils"" OR oils) AND (raid* OR seiz*) AND India AND language:en) AND NOT (ghee OR vanaspati OR Indonesia OR ""Joko Widodo"" OR rupiah OR ""oil exports"" OR ""export ban"" OR futures OR derivatives OR SEBI OR ""stock market"" OR ""solvent extractors association"" OR ""million tonnes"" OR ""sports drinks"" OR biodiesel OR ""bio-diesel"" OR soda OR diesel OR heroin OR ""hidden in cooking oil cargo"")",tribuneindia.com
https://www.tribuneindia.com/news/brand-connect/totally-bangin-self-tan-mousse-review-natural-bronze-tanning-mousse-worth-it-449603,Totally Bangin Self Tan Mousse Review,tribuneindia.com,2022-11-10,boolean,"((""food and drug administration"" OR FDA OR FSDA) AND (""edible oil"" OR ""cooking oil"" OR ""mustard oil"" OR ""vegetable oil"" OR ""palm oil"" OR ""coconut oil"" OR ""groundnut oil"" OR ""soybean oil"" OR ""sunflower oil"" OR ""edible oils"" OR ""cooking oils"" OR oils) AND (raid* OR seiz*) AND India AND language:en) AND NOT (ghee OR vanaspati OR Indonesia OR ""Joko Widodo"" OR rupiah OR ""oil exports"" OR ""export ban"" OR futures OR derivatives OR SEBI OR ""stock market"" OR ""solvent extractors association"" OR ""million tonnes"" OR ""sports drinks"" OR biodiesel OR ""bio-diesel"" OR soda OR diesel OR heroin OR ""hidden in cooking oil cargo"")",tribuneindia.com
https://timesofindia.indiatimes.com/city/nagpur/black-pepper-worth-rs58-l-seized-on-suspicion-of-being-adulterated/articleshow/95387076.cms,Black pepper worth Rs58 L seized on suspicion of being adulterated,indiatimes.com,2022-11-09,boolean,"((""food and drug administration"" OR FDA OR FSDA) AND (""edible oil"" OR ""cooking oil"" OR ""mustard oil"" OR ""vegetable oil"" OR ""palm oil"" OR ""coconut oil"" OR ""groundnut oil"" OR ""soybean oil"" OR ""sunflower oil"" OR ""edible oils"" OR ""cooking oils"" OR oils) AND (raid* OR seiz*) AND India AND language:en) AND NOT (ghee OR vanaspati OR Indonesia OR ""Joko Widodo"" OR rupiah OR ""oil exports"" OR ""export ban"" OR futures OR derivatives OR SEBI OR ""stock market"" OR ""solvent extractors association"" OR ""million tonnes"" OR ""sports drinks"" OR biodiesel OR ""bio-diesel"" OR soda OR diesel OR heroin OR ""hidden in cooking oil cargo"")",timesofindia.indiatimes.com
https://www.indiatoday.in/india/story/chhath-politics-yamuna-foam-defoamers-bjp-aap-delhi-2291839-2022-11-01?utm_source=rss,"Chhath politics, foaming Yamuna, and defoamers",indiatoday.in,2022-11-01,boolean,"((""food and drug administration"" OR FDA OR FSDA) AND (""edible oil"" OR ""cooking oil"" OR ""mustard oil"" OR ""vegetable oil"" OR ""palm oil"" OR ""coconut oil"" OR ""groundnut oil"" OR ""soybean oil"" OR ""sunflower oil"" OR ""edible oils"" OR ""cooking oils"" OR oils) AND (raid* OR seiz*) AND India AND language:en) AND NOT (ghee OR vanaspati OR Indonesia OR ""Joko Widodo"" OR rupiah OR ""oil exports"" OR ""export ban"" OR futures OR derivatives OR SEBI OR ""stock market"" OR ""solvent extractors association"" OR ""million tonnes"" OR ""sports drinks"" OR biodiesel OR ""bio-diesel"" OR soda OR diesel OR heroin OR ""hidden in cooking oil cargo"")",indiatoday.in
https://timesofindia.indiatimes.com/city/trichy/sweet-savoury-makers-under-fssai-lens-ahead-of-diwali/articleshow/94800037.cms,"Sweet, Savoury Makers Under Fssai Lens Ahead Of Diwali",indiatimes.com,2022-10-12,boolean,"((FSDA OR ""food safety department"") AND (""edible oil"" OR ""cooking oil"" OR ""mustard oil"" OR ""vegetable oil"" OR ""palm oil"" OR ""coconut oil"" OR ""groundnut oil"" OR ""soybean oil"" OR ""sunflower oil"" OR ""edible oils"" OR ""cooking oils"" OR oils) AND (FSSAI OR FDA OR FSDA OR ""food safety"" OR ""food safety officer"" OR raid* OR seiz* OR ""sample collected"" OR ""samples collected"" OR ""lab test"" OR ""quality test"" OR ""sample failed"" OR ""samples failed"" OR ""license suspended"" OR ""licence suspended"" OR crackdown) AND language:en) AND NOT (ghee OR vanaspati OR Indonesia OR ""Joko Widodo"" OR rupiah OR ""oil exports"" OR ""export ban"" OR futures OR derivatives OR SEBI OR ""stock market"" OR ""solvent extractors association"" OR ""million tonnes"" OR ""sports drinks"" OR biodiesel OR ""bio-diesel"" OR soda OR diesel OR heroin OR ""hidden in cooking oil cargo"")",timesofindia.indiatimes.com
https://www.hindustantimes.com/cities/lucknow-news/up-rs-9-75-lakh-fine-slapped-on-17-food-adulterators-in-lucknow-101665164346689.html,U.P.: ₹9.75 lakh fine slapped on 17 food adulterators in Lucknow,hindustantimes.com,2022-10-07,boolean,"((FSDA OR ""food safety department"") AND (""edible oil"" OR ""cooking oil"" OR ""mustard oil"" OR ""vegetable oil"" OR ""palm oil"" OR ""coconut oil"" OR ""groundnut oil"" OR ""soybean oil"" OR ""sunflower oil"" OR ""edible oils"" OR ""cooking oils"" OR oils) AND (FSSAI OR FDA OR FSDA OR ""food safety"" OR ""food safety officer"" OR raid* OR seiz* OR ""sample collected"" OR ""samples collected"" OR ""lab test"" OR ""quality test"" OR ""sample failed"" OR ""samples failed"" OR ""license suspended"" OR ""licence suspended"" OR crackdown) AND language:en) AND NOT (ghee OR vanaspati OR Indonesia OR ""Joko Widodo"" OR rupiah OR ""oil exports"" OR ""export ban"" OR futures OR derivatives OR SEBI OR ""stock market"" OR ""solvent extractors association"" OR ""million tonnes"" OR ""sports drinks"" OR biodiesel OR ""bio-diesel"" OR soda OR diesel OR heroin OR ""hidden in cooking oil cargo"")",hindustantimes.com
https://timesofindia.indiatimes.com/city/chennai/food-festival-begins-in-chennai/articleshow/93526590.cms,Food festival begins in Chennai,indiatimes.com,2022-08-12,boolean,"((FSDA OR ""food safety department"") AND (""edible oil"" OR ""cooking oil"" OR ""mustard oil"" OR ""vegetable oil"" OR ""palm oil"" OR ""coconut oil"" OR ""groundnut oil"" OR ""soybean oil"" OR ""sunflower oil"" OR ""edible oils"" OR ""cooking oils"" OR oils) AND (FSSAI OR FDA OR FSDA OR ""food safety"" OR ""food safety officer"" OR raid* OR seiz* OR ""sample collected"" OR ""samples collected"" OR ""lab test"" OR ""quality test"" OR ""sample failed"" OR ""samples failed"" OR ""license suspended"" OR ""licence suspended"" OR crackdown) AND language:en) AND NOT (ghee OR vanaspati OR Indonesia OR ""Joko Widodo"" OR rupiah OR ""oil exports"" OR ""export ban"" OR futures OR derivatives OR SEBI OR ""stock market"" OR ""solvent extractors association"" OR ""million tonnes"" OR ""sports drinks"" OR biodiesel OR ""bio-diesel"" OR soda OR diesel OR heroin OR ""hidden in cooking oil cargo"")",timesofindia.indiatimes.com
https://timesofindia.indiatimes.com/city/kochi/plan-to-convert-used-cooking-oil-into-biofuel/articleshow/92911789.cms,Plan To Convert Used Cooking Oil Into Biofuel,indiatimes.com,2022-07-16,boolean,"((FSDA OR ""food safety department"") AND (""edible oil"" OR ""cooking oil"" OR ""mustard oil"" OR ""vegetable oil"" OR ""palm oil"" OR ""coconut oil"" OR ""groundnut oil"" OR ""soybean oil"" OR ""sunflower oil"" OR ""edible oils"" OR ""cooking oils"" OR oils) AND (FSSAI OR FDA OR FSDA OR ""food safety"" OR ""food safety officer"" OR raid* OR seiz* OR ""sample collected"" OR ""samples collected"" OR ""lab test"" OR ""quality test"" OR ""sample failed"" OR ""samples failed"" OR ""license suspended"" OR ""licence suspended"" OR crackdown) AND language:en) AND NOT (ghee OR vanaspati OR Indonesia OR ""Joko Widodo"" OR rupiah OR ""oil exports"" OR ""export ban"" OR futures OR derivatives OR SEBI OR ""stock market"" OR ""solvent extractors association"" OR ""million tonnes"" OR ""sports drinks"" OR biodiesel OR ""bio-diesel"" OR soda OR diesel OR heroin OR ""hidden in cooking oil cargo"")",timesofindia.indiatimes.com
https://www.newindianexpress.com/states/kerala/2022/jul/14/poultry-stalls-slaughterhousesoperate-in-kerala-flouting-rules-2476276.html,"Poultry stalls, slaughterhouses operate in Kerala flouting rules",newindianexpress.com,2022-07-14,boolean,"((FSDA OR ""food safety department"") AND (""edible oil"" OR ""cooking oil"" OR ""mustard oil"" OR ""vegetable oil"" OR ""palm oil"" OR ""coconut oil"" OR ""groundnut oil"" OR ""soybean oil"" OR ""sunflower oil"" OR ""edible oils"" OR ""cooking oils"" OR oils) AND (FSSAI OR FDA OR FSDA OR ""food safety"" OR ""food safety officer"" OR raid* OR seiz* OR ""sample collected"" OR ""samples collected"" OR ""lab test"" OR ""quality test"" OR ""sample failed"" OR ""samples failed"" OR ""license suspended"" OR ""licence suspended"" OR crackdown) AND language:en) AND NOT (ghee OR vanaspati OR Indonesia OR ""Joko Widodo"" OR rupiah OR ""oil exports"" OR ""export ban"" OR futures OR derivatives OR SEBI OR ""stock market"" OR ""solvent extractors association"" OR ""million tonnes"" OR ""sports drinks"" OR biodiesel OR ""bio-diesel"" OR soda OR diesel OR heroin OR ""hidden in cooking oil cargo"")",newindianexpress.com
https://www.newindianexpress.com/states/tamil-nadu/2022/jul/07/pds-shops-eye-fssai-licence-in-tamil-nadu-to-supply-toor-dal-in-packets-2473799.html,"PDS shops eye FSSAI licence in Tamil Nadu, to supply toor dal in packets",newindianexpress.com,2022-07-07,boolean,"((FSDA OR ""food safety department"") AND (""edible oil"" OR ""cooking oil"" OR ""mustard oil"" OR ""vegetable oil"" OR ""palm oil"" OR ""coconut oil"" OR ""groundnut oil"" OR ""soybean oil"" OR ""sunflower oil"" OR ""edible oils"" OR ""cooking oils"" OR oils) AND (FSSAI OR FDA OR FSDA OR ""food safety"" OR ""food safety officer"" OR raid* OR seiz* OR ""sample collected"" OR ""samples collected"" OR ""lab test"" OR ""quality test"" OR ""sample failed"" OR ""samples failed"" OR ""license suspended"" OR ""licence suspended"" OR crackdown) AND language:en) AND NOT (ghee OR vanaspati OR Indonesia OR ""Joko Widodo"" OR rupiah OR ""oil exports"" OR ""export ban"" OR futures OR derivatives OR SEBI OR ""stock market"" OR ""solvent extractors association"" OR ""million tonnes"" OR ""sports drinks"" OR biodiesel OR ""bio-diesel"" OR soda OR diesel OR heroin OR ""hidden in cooking oil cargo"")",newindianexpress.com
https://www.thehindu.com/news/national/kerala/ministers-order-probe-into-food-poisoning/article65494802.ece,Ministers order probe into food poisoning,thehindu.com,2022-06-04,boolean,"((FSDA OR ""food safety department"") AND (""edible oil"" OR ""cooking oil"" OR ""mustard oil"" OR ""vegetable oil"" OR ""palm oil"" OR ""coconut oil"" OR ""groundnut oil"" OR ""soybean oil"" OR ""sunflower oil"" OR ""edible oils"" OR ""cooking oils"" OR oils) AND (FSSAI OR FDA OR FSDA OR ""food safety"" OR ""food safety officer"" OR raid* OR seiz* OR ""sample collected"" OR ""samples collected"" OR ""lab test"" OR ""quality test"" OR ""sample failed"" OR ""samples failed"" OR ""license suspended"" OR ""licence suspended"" OR crackdown) AND language:en) AND NOT (ghee OR vanaspati OR Indonesia OR ""Joko Widodo"" OR rupiah OR ""oil exports"" OR ""export ban"" OR futures OR derivatives OR SEBI OR ""stock market"" OR ""solvent extractors association"" OR ""million tonnes"" OR ""sports drinks"" OR biodiesel OR ""bio-diesel"" OR soda OR diesel OR heroin OR ""hidden in cooking oil cargo"")",thehindu.com
https://indianexpress.com/article/lifestyle/health/world-inflammatory-bowel-disease-day-the-incidence-of-ibd-is-increasing-7928626/,World Inflammatory Bowel Disease day: ‘The incidence of IBD is increasing’,indianexpress.com,2022-05-21,boolean,"(""adulterated food"" AND (""edible oil"" OR ""cooking oil"" OR ""mustard oil"" OR ""vegetable oil"" OR ""palm oil"" OR ""coconut oil"" OR ""groundnut oil"" OR ""soybean oil"" OR ""sunflower oil"" OR ""edible oils"" OR ""cooking oils"" OR oils) AND India AND language:en) AND NOT (ghee OR vanaspati OR Indonesia OR ""Joko Widodo"" OR rupiah OR ""oil exports"" OR ""export ban"" OR futures OR derivatives OR SEBI OR ""stock market"" OR ""solvent extractors association"" OR ""million tonnes"" OR ""sports drinks"" OR biodiesel OR ""bio-diesel"" OR soda OR diesel OR heroin OR ""hidden in cooking oil cargo"")",indianexpress.com
https://www.thehindu.com/news/cities/chennai/491-tonnes-of-banned-tobacco-products-seized-minister/article65258831.ece,491 tonnes of banned tobacco products seized: Minister,thehindu.com,2022-03-25,boolean,"((FSDA OR ""food safety department"") AND (""edible oil"" OR ""cooking oil"" OR ""mustard oil"" OR ""vegetable oil"" OR ""palm oil"" OR ""coconut oil"" OR ""groundnut oil"" OR ""soybean oil"" OR ""sunflower oil"" OR ""edible oils"" OR ""cooking oils"" OR oils) AND (FSSAI OR FDA OR FSDA OR ""food safety"" OR ""food safety officer"" OR raid* OR seiz* OR ""sample collected"" OR ""samples collected"" OR ""lab test"" OR ""quality test"" OR ""sample failed"" OR ""samples failed"" OR ""license suspended"" OR ""licence suspended"" OR crackdown) AND language:en) AND NOT (ghee OR vanaspati OR Indonesia OR ""Joko Widodo"" OR rupiah OR ""oil exports"" OR ""export ban"" OR futures OR derivatives OR SEBI OR ""stock market"" OR ""solvent extractors association"" OR ""million tonnes"" OR ""sports drinks"" OR biodiesel OR ""bio-diesel"" OR soda OR diesel OR heroin OR ""hidden in cooking oil cargo"")",thehindu.com
https://www.firstpost.com/health/exipure-reviews-hype-or-tropical-fat-dissolving-loophole-that-works-10458081.html,Exipure Reviews: Hype or Tropical Fat-Dissolving Loophole That Works!,firstpost.com,2022-03-14,boolean,"((""food and drug administration"" OR FDA OR FSDA) AND (""edible oil"" OR ""cooking oil"" OR ""mustard oil"" OR ""vegetable oil"" OR ""palm oil"" OR ""coconut oil"" OR ""groundnut oil"" OR ""soybean oil"" OR ""sunflower oil"" OR ""edible oils"" OR ""cooking oils"" OR oils) AND (raid* OR seiz*) AND India AND language:en) AND NOT (ghee OR vanaspati OR Indonesia OR ""Joko Widodo"" OR rupiah OR ""oil exports"" OR ""export ban"" OR futures OR derivatives OR SEBI OR ""stock market"" OR ""solvent extractors association"" OR ""million tonnes"" OR ""sports drinks"" OR biodiesel OR ""bio-diesel"" OR soda OR diesel OR heroin OR ""hidden in cooking oil cargo"")",firstpost.com
https://www.thehindu.com/news/cities/kozhikode/kozhikode-beach-to-be-made-clean-street-food-hub/article65190412.ece,Kozhikode beach to be made Clean Street Food Hub,thehindu.com,2022-03-04,boolean,"((FSDA OR ""food safety department"") AND (""edible oil"" OR ""cooking oil"" OR ""mustard oil"" OR ""vegetable oil"" OR ""palm oil"" OR ""coconut oil"" OR ""groundnut oil"" OR ""soybean oil"" OR ""sunflower oil"" OR ""edible oils"" OR ""cooking oils"" OR oils) AND (FSSAI OR FDA OR FSDA OR ""food safety"" OR ""food safety officer"" OR raid* OR seiz* OR ""sample collected"" OR ""samples collected"" OR ""lab test"" OR ""quality test"" OR ""sample failed"" OR ""samples failed"" OR ""license suspended"" OR ""licence suspended"" OR crackdown) AND language:en) AND NOT (ghee OR vanaspati OR Indonesia OR ""Joko Widodo"" OR rupiah OR ""oil exports"" OR ""export ban"" OR futures OR derivatives OR SEBI OR ""stock market"" OR ""solvent extractors association"" OR ""million tonnes"" OR ""sports drinks"" OR biodiesel OR ""bio-diesel"" OR soda OR diesel OR heroin OR ""hidden in cooking oil cargo"")",thehindu.com
https://www.thehindu.com/news/cities/Delhi/explained-how-are-police-station-canteens-in-new-delhi-introducing-healthy-meals/article65065136.ece,How are police station canteens in New Delhi introducing healthy meals,thehindu.com,2022-02-19,boolean,"((FSDA OR ""food safety department"") AND (""edible oil"" OR ""cooking oil"" OR ""mustard oil"" OR ""vegetable oil"" OR ""palm oil"" OR ""coconut oil"" OR ""groundnut oil"" OR ""soybean oil"" OR ""sunflower oil"" OR ""edible oils"" OR ""cooking oils"" OR oils) AND (FSSAI OR FDA OR FSDA OR ""food safety"" OR ""food safety officer"" OR raid* OR seiz* OR ""sample collected"" OR ""samples collected"" OR ""lab test"" OR ""quality test"" OR ""sample failed"" OR ""samples failed"" OR ""license suspended"" OR ""licence suspended"" OR crackdown) AND language:en) AND NOT (ghee OR vanaspati OR Indonesia OR ""Joko Widodo"" OR rupiah OR ""oil exports"" OR ""export ban"" OR futures OR derivatives OR SEBI OR ""stock market"" OR ""solvent extractors association"" OR ""million tonnes"" OR ""sports drinks"" OR biodiesel OR ""bio-diesel"" OR soda OR diesel OR heroin OR ""hidden in cooking oil cargo"")",thehindu.com
https://www.freepressjournal.in/lifestyle/post-party-skin-care-rituals-that-can-bless-you-with-a-supple-and-radiant-skin,Post-party skin care rituals that can bless you with a supple and radiant skin,freepressjournal.in,2022-01-16,boolean,"((""mustard oil"" OR ""palm oil"" OR ""soybean oil"" OR ""sunflower oil"" OR ""groundnut oil"" OR ""coconut oil"" OR ""rice bran oil"" OR ""cottonseed oil"" OR ""sesame oil"" OR ""olive oil"" OR ""rapeseed-mustard oil"") AND (adulterat* OR contaminat* OR misbrand* OR substandard OR spurious OR fake OR counterfeit OR rancid OR ""reused oil"" OR ""recycled oil"" OR ""unsafe oil"" OR ""unsafe cooking oil"" OR ""unsafe edible oil"" OR ""mixed with"") AND language:en) AND NOT (ghee OR vanaspati OR Indonesia OR ""Joko Widodo"" OR rupiah OR ""rupiah per litre"" OR ""oil exports"" OR ""export ban"" OR futures OR derivative OR derivatives OR SEBI OR ""stock market"" OR ""domestic market"" OR ""solvent extractors association"" OR ""million tonnes"" OR ""million tonne"" OR ""sports drinks"" OR ""reused cooking oil"" OR biodiesel OR ""bio-diesel"" OR soda OR diesel OR heroin OR ""hidden in cooking oil cargo"")",freepressjournal.in
https://www.freepressjournal.in/indore/rajpur-government-milk-dairy-in-a-mess-7k-litres-milk-rejected-as-samples-fail-tests,"Rajpur: Government milk dairy in a mess, 7K litres milk rejected as samples fail tests",freepressjournal.in,2022-01-15,boolean,"((""mustard oil"" OR ""palm oil"" OR ""soybean oil"" OR ""sunflower oil"" OR ""groundnut oil"" OR ""coconut oil"" OR ""rice bran oil"" OR ""cottonseed oil"" OR ""sesame oil"" OR ""olive oil"" OR ""rapeseed-mustard oil"") AND (adulterat* OR contaminat* OR misbrand* OR substandard OR spurious OR fake OR counterfeit OR rancid OR ""reused oil"" OR ""recycled oil"" OR ""unsafe oil"" OR ""unsafe cooking oil"" OR ""unsafe edible oil"" OR ""mixed with"") AND language:en) AND NOT (ghee OR vanaspati OR Indonesia OR ""Joko Widodo"" OR rupiah OR ""rupiah per litre"" OR ""oil exports"" OR ""export ban"" OR futures OR derivative OR derivatives OR SEBI OR ""stock market"" OR ""domestic market"" OR ""solvent extractors association"" OR ""million tonnes"" OR ""million tonne"" OR ""sports drinks"" OR ""reused cooking oil"" OR biodiesel OR ""bio-diesel"" OR soda OR diesel OR heroin OR ""hidden in cooking oil cargo"")",freepressjournal.in
https://feminisminindia.com/2022/01/14/why-i-love-driving-but-dont-particularly-like-the-men-on-my-passenger-seat/,Why I Love Driving But Don't Particularly Like The Men On My Passenger Seat,feminisminindia.com,2022-01-14,boolean,"((""mustard oil"" OR ""palm oil"" OR ""soybean oil"" OR ""sunflower oil"" OR ""groundnut oil"" OR ""coconut oil"" OR ""rice bran oil"" OR ""cottonseed oil"" OR ""sesame oil"" OR ""olive oil"" OR ""rapeseed-mustard oil"") AND (adulterat* OR contaminat* OR misbrand* OR substandard OR spurious OR fake OR counterfeit OR rancid OR ""reused oil"" OR ""recycled oil"" OR ""unsafe oil"" OR ""unsafe cooking oil"" OR ""unsafe edible oil"" OR ""mixed with"") AND language:en) AND NOT (ghee OR vanaspati OR Indonesia OR ""Joko Widodo"" OR rupiah OR ""rupiah per litre"" OR ""oil exports"" OR ""export ban"" OR futures OR derivative OR derivatives OR SEBI OR ""stock market"" OR ""domestic market"" OR ""solvent extractors association"" OR ""million tonnes"" OR ""million tonne"" OR ""sports drinks"" OR ""reused cooking oil"" OR biodiesel OR ""bio-diesel"" OR soda OR diesel OR heroin OR ""hidden in cooking oil cargo"")",feminisminindia.com
https://www.thehansindia.com/featured/womenia/post-party-night-skincare-regimes-724581,Post-party night skincare regimes,thehansindia.com,2022-01-14,boolean,"((""mustard oil"" OR ""palm oil"" OR ""soybean oil"" OR ""sunflower oil"" OR ""groundnut oil"" OR ""coconut oil"" OR ""rice bran oil"" OR ""cottonseed oil"" OR ""sesame oil"" OR ""olive oil"" OR ""rapeseed-mustard oil"") AND (adulterat* OR contaminat* OR misbrand* OR substandard OR spurious OR fake OR counterfeit OR rancid OR ""reused oil"" OR ""recycled oil"" OR ""unsafe oil"" OR ""unsafe cooking oil"" OR ""unsafe edible oil"" OR ""mixed with"") AND language:en) AND NOT (ghee OR vanaspati OR Indonesia OR ""Joko Widodo"" OR rupiah OR ""rupiah per litre"" OR ""oil exports"" OR ""export ban"" OR futures OR derivative OR derivatives OR SEBI OR ""stock market"" OR ""domestic market"" OR ""solvent extractors association"" OR ""million tonnes"" OR ""million tonne"" OR ""sports drinks"" OR ""reused cooking oil"" OR biodiesel OR ""bio-diesel"" OR soda OR diesel OR heroin OR ""hidden in cooking oil cargo"")",thehansindia.com
https://www.newkerala.com/news/2022/6473.htm,5 post-party night skincare regimes,newkerala.com,2022-01-14,boolean,"((""mustard oil"" OR ""palm oil"" OR ""soybean oil"" OR ""sunflower oil"" OR ""groundnut oil"" OR ""coconut oil"" OR ""rice bran oil"" OR ""cottonseed oil"" OR ""sesame oil"" OR ""olive oil"" OR ""rapeseed-mustard oil"") AND (adulterat* OR contaminat* OR misbrand* OR substandard OR spurious OR fake OR counterfeit OR rancid OR ""reused oil"" OR ""recycled oil"" OR ""unsafe oil"" OR ""unsafe cooking oil"" OR ""unsafe edible oil"" OR ""mixed with"") AND language:en) AND NOT (ghee OR vanaspati OR Indonesia OR ""Joko Widodo"" OR rupiah OR ""rupiah per litre"" OR ""oil exports"" OR ""export ban"" OR futures OR derivative OR derivatives OR SEBI OR ""stock market"" OR ""domestic market"" OR ""solvent extractors association"" OR ""million tonnes"" OR ""million tonne"" OR ""sports drinks"" OR ""reused cooking oil"" OR biodiesel OR ""bio-diesel"" OR soda OR diesel OR heroin OR ""hidden in cooking oil cargo"")",newkerala.com
https://www.forbesindia.com/article/lifes/mushrooms-on-track-to-become-the-superfood-of-2022/72903/1,Mushrooms On Track To Become The Superfood Of 2022,forbesindia.com,2022-01-12,boolean,"((""mustard oil"" OR ""palm oil"" OR ""soybean oil"" OR ""sunflower oil"" OR ""groundnut oil"" OR ""coconut oil"" OR ""rice bran oil"" OR ""cottonseed oil"" OR ""sesame oil"" OR ""olive oil"" OR ""rapeseed-mustard oil"") AND (adulterat* OR contaminat* OR misbrand* OR substandard OR spurious OR fake OR counterfeit OR rancid OR ""reused oil"" OR ""recycled oil"" OR ""unsafe oil"" OR ""unsafe cooking oil"" OR ""unsafe edible oil"" OR ""mixed with"") AND language:en) AND NOT (ghee OR vanaspati OR Indonesia OR ""Joko Widodo"" OR rupiah OR ""rupiah per litre"" OR ""oil exports"" OR ""export ban"" OR futures OR derivative OR derivatives OR SEBI OR ""stock market"" OR ""domestic market"" OR ""solvent extractors association"" OR ""million tonnes"" OR ""million tonne"" OR ""sports drinks"" OR ""reused cooking oil"" OR biodiesel OR ""bio-diesel"" OR soda OR diesel OR heroin OR ""hidden in cooking oil cargo"")",forbesindia.com
https://www.missmalini.com/2022/01/12/5-body-scrubs-that-smell-delish-leave-your-skin-soft-af/,5 Body Scrubs That Smell Delish & Leave Your Skin Soft AF,missmalini.com,2022-01-12,boolean,"((""mustard oil"" OR ""palm oil"" OR ""soybean oil"" OR ""sunflower oil"" OR ""groundnut oil"" OR ""coconut oil"" OR ""rice bran oil"" OR ""cottonseed oil"" OR ""sesame oil"" OR ""olive oil"" OR ""rapeseed-mustard oil"") AND (adulterat* OR contaminat* OR misbrand* OR substandard OR spurious OR fake OR counterfeit OR rancid OR ""reused oil"" OR ""recycled oil"" OR ""unsafe oil"" OR ""unsafe cooking oil"" OR ""unsafe edible oil"" OR ""mixed with"") AND language:en) AND NOT (ghee OR vanaspati OR Indonesia OR ""Joko Widodo"" OR rupiah OR ""rupiah per litre"" OR ""oil exports"" OR ""export ban"" OR futures OR derivative OR derivatives OR SEBI OR ""stock market"" OR ""domestic market"" OR ""solvent extractors association"" OR ""million tonnes"" OR ""million tonne"" OR ""sports drinks"" OR ""reused cooking oil"" OR biodiesel OR ""bio-diesel"" OR soda OR diesel OR heroin OR ""hidden in cooking oil cargo"")",missmalini.com
https://www.news18.com/news/buzz/mushrooms-will-be-superpowered-food-in-2022-heres-why-4643714.html,"Mushrooms Will be Superpowered Food in 2022, Here’s Why",news18.com,2022-01-11,boolean,"((""mustard oil"" OR ""palm oil"" OR ""soybean oil"" OR ""sunflower oil"" OR ""groundnut oil"" OR ""coconut oil"" OR ""rice bran oil"" OR ""cottonseed oil"" OR ""sesame oil"" OR ""olive oil"" OR ""rapeseed-mustard oil"") AND (adulterat* OR contaminat* OR misbrand* OR substandard OR spurious OR fake OR counterfeit OR rancid OR ""reused oil"" OR ""recycled oil"" OR ""unsafe oil"" OR ""unsafe cooking oil"" OR ""unsafe edible oil"" OR ""mixed with"") AND language:en) AND NOT (ghee OR vanaspati OR Indonesia OR ""Joko Widodo"" OR rupiah OR ""rupiah per litre"" OR ""oil exports"" OR ""export ban"" OR futures OR derivative OR derivatives OR SEBI OR ""stock market"" OR ""domestic market"" OR ""solvent extractors association"" OR ""million tonnes"" OR ""million tonne"" OR ""sports drinks"" OR ""reused cooking oil"" OR biodiesel OR ""bio-diesel"" OR soda OR diesel OR heroin OR ""hidden in cooking oil cargo"")",news18.com
http://www.pinkvilla.com/fashion/beauty/hot-cloth-cleansing-fad-or-trust-worthy-step-ultra-clean-skin-984404,Hot Cloth Cleansing: A fad or a trust worthy step for ultra clean skin?,pinkvilla.com,2022-01-04,boolean,"((""mustard oil"" OR ""palm oil"" OR ""soybean oil"" OR ""sunflower oil"" OR ""groundnut oil"" OR ""coconut oil"" OR ""rice bran oil"" OR ""cottonseed oil"" OR ""sesame oil"" OR ""olive oil"" OR ""rapeseed-mustard oil"") AND (adulterat* OR contaminat* OR misbrand* OR substandard OR spurious OR fake OR counterfeit OR rancid OR ""reused oil"" OR ""recycled oil"" OR ""unsafe oil"" OR ""unsafe cooking oil"" OR ""unsafe edible oil"" OR ""mixed with"") AND language:en) AND NOT (ghee OR vanaspati OR Indonesia OR ""Joko Widodo"" OR rupiah OR ""rupiah per litre"" OR ""oil exports"" OR ""export ban"" OR futures OR derivative OR derivatives OR SEBI OR ""stock market"" OR ""domestic market"" OR ""solvent extractors association"" OR ""million tonnes"" OR ""million tonne"" OR ""sports drinks"" OR ""reused cooking oil"" OR biodiesel OR ""bio-diesel"" OR soda OR diesel OR heroin OR ""hidden in cooking oil cargo"")",pinkvilla.com
https://indianexpress.com/article/lifestyle/food-wine/an-easy-recipe-for-a-last-minute-addition-to-your-christmas-table-7688076/,"Make ‘masala smashed potatoes’ for a fuss-free, delicious dinner tonight",indianexpress.com,2022-01-04,boolean,"((""mustard oil"" OR ""palm oil"" OR ""soybean oil"" OR ""sunflower oil"" OR ""groundnut oil"" OR ""coconut oil"" OR ""rice bran oil"" OR ""cottonseed oil"" OR ""sesame oil"" OR ""olive oil"" OR ""rapeseed-mustard oil"") AND (adulterat* OR contaminat* OR misbrand* OR substandard OR spurious OR fake OR counterfeit OR rancid OR ""reused oil"" OR ""recycled oil"" OR ""unsafe oil"" OR ""unsafe cooking oil"" OR ""unsafe edible oil"" OR ""mixed with"") AND language:en) AND NOT (ghee OR vanaspati OR Indonesia OR ""Joko Widodo"" OR rupiah OR ""rupiah per litre"" OR ""oil exports"" OR ""export ban"" OR futures OR derivative OR derivatives OR SEBI OR ""stock market"" OR ""domestic market"" OR ""solvent extractors association"" OR ""million tonnes"" OR ""million tonne"" OR ""sports drinks"" OR ""reused cooking oil"" OR biodiesel OR ""bio-diesel"" OR soda OR diesel OR heroin OR ""hidden in cooking oil cargo"")",indianexpress.com
https://timesofindia.indiatimes.com/city/coimbatore/rs-puram-uzhavar-sandhai-to-sell-clean-and-fresh-produce/articleshow/88625755.cms,fssai: Rs Puram Uzhavar Sandhai To Sell Clean And Fresh Produce,indiatimes.com,2022-01-01,boolean,"((FSDA OR ""food safety department"") AND (""edible oil"" OR ""cooking oil"" OR ""mustard oil"" OR ""vegetable oil"" OR ""palm oil"" OR ""coconut oil"" OR ""groundnut oil"" OR ""soybean oil"" OR ""sunflower oil"" OR ""edible oils"" OR ""cooking oils"" OR oils) AND (FSSAI OR FDA OR FSDA OR ""food safety"" OR ""food safety officer"" OR raid* OR seiz* OR ""sample collected"" OR ""samples collected"" OR ""lab test"" OR ""quality test"" OR ""sample failed"" OR ""samples failed"" OR ""license suspended"" OR ""licence suspended"" OR crackdown) AND language:en) AND NOT (ghee OR vanaspati OR Indonesia OR ""Joko Widodo"" OR rupiah OR ""oil exports"" OR ""export ban"" OR futures OR derivatives OR SEBI OR ""stock market"" OR ""solvent extractors association"" OR ""million tonnes"" OR ""sports drinks"" OR biodiesel OR ""bio-diesel"" OR soda OR diesel OR heroin OR ""hidden in cooking oil cargo"")",timesofindia.indiatimes.com
https://www.thehindu.com/news/national/kerala/kscdc-to-launch-coco-royal-coconut-oil/article38030514.ece,KSCDC to launch Coco Royal coconut oil,thehindu.com,2021-12-24,boolean,"((""mustard oil"" OR ""palm oil"" OR ""soybean oil"" OR ""sunflower oil"" OR ""groundnut oil"" OR ""coconut oil"" OR ""rice bran oil"" OR ""cottonseed oil"" OR ""sesame oil"" OR ""olive oil"" OR ""rapeseed-mustard oil"") AND (adulterat* OR contaminat* OR misbrand* OR substandard OR spurious OR fake OR counterfeit OR rancid OR ""reused oil"" OR ""recycled oil"" OR ""unsafe oil"" OR ""unsafe cooking oil"" OR ""unsafe edible oil"" OR ""mixed with"") AND language:en) AND NOT (ghee OR vanaspati OR Indonesia OR ""Joko Widodo"" OR rupiah OR ""rupiah per litre"" OR ""oil exports"" OR ""export ban"" OR futures OR derivative OR derivatives OR SEBI OR ""stock market"" OR ""domestic market"" OR ""solvent extractors association"" OR ""million tonnes"" OR ""million tonne"" OR ""sports drinks"" OR ""reused cooking oil"" OR biodiesel OR ""bio-diesel"" OR soda OR diesel OR heroin OR ""hidden in cooking oil cargo"")",thehindu.com
https://www.news18.com/news/lifestyle/weight-loss-check-out-these-5-high-protein-recipes-to-help-shed-kilos-4577732.html,Weight Loss: Check Out These 5 High Protein Recipes to Help Shed Kilos,news18.com,2021-12-22,boolean,"((""mustard oil"" OR ""palm oil"" OR ""soybean oil"" OR ""sunflower oil"" OR ""groundnut oil"" OR ""coconut oil"" OR ""rice bran oil"" OR ""cottonseed oil"" OR ""sesame oil"" OR ""olive oil"" OR ""rapeseed-mustard oil"") AND (adulterat* OR contaminat* OR misbrand* OR substandard OR spurious OR fake OR counterfeit OR rancid OR ""reused oil"" OR ""recycled oil"" OR ""unsafe oil"" OR ""unsafe cooking oil"" OR ""unsafe edible oil"" OR ""mixed with"") AND language:en) AND NOT (ghee OR vanaspati OR Indonesia OR ""Joko Widodo"" OR rupiah OR ""rupiah per litre"" OR ""oil exports"" OR ""export ban"" OR futures OR derivative OR derivatives OR SEBI OR ""stock market"" OR ""domestic market"" OR ""solvent extractors association"" OR ""million tonnes"" OR ""million tonne"" OR ""sports drinks"" OR ""reused cooking oil"" OR biodiesel OR ""bio-diesel"" OR soda OR diesel OR heroin OR ""hidden in cooking oil cargo"")",news18.com
https://indianexpress.com/article/lifestyle/life-style/winter-season-skincare-ayurvedic-remedies-7667775/,"This winter, manage your skin woes with these Ayurvedic remedies",indianexpress.com,2021-12-13,boolean,"((""mustard oil"" OR ""palm oil"" OR ""soybean oil"" OR ""sunflower oil"" OR ""groundnut oil"" OR ""coconut oil"" OR ""rice bran oil"" OR ""cottonseed oil"" OR ""sesame oil"" OR ""olive oil"" OR ""rapeseed-mustard oil"") AND (adulterat* OR contaminat* OR misbrand* OR substandard OR spurious OR fake OR counterfeit OR rancid OR ""reused oil"" OR ""recycled oil"" OR ""unsafe oil"" OR ""unsafe cooking oil"" OR ""unsafe edible oil"" OR ""mixed with"") AND language:en) AND NOT (ghee OR vanaspati OR Indonesia OR ""Joko Widodo"" OR rupiah OR ""rupiah per litre"" OR ""oil exports"" OR ""export ban"" OR futures OR derivative OR derivatives OR SEBI OR ""stock market"" OR ""domestic market"" OR ""solvent extractors association"" OR ""million tonnes"" OR ""million tonne"" OR ""sports drinks"" OR ""reused cooking oil"" OR biodiesel OR ""bio-diesel"" OR soda OR diesel OR heroin OR ""hidden in cooking oil cargo"")",indianexpress.com
https://www.thehindu.com/life-and-style/a-slice-of-an-organic-spice/article37801710.ece,Slice of an organic spice: The story behind Avadata Organics,thehindu.com,2021-12-02,boolean,"((""mustard oil"" OR ""palm oil"" OR ""soybean oil"" OR ""sunflower oil"" OR ""groundnut oil"" OR ""coconut oil"" OR ""rice bran oil"" OR ""cottonseed oil"" OR ""sesame oil"" OR ""olive oil"" OR ""rapeseed-mustard oil"") AND (adulterat* OR contaminat* OR misbrand* OR substandard OR spurious OR fake OR counterfeit OR rancid OR ""reused oil"" OR ""recycled oil"" OR ""unsafe oil"" OR ""unsafe cooking oil"" OR ""unsafe edible oil"" OR ""mixed with"") AND language:en) AND NOT (ghee OR vanaspati OR Indonesia OR ""Joko Widodo"" OR rupiah OR ""rupiah per litre"" OR ""oil exports"" OR ""export ban"" OR futures OR derivative OR derivatives OR SEBI OR ""stock market"" OR ""domestic market"" OR ""solvent extractors association"" OR ""million tonnes"" OR ""million tonne"" OR ""sports drinks"" OR ""reused cooking oil"" OR biodiesel OR ""bio-diesel"" OR soda OR diesel OR heroin OR ""hidden in cooking oil cargo"")",thehindu.com
https://www.thehindu.com/news/national/tamil-nadu/crackdown-on-eateries-in-tiruvannamalai-district/article36409637.ece,Crackdown on eateries in Tiruvannamalai district,thehindu.com,2021-09-12,boolean,"((FSDA OR ""food safety department"") AND (""edible oil"" OR ""cooking oil"" OR ""mustard oil"" OR ""vegetable oil"" OR ""palm oil"" OR ""coconut oil"" OR ""groundnut oil"" OR ""soybean oil"" OR ""sunflower oil"" OR ""edible oils"" OR ""cooking oils"" OR oils) AND (FSSAI OR FDA OR FSDA OR ""food safety"" OR ""food safety officer"" OR raid* OR seiz* OR ""sample collected"" OR ""samples collected"" OR ""lab test"" OR ""quality test"" OR ""sample failed"" OR ""samples failed"" OR ""license suspended"" OR ""licence suspended"" OR crackdown) AND language:en) AND NOT (ghee OR vanaspati OR Indonesia OR ""Joko Widodo"" OR rupiah OR ""oil exports"" OR ""export ban"" OR futures OR derivatives OR SEBI OR ""stock market"" OR ""solvent extractors association"" OR ""million tonnes"" OR ""sports drinks"" OR biodiesel OR ""bio-diesel"" OR soda OR diesel OR heroin OR ""hidden in cooking oil cargo"")",thehindu.com
https://timesofindia.indiatimes.com/life-style/beauty/lookout-for-these-5-skin-allergies-during-the-monsoon-season/articleshow/85975812.cms,Lookout for these 5 skin allergies during the monsoon season,indiatimes.com,2021-09-06,boolean,"((""mustard oil"" OR ""palm oil"" OR ""soybean oil"" OR ""sunflower oil"" OR ""groundnut oil"" OR ""coconut oil"" OR ""rice bran oil"" OR ""cottonseed oil"" OR ""sesame oil"" OR ""olive oil"" OR ""rapeseed-mustard oil"") AND (adulterat* OR contaminat* OR misbrand* OR substandard OR spurious OR fake OR counterfeit OR rancid OR ""reused oil"" OR ""recycled oil"" OR ""unsafe oil"" OR ""unsafe cooking oil"" OR ""unsafe edible oil"" OR ""mixed with"") AND language:en) AND NOT (ghee OR vanaspati OR Indonesia OR ""Joko Widodo"" OR rupiah OR ""rupiah per litre"" OR ""oil exports"" OR ""export ban"" OR futures OR derivative OR derivatives OR SEBI OR ""stock market"" OR ""domestic market"" OR ""solvent extractors association"" OR ""million tonnes"" OR ""million tonne"" OR ""sports drinks"" OR ""reused cooking oil"" OR biodiesel OR ""bio-diesel"" OR soda OR diesel OR heroin OR ""hidden in cooking oil cargo"")",timesofindia.indiatimes.com
http://www.pinkvilla.com/fashion/beauty/exclusive-lookout-these-5-skin-allergies-during-monsoon-season-880498,EXCLUSIVE: Lookout for these 5 skin allergies during the Monsoon season,pinkvilla.com,2021-09-01,boolean,"((""mustard oil"" OR ""palm oil"" OR ""soybean oil"" OR ""sunflower oil"" OR ""groundnut oil"" OR ""coconut oil"" OR ""rice bran oil"" OR ""cottonseed oil"" OR ""sesame oil"" OR ""olive oil"" OR ""rapeseed-mustard oil"") AND (adulterat* OR contaminat* OR misbrand* OR substandard OR spurious OR fake OR counterfeit OR rancid OR ""reused oil"" OR ""recycled oil"" OR ""unsafe oil"" OR ""unsafe cooking oil"" OR ""unsafe edible oil"" OR ""mixed with"") AND language:en) AND NOT (ghee OR vanaspati OR Indonesia OR ""Joko Widodo"" OR rupiah OR ""rupiah per litre"" OR ""oil exports"" OR ""export ban"" OR futures OR derivative OR derivatives OR SEBI OR ""stock market"" OR ""domestic market"" OR ""solvent extractors association"" OR ""million tonnes"" OR ""million tonne"" OR ""sports drinks"" OR ""reused cooking oil"" OR biodiesel OR ""bio-diesel"" OR soda OR diesel OR heroin OR ""hidden in cooking oil cargo"")",pinkvilla.com
https://theshillongtimes.com/2021/08/25/centres-oil-palm-push-a-death-knell-for-meghalaya/,Centre’s oil palm push a death knell for Meghalaya,theshillongtimes.com,2021-08-25,boolean,"((""mustard oil"" OR ""palm oil"" OR ""soybean oil"" OR ""sunflower oil"" OR ""groundnut oil"" OR ""coconut oil"" OR ""rice bran oil"" OR ""cottonseed oil"" OR ""sesame oil"" OR ""olive oil"" OR ""rapeseed-mustard oil"") AND (adulterat* OR contaminat* OR misbrand* OR substandard OR spurious OR fake OR counterfeit OR rancid OR ""reused oil"" OR ""recycled oil"" OR ""unsafe oil"" OR ""unsafe cooking oil"" OR ""unsafe edible oil"" OR ""mixed with"") AND language:en) AND NOT (ghee OR vanaspati OR Indonesia OR ""Joko Widodo"" OR rupiah OR ""rupiah per litre"" OR ""oil exports"" OR ""export ban"" OR futures OR derivative OR derivatives OR SEBI OR ""stock market"" OR ""domestic market"" OR ""solvent extractors association"" OR ""million tonnes"" OR ""million tonne"" OR ""sports drinks"" OR ""reused cooking oil"" OR biodiesel OR ""bio-diesel"" OR soda OR diesel OR heroin OR ""hidden in cooking oil cargo"")",theshillongtimes.com
https://indianexpress.com/article/lifestyle/food-wine/how-to-make-dinner-without-cooking-anything-7470550/,How to make dinner without cooking anything,indianexpress.com,2021-08-25,boolean,"((""mustard oil"" OR ""palm oil"" OR ""soybean oil"" OR ""sunflower oil"" OR ""groundnut oil"" OR ""coconut oil"" OR ""rice bran oil"" OR ""cottonseed oil"" OR ""sesame oil"" OR ""olive oil"" OR ""rapeseed-mustard oil"") AND (adulterat* OR contaminat* OR misbrand* OR substandard OR spurious OR fake OR counterfeit OR rancid OR ""reused oil"" OR ""recycled oil"" OR ""unsafe oil"" OR ""unsafe cooking oil"" OR ""unsafe edible oil"" OR ""mixed with"") AND language:en) AND NOT (ghee OR vanaspati OR Indonesia OR ""Joko Widodo"" OR rupiah OR ""rupiah per litre"" OR ""oil exports"" OR ""export ban"" OR futures OR derivative OR derivatives OR SEBI OR ""stock market"" OR ""domestic market"" OR ""solvent extractors association"" OR ""million tonnes"" OR ""million tonne"" OR ""sports drinks"" OR ""reused cooking oil"" OR biodiesel OR ""bio-diesel"" OR soda OR diesel OR heroin OR ""hidden in cooking oil cargo"")",indianexpress.com
https://www.india.com/astrology/numerology-how-your-birth-date-can-identify-health-problems-in-advance-birth-date-health-issues-astrology-4908775/,Numerology: How Your Birth Date Can Identify Health Problems in Advance,india.com,2021-08-24,boolean,"((""mustard oil"" OR ""palm oil"" OR ""soybean oil"" OR ""sunflower oil"" OR ""groundnut oil"" OR ""coconut oil"" OR ""rice bran oil"" OR ""cottonseed oil"" OR ""sesame oil"" OR ""olive oil"" OR ""rapeseed-mustard oil"") AND (adulterat* OR contaminat* OR misbrand* OR substandard OR spurious OR fake OR counterfeit OR rancid OR ""reused oil"" OR ""recycled oil"" OR ""unsafe oil"" OR ""unsafe cooking oil"" OR ""unsafe edible oil"" OR ""mixed with"") AND language:en) AND NOT (ghee OR vanaspati OR Indonesia OR ""Joko Widodo"" OR rupiah OR ""rupiah per litre"" OR ""oil exports"" OR ""export ban"" OR futures OR derivative OR derivatives OR SEBI OR ""stock market"" OR ""domestic market"" OR ""solvent extractors association"" OR ""million tonnes"" OR ""million tonne"" OR ""sports drinks"" OR ""reused cooking oil"" OR biodiesel OR ""bio-diesel"" OR soda OR diesel OR heroin OR ""hidden in cooking oil cargo"")",india.com
https://bengaluru.citizenmatters.in/journey-of-recyclable-waste-65853,The journey of your soft drink bottle from your recycle bin,citizenmatters.in,2021-08-24,boolean,"((""mustard oil"" OR ""palm oil"" OR ""soybean oil"" OR ""sunflower oil"" OR ""groundnut oil"" OR ""coconut oil"" OR ""rice bran oil"" OR ""cottonseed oil"" OR ""sesame oil"" OR ""olive oil"" OR ""rapeseed-mustard oil"") AND (adulterat* OR contaminat* OR misbrand* OR substandard OR spurious OR fake OR counterfeit OR rancid OR ""reused oil"" OR ""recycled oil"" OR ""unsafe oil"" OR ""unsafe cooking oil"" OR ""unsafe edible oil"" OR ""mixed with"") AND language:en) AND NOT (ghee OR vanaspati OR Indonesia OR ""Joko Widodo"" OR rupiah OR ""rupiah per litre"" OR ""oil exports"" OR ""export ban"" OR futures OR derivative OR derivatives OR SEBI OR ""stock market"" OR ""domestic market"" OR ""solvent extractors association"" OR ""million tonnes"" OR ""million tonne"" OR ""sports drinks"" OR ""reused cooking oil"" OR biodiesel OR ""bio-diesel"" OR soda OR diesel OR heroin OR ""hidden in cooking oil cargo"")",bengaluru.citizenmatters.in
https://indianexpress.com/article/lifestyle/life-style/body-acne-ayurveda-home-remedies-tips-7448528/,Say goodbye to body acne with these Ayurvedic home remedies,indianexpress.com,2021-08-11,boolean,"((""mustard oil"" OR ""palm oil"" OR ""soybean oil"" OR ""sunflower oil"" OR ""groundnut oil"" OR ""coconut oil"" OR ""rice bran oil"" OR ""cottonseed oil"" OR ""sesame oil"" OR ""olive oil"" OR ""rapeseed-mustard oil"") AND (adulterat* OR contaminat* OR misbrand* OR substandard OR spurious OR fake OR counterfeit OR rancid OR ""reused oil"" OR ""recycled oil"" OR ""unsafe oil"" OR ""unsafe cooking oil"" OR ""unsafe edible oil"" OR ""mixed with"") AND language:en) AND NOT (ghee OR vanaspati OR Indonesia OR ""Joko Widodo"" OR rupiah OR ""rupiah per litre"" OR ""oil exports"" OR ""export ban"" OR futures OR derivative OR derivatives OR SEBI OR ""stock market"" OR ""domestic market"" OR ""solvent extractors association"" OR ""million tonnes"" OR ""million tonne"" OR ""sports drinks"" OR ""reused cooking oil"" OR biodiesel OR ""bio-diesel"" OR soda OR diesel OR heroin OR ""hidden in cooking oil cargo"")",indianexpress.com
https://economictimes.indiatimes.com/small-biz/gst/idli-dosa-tax-18-gst-applicable-on-packaged-products-that-can-make-food-items-rules-aar/articleshow/85172094.cms,"Idli, dosa tax: 18% GST applicable on packaged products that can make food items, rules AAR",indiatimes.com,2021-08-09,boolean,"((""mustard oil"" OR ""palm oil"" OR ""soybean oil"" OR ""sunflower oil"" OR ""groundnut oil"" OR ""coconut oil"" OR ""rice bran oil"" OR ""cottonseed oil"" OR ""sesame oil"" OR ""olive oil"" OR ""rapeseed-mustard oil"") AND (adulterat* OR contaminat* OR misbrand* OR substandard OR spurious OR fake OR counterfeit OR rancid OR ""reused oil"" OR ""recycled oil"" OR ""unsafe oil"" OR ""unsafe cooking oil"" OR ""unsafe edible oil"" OR ""mixed with"") AND language:en) AND NOT (ghee OR vanaspati OR Indonesia OR ""Joko Widodo"" OR rupiah OR ""rupiah per litre"" OR ""oil exports"" OR ""export ban"" OR futures OR derivative OR derivatives OR SEBI OR ""stock market"" OR ""domestic market"" OR ""solvent extractors association"" OR ""million tonnes"" OR ""million tonne"" OR ""sports drinks"" OR ""reused cooking oil"" OR biodiesel OR ""bio-diesel"" OR soda OR diesel OR heroin OR ""hidden in cooking oil cargo"")",economictimes.indiatimes.com
https://www.thehansindia.com/featured/womenia/premature-grey-hair-natural-remedies-to-fight-it-out-700217,Premature grey hair? Natural remedies to fight it out,thehansindia.com,2021-08-07,boolean,"((""mustard oil"" OR ""palm oil"" OR ""soybean oil"" OR ""sunflower oil"" OR ""groundnut oil"" OR ""coconut oil"" OR ""rice bran oil"" OR ""cottonseed oil"" OR ""sesame oil"" OR ""olive oil"" OR ""rapeseed-mustard oil"") AND (adulterat* OR contaminat* OR misbrand* OR substandard OR spurious OR fake OR counterfeit OR rancid OR ""reused oil"" OR ""recycled oil"" OR ""unsafe oil"" OR ""unsafe cooking oil"" OR ""unsafe edible oil"" OR ""mixed with"") AND language:en) AND NOT (ghee OR vanaspati OR Indonesia OR ""Joko Widodo"" OR rupiah OR ""rupiah per litre"" OR ""oil exports"" OR ""export ban"" OR futures OR derivative OR derivatives OR SEBI OR ""stock market"" OR ""domestic market"" OR ""solvent extractors association"" OR ""million tonnes"" OR ""million tonne"" OR ""sports drinks"" OR ""reused cooking oil"" OR biodiesel OR ""bio-diesel"" OR soda OR diesel OR heroin OR ""hidden in cooking oil cargo"")",thehansindia.com
https://www.news18.com/news/lifestyle/8-benefits-of-camphor-you-never-knew-about-4054535.html,8 Benefits of Camphor You Never Knew About,news18.com,2021-08-06,boolean,"((""mustard oil"" OR ""palm oil"" OR ""soybean oil"" OR ""sunflower oil"" OR ""groundnut oil"" OR ""coconut oil"" OR ""rice bran oil"" OR ""cottonseed oil"" OR ""sesame oil"" OR ""olive oil"" OR ""rapeseed-mustard oil"") AND (adulterat* OR contaminat* OR misbrand* OR substandard OR spurious OR fake OR counterfeit OR rancid OR ""reused oil"" OR ""recycled oil"" OR ""unsafe oil"" OR ""unsafe cooking oil"" OR ""unsafe edible oil"" OR ""mixed with"") AND language:en) AND NOT (ghee OR vanaspati OR Indonesia OR ""Joko Widodo"" OR rupiah OR ""rupiah per litre"" OR ""oil exports"" OR ""export ban"" OR futures OR derivative OR derivatives OR SEBI OR ""stock market"" OR ""domestic market"" OR ""solvent extractors association"" OR ""million tonnes"" OR ""million tonne"" OR ""sports drinks"" OR ""reused cooking oil"" OR biodiesel OR ""bio-diesel"" OR soda OR diesel OR heroin OR ""hidden in cooking oil cargo"")",news18.com
https://food.ndtv.com/food-drinks/healthy-diet-tips-fssai-busts-7-most-common-myths-about-food-and-nutrition-2488023,Healthy Diet Tips: FSSAI Busts 7 Most Common Myths About Food And Nutrition,ndtv.com,2021-07-16,boolean,"((""edible oils"" OR ""cooking oils"") AND (adulterat* OR contaminat* OR misbrand* OR substandard OR spurious OR fake OR counterfeit OR rancid OR tainted OR unfit OR mislabel* OR ""unsafe oil"" OR ""unsafe cooking oil"" OR ""unsafe edible oil"") AND India AND language:en) AND NOT (ghee OR vanaspati OR Indonesia OR ""Joko Widodo"" OR rupiah OR ""oil exports"" OR ""export ban"" OR futures OR derivatives OR SEBI OR ""stock market"" OR ""solvent extractors association"" OR ""million tonnes"" OR ""sports drinks"" OR biodiesel OR ""bio-diesel"" OR soda OR diesel OR heroin OR ""hidden in cooking oil cargo"")",food.ndtv.com
https://www.business-standard.com/article/current-affairs/temples-gurudwaras-being-encouraged-to-go-for-fssai-certification-121071300764_1.html,"Temples, gurudwaras being encouraged to go for FSSAI certification",business-standard.com,2021-07-13,boolean,"((FSDA OR ""food safety department"") AND (""edible oil"" OR ""cooking oil"" OR ""mustard oil"" OR ""vegetable oil"" OR ""palm oil"" OR ""coconut oil"" OR ""groundnut oil"" OR ""soybean oil"" OR ""sunflower oil"" OR ""edible oils"" OR ""cooking oils"" OR oils) AND (FSSAI OR FDA OR FSDA OR ""food safety"" OR ""food safety officer"" OR raid* OR seiz* OR ""sample collected"" OR ""samples collected"" OR ""lab test"" OR ""quality test"" OR ""sample failed"" OR ""samples failed"" OR ""license suspended"" OR ""licence suspended"" OR crackdown) AND language:en) AND NOT (ghee OR vanaspati OR Indonesia OR ""Joko Widodo"" OR rupiah OR ""oil exports"" OR ""export ban"" OR futures OR derivatives OR SEBI OR ""stock market"" OR ""solvent extractors association"" OR ""million tonnes"" OR ""sports drinks"" OR biodiesel OR ""bio-diesel"" OR soda OR diesel OR heroin OR ""hidden in cooking oil cargo"")",business-standard.com
https://www.sify.com/news/5-must-have-natural-ingredients-to-make-you-holi-ready-news-national-vd2hkubhgeagb.html,5 must-have natural ingredients to make you Holi ready,sify.com,2021-03-28,boolean,"((""mustard oil"" OR ""palm oil"" OR ""soybean oil"" OR ""sunflower oil"" OR ""groundnut oil"" OR ""coconut oil"" OR ""rice bran oil"" OR ""cottonseed oil"" OR ""sesame oil"" OR ""olive oil"" OR ""rapeseed-mustard oil"") AND (adulterat* OR contaminat* OR misbrand* OR substandard OR spurious OR fake OR counterfeit OR rancid OR ""reused oil"" OR ""recycled oil"" OR ""unsafe oil"" OR ""unsafe cooking oil"" OR ""unsafe edible oil"" OR ""mixed with"") AND language:en) AND NOT (ghee OR vanaspati OR Indonesia OR ""Joko Widodo"" OR rupiah OR ""rupiah per litre"" OR ""oil exports"" OR ""export ban"" OR futures OR derivative OR derivatives OR SEBI OR ""stock market"" OR ""domestic market"" OR ""solvent extractors association"" OR ""million tonnes"" OR ""million tonne"" OR ""sports drinks"" OR ""reused cooking oil"" OR biodiesel OR ""bio-diesel"" OR soda OR diesel OR heroin OR ""hidden in cooking oil cargo"")",sify.com
https://zeenews.india.com/buzz/5-must-have-natural-ingredients-to-make-you-holi-ready-2351195.html,5 must-have natural ingredients to make you Holi ready,india.com,2021-03-28,boolean,"((""mustard oil"" OR ""palm oil"" OR ""soybean oil"" OR ""sunflower oil"" OR ""groundnut oil"" OR ""coconut oil"" OR ""rice bran oil"" OR ""cottonseed oil"" OR ""sesame oil"" OR ""olive oil"" OR ""rapeseed-mustard oil"") AND (adulterat* OR contaminat* OR misbrand* OR substandard OR spurious OR fake OR counterfeit OR rancid OR ""reused oil"" OR ""recycled oil"" OR ""unsafe oil"" OR ""unsafe cooking oil"" OR ""unsafe edible oil"" OR ""mixed with"") AND language:en) AND NOT (ghee OR vanaspati OR Indonesia OR ""Joko Widodo"" OR rupiah OR ""rupiah per litre"" OR ""oil exports"" OR ""export ban"" OR futures OR derivative OR derivatives OR SEBI OR ""stock market"" OR ""domestic market"" OR ""solvent extractors association"" OR ""million tonnes"" OR ""million tonne"" OR ""sports drinks"" OR ""reused cooking oil"" OR biodiesel OR ""bio-diesel"" OR soda OR diesel OR heroin OR ""hidden in cooking oil cargo"")",zeenews.india.com
https://food.ndtv.com/food-drinks/this-easy-stuffed-pasta-recipe-is-cheesy-gooey-and-perfect-for-the-weekend-2394427,"This Easy Stuffed Pasta Recipe Is Cheesy, Gooey And Perfect For The Weekend!",ndtv.com,2021-03-19,boolean,"((""mustard oil"" OR ""palm oil"" OR ""soybean oil"" OR ""sunflower oil"" OR ""groundnut oil"" OR ""coconut oil"" OR ""rice bran oil"" OR ""cottonseed oil"" OR ""sesame oil"" OR ""olive oil"" OR ""rapeseed-mustard oil"") AND (adulterat* OR contaminat* OR misbrand* OR substandard OR spurious OR fake OR counterfeit OR rancid OR ""reused oil"" OR ""recycled oil"" OR ""unsafe oil"" OR ""unsafe cooking oil"" OR ""unsafe edible oil"" OR ""mixed with"") AND language:en) AND NOT (ghee OR vanaspati OR Indonesia OR ""Joko Widodo"" OR rupiah OR ""rupiah per litre"" OR ""oil exports"" OR ""export ban"" OR futures OR derivative OR derivatives OR SEBI OR ""stock market"" OR ""domestic market"" OR ""solvent extractors association"" OR ""million tonnes"" OR ""million tonne"" OR ""sports drinks"" OR ""reused cooking oil"" OR biodiesel OR ""bio-diesel"" OR soda OR diesel OR heroin OR ""hidden in cooking oil cargo"")",food.ndtv.com
https://www.newindianexpress.com/cities/chennai/2021/mar/10/nurturing-with-navara-2274460.html,Nurturing with navara,newindianexpress.com,2021-03-10,boolean,"((""mustard oil"" OR ""palm oil"" OR ""soybean oil"" OR ""sunflower oil"" OR ""groundnut oil"" OR ""coconut oil"" OR ""rice bran oil"" OR ""cottonseed oil"" OR ""sesame oil"" OR ""olive oil"" OR ""rapeseed-mustard oil"") AND (adulterat* OR contaminat* OR misbrand* OR substandard OR spurious OR fake OR counterfeit OR rancid OR ""reused oil"" OR ""recycled oil"" OR ""unsafe oil"" OR ""unsafe cooking oil"" OR ""unsafe edible oil"" OR ""mixed with"") AND language:en) AND NOT (ghee OR vanaspati OR Indonesia OR ""Joko Widodo"" OR rupiah OR ""rupiah per litre"" OR ""oil exports"" OR ""export ban"" OR futures OR derivative OR derivatives OR SEBI OR ""stock market"" OR ""domestic market"" OR ""solvent extractors association"" OR ""million tonnes"" OR ""million tonne"" OR ""sports drinks"" OR ""reused cooking oil"" OR biodiesel OR ""bio-diesel"" OR soda OR diesel OR heroin OR ""hidden in cooking oil cargo"")",newindianexpress.com
https://food.ndtv.com/food-drinks/watch-bengali-style-gobhi-curry-recipe-a-unique-fusion-dish-that-will-win-your-heart-2387793,Watch: Bengali-Style Gobhi Curry Recipe,ndtv.com,2021-03-10,boolean,"((""mustard oil"" OR ""palm oil"" OR ""soybean oil"" OR ""sunflower oil"" OR ""groundnut oil"" OR ""coconut oil"" OR ""rice bran oil"" OR ""cottonseed oil"" OR ""sesame oil"" OR ""olive oil"" OR ""rapeseed-mustard oil"") AND (adulterat* OR contaminat* OR misbrand* OR substandard OR spurious OR fake OR counterfeit OR rancid OR ""reused oil"" OR ""recycled oil"" OR ""unsafe oil"" OR ""unsafe cooking oil"" OR ""unsafe edible oil"" OR ""mixed with"") AND language:en) AND NOT (ghee OR vanaspati OR Indonesia OR ""Joko Widodo"" OR rupiah OR ""rupiah per litre"" OR ""oil exports"" OR ""export ban"" OR futures OR derivative OR derivatives OR SEBI OR ""stock market"" OR ""domestic market"" OR ""solvent extractors association"" OR ""million tonnes"" OR ""million tonne"" OR ""sports drinks"" OR ""reused cooking oil"" OR biodiesel OR ""bio-diesel"" OR soda OR diesel OR heroin OR ""hidden in cooking oil cargo"")",food.ndtv.com
https://www.afaqs.com/news/mktg/oil-pulling-is-an-ancient-ritual-we-want-to-revive-arvind-chintamani-colgate-palmolive,"""Oil pulling is an ancient ritual we're trying to bring back"": Arvind Chintamani, Colgate-Palmolive",afaqs.com,2021-03-07,boolean,"((""mustard oil"" OR ""palm oil"" OR ""soybean oil"" OR ""sunflower oil"" OR ""groundnut oil"" OR ""coconut oil"" OR ""rice bran oil"" OR ""cottonseed oil"" OR ""sesame oil"" OR ""olive oil"" OR ""rapeseed-mustard oil"") AND (adulterat* OR contaminat* OR misbrand* OR substandard OR spurious OR fake OR counterfeit OR rancid OR ""reused oil"" OR ""recycled oil"" OR ""unsafe oil"" OR ""unsafe cooking oil"" OR ""unsafe edible oil"" OR ""mixed with"") AND language:en) AND NOT (ghee OR vanaspati OR Indonesia OR ""Joko Widodo"" OR rupiah OR ""rupiah per litre"" OR ""oil exports"" OR ""export ban"" OR futures OR derivative OR derivatives OR SEBI OR ""stock market"" OR ""domestic market"" OR ""solvent extractors association"" OR ""million tonnes"" OR ""million tonne"" OR ""sports drinks"" OR ""reused cooking oil"" OR biodiesel OR ""bio-diesel"" OR soda OR diesel OR heroin OR ""hidden in cooking oil cargo"")",afaqs.com
https://food.ndtv.com/food-drinks/7-chicken-tikka-recipes-you-must-try-2383398,7 Chicken Tikka Recipes You Must Try,ndtv.com,2021-03-04,boolean,"((""mustard oil"" OR ""palm oil"" OR ""soybean oil"" OR ""sunflower oil"" OR ""groundnut oil"" OR ""coconut oil"" OR ""rice bran oil"" OR ""cottonseed oil"" OR ""sesame oil"" OR ""olive oil"" OR ""rapeseed-mustard oil"") AND (adulterat* OR contaminat* OR misbrand* OR substandard OR spurious OR fake OR counterfeit OR rancid OR ""reused oil"" OR ""recycled oil"" OR ""unsafe oil"" OR ""unsafe cooking oil"" OR ""unsafe edible oil"" OR ""mixed with"") AND language:en) AND NOT (ghee OR vanaspati OR Indonesia OR ""Joko Widodo"" OR rupiah OR ""rupiah per litre"" OR ""oil exports"" OR ""export ban"" OR futures OR derivative OR derivatives OR SEBI OR ""stock market"" OR ""domestic market"" OR ""solvent extractors association"" OR ""million tonnes"" OR ""million tonne"" OR ""sports drinks"" OR ""reused cooking oil"" OR biodiesel OR ""bio-diesel"" OR soda OR diesel OR heroin OR ""hidden in cooking oil cargo"")",food.ndtv.com
https://www.business-standard.com/content/press-releases-ani/debating-the-contours-of-internet-freedom-in-india-121030401354_1.html,Debating the Contours of Internet Freedom in India,business-standard.com,2021-03-04,boolean,"((""mustard oil"" OR ""palm oil"" OR ""soybean oil"" OR ""sunflower oil"" OR ""groundnut oil"" OR ""coconut oil"" OR ""rice bran oil"" OR ""cottonseed oil"" OR ""sesame oil"" OR ""olive oil"" OR ""rapeseed-mustard oil"") AND (adulterat* OR contaminat* OR misbrand* OR substandard OR spurious OR fake OR counterfeit OR rancid OR ""reused oil"" OR ""recycled oil"" OR ""unsafe oil"" OR ""unsafe cooking oil"" OR ""unsafe edible oil"" OR ""mixed with"") AND language:en) AND NOT (ghee OR vanaspati OR Indonesia OR ""Joko Widodo"" OR rupiah OR ""rupiah per litre"" OR ""oil exports"" OR ""export ban"" OR futures OR derivative OR derivatives OR SEBI OR ""stock market"" OR ""domestic market"" OR ""solvent extractors association"" OR ""million tonnes"" OR ""million tonne"" OR ""sports drinks"" OR ""reused cooking oil"" OR biodiesel OR ""bio-diesel"" OR soda OR diesel OR heroin OR ""hidden in cooking oil cargo"")",business-standard.com
https://timesofindia.indiatimes.com/life-style/beauty/how-to-lighten-dark-knees-and-elbows-naturally/articleshow/81276772.cms,How to lighten dark knees and elbows naturally,indiatimes.com,2021-03-02,boolean,"((""mustard oil"" OR ""palm oil"" OR ""soybean oil"" OR ""sunflower oil"" OR ""groundnut oil"" OR ""coconut oil"" OR ""rice bran oil"" OR ""cottonseed oil"" OR ""sesame oil"" OR ""olive oil"" OR ""rapeseed-mustard oil"") AND (adulterat* OR contaminat* OR misbrand* OR substandard OR spurious OR fake OR counterfeit OR rancid OR ""reused oil"" OR ""recycled oil"" OR ""unsafe oil"" OR ""unsafe cooking oil"" OR ""unsafe edible oil"" OR ""mixed with"") AND language:en) AND NOT (ghee OR vanaspati OR Indonesia OR ""Joko Widodo"" OR rupiah OR ""rupiah per litre"" OR ""oil exports"" OR ""export ban"" OR futures OR derivative OR derivatives OR SEBI OR ""stock market"" OR ""domestic market"" OR ""solvent extractors association"" OR ""million tonnes"" OR ""million tonne"" OR ""sports drinks"" OR ""reused cooking oil"" OR biodiesel OR ""bio-diesel"" OR soda OR diesel OR heroin OR ""hidden in cooking oil cargo"")",timesofindia.indiatimes.com
http://www.pinkvilla.com/fashion/beauty/pimples-oily-skin-5-things-every-teenager-should-know-about-their-skincare-routine-623880,Pimples to oily skin: 5 Things every teenager should know about their skincare routine,pinkvilla.com,2021-02-25,boolean,"((""mustard oil"" OR ""palm oil"" OR ""soybean oil"" OR ""sunflower oil"" OR ""groundnut oil"" OR ""coconut oil"" OR ""rice bran oil"" OR ""cottonseed oil"" OR ""sesame oil"" OR ""olive oil"" OR ""rapeseed-mustard oil"") AND (adulterat* OR contaminat* OR misbrand* OR substandard OR spurious OR fake OR counterfeit OR rancid OR ""reused oil"" OR ""recycled oil"" OR ""unsafe oil"" OR ""unsafe cooking oil"" OR ""unsafe edible oil"" OR ""mixed with"") AND language:en) AND NOT (ghee OR vanaspati OR Indonesia OR ""Joko Widodo"" OR rupiah OR ""rupiah per litre"" OR ""oil exports"" OR ""export ban"" OR futures OR derivative OR derivatives OR SEBI OR ""stock market"" OR ""domestic market"" OR ""solvent extractors association"" OR ""million tonnes"" OR ""million tonne"" OR ""sports drinks"" OR ""reused cooking oil"" OR biodiesel OR ""bio-diesel"" OR soda OR diesel OR heroin OR ""hidden in cooking oil cargo"")",pinkvilla.com
https://www.news18.com/news/lifestyle/5-ways-to-exfoliate-skin-naturally-3457589.html,5 Ways to Exfoliate Skin Naturally,news18.com,2021-02-21,boolean,"((""mustard oil"" OR ""palm oil"" OR ""soybean oil"" OR ""sunflower oil"" OR ""groundnut oil"" OR ""coconut oil"" OR ""rice bran oil"" OR ""cottonseed oil"" OR ""sesame oil"" OR ""olive oil"" OR ""rapeseed-mustard oil"") AND (adulterat* OR contaminat* OR misbrand* OR substandard OR spurious OR fake OR counterfeit OR rancid OR ""reused oil"" OR ""recycled oil"" OR ""unsafe oil"" OR ""unsafe cooking oil"" OR ""unsafe edible oil"" OR ""mixed with"") AND language:en) AND NOT (ghee OR vanaspati OR Indonesia OR ""Joko Widodo"" OR rupiah OR ""rupiah per litre"" OR ""oil exports"" OR ""export ban"" OR futures OR derivative OR derivatives OR SEBI OR ""stock market"" OR ""domestic market"" OR ""solvent extractors association"" OR ""million tonnes"" OR ""million tonne"" OR ""sports drinks"" OR ""reused cooking oil"" OR biodiesel OR ""bio-diesel"" OR soda OR diesel OR heroin OR ""hidden in cooking oil cargo"")",news18.com
https://indianexpress.com/article/lifestyle/life-style/makeup-removal-oil-cleansing-7178560/,Oil cleansing: A fool-proof method to remove your makeup naturally,indianexpress.com,2021-02-07,boolean,"((""mustard oil"" OR ""palm oil"" OR ""soybean oil"" OR ""sunflower oil"" OR ""groundnut oil"" OR ""coconut oil"" OR ""rice bran oil"" OR ""cottonseed oil"" OR ""sesame oil"" OR ""olive oil"" OR ""rapeseed-mustard oil"") AND (adulterat* OR contaminat* OR misbrand* OR substandard OR spurious OR fake OR counterfeit OR rancid OR ""reused oil"" OR ""recycled oil"" OR ""unsafe oil"" OR ""unsafe cooking oil"" OR ""unsafe edible oil"" OR ""mixed with"") AND language:en) AND NOT (ghee OR vanaspati OR Indonesia OR ""Joko Widodo"" OR rupiah OR ""rupiah per litre"" OR ""oil exports"" OR ""export ban"" OR futures OR derivative OR derivatives OR SEBI OR ""stock market"" OR ""domestic market"" OR ""solvent extractors association"" OR ""million tonnes"" OR ""million tonne"" OR ""sports drinks"" OR ""reused cooking oil"" OR biodiesel OR ""bio-diesel"" OR soda OR diesel OR heroin OR ""hidden in cooking oil cargo"")",indianexpress.com
https://indianexpress.com/article/lifestyle/life-style/winter-haircare-seasonal-dandruff-remedies-7153056/,Winter haircare: Here’s how you can get rid of seasonal dandruff,indianexpress.com,2021-02-02,boolean,"((""mustard oil"" OR ""palm oil"" OR ""soybean oil"" OR ""sunflower oil"" OR ""groundnut oil"" OR ""coconut oil"" OR ""rice bran oil"" OR ""cottonseed oil"" OR ""sesame oil"" OR ""olive oil"" OR ""rapeseed-mustard oil"") AND (adulterat* OR contaminat* OR misbrand* OR substandard OR spurious OR fake OR counterfeit OR rancid OR ""reused oil"" OR ""recycled oil"" OR ""unsafe oil"" OR ""unsafe cooking oil"" OR ""unsafe edible oil"" OR ""mixed with"") AND language:en) AND NOT (ghee OR vanaspati OR Indonesia OR ""Joko Widodo"" OR rupiah OR ""rupiah per litre"" OR ""oil exports"" OR ""export ban"" OR futures OR derivative OR derivatives OR SEBI OR ""stock market"" OR ""domestic market"" OR ""solvent extractors association"" OR ""million tonnes"" OR ""million tonne"" OR ""sports drinks"" OR ""reused cooking oil"" OR biodiesel OR ""bio-diesel"" OR soda OR diesel OR heroin OR ""hidden in cooking oil cargo"")",indianexpress.com
https://www.thehindu.com/society/jallikattu-in-the-time-of-a-pandemic-what-is-different-this-year/article33568096.ece,Jallikattu in the time of a pandemic: What is different this year?,thehindu.com,2021-01-13,boolean,"((""mustard oil"" OR ""palm oil"" OR ""soybean oil"" OR ""sunflower oil"" OR ""groundnut oil"" OR ""coconut oil"" OR ""rice bran oil"" OR ""cottonseed oil"" OR ""sesame oil"" OR ""olive oil"" OR ""rapeseed-mustard oil"") AND (adulterat* OR contaminat* OR misbrand* OR substandard OR spurious OR fake OR counterfeit OR rancid OR ""reused oil"" OR ""recycled oil"" OR ""unsafe oil"" OR ""unsafe cooking oil"" OR ""unsafe edible oil"" OR ""mixed with"") AND language:en) AND NOT (ghee OR vanaspati OR Indonesia OR ""Joko Widodo"" OR rupiah OR ""rupiah per litre"" OR ""oil exports"" OR ""export ban"" OR futures OR derivative OR derivatives OR SEBI OR ""stock market"" OR ""domestic market"" OR ""solvent extractors association"" OR ""million tonnes"" OR ""million tonne"" OR ""sports drinks"" OR ""reused cooking oil"" OR biodiesel OR ""bio-diesel"" OR soda OR diesel OR heroin OR ""hidden in cooking oil cargo"")",thehindu.com
https://indianexpress.com/article/lifestyle/life-style/mira-kapoor-diy-skincare-face-pack-hair-oil-scrub-7132372/,Mira Kapoor reveals she didn’t go for bridal facial but used this DIY scrub instead,indianexpress.com,2021-01-05,boolean,"((""mustard oil"" OR ""palm oil"" OR ""soybean oil"" OR ""sunflower oil"" OR ""groundnut oil"" OR ""coconut oil"" OR ""rice bran oil"" OR ""cottonseed oil"" OR ""sesame oil"" OR ""olive oil"" OR ""rapeseed-mustard oil"") AND (adulterat* OR contaminat* OR misbrand* OR substandard OR spurious OR fake OR counterfeit OR rancid OR ""reused oil"" OR ""recycled oil"" OR ""unsafe oil"" OR ""unsafe cooking oil"" OR ""unsafe edible oil"" OR ""mixed with"") AND language:en) AND NOT (ghee OR vanaspati OR Indonesia OR ""Joko Widodo"" OR rupiah OR ""rupiah per litre"" OR ""oil exports"" OR ""export ban"" OR futures OR derivative OR derivatives OR SEBI OR ""stock market"" OR ""domestic market"" OR ""solvent extractors association"" OR ""million tonnes"" OR ""million tonne"" OR ""sports drinks"" OR ""reused cooking oil"" OR biodiesel OR ""bio-diesel"" OR soda OR diesel OR heroin OR ""hidden in cooking oil cargo"")",indianexpress.com
https://www.siasat.com/fight-the-freeze-how-to-protect-your-lips-in-winter-2058759/,Fight the freeze! How to protect your lips in winter,siasat.com,2021-01-02,boolean,"((""mustard oil"" OR ""palm oil"" OR ""soybean oil"" OR ""sunflower oil"" OR ""groundnut oil"" OR ""coconut oil"" OR ""rice bran oil"" OR ""cottonseed oil"" OR ""sesame oil"" OR ""olive oil"" OR ""rapeseed-mustard oil"") AND (adulterat* OR contaminat* OR misbrand* OR substandard OR spurious OR fake OR counterfeit OR rancid OR ""reused oil"" OR ""recycled oil"" OR ""unsafe oil"" OR ""unsafe cooking oil"" OR ""unsafe edible oil"" OR ""mixed with"") AND language:en) AND NOT (ghee OR vanaspati OR Indonesia OR ""Joko Widodo"" OR rupiah OR ""rupiah per litre"" OR ""oil exports"" OR ""export ban"" OR futures OR derivative OR derivatives OR SEBI OR ""stock market"" OR ""domestic market"" OR ""solvent extractors association"" OR ""million tonnes"" OR ""million tonne"" OR ""sports drinks"" OR ""reused cooking oil"" OR biodiesel OR ""bio-diesel"" OR soda OR diesel OR heroin OR ""hidden in cooking oil cargo"")",siasat.com
