article_id,title,source,date,url,food_category,event_model_label,event_model_confidence,source_model,publication_status,event_count,claim_statuses,food_items,adulterants,issue_types,locations,regulatory_actions,classifier_label,classifier_score,classifier_model,accepted_triplet_count,schema_gap_count,unresolved_triplet_count,rejected_triplet_count,model_completed_at
7ee0e722-e8c2-48a9-82ef-dfa05ece776d,"457 held, â_x0082_¹34.7 cr worth stock seized in 1 month of FDA crackdown",indiatimes.com,2026-06-27,https://timesofindia.indiatimes.com/city/pune/457-held-34-7-cr-worth-stock-seized-in-1-month-of-fda-crackdown/articleshow/132024216.cms,Ghee,unclear,0.65,Qwen/Qwen3.5-27B-FP8,validated,1,suspected,ghee,,substitution | adulteration | mislabeling | unsafe_food,"Maharashtra, India",seizure,relevant,0.61690226,ghee_relevance_tfidf_minilm_ensemble_v1,2,0,6,27,2026-08-04T13:22:07Z
1f27f033-de78-41f2-b314-a6afe7d5a378,"FDA Cracks Down On Illegal Gutkha & Adulterated Food In Pune; 198 Raids, ₹84 Lakh Worth Of Gutkha Seized, 92 Arrested",freepressjournal.in,2026-06-27,https://www.freepressjournal.in/pune/fda-cracks-down-on-illegal-gutkha-adulterated-food-in-pune-198-raids-84-lakh-worth-of-gutkha-seized-92-arrested,Ghee,unclear,0.65,Qwen/Qwen3.5-27B-FP8,validated,1,alleged,ghee | edible_oil,,adulteration,"Pune, Maharashtra, India",raid | seizure,relevant,0.57451214,ghee_relevance_tfidf_minilm_ensemble_v1,2,0,6,8,2026-08-04T15:01:53Z
b43f7d65-4e8a-4789-98d7-dd0ceec56e71,"Food Safety Drive: 23 Samples Collected From School, Other Establishments In Indore",freepressjournal.in,2026-06-26,https://www.freepressjournal.in/indore/food-safety-drive-23-samples-collected-from-school-other-establishments-in-indore,Ghee,unclear,0.65,Qwen/Qwen3.5-27B-FP8,validated,1,pending_test,ghee,,substitution | contamination | adulteration,"Indore, Madhya Pradesh, India",notice_issued,irrelevant,0.17685096,ghee_relevance_tfidf_minilm_ensemble_v1,0,0,2,17,2026-08-04T16:20:22Z
oil-e72f16ac2686175c,"Unsafe cooking oil, pungent smell found at KFC in Hyderabad",siasat.com,2026-06-21,https://www.siasat.com/unsafe-cooking-oil-pungent-smell-found-at-kfc-in-hyderabad-3493459/,Edible Oil,relevant_event,0.95,Qwen/Qwen3.5-27B-FP8,validated,1,alleged,cooking oil,,unsafe_food | substandard,"Hyderabad, Telangana, India",improvement notice,irrelevant,0.2169901507946016,"ens_wavg[tfidf_linsvm/full+bge-large_rbfsvm/oilemb+roberta-base_lead_512/full|0.17,0.67,0.17]",1,0,1,5,2026-07-29T20:40:09Z
58679f65-396b-4b1f-b725-9907ebc9f038,Hyderabad: Kondapur biryani outlet scores 92 pc in food safety,siasat.com,2026-06-20,https://www.siasat.com/hyderabad-kondapur-biryani-outlet-scores-92-pc-in-food-safety-3492900/,Ghee,relevant_event,0.95,Qwen/Qwen3.5-27B-FP8,validated,1,alleged,ghee,,unsafe_food,"Hyderabad, Telangana, India",instruction to procure labelled products,irrelevant,0.2305972,ghee_relevance_tfidf_minilm_ensemble_v1,1,0,3,6,2026-08-04T17:35:31Z
05375704-5b45-4e0a-b388-9944c0c5fc9f,"Food safety teams find hygiene and food safety violations at Sattibabu Biryani, 7 Sisters in Hyderabad",thehindu.com,2026-06-20,https://www.thehindu.com/news/cities/Hyderabad/food-safety-teams-find-labelling-lapses-uncovered-food-at-sattibabu-biryani-in-kondapur/article71125565.ece,Ghee,relevant_event,0.95,Qwen/Qwen3.5-27B-FP8,validated,1,alleged,ghee,,mislabeling | unsafe_food,"Hyderabad, Cyberabad, Telangana, India",instruction_to_correct,irrelevant,0.24408209,ghee_relevance_tfidf_minilm_ensemble_v1,1,0,1,8,2026-08-04T16:38:21Z
oil-fcd586ca6c0d66ae,Daltonganj police seize spurious edible oil | Ranchi News - The Times of India,indiatimes.com,2026-06-18,https://timesofindia.indiatimes.com/city/ranchi/daltonganj-police-seize-spurious-edible-oil/articleshow/131829588.cms,Edible Oil,relevant_event,0.95,Qwen/Qwen3.5-27B-FP8,validated,1,suspected,Edible Oils,,counterfeit | substandard,"Daltonganj, Jharkhand, India",case registration | seizure,relevant,0.8344556416851237,"ens_wavg[tfidf_linsvm/full+bge-large_rbfsvm/oilemb+roberta-base_lead_512/full|0.17,0.67,0.17]",1,0,5,4,2026-07-29T23:09:37Z
4a021f95-539e-4217-98a0-d651be9a3b47,"6,500 litres of adulterated ghee, raw material seized during raids in Delhi, Haryana",thehansindia.com,2026-06-18,https://www.thehansindia.com/news/national/6500-litres-of-adulterated-ghee-raw-material-seized-during-raids-in-delhi-haryana-1087624,Ghee,relevant_event,0.95,Qwen/Qwen3.5-27B-FP8,validated,1,suspected,ghee,unidentified oil,adulteration | counterfeit,"Dwarka, South West Delhi, Delhi, India",seizure | FIR registration,,,,1,0,12,17,2026-08-01T22:48:04Z
43de8661-2844-46b7-bb39-15eb17f6b82e,"6,500 litres of fake ghee recovered in Delhi, Haryana",assamtribune.com,2026-06-18,https://assamtribune.com/national/6500-litres-of-fake-ghee-recovered-in-delhi-haryana-1612879,Ghee,relevant_event,0.95,Qwen/Qwen3.5-27B-FP8,validated,1,suspected,ghee,unidentified oil,adulteration | counterfeit,"Dwarka, South West Delhi, Delhi, India",seizure | FIR registration,,,,2,0,10,13,2026-08-01T22:50:56Z
1c8fe57c-2cee-4f73-a5f3-6ee4051024e7,"FSSAI seizes over 6,500 litres of suspected adulterated ghee in Delhi, Haryana operations",mumbainews.net,2026-06-18,http://www.mumbainews.net/news/279131828/fssai-seizes-over-6500-litres-of-suspected-adulterated-ghee-in-delhi-haryana-operations,Ghee,relevant_event,0.95,Qwen/Qwen3.5-27B-FP8,validated,1,suspected,ghee,vegetable oils,adulteration | mislabeling,"Delhi, Dwarka, India",seizure | raid | FIR registered,,,,2,0,7,11,2026-08-02T05:46:34Z
1a066d87-0093-4ca8-9c10-84c004b76c48,6500 litres of fake ghee found by food regulator during a raid in Delhi and Haryana,indiatimes.com,2026-06-18,https://economictimes.indiatimes.com/news/new-updates/6500-litres-of-fake-ghee-found-by-food-regulator-during-a-raid-in-delhi-and-haryana/articleshow/131825461.cms,Ghee,relevant_event,,RedHatAI/Mistral-Small-3.2-24B-Instruct-2506-FP8,provisional,2,recall_triggered,ghee,,adulteration,"Delhi, India | Haryana, India",seizure,,,,0,0,14,4,2026-08-05T08:54:10Z
oil-dd1aa09a52bacc6f,"FDA Crackdown On Adulterated & Banned Food In Vasai-Virar: 18 Shops Sealed, ₹14 Lakh Worth Goods Confiscated",freepressjournal.in,2026-06-15,https://www.freepressjournal.in/mumbai/fda-crackdown-on-adulterated-banned-food-in-vasai-virar-18-shops-sealed-14-lakh-worth-goods-confiscated,Edible Oil,relevant_event,0.92,Qwen/Qwen3.5-27B-FP8,validated,1,suspected,edible oil,,substandard | contamination,"Vasai-Virar, Palghar, Maharashtra, India",seizure | sealing,,,,1,0,4,14,2026-07-29T19:15:44Z
946d9238-09b9-474e-8481-5e734cedca7a,FSSAI issues notices to 14 food brands over allegedly misleading brand names,socialsamosa.com,2026-06-15,https://www.socialsamosa.com/industry-updates/fssai-issues-notices-over-misleading-brand-names-12040501,Ghee,relevant_event,0.95,Qwen/Qwen3.5-27B-FP8,validated,1,alleged,ghee,,mislabeling,India,notice_issued,irrelevant,0.48264755,ghee_relevance_tfidf_minilm_ensemble_v1,7,0,4,19,2026-08-04T15:37:15Z
10f36230-190b-4b13-8cfc-8d12c2f37080,"FSSAI issues notices to 14 food companies over misleading ‘healthy,' ‘organic’ claims",newindianexpress.com,2026-06-14,https://www.newindianexpress.com/india/2026/Jun/14/fssai-issues-notices-to-14-food-companies-over-misleading-healthy-organic-claims,Ghee,relevant_event,0.95,Qwen/Qwen3.5-27B-FP8,validated,1,alleged,ghee,,mislabeling,India,notice_issued,irrelevant,0.44317229,ghee_relevance_tfidf_minilm_ensemble_v1,4,0,14,12,2026-08-04T15:39:33Z
oil-d276b566dce62194,This toxic adulterant in edible oils can damage your nervous system: Here's how to check if your cooking oil is safe,indiatimes.com,2026-06-11,https://timesofindia.indiatimes.com/etimes/wellness/this-toxic-adulterant-in-edible-oils-can-damage-your-nervous-system-heres-how-to-check-if-your-cooking-oil-is-safe/photostory/131653846.cms,Edible Oil,relevant_event,0.95,Qwen/Qwen3.5-27B-FP8,validated,1,alleged,mustard oil,,adulteration | contamination,"Delhi, India",,irrelevant,0.3559,Weighted ensemble: TF-IDF Linear SVM + BGE-large RBF-SVM + RoBERTa-base,4,0,17,9,2026-07-29T17:38:08Z
cf49440a-6629-4257-a926-f49705bda9dd,"Kathwada ghee unit sealed, suspected stock withheld",indiatimes.com,2026-06-11,https://timesofindia.indiatimes.com/city/ahmedabad/kathwada-ghee-unit-sealed-suspected-stock-withheld/articleshow/131643079.cms,Ghee,unclear,0.9,Qwen/Qwen3.5-27B-FP8,validated,1,suspected,ghee,,substitution | mislabeling | unsafe_food,"Ahmedabad, Gujarat, India",unit sealed | stock withheld,relevant,0.85392623,ghee_relevance_tfidf_minilm_ensemble_v1,0,0,4,6,2026-08-03T18:30:14Z
f7ba77d9-6fb9-4ed4-81fa-0f19ff45168b,"Ahmedabad: 4,850kg of spurious cow ghee seized; haul valued at Rs 31.8 lakh | Ahmedabad News - The Times of India",indiatimes.com,2026-06-10,https://timesofindia.indiatimes.com/city/ahmedabad/ahmedabad-4850kg-of-spurious-cow-ghee-seized-haul-valued-at-rs-31-8-lakh/articleshow/131618757.cms,Ghee,unclear,0.85,Qwen/Qwen3.5-27B-FP8,validated,1,suspected,ghee,vegetable fats,adulteration | substitution,"Ahmedabad, Gujarat, India",seizure | sealing of units,,,,0,0,3,17,2026-08-02T00:47:30Z
oil-c4d815318f8299b0,"Maharashtra FDA Cracks Down On Gutkha And Unsafe Food; 33 Arrested, Goods Worth Over ₹8.56 Crore Seized",freepressjournal.in,2026-06-09,https://www.freepressjournal.in/mumbai/maharashtra-fda-cracks-down-on-gutkha-and-unsafe-food-33-arrested-goods-worth-over-856-crore-seized,Edible Oil,unclear,0.85,Qwen/Qwen3.5-27B-FP8,validated,1,suspected,edible oil,,substandard | unsafe_food,"Maharashtra, India",seizure,,,,4,0,0,16,2026-07-29T15:28:35Z
8c7f1867-5b80-483f-aa44-8bb824978f49,"Suspicious khoya, paneer and ghee worth â_x0082_¹47 lakh seized in Pune",indiatimes.com,2026-06-07,https://timesofindia.indiatimes.com/city/pune/suspicious-khoya-paneer-and-ghee-worth-47-lakh-seized-in-pune/articleshow/131558578.cms,Ghee,unclear,,RedHatAI/Mistral-Small-3.2-24B-Instruct-2506-FP8,validated,0,,,,,,,irrelevant,0.48638632,ghee_relevance_tfidf_minilm_ensemble_v1,0,0,9,9,
oil-055a850c7fce9512,Articles worth over Rs 15.8 lakh seized by FDA in week long raids,indiatimes.com,2026-06-05,https://timesofindia.indiatimes.com/city/nashik/articles-worth-over-rs-15-8-lakh-seized-by-fda-in-week-long-raids/articleshow/131537623.cms,Edible Oil,unclear,0.85,Qwen/Qwen3.5-27B-FP8,validated,1,suspected,soybean oil,,substandard | unsafe_food,"Chandwad, Nashik, Maharashtra, India",seizure,,,,2,0,1,17,2026-07-28T18:40:10Z
oil-11313f68b0e0b1d7,Nashik: FDA Seizes Suspected And Illegal Food Stock Worth ₹15.89 Lakh In Week-Long Crackdown,freepressjournal.in,2026-06-04,https://www.freepressjournal.in/pune/nashik-fda-seizes-suspected-and-illegal-food-stock-worth-1589-lakh-in-week-long-crackdown,Edible Oil,unclear,0.85,Qwen/Qwen3.5-27B-FP8,validated,1,suspected,soybean oil,,substandard | unsafe_food,"Chandwad, Nashik, Maharashtra, India",seizure,,,,0,0,7,13,2026-07-28T20:58:48Z
b51ed6e1-9448-4c4c-8c91-122178b4eb4f,FDA seizes energy drink stock worth Rs 56L over misbranding,indiatimes.com,2026-06-04,https://timesofindia.indiatimes.com/city/aurangabad/fda-seizes-energy-drink-stock-worth-rs-56l-over-misbranding/articleshow/131489352.cms,Ghee,unclear,0.65,Qwen/Qwen3.5-27B-FP8,validated,1,suspected,ghee,,adulteration,"Chhatrapati Sambhajinagar, Maharashtra, India",seizure,relevant,0.5456813,ghee_relevance_tfidf_minilm_ensemble_v1,1,0,3,22,2026-08-03T10:18:52Z
8afb3b3e-f5a4-4528-9e9b-8ea688954f85,"FDA seizes substandard, adulterated food products worth over  ₹31 lakh",hindustantimes.com,2026-06-04,https://www.hindustantimes.com/cities/pune-news/fda-seizes-substandard-adulterated-food-products-worth-over-31-lakh-101780515229734.html,Ghee,unclear,0.65,Qwen/Qwen3.5-27B-FP8,validated,1,suspected,ghee,,substandard | adulteration | prohibited_additive,"Wadgaonsheri, Pune, Maharashtra, India",seizure,relevant,0.57299444,ghee_relevance_tfidf_minilm_ensemble_v1,3,0,9,8,2026-08-03T10:22:51Z
82ca3fd9-5881-4929-8cb8-20eb97f6e207,"FDA arrests 14 for selling banned goods, items worth Rs32L seized",indiatimes.com,2026-06-04,https://timesofindia.indiatimes.com/city/pune/fda-arrests-14-for-selling-banned-goods-items-worth-rs32l-seized/articleshow/131491661.cms,Ghee,unclear,0.85,Qwen/Qwen3.5-27B-FP8,validated,1,suspected,ghee,,adulteration,"Pune, Maharashtra, India",samples collected,relevant,0.56761239,ghee_relevance_tfidf_minilm_ensemble_v1,0,0,4,20,2026-08-03T09:54:54Z
4f3026f8-7217-4bf9-af6e-71bcad8bb1c5,"Jalna Factory Raided For Making Fake Ghee, Rs 13 Lakh Stock Seized",rediff.com,2026-06-04,https://www.rediff.com/news/report/fda-seizes-adulterated-ghee-worth-rs-13-lakh-in-jalna/20260604.htm,Ghee,relevant_event,0.95,Qwen/Qwen3.5-27B-FP8,validated,1,alleged,ghee,refined soybean oil | synthetic essence,adulteration | substitution,"Jalna, Maharashtra, India",raid | seizure | factory sealed | legal proceedings,,,,4,0,6,10,2026-08-02T10:34:34Z
4726ed7e-d61a-4a2c-9e05-59cbaa4f1bf0,"Major crackdown on adulterated ghee and oil in Pokaran; over 14,000kg seized",indiatimes.com,2026-06-03,https://timesofindia.indiatimes.com/city/jaipur/major-crackdown-on-adulterated-ghee-and-oil-in-pokaran-over-14000kg-seized/articleshow/131486941.cms,Ghee,relevant_event,0.95,Qwen/Qwen3.5-27B-FP8,validated,1,suspected,ghee | edible oil | palm oil | soybean oil | vanaspati,unknown,adulteration,"Pokaran, Jaisalmer, Rajasthan, India",raid | seizure | detention,relevant,0.90290859,ghee_relevance_tfidf_minilm_ensemble_v1,3,0,7,20,2026-08-02T12:30:06Z
0969529b-eb72-424a-bb28-639efc789232,"Gutka, pan masala over Rs 34 lakh, food items worth Rs 1.24 crore seized: FDA",indiatimes.com,2026-06-03,https://timesofindia.indiatimes.com/city/mumbai/gutka-pan-masala-over-rs-34-lakh-food-items-worth-rs-1-24-crore-seized-fda/articleshow/131487785.cms,Ghee,unclear,,RedHatAI/Mistral-Small-3.2-24B-Instruct-2506-FP8,validated,0,,,,,,,irrelevant,0.44481633,ghee_relevance_tfidf_minilm_ensemble_v1,2,0,6,2,
oil-0deaa05c0dac8925,Nashik FDA confiscates food items worth over Rs 1 lakh on suspicion of adulteration,indiatimes.com,2026-05-30,https://timesofindia.indiatimes.com/city/nashik/nashik-fda-confiscates-food-items-worth-over-rs-1-lakh-on-suspicion-of-adulteration/articleshow/131414371.cms,Edible Oil,unclear,0.85,Qwen/Qwen3.5-27B-FP8,validated,1,suspected,soyabean oil,,substandard | adulteration,"Nashik, Maharashtra, India",seizure,,,,1,0,4,10,2026-07-28T20:42:29Z
980db746-8492-4784-ab7e-f6c3b10378e1,Rajasthan Raid Uncovers Thousands Of Litres Of Adulterated Ghee,rediff.com,2026-05-30,https://www.rediff.com/news/report/adulterated-ghee-seized-in-udaipur-raid/20260530.htm,Ghee,relevant_event,,RedHatAI/Mistral-Small-3.2-24B-Instruct-2506-FP8,validated,1,suspected,ghee,,adulteration,"Udaipur, Rajasthan, India",seizure | ban,relevant,0.83745003,ghee_relevance_tfidf_minilm_ensemble_v1,3,0,11,6,
7a539249-77a2-4e2b-a29f-6952304d80d7,76-year-old held for selling adulterated desi ghee in Devbhumi Dwarka,indiatimes.com,2026-05-30,https://timesofindia.indiatimes.com/city/rajkot/76-year-old-held-for-selling-adulterated-desi-ghee-in-devbhumi-dwarka/articleshow/131397678.cms,Ghee,relevant_event,0.95,Qwen/Qwen3.5-27B-FP8,validated,1,alleged,ghee,chemicals,adulteration,"Devbhumi Dwarka, Gujarat, India",apprehended | detained | seizure | destroyed,relevant,0.87495685,ghee_relevance_tfidf_minilm_ensemble_v1,1,0,5,4,2026-08-01T23:18:00Z
052d8d0a-6ef5-4a35-a1da-7d776a43236a,Maharashtra FDA Seizes ₹73.24 Lakh Worth Of Misbranded Ayurvedic Medicines In Statewide Crackdown; Commissioner Tukaram Mundhe Warns Of Tougher Action,freepressjournal.in,2026-05-30,https://www.freepressjournal.in/mumbai/maharashtra-fda-seizes-7324-lakh-worth-of-misbranded-ayurvedic-medicines-in-statewide-crackdown-commissioner-tukaram-mundhe-warns-of-tougher-action,Ghee,unclear,0.65,Qwen/Qwen3.5-27B-FP8,validated,1,alleged,ghee,,adulteration | unsafe_food,"Maharashtra, India",seizure,irrelevant,0.48530125,ghee_relevance_tfidf_minilm_ensemble_v1,1,0,3,16,2026-08-04T18:30:29Z
c71246d7-20c3-49f7-9e44-c43e0a62634b,"Maharashtra FDA conducts raids across cities, seizes banned and adulterated items worth Rs 40 lakh; 33 arrested for selling gutka",indiatimes.com,2026-05-28,https://timesofindia.indiatimes.com/city/mumbai/maharashtra-fda-conducts-raids-across-cities-seizes-banned-and-adulterated-items-worth-rs-40-lakh-33-arrested-for-selling-gutka/articleshow/131376144.cms,Ghee,unclear,,RedHatAI/Mistral-Small-3.2-24B-Instruct-2506-FP8,validated,0,,,,,,,relevant,0.59823206,ghee_relevance_tfidf_minilm_ensemble_v1,2,0,7,11,
c510cd52-9f8c-4386-8c6e-2e020d385b3f,FDA seizes suspicious food items worth Rs 12 lakh in Thane; six arrested for selling banned gutkha,mid-day.com,2026-05-28,https://www.mid-day.com/mumbai/mumbai-news/article/fda-seizes-suspicious-food-items-worth-rs-12-lakh-in-thane-six-arrested-for-selling-banned-gutkha-23632641,Ghee,unclear,0.65,Qwen/Qwen3.5-27B-FP8,validated,1,alleged,ghee | edible oil | gutkha,,substandard | prohibited_additive,"Thane, Maharashtra, India",seizure | arrest,relevant,0.65059396,ghee_relevance_tfidf_minilm_ensemble_v1,1,0,1,5,2026-08-04T15:12:18Z
9048351b-4992-4bdf-92c1-286973f30e24,Thane FDA Seizes Adulterated Food Items Worth Rs 12 Lakh,rediff.com,2026-05-28,https://www.rediff.com/news/report/fda-seizes-food-items-gutkha-in-thane-6-arrested/20260528.htm,Ghee,unclear,,RedHatAI/Mistral-Small-3.2-24B-Instruct-2506-FP8,validated,0,,,,,,,relevant,0.69261694,ghee_relevance_tfidf_minilm_ensemble_v1,0,0,13,4,2026-08-05T10:10:34Z
34dc1c1f-d12c-4230-bb1c-e41b6961f288,"Fake ghee racket busted in Surat, raw material worth Rs 3 lakh seized in Kamrej raid",indiatimes.com,2026-05-28,https://timesofindia.indiatimes.com/city/surat/cow-ghee-on-the-label-palm-oil-inside/articleshow/131358414.cms,Ghee,relevant_event,0.95,Qwen/Qwen3.5-27B-FP8,validated,1,alleged,ghee,vegetable oil | palm oil,adulteration | substitution,"Surat, Gujarat, India",raid | seizure | sample collection,,,,2,0,6,10,2026-08-02T07:10:59Z
15a33624-c7c3-405d-b192-3af882b631ed,"Duplicate FMCG goods worth â_x0082_¹20L seized in Ahmedabad, 3 held | Ahmedabad News - The Times of India",indiatimes.com,2026-05-25,https://timesofindia.indiatimes.com/city/ahmedabad/duplicate-fmcg-goods-worth-20l-seized-in-ahmedabad-3-held/articleshow/131295988.cms,Ghee,unclear,0.65,Qwen/Qwen3.5-27B-FP8,validated,1,alleged,ghee,,counterfeit,"Ahmedabad, Gujarat, India",Case under Copyright Act,,,,1,0,4,11,2026-08-03T08:14:16Z
oil-af3a540365afc7c2,"Food safety raids at Hyderabad bakery, brewery uncover expired food, pest infestation, hygiene violations",thehindu.com,2026-05-21,https://www.thehindu.com/news/cities/Hyderabad/food-safety-raids-at-hyderabad-bakery-brewery-uncover-expired-food-pest-infestation-hygiene-violations/article71003523.ece,Edible Oil,unclear,0.85,Qwen/Qwen3.5-27B-FP8,validated,1,suspected,cooking oil,reused cooking oil,adulteration,"Hyderabad, Telangana, India",necessary action,irrelevant,0.3251,Weighted ensemble: TF-IDF Linear SVM + BGE-large RBF-SVM + RoBERTa-base,2,0,5,3,2026-07-29T13:25:45Z
oil-1c3f4e35a1252449,"4,000 litres of suspected adulterated oil seized | Kanpur News - The Times of India",indiatimes.com,2026-05-17,https://timesofindia.indiatimes.com/city/kanpur/4000-litres-of-suspected-adulterated-oil-seized/articleshow/131143712.cms,Edible Oil,relevant_event,0.95,Qwen/Qwen3.5-27B-FP8,validated,1,suspected,edible oil,,adulteration | substandard,"Kanpur, Kanpur Dehat, Uttar Pradesh, India",seizure | custody,relevant,0.9218017301463708,"ens_wavg[tfidf_linsvm/full+bge-large_rbfsvm/oilemb+roberta-base_lead_512/full|0.17,0.67,0.17]",0,0,1,9,2026-07-28T21:58:41Z
ec10e6ea-97b3-4967-bf6b-df1e557b5154,Food Safety Department Suspends Restaurant Licence Over Unhygienic Conditions In Neemuch,freepressjournal.in,2026-05-13,https://www.freepressjournal.in/indore/food-safety-department-suspends-restaurant-licence-over-unhygienic-conditions-in-neemuch-2,Ghee,unclear,0.85,Qwen/Qwen3.5-27B-FP8,validated,1,pending_test,ghee,,unclear,"Neemuch, Madhya Pradesh, India",suspension of food registration | sealed the kitchen | stopped all operations,irrelevant,0.23117411,ghee_relevance_tfidf_minilm_ensemble_v1,0,0,3,7,2026-08-04T16:16:33Z
oil-c94e003c369b3450,Hyderabad: Food safety inspection flags unsafe oil at KFC outlet in Kondapur,siasat.com,2026-05-05,https://www.siasat.com/hyderabad-food-safety-inspection-flags-unsafe-oil-at-kfc-outlet-in-kondapur-3465689/,Edible Oil,unclear,0.95,Qwen/Qwen3.5-27B-FP8,validated,1,suspected,cooking oil,,unsafe_food | substandard,"Hyderabad, Telangana, India",Action is being initiated against the outlet,irrelevant,0.4695679377765578,"ens_wavg[tfidf_linsvm/full+bge-large_rbfsvm/oilemb+roberta-base_lead_512/full|0.17,0.67,0.17]",1,0,6,8,2026-07-29T16:05:35Z
db1235cb-fcc3-44e1-9313-a0c68542460a,Bulldozer Action Against Fake Ghee Unit In MP's Khandwa; Owner Fails To Show Documents,freepressjournal.in,2026-04-30,https://www.freepressjournal.in/indore/bulldozer-action-against-fake-ghee-unit-in-mps-khandwa-owner-fails-to-show-documents,Ghee,unclear,0.85,Qwen/Qwen3.5-27B-FP8,validated,1,alleged,ghee,,adulteration | unsafe_food,"Khandwa, Madhya Pradesh, India",demolition of illegal fat-rendering factory | suspension of municipal employees,,,,1,0,6,3,2026-08-02T01:42:41Z
oil-42c4efcdce45e35d,Food safety administration flags substandard food products,nagalandpost.com,2026-04-29,https://nagalandpost.com/food-safety-administration-flags-substandard-food-products/,Edible Oil,relevant_event,0.95,Qwen/Qwen3.5-27B-FP8,validated,1,suspected,Mast Health Multi-source Edible Oil,,substandard,"Dimapur, Nagaland, India",public notice | legal proceedings,irrelevant,0.2974,Weighted ensemble: TF-IDF Linear SVM + BGE-large RBF-SVM + RoBERTa-base,2,0,4,13,2026-07-29T02:13:36Z
67c4a0dd-5f32-4dde-b733-4a4a9e5dfafb,Ghee Purity Check Tips: FSDA declares 6 desi ghee brands unsafe: How to check ghee purity and the easiest way to make ghee at home - The Times of India,indiatimes.com,2026-04-27,https://timesofindia.indiatimes.com/life-style/food-news/fsda-declares-6-desi-ghee-brands-unsafe-how-to-check-ghee-purity-and-the-easiest-way-to-make-ghee-at-home/articleshow/130544411.cms,Ghee,relevant_event,,RedHatAI/Mistral-Small-3.2-24B-Instruct-2506-FP8,provisional,3,pending_test,ghee,,adulteration,India,seizure | ban,relevant,0.76634067,ghee_relevance_tfidf_minilm_ensemble_v1,9,0,19,17,2026-08-05T09:47:04Z
0b5a50e0-df3b-42ea-83c6-80bc16cf39fb,"Anwar Qureshi manufactured and sold fake ghee made using animal fat, skin and bones in Khandwa; arrested",opindia.com,2026-04-27,https://www.opindia.com/2026/04/madhya-pradesh-khandwa-police-arrest-anwar-qureshi-fake-ghee-animal-fat-bones-skin-fir-details/,Ghee,relevant_event,,RedHatAI/Mistral-Small-3.2-24B-Instruct-2506-FP8,validated,1,suspected,ghee,,adulteration,"Khandwa, Madhya Pradesh, India",manufacturing | selling,relevant,0.81924353,ghee_relevance_tfidf_minilm_ensemble_v1,5,0,5,25,2026-08-05T09:33:55Z
d315d00d-a3eb-4c0f-9554-c1395585910f,"Raid Uncovers 3k Litres Ghee Made Using Animal Fat In Madhya Pradesh's Khandwa, 2 Held",freepressjournal.in,2026-04-24,https://www.freepressjournal.in/indore/raid-uncovers-3k-litres-ghee-made-using-animal-fat-in-madhya-pradeshs-khandwa-2-held,Ghee,relevant_event,0.95,Qwen/Qwen3.5-27B-FP8,validated,1,alleged,ghee,animal fat,adulteration,"Khandwa, Madhya Pradesh, India",raid | detention | seizure,relevant,0.75710264,ghee_relevance_tfidf_minilm_ensemble_v1,4,0,4,11,2026-08-02T14:41:50Z
31f1f824-c698-4b97-a52a-1a1136a9ac6e,AMC health dept busts fake ghee unit in Nikol bungalow,indiatimes.com,2026-04-24,https://timesofindia.indiatimes.com/city/ahmedabad/amc-health-dept-busts-fake-ghee-unit-in-nikol-bungalow/articleshow/130477407.cms,Ghee,relevant_event,,RedHatAI/Mistral-Small-3.2-24B-Instruct-2506-FP8,validated,1,pending_test,ghee,,adulteration,India,seized | legal_proceedings,,,,8,0,6,6,2026-08-05T08:54:29Z
oil-d5d0fcd9c566a8e6,Cyberabad food adulteration raids Hyderabad Rs 64 lakh seizure 28 arrested,indiatoday.in,2026-04-23,https://www.indiatoday.in/cities/hyderabad/story/cyberabad-food-adulteration-raids-hyderabad-rs-64-lakh-seizure-28-arrested-2900680-2026-04-23,Edible Oil,unclear,0.85,Qwen/Qwen3.5-27B-FP8,validated,1,suspected,edible oil,,adulteration,"Hyderabad, Telangana, India",seizure,relevant,0.9327,"ens_wavg[tfidf_linsvm/full+bge-large_rbfsvm/oilemb+roberta-base_lead_512/full|0.17,0.67,0.17]",4,0,6,10,2026-07-29T18:12:07Z
oil-fcda56b4bb45ffd3,"Cyberabad Cops Book 28, Seize Adulterated Food Worth Rs 64 Lakh",deccanchronicle.com,2026-04-22,https://www.deccanchronicle.com/southern-states/telangana/cyberabad-cops-book-28-seize-adulterated-food-worth-rs-64-lakh-1952140,Edible Oil,unclear,0.85,Qwen/Qwen3.5-27B-FP8,validated,1,suspected,edible oil,,adulteration,"Cyberabad, Telangana, India",booking of persons | seizure of goods,,,,0,0,1,9,2026-07-29T23:11:21Z
oil-ce4031737a7654b3,"22 cases booked in Cyberabad food adulteration crackdown, ₹64 lakh worth goods seized",thehindu.com,2026-04-22,https://www.thehindu.com/news/cities/Hyderabad/22-cases-booked-in-cyberabad-food-adulteration-crackdown-64-lakh-worth-goods-seized/article70892711.ece,Edible Oil,relevant_event,0.95,Qwen/Qwen3.5-27B-FP8,validated,1,alleged,edible oil,,adulteration,"Cyberabad, Telangana, India",case_booked | seizure,relevant,0.9433,Weighted ensemble: TF-IDF Linear SVM + BGE-large RBF-SVM + RoBERTa-base,2,0,0,18,2026-07-29T17:06:13Z
532313e4-1691-4ddb-b523-68efb0cbb8e1,"Drive Finds Violations in Milk, Ghee Sales",deccanchronicle.com,2026-04-22,https://www.deccanchronicle.com/southern-states/telangana/drive-finds-violations-in-milk-ghee-sales-1951963,Ghee,unclear,0.65,Qwen/Qwen3.5-27B-FP8,validated,1,suspected,ghee,,unsafe_food,"Hyderabad, Telangana, India",seizure | show-cause notices | improvement notices,,,,3,0,3,4,2026-08-03T07:57:05Z
2fab838d-d6f6-4eb0-9d03-96452922460d,"1,500 kg spurious ghee seized in Ludhiana",hindustantimes.com,2026-04-22,https://www.hindustantimes.com/cities/chandigarh-news/1500-kg-spurious-ghee-seized-in-ludhiana-101776799305166.html,Ghee,unclear,0.85,Qwen/Qwen3.5-27B-FP8,validated,1,suspected,ghee,,substitution | adulteration,"Ludhiana, Punjab, India",raid | seizure | proceedings under the Food Safety and Standards Act,,,,0,0,1,15,2026-08-01T21:04:45Z
d3c6617c-2925-40b2-aa72-9b0b6c5e83d4,"Unlicensed dairy unit raided, ghee & milk worth Rs 7 lakh seized",indiatimes.com,2026-04-21,https://timesofindia.indiatimes.com/city/hyderabad/unlicensed-dairy-unit-raided-ghee-milk-worth-rs-7-lakh-seized/articleshow/130401443.cms,Ghee,relevant_event,0.95,Qwen/Qwen3.5-27B-FP8,validated,1,suspected,ghee,,unsafe_food | adulteration,"Telangana, India",discarding_unsafe_loose_ghee,relevant,0.59787099,ghee_relevance_tfidf_minilm_ensemble_v1,3,0,6,11,2026-08-02T21:42:28Z
c055f4ca-fbc2-45bc-882a-aeeff8af4deb,Milk and ghee worth Rs.7.78 lakh seized in Telangana,deccanchronicle.com,2026-04-21,https://www.deccanchronicle.com/southern-states/telangana/milk-and-ghee-worth-rs778-lakh-seized-in-telangana-1951794,Ghee,unclear,0.75,Qwen/Qwen3.5-27B-FP8,validated,1,suspected,ghee | milk,,unsafe_food,"Hyderabad, Telangana, India",seizure | show cause notice | improvement notice,irrelevant,0.28501503,ghee_relevance_tfidf_minilm_ensemble_v1,0,0,2,8,2026-08-03T21:43:55Z
1de361db-387d-47fd-8f62-b7b716317eac,"₹7.78 lakh worth milk, ghee seized in Hyderabad during Statewide food safety drive",thehindu.com,2026-04-21,https://www.thehindu.com/news/cities/Hyderabad/778-lakh-worth-milk-ghee-seized-in-hyderabad-during-statewide-food-safety-drive/article70886036.ece,Ghee,unclear,0.65,Qwen/Qwen3.5-27B-FP8,validated,1,pending_test,ghee | milk,,unclear,"Hyderabad, Telangana, India",seizure | show-cause and improvement notices,,,,1,0,4,4,2026-08-04T12:39:57Z
72ab0b23-cb33-4ff6-af82-de5e08b68aff,"Food adulteration drive: Rs 7.78 lakh worth milk, ghee seized in Hyderabad",siasat.com,2026-04-20,https://www.siasat.com/food-adulteration-drive-rs-7-78-lakh-worth-milk-ghee-seized-in-hyderabad-3457214/,Ghee,unclear,0.65,Qwen/Qwen3.5-27B-FP8,validated,1,alleged,ghee,,adulteration | unsafe_food,"Hyderabad, Telangana, India",Show cause notices | seizure,irrelevant,0.42247953,ghee_relevance_tfidf_minilm_ensemble_v1,0,0,4,6,2026-08-03T13:11:29Z
4216dab3-b436-422a-a6ee-74b5858f7aa2,Unit making spurious ghee flourishing for 2 years busted in Sachin GIDC | Surat News - The Times of India,indiatimes.com,2026-04-17,https://timesofindia.indiatimes.com/city/surat/unit-making-spurious-ghee-flourishing-for-2-years-busted-in-sachin-gidc/articleshow/130316426.cms,Ghee,relevant_event,0.95,Qwen/Qwen3.5-27B-FP8,validated,1,alleged,ghee,palm oil | vanaspati | flavouring essence,adulteration | unsafe_food,"Surat, Gujarat, India",raid | seizure | arrest,relevant,0.94293511,ghee_relevance_tfidf_minilm_ensemble_v1,1,0,8,14,2026-08-02T21:40:39Z
9d123ed0-6bda-4c0f-a451-b6ed86c6985c,"Gujarat: Massive adulterated ghee racket busted in Surat, 2 arrested ​",thehansindia.com,2026-04-16,https://www.thehansindia.com/news/national/gujarat-massive-adulterated-ghee-racket-busted-in-surat-2-arrested--1066385,Ghee,relevant_event,0.98,Qwen/Qwen3.5-27B-FP8,validated,1,alleged,ghee,palm oil | vegetable ghee | vegetable butter | artificial essence,adulteration | substitution | masking,"Surat, Gujarat, India",raid | seizure | arrest | case registration,,,,4,0,12,3,2026-08-02T08:50:18Z
oil-c0e8fd0149fa83c4,Food Adulteration: Barnala admin imposes Rs 2L fine,indiatimes.com,2026-04-12,https://timesofindia.indiatimes.com/city/chandigarh/food-adulteration-barnala-admin-imposes-rs-2l-fine/articleshow/130198058.cms,Edible Oil,unclear,0.85,Qwen/Qwen3.5-27B-FP8,validated,1,suspected,mustard oil | cooking oil,,substandard,"Barnala, Punjab, India",Rs 2.25 lakh fine,,,,2,0,4,4,2026-07-29T14:59:55Z
ea51c75b-4b85-48fb-bbb7-8fde23c110aa,Hyderabad turning into capital of adulterated food,thehansindia.com,2026-04-08,https://www.thehansindia.com/telangana/hyderabad-turning-into-capital-of-adulterated-food-1063581,Ghee,relevant_event,0.95,Qwen/Qwen3.5-27B-FP8,validated,1,alleged,ghee,palm oil | vanaspati | low-quality products,adulteration,"Hyderabad, Telangana, India",seizure,irrelevant,0.42255961,ghee_relevance_tfidf_minilm_ensemble_v1,7,0,11,35,2026-08-03T16:43:50Z
oil-48d56f0dc43d0ecc,Expired Mustard Oil Seized in Hazaribag Food Safety Raid | Ranchi News - The Times of India,indiatimes.com,2026-04-07,https://timesofindia.indiatimes.com/city/ranchi/expired-mustard-oil-seized-in-hazaribag-food-safety-raid/articleshow/130094279.cms,Edible Oil,relevant_event,0.95,Qwen/Qwen3.5-27B-FP8,validated,1,suspected,mustard oil,,substandard | prohibited_additive,"Hazaribag, Jharkhand, India",seizure | legal action,relevant,0.7962744115817022,"ens_wavg[tfidf_linsvm/full+bge-large_rbfsvm/oilemb+roberta-base_lead_512/full|0.17,0.67,0.17]",3,0,2,5,2026-07-29T02:45:18Z
0230f9dd-e5d9-4c6b-ad9c-7128e1b6b3a6,MP News: Half Of State Is Eating Adulterated Food; Dairy Products Most Unsafe,freepressjournal.in,2026-04-06,https://www.freepressjournal.in/bhopal/mp-news-half-of-state-is-eating-adulterated-food-dairy-products-most-unsafe,Ghee,unclear,,RedHatAI/Mistral-Small-3.2-24B-Instruct-2506-FP8,validated,0,,,,,,,irrelevant,0.23970386,ghee_relevance_tfidf_minilm_ensemble_v1,0,0,4,16,
403ed647-6bec-4144-814b-6480d228b443,"Illegal bakery raided in Hyderabad, material worth Rs 2.77 lakh seized",siasat.com,2026-04-02,https://www.siasat.com/illegal-bakery-raided-in-hyderabad-material-worth-rs-2-77-lakh-seized-3445273/,Ghee,unclear,0.65,Qwen/Qwen3.5-27B-FP8,validated,1,alleged,ghee,,adulteration | unsafe_food,"Hyderabad, Telangana, India",raid | arrest | seizure,relevant,0.62546496,ghee_relevance_tfidf_minilm_ensemble_v1,0,0,1,9,2026-08-03T17:05:19Z
848d2056-4c85-4c86-9730-15f585f6e511,"From adulterated ginger-garlic paste to Osmania biscuits, T’gana cracksdown on illegal food units",hindustantimes.com,2026-04-01,https://www.hindustantimes.com/cities/others/from-adulterated-ginger-garlic-paste-to-osmania-biscuits-t-gana-cracksdown-on-illegal-food-units-101775038432096.html,Ghee,unclear,0.65,Qwen/Qwen3.5-27B-FP8,validated,1,alleged,ghee,,contamination,"Hyderabad, Telangana, India",crackdown,relevant,0.52815613,ghee_relevance_tfidf_minilm_ensemble_v1,5,0,9,26,2026-08-04T16:42:13Z
679c8f17-cf26-4561-ad9c-67cb3cbd52fc,"Adulterated Osmania biscuits, fake paneer, rotten eggs: What Hyderabad’s crackdown on eateries has revealed",indianexpress.com,2026-04-01,https://indianexpress.com/article/india/adulterated-osmania-biscuits-fake-paneer-rotten-eggs-what-hyderabads-crackdown-on-eateries-has-revealed-10612335/,Ghee,unclear,0.65,Qwen/Qwen3.5-27B-FP8,validated,1,alleged,ghee,,adulteration,"Hyderabad, Telangana, India",seizure,relevant,0.50785239,ghee_relevance_tfidf_minilm_ensemble_v1,13,0,1,21,2026-08-04T13:42:34Z
194f3e22-f4b6-483b-9333-762c3a3b6b9d,MP News: Over 2K Food Samples Fail Safety Tests Across State-- Highest 400 From Gwalior; Dairy Products & Sweets Among Most Adulterated,freepressjournal.in,2026-04-01,https://www.freepressjournal.in/bhopal/mp-news-over-2k-food-samples-fail-safety-tests-across-state-highest-400-from-gwalior-dairy-products-sweets-among-most-adulterated,Ghee,relevant_event,0.95,Qwen/Qwen3.5-27B-FP8,validated,1,alleged,ghee,,adulteration,"Gwalior, Madhya Pradesh, India",,irrelevant,0.31398584,ghee_relevance_tfidf_minilm_ensemble_v1,7,0,4,9,2026-08-03T19:56:04Z
9c3ce433-259c-448b-8347-5c600726ce04,"500 kg ghee seized, 29 samples sent for lab tests | Indore News - The Times of India",indiatimes.com,2026-03-25,https://timesofindia.indiatimes.com/city/indore/500-kg-ghee-seized-29-samples-sent-for-lab-tests/articleshow/129785820.cms,Ghee,unclear,,RedHatAI/Mistral-Small-3.2-24B-Instruct-2506-FP8,validated,0,,,,,,,relevant,0.65028851,ghee_relevance_tfidf_minilm_ensemble_v1,0,0,1,9,2026-08-05T09:33:03Z
92d077e0-875c-4032-8599-d2cc1624db68,"Indore News: Food Safety Team Seizes 500 Kg Ghee, Collects 29 Samples Across City",freepressjournal.in,2026-03-25,https://www.freepressjournal.in/indore/indore-news-food-safety-team-seizes-500-kg-ghee-collects-29-samples-across-city,Ghee,unclear,0.85,Qwen/Qwen3.5-27B-FP8,validated,1,pending_test,ghee,,adulteration,"Indore, Madhya Pradesh, India",seizure | inspection,,,,2,0,4,4,2026-08-02T09:52:13Z
90b45add-966d-4b4a-84c4-a1f0deca16c0,"Bhilwara police bust fake Saras ghee unit, arrest one | Jaipur News - The Times of India",indiatimes.com,2026-03-24,https://timesofindia.indiatimes.com/city/jaipur/bhilwara-police-bust-fake-saras-ghee-unit-arrest-one/articleshow/129761742.cms,Ghee,unclear,0.9,Qwen/Qwen3.5-27B-FP8,validated,1,alleged,ghee,vanaspati | cotton seeds,adulteration | counterfeit,"Bhilwara, Rajasthan, India",raid | arrest | case registration | seizure,relevant,0.84111966,ghee_relevance_tfidf_minilm_ensemble_v1,0,0,10,8,2026-08-03T03:20:25Z
1a52c7a7-b290-4a93-a5e0-2a99a8e8369f,"Fake paneer, adulterated ghee racket busted in Jaipur | Jaipur News - The Times of India",indiatimes.com,2026-03-24,https://timesofindia.indiatimes.com/city/jaipur/fake-paneer-adulterated-ghee-racket-busted-in-jaipur/articleshow/129761828.cms,Ghee,unclear,0.65,Qwen/Qwen3.5-27B-FP8,validated,1,alleged,ghee | paneer,,adulteration | counterfeit,"Jaipur, Rajasthan, India",seizure,relevant,0.71711844,ghee_relevance_tfidf_minilm_ensemble_v1,0,0,3,7,2026-08-03T12:21:58Z
fa660a6b-3403-4a6d-ab05-deee1b44c706,"What’s on your plate, Hyderabad? Over 3,800 kg of fake paneer, 927 kg khoa, 249 kg cream seized, just days after 3,000 kg ghee scam",indiatimes.com,2026-03-19,https://economictimes.indiatimes.com/news/new-updates/whats-on-your-plate-hyderabad-over-3800-kg-of-fake-paneer-927-kg-khoa-249-kg-cream-seized-just-days-after-3000-kg-ghee-scam/articleshow/129674525.cms,Ghee,unclear,0.65,Qwen/Qwen3.5-27B-FP8,validated,1,alleged,ghee,palm oil | vanaspati,adulteration,"Hyderabad, Telangana, India",seizure,relevant,0.56616819,ghee_relevance_tfidf_minilm_ensemble_v1,1,0,8,11,2026-08-04T10:55:33Z
f3d1970f-7af2-468e-83ca-8683e254f149,"Adulterated paneer, dairy products seized in city | Hyderabad News - The Times of India",indiatimes.com,2026-03-19,https://timesofindia.indiatimes.com/city/hyderabad/adulterated-paneer-dairy-products-seized-in-city/articleshow/129664784.cms,Ghee,unclear,0.65,Qwen/Qwen3.5-27B-FP8,validated,1,alleged,ghee,,unsafe_food,"Secunderabad, Hyderabad, Telangana, India",seizure | arrest,irrelevant,0.46791409,ghee_relevance_tfidf_minilm_ensemble_v1,1,0,4,5,2026-08-04T13:47:07Z
7b8de832-f8a5-48da-98bf-489a880c39a4,"Task Force seizes 3,892 kg of adulterated dairy products",thehansindia.com,2026-03-19,https://www.thehansindia.com/telangana/task-force-seizes-3892-kg-of-adulterated-dairy-products-1057804,Ghee,unclear,0.65,Qwen/Qwen3.5-27B-FP8,validated,1,alleged,ghee | paneer | khowa | cream,dust,adulteration | unsafe_food,"Hyderabad, Telangana, India",seizure | arrest,relevant,0.507828,ghee_relevance_tfidf_minilm_ensemble_v1,1,0,3,10,2026-08-04T06:03:26Z
2ec3e3d1-9ae0-4e0e-9bd7-d1d44c338775,"6 Arrested, Adulterated Dairy Worth ₹11 Lakh Seized",deccanchronicle.com,2026-03-19,https://www.deccanchronicle.com/southern-states/telangana/6-arrested-adulterated-dairy-worth-11-lakh-seized-1944848,Ghee,unclear,0.85,Qwen/Qwen3.5-27B-FP8,validated,1,alleged,ghee,,adulteration,"Secunderabad, Hyderabad, Telangana, India",arrest | seizure,relevant,0.67604529,ghee_relevance_tfidf_minilm_ensemble_v1,0,0,4,16,2026-08-03T00:59:25Z
d903e0bb-d37a-4aff-9c17-0073f9a047f6,Six held for selling adulterated paneer and dairy products; two arrested in pickle unit bust,thehindu.com,2026-03-18,https://www.thehindu.com/news/national/telangana/six-held-for-selling-adulterated-paneer-and-dairy-products-two-arrested-in-pickle-unit-bust/article70758799.ece,Ghee,unclear,0.65,Qwen/Qwen3.5-27B-FP8,validated,1,alleged,ghee,,adulteration | unsafe_food,"Secunderabad, Telangana, India",arrest | seizure,relevant,0.53679147,ghee_relevance_tfidf_minilm_ensemble_v1,0,0,5,15,2026-08-04T19:35:23Z
8d759d9a-4a98-4e31-8236-3283c7a70de7,"13 dead, 11 hospitalised after consuming adulterated milk in Andhra Pradesh",indiatoday.in,2026-03-12,https://www.indiatoday.in/india/andhra-pradesh/story/andhra-pradesh-east-godavari-milk-contamination-death-telangana-rajamahendravaram-2880782-2026-03-12,Ghee,unclear,0.65,Qwen/Qwen3.5-27B-FP8,validated,1,pending_test,ghee,,adulteration,"East Godavari, Andhra Pradesh, India",inspection,irrelevant,0.28090899,ghee_relevance_tfidf_minilm_ensemble_v1,2,0,10,15,2026-08-04T12:59:06Z
56ff7f57-4614-410f-a27d-976a668d924b,1400 Kg Adulterated Paneer Seized in Dhanbad Bus Raid | Ranchi News - The Times of India,indiatimes.com,2026-03-12,https://timesofindia.indiatimes.com/city/ranchi/1400-kg-adulterated-paneer-seized-in-dhanbad-bus-raid/articleshow/129516820.cms,Ghee,unclear,0.65,Qwen/Qwen3.5-27B-FP8,validated,1,pending_test,ghee,,adulteration,"Dhanbad, Jharkhand, India",Seizure | Strict legal action,irrelevant,0.49355782,ghee_relevance_tfidf_minilm_ensemble_v1,1,0,6,3,2026-08-02T23:38:07Z
oil-97103cc7b062d80c,"Over 5,000 litres of adulterated cooking oil seized in Gachibowli; expired wheat flour repackaged for sale",thehindu.com,2026-03-10,https://www.thehindu.com/news/cities/Hyderabad/over-5000-litres-of-adulterated-cooking-oil-seized-in-gachibowli-expired-wheat-flour-repackaged-for-sale/article70724996.ece,Edible Oil,relevant_event,0.95,Qwen/Qwen3.5-27B-FP8,validated,1,suspected,cooking oil | soybean oil,expired cooking oil,adulteration | substitution,"Hyderabad, Gachibowli, Telangana, India",seizure | raid,relevant,0.921465990480022,"ens_wavg[tfidf_linsvm/full+bge-large_rbfsvm/oilemb+roberta-base_lead_512/full|0.17,0.67,0.17]",3,0,5,2,2026-07-29T10:51:38Z
oil-8826c3388f25a8b2,"Adulterated cooking oil, wheat flour worth Rs 21 lakh seized in Hyderabad",siasat.com,2026-03-10,https://www.siasat.com/adulterated-cooking-oil-wheat-flour-worth-rs-21-lakh-seized-in-hyderabad-3432488/,Edible Oil,relevant_event,0.95,Qwen/Qwen3.5-27B-FP8,validated,1,alleged,cooking oil,expired cooking oil,adulteration | substandard | mislabeling,"Hyderabad, Gachibowli, Telangana, India",raid | seizure,relevant,0.8719484829011432,"ens_wavg[tfidf_linsvm/full+bge-large_rbfsvm/oilemb+roberta-base_lead_512/full|0.17,0.67,0.17]",2,0,4,4,2026-07-29T08:45:49Z
edf6b48c-90dc-4757-814e-999556997808,Telangana Vijaya Dairy alleges adulteration in AP ‘Vijaya’ ghee,thehansindia.com,2026-03-10,https://www.thehansindia.com/andhra-pradesh/telangana-vijaya-dairy-alleges-adulteration-in-ap-vijaya-ghee-1055114,Ghee,relevant_event,0.85,Qwen/Qwen3.5-27B-FP8,validated,1,alleged,ghee,vegetable oil,adulteration,"Hyderabad, Telangana, India",complaint filed,irrelevant,0.43926564,ghee_relevance_tfidf_minilm_ensemble_v1,3,0,3,16,2026-08-04T06:06:56Z
cbb257b6-d808-4ab1-b56c-4539d49d5c62,"Hyderabad: Police Bust ₹18.26 Lakh Fake Ghee Racket in Banjara Hills, Pride Dairy Owner Arrested",thelogicalindian.com,2026-03-10,http://redirect.whalebone.io/passthrough?data=eyJNZXRob2QiOiJHRVQiLCJTY2hlbWUiOiJodHRwcyIsIkhvc3QiOiJ0aGVsb2dpY2FsaW5kaWFuLmNvbSIsIlBvcnQiOiI0NDMiLCJQb3N0RGF0YSI6IiIsIlBhdGgiOiIvaHlkZXJhYmFkLXBvbGljZS1idXN0LeKCuTE4LTI2LWxha2gtZmFrZS1naGVlLXJhY2tldC1pbi1iYW5qYXJhLWhpbGxzLXByaWRlLWRhaXJ5LW93bmVyLWFycmVzdGVkLyIsIlF1ZXJ5Ijoie30iLCJTaW5raG9sZUlEIjoyMDAwMTcyLCJOdW1iZXJPZlJlZGlyZWN0cyI6MH0,Ghee,unclear,0.65,Qwen/Qwen3.5-27B-FP8,validated,1,alleged,ghee,,adulteration,"Hyderabad, Telangana, India",arrest,relevant,0.58771842,ghee_relevance_tfidf_minilm_ensemble_v1,0,0,1,3,2026-08-03T16:49:38Z
5ea2aacc-2502-4180-96e5-d8c3f5c83b09,"City hotels, haleem vendors under food safety scanner",thehansindia.com,2026-03-10,https://www.thehansindia.com/news/cities/hyderabad/city-hotels-haleem-vendors-under-food-safety-scanner-1055247,Ghee,unclear,0.65,Qwen/Qwen3.5-27B-FP8,validated,1,alleged,ghee,,adulteration,India,seizure,,,,1,0,1,16,2026-08-03T05:10:19Z
332022bf-cfab-49b2-b638-4210bb3e23bc,Fake Propaganda is Laughable” – TDP MLA & Sangam Dairy Chairman Dhulipalla,thehansindia.com,2026-03-07,https://www.thehansindia.com/andhra-pradesh/fake-propaganda-is-laughable-tdp-mla-sangam-dairy-chairman-dhulipalla-1054560,Ghee,unclear,,RedHatAI/Mistral-Small-3.2-24B-Instruct-2506-FP8,validated,0,,,,,,,irrelevant,0.3012097,ghee_relevance_tfidf_minilm_ensemble_v1,0,0,7,2,2026-08-05T09:43:44Z
f4c53608-9890-4b9f-89a3-7c1028bc1e05,Mandvi cops bust unit making spurious ghee | Surat News - The Times of India,indiatimes.com,2026-03-06,https://timesofindia.indiatimes.com/city/surat/mandvi-cops-bust-unit-making-spurious-ghee/articleshow/129168759.cms,Ghee,relevant_event,,RedHatAI/Mistral-Small-3.2-24B-Instruct-2506-FP8,validated,1,suspected,ghee,,adulteration,India,seized,relevant,0.89921563,ghee_relevance_tfidf_minilm_ensemble_v1,1,0,4,15,
747266ac-7152-4364-9073-fb35b101266c,"Hyderabad fake ghee raid: How 3,000 kg of cow & buffalo cream were mixed with cheap substances and supplied to public",indiatimes.com,2026-03-06,https://economictimes.indiatimes.com/news/new-updates/hyderabad-fake-ghee-raid-how-3000-kg-of-cow-buffalo-cream-were-mixed-with-cheap-substances-and-supplied-to-public/articleshow/129141501.cms,Ghee,unclear,0.65,Qwen/Qwen3.5-27B-FP8,validated,1,alleged,ghee,cheap oils,adulteration | substitution,"Hyderabad, Telangana, India",raid | seizure | case registration,,,,1,0,15,9,2026-08-02T08:59:48Z
6c32edda-dccf-4db8-a549-fc87025c6151,Adulterated ghee making unit busted in Banjara Hills,thehansindia.com,2026-03-05,https://www.thehansindia.com/telangana/adulterated-ghee-making-unit-busted-in-banjara-hills-1053801,Ghee,unclear,0.95,Qwen/Qwen3.5-27B-FP8,validated,1,alleged,ghee,palm oil | vanaspati,adulteration,"Hyderabad, Telangana, India",arrest | seizure,,,,0,0,4,6,2026-08-02T00:24:03Z
e52e4d60-3485-467d-8063-a6d32b97b378,Dairy owner nabbed for manufacturing adulterated ghee worth ₹18.26 lakh in Banjara Hills raid,thehindu.com,2026-03-04,https://www.thehindu.com/news/cities/Hyderabad/dairy-owner-nabbed-for-manufacturing-adulterated-ghee-worth-1826-lakh-in-banjara-hills-raid/article70703556.ece,Ghee,unclear,,RedHatAI/Mistral-Small-3.2-24B-Instruct-2506-FP8,validated,0,,,,,,,,,,0,0,6,4,2026-08-05T09:38:01Z
696bb9a6-aa69-4de4-a566-5df21482bc51,Dairy Unit Selling Spurious Ghee Raided,deccanchronicle.com,2026-03-04,https://www.deccanchronicle.com/southern-states/telangana/hyderabad-police-nabs-businessman-for-preparing-adulterated-dairy-products-1941414,Ghee,relevant_event,,RedHatAI/Mistral-Small-3.2-24B-Instruct-2506-FP8,validated,1,recall_triggered,ghee,,adulteration,India,seizure,,,,8,0,1,1,
28a03096-e60c-4adb-b4fa-55f0bd28a95d,"Hyderabad: Over 3,700 kg of adulterated dairy products seized in Banjara Hills",siasat.com,2026-03-04,https://www.siasat.com/rs-18-26-l-worth-adulterated-dairy-products-seized-in-banjara-hills-3415111/,Ghee,relevant_event,0.95,Qwen/Qwen3.5-27B-FP8,validated,1,alleged,ghee,palm oil | vanaspati,adulteration,"Hyderabad, Telangana, India",seizure | arrest | case registration,relevant,0.92989608,ghee_relevance_tfidf_minilm_ensemble_v1,5,0,5,6,2026-08-03T16:47:51Z
oil-d479413f1e610f85,FSDA seizes adulterated food worth  ₹12.34 crore in UP,hindustantimes.com,2026-03-02,https://www.hindustantimes.com/cities/lucknow-news/fsda-seizes-adulterated-food-worth-12-34-crore-in-up-101772463235324.html,Edible Oil,relevant_event,0.95,Qwen/Qwen3.5-27B-FP8,validated,1,alleged,edible oil,,adulteration,"Uttar Pradesh, India",Seizure of adulterated food and oil,relevant,0.862371830448324,"ens_wavg[tfidf_linsvm/full+bge-large_rbfsvm/oilemb+roberta-base_lead_512/full|0.17,0.67,0.17]",2,0,1,7,2026-07-29T17:56:20Z
a13a5bbb-ff26-4e8f-9885-8a6280d5b070,"1,400 kg fake khoya, 400 kilo expired ghee and paneer seized by FSSAI before Holi",indiatimes.com,2026-03-02,https://economictimes.indiatimes.com/news/new-updates/1400-kg-fake-khoya-400-kilo-expired-ghee-and-paneer-seized-by-fssai-before-holi/articleshow/128938525.cms,Ghee,unclear,0.65,Qwen/Qwen3.5-27B-FP8,validated,1,suspected,ghee,,contamination | adulteration,"Salumbar, Rajasthan, India",confiscation,,,,1,0,9,10,2026-08-01T21:00:03Z
40020598-4147-44cf-8451-09bf781f3502,The ‘vendetta’ vortex: Are ‘fake’ cases strangling India’s democratic soul?,indiatimes.com,2026-03-02,https://timesofindia.indiatimes.com/blogs/secularati/the-vendetta-vortex-are-fake-cases-strangling-indias-democratic-soul/,Ghee,unclear,0.85,Qwen/Qwen3.5-27B-FP8,validated,1,alleged,ghee,beef tallow | pork fat | fish oil,adulteration | substitution,"Tirupati, Chittoor, Andhra Pradesh, India",probe | chargesheet,irrelevant,0.25972376,ghee_relevance_tfidf_minilm_ensemble_v1,0,0,1,16,2026-08-04T19:56:42Z
ae2a72f2-b302-414f-b04e-c85e222c5ad4,Food safety officials inspect milk supply chain in SPSR Nellore district,thehindu.com,2026-02-28,https://www.thehindu.com/news/national/andhra-pradesh/food-safety-officials-inspect-milk-supply-chain-in-spsr-nellore-district/article70685255.ece,Ghee,unclear,0.75,Qwen/Qwen3.5-27B-FP8,validated,1,pending_test,ghee,,adulteration,"Nellore, SPSR Nellore, Andhra Pradesh, India",,irrelevant,0.36706352,ghee_relevance_tfidf_minilm_ensemble_v1,2,0,4,14,2026-08-03T13:18:51Z
49d64dec-c950-43c7-89ab-1ab51d5639dd,Uttar Pradesh Viral Video: FSSAI Raid In Hapur Ahead Of Holi Sparks Outrage After Locals Seen Picking Adulterated Sweets From Garbage,newsx.com,2026-02-27,https://www.newsx.com/india/uttar-pradesh-viral-video-fssai-raid-in-hapur-ahead-of-holi-sparks-outrage-after-locals-seen-picking-adulterated-sweets-from-garbage-174020/,Ghee,unclear,0.65,Qwen/Qwen3.5-27B-FP8,validated,1,alleged,ghee,,adulteration | counterfeit,"Kalyanpur, Uttar Pradesh, India",raid | seizure,irrelevant,0.28648651,ghee_relevance_tfidf_minilm_ensemble_v1,2,0,7,17,2026-08-04T10:47:12Z
oil-af7d37f8450fbc59,Kanpur Adulterated Food: Pre-Holi raids in Kanpur: FSDA seizes 9 quintals of adulterated mawa & edible oil worth Rs 29L | Kanpur News - The Times of India,indiatimes.com,2026-02-26,https://timesofindia.indiatimes.com/city/kanpur/9-quintals-of-adulterated-mawa-edible-oil-seized-ahead-of-holi/articleshow/128794157.cms,Edible Oil,unclear,0.85,Qwen/Qwen3.5-27B-FP8,validated,1,suspected,edible oil,unspecified adulterant,adulteration,"Kanpur, Uttar Pradesh, India",seizure,relevant,0.8388143717855862,"ens_wavg[tfidf_linsvm/full+bge-large_rbfsvm/oilemb+roberta-base_lead_512/full|0.17,0.67,0.17]",0,0,10,9,2026-07-29T13:41:43Z
oil-1852e8a212bd5903,"Holi Crackdown: 30,000 Oil Packs Seized, Tonnes Of Fake Paneer Destroyed Across Uttar Pradesh",businesstoday.in,2026-02-26,https://www.businesstoday.in/bt-tv/whats-hot/video/holi-crackdown-30000-oil-packs-seized-tonnes-of-fake-paneer-destroyed-across-uttar-pradesh-518082-2026-02-26?utm_source=rssfeed,Edible Oil,relevant_event,0.95,Qwen/Qwen3.5-27B-FP8,validated,1,suspected,edible oil,,adulteration | substandard,"Kanpur Dehat, Uttar Pradesh, India",seizure,irrelevant,0.4750736034499782,"ens_wavg[tfidf_linsvm/full+bge-large_rbfsvm/oilemb+roberta-base_lead_512/full|0.17,0.67,0.17]",4,0,1,5,2026-07-28T21:52:57Z
f289c668-0c40-41e6-82af-ae6829b262d4,The ghee keeping Andhra on the boil,thehindu.com,2026-02-25,https://www.thehindu.com/opinion/op-ed/the-ghee-keeping-andhra-on-the-boil/article70671461.ece,Ghee,relevant_event,0.95,Qwen/Qwen3.5-27B-FP8,validated,1,alleged,ghee,beef tallow | palm oil | refined palm oil,adulteration | substitution,"Tirupati, Chittoor, Andhra Pradesh, India",charge sheet filed,irrelevant,0.23732525,ghee_relevance_tfidf_minilm_ensemble_v1,4,0,11,15,2026-08-04T06:39:35Z
4dc28d99-8189-435e-9a98-234afdf4ba09,Well-organised ‘syndicate’ behind ghee scam: Naidu,thehansindia.com,2026-02-25,https://www.thehansindia.com/andhra-pradesh/well-organised-syndicate-behind-ghee-scam-naidu-1051592,Ghee,unclear,0.85,Qwen/Qwen3.5-27B-FP8,validated,1,alleged,ghee,,adulteration,"Amaravati, Andhra Pradesh, India",probe | cases filed,irrelevant,0.430238,ghee_relevance_tfidf_minilm_ensemble_v1,1,0,3,11,2026-08-04T10:53:09Z
1a454736-d891-451f-bfaf-db924a18c4af,No Fresh Anuria Cases Linked to Adulterated Milk Reported in East Godavari,deccanchronicle.com,2026-02-25,https://www.deccanchronicle.com/southern-states/andhra-pradesh/no-fresh-anuria-cases-linked-to-adulterated-milk-reported-in-east-godavari-1939895,Ghee,unclear,0.85,Qwen/Qwen3.5-27B-FP8,validated,1,pending_test,ghee,,adulteration,"East Godavari, Andhra Pradesh, India",constituted Rapid Response Teams | field surveillance teams visited 679 houses,irrelevant,0.320756,ghee_relevance_tfidf_minilm_ensemble_v1,2,0,6,10,2026-08-04T18:46:45Z
53fc2aa4-9910-4f30-8573-76f088b6013f,Forensics Lab Steps in Over Adulterated Milk Tragedy,deccanchronicle.com,2026-02-24,https://www.deccanchronicle.com/southern-states/andhra-pradesh/forensics-lab-steps-in-over-adulterated-milk-tragedy-1939633,Ghee,unclear,0.85,Qwen/Qwen3.5-27B-FP8,validated,1,pending_test,ghee,,adulteration,"East Godavari, Andhra Pradesh, India",,irrelevant,0.42191886,ghee_relevance_tfidf_minilm_ensemble_v1,6,0,2,21,2026-08-04T16:40:13Z
oil-898a1362002b727d,"Food safety teams seize adulterated khoya in Agra, edible oil in Mânagar | Agra News - The Times of India",indiatimes.com,2026-02-22,https://timesofindia.indiatimes.com/city/agra/food-safety-teams-seize-adulterated-khoya-in-agra-edible-oil-in-mnagar/articleshow/128652372.cms,Edible Oil,unclear,0.95,Qwen/Qwen3.5-27B-FP8,validated,1,suspected,edible oil | mustard oil | rice bran oil,colouring material,adulteration,"Muzaffarnagar, Uttar Pradesh, India",seizure | premises sealed | criminal proceedings likely,relevant,0.929834459709838,"ens_wavg[tfidf_linsvm/full+bge-large_rbfsvm/oilemb+roberta-base_lead_512/full|0.17,0.67,0.17]",0,0,9,6,2026-07-29T09:04:50Z
1ae756d4-675e-4a08-bc7d-ba6a3e922d5d,Bikaner raid seizes 765kg adulterated ghee | Jaipur News - The Times of India,indiatimes.com,2026-02-22,https://timesofindia.indiatimes.com/city/jaipur/bikaner-raid-seizes-765kg-adulterated-ghee/articleshow/128655523.cms,Ghee,relevant_event,,RedHatAI/Mistral-Small-3.2-24B-Instruct-2506-FP8,validated,1,suspected,ghee,,adulteration,India,seizure,relevant,0.84904601,ghee_relevance_tfidf_minilm_ensemble_v1,1,0,4,5,
oil-a4f6b6de8fcb2c3d,Sale of adulterated coconut oil: farmers elated over SHRC’s intervention,thehindu.com,2026-02-19,https://www.thehindu.com/news/national/kerala/sale-of-adulterated-coconut-oil-farmers-elated-over-shrcs-intervention/article70651539.ece,Edible Oil,relevant_event,0.95,Qwen/Qwen3.5-27B-FP8,validated,1,suspected,coconut oil,adulterated coconut oil,adulteration | substandard,"Kozhikode, Kerala, India",urgent inquiry directive,relevant,0.8516265033531835,"ens_wavg[tfidf_linsvm/full+bge-large_rbfsvm/oilemb+roberta-base_lead_512/full|0.17,0.67,0.17]",3,0,8,9,2026-07-29T12:41:21Z
d73e24ea-ca45-4764-a874-a4315c84bf36,"Ghee adulteration unpardonable, says Mantralayam pontiff",thehindu.com,2026-02-17,https://www.thehindu.com/news/national/andhra-pradesh/ghee-adulteration-unpardonable-says-mantralayam-pontiff/article70643565.ece,Ghee,unclear,0.75,Qwen/Qwen3.5-27B-FP8,validated,1,alleged,ghee,,adulteration,"Tirumala, Chittoor, Andhra Pradesh, India",,irrelevant,0.28003482,ghee_relevance_tfidf_minilm_ensemble_v1,1,0,2,2,2026-08-03T14:43:46Z
6a621918-6b68-4297-9d32-5ae96245c8dc,Legislative council adjourned as YSRCP seeks discussion on ghee issue | Vijayawada News - The Times of India,indiatimes.com,2026-02-17,https://timesofindia.indiatimes.com/city/vijayawada/legislative-council-adjourned-as-ysrcp-seeks-discussion-on-ghee-issue/articleshow/128474304.cms,Ghee,unclear,0.9,Qwen/Qwen3.5-27B-FP8,validated,1,alleged,ghee,,adulteration,"Vijayawada, Krishna, Andhra Pradesh, India",adjournment_motion_rejected,irrelevant,0.22811464,ghee_relevance_tfidf_minilm_ensemble_v1,0,0,3,6,2026-08-03T19:11:26Z
7307e370-93e0-4d38-9264-a7a9e4cbb86e,"Factory making duplicate ghee busted, 1,153kg stock seized | Rajkot News - The Times of India",indiatimes.com,2026-02-12,https://timesofindia.indiatimes.com/city/rajkot/factory-making-duplicate-ghee-busted-1153kg-stock-seized/articleshow/128221188.cms,Ghee,unclear,0.85,Qwen/Qwen3.5-27B-FP8,validated,1,alleged,ghee,soybean oil | palmolein oil | vanaspati | vegetable fat | beta carotene colour | artificial flavour substances,adulteration,"Palanpur, Gujarat, India",raid | seizure,,,,0,0,3,7,2026-08-02T06:08:52Z
oil-fce8e94a4d2c92b5,McDonald’s Outlet In Jaipur Under Scanner After Food Safety Violations Found During Surprise Check; 40 Litres Of Oil & 40 Kgs Rotten Tomatoes Destroyed,freepressjournal.in,2026-02-11,https://www.freepressjournal.in/viral/mcdonalds-outlet-in-jaipur-under-scanner-after-food-safety-violations-found-during-surprise-check-40-liters-of-oil-40-kgs-rotten-tomatoes-destroyed,Edible Oil,unclear,0.95,Qwen/Qwen3.5-27B-FP8,validated,1,suspected,palm oil,Total Polar Compounds,unsafe_food | substandard,"Jaipur, Rajasthan, India",destruction of oil | formal improvement notice,,,,0,0,7,13,2026-07-29T23:15:44Z
e81de4d4-0f3e-44bb-9702-5a51ee64aa2d,"Ghee adulteration a direct assault on Hindu faith, says TDP leader Palla Srinivasa Rao",thehindu.com,2026-02-08,https://www.thehindu.com/news/national/andhra-pradesh/ghee-adulteration-a-direct-assault-on-hindu-faith-says-tdp-leader-palla-srinivasa-rao/article70607315.ece,Ghee,unclear,0.65,Qwen/Qwen3.5-27B-FP8,validated,1,alleged,ghee,palm oil,adulteration,"Andhra Pradesh, India",,irrelevant,0.38272489,ghee_relevance_tfidf_minilm_ensemble_v1,1,0,6,3,2026-08-03T14:21:25Z
3e325b99-7611-4f89-8963-7f79c5ac4105,7.5k ltr spurious ghee seized in Jodhpur | Jaipur News - The Times of India,indiatimes.com,2026-02-08,https://timesofindia.indiatimes.com/city/jaipur/7-5k-ltr-spurious-ghee-seized-in-jodhpur/articleshow/128046035.cms,Ghee,relevant_event,0.95,Qwen/Qwen3.5-27B-FP8,validated,1,alleged,ghee,palm oil,adulteration | substitution,"Jodhpur, Rajasthan, India",raid | seizure | detention | investigation,,,,1,0,6,3,2026-08-01T23:14:06Z
7e91874a-6858-489c-8da9-63b492a2ef10,YCP govt used ghee made with 'chemicals': Naidu,thehansindia.com,2026-02-07,https://www.thehansindia.com/andhra-pradesh/ycp-govt-used-ghee-made-with-chemicals-naidu-1046272,Ghee,unclear,0.85,Qwen/Qwen3.5-27B-FP8,validated,1,alleged,ghee | Tirupati laddu,chemicals used to clean bathrooms | animal fat,adulteration,"Kurnool, Andhra Pradesh, India",,irrelevant,0.32852453,ghee_relevance_tfidf_minilm_ensemble_v1,0,0,2,10,2026-08-04T11:29:54Z
d3495f64-9404-433a-83e6-78a13c332e67,"Naidu–Pawan hold key talks on ghee issue, coalition strategy",thehansindia.com,2026-02-05,https://www.thehansindia.com/andhra-pradesh/naidupawan-hold-key-talks-on-ghee-issue-coalition-strategy-1045671,Ghee,unclear,0.85,Qwen/Qwen3.5-27B-FP8,validated,1,alleged,ghee | laddu,adulterated ghee,adulteration,"Tirumala, Chittoor, Andhra Pradesh, India",investigation,irrelevant,0.17870878,ghee_relevance_tfidf_minilm_ensemble_v1,0,0,1,3,2026-08-03T22:05:53Z
666798d4-f5e5-4b7b-9f35-3e99a5249e35,"Surat sees 13-fold spike in fake, substandard food | Surat News - The Times of India",indiatimes.com,2026-02-05,https://timesofindia.indiatimes.com/city/surat/surat-sees-13-fold-spike-in-fake-substandard-food/articleshow/127917193.cms,Ghee,unclear,,RedHatAI/Mistral-Small-3.2-24B-Instruct-2506-FP8,validated,1,pending_test,ghee,,adulteration,India,seizure,irrelevant,0.4357219,ghee_relevance_tfidf_minilm_ensemble_v1,3,0,7,9,
daea64b9-d48f-49a9-b294-6faa927b2227,"‘Milk, ghee, veggies, masala tainted’: Raghav Chadha flags food adulteration in RS",indiatimes.com,2026-02-04,https://economictimes.indiatimes.com/news/videos/milk-ghee-veggies-masala-tainted-raghav-chadha-flags-food-adulteration-in-rs/videoshow/127905488.cms,Ghee,unclear,0.65,Qwen/Qwen3.5-27B-FP8,validated,1,alleged,ghee,urea | synthetic colors | vegetable oil | oxytocin | banned pesticides,adulteration,India,,,,,4,0,1,4,2026-08-04T12:37:21Z
d24eef32-0239-481d-a0bb-a0624f18d83b,"Factory producing 80,000 litres adulterated milk daily busted in Diggi | Jaipur News - The Times of India",indiatimes.com,2026-02-04,https://timesofindia.indiatimes.com/city/jaipur/factory-producing-80000-litres-adulterated-milk-daily-busted-in-diggi/articleshow/127892796.cms,Ghee,unclear,0.85,Qwen/Qwen3.5-27B-FP8,validated,1,alleged,milk | ghee,soybean oil | ghee | caustic soda,adulteration,"Diggi, Tonk, Rajasthan, India",raid | arrest | seizure | case registration,relevant,0.71187148,ghee_relevance_tfidf_minilm_ensemble_v1,1,0,3,6,2026-08-03T11:19:45Z
5a7f7c9a-4897-4c0b-90af-3603b6c27a4a,"Food Safety Officer orders closure of 2 supermarkets, sweet shop for lack of licence in Sivakasi",thehindu.com,2026-02-01,https://www.thehindu.com/news/cities/Madurai/food-safety-officer-orders-closure-of-2-supermarkets-sweet-shop-for-lack-of-licence-in-sivakasi/article70577689.ece,Ghee,unclear,,RedHatAI/Mistral-Small-3.2-24B-Instruct-2506-FP8,validated,0,,,,,,,irrelevant,0.43295886,ghee_relevance_tfidf_minilm_ensemble_v1,0,0,2,8,2026-08-05T09:44:17Z
d5ff3294-0ecd-48eb-b9dd-a2c0282a055a,"YSRC Suppressed Ghee Adulteration Report, Now Politicising It: Kesav",deccanchronicle.com,2026-01-31,https://www.deccanchronicle.com/southern-states/andhra-pradesh/ysrc-suppressed-ghee-adulteration-report-now-politicising-it-kesav-1934039,Ghee,relevant_event,0.95,Qwen/Qwen3.5-27B-FP8,validated,1,alleged,ghee,vegetable fat | animal fat,adulteration,"Vijayawada, Krishna, Andhra Pradesh, India",charge sheet filed,irrelevant,0.23097422,ghee_relevance_tfidf_minilm_ensemble_v1,5,0,3,21,2026-08-04T11:32:46Z
4cd73621-691c-4866-91c1-0b99d0d1a89a,Lokesh alleges YSRCP sat on ghee report | Vijayawada News - The Times of India,indiatimes.com,2026-01-31,https://timesofindia.indiatimes.com/city/vijayawada/lokesh-alleges-ysrcp-sat-on-ghee-report/articleshow/127807673.cms,Ghee,relevant_event,0.85,Qwen/Qwen3.5-27B-FP8,validated,1,alleged,ghee,animal fat | vegetable oil,adulteration,"Kakinada, Krishna, Andhra Pradesh, India",,irrelevant,0.23041491,ghee_relevance_tfidf_minilm_ensemble_v1,4,0,3,1,2026-08-03T19:15:07Z
95044e07-ad37-43f6-95b0-cebe1e9f8ce0,"43,421 litres of spurious ghee seized from warehouse in city | Jaipur News - The Times of India",indiatimes.com,2026-01-30,https://timesofindia.indiatimes.com/city/jaipur/43421-litres-of-spurious-ghee-seized-from-warehouse-in-city/articleshow/127784638.cms,Ghee,relevant_event,0.95,Qwen/Qwen3.5-27B-FP8,validated,1,suspected,ghee,,adulteration | unsafe_food,"Jaipur, Rajasthan, India",seizure | recall | licence_cancellation_proceedings,,,,1,0,2,7,2026-08-01T22:28:08Z
3624ed70-d464-4caa-9b4e-4dfc2ed435dc,"Rajasthan govt raids adulterated ghee supply chain; 43,000 litres seized",assamtribune.com,2026-01-30,https://assamtribune.com/health-and-fitness/rajasthan-govt-raids-adulterated-ghee-supply-chain-43000-litres-seized-1606034,Ghee,relevant_event,0.95,Qwen/Qwen3.5-27B-FP8,validated,1,alleged,ghee,,unsafe_food | adulteration,"Jaipur, Pratapgarh, Rajasthan, India",seizure | market withdrawal | license cancellation proceedings,relevant,0.85343619,ghee_relevance_tfidf_minilm_ensemble_v1,2,0,8,10,2026-08-04T00:50:34Z
afc92e77-a27a-4fd7-89b1-04b2260cfa06,"600 kg â_x0080__x0098_substandardâ_x0080__x0099_ food items seized, shop shutdown | Indore News - The Times of India",indiatimes.com,2026-01-21,https://timesofindia.indiatimes.com/city/indore/600-kg-substandard-food-items-seized-shop-shutdown/articleshow/126851780.cms,Ghee,unclear,0.85,Qwen/Qwen3.5-27B-FP8,validated,1,suspected,ghee,,adulteration | substandard | unclear,"Indore, Madhya Pradesh, India",seizure | closure,irrelevant,0.37718971,ghee_relevance_tfidf_minilm_ensemble_v1,0,0,5,5,2026-08-03T01:16:21Z
ec2377cd-4ee3-4308-ab7c-b97a728962f0,"FSSAI seizes and dumps 1,600 kg of toxic pickles: How to stay safe from chemicals in store-bought jars | - The Times of India",indiatimes.com,2026-01-16,https://timesofindia.indiatimes.com/etimes/trending/fssai-seizes-and-dumps-1600-kg-of-toxic-pickles-how-to-stay-safe-from-chemicals-in-store-bought-jars/articleshow/126559776.cms,Ghee,unclear,0.65,Qwen/Qwen3.5-27B-FP8,validated,1,alleged,ghee,,unsafe_food,"Alwar, Rajasthan, India",seizure | destruction,irrelevant,0.37660122,ghee_relevance_tfidf_minilm_ensemble_v1,0,0,12,14,2026-08-04T15:41:22Z
36df3db2-1c4f-49d7-8f00-2a4f552f0b92,"Indore News: 300 Kg Paneer, 1000 Litres Of Palm Oil Seized On Suspicion Of Adulteration",freepressjournal.in,2026-01-16,https://www.freepressjournal.in/indore/indore-news-300-kg-paneer-1000-litres-of-palm-oil-seized-on-suspicion-of-adulteration,Ghee,unclear,0.85,Qwen/Qwen3.5-27B-FP8,validated,1,suspected,ghee,,adulteration,"Indore, Madhya Pradesh, India",seizure | stop_manufacturing,irrelevant,0.39818341,ghee_relevance_tfidf_minilm_ensemble_v1,0,0,0,10,2026-08-04T17:41:36Z
oil-fd16f7be050ea2b9,The Vitamin D trap: How âfortifiedâ oil poisoned Punjab homes,indiatimes.com,2025-12-29,https://timesofindia.indiatimes.com/city/chandigarh/the-vitamin-d-trap-how-fortified-oil-poisoned-punjab-homes/articleshow/126219580.cms,Edible Oil,relevant_event,0.95,Qwen/Qwen3.5-27B-FP8,validated,1,lab_confirmed,edible oil,Vitamin D,adulteration | substandard | mislabeling,"Rajpura, Patiala, Punjab, India",court proceedings | public advisories | raids,relevant,0.8302,Weighted ensemble: TF-IDF Linear SVM + BGE-large RBF-SVM + RoBERTa-base,4,0,11,15,2026-07-29T23:19:25Z
ca3e0060-dada-499b-9c41-e6751c8baaa4,Spurious ghee racket kingpin held from Haryana | Jaipur News - The Times of India,indiatimes.com,2025-12-23,https://timesofindia.indiatimes.com/city/jaipur/spurious-ghee-racket-kingpin-held-from-haryana/articleshow/126128170.cms,Ghee,unclear,0.85,Qwen/Qwen3.5-27B-FP8,validated,1,alleged,ghee,edible oils | artificial essence,adulteration | counterfeit,"Jaipur, Rajasthan, India",arrest | seizure,relevant,0.93964216,ghee_relevance_tfidf_minilm_ensemble_v1,0,0,6,14,2026-08-02T17:05:25Z
05937ca4-de64-422f-ba56-878f6152027c,Indore News: 3 Dairy Licences Suspended In Ghee Adulteration Crackdown,freepressjournal.in,2025-12-14,https://www.freepressjournal.in/indore/indore-news-3-dairy-licences-suspended-in-ghee-adulteration-crackdown,Ghee,relevant_event,,RedHatAI/Mistral-Small-3.2-24B-Instruct-2506-FP8,validated,1,pending_test,ghee,,adulteration,"Indore (, Madhya Pradesh, India",suspension of three dairy licences,,,,1,0,4,15,
b8eebc63-ef4e-4144-9327-420f594806c6,Man held for selling adulterated ghee in Secunderabad,thehindu.com,2025-12-13,https://www.thehindu.com/news/national/telangana/man-held-for-selling-adulterated-ghee-in-secunderabad/article70392487.ece,Ghee,relevant_event,,RedHatAI/Mistral-Small-3.2-24B-Instruct-2506-FP8,validated,1,alleged,ghee,,adulteration,India,seizure,relevant,0.9639124,ghee_relevance_tfidf_minilm_ensemble_v1,1,0,8,1,
242fb44b-5f1a-41b4-89f8-bd09d8a950d7,Elderly Person Held in Secunderabad for Selling Adulterated Ghee,deccanchronicle.com,2025-12-13,https://www.deccanchronicle.com/southern-states/telangana/elderly-person-held-in-secunderabad-for-selling-adulterated-ghee-1923676,Ghee,unclear,,RedHatAI/Mistral-Small-3.2-24B-Instruct-2506-FP8,validated,0,,,,,,,,,,0,0,6,4,2026-08-05T09:01:17Z
e27aa94c-fa47-4a58-bc17-1e5d3387b739,1500 kg of spurious ghee seized in factory raid in Delhi,indianexpress.com,2025-12-05,https://indianexpress.com/article/cities/delhi/1500-kg-of-spurious-ghee-seized-in-factory-raid-in-delhi-10403104/,Ghee,relevant_event,0.95,Qwen/Qwen3.5-27B-FP8,validated,1,alleged,ghee,,adulteration | counterfeit,"Delhi, Outer North Delhi, India",seizure | raid,,,,2,0,3,4,2026-08-01T21:37:56Z
229a7f40-f956-476e-8c84-3fd9ed3d6c29,"1,500 kg spurious ghee seized during  raid in Delhi's Alipur",newindianexpress.com,2025-12-05,https://www.newindianexpress.com/cities/delhi/2025/Dec/05/1500-kg-spurious-ghee-seized-during-raid-in-delhis-alipur,Ghee,relevant_event,0.95,Qwen/Qwen3.5-27B-FP8,validated,1,alleged,ghee,,adulteration | counterfeit,"New Delhi, Alipur, Delhi, India",seizure of samples for laboratory examination | raid | FIR registered,,,,2,0,2,6,2026-08-01T21:02:44Z
c20c805b-6aee-4f69-a69c-b90801a1b16e,Fake Desi Ghee Factory Busted in Delhi’s,thehansindia.com,2025-12-04,https://www.thehansindia.com/news/crime/fake-desi-ghee-factory-busted-in-delhis-1028535,Ghee,unclear,0.85,Qwen/Qwen3.5-27B-FP8,validated,1,alleged,ghee,synthetic essence,adulteration | counterfeit,"Delhi, Alipur, India",raid | seizure | FIR registered,,,,0,0,4,6,2026-08-02T06:11:57Z
94ef5f08-412d-4239-92cf-48becfe66f59,"Spurious ghee-making unit busted, 1 arrested | Delhi News - The Times of India",indiatimes.com,2025-12-04,https://timesofindia.indiatimes.com/city/delhi/spurious-ghee-making-unit-busted-1-arrested/articleshow/125772230.cms,Ghee,unclear,0.85,Qwen/Qwen3.5-27B-FP8,validated,1,alleged,ghee,artificial essence,adulteration | substitution,"New Delhi, North West Delhi, Delhi, India",raid | arrest | seizure | case registration,relevant,0.95831924,ghee_relevance_tfidf_minilm_ensemble_v1,0,0,4,6,2026-08-04T03:20:49Z
7ddc7283-670a-4dfb-9e38-a11aa0c579c2,"1,500 kg spurious ‘desi ghee’ seized during raid in Delhi’s Alipur",indianexpress.com,2025-12-04,https://indianexpress.com/article/cities/delhi/1500-kg-spurious-desi-ghee-seized-during-raid-in-delhis-alipur-10402192/,Ghee,relevant_event,0.95,Qwen/Qwen3.5-27B-FP8,validated,1,alleged,ghee,synthetic essence,adulteration | counterfeit,"Delhi, Alipur, India",raid | seizure | FIR,,,,1,0,5,8,2026-08-01T21:07:38Z
oil-d6d2041d0727d059,"Inspection throws up health scare in form of expired foods, fake oil | Jaipur News - The Times of India",indiatimes.com,2025-12-03,https://timesofindia.indiatimes.com/city/jaipur/inspection-throws-up-health-scare-in-form-of-expired-foods-fake-oil/articleshow/125727900.cms,Edible Oil,relevant_event,0.95,Qwen/Qwen3.5-27B-FP8,validated,1,suspected,groundnut oil,,counterfeit | substandard,"Jaipur, Rajasthan, India",seizure | sample collection,relevant,0.7491401562006129,"ens_wavg[tfidf_linsvm/full+bge-large_rbfsvm/oilemb+roberta-base_lead_512/full|0.17,0.67,0.17]",0,0,3,12,2026-07-29T18:16:01Z
2b442757-da6a-46e5-ae37-b083e00062d3,Patanjali ghee fails quality tests; Company fined Rs 1.40 lakh in Uttarakhand,newindianexpress.com,2025-12-01,https://www.newindianexpress.com/nation/2025/Dec/01/patanjali-ghee-fails-quality-tests-company-fined-rs-140-lakh-in-uttarakhand,Ghee,relevant_event,0.95,Qwen/Qwen3.5-27B-FP8,validated,1,lab_confirmed,ghee,adulterants,adulteration | substandard,"Pithoragarh, Uttarakhand, India",fine,relevant,0.73159006,ghee_relevance_tfidf_minilm_ensemble_v1,1,0,8,8,2026-08-02T14:21:27Z
13f96f15-2c5c-46bb-b766-d347b50c3202,Patanjali Says Cow Milk And Ghee Sold Only After Strict Quality Checks,freepressjournal.in,2025-12-01,https://www.freepressjournal.in/patanjali/patanjali-says-cow-milk-and-ghee-sold-only-after-strict-quality-checks,Ghee,unclear,,RedHatAI/Mistral-Small-3.2-24B-Instruct-2506-FP8,validated,0,,,,,,,irrelevant,0.46162374,ghee_relevance_tfidf_minilm_ensemble_v1,0,0,6,11,
2b3ac1f6-695b-496a-a407-97985be16418,Pithoragarh court fines Patanjali Ayurved for substandard cow ghee | Dehradun News - The Times of India,indiatimes.com,2025-11-29,https://timesofindia.indiatimes.com/city/dehradun/pithoragarh-court-fines-patanjali-ayurved-for-substandard-cow-ghee/articleshow/125661946.cms,Ghee,unclear,0.95,Qwen/Qwen3.5-27B-FP8,validated,1,alleged,ghee,,substandard,"Pithoragarh, Uttarakhand, India",fine,relevant,0.70425695,ghee_relevance_tfidf_minilm_ensemble_v1,0,0,9,5,2026-08-02T14:30:23Z
ba5b0244-4b3f-4f06-ae3e-807dabbc26aa,Cops: Mysuru couple held for running fake Nandhini ghee racket,hindustantimes.com,2025-11-27,https://www.hindustantimes.com/india-news/cops-mysuru-couple-held-for-running-fake-nandhini-ghee-racket-101764185192124.html,Ghee,unclear,0.9,Qwen/Qwen3.5-27B-FP8,validated,1,alleged,ghee,unknown substances,counterfeit | adulteration,"Mysuru, Karnataka, India",arrest | raid | asset_freeze,,,,0,0,6,10,2026-08-02T02:57:30Z
911a2bdd-71e1-479e-907f-93f1722b5336,"Industrial-grade machines, repackaging: How an arrested couple turned 1 litre of Nandini Ghee into 4 litres",indianexpress.com,2025-11-27,https://indianexpress.com/article/cities/bangalore/nandini-ghee-arrested-couple-industrial-grade-machines-repackaging-10389213/,Ghee,unclear,,RedHatAI/Mistral-Small-3.2-24B-Instruct-2506-FP8,validated,0,,,,,,,,,,0,0,8,11,2026-08-05T09:09:34Z
6cf864fb-5956-4416-a1c5-f42153e66ec4,Indore Fake Ghee Case: Accused Tries To Fool Police About Location; Tracked & Arrested From Own House,freepressjournal.in,2025-11-27,https://www.freepressjournal.in/indore/indore-fake-ghee-case-accused-tries-to-fool-police-about-location-tracked-arrested-from-own-house,Ghee,relevant_event,,RedHatAI/Mistral-Small-3.2-24B-Instruct-2506-FP8,validated,1,pending_test,ghee,,adulteration,"Indore (, Madhya Pradesh, India",arrest,,,,2,0,4,8,2026-08-05T09:08:32Z
672ecfdb-cb9d-485d-8fc1-76e6a8269fe7,Couple from Mysuru held in fake Nandini ghee racket,newindianexpress.com,2025-11-27,https://www.newindianexpress.com/cities/bengaluru/2025/Nov/27/couple-from-mysuru-held-in-fake-nandini-ghee-racket,Ghee,relevant_event,0.95,Qwen/Qwen3.5-27B-FP8,validated,1,alleged,ghee,coconut oil | palm oil,adulteration | counterfeit,"Mysuru, Karnataka, India",arrest | seizure | asset_freeze,,,,1,0,12,3,2026-08-02T03:01:06Z
502ff9a1-ac00-4ef2-96cb-0a0614085766,Fake Nandini Ghee racket: Mysuru couple arrested - Star of Mysore,starofmysore.com,2025-11-27,https://starofmysore.com/fake-nandini-ghee-racket-mysuru-couple-arrested/,Ghee,relevant_event,0.95,Qwen/Qwen3.5-27B-FP8,validated,1,alleged,ghee | fake Nandini ghee,low-grade edible oils,adulteration | counterfeit,"Mysuru, Karnataka, India",arrest | seizure | asset_freezing,,,,3,0,18,9,2026-08-02T06:41:52Z
3278338f-1fa0-4045-9701-e237d5ad0930,"Industrial machines, clever repackaging: How a husband-wife duo built cross-state fake Nandini Ghee empire across Tamil Nadu, Karnataka; arrested | Bengaluru News - The Times of India",indiatimes.com,2025-11-27,https://timesofindia.indiatimes.com/city/bengaluru/couple-arrested-for-distributing-adulterated-nandini-ghee-in-karnataka-tamil-nadu/articleshow/125597159.cms,Ghee,relevant_event,0.95,Qwen/Qwen3.5-27B-FP8,validated,1,alleged,ghee,palm oil | coconut oil | dalda,adulteration | counterfeit,"Bengaluru, Karnataka, India",arrest | freeze assets | raid,relevant,0.87896605,ghee_relevance_tfidf_minilm_ensemble_v1,2,0,13,5,2026-08-02T10:14:46Z
0e518ac8-dc53-4c79-938a-bd26c1142eeb,CCB police nab kingpin couple manufacturing fake Nandini ghee,thehansindia.com,2025-11-27,https://www.thehansindia.com/karnataka/ccb-police-nab-kingpin-couple-manufacturing-fake-nandini-ghee-1026667,Ghee,relevant_event,0.95,Qwen/Qwen3.5-27B-FP8,validated,1,alleged,ghee,spurious ghee,adulteration | counterfeit | mislabeling,"Mysuru, Karnataka, India",arrest | seizure | asset freeze,,,,3,0,10,6,2026-08-02T02:32:19Z
94d114b9-3c47-468e-8714-ed449f90e8e4,"Kingpin couple arrested in Karnataka's fake ‘Nandini’ ghee racket, manufactured products in Tamil Nadu",hindustantimes.com,2025-11-26,https://www.hindustantimes.com/india-news/kingpin-couple-arrested-in-karnatakas-fake-nandini-ghee-racket-manufactured-products-in-tamil-nadu-101764146635230.html,Ghee,relevant_event,0.95,Qwen/Qwen3.5-27B-FP8,validated,1,alleged,ghee,adulterated ghee,adulteration | counterfeit,"Bengaluru, Karnataka, India",arrest | seizure | case registration,relevant,0.87786123,ghee_relevance_tfidf_minilm_ensemble_v1,2,0,7,11,2026-08-03T18:34:52Z
5a7bde0b-59e0-4f86-9b63-2bbebb593d41,'Nandini' Ghee Racket: Who Is The Couple Behind Running Major Fake ‘Nandini’ Ghee Unit In Bengaluru,newsx.com,2025-11-26,https://www.newsx.com/india/nandini-ghee-racket-who-is-the-couple-behind-running-major-fake-nandini-ghee-unit-in-bengaluru-115687/,Ghee,relevant_event,0.95,Qwen/Qwen3.5-27B-FP8,validated,1,alleged,ghee,coconut and palm oil,adulteration | counterfeit,"Bengaluru, Karnataka, India",arrest | seizure,,,,1,0,15,12,2026-08-01T20:56:17Z
526515f5-4a82-4b0b-9e1c-7f3a2aa4cde4,"CCB arrests couple from Mysuru, kingpins of fake Nandini ghee racket",thehindu.com,2025-11-26,https://www.thehindu.com/news/national/karnataka/ccb-arrests-couple-from-mysuru-kingpins-of-fake-nandini-ghee-racket/article70326249.ece,Ghee,relevant_event,0.95,Qwen/Qwen3.5-27B-FP8,validated,1,alleged,ghee,substandard products,adulteration | counterfeit,"Mysuru, Karnataka, India",arrest | raid | bank account freeze | seizure of documents and equipment,relevant,0.91472341,ghee_relevance_tfidf_minilm_ensemble_v1,1,0,7,10,2026-08-03T04:16:19Z
2fc5c9f1-64d2-498f-8f7a-96d94b926f6d,Nandini ghee begins global journey as KMF launches exports | Bengaluru News - The Times of India,indiatimes.com,2025-11-26,https://timesofindia.indiatimes.com/city/bengaluru/nandini-ghee-begins-global-journey-as-kmf-launches-exports/articleshow/125569460.cms,Ghee,relevant_event,0.95,Qwen/Qwen3.5-27B-FP8,validated,1,suspected,ghee,adulterated ghee,adulteration | counterfeit,"Bengaluru, Karnataka, India",busted a counterfeit racket,relevant,0.54482706,ghee_relevance_tfidf_minilm_ensemble_v1,3,0,4,11,2026-08-03T22:11:06Z
1fe9639d-5c39-472e-94a7-73ac2b03bfce,SIT uncovers massive ghee adulteration!,thehansindia.com,2025-11-23,https://www.thehansindia.com/andhra-pradesh/sit-uncovers-massive-ghee-adulteration-1025488,Ghee,relevant_event,0.95,Qwen/Qwen3.5-27B-FP8,validated,1,alleged,ghee,palm oil,adulteration,"Tirupati, Chittoor, Andhra Pradesh, India",investigation,irrelevant,0.3474468,ghee_relevance_tfidf_minilm_ensemble_v1,2,0,13,3,2026-08-04T02:33:10Z
869ce054-7853-4b8b-896f-0d0ee51c9f89,"Ghee case accused sent to judicial 
remand after five-day SIT custody in Andhra",newindianexpress.com,2025-11-22,https://www.newindianexpress.com/states/andhra-pradesh/2025/Nov/22/ghee-case-accused-sent-to-judicial-remand-after-five-day-sit-custody-in-andhra,Ghee,unclear,0.65,Qwen/Qwen3.5-27B-FP8,validated,1,alleged,ghee,,adulteration,"Nellore, Andhra Pradesh, India",judicial_remand,irrelevant,0.49045771,ghee_relevance_tfidf_minilm_ensemble_v1,0,0,1,9,2026-08-03T14:58:32Z
8577ca11-d1ef-4517-846f-747a51b46f07,SIT grills Subba Reddy in ghee adulteration probe,thehansindia.com,2025-11-21,https://www.thehansindia.com/andhra-pradesh/sit-grills-subba-reddy-in-ghee-adulteration-probe-1025041,Ghee,relevant_event,0.9,Qwen/Qwen3.5-27B-FP8,validated,1,alleged,ghee,adulterated ghee,adulteration,"Hyderabad, Telangana, India",questioning | investigation,irrelevant,0.26128931,ghee_relevance_tfidf_minilm_ensemble_v1,1,0,2,8,2026-08-04T01:54:12Z
aec84261-126b-4386-b0f4-15f160ca67ae,Ghee Adulteration: SIT Begins Questioning Of Chinna Appanna,deccanchronicle.com,2025-11-18,https://www.deccanchronicle.com/southern-states/andhra-pradesh/ghee-adulteration-sit-begins-questioning-of-chinna-appanna-1917792,Ghee,relevant_event,0.95,Qwen/Qwen3.5-27B-FP8,validated,1,alleged,ghee,,adulteration | substitution | contamination,"Tirupati, Chittoor, Andhra Pradesh, India",custody_granted | questioning,irrelevant,0.34547303,ghee_relevance_tfidf_minilm_ensemble_v1,2,0,4,8,2026-08-03T14:06:04Z
f1307eae-cbfb-4f04-b6cc-3facd9e296d6,Fake Nandini ghee racket busted in Bengaluru; dip in orders exposed accused,indiatoday.in,2025-11-17,https://www.indiatoday.in/cities/bengaluru/story/bengaluru-fake-ghee-racket-kmf-distributor-adulterated-nandini-ghee-2821014-2025-11-17?utm_source=rss,Ghee,relevant_event,0.95,Qwen/Qwen3.5-27B-FP8,validated,1,alleged,ghee,palm oil,adulteration | counterfeit,"Bengaluru, Karnataka, India",raid | arrest | seizure,relevant,0.93228001,ghee_relevance_tfidf_minilm_ensemble_v1,3,0,11,6,2026-08-03T11:32:34Z
64d62e74-9500-4d61-9708-529b22d7d114,Seer flays YSRCP on adulterated ghee supply,thehansindia.com,2025-11-17,https://www.thehansindia.com/andhra-pradesh/seer-flays-ysrcp-on-adulterated-ghee-supply-1023923,Ghee,unclear,0.65,Qwen/Qwen3.5-27B-FP8,validated,1,alleged,ghee,,adulteration,"Tirumala, Chittoor, Andhra Pradesh, India",,irrelevant,0.25192003,ghee_relevance_tfidf_minilm_ensemble_v1,0,0,3,5,2026-08-04T02:52:40Z
31cae76c-aa62-4328-bd40-368275f60e9f,"Bengaluru Distributor Busted For Selling Diluted 'Nandini' Ghee In Fake Racket, What We Know So Far",newsx.com,2025-11-17,https://www.newsx.com/regionals/bengaluru-distributor-busted-for-selling-diluted-nandini-ghee-in-fake-racket-what-we-know-so-far-111748/,Ghee,relevant_event,0.95,Qwen/Qwen3.5-27B-FP8,validated,1,alleged,ghee,palm oil | cheap fats,adulteration,"Bengaluru, Karnataka, India",raid | arrest | seizure,,,,3,0,11,6,2026-08-02T01:10:27Z
4a638904-2bcf-4037-8afd-ec6e5b0b6b11,CCB busts massive adulterated ghee racket; fake Nandini products worth Rs 1.26 crore seized in Bengaluru,newindianexpress.com,2025-11-16,https://www.newindianexpress.com/states/karnataka/2025/Nov/16/ccb-busts-massive-adulterated-ghee-racket-fake-nandini-products-worth-rs-126-crore-seized-in-bengaluru,Ghee,relevant_event,0.95,Qwen/Qwen3.5-27B-FP8,validated,1,alleged,ghee,coconut oil | palm oil,adulteration,"Bengaluru, Karnataka, India",arrest | seizure,,,,2,0,15,3,2026-08-03T04:18:53Z
b5940660-7f58-4123-bb25-6f78d4e1694d,Bengaluru police crackdown uncovers counterfeit ‘Nandini’ ghee racket: How the network operated,hindustantimes.com,2025-11-15,https://www.hindustantimes.com/india-news/bengaluru-police-cracks-down-on-network-circulating-counterfeit-nandini-ghee-8-136-litres-seized-101763221328365.html,Ghee,relevant_event,0.95,Qwen/Qwen3.5-27B-FP8,validated,1,alleged,ghee,coconut oil | palm oil,adulteration | counterfeit,"Bengaluru, Karnataka, India",raid | arrest | seizure | case registration,,,,4,0,7,9,2026-08-02T01:14:07Z
5f04cd12-dbe4-413b-869b-67f4d2a093c3,SMC seizes 797 kg adulterated dairy products in 5-day drive | Surat News - The Times of India,indiatimes.com,2025-11-15,https://timesofindia.indiatimes.com/city/surat/smc-seizes-797-kg-adulterated-dairy-products-in-5-day-drive/articleshow/125352948.cms,Ghee,unclear,,RedHatAI/Mistral-Small-3.2-24B-Instruct-2506-FP8,validated,0,,,,,,,irrelevant,0.49332208,ghee_relevance_tfidf_minilm_ensemble_v1,0,0,4,6,
3c0e9d23-f858-47eb-8e7a-23db1d42822a,"CCB unearths interstate racket selling adulterated Nandini ghee; 8,136 litres seized",thehindu.com,2025-11-15,https://www.thehindu.com/news/national/karnataka/ccb-unearths-interstate-racket-selling-adulterated-nandini-ghee-8136-litres-seized/article70283406.ece,Ghee,relevant_event,0.95,Qwen/Qwen3.5-27B-FP8,validated,1,alleged,ghee,coconut oil | palm oil,adulteration | counterfeit,"Bengaluru, Karnataka, India",raid | seizure | arrest,,,,3,0,6,1,2026-08-03T04:22:51Z
164f43df-a069-4197-9854-e7bd9fc78fae,Adulterated Ghee Made with Animal Fat Seized in Pithapuram,deccanchronicle.com,2025-11-06,https://www.deccanchronicle.com/southern-states/andhra-pradesh/adulterated-ghee-made-with-animal-fat-seized-in-pithapuram-1915349,Ghee,relevant_event,0.95,Qwen/Qwen3.5-27B-FP8,validated,1,alleged,ghee,animal fat,adulteration,"Pithapuram, West Godavari, Andhra Pradesh, India",seizure,,,,2,0,0,8,2026-08-01T23:57:28Z
a41ae2e8-33c7-452d-90da-0656d8f97dac,VIDEO: Rajasthan Agriculture Minister Kirodi Lal Meena Raids Massive Adulterated Milk Factory In Dausa,freepressjournal.in,2025-11-04,https://www.freepressjournal.in/india/video-rajasthan-agriculture-minister-kirodi-lal-meena-raids-massive-adulterated-milk-factory-in-dausa,Ghee,unclear,0.75,Qwen/Qwen3.5-27B-FP8,validated,1,alleged,ghee | milk,urea | caustic_soda,adulteration,"Mahwa, Dausa, Rajasthan, India",raid | destruction | investigation,irrelevant,0.41079124,ghee_relevance_tfidf_minilm_ensemble_v1,2,0,4,4,2026-08-04T10:50:10Z
f9720bd0-18fb-4774-96e6-eca25490f73e,"Indore News: Food Officials Seized 600 Liters Of Adulterated Ghee, Oil",freepressjournal.in,2025-10-30,https://www.freepressjournal.in/indore/indore-news-food-officials-seized-600-liters-of-adulterated-ghee-oil,Ghee,relevant_event,,RedHatAI/Mistral-Small-3.2-24B-Instruct-2506-FP8,provisional,1,pending_test,ghee,,adulteration,"Indore (, Madhya Pradesh, India",seizure,relevant,0.80041375,ghee_relevance_tfidf_minilm_ensemble_v1,0,0,11,9,2026-08-05T09:51:56Z
1bb265a5-4066-4df8-a54c-13e353af732e,"3,400L adulterated ghee seized, factory sealed | Indore News - The Times of India",indiatimes.com,2025-10-30,https://timesofindia.indiatimes.com/city/indore/3400l-adulterated-ghee-seized-factory-sealed/articleshow/124919369.cms,Ghee,unclear,0.85,Qwen/Qwen3.5-27B-FP8,validated,1,suspected,ghee,vegetable oil,adulteration,"Indore, Madhya Pradesh, India",factory sealed | seized,relevant,0.8645624,ghee_relevance_tfidf_minilm_ensemble_v1,0,0,9,1,2026-08-03T00:35:37Z
2d8a95d1-8554-4194-b427-4239c3f9ad5b,Indore News: About 3400 Litres Of Fake Ghee Seized From A Factory,freepressjournal.in,2025-10-29,https://www.freepressjournal.in/indore/indore-news-about-3400-litres-of-fake-ghee-seized-from-a-factory,Ghee,relevant_event,0.95,Qwen/Qwen3.5-27B-FP8,validated,1,alleged,ghee,palm oil,adulteration | substitution | mislabeling,"Indore, Madhya Pradesh, India",raid | seizure,relevant,0.84370988,ghee_relevance_tfidf_minilm_ensemble_v1,3,0,6,1,2026-08-03T17:21:30Z
9368fe71-a18d-4580-8063-8e3f17e6cec9,Unsafe to Eat: India’s Chronic Food Adulteration Problem,thehindu.com,2025-10-27,https://frontline.thehindu.com/the-nation/food-adulteration-diwali-crisis-contamination-spices-india-diseases-fssai/article70208651.ece,Ghee,relevant_event,0.95,Qwen/Qwen3.5-27B-FP8,validated,1,alleged,ghee | sweets,,adulteration,"Delhi, India",seizure,irrelevant,0.41641007,ghee_relevance_tfidf_minilm_ensemble_v1,6,0,13,48,2026-08-04T10:45:11Z
0118c86d-fe92-4616-b53b-066a3faf5eab,4 arrested for preparing and selling spurious desi ghee | Chandigarh News - The Times of India,indiatimes.com,2025-10-22,https://timesofindia.indiatimes.com/city/chandigarh/four-arrested-for-preparing-and-selling-spurious-desi-ghee/articleshow/124738787.cms,Ghee,unclear,0.85,Qwen/Qwen3.5-27B-FP8,validated,1,alleged,ghee,chemicals | Dalda ghee | refined oil,adulteration | counterfeit,"Baghapurana, Moga, Punjab, India",arrest | raid | case registered,relevant,0.89863129,ghee_relevance_tfidf_minilm_ensemble_v1,0,0,3,7,2026-08-01T22:21:09Z
f82c34ba-9461-4be5-bbd0-e93df7d29455,Food Safety Dept Seizes 60 Plus Kgs of Adulterated Sweets Ahead of Festive Season,deccanchronicle.com,2025-10-20,https://www.deccanchronicle.com/southern-states/telangana/food-safety-dept-seizes-60-plus-kgs-of-adulterated-sweets-ahead-of-festive-season-1911377,Ghee,unclear,0.65,Qwen/Qwen3.5-27B-FP8,validated,1,alleged,ghee,,adulteration,"Hyderabad, Telangana, India",seizure | improvement notice,irrelevant,0.39559089,ghee_relevance_tfidf_minilm_ensemble_v1,4,0,2,4,2026-08-03T12:36:32Z
c6dcef79-69bf-47eb-a0b5-7b4d6bef00fc,60 kg of sweets seized in food safety raids across Telangana,siasat.com,2025-10-19,https://www.siasat.com/60-kg-of-sweets-seized-in-food-safety-raids-across-telangana-3284945/,Ghee,relevant_event,,RedHatAI/Mistral-Small-3.2-24B-Instruct-2506-FP8,provisional,1,pending_test,ghee,,adulteration,"Telangana, India",seizure,irrelevant,0.26643096,ghee_relevance_tfidf_minilm_ensemble_v1,1,0,6,3,2026-08-05T09:33:38Z
c4bd8866-0551-4752-a457-d65993f1cdb3,"Ahead of Diwali, 1,735 kg of adulterated sweets, tofu destroyed in Lucknow",indiatoday.in,2025-10-18,https://www.indiatoday.in/cities/lucknow/story/adulterated-sweets-tofu-destroyed-food-safety-drive-diwali-lucknow-2805033-2025-10-18?utm_source=rss,Ghee,unclear,0.85,Qwen/Qwen3.5-27B-FP8,validated,1,alleged,ghee,,adulteration,"Lucknow, Uttar Pradesh, India",destruction,irrelevant,0.46997646,ghee_relevance_tfidf_minilm_ensemble_v1,0,0,1,18,2026-08-03T02:04:06Z
bd6e4b40-de85-4dde-8f87-3be77dcbf594,Adulterated goods worth Rs 5cr seized | Lucknow News - The Times of India,indiatimes.com,2025-10-18,https://timesofindia.indiatimes.com/city/lucknow/adulterated-goods-worth-rs-5cr-seized/articleshow/124644574.cms,Ghee,unclear,0.65,Qwen/Qwen3.5-27B-FP8,validated,1,alleged,ghee,,adulteration,"Lucknow, Uttar Pradesh, India",seizure | destruction,irrelevant,0.45758721,ghee_relevance_tfidf_minilm_ensemble_v1,0,0,0,10,2026-08-03T01:55:14Z
9849e210-d94b-448b-885e-7bdffe11cfe9,"Police seize over 6,800 units of fake desi ghee, sweets across Delhi",newindianexpress.com,2025-10-18,https://www.newindianexpress.com/cities/delhi/2025/Oct/18/police-seize-over-6800-units-of-fake-desi-ghee-sweets-across-delhi,Ghee,relevant_event,,RedHatAI/Mistral-Small-3.2-24B-Instruct-2506-FP8,provisional,1,pending_test,ghee,,adulteration,"Mustafabad, Delhi, India",seizure | arrest,relevant,0.79189048,ghee_relevance_tfidf_minilm_ensemble_v1,0,0,13,10,2026-08-05T10:01:06Z
6f00035b-1437-428d-895c-a234866e29e0,FDA seizes adulterated ghee & oil stocks worth Rs 5.5 lakh in pre-Diwali crackdown | Kolhapur News - The Times of India,indiatimes.com,2025-10-18,https://timesofindia.indiatimes.com/city/kolhapur/fda-seizes-adulterated-ghee-oil-stocks-worth-rs-5-5-lakh-in-pre-diwali-crackdown/articleshow/124643811.cms,Ghee,relevant_event,0.95,Qwen/Qwen3.5-27B-FP8,validated,1,suspected,ghee | edible oil,,adulteration,"Kolhapur, Maharashtra, India",seizure,,,,2,0,0,8,2026-08-02T05:14:08Z
ec24668b-6cd5-491e-9032-29bd9553736e,UP FSDA Seizes Adulterated Food Worth ₹4.76 Crore Under Diwali Special Drive,freepressjournal.in,2025-10-17,https://www.freepressjournal.in/uttar-pradesh/up-fsda-seizes-adulterated-food-worth-476-crore-under-diwali-special-drive,Ghee,unclear,0.65,Qwen/Qwen3.5-27B-FP8,validated,1,alleged,ghee,,adulteration,"Ghazipur, Uttar Pradesh, India",Diwali Special Campaign,irrelevant,0.35111279,ghee_relevance_tfidf_minilm_ensemble_v1,2,0,4,10,2026-08-02T21:34:09Z
d10916e4-7201-468c-b3ed-3d36f7cb2df5,FDA Gurugram’s falls short in its sampling efforts during Diwali,hindustantimes.com,2025-10-17,https://www.hindustantimes.com/cities/gurugram-news/fda-gurugram-s-falls-short-in-its-sampling-efforts-during-diwali-101760641749819.html,Ghee,unclear,,RedHatAI/Mistral-Small-3.2-24B-Instruct-2506-FP8,validated,1,suspected,ghee,,adulteration,India,samples are sent to laboratories in Chandigarh or Karnal for testing,irrelevant,0.21975327,ghee_relevance_tfidf_minilm_ensemble_v1,4,0,12,14,2026-08-05T09:42:22Z
2168c735-49e3-449b-a930-c9762c99a353,FDA raids find food stock worth 2cr adulterated or misleading | Pune News - The Times of India,indiatimes.com,2025-10-17,https://timesofindia.indiatimes.com/city/pune/fda-raids-find-food-stock-worth-2cr-adulterated-or-misleading/articleshow/124613945.cms,Ghee,unclear,0.85,Qwen/Qwen3.5-27B-FP8,validated,1,suspected,ghee,,adulteration | mislabeling,"Pune, Maharashtra, India",seizure | notice,relevant,0.54005685,ghee_relevance_tfidf_minilm_ensemble_v1,0,0,3,7,2026-08-03T10:12:41Z
b3181cd8-eb28-4728-8761-6b854b6893cd,Crackdown on adulterated food across state ahead of Diwali | Lucknow News - The Times of India,indiatimes.com,2025-10-16,https://timesofindia.indiatimes.com/city/lucknow/crackdown-on-adulterated-food-across-state-ahead-of-diwali/articleshow/124589368.cms,Ghee,unclear,0.65,Qwen/Qwen3.5-27B-FP8,validated,1,alleged,ghee,,adulteration,"Etah, Uttar Pradesh, India",Diwali campaign,irrelevant,0.32774606,ghee_relevance_tfidf_minilm_ensemble_v1,7,0,3,14,2026-08-02T03:02:48Z
8c9f1a58-c54c-43ce-b2bc-293e7082c182,"1,100 kg of adulterated sweets, 145 kg of fly-infested rasgullas destroyed in Noida before Diwali",indiatimes.com,2025-10-16,https://economictimes.indiatimes.com/news/new-updates/1100-kg-adulterated-sweets-145-kg-rasgullas-with-flies-destroyed-in-noida-before-diwali/articleshow/124596010.cms,Ghee,unclear,0.65,Qwen/Qwen3.5-27B-FP8,validated,1,pending_test,ghee,,substandard | contamination,"Ghaziabad, Uttar Pradesh, India",sampling,irrelevant,0.33985323,ghee_relevance_tfidf_minilm_ensemble_v1,4,0,4,22,2026-08-04T12:43:39Z
oil-69a4843e2e016e1e,Adulterated paneer and cooking oil seized ahead of Diwali | Agra News - The Times of India,indiatimes.com,2025-10-15,https://timesofindia.indiatimes.com/city/agra/adulterated-paneer-and-cooking-oil-seized-ahead-of-diwali/articleshow/124586909.cms,Edible Oil,unclear,0.95,Qwen/Qwen3.5-27B-FP8,validated,1,suspected,edible oil | mustard oil | refined soybean oil,,substandard | unsafe_food,"Agra, Uttar Pradesh, India",seizure | closure | notice,relevant,0.6272369234416718,"ens_wavg[tfidf_linsvm/full+bge-large_rbfsvm/oilemb+roberta-base_lead_512/full|0.17,0.67,0.17]",0,0,6,14,2026-07-29T05:37:06Z
f389e708-ee45-42ac-ac2d-c238c5ea8ee6,"2,993 quintals of adulterated food seized, 1,155 quintals destroyed; special drive runs from October 8-17",thehansindia.com,2025-10-15,https://www.thehansindia.com/news/national/2993-quintals-of-adulterated-food-seized-1155-quintals-destroyed-special-drive-runs-from-october-8-17-1015062,Ghee,unclear,0.65,Qwen/Qwen3.5-27B-FP8,validated,1,alleged,ghee,,adulteration | unsafe_food,"Eta, Etah, Uttar Pradesh, India",special Diwali campaign,irrelevant,0.32848451,ghee_relevance_tfidf_minilm_ensemble_v1,6,0,8,10,2026-08-04T13:02:05Z
dc704fd5-64e0-4bce-b878-793f72e5d6cd,"Indore News: Food Dept Seizes ₹12.64 Lakh Worth Mawa, Sweets & Ghee In Major Crackdown",freepressjournal.in,2025-10-15,https://www.freepressjournal.in/indore/indore-news-food-dept-seizes-1264-lakh-worth-mawa-sweets-ghee-in-major-crackdown,Ghee,unclear,0.85,Qwen/Qwen3.5-27B-FP8,validated,1,pending_test,ghee | mawa | sweets,,substitution | adulteration,"Indore, Madhya Pradesh, India","seizure of mawa, sweets and ghee",,,,3,0,1,6,2026-08-02T09:49:54Z
a189b841-64d7-41b8-8bc8-76777075d65d,Uttar Pradesh News: Yogi Govt Launches Statewide Crackdown On Adulterated Food Ahead Of Diwali 2025,freepressjournal.in,2025-10-15,https://www.freepressjournal.in/india/uttar-pradesh-news-yogi-govt-launches-statewide-crackdown-on-adulterated-food-ahead-of-diwali-2025,Ghee,unclear,0.65,Qwen/Qwen3.5-27B-FP8,validated,1,alleged,ghee,,adulteration,"Eta, Uttar Pradesh, India",,irrelevant,0.30653323,ghee_relevance_tfidf_minilm_ensemble_v1,2,0,10,18,2026-08-04T20:05:19Z
18379b0a-c83e-4da7-adaa-41e87fc41a8b,"â_x0080__x0098_Adulteratedâ_x0080__x0099_ mawa, sweets & ghee worth over Rs 12L seized | Indore News - The Times of India",indiatimes.com,2025-10-15,https://timesofindia.indiatimes.com/city/indore/adulterated-mawa-sweets-ghee-worth-over-rs-12l-seized/articleshow/124561866.cms,Ghee,unclear,0.75,Qwen/Qwen3.5-27B-FP8,validated,1,suspected,ghee,,adulteration,"Indore, Madhya Pradesh, India",seizure | sealing,irrelevant,0.30835758,ghee_relevance_tfidf_minilm_ensemble_v1,0,0,4,6,2026-08-02T21:58:10Z
78f33079-a9a3-41b6-8068-e6b410dd0f49,"3,000 kg of Suspected Adulterated Sweets Seized in Indore",deccanchronicle.com,2025-10-14,https://www.deccanchronicle.com/nation/3000-kg-of-suspected-adulterated-sweets-seized-in-indore-1910088,Ghee,unclear,0.85,Qwen/Qwen3.5-27B-FP8,validated,1,suspected,ghee | mawa | sweets,,adulteration,"Indore, Madhya Pradesh, India",seizure,irrelevant,0.31345994,ghee_relevance_tfidf_minilm_ensemble_v1,0,0,1,9,2026-08-03T00:31:54Z
47e7da39-7117-4d4f-9edf-0b17ef73c6da,"9 business operators in Chandigarh, 5 in Mohali fined for food-safety violations",hindustantimes.com,2025-10-14,https://www.hindustantimes.com/cities/chandigarh-news/9-business-operators-in-chandigarh-5-in-mohali-fined-for-food-safety-violations-101760388148937.html,Ghee,unclear,0.65,Qwen/Qwen3.5-27B-FP8,validated,1,pending_test,desi ghee sweets,,substitution | adulteration,"Mohali, Punjab, India",challan_issued,irrelevant,0.22426107,ghee_relevance_tfidf_minilm_ensemble_v1,2,0,6,8,2026-08-04T13:38:07Z
oil-c2fa50179af284f7,"Flies hovering on them, 145kg rasgullas destroyed by food safety officials in Noida",indiatimes.com,2025-10-12,https://timesofindia.indiatimes.com/city/noida/flies-hovering-on-them-145kg-rasgullas-destroyed-by-food-safety-officials-in-noida/articleshow/124489677.cms,Edible Oil,unclear,0.85,Qwen/Qwen3.5-27B-FP8,validated,1,suspected,mustard oil,,adulteration,"Noida, Gautam Buddha Nagar, Uttar Pradesh, India",seizure,,,,0,0,2,8,2026-07-29T15:07:27Z
oil-daf4ca29b4849989,Adulterated edible oil worth Rs53L seized in Kanpur raid | Kanpur News - The Times of India,indiatimes.com,2025-10-11,https://timesofindia.indiatimes.com/city/kanpur/adulterated-edible-oil-worth-rs53l-seized-in-kanpur-raid/articleshow/124465364.cms,Edible Oil,relevant_event,0.95,Qwen/Qwen3.5-27B-FP8,validated,1,suspected,edible oil,suspicious samples,adulteration | substandard,"Kanpur, Uttar Pradesh, India",raid | seizure,relevant,0.9432970113934098,"ens_wavg[tfidf_linsvm/full+bge-large_rbfsvm/oilemb+roberta-base_lead_512/full|0.17,0.67,0.17]",2,0,2,13,2026-07-29T18:53:00Z
6779fd08-3333-44b6-bc4f-ae6a61195100,Food samples seized in Ludhiana ahead of festive rush. | Ludhiana News - The Times of India,indiatimes.com,2025-10-11,https://timesofindia.indiatimes.com/city/ludhiana/food-samples-seized-in-ludhiana-ahead-of-festive-rush-/articleshow/124478576.cms,Ghee,unclear,,RedHatAI/Mistral-Small-3.2-24B-Instruct-2506-FP8,validated,1,pending_test,ghee,,substitution,India,seized,irrelevant,0.37841076,ghee_relevance_tfidf_minilm_ensemble_v1,6,0,2,9,
oil-c72d68cafd2478be,FSDA seizes substandard supply of edible oil worth 30L | Kanpur News - The Times of India,indiatimes.com,2025-10-10,https://timesofindia.indiatimes.com/city/kanpur/fsda-seizes-substandard-supply-of-edible-oil-worth-30l/articleshow/124437838.cms,Edible Oil,relevant_event,0.95,Qwen/Qwen3.5-27B-FP8,validated,1,suspected,edible oil,,substandard,"Kanpur, Uttar Pradesh, India",seizure,relevant,0.9652111641380194,"ens_wavg[tfidf_linsvm/full+bge-large_rbfsvm/oilemb+roberta-base_lead_512/full|0.17,0.67,0.17]",3,0,6,1,2026-07-29T15:57:50Z
oil-081117bbf714a215,Pre-Diwali crackdown on food adulteration in Lucknow,hindustantimes.com,2025-10-10,https://www.hindustantimes.com/cities/lucknow-news/prediwali-crackdown-on-food-adulteration-in-lucknow-101760112550766.html,Edible Oil,unclear,0.85,Qwen/Qwen3.5-27B-FP8,validated,1,suspected,mustard oil | edible oils,,substandard | adulteration,"Lucknow, Uttar Pradesh, India",seizure,,,,1,0,6,18,2026-07-28T19:17:15Z
926ea765-1cc1-4516-8841-bd17f9184d00,"1,100 kg of adulterated sweets destroyed in pre-Diwali crackdown | Noida News - The Times of India",indiatimes.com,2025-10-10,https://timesofindia.indiatimes.com/city/noida/1100-kg-of-adulterated-sweets-destroyed-in-pre-diwali-crackdown/articleshow/124436522.cms,Ghee,unclear,0.65,Qwen/Qwen3.5-27B-FP8,validated,1,pending_test,ghee,,adulteration,"Ghaziabad, Uttar Pradesh, India",sampling,irrelevant,0.35027024,ghee_relevance_tfidf_minilm_ensemble_v1,5,0,1,14,2026-08-02T23:16:36Z
oil-23d97461886d2622,FDA seizes untested soyabean oil,indiatimes.com,2025-10-09,https://timesofindia.indiatimes.com/city/nagpur/fda-seizes-untested-soyabean-oil/articleshow/124398090.cms,Edible Oil,relevant_event,0.95,Qwen/Qwen3.5-27B-FP8,validated,2,suspected,soyabean oil,,substandard | unsafe_food,"Nagpur, Maharashtra, India | Gondia, Maharashtra, India",seizure,,,,1,0,3,6,2026-07-28T22:39:02Z
d301dc8a-7194-46ad-bf04-43efdc78c053,"Fake ghee racket busted by Delhi Police ahead of Diwali, 2 arrested from Budh Vihar and Jind",indianexpress.com,2025-10-09,https://indianexpress.com/article/cities/delhi/fake-ghee-racket-busted-diwali-2-arrested-10296351/,Ghee,relevant_event,0.95,Qwen/Qwen3.5-27B-FP8,validated,1,alleged,ghee,low-grade vanaspati ghee | refined oil | flavouring agents | synthetic colours | unsafe substances,adulteration | counterfeit,"Budh Vihar, Jind, North West Delhi, Jind, Delhi, Haryana, India",raids | arrests | seizure | facility sealed,relevant,0.96113192,ghee_relevance_tfidf_minilm_ensemble_v1,2,0,8,8,2026-08-03T12:02:45Z
349ee3cb-237e-4ecd-bf99-2e935a9588e7,Over 2.6 tonnes of suspected adulterated food seized in pre-festive crackdown,hindustantimes.com,2025-10-09,https://www.hindustantimes.com/cities/chandigarh-news/over-2-6-tonnes-of-suspected-adulterated-food-seized-in-pre-festive-crackdown-101759951904887.html,Ghee,unclear,0.85,Qwen/Qwen3.5-27B-FP8,validated,1,suspected,ghee,,adulteration,India,,irrelevant,0.47167809,ghee_relevance_tfidf_minilm_ensemble_v1,0,0,1,14,2026-08-03T22:48:15Z
a3aeeb23-ea47-454e-9079-05e2142e157d,Delhi police bust counterfeit oil and ghee manufacturing units | Delhi News - The Times of India,indiatimes.com,2025-10-08,https://timesofindia.indiatimes.com/city/delhi/delhi-police-bust-counterfeit-oil-and-ghee-manufacturing-units/articleshow/124390886.cms,Ghee,relevant_event,0.95,Qwen/Qwen3.5-27B-FP8,validated,1,alleged,ghee,vanaspati ghee | refined oil | chemicals | synthetic colours,adulteration | counterfeit,"Delhi, Rohini, India",arrest | seizure | sealing of unit,,,,4,0,2,14,2026-08-03T07:14:43Z
c6b3635d-7479-4594-9803-195c9d36f4a1,Festive season taste spoled: Repeat offenders held in Ludhianaâ_x0080__x0099_s ghee sting. | Ludhiana News - The Times of India,indiatimes.com,2025-10-07,https://timesofindia.indiatimes.com/city/ludhiana/festive-season-taste-spoled-repeat-offenders-held-in-ludhianas-ghee-sting-/articleshow/124348026.cms,Ghee,relevant_event,0.95,Qwen/Qwen3.5-27B-FP8,validated,1,alleged,ghee,adulterated ingredients,adulteration | substandard,"Ludhiana, Punjab, India",raid | seizure | custody,,,,1,0,2,16,2026-08-02T07:32:56Z
96621df7-0c9b-41e5-a5a6-3f21a24613d5,Food safety department seizes adulterated paneer in Haridwar | Dehradun News - The Times of India,indiatimes.com,2025-10-07,https://timesofindia.indiatimes.com/city/dehradun/food-safety-department-seizes-adulterated-paneer-in-haridwar/articleshow/124369011.cms,Ghee,relevant_event,0.95,Qwen/Qwen3.5-27B-FP8,validated,1,suspected,ghee,unspecified,adulteration,"Rishikesh, Uttarakhand, India",seizure | sample collection,irrelevant,0.30751692,ghee_relevance_tfidf_minilm_ensemble_v1,3,0,4,3,2026-08-04T16:35:40Z
336a89c4-d98a-4242-8803-4d479689bc4d,Ludhiana: 50-kg adulterated ghee seized,hindustantimes.com,2025-10-07,https://www.hindustantimes.com/cities/chandigarh-news/ludhiana-50-kg-adulterated-ghee-seized-officials-101759775860326.html,Ghee,relevant_event,,RedHatAI/Mistral-Small-3.2-24B-Instruct-2506-FP8,provisional,1,pending_test,ghee,,adulteration,India,seizure,,,,0,0,10,7,2026-08-05T09:13:07Z
9270ce1b-4012-4daf-b2b5-00671548f6af,Fake ghee racket busted in Delhi: 6 held in festive season crackdown,indianexpress.com,2025-10-03,https://indianexpress.com/article/cities/delhi/fake-ghee-racket-busted-in-delhi-6-held-in-festive-season-crackdown-10284942/,Ghee,unclear,0.95,Qwen/Qwen3.5-27B-FP8,validated,1,alleged,ghee,vanaspati ghee | refined oil | chemical-based flavouring agents | synthetic colour | unsafe substances,adulteration | substitution,"Delhi, North-East Delhi, India",arrest | seizure | case registration,,,,0,0,7,13,2026-08-02T07:07:25Z
012810fa-376e-496d-b17f-9b02266afe91,"Delhi Police busts three units making 1,625 kg of fake desi ghee, six held",hindustantimes.com,2025-10-03,https://www.hindustantimes.com/cities/delhi-news/delhi-police-busts-three-units-making-1-625-kg-of-fake-desi-ghee-six-held-101759447631631.html,Ghee,unclear,0.95,Qwen/Qwen3.5-27B-FP8,validated,1,alleged,ghee,vanaspati | refined oil | chemical flavouring agents,adulteration | counterfeit,"Delhi, northeast Delhi, India",arrest | seizure | case registration,,,,0,0,16,4,2026-08-02T03:28:14Z
8baaf92a-dbf8-4833-991a-bbbe040e7c05,"Delhi Police busts adulterated desi ghee racket; 1,625 kg seized, six arrested",ibtimes.co.in,2025-10-02,https://www.ibtimes.co.in/delhi-police-busts-adulterated-desi-ghee-racket-1625-kg-seized-six-arrested-890084,Ghee,unclear,0.95,Qwen/Qwen3.5-27B-FP8,validated,1,alleged,ghee,vanaspati ghee | refined oil | chemical-based flavouring agents | synthetic colour,adulteration | substitution,"Delhi, North-East Delhi, India",FIR registration,,,,0,0,20,7,2026-08-02T03:24:12Z
1b74e29d-f583-4ee4-96bc-e93553c915b3,Delhi police bust three illegal manufacturing units of adulterated ghee; six held,newindianexpress.com,2025-10-02,https://www.newindianexpress.com/cities/delhi/2025/Oct/02/delhi-police-bust-three-illegal-manufacturing-units-of-adulterated-ghee-six-held,Ghee,relevant_event,,RedHatAI/Mistral-Small-3.2-24B-Instruct-2506-FP8,provisional,1,recall_triggered,ghee,,adulteration,"Delhi, India",seizure,,,,0,0,7,3,2026-08-05T08:59:58Z
cf41615a-cdda-4444-8f23-cd86d6eca024,"Maharashtra FDA Faces Staff Shortage, Strengthens Labs Amid Festive Food Safety Drive",freepressjournal.in,2025-10-01,https://www.freepressjournal.in/mumbai/maharashtra-fda-faces-staff-shortage-strengthens-labs-amid-festive-food-safety-drive,Ghee,unclear,0.75,Qwen/Qwen3.5-27B-FP8,validated,1,pending_test,ghee,,,"Maharashtra, India",Sankalp Ann Surakshecha – San Maharashtra Cha,irrelevant,0.32731944,ghee_relevance_tfidf_minilm_ensemble_v1,0,0,1,19,2026-08-04T18:28:39Z
oil-9f582ea75e0eddfb,"Raids at 8 shops in Gurgaon, 16 food samples seized, sent for tests",indiatimes.com,2025-09-29,https://timesofindia.indiatimes.com/city/gurgaon/raids-at-8-shops-in-gurgaon-16-food-samples-seized-sent-for-tests/articleshow/124199612.cms,Edible Oil,unclear,0.95,Qwen/Qwen3.5-27B-FP8,validated,1,suspected,mustard oil,,adulteration | substandard,"Gurgaon, Haryana, India",raids | seizure,,,,0,0,1,9,2026-07-29T11:52:56Z
5b55e994-4ed1-4795-bf68-9165d706ca41,Over Rs 3 cr in fines imposed for adulterated milk and dairy in Punjab,indianexpress.com,2025-09-29,https://indianexpress.com/article/cities/chandigarh/punjab-imposes-over-%e2%82%b93-crore-in-fines-for-adulterated-milk-products-in-five-years-10278656/,Ghee,unclear,0.65,Qwen/Qwen3.5-27B-FP8,validated,1,alleged,ghee,,adulteration,"Punjab, India",penalties amounting to Rs 3.04 crore,irrelevant,0.3866693,ghee_relevance_tfidf_minilm_ensemble_v1,2,0,1,17,2026-08-04T19:11:32Z
11bedd61-f32e-48c0-9bb6-4d1096482ddf,Drive against adulterated food items conducted | Kanpur News - The Times of India,indiatimes.com,2025-09-29,https://timesofindia.indiatimes.com/city/kanpur/drive-against-adulterated-food-items-conducted/articleshow/124217944.cms,Ghee,unclear,0.65,Qwen/Qwen3.5-27B-FP8,validated,1,suspected,ghee,,adulteration,"Kanpur, Uttar Pradesh, India",special enforcement campaign,,,,0,0,3,7,2026-08-03T07:58:46Z
292b562c-132b-47cc-9030-d2544e801e7e,223kg of spurious ghee seized | Ahmedabad News - The Times of India,indiatimes.com,2025-09-26,https://timesofindia.indiatimes.com/city/ahmedabad/223kg-of-spurious-ghee-seized/articleshow/124130383.cms,Ghee,relevant_event,0.95,Qwen/Qwen3.5-27B-FP8,validated,1,suspected,ghee,unknown,adulteration,"Ahmedabad, Gujarat, India",seizure,relevant,0.8591113,ghee_relevance_tfidf_minilm_ensemble_v1,1,0,3,5,2026-08-03T00:00:17Z
oil-4868fc6b9046a8f9,"14 students of a government school in Hazaribag take ill after consuming snacks , hospitalized",indiatimes.com,2025-09-24,https://timesofindia.indiatimes.com/city/ranchi/14-students-of-a-government-school-in-hazaribag-take-ill-after-consuming-snacks-hospitalized/articleshow/124097235.cms,Edible Oil,unclear,0.95,Qwen/Qwen3.5-27B-FP8,validated,1,pending_test,mustard oil,,contamination | substandard,"Hazaribag, Jharkhand, India",inspection | sample_collection,,,,0,0,6,10,2026-07-29T02:39:01Z
c6e1c64f-1094-4a24-9d3e-8103fb4d94ab,"Spurious ghee seized, stale paneer destroyed | Jaipur News - The Times of India",indiatimes.com,2025-09-24,https://timesofindia.indiatimes.com/city/jaipur/spurious-ghee-seized-stale-paneer-destroyed/articleshow/124077867.cms,Ghee,relevant_event,0.95,Qwen/Qwen3.5-27B-FP8,validated,1,alleged,ghee,spurious ghee,adulteration | counterfeit,"Jaipur, Rajasthan, India",seizure,relevant,0.66839081,ghee_relevance_tfidf_minilm_ensemble_v1,1,0,3,16,2026-08-02T17:08:18Z
46441742-607f-484f-80fe-b1334048144a,Ranchi District Boosts Food Safety Measures Ahead of Durga Puja with Raids on Sweet Shops | Ranchi News - The Times of India,indiatimes.com,2025-09-24,https://timesofindia.indiatimes.com/city/ranchi/ranchi-district-boosts-food-safety-measures-ahead-of-durga-puja-with-raids-on-sweet-shops/articleshow/124097658.cms,Ghee,relevant_event,0.95,Qwen/Qwen3.5-27B-FP8,validated,1,suspected,ghee | vanaspati,,adulteration | unsafe_food,"Ranchi, Jharkhand, India",seizure | shut down,relevant,0.5223467,ghee_relevance_tfidf_minilm_ensemble_v1,1,0,1,6,2026-08-04T00:53:11Z
3eb0a1bb-1a84-48a5-8067-dba0d3fe7f0e,Spurious desi ghee seized in Pratapgarh | Prayagraj News - The Times of India,indiatimes.com,2025-09-24,https://timesofindia.indiatimes.com/city/allahabad/spurious-desi-ghee-seized-in-pratapgarh/articleshow/124096738.cms,Ghee,unclear,0.85,Qwen/Qwen3.5-27B-FP8,validated,1,alleged,ghee,,counterfeit | mislabeling,"Pratapgarh, Uttar Pradesh, India",FIR under section 63 of the Copyright Act,relevant,0.65726283,ghee_relevance_tfidf_minilm_ensemble_v1,0,0,5,5,2026-08-02T16:48:09Z
254f3e34-f92c-4d03-93cc-a3833e71c4a5,"Ahead of festivals, 7,600 litres of adulterated ‘ghee’, 900 litres of oil seized in Delhi; 1 arrested",indianexpress.com,2025-09-14,https://indianexpress.com/article/cities/delhi/ahead-of-festivals-7600-liters-of-adulterated-ghee-900-litres-of-oil-recovered-in-delhi-one-arrested-10249950/,Ghee,unclear,0.95,Qwen/Qwen3.5-27B-FP8,validated,1,alleged,ghee,vanaspati | groundnut oil,adulteration,"Delhi, North West Delhi, India",raid | seizure | arrest,,,,0,0,8,10,2026-08-02T00:44:41Z
c349f006-e1f4-498e-970a-626a724e2231,FDCA seizes 5.5 tonnes of ‘adulterated ghee’ worth Rs 35 lakh in Banaskantha,indianexpress.com,2025-09-06,https://indianexpress.com/article/cities/ahmedabad/fdca-seizes-5-5-tonnes-of-adulterated-ghee-worth-rs-35-lakh-in-banaskantha-10234495/,Ghee,relevant_event,0.95,Qwen/Qwen3.5-27B-FP8,validated,1,suspected,ghee,palm oil,adulteration,"Banaskantha, Gujarat, India",seizure,relevant,0.89799685,ghee_relevance_tfidf_minilm_ensemble_v1,2,0,4,11,2026-08-03T10:36:09Z
oil-d7067a97a2f5acc2,Onam vigil: five special squads in action to expose low-quality food products,thehindu.com,2025-09-03,https://www.thehindu.com/news/national/kerala/onam-vigil-five-special-squads-in-action-to-expose-low-quality-food-products/article70008118.ece,Edible Oil,relevant_event,0.92,Qwen/Qwen3.5-27B-FP8,validated,1,suspected,coconut oil,testa oil,adulteration | substitution | mislabeling,"Kozhikode, Kerala, India",Action will be initiated soon,,,,3,0,3,14,2026-07-29T18:18:43Z
706f0136-7ae5-45f2-b804-e3a8c9a14d1c,'Bhandara' Turns Nightmare! 250 Villagers Fall Ill After Eating Halwa Made with Adulterated Ghee in MP's Shivpuri,freepressjournal.in,2025-09-01,https://www.freepressjournal.in/bhopal/bhandara-turns-nightmare-250-villagers-fall-ill-after-eating-halwa-made-with-adulterated-ghee-in-mps-shivpuri,Ghee,relevant_event,0.95,Qwen/Qwen3.5-27B-FP8,validated,1,alleged,ghee | halwa,adulterated ghee,adulteration | substitution,"Shivpuri, Madhya Pradesh, India",sample collection | medical treatment,irrelevant,0.41214971,ghee_relevance_tfidf_minilm_ensemble_v1,3,0,5,2,2026-08-02T22:50:15Z
38d24327-d93d-472b-99ac-246351c7dbfd,FDCA crackdown: 12 tonnes of adulterated ghee worth Rs 81 lakh seized in Gujarat | Ahmedabad News - The Times of India,indiatimes.com,2025-09-01,https://timesofindia.indiatimes.com/city/ahmedabad/fdca-crackdown-12-tonnes-of-adulterated-ghee-worth-rs-81-lakh-seized-in-gujarat/articleshow/123621079.cms,Ghee,relevant_event,,RedHatAI/Mistral-Small-3.2-24B-Instruct-2506-FP8,validated,3,pending_test,ghee,,adulteration,"Gujarat, India | India",seizure,,,,4,0,8,8,2026-08-05T09:03:21Z
oil-9522cb6fbdcc239f,Coconut oil unit sealed in Kanniyakumari for violations,thehindu.com,2025-08-21,https://www.thehindu.com/news/cities/Madurai/coconut-oil-unit-sealed-in-kanniyakumari-for-violations/article69960089.ece,Edible Oil,relevant_event,0.95,Qwen/Qwen3.5-27B-FP8,validated,1,suspected,coconut oil,,adulteration | substandard | mislabeling,"Kanniyakumari, Tamil Nadu, India",sealing of coconut oil unit | seizure,,,,1,0,3,6,2026-07-29T10:46:21Z
caae3943-065a-475a-a6fe-f5706ce3db97,FSSAI suspends AR Dairy’s licence for ghee over adulteration and false information | Today News,livemint.com,2025-08-17,https://www.livemint.com/news/fssai-suspends-ar-dairy-licence-ghee-adulteration-false-information-11755422633259.html,Ghee,relevant_event,0.95,Qwen/Qwen3.5-27B-FP8,validated,1,alleged,ghee,ghee from Sri Vyshnavi Dairy Specialties,adulteration | mislabeling | unclear,"Dindigul, Tamil Nadu, India",license suspension,irrelevant,0.39428365,ghee_relevance_tfidf_minilm_ensemble_v1,2,0,12,19,2026-08-02T05:52:24Z
cbe3767a-9b58-4045-95d1-c0be5b6fa0dd,"Maharashtra News: FDA To Train 1 Lakh Food Handlers Under FoSTaC, Expand Safety Checks To Temples",freepressjournal.in,2025-08-15,https://www.freepressjournal.in/mumbai/maharashtra-news-fda-to-train-1-lakh-food-handlers-under-fostac-expand-safety-checks-to-temples,Ghee,unclear,0.65,Qwen/Qwen3.5-27B-FP8,validated,1,suspected,ghee,,adulteration | substandard,"Shirdi, Ahmednagar, Maharashtra, India",E-Trade Place of Worship programme,irrelevant,0.4047346,ghee_relevance_tfidf_minilm_ensemble_v1,1,0,2,17,2026-08-04T18:35:37Z
oil-8e1bcc090b3c0db2,16k litres of fake coconut oil seized | Thiruvananthapuram News - Times of India,indiatimes.com,2025-08-14,https://timesofindia.indiatimes.com/city/thiruvananthapuram/16k-litres-of-fake-coconut-oil-seized/articleshow/123288376.cms,Edible Oil,relevant_event,0.95,Qwen/Qwen3.5-27B-FP8,validated,1,alleged,coconut oil,fake coconut oil,adulteration | counterfeit | mislabeling,"Kollam, Kerala, India",seizure,relevant,0.912246842110634,"ens_wavg[tfidf_linsvm/full+bge-large_rbfsvm/oilemb+roberta-base_lead_512/full|0.17,0.67,0.17]",1,0,4,5,2026-07-29T09:49:30Z
oil-a9685f88d15906f6,"Food Safety wing seizes 16,565 litres of spurious coconut oil in raids  ",thehindu.com,2025-08-12,https://www.thehindu.com/news/national/kerala/food-safety-wing-seizes-16565-litres-of-spurious-coconut-oil-in-raids/article69925354.ece,Edible Oil,relevant_event,0.95,Qwen/Qwen3.5-27B-FP8,validated,1,suspected,coconut oil,,substandard | adulteration,"seven districts in Kerala, Kerala, India",seizure,relevant,0.856106898267018,"ens_wavg[tfidf_linsvm/full+bge-large_rbfsvm/oilemb+roberta-base_lead_512/full|0.17,0.67,0.17]",1,0,2,3,2026-07-29T13:13:03Z
adf0eca1-40c4-42d3-b7c2-278c8ed876d9,Paneer and ghee most adulterated foods: Is homemade the safer option?,indiatoday.in,2025-08-08,https://www.indiatoday.in/health/story/paneer-adulteration-punjab-quality-test-homemade-dairy-advised-2768277-2025-08-08?utm_source=rss,Ghee,unclear,0.65,Qwen/Qwen3.5-27B-FP8,validated,1,alleged,ghee,,substandard | unsafe_food,"Punjab, India",,irrelevant,0.38879664,ghee_relevance_tfidf_minilm_ensemble_v1,3,0,12,12,2026-08-03T22:56:34Z
oil-ff34df409a4806f1,Coconut oil mills in Kangayam struggle to stem slide in production despite healthy market conditions,thehindu.com,2025-08-07,https://www.thehindu.com/news/cities/Coimbatore/coconut-oil-mills-in-kangayam-struggle-to-stem-slide-in-production-despite-healthy-market-conditions/article69906326.ece,Edible Oil,relevant_event,0.95,Qwen/Qwen3.5-27B-FP8,validated,1,alleged,coconut oil,sunflower oil | palm oil,adulteration | substitution | dilution,"Kangayam, Tiruppur, Tamil Nadu, India",,relevant,0.6941,Weighted ensemble: TF-IDF Linear SVM + BGE-large RBF-SVM + RoBERTa-base,3,0,2,8,2026-07-29T23:23:15Z
178d6244-50cd-4bea-8e16-f951f6227a8c,"Punjab: Maximum adulteration in ‘paneer’, ‘desi ghee’, says health minister",hindustantimes.com,2025-08-07,https://www.hindustantimes.com/cities/chandigarh-news/punjab-maximum-adulteration-in-paneer-desi-ghee-says-health-minister-101754510094173.html,Ghee,relevant_event,,RedHatAI/Mistral-Small-3.2-24B-Instruct-2506-FP8,validated,1,recall_triggered,ghee,,adulteration,"Punjab, India",adulteration_finding,irrelevant,0.32199379,ghee_relevance_tfidf_minilm_ensemble_v1,1,0,4,15,2026-08-05T10:02:00Z
oil-fc714f38909e4348,Dry fruit oil traders under scanner ahead of Rakshabandhan,indiatimes.com,2025-08-05,https://timesofindia.indiatimes.com/city/noida/dry-fruit-oil-traders-under-scanner-ahead-of-rakshabandhan/articleshow/123103360.cms,Edible Oil,unclear,0.85,Qwen/Qwen3.5-27B-FP8,validated,2,suspected,rice bran oil | soybean oil,,adulteration | mislabeling,"Greater Noida, Gautam Buddha Nagar, Uttar Pradesh, India | Noida, Gautam Buddha Nagar, Uttar Pradesh, India",seizure,,,,0,0,4,14,2026-07-29T23:07:25Z
036a9366-67c7-421c-aeec-717739b29a94,"106 Kg Of Sweets Seized, 18 Samples Collected From Various Sweet Shops In MP's Indore",freepressjournal.in,2025-08-05,https://www.freepressjournal.in/indore/106-kg-of-sweets-seized-18-samples-collected-from-various-sweet-shops-in-mps-indore,Ghee,unclear,0.65,Qwen/Qwen3.5-27B-FP8,validated,1,suspected,ghee,,substitution | adulteration,"Indore, Madhya Pradesh, India",inspection | sampling,irrelevant,0.23855497,ghee_relevance_tfidf_minilm_ensemble_v1,0,0,2,8,2026-08-02T23:22:50Z
6b278674-80ca-43c9-8ac9-925575351b64,"8 Quintals Of Fake Ghee Worth ₹6 Lakh Destroyed After Failing Lab Test In MP's Panna, Trader Fined ₹1.5 Lakh",freepressjournal.in,2025-07-28,https://www.freepressjournal.in/bhopal/8-quintals-of-fake-ghee-worth-6-lakh-destroyed-after-failing-lab-test-in-mps-panna-trader-fined-15-lakh,Ghee,unclear,0.95,Qwen/Qwen3.5-27B-FP8,validated,1,alleged,ghee,,substandard | adulteration,"Panna, Madhya Pradesh, India",Fine of ₹1.5 lakh | Destruction of stock,,,,0,0,5,5,2026-08-01T23:20:41Z
oil-17abc10a59ca2c80,Court fines 2 for selling adulterated mustard oil in Ghaziabad | Noida News - The Times of India,indiatimes.com,2025-07-26,https://timesofindia.indiatimes.com/city/noida/court-fines-2-for-selling-adulterated-mustard-oil-in-ghaziabad/articleshow/122912688.cms,Edible Oil,relevant_event,0.95,Qwen/Qwen3.5-27B-FP8,validated,1,unclear,mustard oil,,substandard | unsafe_food,"Ghaziabad, Uttar Pradesh, India","fine of Rs 20,000 each under Section 51 of the FSSA | fine of Rs 5,000 each under Section 59 (i) of the Act",relevant,0.7923283444275631,"ens_wavg[tfidf_linsvm/full+bge-large_rbfsvm/oilemb+roberta-base_lead_512/full|0.17,0.67,0.17]",2,0,6,7,2026-07-28T21:50:57Z
oil-8e1ede70f7533502,"Coconut oil price skyrockets, crosses Rs 500 per litre",newindianexpress.com,2025-07-25,https://www.newindianexpress.com/states/kerala/2025/Jul/25/coconut-oil-price-skyrockets-crosses-rs-500-per-litre,Edible Oil,relevant_event,0.75,Qwen/Qwen3.5-27B-FP8,validated,1,suspected,coconut oil,unknown,adulteration,"Kochi, Ernakulam, Kerala, India",,irrelevant,0.417,Weighted ensemble: TF-IDF Linear SVM + BGE-large RBF-SVM + RoBERTa-base,1,0,0,11,2026-07-29T09:51:05Z
b5690da5-d268-4dcc-94fb-7b35138c3dfc,600kg adulterated dairy products seized in Ranchi | Ranchi News - Times of India,indiatimes.com,2025-07-18,https://timesofindia.indiatimes.com/city/ranchi/600kg-adulterated-dairy-products-seized-in-ranchi/articleshow/122668651.cms,Ghee,unclear,0.75,Qwen/Qwen3.5-27B-FP8,validated,1,suspected,ghee | paneer | cream,unknown,adulteration | substitution,"Ranchi, Jharkhand, India",seizure | destruction,,,,1,0,1,18,2026-08-01T22:53:23Z
oil-70649ae86f99dffc,"Maharashtra News: Minister Narhari Zirwal Announces Suspension Of 2 FDA Officials, Closure Of Nandurbar Factory Over Oil Adulteration",freepressjournal.in,2025-07-07,https://www.freepressjournal.in/mumbai/maharashtra-news-minister-narhari-zirwal-announces-suspension-of-2-fda-officials-closure-of-nandurbar-factory-over-oil-adulteration,Edible Oil,relevant_event,0.95,Qwen/Qwen3.5-27B-FP8,validated,1,suspected,soybean oil | groundnut oil,,adulteration | substandard,"Akkalkuwa, Nandurbar, Maharashtra, India",suspension | closure,relevant,0.6975422954563553,"ens_wavg[tfidf_linsvm/full+bge-large_rbfsvm/oilemb+roberta-base_lead_512/full|0.17,0.67,0.17]",1,0,3,14,2026-07-29T06:03:03Z
oil-431077a2a1ab59e9,Substandard edible oil found in Nandurbar: Minister warns of action,indianexpress.com,2025-07-07,https://indianexpress.com/article/cities/mumbai/substandard-edible-oil-found-in-nandurbar-minister-warns-of-action-10112216/,Edible Oil,relevant_event,0.95,Qwen/Qwen3.5-27B-FP8,validated,1,suspected,edible oil | refined soybean oil | groundnut oil,,substandard,"Nandurbar, Maharashtra, India",Legal action under Food Safety and Standards Act,relevant,0.9234249919399004,"ens_wavg[tfidf_linsvm/full+bge-large_rbfsvm/oilemb+roberta-base_lead_512/full|0.17,0.67,0.17]",1,0,3,6,2026-07-29T02:18:02Z
oil-2027fa14e94958fd,Maharashtra News: Rural Development Minister Jaikumar Gore Announces Suspension Of 2 Engineers Over Irregular Payments,freepressjournal.in,2025-07-07,https://www.freepressjournal.in/mumbai/maharashtra-news-rural-development-minister-jaikumar-gore-announces-suspension-of-2-engineers-over-irregular-payments,Edible Oil,unclear,0.85,Qwen/Qwen3.5-27B-FP8,validated,1,suspected,soybean oil | peanut oil,,substandard,"Nandurbar, Maharashtra, India",suspension | closure,irrelevant,0.4057576413847123,"ens_wavg[tfidf_linsvm/full+bge-large_rbfsvm/oilemb+roberta-base_lead_512/full|0.17,0.67,0.17]",0,0,6,4,2026-07-28T22:04:10Z
920f5e05-04f9-4545-b26d-ea48a1f18a2f,575 liters of adulterated ghee and 7000 kg of ginger-garlic paste seized in Hyderabad: How to do purity check at home - The Times of India,indiatimes.com,2025-07-04,https://timesofindia.indiatimes.com/life-style/food-news/575-liters-of-adulterated-ghee-and-7000-kg-of-ginger-garlic-paste-seized-in-hyderabad-how-to-do-a-purity-check-at-home/articleshow/122246421.cms,Ghee,relevant_event,0.95,Qwen/Qwen3.5-27B-FP8,validated,1,alleged,ghee,preservatives,adulteration,"Hyderabad, Telangana, India",seizure,relevant,0.73252362,ghee_relevance_tfidf_minilm_ensemble_v1,4,0,9,24,2026-08-03T00:56:45Z
e416da3e-5f05-4c48-a1d7-240f3f1d187f,"Adulterated ghee, paneer seized in raids on Hyderabad manufacturing units",siasat.com,2025-07-03,https://www.siasat.com/adulterated-ghee-paneer-seized-in-raids-on-hyderabad-manufacturing-units-3241491/,Ghee,unclear,0.85,Qwen/Qwen3.5-27B-FP8,validated,1,alleged,ghee,,adulteration,"Hyderabad, Telangana, India",seizure,relevant,0.70222193,ghee_relevance_tfidf_minilm_ensemble_v1,0,0,2,8,2026-08-03T01:49:31Z
d9794536-257f-4a12-8d46-a7c0c649fb97,"Rachakonda food safety raids: 575l of adulterated ghee, over 7000kg of adulterated ginger-garlic paste seized",thehindu.com,2025-07-03,https://www.thehindu.com/news/national/telangana/rachakonda-food-safety-raids-575l-of-adulterated-ghee-over-7000kg-of-adulterated-ginger-garlic-paste-seized/article69768075.ece,Ghee,relevant_event,0.95,Qwen/Qwen3.5-27B-FP8,validated,1,alleged,ghee,adulterated ghee,adulteration,"Hyderabad, Ranga Reddy, Telangana, India",seizure | arrest,relevant,0.73101288,ghee_relevance_tfidf_minilm_ensemble_v1,2,0,3,15,2026-08-02T14:36:03Z
7a495e6d-c49f-4061-8007-6beac5128aca,Over 70 Fall Sick After Eating At 'Bhandara' In MP's Bhind; Adulterated Ghee Suspected,freepressjournal.in,2025-07-01,https://www.freepressjournal.in/bhopal/over-70-fall-sick-after-eating-at-bhandara-in-mps-bhind-adulterated-ghee-suspected,Ghee,unclear,0.85,Qwen/Qwen3.5-27B-FP8,validated,1,suspected,ghee,,adulteration,"Bhind, Madhya Pradesh, India",health camp,irrelevant,0.42066647,ghee_relevance_tfidf_minilm_ensemble_v1,2,0,3,13,2026-08-02T14:05:16Z
56e9d563-a5fc-487d-8fc5-7a3781c7dc81,'Villagers suspect adulterated ghee in dish': Over 70 fall ill after eating prasad in Madhya Pradesh; 15 hospitalised | Bhopal News - Times of India,indiatimes.com,2025-07-01,https://timesofindia.indiatimes.com/city/bhopal/villagers-suspect-adulterated-ghee-in-dish-over-70-fall-ill-after-eating-prasad-in-madhya-pradesh-15-hospitalized/articleshow/122181457.cms,Ghee,unclear,,RedHatAI/Mistral-Small-3.2-24B-Instruct-2506-FP8,validated,0,,,,,,,relevant,0.53598043,ghee_relevance_tfidf_minilm_ensemble_v1,0,0,5,10,2026-08-05T09:30:19Z
824601ea-5309-4ddf-bc61-486c992e309c,CBI opposes grant of bail to accused in ghee case | Vijayawada News - Times of India,indiatimes.com,2025-06-25,https://timesofindia.indiatimes.com/city/vijayawada/cbi-opposes-grant-of-bail-to-accused-in-ghee-case/articleshow/122053276.cms,Ghee,relevant_event,0.95,Qwen/Qwen3.5-27B-FP8,validated,1,alleged,ghee,palm oil | chemicals,adulteration | substitution,"Vijayawada, Krishna, Andhra Pradesh, India",bail_opposition | charge_sheet_filed,,,,3,0,3,10,2026-08-02T01:45:48Z
oil-a882a3e8b7aeb487,Coconut oil prices on the boil as retail price soars to ₹410/litre,thehindubusinessline.com,2025-06-17,https://www.thehindubusinessline.com/economy/agri-business/coconut-oil-prices-on-the-boil-as-retail-price-soars-to-410litre/article69703785.ece,Edible Oil,relevant_event,0.95,Qwen/Qwen3.5-27B-FP8,validated,1,alleged,coconut oil,inferior and adulterated oils,adulteration | substandard,"Kerala, India",banning of 42 brands of coconut oil,irrelevant,0.4134,Weighted ensemble: TF-IDF Linear SVM + BGE-large RBF-SVM + RoBERTa-base,1,0,0,12,2026-07-29T13:10:08Z
394a5ff5-76f3-4885-87ed-4a6879611c22,â_x0080__x0098_FSSAI is working towards felicitating whistle-blowers who report adulterationâ_x0080__x0099_ | Ranchi News - The Times of India,indiatimes.com,2025-06-15,https://timesofindia.indiatimes.com/city/ranchi/fssai-is-working-towards-felicitating-whistle-blowers-who-report-adulteration/articleshow/121853932.cms,Ghee,relevant_event,0.95,Qwen/Qwen3.5-27B-FP8,validated,1,suspected,ghee,artificial fragrances,adulteration,"Jharkhand, India",,irrelevant,0.27151167,ghee_relevance_tfidf_minilm_ensemble_v1,11,0,3,8,2026-08-04T20:19:03Z
8adba0d8-bfc2-4a38-93c8-06dc35c00981,Paneer Purity Test: 450 kg paneer seized in Chandigarh: 5 ways to check the purity of paneer | - Times of India,indiatimes.com,2025-06-14,https://timesofindia.indiatimes.com/life-style/food-news/450-kg-paneer-seized-in-chandigarh-5-ways-to-check-the-purity-of-paneer/articleshow/121838080.cms,Ghee,unclear,0.65,Qwen/Qwen3.5-27B-FP8,validated,1,pending_test,ghee | paneer,,adulteration,"Chandigarh, India",issuance of challans,irrelevant,0.41075714,ghee_relevance_tfidf_minilm_ensemble_v1,4,0,15,10,2026-08-04T19:15:24Z
8fdc2050-85a0-40c4-b965-213a8f87fbad,450kg paneer seized in raid in Chandigarhâ_x0080__x0099_s Sector 26 | Chandigarh News - Times of India,indiatimes.com,2025-06-12,https://timesofindia.indiatimes.com/city/chandigarh/450kg-paneer-seized-in-raid-in-chandigarhs-sector-26/articleshow/121786950.cms,Ghee,unclear,0.65,Qwen/Qwen3.5-27B-FP8,validated,1,pending_test,ghee,,substitution | adulteration,"Chandigarh, India",seizure,irrelevant,0.37677119,ghee_relevance_tfidf_minilm_ensemble_v1,1,0,5,12,2026-08-04T13:20:18Z
301bb818-ff44-4346-9ffe-ad58bf13cfb2,Use of adulterated ghee for preparation raises concerns,thehansindia.com,2025-06-12,https://www.thehansindia.com/andhra-pradesh/use-of-adulterated-ghee-for-preparation-raises-concerns-978984,Ghee,relevant_event,0.95,Qwen/Qwen3.5-27B-FP8,validated,1,lab_confirmed,ghee,low-quality ghee | vanaspati | palm oil,adulteration | substandard,"Rajamahendravaram, East Godavari, Andhra Pradesh, India",seizure | notices | criminal cases,relevant,0.76237897,ghee_relevance_tfidf_minilm_ensemble_v1,2,0,10,8,2026-08-02T21:45:48Z
6943a29d-5fea-46a5-a64c-c5b270062b11,"FDCA raid ghee unit, seize 2,700 kg stock on suspicion of adulteration | Ahmedabad News - Times of India",indiatimes.com,2025-06-04,https://timesofindia.indiatimes.com/city/ahmedabad/fdca-raid-ghee-unit-seize-2700-kg-stock-on-suspicion-of-adulteration/articleshow/121630867.cms,Ghee,unclear,0.85,Qwen/Qwen3.5-27B-FP8,validated,1,suspected,ghee,,substitution | adulteration,"Ahmedabad, Surendranagar, Gujarat, India",raid | seizure,,,,0,0,0,10,2026-08-02T05:31:15Z
oil-438415c185832786,AMC seizes 105 tins of suspicious cooking oil from Behrampura - The Times of India,indiatimes.com,2025-04-26,https://timesofindia.indiatimes.com/city/ahmedabad/amc-seizes-105-tins-of-suspicious-cooking-oil-from-behrampura/articleshow/120648762.cms,Edible Oil,unclear,0.85,Qwen/Qwen3.5-27B-FP8,validated,1,suspected,refined palm oil | refined soybean oil,,substandard,"Ahmedabad, Gujarat, India",seizure,relevant,0.6183954414544142,"ens_wavg[tfidf_linsvm/full+bge-large_rbfsvm/oilemb+roberta-base_lead_512/full|0.17,0.67,0.17]",1,0,6,13,2026-07-29T02:20:39Z
620bfde0-ec72-4b52-bfa4-e06ce3b56960,"Factory making spurious ghee busted in Chittor, one detained - The Times of India",indiatimes.com,2025-04-23,https://timesofindia.indiatimes.com/city/jaipur/factory-making-spurious-ghee-busted-in-chittor-one-detained/articleshow/120529039.cms,Ghee,relevant_event,0.95,Qwen/Qwen3.5-27B-FP8,validated,1,alleged,ghee,animal fat | palm oil | synthetic essence,adulteration,"Chittor, Chittorgarh, Rajasthan, India",seizure | detention | case registration,relevant,0.94484471,ghee_relevance_tfidf_minilm_ensemble_v1,3,0,3,4,2026-08-03T11:16:57Z
oil-4d6bfb72c0733299,Health dept seizes 352 boxes of refined oil after 6 hospitalised,hindustantimes.com,2025-04-22,https://www.hindustantimes.com/cities/chandigarh-news/health-dept-seizes-352-boxes-of-refined-oil-after-6-hospitalised-101745259236048.html,Edible Oil,relevant_event,0.95,Qwen/Qwen3.5-27B-FP8,validated,1,suspected,refined soyabean oil | Binni refined oil,Vitamin D,adulteration | contamination,"Rajpura, Patiala, Punjab, India",confiscation | public announcement,irrelevant,0.3488802283324012,"ens_wavg[tfidf_linsvm/full+bge-large_rbfsvm/oilemb+roberta-base_lead_512/full|0.17,0.67,0.17]",6,0,16,4,2026-07-29T03:09:39Z
8ba78515-1d12-4aee-9e8f-e0f3e3ab8b3d,FDA intensifies food outlet inspections within Chinnaswamy Stadium; imposes penalties for hygiene violations,newindianexpress.com,2025-04-20,https://www.newindianexpress.com/cities/bengaluru/2025/Apr/20/fda-intensifies-food-outlet-inspections-within-chinnaswamy-stadium-imposes-penalties-for-hygiene-violations,Ghee,unclear,0.85,Qwen/Qwen3.5-27B-FP8,validated,1,alleged,ghee,,adulteration | substandard | contamination | mislabeling | unsafe_food,"Bengaluru, Karnataka, India",penalties | notices,irrelevant,0.34875003,ghee_relevance_tfidf_minilm_ensemble_v1,0,0,1,9,2026-08-04T15:09:36Z
b4a8aa1a-7262-4318-9579-9fff20f959a6,"1,300kg of cream seized, unit sealed | Ahmedabad News - The Times of India",indiatimes.com,2025-03-30,https://timesofindia.indiatimes.com/city/ahmedabad/1300kg-of-cream-seized-unit-sealed/articleshow/119723566.cms,Ghee,relevant_event,0.9,Qwen/Qwen3.5-27B-FP8,validated,1,suspected,cream | vegetable ghee,palm oil | vegetable ghee,adulteration,"Ahmedabad, Gujarat, India",seizure | unit sealed,relevant,0.54129752,ghee_relevance_tfidf_minilm_ensemble_v1,2,0,8,5,2026-08-02T23:19:10Z
79cfeedd-0cef-4026-962d-c86d241c4e56,"Fake Ghee: 3,100 kg adulterated ghee seized in Ahmedabad: 7 ways to identify fake ghee at home | - The Times of India",indiatimes.com,2025-03-28,https://timesofindia.indiatimes.com/life-style/food-news/3100-kg-adulterated-ghee-seized-in-ahmedabad-7-ways-to-identify-fake-ghee-at-home/articleshow/119640035.cms,Ghee,relevant_event,,RedHatAI/Mistral-Small-3.2-24B-Instruct-2506-FP8,validated,1,pending_test,ghee,,adulteration,India,seizure,,,,2,0,14,7,
2be2cb52-c6cf-45ec-afa3-647ee408a014,"Kheda trader selling adulterated ghee fined, licence suspended | Ahmedabad News - Times of India",indiatimes.com,2025-03-27,https://timesofindia.indiatimes.com/city/ahmedabad/kheda-trader-selling-adulterated-ghee-fined-licence-suspended/articleshow/119554355.cms,Ghee,unclear,0.85,Qwen/Qwen3.5-27B-FP8,validated,1,alleged,ghee,,adulteration,"Kheda, Gujarat, India",fine of Rs 2 lakh | suspension of FSSAI licence,,,,2,0,4,4,2026-08-02T11:09:25Z
oil-05aa031a4b58524e,"Fake oil found in Bihar, here's how to spot it.",indiatoday.in,2025-03-25,https://www.indiatoday.in/newsmo/video/fake-oil-found-in-bihar-heres-how-to-spot-it-2698982-2025-03-25?utm_source=rss,Edible Oil,relevant_event,0.95,Qwen/Qwen3.5-27B-FP8,validated,1,suspected,edible oil,,counterfeit | substandard,"Rohtas district, Bihar, India",seizure,irrelevant,0.067321759216214,"ens_wavg[tfidf_linsvm/full+bge-large_rbfsvm/oilemb+roberta-base_lead_512/full|0.17,0.67,0.17]",1,0,0,1,2026-07-28T18:41:44Z
ad272c1f-d131-47b3-848f-b56469ac3ad2,"Guwahati: 3,850 Bottles Of Cough Syrup Seized At ISBT, Three Arrested",sentinelassam.com,2025-03-23,https://www.sentinelassam.com/cities/guwahati-city/guwahati-3850-bottles-of-cough-syrup-seized-at-isbt-three-arrested,Ghee,unclear,0.65,Qwen/Qwen3.5-27B-FP8,validated,1,alleged,ghee,cough syrup,adulteration,"Guwahati, Kamrup Metropolitan, Assam, India",seizure | arrest,relevant,0.5125859,ghee_relevance_tfidf_minilm_ensemble_v1,0,0,1,9,2026-08-04T17:02:31Z
dc7944fe-f178-4056-a612-ed429231da00,Action Against Adulteration In Indore: Food Safety Officers Take 700 kg Mawa Into Custody,freepressjournal.in,2025-03-14,https://www.freepressjournal.in/indore/action-against-adulteration-in-indore-food-safety-officers-take-700-kg-mawa-into-custody,Ghee,unclear,0.65,Qwen/Qwen3.5-27B-FP8,validated,1,pending_test,ghee | butter,,substitution | adulteration,"Indore, Madhya Pradesh, India",sampling,irrelevant,0.18397746,ghee_relevance_tfidf_minilm_ensemble_v1,1,0,4,14,2026-08-03T01:34:41Z
oil-f9ab44d774810d93,"Crackdown on food adulteration: 112 kg rice bran oil destroyed, substandard sauces seized in Lucknow",hindustantimes.com,2025-03-12,https://www.hindustantimes.com/cities/lucknow-news/crackdown-on-food-adulteration-112-kg-rice-bran-oil-destroyed-substandard-sauces-seized-in-lucknow-101741721802362.html,Edible Oil,relevant_event,0.95,Qwen/Qwen3.5-27B-FP8,validated,1,alleged,rice bran oil,,substandard | unsafe_food,"Lucknow, Uttar Pradesh, India",seizure | destruction,relevant,0.8627560311883874,"ens_wavg[tfidf_linsvm/full+bge-large_rbfsvm/oilemb+roberta-base_lead_512/full|0.17,0.67,0.17]",0,0,15,15,2026-07-29T22:38:28Z
oil-c84820229ce8af05,Shop owner held for selling expired edible oils with tampered labels,siasat.com,2025-03-12,https://www.siasat.com/shop-owner-held-for-selling-expired-edible-oils-with-tampered-labels-3193611/,Edible Oil,relevant_event,0.95,Qwen/Qwen3.5-27B-FP8,validated,1,alleged,edible oil | Fresh Heart brand oil,,substandard | mislabeling | counterfeit,"Hyderabad, Telangana, India",arrest | seizure | legal action,relevant,0.6596,Weighted ensemble: TF-IDF Linear SVM + BGE-large RBF-SVM + RoBERTa-base,2,0,4,4,2026-07-29T16:01:19Z
oil-5847641c3b5b8b8f,"Edible oil racket busted, 1 arrested in joint drive",thehansindia.com,2025-03-12,https://www.thehansindia.com/telangana/edible-oil-racket-busted-1-arrested-in-joint-drive-953178,Edible Oil,relevant_event,0.95,Qwen/Qwen3.5-27B-FP8,validated,1,alleged,edible oil,,mislabeling | substandard | unsafe_food,"Hyderabad, Telangana, India",raid | arrest | seizure,irrelevant,0.4952726051913269,"ens_wavg[tfidf_linsvm/full+bge-large_rbfsvm/oilemb+roberta-base_lead_512/full|0.17,0.67,0.17]",1,0,5,4,2026-07-29T03:26:49Z
oil-156fd0980ec51fe6,Shop owner held for selling expired edible oils with tampered labels in Hyderabad,etemaaddaily.com,2025-03-12,https://www.en.etemaaddaily.com/world/hyderabad/shop-owner-held-for-selling-expired-edible-oils-with-tampered-labels-in-hyderabad:171904,Edible Oil,relevant_event,0.95,Qwen/Qwen3.5-27B-FP8,validated,1,alleged,edible oil,,substandard | mislabeling,"Hyderabad, Telangana, India",arrest,irrelevant,0.3034,Weighted ensemble: TF-IDF Linear SVM + BGE-large RBF-SVM + RoBERTa-base,2,0,1,2,2026-07-28T21:19:27Z
oil-0536bbfbc5745875,Shop owner arrested for selling expired edible oils,thehindu.com,2025-03-11,https://www.thehindu.com/news/national/telangana/shop-owner-arrested-for-selling-expired-edible-oils/article69317546.ece,Edible Oil,relevant_event,0.95,Qwen/Qwen3.5-27B-FP8,validated,1,alleged,edible oil | Fresh Heart brand oil,,substandard | mislabeling,"Hyderabad, Telangana, India",arrest | seizure,relevant,0.6027,Weighted ensemble: TF-IDF Linear SVM + BGE-large RBF-SVM + RoBERTa-base,2,0,5,3,2026-07-28T18:38:26Z
a3c981b8-2910-48d0-8e53-75e9fd25c705,"Noida: Holi next week, paneer & ghee samples under scanner again - The Times of India",indiatimes.com,2025-03-11,https://timesofindia.indiatimes.com/city/noida/noida-holi-next-week-paneer-ghee-samples-under-scanner-again/articleshow/118889718.cms,Ghee,unclear,,RedHatAI/Mistral-Small-3.2-24B-Instruct-2506-FP8,validated,1,suspected,ghee,,adulteration,India,seized,irrelevant,0.47537767,ghee_relevance_tfidf_minilm_ensemble_v1,1,0,4,15,
4fa075c9-a30f-47e5-8f09-158017bfd6d6,"1.5k kg adulterated ghee seized from Udaipur factory, 2 detained | Jaipur News - The Times of India",indiatimes.com,2025-03-09,https://timesofindia.indiatimes.com/city/jaipur/1-5k-kg-adulterated-ghee-seized-from-udaipur-factory-2-detained/articleshow/118810567.cms,Ghee,relevant_event,0.95,Qwen/Qwen3.5-27B-FP8,validated,1,alleged,ghee,soybean | dalda | essence,adulteration | counterfeit,"Udaipur, Rajasthan, India",raid | seizure | detention,,,,3,0,4,3,2026-08-01T21:11:03Z
0d96e6b1-57f6-4555-8711-703a6c818eea,"Cockroaches, hygiene lapses found in Hyderabad restaurant during raids",indiatoday.in,2025-03-08,https://www.indiatoday.in/cities/hyderabad/story/hyderabad-4-seasons-restaurant-raid-food-safety-hygiene-violations-2690857-2025-03-08?utm_source=rss,Ghee,relevant_event,0.95,Qwen/Qwen3.5-27B-FP8,validated,1,alleged,ghee,mosquitoes and houseflies,contamination,"Jangaon, Telangana, India",strict actions under relevant provisions of the Food Safety and Standards Act,irrelevant,0.28487977,ghee_relevance_tfidf_minilm_ensemble_v1,1,0,3,15,2026-08-04T14:47:15Z
oil-86a403aef71f924e,"2,300kg of spurious paneer seized",indiatimes.com,2025-03-06,https://timesofindia.indiatimes.com/city/ahmedabad/2300kg-of-spurious-paneer-seized/articleshow/118742649.cms,Edible Oil,unclear,0.85,Qwen/Qwen3.5-27B-FP8,validated,1,suspected,cottonseed oil,,adulteration | substandard,"Kadi, Mehsana, Gujarat, India",seizure | investigation,,,,0,0,2,8,2026-07-29T08:41:08Z
fc6cbfa6-12a7-43c3-9c09-570ab7537cf8,"4 mths after factory busted, kingpin of fake ghee racket held | Jaipur News - The Times of India",indiatimes.com,2025-02-28,https://timesofindia.indiatimes.com/city/jaipur/4-mths-after-factory-busted-kingpin-of-fake-ghee-racket-held/articleshow/118611867.cms,Ghee,unclear,0.85,Qwen/Qwen3.5-27B-FP8,validated,1,alleged,ghee,low-cost raw materials,counterfeit | adulteration,"Jaipur, Rajasthan, India",arrest | factory bust | seizure,relevant,0.89892012,ghee_relevance_tfidf_minilm_ensemble_v1,0,0,6,4,2026-08-03T00:41:22Z
9fe3b91d-3719-4260-926a-d5711bd1efc4,4000 kg adulterated ghee worth Rs 17.5 lakh seized in this state - The Times of India,indiatimes.com,2025-02-27,https://timesofindia.indiatimes.com/life-style/food-news/4000-kg-adulterated-ghee-worth-rs-17-5-lakh-seized-in-this-state/articleshow/118608704.cms,Ghee,relevant_event,0.95,Qwen/Qwen3.5-27B-FP8,validated,1,suspected,ghee,soybean | interesterified vegetable fat,adulteration,"Deesa, Banaskantha, Gujarat, India",seizure | license_cancellation,,,,1,0,11,13,2026-08-01T22:24:17Z
oil-2a83d0762b1ee1b8,"Fake oil, other items worth Rs8.5 lakh seized | Nagpur News - The Times of India",indiatimes.com,2025-02-16,https://timesofindia.indiatimes.com/city/nagpur/fake-oil-other-items-worth-rs8-5-lakh-seized/articleshow/118285152.cms,Edible Oil,relevant_event,0.95,Qwen/Qwen3.5-27B-FP8,validated,1,suspected,edible oil,local oil,counterfeit | substitution,"Nagpur, Maharashtra, India",raid | seizure | booking,relevant,0.6327850615796671,"ens_wavg[tfidf_linsvm/full+bge-large_rbfsvm/oilemb+roberta-base_lead_512/full|0.17,0.67,0.17]",1,0,4,5,2026-07-28T23:10:01Z
7a707681-5edc-461c-b5a8-0057a374f3cc,Uttarakhand firm behind adulterated ghee: SIT,hindustantimes.com,2025-02-12,https://www.hindustantimes.com/india-news/uttarakhand-firm-behind-adulterated-gheesit-101739301270922.html,Ghee,relevant_event,0.95,Qwen/Qwen3.5-27B-FP8,validated,1,lab_confirmed,ghee,animal fat | vegetable fats,adulteration,"Tirupati, Andhra Pradesh, India",return of four ghee tankers | arrest of four persons,irrelevant,0.44506417,ghee_relevance_tfidf_minilm_ensemble_v1,4,0,15,24,2026-08-02T21:54:53Z
65cdecbe-700b-4321-8acb-82ec5b9d01a8,Food safety dept inspects milk distribution centres in Hyderabad,siasat.com,2025-02-12,https://www.siasat.com/food-safety-dept-inspects-milk-distribution-centres-in-hyderabad-3179521/,Ghee,unclear,0.85,Qwen/Qwen3.5-27B-FP8,validated,1,pending_test,ghee,,substitution | adulteration,"Hyderabad, Telangana, India",sample_collection,irrelevant,0.26386401,ghee_relevance_tfidf_minilm_ensemble_v1,0,0,3,7,2026-08-03T13:17:08Z
45fdd40d-5bc4-4fe7-9eb9-883c55f14a70,25% of food samples tested in Raj in 2024 found adulterated | Jaipur News - Times of India,indiatimes.com,2025-02-04,https://timesofindia.indiatimes.com/city/jaipur/25-of-food-samples-tested-in-raj-in-2024-found-adulterated/articleshow/117897659.cms,Ghee,relevant_event,0.95,Qwen/Qwen3.5-27B-FP8,validated,1,alleged,ghee,vegetable fats,adulteration,"Rajasthan, India",Seizure of 6.6 lakh kgs adulterated food,irrelevant,0.36954633,ghee_relevance_tfidf_minilm_ensemble_v1,5,0,12,3,2026-08-03T00:16:33Z
df6dd614-6785-4c3a-b6c7-1e091a751c64,Many Restaurants Violated Food Safety Rules: Task Force Officials,deccanchronicle.com,2025-02-03,https://www.deccanchronicle.com/southern-states/telangana/many-restaurants-violated-food-safety-rules-task-force-officials-1858555,Ghee,relevant_event,0.95,Qwen/Qwen3.5-27B-FP8,validated,1,suspected,ghee,houseflies and mosquitoes,contamination,"Raghunathpally, Jangaon, Telangana, India",immediate rectification notice,irrelevant,0.27830904,ghee_relevance_tfidf_minilm_ensemble_v1,6,0,5,14,2026-08-04T18:39:03Z
d2f303e3-c25c-412f-8ae4-4ec525f68736,Mosquitoes Found In Ghee: Mosquitoes in ghee and dead lizard found in dairy items in this city - The Times of India,indiatimes.com,2025-02-02,https://timesofindia.indiatimes.com/life-style/food-news/mosquitoes-in-ghee-and-dead-lizard-found-in-dairy-items-in-this-city/articleshow/117855423.cms,Ghee,relevant_event,0.95,Qwen/Qwen3.5-27B-FP8,validated,1,alleged,ghee,mosquitoes,contamination,"Jangaon, Telangana, India",inspection,irrelevant,0.22162816,ghee_relevance_tfidf_minilm_ensemble_v1,2,0,3,15,2026-08-02T13:04:33Z
cfc3f2c1-a650-4f5c-a8f4-417824e1e3b0,Dead lizard found during raid at dairy unit near Hyderabad,siasat.com,2025-02-02,https://www.siasat.com/dead-lizard-found-during-raid-at-dairy-unit-near-hyderabad-3174622/,Ghee,unclear,,RedHatAI/Mistral-Small-3.2-24B-Instruct-2506-FP8,validated,0,,,,,,,,,,0,0,5,15,
bf5cf44c-c3df-4c9c-b13b-8a0108b8a106,"Mosquitoes in ghee, dead lizard: Telangana food commissioner uncovers violations at dairy inspection",hindustantimes.com,2025-02-02,https://www.hindustantimes.com/trending/mosquitoes-in-ghee-dead-lizard-telangana-food-commissioner-uncovers-violations-at-dairy-inspection-101738476068831.html,Ghee,relevant_event,0.95,Qwen/Qwen3.5-27B-FP8,validated,1,alleged,ghee,mosquitoes | houseflies,adulteration | contamination,"Jangaon, Telangana, India",seizure | sample_collection,irrelevant,0.18269868,ghee_relevance_tfidf_minilm_ensemble_v1,2,0,3,5,2026-08-03T21:48:06Z
9cbf8104-4fa2-4365-bc32-09eb2d1c9381,"Telangana dairy inspection reveals contaminated ghee, dead lizard near food",deccanchronicle.com,2025-02-02,https://www.deccanchronicle.com/southern-states/telangana/telangana-dairy-inspection-reveals-contaminated-ghee-dead-lizard-near-food-1858425,Ghee,relevant_event,0.95,Qwen/Qwen3.5-27B-FP8,validated,1,alleged,ghee,mosquitoes | houseflies,contamination | adulteration,"Jangaon, Telangana, India",inspection | sample collection,irrelevant,0.18685632,ghee_relevance_tfidf_minilm_ensemble_v1,5,0,5,10,2026-08-02T19:22:21Z
508d009a-650f-4e40-b03d-ebef9d2c069e,"Telangana: Houseflies in ghee; dead lizard, spider web, and patchy roof found during inspection at dairy product unit | Today News",livemint.com,2025-02-02,https://www.livemint.com/news/india/telangana-houseflies-in-ghee-dead-lizard-spider-web-and-patchy-roof-found-during-inspection-at-dairy-product-unit-11738481820439.html,Ghee,relevant_event,0.95,Qwen/Qwen3.5-27B-FP8,validated,1,alleged,ghee,houseflies | mosquitoes,contamination,"Jangaon, Telangana, India",inspection | sample collection,irrelevant,0.19217876,ghee_relevance_tfidf_minilm_ensemble_v1,3,0,1,16,2026-08-04T06:09:11Z
02ec3587-c210-4398-9d06-cbde29c506e8,"ED raids nine places in Madhya Pradesh over export of adulterated milk products in India, 6 countries abroad",bombaynews.net,2025-01-30,https://www.bombaynews.net/news/274997747/ed-raids-nine-places-in-madhya-pradesh-over-export-of-adulterated-milk-products-in-india-6-countries-abroad,Ghee,unclear,0.85,Qwen/Qwen3.5-27B-FP8,validated,1,alleged,ghee,,adulteration,"Bhopal, Madhya Pradesh, India",raid,,,,0,0,9,11,2026-08-03T08:55:54Z
9c0a4ff3-e2b6-4bd5-9001-1ead2419b6c5,ED raids 9 places in Madhya Pradesh linked to company exporting adulterated milk products in India and abroad,hindustantimes.com,2025-01-29,https://www.hindustantimes.com/india-news/ed-raids-9-places-in-madhya-pradesh-linked-to-company-exporting-adulterated-milk-products-in-india-and-abroad-101738135238214.html,Ghee,unclear,0.85,Qwen/Qwen3.5-27B-FP8,validated,1,alleged,ghee,,adulteration,"Bhopal, Madhya Pradesh, India",raid,irrelevant,0.23408744,ghee_relevance_tfidf_minilm_ensemble_v1,0,0,4,16,2026-08-04T14:56:31Z
b2c20d7b-5c3e-48d0-aa51-191f17058762,Deadly substances found in fake ghee: Factory found mimicking leading brands in alarming scam - The Times of India,indiatimes.com,2025-01-16,https://timesofindia.indiatimes.com/etimes/trending/deadly-substances-found-in-fake-ghee-factory-found-mimicking-leading-brands-in-alarming-scam/articleshow/117276930.cms,Ghee,unclear,,RedHatAI/Mistral-Small-3.2-24B-Instruct-2506-FP8,validated,0,,,,,,,,,,0,0,10,8,2026-08-05T08:59:14Z
9bd6a50e-945d-42d4-88de-97e83b4c3b06,25 tons of adulterated ghee seized in this city: 8 ways to identify fake ghee - The Times of India,indiatimes.com,2025-01-13,https://timesofindia.indiatimes.com/life-style/food-news/25-tons-of-adulterated-ghee-seized-in-this-city-8-ways-to-identify-fake-ghee/articleshow/117206895.cms,Ghee,relevant_event,,RedHatAI/Mistral-Small-3.2-24B-Instruct-2506-FP8,validated,1,pending_test,ghee,,adulteration,India,seizure,relevant,0.90728509,ghee_relevance_tfidf_minilm_ensemble_v1,8,0,11,17,2026-08-05T09:32:23Z
5804b97c-c416-49d1-9fbd-5bb52c0595dd,"Ludhiana: Seized by health officials, ghee, oil ‘stolen’; three booked",hindustantimes.com,2025-01-10,https://www.hindustantimes.com/cities/chandigarh-news/ludhiana-seized-by-health-officials-ghee-oil-stolen-three-booked-101736529578743.html,Ghee,relevant_event,,RedHatAI/Mistral-Small-3.2-24B-Instruct-2506-FP8,provisional,1,alleged,ghee,,adulteration,India,seizure,relevant,0.87953022,ghee_relevance_tfidf_minilm_ensemble_v1,0,0,6,3,2026-08-05T09:55:11Z
ddf15892-8649-4eac-8c96-8da622575fb7,CM Flying caught illegal ghee factory in Jind | Chandigarh News - The Times of India,indiatimes.com,2025-01-09,https://timesofindia.indiatimes.com/city/chandigarh/cm-flying-caught-illegal-ghee-factory-in-jind/articleshow/117093893.cms,Ghee,unclear,0.85,Qwen/Qwen3.5-27B-FP8,validated,1,suspected,ghee,,unsafe_food,"Jind, Haryana, India",arrest | seizure | notice,,,,0,0,2,12,2026-08-03T04:30:04Z
4a007cf8-886e-4061-a096-bd6f474f5e65,Fake ghee sold as desi | Agra’s counterfeit factories busted,indiatoday.in,2025-01-04,https://www.indiatoday.in/newsmo/video/fake-ghee-sold-as-desi-agras-counterfeit-factories-busted-2659685-2025-01-04?utm_source=rss,Ghee,unclear,0.85,Qwen/Qwen3.5-27B-FP8,validated,1,alleged,ghee,palm oil | urea,adulteration | counterfeit,"Agra, Uttar Pradesh, India",factory_bust,,,,0,0,5,2,2026-08-02T07:13:20Z
6901ef7b-f98a-4b3a-b622-85196fe10ffb,How eating adulterated ghee affects health,indianexpress.com,2025-01-02,https://indianexpress.com/article/lifestyle/food-wine/tirupati-laddoo-controversy-eating-adulterated-ghee-affect-health-9589633/,Ghee,relevant_event,,RedHatAI/Mistral-Small-3.2-24B-Instruct-2506-FP8,validated,3,alleged,ghee,,adulteration,India,alleged,irrelevant,0.44818713,ghee_relevance_tfidf_minilm_ensemble_v1,6,0,16,13,
oil-c3728ff063420cf8,Major crackdown on adulterated ghee and oil in Pokaran over 14000kg seized,timesofindia.indiatimes.com,2025-01-01,https://timesofindia.indiatimes.com/city/jaipur/major-crackdown-on-adulterated-ghee-and-oil-in-pokaran-over-14000kg-seized/articleshow/131486941.cms,Edible Oil,relevant_event,0.95,Qwen/Qwen3.5-27B-FP8,validated,1,suspected,ghee | edible oil | palm oil | soybean oil | vanaspati,,adulteration,"Pokaran, Jaisalmer, Rajasthan, India",surprise raid | seizure | detention,,,,4,0,6,20,2026-07-29T15:11:10Z
571306b7-70d7-4a82-bfa7-55d9999bcf37,Task Force cracks whip against adulterated milk product unit in RR,thehansindia.com,2024-12-31,https://www.thehansindia.com/news/cities/hyderabad/task-force-cracks-whip-against-adulterated-milk-product-unit-in-rr-933701,Ghee,unclear,0.65,Qwen/Qwen3.5-27B-FP8,validated,1,alleged,ghee | milk,,unsafe_food | mislabeling,"Rangareddy, Telangana, India",seizure | notice issued,irrelevant,0.46954632,ghee_relevance_tfidf_minilm_ensemble_v1,1,0,5,20,2026-08-04T05:59:37Z
df66a254-1f25-4070-a0e8-0ea7de33cd2d,Fake Ghee Factory Busted In Gwalior: FDA Seizes Large Quantity Of Adulterated Product; Samples Sent For Further Testing,freepressjournal.in,2024-12-17,https://www.freepressjournal.in/bhopal/fake-ghee-factory-busted-in-gwalior-fda-seizes-large-quantity-of-adulterated-product-samples-sent-for-further-testing,Ghee,unclear,0.85,Qwen/Qwen3.5-27B-FP8,validated,1,alleged,ghee,,substitution,"Gwalior, Madhya Pradesh, India",seizure | sample_collection,relevant,0.84347994,ghee_relevance_tfidf_minilm_ensemble_v1,0,0,4,6,2026-08-03T11:23:16Z
oil-d7ec006e22e070de,Punjab &amp; Haryana high court asks Centre if they plan to open more labs to check cooking oil adulteration,hindustantimes.com,2024-12-15,https://www.hindustantimes.com/cities/chandigarh-news/punjab-haryana-high-court-asks-centre-if-there-are-plans-to-open-more-labs-to-check-cooking-oil-adulteration-101734204296975.html,Edible Oil,unclear,0.85,Qwen/Qwen3.5-27B-FP8,validated,1,suspected,cooking oil | miscible oil,miscible oil,adulteration,"Chandigarh, Punjab, India",Directive to Centre on lab expansion,relevant,0.6877170300506283,"ens_wavg[tfidf_linsvm/full+bge-large_rbfsvm/oilemb+roberta-base_lead_512/full|0.17,0.67,0.17]",4,0,9,8,2026-07-29T18:22:45Z
oil-ca9b994ce2d3e502,Hc Questions Lack Of Local Testing Infra For Mustard Oil Adulteration | Chandigarh News - Times of India,indiatimes.com,2024-12-15,https://timesofindia.indiatimes.com/city/chandigarh/hc-questions-lack-of-local-testing-infra-for-mustard-oil-adulteration/articleshow/116327780.cms,Edible Oil,relevant_event,0.85,Qwen/Qwen3.5-27B-FP8,validated,1,suspected,mustard oil,other oils,adulteration | substitution,"Chandigarh, Punjab and Haryana, India",order to collect mustard oil samples for testing | directive to find central govt policy,relevant,0.7483593569424143,"ens_wavg[tfidf_linsvm/full+bge-large_rbfsvm/oilemb+roberta-base_lead_512/full|0.17,0.67,0.17]",2,0,7,6,2026-07-29T16:21:14Z
386d6bcc-3439-4838-92bd-e93468833498,CBI-led SIT intensifies probe into adulterated ghee controversy,thehansindia.com,2024-12-15,https://www.thehansindia.com/andhra-pradesh/cbi-led-sit-intensifies-probe-into-adulterated-ghee-controversy-929831,Ghee,unclear,,RedHatAI/Mistral-Small-3.2-24B-Instruct-2506-FP8,validated,0,,,,,,,,,,0,0,1,19,2026-08-05T08:58:17Z
oil-dc0f3e7d98c4f1b5,"Dahod Police Bust Major Spurious Cooking Oil Racket, Seize Goods Worth Over Rs 15 Lakhs | Vadodara News - Times of India",indiatimes.com,2024-12-10,https://timesofindia.indiatimes.com/city/vadodara/dahod-police-bust-major-spurious-cooking-oil-racket-seize-goods-worth-over-rs-15-lakhs/articleshow/116183542.cms,Edible Oil,relevant_event,0.95,Qwen/Qwen3.5-27B-FP8,validated,1,suspected,cooking oil | palm oil,palm oil,substitution | mislabeling | adulteration,"Dahod, Gujarat, India",seizure | detention,relevant,0.8624483698868526,"ens_wavg[tfidf_linsvm/full+bge-large_rbfsvm/oilemb+roberta-base_lead_512/full|0.17,0.67,0.17]",2,0,7,9,2026-07-29T19:13:21Z
d09257e1-a486-4cc2-9f7e-27202aea56bd,Food Safety Alert: 72 Unsafe and 211 Substandard Products Identified in Telangana | Hyderabad News - Times of India,indiatimes.com,2024-11-30,https://timesofindia.indiatimes.com/city/hyderabad/food-safety-alert-72-unsafe-and-211-substandard-products-identified-in-telangana/articleshow/115819734.cms,Ghee,unclear,0.65,Qwen/Qwen3.5-27B-FP8,validated,1,alleged,ghee,,unsafe_food | substandard,"Hyderabad, Telangana, India",,irrelevant,0.24685165,ghee_relevance_tfidf_minilm_ensemble_v1,1,0,1,18,2026-08-03T12:34:47Z
17f89595-bb60-42ea-8d89-5da415927423,Expired products worth ₹10 lakh seized from store during raid in Vijayawada,thehindu.com,2024-11-28,https://www.thehindu.com/news/national/andhra-pradesh/expired-products-worth-10-lakh-seized-from-store-during-raid-in-vijayawada/article68923425.ece,Ghee,unclear,0.85,Qwen/Qwen3.5-27B-FP8,validated,1,alleged,ghee,,adulteration | substandard,"Vijayawada, Krishna, Andhra Pradesh, India",raid | seizure | case_registered,relevant,0.57734135,ghee_relevance_tfidf_minilm_ensemble_v1,0,0,5,5,2026-08-03T09:23:11Z
oil-2f0a177eecae442b,Investigation into Dropsy Deaths in Nabha: New Committee Formed to Probe Tainted Edible Oil | Chandigarh News - Times of India,indiatimes.com,2024-11-27,https://timesofindia.indiatimes.com/city/chandigarh/investigation-into-dropsy-deaths-in-nabha-new-committee-formed-to-probe-tainted-edible-oil/articleshow/115711329.cms,Edible Oil,relevant_event,0.95,Qwen/Qwen3.5-27B-FP8,validated,1,lab_confirmed,edible oil | mustard oil,unfit edible oil,adulteration | substandard,"Nabha, Patiala, Punjab, India",advisory | committee formation,relevant,0.5135767479948466,"ens_wavg[tfidf_linsvm/full+bge-large_rbfsvm/oilemb+roberta-base_lead_512/full|0.17,0.67,0.17]",2,0,5,3,2026-07-28T23:28:15Z
ffcb9e5b-74c1-4860-a6f5-c490fdd106f4,SIT speeds up probe in adulterated ghee case,thehansindia.com,2024-11-26,https://www.thehansindia.com/andhra-pradesh/sit-speeds-up-probe-in-adulterated-ghee-case-924544,Ghee,unclear,,RedHatAI/Mistral-Small-3.2-24B-Instruct-2506-FP8,validated,0,,,,,,,irrelevant,0.21464481,ghee_relevance_tfidf_minilm_ensemble_v1,0,0,1,24,2026-08-05T09:19:03Z
f3789560-e3ed-49f3-829c-374b3f76429f,FDA seizes adulterated food items worth  ₹24 lakh during Diwali drive,hindustantimes.com,2024-11-08,https://www.hindustantimes.com/cities/pune-news/fda-seizes-adulterated-food-items-worth-24-lakh-during-diwali-drive-101731090366158.html,Ghee,unclear,0.65,Qwen/Qwen3.5-27B-FP8,validated,1,suspected,ghee,,adulteration | substandard,"Pune, Maharashtra, India",seizure | show cause notice | closure notice,irrelevant,0.42038193,ghee_relevance_tfidf_minilm_ensemble_v1,1,0,3,12,2026-08-03T10:16:53Z
6a50c323-2568-49cb-9c27-9d0a26eba445,Pune: FDA Seizes Adulterated Food Items Worth ₹24.07 Lakh,freepressjournal.in,2024-11-08,https://www.freepressjournal.in/pune/pune-fda-seizes-adulterated-food-items-worth-2407-lakh,Ghee,unclear,0.85,Qwen/Qwen3.5-27B-FP8,validated,1,suspected,ghee,,adulteration,"Pune, Maharashtra, India",seizure,relevant,0.5269446,ghee_relevance_tfidf_minilm_ensemble_v1,0,0,0,10,2026-08-03T23:43:16Z
ab3c389d-f51d-48d6-a704-ca3d710a4876,"130 litres of ID liquor, 39 motorcylces and 30 kg ‘adulterated’ ghee seized in cordon and search operations in Nandyal district",thehindu.com,2024-11-03,https://www.thehindu.com/news/national/andhra-pradesh/130-litres-of-id-liquor-39-motorcylces-and-30-kg-adulterated-ghee-seized-in-cordon-and-search-operations-in-nandyal-district/article68825535.ece,Ghee,unclear,,RedHatAI/Mistral-Small-3.2-24B-Instruct-2506-FP8,validated,0,,,,,,,relevant,0.56776043,ghee_relevance_tfidf_minilm_ensemble_v1,0,0,2,2,2026-08-05T08:51:20Z
81a968d3-054c-49db-9836-b2e69bf2ac39,Massive Seizure of Stale Paneer and Adulterated Ghee Ahead of Diwali | Noida News - Times of India,indiatimes.com,2024-10-30,https://timesofindia.indiatimes.com/city/noida/massive-seizure-of-stale-paneer-and-adulterated-ghee-ahead-of-diwali/articleshow/114745893.cms,Ghee,unclear,0.65,Qwen/Qwen3.5-27B-FP8,validated,1,pending_test,ghee,,adulteration | unsafe_food,"Greater Noida, Gautam Buddha Nagar, Uttar Pradesh, India",seizure,irrelevant,0.45956891,ghee_relevance_tfidf_minilm_ensemble_v1,1,0,3,6,2026-08-03T21:25:53Z
oil-b69aa408b924b9b4,"Gautam Budh Nagar: 370 kg sweets, 750 ltr oil seized in food safety checks",hindustantimes.com,2024-10-29,https://www.hindustantimes.com/cities/noida-news/gautam-budh-nagar-370-kg-sweets-750-ltr-oil-seized-in-food-safety-checks-101730140849789.html,Edible Oil,relevant_event,0.95,Qwen/Qwen3.5-27B-FP8,validated,1,suspected,edible oil,,substandard | unsafe_food,"Noida, Gautam Budh Nagar, Uttar Pradesh, India",seizure,,,,1,0,4,12,2026-07-29T14:16:40Z
c8abeae0-2099-4df9-afae-1cefa33488ec,Mumbai: Borivali Police Seizes Adulterated Sweets Worth ₹31 Lakh Ahead Of Diwali,freepressjournal.in,2024-10-26,https://www.freepressjournal.in/mumbai/mumbai-borivali-police-seizes-adulterated-sweets-worth-31-lakh-ahead-of-diwali,Ghee,unclear,0.85,Qwen/Qwen3.5-27B-FP8,validated,1,suspected,ghee,,,"Mumbai, Mumbai Suburban, Maharashtra, India",seizure,relevant,0.64833605,ghee_relevance_tfidf_minilm_ensemble_v1,1,0,6,3,2026-08-03T21:50:00Z
bf33fa98-8010-435f-9fb3-a43f523c09b3,"FDA seizes sweets, adulterated products worth  ₹31 lakh from Borivali shop",hindustantimes.com,2024-10-26,https://www.hindustantimes.com/cities/mumbai-news/fda-seizes-sweets-adulterated-products-worth-31-lakh-from-borivali-shop-101729882714071.html,Ghee,unclear,0.65,Qwen/Qwen3.5-27B-FP8,validated,1,suspected,ghee,,,"Mumbai, Mumbai Suburban, Maharashtra, India",seizure,relevant,0.52318688,ghee_relevance_tfidf_minilm_ensemble_v1,2,0,6,12,2026-08-03T10:24:29Z
905b10d3-5531-40bc-b5e3-84beb79f1af2,Fake Ghee: : Amul issues warning against fake ghee sales ahead of Diwali: Tip to identify real Amul ghee | - Times of India,indiatimes.com,2024-10-26,https://timesofindia.indiatimes.com/life-style/food-news/amul-warns-against-fake-ghee-sales-ahead-of-diwali-tips-to-identify-authentic-products/articleshow/114609497.cms,Ghee,relevant_event,0.85,Qwen/Qwen3.5-27B-FP8,validated,1,alleged,ghee,,counterfeit | adulteration,India,,relevant,0.5410802,ghee_relevance_tfidf_minilm_ensemble_v1,5,0,10,13,2026-08-03T11:27:17Z
368930a7-2085-43bd-bb79-62d471c9e75c,Why food adulterators in India have all five fingers in ghee,indiatoday.in,2024-10-26,https://www.indiatoday.in/india/story/fake-desi-ghee-racket-investigation-amul-counterfeit-adulteration-festive-season-diwali-2623545-2024-10-26?utm_source=rss,Ghee,relevant_event,,RedHatAI/Mistral-Small-3.2-24B-Instruct-2506-FP8,validated,3,suspected,ghee,,adulteration,India,raided | uncovered | alleged,relevant,0.67290743,ghee_relevance_tfidf_minilm_ensemble_v1,8,0,17,13,2026-08-05T10:22:27Z
7999f308-52f3-4cca-8bdf-f6af9f8a4a96,"Indore: FSOs Seize 361 Kg Adulterated Namkeen In Surprise Inspections; Ranjit’s Kitchen, Kedarnath Traders, Shri Ambika Namkeen Bhandar Shut",freepressjournal.in,2024-10-25,https://www.freepressjournal.in/indore/indore-fsos-seize-361-kg-adulterated-namkeen-in-surprise-inspections-ranjits-kitchen-kedarnath-traders-shri-ambika-nmakeen-bhandar-shut,Ghee,unclear,,RedHatAI/Mistral-Small-3.2-24B-Instruct-2506-FP8,validated,0,,,,,,,irrelevant,0.48495103,ghee_relevance_tfidf_minilm_ensemble_v1,0,0,1,16,
40846a9f-f6bb-4e8c-a024-24aec3d65678,India Today impact: Sting op on fake ghee leads to raids in UP's Hathras,indiatoday.in,2024-10-25,https://www.indiatoday.in/india/story/india-today-impact-sting-operation-fake-ghee-leads-to-raids-uttar-pradesh-hathras-2623207-2024-10-25?utm_source=rss,Ghee,unclear,,RedHatAI/Mistral-Small-3.2-24B-Instruct-2506-FP8,validated,0,,,,,,,,,,0,0,11,8,2026-08-05T09:08:06Z
17cf7411-332c-4ff5-ac37-7e258dcf6f30,"MP: Truck Full Of 'Substandard' Mawa Seized In Bhopal, Samples Sent For Testing In Ratlam As Food Dept Cracks Down On Eateries & Sweet Shops Ahead Of Diwali",freepressjournal.in,2024-10-24,https://www.freepressjournal.in/bhopal/mp-truck-full-of-substandard-mawa-seized-in-bhopal-samples-sent-for-testing-in-ratlam-as-food-dept-cracks-down-on-eateries-sweet-shops-ahead-of-diwali,Ghee,unclear,0.85,Qwen/Qwen3.5-27B-FP8,validated,1,pending_test,vanaspati ghee,,substandard | adulteration,"Ratlam, Madhya Pradesh, India",inspection | sampling,irrelevant,0.22966417,ghee_relevance_tfidf_minilm_ensemble_v1,0,0,4,10,2026-08-03T20:11:04Z
9d3f9a8e-9b40-44ae-be4f-5de532561b97,Food safety team raids dairy store in Telangana,siasat.com,2024-10-21,https://www.siasat.com/food-safety-team-raids-dairy-store-in-telangana-3117375/,Ghee,unclear,0.65,Qwen/Qwen3.5-27B-FP8,validated,1,pending_test,ghee,,unsafe_food,"Hyderabad, Medchal District, Telangana, India",raid | sample_collection,irrelevant,0.1672107,ghee_relevance_tfidf_minilm_ensemble_v1,1,0,0,19,2026-08-03T13:24:15Z
a7002128-c4bc-48cd-bed1-46a529e69132,FDA seizes food samples worth  ₹10.35 lakhs,hindustantimes.com,2024-10-19,https://www.hindustantimes.com/cities/pune-news/fda-seizes-food-samples-worth-10-35-lakhs-101729276408292.html,Ghee,relevant_event,0.95,Qwen/Qwen3.5-27B-FP8,validated,1,suspected,ghee,,adulteration,"Pune, Maharashtra, India",seizure | improvement_notice,irrelevant,0.41823037,ghee_relevance_tfidf_minilm_ensemble_v1,1,0,7,10,2026-08-03T10:20:45Z
1568835c-3d2f-4f90-8a1c-e8c7d769c612,Massive Food Seizure: Rs 6.3 Crore in Adulterated Goods During FDCA Drive | Ahmedabad News - Times of India,indiatimes.com,2024-10-19,https://timesofindia.indiatimes.com/city/ahmedabad/massive-food-seizure-rs-63-crore-in-adulterated-goods-during-fdca-drive/articleshow/114359585.cms,Ghee,unclear,0.85,Qwen/Qwen3.5-27B-FP8,validated,1,suspected,ghee,,adulteration,"Gandhinagar, Gujarat, India",seizure,relevant,0.52249988,ghee_relevance_tfidf_minilm_ensemble_v1,0,0,0,10,2026-08-03T21:19:36Z
e85d93cf-c983-4c97-9609-c8b365b53f31,"Jaipur Police Seize 1000 Litres of Fake Ghee in Major Crackdown, Two Detained | Jaipur News - Times of India",indiatimes.com,2024-10-16,https://timesofindia.indiatimes.com/city/jaipur/jaipur-police-seize-1000-litres-of-fake-ghee-in-major-crackdown-two-detained/articleshow/114293025.cms,Ghee,unclear,0.65,Qwen/Qwen3.5-27B-FP8,validated,1,alleged,ghee,fake ghee,adulteration | counterfeit,"Jaipur, Rajasthan, India",seizure | detention,relevant,0.87121087,ghee_relevance_tfidf_minilm_ensemble_v1,1,0,5,8,2026-08-03T18:09:53Z
oil-a7080ed266c36f88,Health Crisis in Nabha: Urgent Advisory After Fatal Dropsy Cases,indiatimes.com,2024-10-15,https://timesofindia.indiatimes.com/city/chandigarh/health-crisis-in-nabha-urgent-advisory-after-fatal-dropsy-cases/articleshow/114230683.cms,Edible Oil,relevant_event,0.95,Qwen/Qwen3.5-27B-FP8,validated,1,suspected,mustard oil,argemone,adulteration,"Nabha, Patiala, Punjab, India",advisory,relevant,0.8929,Weighted ensemble: TF-IDF Linear SVM + BGE-large RBF-SVM + RoBERTa-base,2,0,5,11,2026-07-29T12:59:12Z
oil-aca35e8b9bccaa60,Adulterated mustard oil behind 3 dropsy deaths in Nabha: report,hindustantimes.com,2024-10-14,https://www.hindustantimes.com/cities/chandigarh-news/adulterated-mustard-oil-behind-3-dropsy-deaths-in-nabha-report-101728847891766.html,Edible Oil,relevant_event,0.95,Qwen/Qwen3.5-27B-FP8,validated,1,lab_confirmed,mustard oil,argemone mexicana seeds,adulteration | contamination,"Nabha, Patiala, Punjab, India",survey,relevant,0.7115505895110944,"ens_wavg[tfidf_linsvm/full+bge-large_rbfsvm/oilemb+roberta-base_lead_512/full|0.17,0.67,0.17]",5,0,2,9,2026-07-29T13:22:48Z
89e1831f-7c8d-46ad-b545-7b0e141b1fa7,Food items worth Rs 4.5 cr seized in raids,indianexpress.com,2024-10-14,https://indianexpress.com/article/cities/ahmedabad/gujarat-food-adulterated-ghee-raid-seized-9618849/,Ghee,relevant_event,0.95,Qwen/Qwen3.5-27B-FP8,validated,1,alleged,ghee,,adulteration,"Mehsana, Patan, Gujarat, India",seizure | legal action,irrelevant,0.49292933,ghee_relevance_tfidf_minilm_ensemble_v1,1,0,2,3,2026-08-03T13:13:16Z
d96f8ae8-4753-4f7b-9ec5-3238eca05841,"Markets Flooded With ‘Spurious Ghee’ | FSOs Collect Samples Of Over 30 Ghee Brands, Waiting For Reports",freepressjournal.in,2024-10-13,https://www.freepressjournal.in/indore/markets-flooded-with-spurious-ghee-fsos-collect-samples-of-over-30-ghee-brands-waiting-for-reports,Ghee,relevant_event,,RedHatAI/Mistral-Small-3.2-24B-Instruct-2506-FP8,validated,2,pending_test,ghee,,adulteration,"Indore (, Madhya Pradesh, India",seizure,irrelevant,0.4864671,ghee_relevance_tfidf_minilm_ensemble_v1,5,0,8,17,
21f34da3-1033-4ec8-8ed0-8d591d22d430,1.5 Quintals of Adulterated Paneer Destroyed in Ludhiana Raid | Ludhiana News - Times of India,indiatimes.com,2024-10-13,https://timesofindia.indiatimes.com/city/ludhiana/15-quintals-of-adulterated-paneer-destroyed-in-ludhiana-raid/articleshow/114179698.cms,Ghee,unclear,0.65,Qwen/Qwen3.5-27B-FP8,validated,1,pending_test,ghee,,substitution | adulteration,"Ludhiana, Punjab, India",sampling,irrelevant,0.45558615,ghee_relevance_tfidf_minilm_ensemble_v1,1,0,9,8,2026-08-02T23:20:54Z
e2029e40-f270-4b59-bcee-e46b007c5266,Ludhiana:1.5-quintal ‘adulterated’ paneer destroyed,hindustantimes.com,2024-10-12,https://www.hindustantimes.com/cities/chandigarh-news/ludhiana15quintal-adulterated-paneer-destroyed-101728752710417.html,Ghee,unclear,0.65,Qwen/Qwen3.5-27B-FP8,validated,1,pending_test,ghee,,adulteration,"Ludhiana, Punjab, India",sample_collection,irrelevant,0.36697142,ghee_relevance_tfidf_minilm_ensemble_v1,1,0,2,7,2026-08-04T18:22:42Z
26b11917-4e55-41d5-aeb1-64e8b44bedba,Crackdown Against Adulteration In Indore: FSOs Seize 850 Kg Of Spurious Ghee; Samples Fail Quality Test,freepressjournal.in,2024-10-12,https://www.freepressjournal.in/indore/crackdown-against-adulteration-in-indore-fsos-seize-850-kg-of-spurious-ghee-samples-fail-quality-test,Ghee,relevant_event,,RedHatAI/Mistral-Small-3.2-24B-Instruct-2506-FP8,validated,1,pending_test,ghee,,adulteration,India,seizure,,,,1,0,8,7,2026-08-05T09:36:58Z
0cd19c3c-bb47-44ab-b8f5-f06d0b49bdee,Massive Seizure of Counterfeit Ghee: 71 Containers Confiscated in Surat | Surat News - Times of India,indiatimes.com,2024-10-12,https://timesofindia.indiatimes.com/city/surat/massive-seizure-of-counterfeit-ghee-71-containers-confiscated-in-surat/articleshow/114157937.cms,Ghee,unclear,0.85,Qwen/Qwen3.5-27B-FP8,validated,1,alleged,ghee,counterfeit ghee,adulteration | counterfeit,"Surat, Gujarat, India",raid | seizure | sample collection,relevant,0.86267812,ghee_relevance_tfidf_minilm_ensemble_v1,0,0,6,4,2026-08-02T13:00:08Z
378e42b6-aca4-4ce4-9d22-b8cf55fac3c3,Massive Ghee Adulteration Bust: Rs5.4 lakh Worth of Contaminated Products Seized in Indore | Indore News - Times of India,indiatimes.com,2024-10-11,https://timesofindia.indiatimes.com/city/indore/massive-ghee-adulteration-bust-rs54-lakh-worth-of-contaminated-products-seized-in-indore/articleshow/114156153.cms,Ghee,unclear,0.85,Qwen/Qwen3.5-27B-FP8,validated,1,alleged,ghee,other oils,adulteration,"Indore, Madhya Pradesh, India",seizure | raid,relevant,0.75071448,ghee_relevance_tfidf_minilm_ensemble_v1,0,0,7,3,2026-08-03T21:23:15Z
oil-9087ba5d7aa31b77,‘3 Dropsy deaths’: Patiala health officials launch probe,hindustantimes.com,2024-10-10,https://www.hindustantimes.com/cities/chandigarh-news/3-dropsy-deaths-patiala-health-officials-launch-probe-101728500333054.html,Edible Oil,relevant_event,0.92,Qwen/Qwen3.5-27B-FP8,validated,1,suspected,mustard oil,Argemone mexicana seed oil,adulteration | contamination,"Nabha, Patiala, Punjab, India",probe,relevant,0.8445,Weighted ensemble: TF-IDF Linear SVM + BGE-large RBF-SVM + RoBERTa-base,2,0,1,5,2026-07-29T10:24:15Z
cecd6bd5-f9b1-4f96-a50b-fa13ce8e0933,Omfed replaces 15 boxes  of ghee after hue and cry,newindianexpress.com,2024-10-06,https://www.newindianexpress.com/states/odisha/2024/Oct/06/omfed-replaces-15-boxes-of-ghee-after-hue-and-cry,Ghee,unclear,0.75,Qwen/Qwen3.5-27B-FP8,validated,1,alleged,ghee,,adulteration | mislabeling,"Jagatsinghpur, Odisha, India",replacement | inspection,relevant,0.51497436,ghee_relevance_tfidf_minilm_ensemble_v1,1,0,3,11,2026-08-03T22:31:35Z
8518bdc7-6207-4b80-a592-906702b2adbf,Adulterated ghee: Concerns over substandard feedstock slipping through lab checks,thehindubusinessline.com,2024-10-06,https://www.thehindubusinessline.com/news/adulterated-ghee-concerns-over-substandard-feedstock-slipping-through-lab-checks/article68724490.ece,Ghee,unclear,0.65,Qwen/Qwen3.5-27B-FP8,validated,1,alleged,ghee | milk | vanaspati,palm oil | beef tallow | animal fats,adulteration,India,,irrelevant,0.46270454,ghee_relevance_tfidf_minilm_ensemble_v1,3,0,7,20,2026-08-03T01:53:22Z
ef6ea2d9-9bdb-4b51-a484-4582b545d47d,Controversy Erupts Over Ghee Quality in Odisha Temples | Bhubaneswar News - Times of India,indiatimes.com,2024-10-05,https://timesofindia.indiatimes.com/city/bhubaneswar/controversy-erupts-over-ghee-quality-in-odisha-temples/articleshow/113951865.cms,Ghee,unclear,0.85,Qwen/Qwen3.5-27B-FP8,validated,1,alleged,ghee,adulterated ghee,adulteration | mislabeling,"Kendrapada, Odisha, India",,,,,0,0,5,5,2026-08-02T02:54:15Z
80b2a90e-ca31-4c28-ac5b-90180745dc40,"Smelly ghee sent to shrine, allege Baladevjew priests",newindianexpress.com,2024-10-05,https://www.newindianexpress.com/states/odisha/2024/Oct/05/smelly-ghee-sent-to-shrine-allege-baladevjew-priests,Ghee,unclear,0.75,Qwen/Qwen3.5-27B-FP8,validated,1,alleged,ghee,,adulteration | substandard,"Kendrapara, Odisha, India",,irrelevant,0.33695853,ghee_relevance_tfidf_minilm_ensemble_v1,1,0,4,3,2026-08-04T02:57:42Z
66bb816a-1961-4e45-8460-9328304c7956,Omfed under lens for substandard ghee supply,newindianexpress.com,2024-10-05,https://www.newindianexpress.com/states/odisha/2024/Oct/05/omfed-under-lens-for-substandard-ghee-supply,Ghee,relevant_event,0.95,Qwen/Qwen3.5-27B-FP8,validated,1,alleged,ghee,,adulteration | mislabeling,"Jagatsinghpur, Odisha, India",notice to Omfed,irrelevant,0.32336005,ghee_relevance_tfidf_minilm_ensemble_v1,2,0,8,10,2026-08-03T22:35:00Z
a6173d10-e782-4c90-b694-dcd538f7814b,Madras HC directs FSSAI to extend deadline for AR Dairy's explanation on substandard ghee allegations,newindianexpress.com,2024-10-04,https://www.newindianexpress.com/states/tamil-nadu/2024/Oct/04/madras-hc-directs-fssai-to-extend-deadline-for-ar-dairys-explanation-on-substandard-ghee-allegations,Ghee,unclear,0.85,Qwen/Qwen3.5-27B-FP8,validated,1,alleged,ghee,,substandard,"Madurai, Tamil Nadu, India",show cause notice,irrelevant,0.35927441,ghee_relevance_tfidf_minilm_ensemble_v1,0,0,3,7,2026-08-03T20:17:15Z
1128a8f6-0cc6-4d03-8af4-7a21e8f06e10,Pawan Kalyan Supports Naidu on Ghee Adulteration Controversy | Vijayawada News - Times of India,indiatimes.com,2024-10-03,https://timesofindia.indiatimes.com/city/vijayawada/pawan-kalyan-supports-naidu-on-ghee-adulteration-controversy/articleshow/113916567.cms,Ghee,unclear,0.65,Qwen/Qwen3.5-27B-FP8,validated,1,alleged,ghee | laddu,,adulteration,"Tirupati, Chittoor, Andhra Pradesh, India",,irrelevant,0.1768442,ghee_relevance_tfidf_minilm_ensemble_v1,1,0,0,2,2026-08-03T23:00:32Z
605a5556-8f00-4451-b915-748d4f4c256f,"Adulterated Ghee Supply: YSRCP changed terms & conditions to suit their interests, charges BJP",thehansindia.com,2024-10-02,https://www.thehansindia.com/news/cities/tirupathi/adulterated-ghee-supply-ysrcp-changed-terms-conditions-to-suit-their-interests-charges-bjp-911347,Ghee,unclear,0.65,Qwen/Qwen3.5-27B-FP8,validated,1,alleged,ghee,,adulteration,"Tirupati, Chittoor, Andhra Pradesh, India",,irrelevant,0.36735884,ghee_relevance_tfidf_minilm_ensemble_v1,0,0,2,9,2026-08-01T23:59:30Z
oil-3667d1bf7abe81ff,"Inspection Conducted at Burger King Outlet in Malakpet,",deccanchronicle.com,2024-10-01,https://www.deccanchronicle.com/southern-states/telangana/hyderabad-food-safety-dept-seizes-unsafe-cooking-oil-from-burger-king-outlet-1827348,Edible Oil,relevant_event,0.95,Qwen/Qwen3.5-27B-FP8,validated,1,unclear,palm oil,Total Polar Compound,substandard | contamination,"Hyderabad, Malakpet, Telangana, India",Seizure of 15 litres of cooking oil,irrelevant,0.2743342020610271,"ens_wavg[tfidf_linsvm/full+bge-large_rbfsvm/oilemb+roberta-base_lead_512/full|0.17,0.67,0.17]",4,0,4,2,2026-07-29T00:57:59Z
8c7ce700-9c8d-414c-98bf-195a887694e2,AR Dairy MD Seeks Anticipatory Bail Amid Adulterated Ghee Controversy | Vijayawada News - The Times of India,indiatimes.com,2024-09-30,https://timesofindia.indiatimes.com/city/vijayawada/ar-dairy-md-seeks-anticipatory-bail-amid-adulterated-ghee-controversy/articleshow/113825622.cms,Ghee,unclear,0.85,Qwen/Qwen3.5-27B-FP8,validated,1,alleged,ghee,,adulteration,"Vijayawada, Krishna, Andhra Pradesh, India",FIR registered | anticipatory bail sought,irrelevant,0.29389026,ghee_relevance_tfidf_minilm_ensemble_v1,0,0,5,11,2026-08-03T01:30:10Z
d11fa038-1162-4d93-9df5-6d5b35b8628b,Shocking Test Results: 1 in 5 Ghee Samples Found Impure in Hyderabad | Hyderabad News - The Times of India,indiatimes.com,2024-09-27,https://timesofindia.indiatimes.com/city/hyderabad/shocking-test-results-1-in-5-ghee-samples-found-impure-in-hyderabad/articleshow/113715846.cms,Ghee,relevant_event,,RedHatAI/Mistral-Small-3.2-24B-Instruct-2506-FP8,validated,3,pending_test,ghee,,adulteration,India,tested,relevant,0.58954175,ghee_relevance_tfidf_minilm_ensemble_v1,5,0,10,5,2026-08-05T09:19:33Z
062b101b-b9c4-4511-831b-10bd576db960,Andhra government sets up SIT to probe ghee adulteration,newindianexpress.com,2024-09-27,https://www.newindianexpress.com/states/andhra-pradesh/2024/Sep/27/andhra-government-sets-up-sit-to-probe-ghee-adulteration,Ghee,unclear,0.9,Qwen/Qwen3.5-27B-FP8,validated,1,alleged,ghee,adulterated cow ghee,adulteration,"Tirupati, Chittoor, Andhra Pradesh, India",SIT investigation,irrelevant,0.15077058,ghee_relevance_tfidf_minilm_ensemble_v1,0,0,4,3,2026-08-03T02:15:18Z
b556af30-b2db-4273-8b3b-a5b1ec113ebb,"Over 5,500 Kg Of Spurious Ghee Seized In Indore Ahead Of Navratri",freepressjournal.in,2024-09-26,https://www.freepressjournal.in/indore/over-5500-kg-of-spurious-ghee-seized-in-indore-ahead-of-navratri,Ghee,relevant_event,0.95,Qwen/Qwen3.5-27B-FP8,validated,1,alleged,ghee,palm oil | soybean oil | synthetic essence of ghee,adulteration,"Indore, Madhya Pradesh, India",seized | sealed,relevant,0.8960886,ghee_relevance_tfidf_minilm_ensemble_v1,5,0,4,1,2026-08-03T22:54:24Z
c31401f0-8925-4c85-8584-b77114064352,"Campaign to curb adulteration in desi ghee, butter launched across Uttarakhand",indiatimes.com,2024-09-25,https://economictimes.indiatimes.com/industry/cons-products/food/campaign-to-curb-adulteration-in-desi-ghee-butter-launched-across-uttarakhand/articleshow/113650180.cms,Ghee,unclear,,RedHatAI/Mistral-Small-3.2-24B-Instruct-2506-FP8,validated,0,,,,,,,,,,0,0,1,18,
4ab6dce1-5865-4c8a-be3d-669937a47b8c,"Goa: Aslam Bepari runs an illegal slaughterhouse in residential area, produces ghee from animal fat for sale in local markets",opindia.com,2024-09-25,https://www.opindia.com/2024/09/goa-illegal-slaughterhouse-raided-2-bovines-over-800-kgs-of-animal-fat-recovered-accused-aslam-was-using-it-to-produce-ghee/,Ghee,unclear,0.65,Qwen/Qwen3.5-27B-FP8,validated,1,alleged,ghee,animal fat,adulteration | unsafe_food,"Khareband, South Goa, Goa, India",raid | registration of offence,irrelevant,0.45727749,ghee_relevance_tfidf_minilm_ensemble_v1,1,0,2,11,2026-08-02T08:46:06Z
23ff1efe-782a-4174-8f33-41a3ff0e8c44,"Campaign to curb adulteration in desi ghee, butter launched across Uttarakhand",indiasnews.net,2024-09-25,https://www.indiasnews.net/news/274634407/campaign-to-curb-adulteration-in-desi-ghee-butter-launched-across-uttarakhand,Ghee,relevant_event,0.95,Qwen/Qwen3.5-27B-FP8,validated,1,suspected,ghee | butter,,adulteration,"Dehradun, Uttarakhand, India",Campaign to curb adulteration in desi ghee and butter,,,,4,0,8,18,2026-08-02T02:48:55Z
ef391115-fde1-44aa-ab00-abb8e2e7ec82,FSSAI Issues Notice to Ghee Supplier,deccanchronicle.com,2024-09-24,https://www.deccanchronicle.com/southern-states/andhra-pradesh/fssai-issues-notice-to-ghee-supplier-1825588,Ghee,relevant_event,0.95,Qwen/Qwen3.5-27B-FP8,validated,1,alleged,ghee,fish oil,adulteration,"Tirupati, Andhra Pradesh, India",show-cause notice,irrelevant,0.34908038,ghee_relevance_tfidf_minilm_ensemble_v1,2,0,4,11,2026-08-02T05:39:42Z
dc0d783f-efd5-4f42-999d-86064d44de2c,FSSAI issues show cause notice to ghee supplier,thehansindia.com,2024-09-24,https://www.thehansindia.com/news/national/fssai-issues-show-cause-notice-to-ghee-supplier-909190,Ghee,unclear,0.85,Qwen/Qwen3.5-27B-FP8,validated,1,alleged,ghee,,substandard | adulteration,"Dindigul, Tamil Nadu, India",show cause notice,irrelevant,0.26046473,ghee_relevance_tfidf_minilm_ensemble_v1,0,0,6,4,2026-08-02T05:43:21Z
3401730f-3850-4c7d-884f-dcdb1d086c42,"Yogi Govt Mandates Nameplates At Food Shops In UP, Enforces Stricter Food Safety Regulations",freepressjournal.in,2024-09-24,https://www.freepressjournal.in/india/up-government-mandates-nameplates-at-food-shops-enforces-stricter-food-safety-regulations,Ghee,relevant_event,0.9,Qwen/Qwen3.5-27B-FP8,validated,1,alleged,ghee | prasad,adulterated ghee,adulteration,"Andhra Pradesh, India",,irrelevant,0.28178017,ghee_relevance_tfidf_minilm_ensemble_v1,4,0,4,13,2026-08-04T11:51:48Z
e3010210-d10f-4cdc-b715-8502379dddee,Ghee samples taken from Annavaram temple | India News - The Times of India,indiatimes.com,2024-09-23,https://timesofindia.indiatimes.com/india/ghee-samples-taken-from-annavaram-temple/articleshow/113608021.cms,Ghee,unclear,,RedHatAI/Mistral-Small-3.2-24B-Instruct-2506-FP8,validated,0,,,,,,,irrelevant,0.35853179,ghee_relevance_tfidf_minilm_ensemble_v1,0,0,3,7,2026-08-05T09:06:42Z
d6ac231d-0b8e-446d-b41c-292a6610d88d,65 cans of ghee seized at Simhachalam,thehansindia.com,2024-09-23,https://www.thehansindia.com/news/cities/visakhapatnam/65-cans-of-ghee-seized-at-simhachalam-909001,Ghee,unclear,0.75,Qwen/Qwen3.5-27B-FP8,validated,1,alleged,ghee,,substitution | adulteration,"Visakhapatnam, Andhra Pradesh, India",seizure,,,,0,0,2,5,2026-08-01T22:55:36Z
565e4c4e-2617-467d-9664-fae8cf470d6f,"Ghee adulteration affects farmers badly, says Sodhi",thehindubusinessline.com,2024-09-23,https://www.thehindubusinessline.com/markets/commodities/ghee-adulteration-affects-farmers-badly-says-sodhi/article68673673.ece,Ghee,unclear,,RedHatAI/Mistral-Small-3.2-24B-Instruct-2506-FP8,validated,0,,,,,,,irrelevant,0.38621486,ghee_relevance_tfidf_minilm_ensemble_v1,2,0,6,23,
d5ea6760-4e72-48cc-8710-d76d28cf59f3,Ghee samples from Simhachalam temple sent for testing,deccanchronicle.com,2024-09-22,https://www.deccanchronicle.com/southern-states/andhra-pradesh/after-tirupati-ghee-used-for-simhachalam-prasadam-under-radar-1825234,Ghee,unclear,0.85,Qwen/Qwen3.5-27B-FP8,validated,1,pending_test,ghee,,adulteration,"Visakhapatnam, Andhra Pradesh, India",seizure | pending_action,irrelevant,0.44891356,ghee_relevance_tfidf_minilm_ensemble_v1,0,0,0,5,2026-08-02T08:14:35Z
a18ba308-f8ab-4590-b466-daf80aa2b59c,Andhra: MLAs Ganta and Vishnu raise concern over quality of Simhachalam temple ghee,newindianexpress.com,2024-09-22,https://www.newindianexpress.com/states/andhra-pradesh/2024/Sep/22/andhra-mlas-ganta-and-vishnu-raise-concern-over-quality-of-simhachalam-temple-ghee,Ghee,relevant_event,0.95,Qwen/Qwen3.5-27B-FP8,validated,1,suspected,ghee,Vanaspati | flower oil | palm oil,adulteration,"Visakhapatnam, Andhra Pradesh, India",inspection | seizure,irrelevant,0.24247464,ghee_relevance_tfidf_minilm_ensemble_v1,4,0,3,3,2026-08-03T02:24:01Z
73066633-67a8-4240-8c5a-3c4ae29b486d,"Bhumana terms CM's claims over adulterated ghee with animal fats as baseless, demands CBI probe | Amaravati News - The Times of India",indiatimes.com,2024-09-22,https://timesofindia.indiatimes.com/city/amaravati/bhumana-terms-cms-claims-over-adulterated-ghee-with-animal-fats-as-baseless-demands-cbi-probe/articleshow/113576589.cms,Ghee,relevant_event,0.9,Qwen/Qwen3.5-27B-FP8,validated,1,alleged,ghee,vegetable oils | animal fats,adulteration,"Tirupati, Chittoor, Andhra Pradesh, India",CBI probe demanded | contractor blacklisted,irrelevant,0.19695324,ghee_relevance_tfidf_minilm_ensemble_v1,4,0,4,5,2026-08-03T03:26:39Z
06518cd4-d0a4-41fd-ba18-26dd72db8e6d,‘Low quality of ghee used at Simhachalam temple’,thehansindia.com,2024-09-22,https://www.thehansindia.com/andhra-pradesh/low-quality-of-ghee-used-at-simhachalam-temple-908850,Ghee,unclear,0.85,Qwen/Qwen3.5-27B-FP8,validated,1,alleged,ghee,,substandard | adulteration,"Visakhapatnam, Andhra Pradesh, India",seizure,,,,0,0,6,13,2026-08-04T12:33:34Z
438c4f31-19bd-4ff3-bed4-035569ec6cbf,FDA seize suspected adulterated food items worth  ₹ 14.35 lakh,hindustantimes.com,2024-09-21,https://www.hindustantimes.com/cities/pune-news/fda-seize-suspected-adulterated-food-items-worth-14-35-lakh-101726859521928.html,Ghee,relevant_event,0.95,Qwen/Qwen3.5-27B-FP8,validated,1,suspected,ghee | vanaspati ghee,,adulteration | substandard,"Pune, Maharashtra, India",seizure,relevant,0.5509513,ghee_relevance_tfidf_minilm_ensemble_v1,1,0,5,12,2026-08-03T10:14:35Z
0a23e582-3dac-4091-bf36-a08d511a3763,"Major Crackdown: Over 1,000 kg Adulterated Ghee Seized, Sanchi To Lodge FIR",freepressjournal.in,2024-09-12,https://www.freepressjournal.in/indore/major-crackdown-over-1000-kg-adulterated-ghee-seized-sanchi-to-lodge-fir,Ghee,relevant_event,0.95,Qwen/Qwen3.5-27B-FP8,validated,1,alleged,ghee,counterfeit ghee,adulteration | counterfeit,"Indore, Madhya Pradesh, India",seizure | FIR Filing,relevant,0.6740304,ghee_relevance_tfidf_minilm_ensemble_v1,1,0,6,3,2026-08-03T20:38:08Z
oil-76b9943656157edc,"Poor quality oil found in kits distributed among tribes, fine of ₹7 lakh imposed on company",thehindu.com,2024-09-05,https://www.thehindu.com/news/national/kerala/poor-quality-oil-found-in-kits-distributed-among-tribes-fine-of-7-lakh-imposed-on-company/article68609646.ece,Edible Oil,relevant_event,0.95,Qwen/Qwen3.5-27B-FP8,validated,1,alleged,coconut oil,,substandard | mislabeling | unsafe_food,"Thodupuzha, Idukki, Kerala, India",Fine of ₹7 lakh,,,,2,0,5,15,2026-07-29T07:01:22Z
oil-21d4880656b0c52f,FSSAI seizes 14000 litres of oil Kanpur festive season,healthandme.com,2024-09-01,https://www.healthandme.com/nutrition/kanpur-food-adulteration-fssai-seizes-14000l-of-oil-1320kg-rotten-dates-and-more-ahead-of-festive-season-article-153707864,Edible Oil,unclear,0.85,Qwen/Qwen3.5-27B-FP8,validated,1,suspected,edible oil,,adulteration,"Kanpur, Uttar Pradesh, India",seizure,relevant,0.899515577163256,"ens_wavg[tfidf_linsvm/full+bge-large_rbfsvm/oilemb+roberta-base_lead_512/full|0.17,0.67,0.17]",4,0,9,23,2026-07-28T22:34:36Z
97c9d44f-1ca4-489d-a786-dc23f1fe1175,Food Safety Officers Uncover Trend of Selling Fake Products | Jaipur News - Times of India,indiatimes.com,2024-08-29,https://timesofindia.indiatimes.com/city/jaipur/food-safety-officers-uncover-trend-of-selling-fake-products/articleshow/112879595.cms,Ghee,relevant_event,0.95,Qwen/Qwen3.5-27B-FP8,validated,1,alleged,ghee,vegetable oil,adulteration | counterfeit,"Jaipur, Rajasthan, India",FIR filed | seizure,relevant,0.75549834,ghee_relevance_tfidf_minilm_ensemble_v1,1,0,7,11,2026-08-03T12:51:46Z
d2e1d2cd-5273-4719-986c-310770fec7a3,Spurious Ghee Packaging Raided in Jaipur | Jaipur News - Times of India,indiatimes.com,2024-08-28,https://timesofindia.indiatimes.com/city/jaipur/spurious-ghee-packaging-raided-in-jaipur/articleshow/112849832.cms,Ghee,unclear,0.85,Qwen/Qwen3.5-27B-FP8,validated,1,alleged,ghee,vegetable oils | ghee essence,adulteration | mislabeling | substitution,"Jaipur, Rajasthan, India",raid,relevant,0.8230979,ghee_relevance_tfidf_minilm_ensemble_v1,0,0,8,2,2026-08-04T03:17:00Z
oil-b434a85e1e9196d0,FDA Raid on 21 Food Establishments in Kanpur,indiatimes.com,2024-08-18,https://timesofindia.indiatimes.com/city/kanpur/fda-raid-on-21-food-establishments-in-kanpur/articleshow/112599302.cms,Edible Oil,relevant_event,0.92,Qwen/Qwen3.5-27B-FP8,validated,1,suspected,mustard oil,,adulteration,"Kanpur, Uttar Pradesh, India",seizure | sample_collection,,,,0,0,1,19,2026-07-29T13:59:17Z
eb84cbb3-24d1-4565-9ec1-8bd3b9d4bec9,129kg of spurious ghee seized in Vadodara | Vadodara News - Times of India,indiatimes.com,2024-08-11,https://timesofindia.indiatimes.com/city/vadodara/129kg-of-spurious-ghee-seized-in-vadodara/articleshow/112436304.cms,Ghee,relevant_event,0.95,Qwen/Qwen3.5-27B-FP8,validated,1,suspected,ghee,hydrogenated vegetable oil,adulteration,"Vadodara, Gujarat, India",seizure | raid,,,,1,0,7,2,2026-08-01T21:17:49Z
01b5f75c-e8d3-41fb-b38e-a96ce812e82c,Spurious Sumul ghee seized in Surat | Surat News - Times of India,indiatimes.com,2024-08-08,https://timesofindia.indiatimes.com/city/surat/spurious-sumul-ghee-seized-in-surat/articleshow/112359014.cms,Ghee,unclear,0.85,Qwen/Qwen3.5-27B-FP8,validated,1,alleged,ghee,,counterfeit | mislabeling,"Surat, Gujarat, India",arrest | raid | seizure,relevant,0.82961023,ghee_relevance_tfidf_minilm_ensemble_v1,0,0,7,3,2026-08-02T16:45:02Z
7fff536f-a3f5-4178-8817-edce8a50743d,Food safety officials uncover hygiene violations at dairy stores in Koti area of Hyderabad,thehindu.com,2024-08-05,https://www.thehindu.com/news/cities/Hyderabad/food-safety-officials-uncover-hygiene-violations-at-dairy-stores-in-koti-area-of-hyderabad/article68487434.ece,Ghee,unclear,0.85,Qwen/Qwen3.5-27B-FP8,validated,1,alleged,ghee,,adulteration | substandard | mislabeling | contamination | unsafe_food,"Hyderabad, Telangana, India",seizure,irrelevant,0.29564316,ghee_relevance_tfidf_minilm_ensemble_v1,0,0,5,5,2026-08-03T13:20:54Z
oil-fba2e5ff157abb74,"AMC seizes 180kg of âedible oilâ, seals 5 units",indiatimes.com,2024-07-28,https://timesofindia.indiatimes.com/city/ahmedabad/amc-seizes-180kg-of-edible-oil-seals-5-units/articleshow/112072084.cms,Edible Oil,unclear,0.95,Qwen/Qwen3.5-27B-FP8,validated,1,suspected,edible oil,,substandard,"Ahmedabad, Gujarat, India",seizure | sealing,,,,0,0,4,6,2026-07-29T22:46:08Z
oil-06d5928124689ba0,Raid Conducted on Fast Food Centers and Hotels for Using Adulterated Oils,thehansindia.com,2024-07-11,https://www.thehansindia.com/andhra-pradesh/raid-conducted-on-fast-food-centers-and-hotels-for-using-adulterated-oils-891217,Edible Oil,relevant_event,0.95,Qwen/Qwen3.5-27B-FP8,validated,1,suspected,adulterated oils,,adulteration,"Badwel, India",warning,irrelevant,0.3897,Weighted ensemble: TF-IDF Linear SVM + BGE-large RBF-SVM + RoBERTa-base,1,0,1,8,2026-07-28T19:11:57Z
oil-e1cd585e16b9635b,FSSAI issues notices to 55 edible oil manufacturers | Ahmedabad News - Times of India,indiatimes.com,2024-07-09,https://timesofindia.indiatimes.com/city/ahmedabad/fssai-issues-notices-to-55-edible-oil-manufacturers/articleshow/111591411.cms,Edible Oil,relevant_event,0.95,Qwen/Qwen3.5-27B-FP8,validated,1,suspected,edible oil,reused tin containers,contamination | prohibited_additive,"Ahmedabad, Gujarat, India",Notice to 55 edible oil manufacturers,irrelevant,0.1197170671829318,"ens_wavg[tfidf_linsvm/full+bge-large_rbfsvm/oilemb+roberta-base_lead_512/full|0.17,0.67,0.17]",2,0,1,7,2026-07-29T20:04:42Z
oil-846611108e27fafb,"From the pages of The Hindu, July 4, 1974: Edible oil adulterated with used motor oil",thehindu.com,2024-07-04,https://www.thehindu.com/archives/from-the-pages-of-the-hindu-july-4-1974-edible-oil-adulterated-with-used-motor-oil/article68364441.ece,Edible Oil,relevant_event,0.95,Qwen/Qwen3.5-27B-FP8,validated,1,alleged,edible oil,used motor oil,adulteration,India,written to Ministry of Petroleum and Chemicals | referred to Monopolies and Restrictive Trade Practices Commission,relevant,0.7144802381536722,"ens_wavg[tfidf_linsvm/full+bge-large_rbfsvm/oilemb+roberta-base_lead_512/full|0.17,0.67,0.17]",1,0,5,4,2026-07-29T08:23:31Z
4129beee-cd3f-4312-9b5e-90f628bb1bdb,Fake Ghee Identity: Thousands of tonnes of adulterated ghee seized: Hereâ_x0080__x0099_s how to identify fake ghee | - Times of India,indiatimes.com,2024-06-25,https://timesofindia.indiatimes.com/life-style/food-news/thousands-of-tonnes-of-adulterated-ghee-seized-heres-how-to-identify-fake-ghee/articleshow/111258066.cms,Ghee,unclear,0.65,Qwen/Qwen3.5-27B-FP8,validated,1,alleged,ghee,starch | other oil,adulteration,India,,relevant,0.87170165,ghee_relevance_tfidf_minilm_ensemble_v1,4,0,20,19,2026-08-03T11:25:41Z
fee252e0-d871-44c1-8917-1fd2d148377a,Duplicate ghee factory busted | Surat News - Times of India,indiatimes.com,2024-06-24,https://timesofindia.indiatimes.com/city/surat/duplicate-ghee-factory-busted/articleshow/111215881.cms,Ghee,relevant_event,,RedHatAI/Mistral-Small-3.2-24B-Instruct-2506-FP8,validated,1,recall_triggered,ghee,,adulteration,India,seizure,,,,3,0,0,7,2026-08-05T09:01:13Z
e6d36e44-00e2-4f9e-95b1-e892e44117eb,FDCA Seizes â_x0082_¹14 Lakh Worth of Adulterated Ghee and Palmolein Oil in Navsari | Ahmedabad News - Times of India,indiatimes.com,2024-06-24,https://timesofindia.indiatimes.com/city/ahmedabad/adulterated-ghee-palmolein-oil-worth-14l-seized/articleshow/111215219.cms,Ghee,relevant_event,0.95,Qwen/Qwen3.5-27B-FP8,validated,1,suspected,ghee | palmolein oil,palmolein oil,adulteration,"Navsari, Gujarat, India",seizure,relevant,0.8919619,ghee_relevance_tfidf_minilm_ensemble_v1,4,0,1,5,2026-08-03T10:31:10Z
f5653eaf-7d13-4c91-93c7-e30daca2ec3a,Food safety team seizes fake ghee at Jhotwara retail mart | Jaipur News - The Times of India,indiatimes.com,2024-06-23,https://timesofindia.indiatimes.com/city/jaipur/food-safety-team-seizes-fake-ghee-at-jhotwara-retail-mart/articleshow/111198853.cms,Ghee,relevant_event,0.95,Qwen/Qwen3.5-27B-FP8,validated,1,alleged,ghee,counterfeit Saras ghee,adulteration,"Jaipur, Rajasthan, India",seizure | FIR,,,,1,0,4,15,2026-08-02T07:57:04Z
2719a94d-d523-4fef-bfd9-a1bef16dd951,"FIR registered against retail mart, company in adulterated ghee case | Jaipur News - Times of India",indiatimes.com,2024-06-22,https://timesofindia.indiatimes.com/city/jaipur/fir-registered-against-retail-mart-company-in-adulterated-ghee-case/articleshow/111178942.cms,Ghee,relevant_event,0.95,Qwen/Qwen3.5-27B-FP8,validated,1,alleged,ghee,fake ghee,adulteration | counterfeit,"Jaipur, Rajasthan, India",FIR registered | seizure | notices issued,,,,1,0,1,8,2026-08-02T05:37:09Z
268e5866-7aea-4546-934f-f105a70b1096,450 litre spurious ghee seized from retail mart in city | Jaipur News - Times of India,indiatimes.com,2024-06-21,https://timesofindia.indiatimes.com/city/jaipur/450-litre-spurious-ghee-seized-from-retail-mart-in-city/articleshow/111151772.cms,Ghee,relevant_event,,RedHatAI/Mistral-Small-3.2-24B-Instruct-2506-FP8,validated,2,recall_triggered,ghee,,adulteration,India,seizure,,,,2,0,5,12,2026-08-05T08:52:57Z
oil-3bd1cf9862ff569d,Fake Edible Oil Ingredients: 6 harmful ingredients found in fake edible oil | - Times of India,indiatimes.com,2024-06-05,https://timesofindia.indiatimes.com/life-style/food-news/harmful-ingredients-in-fake-edible-oil/articleshow/110737364.cms,Edible Oil,relevant_event,0.95,Qwen/Qwen3.5-27B-FP8,validated,1,alleged,edible oil,Argemone oil,adulteration | counterfeit | mislabeling,"Ajmer, Rajasthan, India",seizure,relevant,0.692216452573848,"ens_wavg[tfidf_linsvm/full+bge-large_rbfsvm/oilemb+roberta-base_lead_512/full|0.17,0.67,0.17]",6,0,18,6,2026-07-29T01:21:10Z
oil-0d7b13a282f9b466,"Health News: Warning signs of diabetes seen in morning, how to identify fake cooking oil, laptop related health issues, common signs of vitamin A deficiency, and more | - The Times of India",indiatimes.com,2024-06-05,https://timesofindia.indiatimes.com/life-style/health-fitness/health-news/toi-health-news-morning-briefing-warning-signs-of-diabetes-seen-in-morning-how-to-identify-fake-cooking-oil-laptop-related-health-issues-common-signs-of-vitamin-a-deficiency-and-more/articleshow/110702015.cms,Edible Oil,relevant_event,0.95,Qwen/Qwen3.5-27B-FP8,validated,1,suspected,cooking oil,fake cooking oil,counterfeit | adulteration,"Ajmer, Rajasthan, India",seizure,irrelevant,0.2901291950930987,"ens_wavg[tfidf_linsvm/full+bge-large_rbfsvm/oilemb+roberta-base_lead_512/full|0.17,0.67,0.17]",1,0,0,1,2026-07-28T20:37:13Z
oil-63426d939d718e7f,How to identify fake cooking oil? (FSSAI recommended tips) - Times of India,indiatimes.com,2024-06-04,https://timesofindia.indiatimes.com/life-style/health-fitness/health-news/how-to-identify-fake-cooking-oil-fssai-recommended-tips/articleshow/110694766.cms,Edible Oil,relevant_event,0.95,Qwen/Qwen3.5-27B-FP8,validated,1,suspected,cooking oil,,mislabeling | adulteration,"Ajmer, Rajasthan, India",seizure,relevant,0.8945202964035499,"ens_wavg[tfidf_linsvm/full+bge-large_rbfsvm/oilemb+roberta-base_lead_512/full|0.17,0.67,0.17]",3,0,17,13,2026-07-29T04:44:36Z
94faca18-b471-4748-8bab-f399641cedbd,"Widespread food safety violations uncovered in Telangana hotels, dairy factories",siasat.com,2024-05-31,https://www.siasat.com/widespread-food-safety-violations-uncovered-in-telangana-hotels-dairy-factories-3035825/,Ghee,relevant_event,0.95,Qwen/Qwen3.5-27B-FP8,validated,1,alleged,ghee,unlabeled,adulteration | substandard,"Rangareddy, Telangana, India",seizure,irrelevant,0.19674815,ghee_relevance_tfidf_minilm_ensemble_v1,1,0,11,33,2026-08-04T11:23:46Z
oil-7b8839ea47991949,"Over 12,000 litre of âspuriousâ oil seized | Jaipur News - Times of India",indiatimes.com,2024-05-22,https://timesofindia.indiatimes.com/city/jaipur/over-12000-litre-of-spurious-oil-seized/articleshow/110316417.cms,Edible Oil,relevant_event,0.95,Qwen/Qwen3.5-27B-FP8,validated,1,suspected,Ranthambore brand mustard oil,,substandard,"Jaipur, Rajasthan, India",seizure,relevant,0.8477581365529225,"ens_wavg[tfidf_linsvm/full+bge-large_rbfsvm/oilemb+roberta-base_lead_512/full|0.17,0.67,0.17]",2,0,5,3,2026-07-29T07:37:20Z
b55fc156-b5e6-49b6-b4f1-e092d3b4f553,"Seizure of 4,000L Substandard Ghee in Kota District | Jaipur News - Times of India",indiatimes.com,2024-05-19,https://timesofindia.indiatimes.com/city/jaipur/seizure-of-4000l-substandard-ghee-in-kota-district/articleshow/110241473.cms,Ghee,relevant_event,0.95,Qwen/Qwen3.5-27B-FP8,validated,1,alleged,ghee,substandard,adulteration | mislabeling,"Kota, Rajasthan, India",seizure,relevant,0.91325097,ghee_relevance_tfidf_minilm_ensemble_v1,1,0,5,4,2026-08-02T16:09:26Z
29360917-382b-4b8f-bdce-393879ab5da7,13.7k litres of substandard ghee seized in VKI area | Jaipur News - Times of India,indiatimes.com,2024-05-18,https://timesofindia.indiatimes.com/city/jaipur/137k-litres-of-substandard-ghee-seized-in-vki-area/articleshow/110221368.cms,Ghee,unclear,0.85,Qwen/Qwen3.5-27B-FP8,validated,1,alleged,ghee,,substandard | mislabeling,"Jaipur, Rajasthan, India",seizure | inspection,,,,0,0,3,7,2026-08-01T21:22:21Z
cf78c36b-cd65-46db-8992-5e55e0efd754,"13,700 litres of spurious ghee seized from a factory in Jaipur",thehansindia.com,2024-05-17,https://www.thehansindia.com/news/national/13700-litres-of-spurious-ghee-seized-from-a-factory-in-jaipur-879061,Ghee,unclear,0.85,Qwen/Qwen3.5-27B-FP8,validated,1,alleged,ghee,,adulteration | mislabeling,"Jaipur, Rajasthan, India",seizure,,,,0,0,5,5,2026-08-01T21:20:03Z
oil-a0831d014f72baf3,2 fall ill after consuming McDonald’s cheese and Theobroma cake,indiatimes.com,2024-05-01,https://timesofindia.indiatimes.com/city/noida/2-fall-ill-after-consuming-mcdonalds-cheese-and-theobroma-cake/articleshow/109739869.cms,Edible Oil,unclear,0.85,Qwen/Qwen3.5-27B-FP8,validated,1,suspected,palm oil,,substandard | contamination,"Noida, Gautam Buddha Nagar, Uttar Pradesh, India",,,,,3,0,3,14,2026-07-29T12:08:50Z
b3b632d3-bab8-43e4-9749-51b79e59f7dd,"Fdca Seizes 2,700 Litres Of Adulterated Ghee | Ahmedabad News - Times of India",indiatimes.com,2024-04-20,https://timesofindia.indiatimes.com/city/ahmedabad/fdca-seizes-2700-litres-of-adulterated-ghee/articleshow/109447299.cms,Ghee,relevant_event,0.95,Qwen/Qwen3.5-27B-FP8,validated,1,suspected,ghee,,adulteration,"Palanpur, Gujarat, India",seizure,,,,3,0,1,6,2026-08-02T07:16:19Z
d3241ae6-2c77-4c8d-be5f-fc806ff45ba1,"Ghee Found Adulterated, Shop Owner Fined Of â_x0082_¹4l | Kanpur News - Times of India",indiatimes.com,2024-04-04,https://timesofindia.indiatimes.com/city/kanpur/ghee-found-adulterated-shop-owner-fined-of-4l/articleshow/109018165.cms,Ghee,unclear,0.75,Qwen/Qwen3.5-27B-FP8,validated,1,alleged,ghee,,adulteration,"Kanpur, Uttar Pradesh, India",fine of Rs. 4 lakhs,,,,1,0,3,6,2026-08-02T08:03:29Z
0b711d23-177a-4866-afa9-7de432db95d9,"Cheese, ghee samples fail quality test,  7 penalised - The Tribune",tribuneindia.com,2024-04-03,https://www.tribuneindia.com/news/punjab/cheese-ghee-samples-fail-quality-test-7-penalised-606869,Ghee,unclear,0.85,Qwen/Qwen3.5-27B-FP8,validated,1,alleged,ghee | cheese,,adulteration | substandard,"Fazilka, Punjab, India",penalty,,,,0,0,5,5,2026-08-03T05:08:00Z
e6f33250-4650-42ce-96e8-87ce7eebc853,Ghee Sample Fails Quality Test | Jaipur News - Times of India,indiatimes.com,2024-03-22,https://timesofindia.indiatimes.com/city/jaipur/ghee-sample-fails-quality-test/articleshow/108690337.cms,Ghee,relevant_event,0.95,Qwen/Qwen3.5-27B-FP8,validated,1,suspected,ghee,adulterated ghee,adulteration,"Jaipur, Rajasthan, India",Improvement notice | seizure,,,,2,0,2,6,2026-08-02T08:06:23Z
aed4c2cd-173b-48ae-ae3b-3677f3adc7c0,"Indore: Over 5,174 Liters Edible Oil Worth ₹8 lakh Seized",freepressjournal.in,2024-03-11,https://www.freepressjournal.in/indore/indore-over-5174-liters-edible-oil-worth-8-lakh-seized,Ghee,unclear,,RedHatAI/Mistral-Small-3.2-24B-Instruct-2506-FP8,validated,1,pending_test,ghee,,adulteration,"Indore (, Madhya Pradesh, India",sample_collected,irrelevant,0.42202455,ghee_relevance_tfidf_minilm_ensemble_v1,4,0,6,10,
f0921832-f3fd-4a67-90c4-38ae00ad5fa1,"16,000kg of ghee seized, adulteration suspected | Ahmedabad News - The Times of India",indiatimes.com,2024-03-06,https://timesofindia.indiatimes.com/city/ahmedabad/16000kg-of-ghee-seized-adulteration-suspected/articleshow/108249746.cms,Ghee,unclear,,RedHatAI/Mistral-Small-3.2-24B-Instruct-2506-FP8,validated,0,,,,,,,,,,0,0,7,3,2026-08-05T08:51:52Z
oil-5413f17944743156,"DCA raids clinics, seizes fake organic oils with false claims",thehansindia.com,2024-03-04,https://www.thehansindia.com/telangana/dca-raids-clinics-seizes-fake-organic-oils-with-false-claims-862432,Edible Oil,unclear,0.85,Qwen/Qwen3.5-27B-FP8,validated,1,suspected,almond oil | walnut oil | kalonji oil,,mislabeling | counterfeit,"Hyderabad, Telangana, India",seizure,relevant,0.678,Weighted ensemble: TF-IDF Linear SVM + BGE-large RBF-SVM + RoBERTa-base,0,0,1,13,2026-07-29T03:21:10Z
oil-a74af7bad030eb8a,MP: Spice Grinding Unit Sealed For Flouting Norms,freepressjournal.in,2024-02-25,https://www.freepressjournal.in/indore/mp-spice-grinding-unit-sealed-for-flouting-norms,Edible Oil,unclear,0.95,Qwen/Qwen3.5-27B-FP8,validated,1,suspected,soybean oil,,substandard | mislabeling,"Amjhera, Dhar, Madhya Pradesh, India",sealing | confiscation,,,,0,0,5,5,2026-07-29T13:01:39Z
75960a3a-f200-455c-8116-2f68594a8ccc,"Bhopal: 38 Quintals Of Substandard Mawa, Cheese Worth ₹9L Seized",freepressjournal.in,2024-02-24,https://www.freepressjournal.in/bhopal/bhopal-38-quintals-of-substandard-mawa-cheese-worth-9l-seized,Ghee,unclear,0.85,Qwen/Qwen3.5-27B-FP8,validated,1,alleged,ghee,,substandard,"Bhopal, Madhya Pradesh, India",fine,irrelevant,0.44172013,ghee_relevance_tfidf_minilm_ensemble_v1,2,0,8,8,2026-08-04T14:31:07Z
0facca96-d90c-4f21-ba98-356f7f6b1622,10k Litre of Spurious Ghee Seized in Jaipur: Fake Ghee Operation Uncovered | Jaipur News - Times of India,indiatimes.com,2024-02-22,https://timesofindia.indiatimes.com/city/jaipur/10k-litre-of-spurious-ghee-seized-in-jaipur-fake-ghee-operation-uncovered/articleshow/107898461.cms,Ghee,relevant_event,0.95,Qwen/Qwen3.5-27B-FP8,validated,1,alleged,ghee,fake ghee,adulteration | substitution,"Jaipur, Rajasthan, India",seizure | arrest,,,,1,0,6,3,2026-08-01T21:13:09Z
cfd3be60-c380-4a63-8e12-5fd8af9b72bd,"Food Safety Officers Seize 9,000kg of Spurious Ghee in Jaipur | Jaipur News - Times of India",indiatimes.com,2024-02-21,https://timesofindia.indiatimes.com/city/jaipur/food-safety-officers-seize-9000kg-of-spurious-ghee-in-jaipur/articleshow/107867957.cms,Ghee,relevant_event,0.95,Qwen/Qwen3.5-27B-FP8,validated,1,alleged,ghee,,adulteration | mislabeling,"Jaipur, Rajasthan, India",seizure | FIR filed,,,,1,0,3,6,2026-08-02T07:48:46Z
862f0286-9148-439e-a202-9a76c202cf65,Over 10K-litre fake ghee packed under well-known brand names seized in Jaipur,thehansindia.com,2024-02-21,https://www.thehansindia.com/news/national/over-10k-litre-fake-ghee-packed-under-well-known-brand-names-seized-in-jaipur-860129,Ghee,unclear,,RedHatAI/Mistral-Small-3.2-24B-Instruct-2506-FP8,validated,0,,,,,,,relevant,0.94520391,ghee_relevance_tfidf_minilm_ensemble_v1,0,0,11,9,
oil-6e721139517af252,MP: 200 Litres Adulterated Mustard Oil Found In Jabalpur Oil Factory During Surprise Inspection,freepressjournal.in,2024-02-19,https://www.freepressjournal.in/bhopal/mp-200-litres-adulterated-mustard-oil-found-in-jabalpur-oil-factory-during-surprise-inspection,Edible Oil,relevant_event,0.95,Qwen/Qwen3.5-27B-FP8,validated,1,suspected,mustard oil,,substandard | contamination | mislabeling,"Jabalpur, Madhya Pradesh, India",sealing,relevant,0.8136805913011256,"ens_wavg[tfidf_linsvm/full+bge-large_rbfsvm/oilemb+roberta-base_lead_512/full|0.17,0.67,0.17]",1,0,7,2,2026-07-29T05:58:37Z
32115ea1-6c5c-470d-93fc-b876a953f722,Adulterated Paneer Destroyed | Jaipur News - Times of India,indiatimes.com,2024-02-16,https://timesofindia.indiatimes.com/city/jaipur/adulterated-paneer-destroyed/articleshow/107738411.cms,Ghee,unclear,0.65,Qwen/Qwen3.5-27B-FP8,validated,1,suspected,ghee,,,"Jaipur, Rajasthan, India",inspection,irrelevant,0.32638749,ghee_relevance_tfidf_minilm_ensemble_v1,0,0,2,8,2026-08-04T13:44:08Z
a2f34801-271c-465d-ad53-8ff4cc2069b3,"Food For Thought: Product Quality, Hygiene Goes For A Toss In Dairy Farm Raid",freepressjournal.in,2024-02-10,https://www.freepressjournal.in/indore/food-for-thought-product-quality-hygiene-goes-for-a-toss-in-dairy-farm-raid,Ghee,unclear,0.85,Qwen/Qwen3.5-27B-FP8,validated,1,pending_test,ghee,,unsafe_food,"Indore, Madhya Pradesh, India",raid | notice_issued,irrelevant,0.23966807,ghee_relevance_tfidf_minilm_ensemble_v1,0,0,0,10,2026-08-03T12:33:09Z
91aa9ca8-e7d7-4036-a22f-5c8c8e7fc2ce,2.5k Litre Of Spurious Ghee Seized In Pali | Jaipur News - Times of India,indiatimes.com,2024-02-10,https://timesofindia.indiatimes.com/city/jaipur/2-5k-litre-of-spurious-ghee-seized-in-pali/articleshow/107572083.cms,Ghee,relevant_event,0.95,Qwen/Qwen3.5-27B-FP8,validated,1,alleged,ghee,hazardous chemicals,adulteration | substandard,"Pali, Rajasthan, India",raid | seizure,,,,2,0,1,5,2026-08-01T21:57:11Z
41d4a418-8f3a-42ca-9a61-8455f447463d,Fake Mysore Sandal soap scandal: KSDL raid exposes decade-long operation costing ₹500 cr.-₹600 cr.,thehindu.com,2024-01-22,https://www.thehindu.com/news/national/karnataka/fake-mysore-sandal-soap-scandal-ksdl-raid-exposes-decade-long-operation-costing-500-cr-600-cr/article67759775.ece,Ghee,unclear,0.65,Qwen/Qwen3.5-27B-FP8,validated,1,alleged,ghee,,counterfeit,"Hyderabad, Telangana, India",raid | apprehension,relevant,0.55952948,ghee_relevance_tfidf_minilm_ensemble_v1,0,0,2,18,2026-08-04T15:57:12Z
ec4180af-8ef1-49eb-99e7-2add9317d1db,Fake Mysore sandal soap unit in Telangana made over ₹500 crore in 10 years,thehindu.com,2024-01-20,https://www.thehindu.com/news/national/karnataka/raid-exposes-decade-long-fake-mysore-sandal-soap-operation-in-telangana/article67759001.ece,Ghee,unclear,0.65,Qwen/Qwen3.5-27B-FP8,validated,1,alleged,ghee,,counterfeit,"Hyderabad, Telangana, India",raid | arrest,relevant,0.59640929,ghee_relevance_tfidf_minilm_ensemble_v1,0,0,6,18,2026-08-04T15:59:01Z
8ae52853-2d35-41ab-ad39-cf336cd3746f,FDCA seizes 550 litres of adulterated ghee in Jamnagar | Ahmedabad News - Times of India,indiatimes.com,2024-01-09,https://timesofindia.indiatimes.com/city/ahmedabad/fdca-seizes-550-litres-of-adulterated-ghee-in-jamnagar/articleshow/106651461.cms,Ghee,unclear,0.75,Qwen/Qwen3.5-27B-FP8,validated,1,alleged,ghee | palm oil | vegetable oil | interesterified vegetable fats,palm oil | vegetable oil | interesterified vegetable fats,adulteration,"Jamnagar, Gujarat, India",raid | seizure,,,,1,0,4,5,2026-08-02T05:34:38Z
892c7a97-bb6b-47a5-9402-8a5293acf25b,Bhiwandi Nizampur civic body seizes 15 kg of ghee mixed with animal fat,hindustantimes.com,2024-01-06,https://www.hindustantimes.com/cities/mumbai-news/bhiwandi-nizampur-civic-body-seizes-15-kg-of-ghee-mixed-with-animal-fat-101704528996768.html,Ghee,relevant_event,0.95,Qwen/Qwen3.5-27B-FP8,validated,1,alleged,ghee,animal fat,adulteration,"Bhiwandi, Thane, Maharashtra, India",seizure | destruction,relevant,0.63836464,ghee_relevance_tfidf_minilm_ensemble_v1,2,0,6,10,2026-08-03T03:23:01Z
oil-e39fdddbd1ead59b,Over 4 lakh litres seized in drive against substandard edible oil in UP,theprint.in,2024-01-01,https://theprint.in/india/over-4-lakh-litres-seized-in-drive-against-substandard-edible-oil-in-up/2866887/,Edible Oil,relevant_event,0.95,Qwen/Qwen3.5-27B-FP8,validated,1,suspected,edible oil,,substandard,"Lucknow, Uttar Pradesh, India",seizure | inspection | correction notices,relevant,0.9047990471298696,"ens_wavg[tfidf_linsvm/full+bge-large_rbfsvm/oilemb+roberta-base_lead_512/full|0.17,0.67,0.17]",1,0,2,23,2026-07-29T20:22:33Z
oil-9c21da748413e6f9,‘Pressing’ issues: Coconut oil first in line for ‘Made in Kerala’ tag,newindianexpress.com,2023-12-22,https://www.newindianexpress.com/states/kerala/2023/dec/22/pressing-issues-coconut-oil-first-in-line-for-made-in-kerala-tag-2643748.html,Edible Oil,relevant_event,0.85,Qwen/Qwen3.5-27B-FP8,validated,1,suspected,coconut oil,adulterated oil,adulteration,"Thiruvananthapuram, Kerala, India",,relevant,0.5198,Weighted ensemble: TF-IDF Linear SVM + BGE-large RBF-SVM + RoBERTa-base,1,0,4,11,2026-07-29T11:20:07Z
550bda80-b5be-488a-89f6-64b9698b4033,Adulterated Ghee: Adulterated Ghee Seized in Gujarat: Beware of Duplicate Branded Ghee | Ahmedabad News - The Times of India,indiatimes.com,2023-12-21,https://timesofindia.indiatimes.com/city/ahmedabad/adulterated-ghee-seized-in-gujarat-beware-of-duplicate-branded-ghee/articleshow/106168455.cms,Ghee,relevant_event,0.95,Qwen/Qwen3.5-27B-FP8,validated,1,alleged,ghee,soybean oil | vegetable oil | palm oil | ghee flavour | potato | starch,adulteration,"Gujarat, India",seizure,,,,7,0,7,1,2026-08-02T00:03:56Z
28d07f79-1bb9-46e2-8efc-3bb27957e9be,Duplicate Ghee-Making Racket Busted: Four Arrested | Rajkot News - Times of India,indiatimes.com,2023-12-21,https://timesofindia.indiatimes.com/city/rajkot/duplicate-ghee-making-racket-busted-four-arrested/articleshow/106169034.cms,Ghee,unclear,0.85,Qwen/Qwen3.5-27B-FP8,validated,1,alleged,ghee,vegetable ghee | edible oil | chemical and essence,adulteration | unsafe_food,"Rajkot, Amreli, Gujarat, India",arrest | seizure | FIR,,,,0,0,3,13,2026-08-02T04:00:18Z
a285c49b-cfb1-4837-890a-846882ad50ba,"FDCA seizes 3,200kg of ghee for suspected adulteration | News | Ahmedabad News - Times of India",indiatimes.com,2023-12-19,https://timesofindia.indiatimes.com/city/ahmedabad/https/example-com/fdca-seizes-ghee-adulteration/articleshow/106107809.cms,Ghee,unclear,0.9,Qwen/Qwen3.5-27B-FP8,validated,1,suspected,ghee | vanaspati ghee,,adulteration,"Deesa, Banaskantha, Gujarat, India",raid | seizure | legal action,relevant,0.84482478,ghee_relevance_tfidf_minilm_ensemble_v1,0,0,1,9,2026-08-03T10:33:43Z
oil-077084a32a4e8faa,Navi Mumbai: 7 booked for selling adulterated edible oil,mid-day.com,2023-12-07,https://www.mid-day.com/mumbai/mumbai-crime-news/article/navi-mumbai-7-booked-for-selling-adulterated-edible-oil-23323774,Edible Oil,relevant_event,0.95,Qwen/Qwen3.5-27B-FP8,validated,1,alleged,palm oil | groundnut oil | safflower oil,animal fats | harmful substances,adulteration | substitution,"Navi Mumbai, Thane, Maharashtra, India",First Information Report,relevant,0.7117216974740115,"ens_wavg[tfidf_linsvm/full+bge-large_rbfsvm/oilemb+roberta-base_lead_512/full|0.17,0.67,0.17]",2,0,4,3,2026-07-28T19:14:32Z
oil-028241dff8c29c89,'Spurious' food items seized at Ferozepur meritorious school,tribuneindia.com,2023-12-04,https://www.tribuneindia.com/news/punjab/spurious-food-items-seized-at-ferozepur-meritorious-school-568467,Edible Oil,unclear,0.85,Qwen/Qwen3.5-27B-FP8,validated,1,suspected,refined oil | flour,unknown adulterant,adulteration,"Hakumatwala, Ferozepur, Punjab, India",seizure,irrelevant,0.2628,Weighted ensemble: TF-IDF Linear SVM + BGE-large RBF-SVM + RoBERTa-base,0,0,4,6,2026-07-28T18:08:30Z
5710a503-9fbe-46ae-abd5-2663069b70db,"Delhi: Fake Ghee Making Factory Busted In Dwarka, Labels Of Brands Such As Patanjali, Mother Dairy, Amul Recovered",india.com,2023-11-24,https://www.india.com/news/delhi/delhi-fake-ghee-making-factory-busted-in-dwarka-labels-of-brands-such-as-patanjali-mother-dairy-amul-recovered-6531374/,Ghee,relevant_event,0.95,Qwen/Qwen3.5-27B-FP8,validated,1,alleged,ghee,vanaspati oil | burnt engine oil | low-grade palm oil | dangerous chemicals,adulteration | counterfeit,"Dwarka, Delhi, India",factory busted | arrest,,,,4,0,6,10,2026-08-03T07:18:37Z
473ed916-1979-4222-b1e8-38d39c51fe03,"Fake ghee manufacturing unit busted in Delhi, packaging material of Amul, Mother Dairy, Patanjali recovered",punjabnewsexpress.com,2023-11-24,https://www.punjabnewsexpress.com/news/news/fake-ghee-manufacturing-unit-busted-in-delhi-packaging-material-of-amul-mother-dairy-patanjali-recovered-230157,Ghee,relevant_event,0.95,Qwen/Qwen3.5-27B-FP8,validated,1,alleged,ghee,artificial ghee | ghee like substance,adulteration | counterfeit,"Dichaun Kalan, Dwarka, Delhi, India",raid | case registration,,,,2,0,8,9,2026-08-02T07:00:19Z
9dcd951d-defc-4b8c-804b-344f1b5a6c58,"400kg ‘spurious’ paneer goes missing, Patiala food safety officer booked",hindustantimes.com,2023-11-19,https://www.hindustantimes.com/cities/chandigarh-news/400kg-spurious-paneer-goes-missing-patiala-food-safety-officer-booked-101700337717077.html,Ghee,unclear,0.85,Qwen/Qwen3.5-27B-FP8,validated,1,alleged,vanaspati ghee,,substandard | unsafe_food,"Patiala, Punjab, India",seizure | booking,irrelevant,0.44814715,ghee_relevance_tfidf_minilm_ensemble_v1,0,0,4,15,2026-08-04T13:18:35Z
854ce0e9-9492-46fa-a586-5e280eeaf82d,FDA draws 142 food samples during Diwali festival,hindustantimes.com,2023-11-18,https://www.hindustantimes.com/cities/pune-news/fda-draws-142-food-samples-during-diwali-festival-101700330937164.html,Ghee,unclear,0.85,Qwen/Qwen3.5-27B-FP8,validated,1,suspected,ghee | edible oil,,adulteration,"Pune, Maharashtra, India",improvement notices | confiscation,irrelevant,0.47620044,ghee_relevance_tfidf_minilm_ensemble_v1,0,0,4,15,2026-08-03T09:57:51Z
b74ea6b7-33b4-49d4-bc5b-d457461f95d6,Milk Products: Fda Inspects Med Fitness Of Staff At 48 Hotels & 21 Outlets | Nagpur News - The Times of India,indiatimes.com,2023-11-11,https://timesofindia.indiatimes.com/city/nagpur/fda-inspects-med-fitness-of-staff-at-48-hotels-21-outlets/articleshow/105137850.cms,Ghee,unclear,0.65,Qwen/Qwen3.5-27B-FP8,validated,1,suspected,ghee,,substitution | adulteration,"Nagpur, Maharashtra, India",,irrelevant,0.46317569,ghee_relevance_tfidf_minilm_ensemble_v1,1,0,4,15,2026-08-04T18:40:46Z
816a43e1-6b33-4a27-a385-9d12dd8e924f,11 quintals of spurious ghee seized in Malerkotla - The Tribune,tribuneindia.com,2023-11-11,https://www.tribuneindia.com/news/punjab/11-quintals-of-spurious-ghee-seized-in-malerkotla-561529,Ghee,relevant_event,0.95,Qwen/Qwen3.5-27B-FP8,validated,1,alleged,ghee,unspecified,adulteration,"Malerkotla, Sangrur, Punjab, India",confiscation,,,,1,0,3,3,2026-08-01T21:15:15Z
3d7aaa2a-0614-4dc9-a5ca-1043971e35b2,Fake ghee producing unit busted in Berhampur,thehansindia.com,2023-11-10,https://www.thehansindia.com/news/national/fake-ghee-producing-unit-busted-in-berhampur-836741,Ghee,unclear,0.85,Qwen/Qwen3.5-27B-FP8,validated,1,alleged,ghee,burnt oil | burnt mobil | low grade palm oil | low grade palmolein oil | hazardous chemicals,adulteration | substitution | unsafe_food,"Berhampur, Ganjam, Odisha, India",arrest | seizure | case_registered,,,,0,0,3,7,2026-08-02T07:03:24Z
oil-829d382c68663635,"Nashik Fda Cracks Down On Adulterated Food Items, Oil | Nashik News - The Times of India",indiatimes.com,2023-11-09,https://timesofindia.indiatimes.com/city/nashik/nashik-fda-cracks-down-on-adulterated-food-items-oil/articleshow/105082876.cms,Edible Oil,relevant_event,0.95,Qwen/Qwen3.5-27B-FP8,validated,1,suspected,loose oil | shrikhand,,adulteration | substandard,"Nashik, Maharashtra, India",seizure,relevant,0.9009942870544224,"ens_wavg[tfidf_linsvm/full+bge-large_rbfsvm/oilemb+roberta-base_lead_512/full|0.17,0.67,0.17]",4,0,7,9,2026-07-29T08:18:30Z
ff4c3069-118e-4f08-aa39-6394130a8ec4,"Punjab: 6,500 kg of spurious sweets, milk items seized in 10 days - The Tribune",tribuneindia.com,2023-11-09,https://www.tribuneindia.com/news/punjab/6-500-kg-of-spurious-sweets-milk-items-seized-in-10-days-560816,Ghee,relevant_event,,RedHatAI/Mistral-Small-3.2-24B-Instruct-2506-FP8,provisional,1,pending_test,ghee,,adulteration,India,seizure,irrelevant,0.48885288,ghee_relevance_tfidf_minilm_ensemble_v1,1,0,3,16,2026-08-05T10:01:48Z
85680853-3899-4f21-b262-dbe3e8893779,"3,000 kg adulterated ghee seized in Uttar Pradesh's Firozabad",indiatoday.in,2023-11-09,https://www.indiatoday.in/cities/agra/story/diwali-2023-adulterated-ghee-seized-in-uttar-pradeshs-firozabad-2460654-2023-11-09?utm_source=rss,Ghee,relevant_event,0.95,Qwen/Qwen3.5-27B-FP8,validated,1,alleged,ghee,refined vegetable oil | chemicals,adulteration,"Firozabad, Uttar Pradesh, India",seizure | case registered,,,,2,0,3,3,2026-08-01T22:04:57Z
oil-f8ae628f96d390f8,"Mumbai News: Adulterated Sweets, Edible Oil Worth ₹1.64 Lakh Seized By FDA",freepressjournal.in,2023-11-06,https://www.freepressjournal.in/mumbai/mumbai-news-adulterated-sweets-edible-oil-worth-164-lakh-seized-by-fda,Edible Oil,unclear,0.95,Qwen/Qwen3.5-27B-FP8,validated,2,suspected,sunflower oil | palmolein oil | used cooking oil,,substandard | mislabeling,"Mumbai, Maharashtra, India",raid | seizure,relevant,0.8980067916239759,"ens_wavg[tfidf_linsvm/full+bge-large_rbfsvm/oilemb+roberta-base_lead_512/full|0.17,0.67,0.17]",0,0,6,14,2026-07-29T22:33:04Z
0ee10a0f-e88e-4f6c-b7d1-13d26c0e14f0,"Fdca Seizes Sweets, Ghee Worth â_x0082_¹9l | Ahmedabad News - Times of India",indiatimes.com,2023-11-06,https://timesofindia.indiatimes.com/city/ahmedabad/fdca-seizes-sweets-ghee-worth-9l/articleshow/104997373.cms,Ghee,unclear,,RedHatAI/Mistral-Small-3.2-24B-Instruct-2506-FP8,validated,0,,,,,,,,,,0,0,6,4,2026-08-05T09:05:27Z
9bcfca4f-0622-4fb7-8596-96f44679681e,Madhya Pradesh: FDA Collects Food Samples From 15 Eateries,freepressjournal.in,2023-10-30,https://www.freepressjournal.in/bhopal/madhya-pradesh-fda-collects-food-samples-from-15-eateries,Ghee,unclear,0.85,Qwen/Qwen3.5-27B-FP8,validated,1,pending_test,ghee,,adulteration,"Morena, Madhya Pradesh, India",sample_collection,irrelevant,0.36652295,ghee_relevance_tfidf_minilm_ensemble_v1,0,0,5,5,2026-08-03T20:15:06Z
aa57f0d8-8cb4-4c4c-8ef4-4c4acdef25e4,"2,633kg Of Spurious Ghee Confiscated | Ahmedabad News - Times of India",indiatimes.com,2023-10-22,https://timesofindia.indiatimes.com/city/ahmedabad/2633kg-of-spurious-ghee-confiscated/articleshow/104618362.cms,Ghee,relevant_event,0.95,Qwen/Qwen3.5-27B-FP8,validated,2,alleged,ghee,,adulteration | unclear,"Ahmedabad, Gujarat, India | Umargam, Valsad, Gujarat, India",seizure,,,,2,0,2,6,2026-08-01T21:54:27Z
faaca14c-514a-4f25-897a-cd9bbc31d5d0,"1,100 Litres Of Cheap Ghee Seized In City | Jaipur News - Times of India",indiatimes.com,2023-10-18,https://timesofindia.indiatimes.com/city/jaipur/1100-litres-of-cheap-ghee-seized-in-city/articleshow/104512484.cms,Ghee,relevant_event,0.95,Qwen/Qwen3.5-27B-FP8,validated,1,suspected,ghee,,substandard,"Jaipur, Rajasthan, India",seizure,,,,1,0,2,3,2026-08-01T20:58:07Z
5118358f-2777-4bfd-a761-adb4bc1da763,Ludhiana: Out of 134 samples 25 items fail food safety test in three months,hindustantimes.com,2023-10-18,https://www.hindustantimes.com/cities/chandigarh-news/ludhiana-out-of-134-samples-25-items-fail-food-safety-test-in-three-months-101697652910066.html,Ghee,relevant_event,,RedHatAI/Mistral-Small-3.2-24B-Instruct-2506-FP8,provisional,1,pending_test,ghee,,adulteration,India,sample_collection,relevant,0.53293169,ghee_relevance_tfidf_minilm_ensemble_v1,3,0,12,14,2026-08-05T09:54:35Z
a8fd8e02-d017-41f0-9739-810997928ff8,"Amc Destroys 1,300kg Of Expired Ghee Seized In Odhav | Ahmedabad News - Times of India",indiatimes.com,2023-10-17,https://timesofindia.indiatimes.com/city/ahmedabad/amc-destroys-1300kg-of-expired-ghee-seized-in-odhav/articleshow/104482934.cms,Ghee,unclear,0.65,Qwen/Qwen3.5-27B-FP8,validated,1,alleged,ghee,,adulteration | substandard,"Ahmedabad, Gujarat, India",destruction | fine,,,,0,0,2,8,2026-08-02T00:49:47Z
425c17fe-426b-4774-a9a2-df78c6014be9,810 Litres Of Ghee Seized In Surajpole | Jaipur News - Times of India,indiatimes.com,2023-10-10,https://timesofindia.indiatimes.com/city/jaipur/810-litres-of-ghee-seized-in-surajpole/articleshow/104299904.cms,Ghee,unclear,0.85,Qwen/Qwen3.5-27B-FP8,validated,1,suspected,ghee,,substandard,"Jaipur, Rajasthan, India",seizure | notice_issued,,,,0,0,0,10,2026-08-01T23:23:25Z
a06cd968-9dc5-42c5-a6e8-3d3c36dfc8c2,â_x0080__x0098_substandard Ghee Supplied To Make Prasad In Ambajiâ_x0080__x0099_ | Vadodara News - The Times of India,indiatimes.com,2023-10-04,https://timesofindia.indiatimes.com/city/vadodara/substandard-ghee-supplied-to-make-prasad-in-ambaji/articleshow/104146821.cms,Ghee,relevant_event,0.95,Qwen/Qwen3.5-27B-FP8,validated,1,alleged,ghee,loose ghee,adulteration | mislabeling,"Ambaji, Banaskantha, Gujarat, India",FIR registered | contract cancellation | seizure,relevant,0.67858363,ghee_relevance_tfidf_minilm_ensemble_v1,4,0,17,10,2026-08-02T22:03:35Z
8aaa4093-987c-4a1d-8fbd-8e1d1e495fe3,"Chatuhshringi police, FDA seize 650 kg of adulterated ghee, oil",hindustantimes.com,2023-10-04,https://www.hindustantimes.com/cities/pune-news/chatuhshringi-police-fda-seize-650-kg-of-adulterated-ghee-oil-101696443911789.html,Ghee,relevant_event,0.95,Qwen/Qwen3.5-27B-FP8,validated,1,alleged,ghee,spurious ghee,adulteration,"Pune, Maharashtra, India",seizure | arrest,,,,1,0,5,8,2026-08-02T02:51:05Z
b1241f51-233e-4423-9bcb-79135fd452d1,"Indore: Food Safety Officers Crackdown On Sweet Shops, Milk Parlours",freepressjournal.in,2023-08-30,https://www.freepressjournal.in/indore/indore-food-safety-officers-crackdown-on-sweet-shops-milk-parlours,Ghee,unclear,0.65,Qwen/Qwen3.5-27B-FP8,validated,1,suspected,ghee,,adulteration,"Indore, Madhya Pradesh, India",sampling,irrelevant,0.25357164,ghee_relevance_tfidf_minilm_ensemble_v1,0,0,5,15,2026-08-04T17:44:58Z
2ad1f047-985c-4c59-aa13-749fa75bcba9,Hyderabad: Man held for selling adulterated ghee in Secunderabad,siasat.com,2023-08-20,https://www.siasat.com/hyderabad-man-held-for-selling-adulterated-ghee-in-secunderabad-2672406/,Ghee,relevant_event,0.95,Qwen/Qwen3.5-27B-FP8,validated,1,alleged,ghee,Dalda cooking oil | groundnut oil,adulteration,"Secunderabad, Hyderabad, Telangana, India",arrest | seizure,,,,1,0,5,4,2026-08-02T09:02:09Z
944709d1-19c5-461e-a509-d35f5314cc8e,"Spurious Ghee Racket Busted In City, 1 Arrested | Jaipur News - Times of India",indiatimes.com,2023-08-13,https://timesofindia.indiatimes.com/city/jaipur/spurious-ghee-racket-busted-in-city-1-arrested/articleshow/102689895.cms,Ghee,relevant_event,,RedHatAI/Mistral-Small-3.2-24B-Instruct-2506-FP8,validated,1,pending_test,ghee,,adulteration,"Jaipur, Rajasthan, India",seizure,relevant,0.92094039,ghee_relevance_tfidf_minilm_ensemble_v1,2,0,11,4,
oil-bfcfd938ead3b8a8,Adani Wilmar files FIR against sale of counterfeit ‘Fortune’ products by Jumbotail,financialexpress.com,2023-07-23,https://www.financialexpress.com/industry/adani-wilmar-files-fir-against-sale-of-counterfeit-fortune-products-by-jumbotail/3183110/,Edible Oil,relevant_event,0.95,Qwen/Qwen3.5-27B-FP8,validated,1,alleged,mustard oil | soybean oil,,counterfeit,"Gautam Budhnagar, Uttar Pradesh, India",raid | FIR filed,irrelevant,0.4479,Weighted ensemble: TF-IDF Linear SVM + BGE-large RBF-SVM + RoBERTa-base,1,0,5,13,2026-07-29T14:57:28Z
oil-30270b1b4280233d,Adani Wilmar Files Police Complaint Against Sale Of Counterfeit Fortune Brand Products,freepressjournal.in,2023-07-23,https://www.freepressjournal.in/business/adani-wilmar-files-police-complaint-against-sale-of-counterfeit-fortune-brand-products,Edible Oil,unclear,0.95,Qwen/Qwen3.5-27B-FP8,validated,1,alleged,Fortune Kacchi Ghani Mustard Oil | Fortune Refined Soybean Oil | Fortune Sarso Oil,,counterfeit,"Badalpur, Gautam Budhnagar District, Uttar Pradesh, India",FIR lodged | raid,relevant,0.587,Weighted ensemble: TF-IDF Linear SVM + BGE-large RBF-SVM + RoBERTa-base,0,0,4,15,2026-07-28T23:31:56Z
oil-7269f661e72c703f,Adani Wilmar files police complaint against sale of counterfeit Fortune brand products,indiatimes.com,2023-07-22,https://timesofindia.indiatimes.com/business/india-business/adani-wilmar-files-police-complaint-against-sale-of-counterfeit-fortune-brand-products/articleshow/102043619.cms,Edible Oil,unclear,0.95,Qwen/Qwen3.5-27B-FP8,validated,1,alleged,Fortune Kacchi Ghani Mustard Oil | Fortune Refined Soybean Oil | Fortune Sarso Oil,,counterfeit,"Gautam Budhnagar, Uttar Pradesh, India",FIR lodged | raid,relevant,0.575,Weighted ensemble: TF-IDF Linear SVM + BGE-large RBF-SVM + RoBERTa-base,0,0,3,16,2026-07-29T06:23:38Z
e4728db7-8435-4d56-a8e8-4801f947fe06,"3,000kg Fake Ghee Of Big Brands Seized | Jaipur News - Times of India",indiatimes.com,2023-06-11,https://timesofindia.indiatimes.com/city/jaipur/3000kg-fake-ghee-of-big-brands-seized/articleshow/100908720.cms,Ghee,unclear,,RedHatAI/Mistral-Small-3.2-24B-Instruct-2506-FP8,validated,0,,,,,,,,,,0,0,6,4,2026-08-05T08:52:14Z
af39a6bd-49a4-4147-b209-1b379c683ffc,"Noida News: Gang selling fake branded ghee, butter busted; 5 arrested",dnaindia.com,2023-06-05,https://www.dnaindia.com/india/report-noida-news-gang-selling-fake-branded-ghee-butter-busted-5-arrested-3046195,Ghee,unclear,0.85,Qwen/Qwen3.5-27B-FP8,validated,1,alleged,ghee | butter,,counterfeit | mislabeling,"Noida, Gautam Buddha Nagar, Uttar Pradesh, India",arrest | seizure,relevant,0.74181973,ghee_relevance_tfidf_minilm_ensemble_v1,0,0,4,14,2026-08-02T13:46:04Z
e688c1b4-b019-430d-8022-64657e96dbea,7 spurious ghee units raided in Hisar and Jind | Chandigarh News - Times of India,indiatimes.com,2023-06-02,https://timesofindia.indiatimes.com/city/chandigarh/7-spurious-ghee-units-raided-in-hisar-and-jind/articleshow/100697291.cms,Ghee,unclear,0.85,Qwen/Qwen3.5-27B-FP8,validated,1,alleged,ghee | paneer,,adulteration | counterfeit,"Hisar, Haryana, India",raid,relevant,0.69373605,ghee_relevance_tfidf_minilm_ensemble_v1,1,0,1,8,2026-08-03T01:24:04Z
52bd3a8a-1c92-484d-8be6-5f7e4a7274e1,Food Dept raids units making spurious ghee - The Tribune,tribuneindia.com,2023-06-02,https://www.tribuneindia.com/news/haryana/food-dept-raids-units-making-spurious-ghee-513513,Ghee,relevant_event,0.95,Qwen/Qwen3.5-27B-FP8,validated,1,alleged,ghee,,adulteration | counterfeit,"Hisar, Haryana, India",raid,relevant,0.64687917,ghee_relevance_tfidf_minilm_ensemble_v1,1,0,1,5,2026-08-03T12:31:10Z
870513e6-5856-4911-a287-e44b696e07ee,179kg Of â_x0080__x0098_vanaspatiâ_x0080__x0099_ Seized From Shop | Vadodara News - Times of India,indiatimes.com,2023-05-20,https://timesofindia.indiatimes.com/city/vadodara/179kg-of-vanaspati-seized-from-shop/articleshow/100369714.cms,Ghee,unclear,0.75,Qwen/Qwen3.5-27B-FP8,validated,1,alleged,vanaspati | ghee,,mislabeling,"Vadodara, Gujarat, India",seizure,relevant,0.75542065,ghee_relevance_tfidf_minilm_ensemble_v1,1,0,3,5,2026-08-02T23:41:04Z
451d9824-7933-403d-beaa-1ac6398509c9,Ujjain: Adulterated ghee seized from Unhel firm,freepressjournal.in,2023-05-17,https://www.freepressjournal.in/ujjain/ujjain-adulterated-ghee-seized-from-unhel-firm,Ghee,relevant_event,0.95,Qwen/Qwen3.5-27B-FP8,validated,1,alleged,ghee,,adulteration,"Unhel, Ujjain, Madhya Pradesh, India",seizure | proposal to suspend food safety officer,relevant,0.62800647,ghee_relevance_tfidf_minilm_ensemble_v1,1,0,2,7,2026-08-02T21:37:55Z
79f059b8-00b2-4345-ad46-440c7bc371df,"Madhya Pradesh: Adulterated khoya, ghee seized from Unhel Dairy Farm",freepressjournal.in,2023-05-11,https://www.freepressjournal.in/indore/madhya-pradesh-adulterated-khoya-ghee-seized-from-unhel-dairy-farm,Ghee,relevant_event,0.95,Qwen/Qwen3.5-27B-FP8,validated,1,alleged,khoya | vanaspati ghee,artificial flavors | vanaspati ghee,adulteration,"Unhel, Ujjain, Madhya Pradesh, India",seizure | legal action,irrelevant,0.4731853,ghee_relevance_tfidf_minilm_ensemble_v1,4,0,3,3,2026-08-02T12:03:06Z
ec990258-7999-4c93-81af-59b6ab2c65df,Spurious ghee packets seized in Ambala City - The Tribune,tribuneindia.com,2023-03-10,https://www.tribuneindia.com/news/chandigarh/spurious-ghee-packets-seized-in-ambala-city-486565,Ghee,relevant_event,,RedHatAI/Mistral-Small-3.2-24B-Instruct-2506-FP8,provisional,1,recall_triggered,ghee,,mislabeling,India,seizure,relevant,0.79308709,ghee_relevance_tfidf_minilm_ensemble_v1,0,0,8,2,2026-08-05T09:21:02Z
oil-c1a2f95596a3b00d,Food Dept Seizes 831l Mustard Oil | Kanpur News - Times of India,indiatimes.com,2023-03-06,https://timesofindia.indiatimes.com/city/kanpur/food-dept-seizes-831l-mustard-oil/articleshow/98439612.cms,Edible Oil,unclear,0.85,Qwen/Qwen3.5-27B-FP8,validated,1,suspected,mustard oil | soyabean oil,,substandard | adulteration,"Kanpur, Uttar Pradesh, India",Seizure of 799 litre mustard oil | Seizure of 34 litre refined soyabean oil,relevant,0.8041298144466288,"ens_wavg[tfidf_linsvm/full+bge-large_rbfsvm/oilemb+roberta-base_lead_512/full|0.17,0.67,0.17]",3,0,1,6,2026-07-29T15:05:21Z
0aa842b8-1ac9-4243-a8b6-5d98d32d6089,Madhya Pradesh: Man held for selling adulterated ghee,freepressjournal.in,2023-01-14,https://www.freepressjournal.in/bhopal/madhya-pradesh-man-held-for-selling-adulterated-ghee,Ghee,relevant_event,0.95,Qwen/Qwen3.5-27B-FP8,validated,1,alleged,ghee,scent,adulteration,"Jabalpur, Madhya Pradesh, India",arrest | confiscation | case_registered,relevant,0.80708859,ghee_relevance_tfidf_minilm_ensemble_v1,2,0,4,4,2026-08-02T12:07:32Z
61a00782-20f7-4170-b4e2-d9d9157b3a3c,Adulterated milk products seized by food safety team,hindustantimes.com,2023-01-11,https://www.hindustantimes.com/cities/chandigarh-news/adulterated-milk-products-seized-by-food-safety-team-101673460602370.html,Ghee,relevant_event,0.95,Qwen/Qwen3.5-27B-FP8,validated,1,alleged,ghee,ghee,adulteration,India,seizure,relevant,0.69578688,ghee_relevance_tfidf_minilm_ensemble_v1,2,0,2,6,2026-08-03T01:57:53Z
oil-4b88eb2520f8cc22,Bhopal: Lose oil sale; FDA suspends mills’ licence,freepressjournal.in,2022-12-17,https://www.freepressjournal.in/bhopal/bhopal-lose-oil-sale-fda-suspends-mills-licence,Edible Oil,relevant_event,0.95,Qwen/Qwen3.5-27B-FP8,validated,1,suspected,soybean oil | palmolein oil,,mislabeling | substandard,"Bhopal, Madhya Pradesh, India",suspension of licence,relevant,0.6509,Weighted ensemble: TF-IDF Linear SVM + BGE-large RBF-SVM + RoBERTa-base,1,0,1,8,2026-07-29T03:02:13Z
oil-e1aa62675070cacd,"Argemone poisoning claims life in Jawalamukhi, alert sounded in HP’s Kangra",hindustantimes.com,2022-11-19,https://www.hindustantimes.com/cities/chandigarh-news/argemone-poisoning-claims-life-in-jawalamukhi-alert-sounded-in-hp-s-kangra-101668798072979.html,Edible Oil,relevant_event,0.95,Qwen/Qwen3.5-27B-FP8,validated,1,suspected,mustard oil,Argemone mexicana,adulteration | contamination,"Jawalamukhi, Kangra, Himachal Pradesh, India",public alert,irrelevant,0.4488,Weighted ensemble: TF-IDF Linear SVM + BGE-large RBF-SVM + RoBERTa-base,3,0,13,12,2026-07-29T20:02:04Z
oil-b96369f55af40397,Govt Cracks Down On Sale Of Adulterated Coconut Oil | Thiruvananthapuram News - Times of India,indiatimes.com,2022-11-17,https://timesofindia.indiatimes.com/city/thiruvananthapuram/govt-cracks-down-on-sale-of-adulterated-coconut-oil/articleshow/95568940.cms,Edible Oil,relevant_event,0.95,Qwen/Qwen3.5-27B-FP8,validated,1,suspected,coconut oil,sulphur,adulteration | substandard,"Thiruvananthapuram, Kerala, India",Operation Oil | notices | fines,relevant,0.9165677579315566,"ens_wavg[tfidf_linsvm/full+bge-large_rbfsvm/oilemb+roberta-base_lead_512/full|0.17,0.67,0.17]",2,1,3,9,2026-07-29T14:34:23Z
f0a80593-3eca-497d-afa0-90d16a414e1d,"Thane: 27 per cent samples of edible oil, other food items from four firms found adulterated, says FDA",mid-day.com,2022-11-17,https://www.mid-day.com/mumbai/mumbai-news/article/thane-27-per-cent-samples-of-edible-oil-other-food-items-from-four-firms-found-adulterated-says-fda-23255966,Ghee,relevant_event,,RedHatAI/Mistral-Small-3.2-24B-Instruct-2506-FP8,validated,1,recall_triggered,ghee,,adulteration,India,adulteration,relevant,0.52152963,ghee_relevance_tfidf_minilm_ensemble_v1,10,0,0,0,2026-08-05T10:10:47Z
e1083f09-5ed1-4bdf-8ac5-3c65482b8e5f,"27 per cent samples of edible oil, other food items from 4 firms in Thane found adulterated: FDA",newindianexpress.com,2022-11-17,https://www.newindianexpress.com/nation/2022/nov/17/27-per-cent-samples-of-edible-oil-other-food-items-from-4-firms-in-thane-found-adulterated-fda-2519197.html,Ghee,relevant_event,,RedHatAI/Mistral-Small-3.2-24B-Instruct-2506-FP8,validated,1,alleged,ghee,,adulteration,"Thane district, Maharashtra, India",FDA inspection,relevant,0.5279161,ghee_relevance_tfidf_minilm_ensemble_v1,5,0,1,4,2026-08-05T09:32:36Z
oil-3be954e8def80c8d,Operation Oil: manufacturer to be allowed to launch only one brand of oil ,thehindu.com,2022-11-16,https://www.thehindu.com/news/national/kerala/operation-oil-manufacturer-to-be-allowed-to-launch-only-one-brand-of-oil/article66144992.ece,Edible Oil,unclear,0.95,Qwen/Qwen3.5-27B-FP8,validated,1,suspected,coconut oil,,adulteration | substandard,"Kerala, India",Operation Oil,relevant,0.9416271420983549,"ens_wavg[tfidf_linsvm/full+bge-large_rbfsvm/oilemb+roberta-base_lead_512/full|0.17,0.67,0.17]",3,0,6,9,2026-07-29T01:23:20Z
fa908ae6-82a4-4941-9cd0-bb3b066def40,"Over 1,000 kg duplicate ghee seized from Surat's Kim taluka",sentinelassam.com,2022-11-09,https://www.sentinelassam.com/national-news/over-1000-kg-duplicate-ghee-seized-from-surats-kim-taluka-622492,Ghee,unclear,0.85,Qwen/Qwen3.5-27B-FP8,validated,1,suspected,ghee,palm oil | colour | essence,adulteration | mislabeling,"Surat, Gujarat, India",seizure,relevant,0.91478081,ghee_relevance_tfidf_minilm_ensemble_v1,0,0,3,7,2026-08-03T22:43:00Z
ed2c35d4-102a-4b73-8382-2ac35610faed,"Over 1,000 kg duplicate ghee seized in Surat",theshillongtimes.com,2022-11-09,https://theshillongtimes.com/2022/11/09/over-1000-kg-duplicate-ghee-seized-in-surat/,Ghee,relevant_event,0.95,Qwen/Qwen3.5-27B-FP8,validated,1,alleged,ghee,palm oil | colour | essence,adulteration | substitution | mislabeling,"Surat, Gujarat, India",seizure,relevant,0.90590482,ghee_relevance_tfidf_minilm_ensemble_v1,1,0,11,8,2026-08-03T22:46:44Z
dab486f0-dfe1-46a8-b0d8-32e2a200b8e8,"Over 1,000 kg adulterated ghee seized in Surat",ibtimes.co.in,2022-11-09,https://www.ibtimes.co.in/over-1000-kg-adulterated-ghee-seized-surat-853935,Ghee,relevant_event,0.95,Qwen/Qwen3.5-27B-FP8,validated,1,alleged,ghee,palm oil | colour | essence,adulteration,"Surat, Gujarat, India",seizure | pending criminal complaint,relevant,0.92952776,ghee_relevance_tfidf_minilm_ensemble_v1,2,0,7,1,2026-08-02T13:49:45Z
oil-7ced813eb9eb1314,Hyderabad: 7 LPG cylinders seized in cordon and search; 10 held,siasat.com,2022-11-06,https://www.siasat.com/hyderabad-7-lpg-cylinders-seized-in-cordon-and-search-10-held-2450708/,Edible Oil,relevant_event,0.95,Qwen/Qwen3.5-27B-FP8,validated,1,alleged,edible oil,animal carcasses,adulteration,"Hyderabad, Telangana, India",seizure,irrelevant,0.2688,Weighted ensemble: TF-IDF Linear SVM + BGE-large RBF-SVM + RoBERTa-base,1,0,3,4,2026-07-29T07:40:34Z
oil-7ed3f9582cae741d,"Mustard, Palm Olein Oil Worth â¹7.7l Seized | Kanpur News - Times of India",indiatimes.com,2022-10-21,https://timesofindia.indiatimes.com/city/kanpur/mustard-palm-olein-oil-worth-7-7l-seized/articleshow/95000423.cms,Edible Oil,unclear,0.85,Qwen/Qwen3.5-27B-FP8,validated,1,suspected,mustard oil | palm olein oil,,substandard | adulteration,"Kanpur, Uttar Pradesh, India",seizure,relevant,0.8433136916258085,"ens_wavg[tfidf_linsvm/full+bge-large_rbfsvm/oilemb+roberta-base_lead_512/full|0.17,0.67,0.17]",1,0,3,6,2026-07-29T07:58:27Z
9379cea2-647c-459b-af54-770e31e9bbe1,Fake Milk Food Items Seized In Dausa | Jaipur News - Times of India,indiatimes.com,2022-10-20,https://timesofindia.indiatimes.com/city/jaipur/fake-milk-food-items-seized-in-dausa/articleshow/94976564.cms,Ghee,relevant_event,0.95,Qwen/Qwen3.5-27B-FP8,validated,1,alleged,ghee,spurious milk products,adulteration | counterfeit,"Dausa, Rajasthan, India",raid | seizure,relevant,0.51992774,ghee_relevance_tfidf_minilm_ensemble_v1,1,0,1,8,2026-08-03T11:29:41Z
92b301e8-97fb-47a7-94a6-b858beb0a1fb,FDA seizes 400 kg adulterated ghee worth Rs 3 lakh in Mumbai,freepressjournal.in,2022-10-19,https://www.freepressjournal.in/mumbai/mumbai-fda-seizes-400-kg-fake-ghee-worth-rs-3-lakh-samples-sent-for-laboratory-test,Ghee,relevant_event,,RedHatAI/Mistral-Small-3.2-24B-Instruct-2506-FP8,provisional,1,pending_test,ghee,,adulteration,India,seizure,,,,0,0,7,3,2026-08-05T09:02:53Z
0f7493be-b335-4851-9029-9e87ba0da155,Factories Making Fake Ghee Of Well-known Brands Busted In City | Jaipur News - Times of India,indiatimes.com,2022-10-19,https://timesofindia.indiatimes.com/city/jaipur/factories-making-fake-ghee-of-well-known-brands-busted-in-city/articleshow/94954456.cms,Ghee,relevant_event,,RedHatAI/Mistral-Small-3.2-24B-Instruct-2506-FP8,validated,2,pending_test,ghee,,adulteration,India,seizure | report_filed,,,,7,0,5,6,2026-08-05T09:03:53Z
oil-d02d8c31bf513f40,"Uttarakhand: A year on, mustard oil manufacturer, supplier penalised for adulteration | Dehradun News - Times of India",indiatimes.com,2022-10-17,https://timesofindia.indiatimes.com/city/dehradun/uttarakhand-a-year-on-mustard-oil-manufacturer-supplier-penalised-for-adulteration/articleshow/94903787.cms,Edible Oil,relevant_event,0.95,Qwen/Qwen3.5-27B-FP8,validated,1,lab_confirmed,mustard oil,unspecified,adulteration,"Pauri, Uttarakhand, India",penalty,relevant,0.6180697772580839,"ens_wavg[tfidf_linsvm/full+bge-large_rbfsvm/oilemb+roberta-base_lead_512/full|0.17,0.67,0.17]",1,0,7,2,2026-07-29T17:22:08Z
oil-94951aba738c80b3,"16,600 Kg Mustard Oil Seized In Vki | Jaipur News - Times of India",indiatimes.com,2022-10-14,https://timesofindia.indiatimes.com/city/jaipur/16600-kg-mustard-oil-seized-in-vki/articleshow/94848908.cms,Edible Oil,relevant_event,0.95,Qwen/Qwen3.5-27B-FP8,validated,1,suspected,mustard oil,,adulteration,"Jaipur, Rajasthan, India",seizure,relevant,0.8785975550730426,"ens_wavg[tfidf_linsvm/full+bge-large_rbfsvm/oilemb+roberta-base_lead_512/full|0.17,0.67,0.17]",0,0,0,8,2026-07-29T10:43:05Z
8151434e-f600-47a9-93df-16b483e88961,"Adulterated sweets, wrongly labelled items caught by FDA during festive season",hindustantimes.com,2022-10-14,https://www.hindustantimes.com/cities/mumbai-news/adulterated-sweets-wrongly-labelled-items-caught-by-fda-during-festive-season-101665685867876.html,Ghee,relevant_event,0.95,Qwen/Qwen3.5-27B-FP8,validated,1,alleged,ghee | vegetable oil,vegetable oil,adulteration,"Mumbai, Maharashtra, India",destruction | FIR lodged,irrelevant,0.31169843,ghee_relevance_tfidf_minilm_ensemble_v1,2,0,3,14,2026-08-03T01:59:48Z
oil-3c8df3ffa6943fef,2500 litres of suspected adulterated cooking oil seized,thehindu.com,2022-10-12,https://www.thehindu.com/news/cities/Hyderabad/2500-litres-of-suspected-adulterated-cooking-oil-seized/article66001879.ece,Edible Oil,unclear,0.95,Qwen/Qwen3.5-27B-FP8,validated,1,suspected,cooking oil,,adulteration | mislabeling,"Vennampalli, Karimnagar, Telangana, India",seizure | raid,relevant,0.8455905632918441,"ens_wavg[tfidf_linsvm/full+bge-large_rbfsvm/oilemb+roberta-base_lead_512/full|0.17,0.67,0.17]",0,0,5,5,2026-07-29T01:27:51Z
oil-63f43befc46e25fa,FDA adopts zero-tolerance policy for edible oil sold loose and in reused tins | Nagpur News - Times of India,indiatimes.com,2022-10-04,https://timesofindia.indiatimes.com/city/nagpur/fda-adopts-zero-tolerance-policy-for-edible-oil-sold-loose-and-in-reused-tins/articleshow/94628169.cms,Edible Oil,relevant_event,0.95,Qwen/Qwen3.5-27B-FP8,validated,1,suspected,edible oil,,substandard | adulteration,"Nagpur, Maharashtra, India",seizure,relevant,0.8549294380140151,"ens_wavg[tfidf_linsvm/full+bge-large_rbfsvm/oilemb+roberta-base_lead_512/full|0.17,0.67,0.17]",2,0,2,16,2026-07-29T04:48:30Z
oil-aa814b41a4920904,Using counterfeit packaging lands Ropar trader in police net,tribuneindia.com,2022-09-16,https://www.tribuneindia.com/news/punjab/using-counterfeit-packaging-lands-trader-in-police-net-432143,Edible Oil,relevant_event,0.95,Qwen/Qwen3.5-27B-FP8,validated,1,alleged,mustard oil,cheaper brands,substitution | mislabeling | counterfeit,"Ropar, Punjab, India",arrest | seizure,irrelevant,0.3157,Weighted ensemble: TF-IDF Linear SVM + BGE-large RBF-SVM + RoBERTa-base,1,0,6,2,2026-07-29T13:18:40Z
373a1cb3-eedc-4f50-a1d0-696f9da26358,Mumbai: FDA seize food samples worth Rs 7 lakh during festive season,freepressjournal.in,2022-09-11,https://www.freepressjournal.in/mumbai/mumbai-fda-seize-food-samples-worth-rs-7-lakh-during-festive-season,Ghee,unclear,0.65,Qwen/Qwen3.5-27B-FP8,validated,1,suspected,ghee | edible oil,,substandard | adulteration,"Mumbai, Maharashtra, India",seizure,irrelevant,0.46946578,ghee_relevance_tfidf_minilm_ensemble_v1,6,0,2,21,2026-08-03T21:52:39Z
27167968-cbb6-4cb8-8444-82c3c8be5f84,"Khargone: 500 kg of spurious ghee seized, FIR registered",freepressjournal.in,2022-09-05,https://www.freepressjournal.in/indore/khargone-500-kg-of-spurious-ghee-seized-fir-registered,Ghee,unclear,,RedHatAI/Mistral-Small-3.2-24B-Instruct-2506-FP8,validated,0,,,,,,,,,,0,0,4,6,2026-08-05T09:10:28Z
6679d82a-89b0-4f79-b82e-b9a1e0484c8e,Fda Seizes Articles Worth â_x0082_¹12 Lakh From Two Units | Nashik News - Times of India,indiatimes.com,2022-08-28,https://timesofindia.indiatimes.com/city/nashik/fda-seizes-articles-worth-12-lakh-from-two-units/articleshow/93828359.cms,Ghee,unclear,0.65,Qwen/Qwen3.5-27B-FP8,validated,1,suspected,ghee | paneer,refined palmolein oil | acetic acid,adulteration | unsafe_food,"Nashik, Maharashtra, India",seizure,relevant,0.71658905,ghee_relevance_tfidf_minilm_ensemble_v1,2,0,3,4,2026-08-03T12:24:44Z
oil-4fbd8c2a2930c559,Chennai: Shop with 4.3 tonnes of blended cooking oil in sump sealed,indiatimes.com,2022-08-24,https://timesofindia.indiatimes.com/city/chennai/chennai-shop-with-4-3-tonnes-of-blended-cooking-oil-in-sump-sealed/articleshow/93741067.cms,Edible Oil,relevant_event,0.95,Qwen/Qwen3.5-27B-FP8,validated,1,suspected,blended cooking oil,dust | sand,contamination | substandard | unsafe_food,"Chennai, Tamil Nadu, India",sealed | show-cause notice,relevant,0.7123,Weighted ensemble: TF-IDF Linear SVM + BGE-large RBF-SVM + RoBERTa-base,1,0,6,13,2026-07-29T03:14:58Z
f4fa929f-f829-4647-80c6-0bf558d8a610,"Spurious Ghee-making Unit Busted In Gondal, 5 Arrested | Rajkot News - Times of India",indiatimes.com,2022-08-24,https://timesofindia.indiatimes.com/city/rajkot/spurious-ghee-making-unit-busted-in-gondal-5-arrested/articleshow/93742460.cms,Ghee,unclear,0.85,Qwen/Qwen3.5-27B-FP8,validated,1,alleged,ghee,,adulteration,"Gondal, Gujarat, India",Arrest of 5 persons,relevant,0.90697059,ghee_relevance_tfidf_minilm_ensemble_v1,0,0,4,6,2026-08-02T16:42:12Z
oil-fc5474312cf8529f,"With Onam around, adulterated coconut oil floods Kerala market",newindianexpress.com,2022-08-23,https://www.newindianexpress.com/cities/thiruvananthapuram/2022/aug/23/with-onam-around-adulterated-coconut-oil-floods-kerala-market-2490320.html,Edible Oil,relevant_event,0.95,Qwen/Qwen3.5-27B-FP8,validated,1,alleged,coconut oil,unknown,adulteration | substandard,"Kerala, India",ban on 166 coconut oil brands | special drives,relevant,0.8246640477375261,"ens_wavg[tfidf_linsvm/full+bge-large_rbfsvm/oilemb+roberta-base_lead_512/full|0.17,0.67,0.17]",4,0,1,10,2026-07-29T22:51:13Z
oil-0db512df7c0cc7df,"Over 4,000 litre of adulterated oil seized from Chennai store",indianexpress.com,2022-08-23,https://indianexpress.com/article/cities/chennai/over-4-litre-of-adulterated-oil-seized-from-chennai-store-8107733/,Edible Oil,relevant_event,0.95,Qwen/Qwen3.5-27B-FP8,validated,1,suspected,oil,mud | dust,adulteration | contamination,"Chennai, Tamil Nadu, India",seizure | sealing | notice issued,relevant,0.8571322894083552,"ens_wavg[tfidf_linsvm/full+bge-large_rbfsvm/oilemb+roberta-base_lead_512/full|0.17,0.67,0.17]",3,0,4,8,2026-07-28T20:40:36Z
oil-f1693a0670f7b784,"Loose Cooking Oil Seized, Fir Lodged Against Proprietor | Indore News - Times of India",indiatimes.com,2022-08-18,https://timesofindia.indiatimes.com/city/indore/loose-cooking-oil-seized-fir-lodged-against-proprietor/articleshow/93627772.cms,Edible Oil,relevant_event,0.95,Qwen/Qwen3.5-27B-FP8,validated,1,suspected,soyabean oil | cooking oil,,adulteration,"Indore, Madhya Pradesh, India",seizure | FIR lodged,relevant,0.7814203420613127,"ens_wavg[tfidf_linsvm/full+bge-large_rbfsvm/oilemb+roberta-base_lead_512/full|0.17,0.67,0.17]",3,0,1,6,2026-07-29T21:51:46Z
oil-8236cb0c375f7c7f,Alcohol poisoning and edible oil fraud cases soar in India,foodnavigator-asia.com,2022-08-15,https://www.foodnavigator-asia.com/Article/2022/08/15/alcohol-poisoning-and-edible-oil-fraud-cases-soar-in-india/,Edible Oil,relevant_event,0.95,Qwen/Qwen3.5-27B-FP8,validated,1,alleged,edible oil,adulterated oil,adulteration | counterfeit,"Rajasthan, India",confiscation,irrelevant,0.3646053693868905,"ens_wavg[tfidf_linsvm/full+bge-large_rbfsvm/oilemb+roberta-base_lead_512/full|0.17,0.67,0.17]",2,0,8,21,2026-07-29T08:15:58Z
c3aa82e4-0707-4514-a535-22d6d4a7f0b2,"Khargone: 500-kg spurious ghee, 1,682-litre adulterated edible oil seized",freepressjournal.in,2022-07-30,https://www.freepressjournal.in/indore/khargone-500-kg-spurious-ghee-1682-litre-adulterated-edible-oil-seized,Ghee,relevant_event,0.95,Qwen/Qwen3.5-27B-FP8,validated,1,alleged,ghee,spurious ghee,adulteration,"Khargone, Madhya Pradesh, India",seizure | sealing,relevant,0.77612912,ghee_relevance_tfidf_minilm_ensemble_v1,1,0,2,17,2026-08-03T18:32:09Z
oil-722884cee1da5016,Ganj Basoda: Adulterated Oil surfaces in markets ahead of the festival season,freepressjournal.in,2022-07-29,https://www.freepressjournal.in/bhopal/ganj-basoda-adulterated-oil-surfaces-in-markets-ahead-of-the-festival-season,Edible Oil,relevant_event,0.95,Qwen/Qwen3.5-27B-FP8,validated,1,alleged,edible oil,adulterated oil,adulteration | substitution | mislabeling,"Ganj Basoda, Madhya Pradesh, India",,relevant,0.7888174889564717,"ens_wavg[tfidf_linsvm/full+bge-large_rbfsvm/oilemb+roberta-base_lead_512/full|0.17,0.67,0.17]",6,0,4,2,2026-07-29T06:20:12Z
oil-4bd4c6831e9c7077,Khargone: Edible oil worth Rs 50 lakh seized,freepressjournal.in,2022-06-22,https://www.freepressjournal.in/indore/khargone-edible-oil-worth-rs-50-lakh-seized,Edible Oil,relevant_event,0.95,Qwen/Qwen3.5-27B-FP8,validated,1,suspected,edible oil,,mislabeling | unsafe_food,"Khargone, Madhya Pradesh, India",seizure | raid,irrelevant,0.4964872490839554,"ens_wavg[tfidf_linsvm/full+bge-large_rbfsvm/oilemb+roberta-base_lead_512/full|0.17,0.67,0.17]",0,0,1,9,2026-07-29T03:05:22Z
oil-9790eee6e00c0018,"tinsukia police: Tinsukia Police Bust Oil Adulteration Racket Arrest 4, One On The Run",indiatimes.com,2022-06-05,https://timesofindia.indiatimes.com/city/guwahati/tinsukia-police-bust-oil-adulteration-racket-arrest-4-one-on-the-run/articleshow/92013793.cms,Edible Oil,unclear,0.85,Qwen/Qwen3.5-27B-FP8,validated,1,suspected,condensate oil,condensate oil,adulteration | substitution,"Tinsukia, Assam, India",arrest | seizure,irrelevant,0.355,Weighted ensemble: TF-IDF Linear SVM + BGE-large RBF-SVM + RoBERTa-base,1,0,7,10,2026-07-29T10:54:31Z
8d8b9ba9-5da4-4861-89db-348400c8ef68,"Detergent Found In Milk, Animal Fat In Ghee | Agra News - Times of India",indiatimes.com,2022-05-26,https://timesofindia.indiatimes.com/city/agra/detergent-found-in-milk-animal-fat-in-ghee/articleshow/91801919.cms,Ghee,relevant_event,0.95,Qwen/Qwen3.5-27B-FP8,validated,1,alleged,ghee,animal fat | petroleum jelly,adulteration,"Firozabad, Uttar Pradesh, India",license cancellation,,,,5,0,4,1,2026-08-02T03:43:45Z
6309cf5c-0d7e-41d3-af36-4fe3eb55b0e8,"Impure trading of desi ghee, business busted in Delhi",newdelhitimes.com,2022-04-11,https://www.newdelhitimes.com/impure-trading-of-desi-ghee-business-busted-in-delhi/,Ghee,unclear,0.85,Qwen/Qwen3.5-27B-FP8,validated,1,alleged,ghee,fake ghee,adulteration | mislabeling,"Delhi, Outer Delhi, India",arrest | seizure,relevant,0.92589776,ghee_relevance_tfidf_minilm_ensemble_v1,0,0,6,4,2026-08-02T09:05:19Z
5879dae9-00a9-49a2-bdbf-1e594e6a1f99,Delhi Police arrests two for selling adulterated desi ghee,indiatoday.in,2022-04-11,https://www.indiatoday.in/crime/story/delhi-police-arrests-two-for-selling-adulterated-desi-ghee-1935940-2022-04-11,Ghee,unclear,0.95,Qwen/Qwen3.5-27B-FP8,validated,1,alleged,ghee,fake ghee,adulteration | substitution,"Delhi, Outer Delhi, India",arrest | seizure,relevant,0.91301287,ghee_relevance_tfidf_minilm_ensemble_v1,0,0,8,2,2026-08-02T03:19:56Z
3860086d-7db5-4a45-ac94-d58f08afd139,Delhi: Two arrested for selling adulterated ghee,indiasnews.net,2022-04-11,https://www.indiasnews.net/news/272468805/delhi-two-arrested-for-selling-adulterated-ghee,Ghee,relevant_event,0.95,Qwen/Qwen3.5-27B-FP8,validated,1,alleged,ghee,duplicate ghee | refined oil | dalda,adulteration | substitution | counterfeit,"Delhi, Outer District, India",arrest | case registration | seizure,,,,1,0,15,4,2026-08-03T07:22:39Z
2fe1bef6-e797-4d9f-bb5b-6f936d7a55dc,"Fake ghee factory exposed in Delhi, 2 held with 1,259 litres of adulterated desi ghee of different brands",india.com,2022-04-11,https://zeenews.india.com/india/fake-ghee-factory-exposed-in-delhi-2-held-with-1259-litres-of-adulterated-desi-ghee-of-different-brands-2452707.html,Ghee,relevant_event,0.95,Qwen/Qwen3.5-27B-FP8,validated,1,alleged,ghee,fake ghee,adulteration | counterfeit,"Delhi, Outer Delhi, India",arrest | seizure,,,,1,0,4,5,2026-08-02T06:44:14Z
oil-85127f0bde3109d3,Oil’s not well? Food safety teams smell fraud,thehindu.com,2022-04-04,https://www.thehindu.com/news/cities/Hyderabad/oils-not-well-food-safety-teams-smell-fraud/article65290089.ece,Edible Oil,relevant_event,0.85,Qwen/Qwen3.5-27B-FP8,validated,1,suspected,edible oil,old oil,adulteration | substitution,"Telangana, India",sampling,relevant,0.8715256357618476,"ens_wavg[tfidf_linsvm/full+bge-large_rbfsvm/oilemb+roberta-base_lead_512/full|0.17,0.67,0.17]",8,0,3,8,2026-07-29T08:25:49Z
oil-09a4e4c4bd7a4ed0,"Vigilance Continues Raids, Monitors Edible Oil Trade | Vijayawada News - Times of India",indiatimes.com,2022-03-21,https://timesofindia.indiatimes.com/city/vijayawada/vigilance-continues-raids-monitors-edible-oil-trade/articleshow/90341966.cms,Edible Oil,relevant_event,0.95,Qwen/Qwen3.5-27B-FP8,validated,1,alleged,edible oil,spurious oil,adulteration | substandard,"Vijayawada, Krishna, Andhra Pradesh, India",registration of criminal cases,irrelevant,0.4831315027247889,"ens_wavg[tfidf_linsvm/full+bge-large_rbfsvm/oilemb+roberta-base_lead_512/full|0.17,0.67,0.17]",1,0,3,6,2026-07-28T19:49:58Z
oil-3aa9d09717e53c24,Visakhapatnam: Traders find new ways to strike a deal,thehansindia.com,2022-03-12,https://www.thehansindia.com/news/cities/visakhapatnam/visakhapatnam-traders-find-new-ways-to-strike-a-deal-733011,Edible Oil,unclear,0.85,Qwen/Qwen3.5-27B-FP8,validated,1,suspected,edible oil,,mislabeling,"Visakhapatnam, Andhra Pradesh, India",raid | seizure | case_filed,irrelevant,0.2845,Weighted ensemble: TF-IDF Linear SVM + BGE-large RBF-SVM + RoBERTa-base,1,0,7,11,2026-07-29T01:16:29Z
oil-f9acf1c32c4becc3,Suspected adulterated oil,thehindu.com,2022-03-02,https://www.thehindu.com/news/cities/Tiruchirapalli/food-safety-officials-crack-the-whip-on-adulteration-of-edible-oil-in-tiruchi/article65183634.ece,Edible Oil,relevant_event,0.95,Qwen/Qwen3.5-27B-FP8,validated,1,suspected,groundnut oil | gingelly oil,palm oil | rice bran oil,adulteration | substitution | dilution,"Woraiyur, India",stop sale order,relevant,0.9306742881971514,"ens_wavg[tfidf_linsvm/full+bge-large_rbfsvm/oilemb+roberta-base_lead_512/full|0.17,0.67,0.17]",5,0,6,5,2026-07-29T22:42:23Z
c7803b74-2f5d-47d0-a09e-c27ed98ec1a3,3 shop owners among 4 booked for selling spurious ghee,indianexpress.com,2022-03-02,https://indianexpress.com/article/cities/sas-nagar-mohali/3-shop-owners-among-4-booked-for-selling-spurious-ghee-7796747/,Ghee,relevant_event,0.95,Qwen/Qwen3.5-27B-FP8,validated,1,alleged,ghee,,adulteration,"Matour, Punjab, India",booking,,,,1,0,2,7,2026-08-01T22:02:04Z
oil-08837290b8f04c6c,"Maha govt, FDA crack down on oil manufacturers to check on adulteration",indiatimes.com,2022-01-28,https://economictimes.indiatimes.com/industry/cons-products/food/maha-govt-fda-crack-down-on-oil-manufacturers-to-check-on-adulteration/articleshow/89178574.cms,Edible Oil,relevant_event,0.95,Qwen/Qwen3.5-27B-FP8,validated,1,suspected,sunflower oil | palm oil,palm oil,adulteration | substitution,"Mumbai, Navi Mumbai, Maharashtra, India",raid,relevant,0.680249171962088,"ens_wavg[tfidf_linsvm/full+bge-large_rbfsvm/oilemb+roberta-base_lead_512/full|0.17,0.67,0.17]",2,0,0,8,2026-07-28T19:20:16Z
68753b50-8fe7-4499-bb2d-ddfcc7e16c94,Nandini ghee adulteration racket case: Hunt on to nab prime accused: SP Chethan - Star of Mysore,starofmysore.com,2022-01-20,https://starofmysore.com/nandini-ghee-adulteration-racket-case-hunt-on-to-nab-prime-accused-sp-chethan/,Ghee,relevant_event,0.95,Qwen/Qwen3.5-27B-FP8,validated,1,alleged,ghee,,adulteration,"Mysore, Mysuru, Karnataka, India",arrest | search_operation,relevant,0.79073466,ghee_relevance_tfidf_minilm_ensemble_v1,1,0,1,4,2026-08-02T13:36:06Z
b6a4c3c9-311e-4a4f-beaf-d0012bbfbf51,Sale of adulterated Nandini ghee uncovered,thehindu.com,2022-01-08,https://www.thehindu.com/news/cities/bangalore/sale-of-adulterated-nandini-ghee-uncovered/article38197249.ece,Ghee,relevant_event,,RedHatAI/Mistral-Small-3.2-24B-Instruct-2506-FP8,provisional,1,lab_confirmed,ghee,,adulteration,"Bengaluru, Karnataka, India",FIR registered,,,,0,0,6,4,2026-08-05T08:50:59Z
d7c49d74-0c9c-470b-94ad-c7ccaa111eaf,"Adulterated ghee racket busted in Hyderabad, 2 held",newindianexpress.com,2022-01-06,https://www.newindianexpress.com/cities/hyderabad/2022/jan/06/adulterated-ghee-racket-busted-2-held-2403554.html,Ghee,relevant_event,0.95,Qwen/Qwen3.5-27B-FP8,validated,1,alleged,ghee,palmolein oil | vegetable fats,adulteration,"Hyderabad, Telangana, India",arrest | seizure,,,,1,0,2,7,2026-08-02T00:29:03Z
ad5b0b88-c020-46ed-82f2-996cebe62fea,Adulterated ghee packs recovered,thehindu.com,2022-01-06,https://www.thehindu.com/news/cities/Hyderabad/adulterated-ghee-packs-recovered/article38140514.ece,Ghee,unclear,0.85,Qwen/Qwen3.5-27B-FP8,validated,1,alleged,ghee,,adulteration,"Hyderabad, Telangana, India",raid | seizure | arrest,,,,0,0,1,7,2026-08-02T00:26:24Z
a0a959c1-7984-4d32-863b-c1f260fe4d24,Nandini ghee adulteration racket: Minister deflects blame from MyMUL to agents - Star of Mysore,starofmysore.com,2022-01-04,https://starofmysore.com/nandini-ghee-adulteration-racket-minister-deflects-blame-from-mymul-to-agents/,Ghee,unclear,0.9,Qwen/Qwen3.5-27B-FP8,validated,1,alleged,ghee,,adulteration,"Mysuru, Karnataka, India",seizure | arrest | vigilance_squads,relevant,0.76670054,ghee_relevance_tfidf_minilm_ensemble_v1,0,0,6,16,2026-08-03T22:08:45Z
3c2d26ce-ebe1-42b3-9f31-e6a6b4afc8d1,"KMF’s vigilance squad seizes over 8,700 litres of ghee",thehindu.com,2022-01-04,https://www.thehindu.com/news/national/karnataka/kmfs-vigilance-squad-seizes-over-8700-litres-of-ghee/article38103459.ece,Ghee,unclear,0.85,Qwen/Qwen3.5-27B-FP8,validated,1,suspected,ghee,,adulteration,"Bengaluru, Bengaluru Urban, Karnataka, India",seizure | police complaint,,,,1,0,3,11,2026-08-02T10:53:27Z
3538cbf9-c45d-4935-8d44-57f6b23a2ec1,â_x0080__x0098_help Kmf Identify Fake Ghee Productsâ_x0080__x0099_ | Mysuru News - Times of India,indiatimes.com,2022-01-04,https://timesofindia.indiatimes.com/city/mysuru/help-kmf-identify-fake-ghee-products/articleshow/88676406.cms,Ghee,unclear,0.85,Qwen/Qwen3.5-27B-FP8,validated,1,alleged,ghee,,adulteration | counterfeit,"Mysuru, Karnataka, India",arrest | investigation,relevant,0.86513332,ghee_relevance_tfidf_minilm_ensemble_v1,0,0,1,14,2026-08-02T22:00:13Z
baa3b4e2-573c-494f-a06b-7dfd5ddbfe10,Nandini Ghee adulteration scam: K'taka farmers' bodies demand CBI probe,ibtimes.co.in,2021-12-31,https://www.ibtimes.co.in/nandini-ghee-adulteration-scam-ktaka-farmers-bodies-demand-cbi-probe-844259,Ghee,unclear,0.85,Qwen/Qwen3.5-27B-FP8,validated,1,alleged,ghee,,adulteration,"Mysuru, Karnataka, India",racket busted,relevant,0.62408942,ghee_relevance_tfidf_minilm_ensemble_v1,0,0,3,10,2026-08-02T13:31:02Z
7809a3f3-b472-4b8f-bbf5-47e3560fcd59,Handover Fake Ghee Case To Cbi: Forum | Mysuru News - Times of India,indiatimes.com,2021-12-30,https://timesofindia.indiatimes.com/city/mysuru/handover-fake-ghee-case-to-cbi-forum/articleshow/88577485.cms,Ghee,unclear,,RedHatAI/Mistral-Small-3.2-24B-Instruct-2506-FP8,validated,0,,,,,,,relevant,0.79275988,ghee_relevance_tfidf_minilm_ensemble_v1,0,0,2,6,2026-08-05T09:48:22Z
ea6c8861-7a39-4e19-8e71-58720131fa8d,Four arrested in Nandini ghee adulteration racket case,thehindu.com,2021-12-29,https://www.thehindu.com/news/national/karnataka/four-arrested-in-nandini-ghee-adulteration-racket-case/article38059298.ece,Ghee,relevant_event,0.95,Qwen/Qwen3.5-27B-FP8,validated,1,alleged,ghee,vegetable cooking oil | flavouring | coloring agents,adulteration,"Mysuru, Karnataka, India",arrest | raid | seizure,relevant,0.87580771,ghee_relevance_tfidf_minilm_ensemble_v1,2,0,4,10,2026-08-03T13:57:45Z
897c7de9-ed19-4ee2-a2d5-85b75355519d,Mysuru: Four arrested in Nandini ghee racket | Mysuru News - Times of India,indiatimes.com,2021-12-29,https://timesofindia.indiatimes.com/city/mysuru/mysuru-four-arrested-in-nandini-ghee-racket/articleshow/88559007.cms,Ghee,relevant_event,0.95,Qwen/Qwen3.5-27B-FP8,validated,1,alleged,ghee,,adulteration,"Mysuru, Karnataka, India",arrest,relevant,0.74040784,ghee_relevance_tfidf_minilm_ensemble_v1,2,0,1,3,2026-08-02T13:08:43Z
8187d86e-f46c-4e26-8188-a4e7b31de2f6,"Nandini Ghee Adulteration Racket: Four arrested; Some more likely to be rounded off, says SP - Star of Mysore",starofmysore.com,2021-12-29,https://starofmysore.com/nandini-ghee-adulteration-racket-four-arrested-some-more-likely-to-be-rounded-off-says-sp/,Ghee,relevant_event,0.95,Qwen/Qwen3.5-27B-FP8,validated,1,alleged,ghee,vegetable cooking oil | flavouring | colouring agents,adulteration,"Mysuru, Karnataka, India",arrest | seizure,relevant,0.84573855,ghee_relevance_tfidf_minilm_ensemble_v1,2,0,6,7,2026-08-02T13:28:43Z
54625db2-7791-4746-8204-d50bd9fc6c98,Four arrested in fake Nandini ghee scam,thehansindia.com,2021-12-28,https://www.thehansindia.com/karnataka/four-arrested-in-fake-nandini-ghee-scam-722062,Ghee,unclear,0.75,Qwen/Qwen3.5-27B-FP8,validated,1,alleged,ghee,,adulteration,"Mysuru, Karnataka, India",arrest,,,,0,0,1,5,2026-08-02T08:00:25Z
43e20f96-27cb-4f67-b7e5-6228aea8e7b6,MYMUL MD making false allegations against major Nandini brand ghee buyer,thehansindia.com,2021-12-24,https://www.thehansindia.com/karnataka/mymul-md-making-false-allegations-against-major-nandini-brand-ghee-buyer-721502,Ghee,relevant_event,0.95,Qwen/Qwen3.5-27B-FP8,validated,1,alleged,ghee | spurious ghee,spurious ghee,adulteration | counterfeit,"Mysuru, Karnataka, India",protest,relevant,0.70580896,ghee_relevance_tfidf_minilm_ensemble_v1,1,0,2,5,2026-08-03T20:13:30Z
6b128227-8605-4bcf-be7a-ebd327c9c91e,"Adulterated Nandini ghee unit at Hosahundi: Racketeers had blessings of MyMUL staff, officers - Star of Mysore",starofmysore.com,2021-12-22,https://starofmysore.com/adulterated-nandini-ghee-unit-at-hosahundi-racketeers-had-blessings-of-mymul-staff-officers/,Ghee,unclear,,RedHatAI/Mistral-Small-3.2-24B-Instruct-2506-FP8,validated,0,,,,,,,,,,0,0,6,16,2026-08-05T08:55:38Z
0ea7c6a7-d2c1-498f-aa00-f3fc942206ed,Minister warns of attachment of properties of those involved in fake Nandini ghee racket - Star of Mysore,starofmysore.com,2021-12-22,https://starofmysore.com/minister-warns-of-attachment-of-properties-of-those-involved-in-fake-nandini-ghee-racket/,Ghee,relevant_event,0.95,Qwen/Qwen3.5-27B-FP8,validated,1,alleged,ghee,colouring powders,adulteration | counterfeit,"Mysuru, Karnataka, India",raid | seizure,relevant,0.80157505,ghee_relevance_tfidf_minilm_ensemble_v1,2,0,0,12,2026-08-02T13:02:39Z
fdc662ec-5ed7-4d04-8993-6144ff01abc2,"Ghee adulteration ring busted, Karnataka Milk Federation officials reach Mysuru",newindianexpress.com,2021-12-17,https://www.newindianexpress.com/states/karnataka/2021/dec/17/ghee-adulteration-ring-busted-karnataka-milk-federation-officials-reach-mysuru-2396443.html,Ghee,relevant_event,0.95,Qwen/Qwen3.5-27B-FP8,validated,1,alleged,ghee,dalda | low quality edible oil,adulteration | counterfeit,"Mysuru, Karnataka, India",seizure | raid,relevant,0.93465616,ghee_relevance_tfidf_minilm_ensemble_v1,1,0,9,5,2026-08-03T14:40:16Z
eec20343-5ffa-486c-b431-59ca5e4568d4,Mymul to set up vigilance squad to tackle fake products,thehindu.com,2021-12-17,https://www.thehindu.com/news/national/karnataka/mymul-to-set-up-vigilance-squad-to-tackle-fake-products/article37978551.ece,Ghee,relevant_event,0.95,Qwen/Qwen3.5-27B-FP8,validated,1,alleged,ghee | palm oil | vegetable cooking oil,palm oil | vegetable cooking oil | colouring | flavouring agents,adulteration | counterfeit,"Mysuru, Karnataka, India",FIR registered | vigilance squad set up | seizure,relevant,0.67683693,ghee_relevance_tfidf_minilm_ensemble_v1,1,0,1,18,2026-08-03T21:56:48Z
d7f8512a-566d-43e4-8c83-75126c92f4d8,Nandini ghee adulteration racket busted in Mysuru | Mysuru News - Times of India,indiatimes.com,2021-12-17,https://timesofindia.indiatimes.com/city/mysuru/nandini-ghee-adulteration-racket-busted-in-mysuru/articleshow/88332545.cms,Ghee,unclear,0.85,Qwen/Qwen3.5-27B-FP8,validated,1,alleged,ghee,dalda,adulteration,"Mysuru, Karnataka, India",case_registered | seizure | investigation,relevant,0.87522505,ghee_relevance_tfidf_minilm_ensemble_v1,0,0,5,3,2026-08-02T13:34:20Z
b3e58970-8bf0-4e37-a8f9-dd4fce60bf46,Racket selling adulterated Nandini ghee busted - Star of Mysore,starofmysore.com,2021-12-16,https://starofmysore.com/racket-selling-adulterated-nandini-ghee-busted/,Ghee,relevant_event,0.95,Qwen/Qwen3.5-27B-FP8,validated,1,alleged,ghee,oil coloured with turmeric,adulteration | counterfeit,"Mysore, Mysuru, Karnataka, India",raid | seizure,relevant,0.91347255,ghee_relevance_tfidf_minilm_ensemble_v1,2,0,10,6,2026-08-02T14:38:49Z
6c98ddb4-4fe0-4898-b624-b95aa134325f,Ghee racket unearthed in Mysuru,thehindu.com,2021-12-16,https://www.thehindu.com/news/national/karnataka/ghee-racket-unearthed-in-mysuru/article37972058.ece,Ghee,unclear,0.85,Qwen/Qwen3.5-27B-FP8,validated,1,alleged,ghee | palm oil | vegetable cooking oil,palm oil | vegetable cooking oil | colouring | flavouring agents,adulteration | counterfeit,"Mysuru, Karnataka, India",seizure | testing,relevant,0.94923544,ghee_relevance_tfidf_minilm_ensemble_v1,0,0,0,10,2026-08-03T15:02:21Z
oil-73603e3fbe5b2e10,185 spurious mustard oil cans seized in Burrabazar | Kolkata News - Times of India,indiatimes.com,2021-11-27,https://timesofindia.indiatimes.com/city/kolkata/185-spurious-mustard-oil-cans-seized-in-burrabazar/articleshow/87938067.cms,Edible Oil,relevant_event,0.95,Qwen/Qwen3.5-27B-FP8,validated,1,suspected,mustard oil,rice bran oil,adulteration | substitution,"Kolkata, West Bengal, India",raid | seizure | detention,relevant,0.8510212505655528,"ens_wavg[tfidf_linsvm/full+bge-large_rbfsvm/oilemb+roberta-base_lead_512/full|0.17,0.67,0.17]",4,0,18,6,2026-07-29T06:28:16Z
oil-bd1df718191f8f6e,Tribunal slaps Rs 2 lakh fine on oil producer,newindianexpress.com,2021-11-06,https://www.newindianexpress.com/cities/thiruvananthapuram/2021/nov/06/tribunal-slaps-rs-2-lakh-fine-on-oil-producer-2380042.html,Edible Oil,relevant_event,0.95,Qwen/Qwen3.5-27B-FP8,validated,1,unclear,coconut oil,,substandard,"Kunnathunadu panchayat, Ernakulam, Kerala, India",Rs 2 lakh fine,,,,3,0,2,5,2026-07-29T14:52:22Z
oil-d2df8ab69303fb55,FDA urges caution while buying Diwali sweets,indiatimes.com,2021-10-27,https://timesofindia.indiatimes.com/city/kolhapur/fda-urges-caution-while-buying-diwali-sweets/articleshow/87286991.cms,Edible Oil,relevant_event,0.95,Qwen/Qwen3.5-27B-FP8,validated,1,suspected,cooking oil,,adulteration | substandard,"Sangli, Maharashtra, India",raid | seizure,,,,1,0,2,5,2026-07-29T17:40:22Z
b85e00e3-c751-478f-ace8-f6044e816d41,FSSAI experts warn of adulterated biryani in Vijayawada | Vijayawada News - Times of India,indiatimes.com,2021-10-24,https://timesofindia.indiatimes.com/city/vijayawada/fssai-experts-warn-of-adulterated-biryani/articleshow/87229905.cms,Ghee,unclear,0.65,Qwen/Qwen3.5-27B-FP8,validated,1,alleged,biryani,prohibited food colours | reprocessed oils | cheap quality spices,adulteration,"Vijayawada, Krishna, Andhra Pradesh, India",seizure | notices issued | trade licence cancellation,irrelevant,0.49144681,ghee_relevance_tfidf_minilm_ensemble_v1,3,0,5,2,2026-08-04T15:20:03Z
cfa001c3-f0fc-45cd-8a71-3e35d2026e1f,Rajasthan: Fatty acid profile new test to check spurious ghee | Jaipur News - Times of India,indiatimes.com,2021-10-18,https://timesofindia.indiatimes.com/city/jaipur/fatty-acid-profile-new-test-to-check-spurious-ghee/articleshow/87092330.cms,Ghee,relevant_event,0.95,Qwen/Qwen3.5-27B-FP8,validated,1,alleged,ghee,vanaspati oil,adulteration,"Jaipur, Ajmer, Rajasthan, India",mandatory fatty acid profile test,relevant,0.55775707,ghee_relevance_tfidf_minilm_ensemble_v1,4,0,7,9,2026-08-02T14:58:15Z
oil-66b89ef48f4536a9,"Indore: In ongoing war against adulteration, 3K lt edible oil seized from two units",freepressjournal.in,2021-09-26,https://www.freepressjournal.in/indore/indore-in-ongoing-war-against-adulteration-3k-lt-edible-oil-seizedfrom-two-units,Edible Oil,relevant_event,0.95,Qwen/Qwen3.5-27B-FP8,validated,1,suspected,edible oil,,adulteration,"Indore, Madhya Pradesh, India",raid | seizure,relevant,0.752403651074907,"ens_wavg[tfidf_linsvm/full+bge-large_rbfsvm/oilemb+roberta-base_lead_512/full|0.17,0.67,0.17]",0,0,3,6,2026-07-29T05:33:02Z
oil-f6b072d5d5fbfb2a,"With pics - Arsh – FCS + FCS2 STRAP: Drive against ‘adulteration mafia’ in Indore: District FCS raids edible oil factory, petrol pump",freepressjournal.in,2021-09-25,https://www.freepressjournal.in/indore/with-pics-arsh-fcs-fcs2strapdrive-against-adulteration-mafia-in-indore-district-fcs-raids-edible-oil-factory-petrol-pump,Edible Oil,unclear,0.85,Qwen/Qwen3.5-27B-FP8,validated,1,suspected,edible oil | mustard oil | groundnut oil | soybean oil | sunflower oil,,adulteration | substandard | mislabeling,"Indore, Madhya Pradesh, India",seizure | raid,relevant,0.7114987760993686,"ens_wavg[tfidf_linsvm/full+bge-large_rbfsvm/oilemb+roberta-base_lead_512/full|0.17,0.67,0.17]",0,0,7,13,2026-07-29T22:27:26Z
b90c1b7f-13df-4c03-9c5c-6ff12da6e697,Indore action against spurious edibles: Expired ghee and tea leaves worth over Rs 8 lakh seized; manager and owner booked,freepressjournal.in,2021-09-23,https://www.freepressjournal.in/indore/indore-action-against-spurious-ediblesexpired-ghee-and-tea-leaves-worth-overrs-8-lakh-seized-manager-and-owner-booked,Ghee,unclear,0.85,Qwen/Qwen3.5-27B-FP8,validated,1,alleged,ghee | tea leaves,,adulteration | mislabeling | substandard,"Indore, Madhya Pradesh, India",raid | seizure | case registration,,,,1,0,5,14,2026-08-02T09:55:39Z
634a0a0f-0899-427f-9396-6cc3c5442643,"Madhya Pradesh: Expired ghee, tea leafs worth over Rs 8 lakh seized, manager and owner booked",freepressjournal.in,2021-09-23,https://www.freepressjournal.in/indore/madhya-pradesh-expired-ghee-tea-leafs-worth-over-rs-8-lakh-seized-manager-and-owner-booked,Ghee,relevant_event,0.95,Qwen/Qwen3.5-27B-FP8,validated,1,alleged,ghee,,adulteration | mislabeling | substandard,"Indore, Madhya Pradesh, India",seizure | case registration,irrelevant,0.34329364,ghee_relevance_tfidf_minilm_ensemble_v1,1,0,7,12,2026-08-02T12:05:14Z
ff15620e-bd13-49e3-8b35-5113a0e19c42,Madhya Pradesh: Sub-standard ghee seized in Indore ahead of festive season,freepressjournal.in,2021-09-22,https://www.freepressjournal.in/indore/madhya-pradesh-sub-standard-ghee-seized-in-indore-ahead-of-festive-season,Ghee,unclear,0.9,Qwen/Qwen3.5-27B-FP8,validated,1,alleged,ghee,,substandard | mislabeling | adulteration,"Indore, Madhya Pradesh, India",seizure | FIR registration,relevant,0.78592512,ghee_relevance_tfidf_minilm_ensemble_v1,0,0,4,6,2026-08-02T12:10:13Z
f62defd3-7975-4edf-8f34-40a36b487ac8,"Indore: Sub-standard ghee, tea leaves seized",freepressjournal.in,2021-09-22,https://www.freepressjournal.in/indore/indore-sub-standard-ghee-tea-leaves-seized,Ghee,relevant_event,0.95,Qwen/Qwen3.5-27B-FP8,validated,1,alleged,ghee,expired ghee,adulteration | mislabeling,"Indore, Madhya Pradesh, India",raid | seizure | booking under IPC,,,,1,0,3,6,2026-08-02T10:11:38Z
oil-9ab1d36fc93cf95c,Kurnool police arrest five member gang involved in selling fake oils and tea powders using fake labels of top FMCGs,indiatimes.com,2021-09-06,https://timesofindia.indiatimes.com/city/amaravati/kurnool-police-arrest-five-member-gang-involved-in-selling-fake-oils-and-tea-powders-using-fake-labels-of-top-fmcgs/articleshow/85978555.cms,Edible Oil,relevant_event,0.95,Qwen/Qwen3.5-27B-FP8,validated,1,alleged,coconut oil,,counterfeit | mislabeling,"Kurnool, Andhra Pradesh, India",arrest | seizure | case registration,relevant,0.5533,Weighted ensemble: TF-IDF Linear SVM + BGE-large RBF-SVM + RoBERTa-base,2,0,3,10,2026-07-29T11:02:55Z
oil-f96a10806285c261,Three of family die of dropsy over 10 days,indiatimes.com,2021-08-06,https://timesofindia.indiatimes.com/city/rajkot/three-of-family-die-of-dropsy-over-10-days/articleshow/85079434.cms,Edible Oil,relevant_event,0.92,Qwen/Qwen3.5-27B-FP8,validated,1,suspected,mustard oil,adulterated mustard oil,adulteration | unsafe_food,"Palanpur, Banaskantha, Gujarat, India",,irrelevant,0.3388,Weighted ensemble: TF-IDF Linear SVM + BGE-large RBF-SVM + RoBERTa-base,1,0,1,3,2026-07-29T22:34:55Z
oil-e8284ce4427f4e60,"Indore: Edible oil worth Rs 9.90L seized from Palda area, 11 samples taken from factory",freepressjournal.in,2021-07-23,https://www.freepressjournal.in/indore/indore-edible-oil-worth-rs-990l-seized-from-palda-area-11-samples-taken-from-factory,Edible Oil,unclear,0.85,Qwen/Qwen3.5-27B-FP8,validated,1,suspected,edible oil | surya coconut oil | halo refined sunflower oil | halo refined soyabean oil | siddha baba refined soyabean oil,,mislabeling | substandard,"Indore, Madhya Pradesh, India",seizure | inspection,relevant,0.6592694272791453,"ens_wavg[tfidf_linsvm/full+bge-large_rbfsvm/oilemb+roberta-base_lead_512/full|0.17,0.67,0.17]",0,0,9,11,2026-07-29T20:57:05Z
oil-dbc8c7a43b8925ba,"Madhya Pradesh: Pulse mills, hotels and grocery shops inspected; samples collected for testing",freepressjournal.in,2021-07-17,https://www.freepressjournal.in/indore/madhya-pradesh-pulse-mills-hotels-and-grocery-shops-inspected-samples-collected-for-testing,Edible Oil,relevant_event,0.95,Qwen/Qwen3.5-27B-FP8,validated,1,pending_test,cooking oil,total polar materials,substandard | contamination,"Barwani, Madhya Pradesh, India",destroyed,,,,1,0,4,15,2026-07-29T19:09:10Z
oil-f5b6386895404f0b,Epidemic dropsy claims two lives in Gujarat's Banaskantha,indiatimes.com,2021-06-19,https://timesofindia.indiatimes.com/city/rajkot/dropsy-claims-two-lives-in-banaskantha/articleshow/83648909.cms,Edible Oil,unclear,0.85,Qwen/Qwen3.5-27B-FP8,validated,1,suspected,mustard oil,,adulteration | contamination,"Gundri, Banaskantha, Gujarat, India",medical observation,relevant,0.7722,Weighted ensemble: TF-IDF Linear SVM + BGE-large RBF-SVM + RoBERTa-base,0,0,2,7,2026-07-29T22:23:09Z
oil-5ac9372e2a178a90,"Nagpur: Adulterated edible oil racket busted, 3 booked | Nagpur News - Times of India",indiatimes.com,2021-06-17,https://timesofindia.indiatimes.com/city/nagpur/adulterated-edible-oil-racket-busted-3-booked/articleshow/83588940.cms,Edible Oil,relevant_event,0.95,Qwen/Qwen3.5-27B-FP8,validated,1,alleged,edible oil,impure edible oil,adulteration | counterfeit | mislabeling,"Nagpur, Maharashtra, India",booking of three persons | seizure of adulterated oil,relevant,0.8942772848383711,"ens_wavg[tfidf_linsvm/full+bge-large_rbfsvm/oilemb+roberta-base_lead_512/full|0.17,0.67,0.17]",1,0,4,5,2026-07-29T03:32:19Z
a6385d09-ca9d-4f95-b5ba-4f50630bec35,"Ghee adulteration racket busted in Prakasam, 3 held",newindianexpress.com,2021-06-12,https://www.newindianexpress.com/states/andhra-pradesh/2021/jun/12/ghee-adulteration-racket-busted-in-prakasam-3-held-2315181.html,Ghee,relevant_event,0.95,Qwen/Qwen3.5-27B-FP8,validated,1,alleged,ghee,palm oil,adulteration,"Ongole, Prakasam, Andhra Pradesh, India",arrest | seizure,,,,2,0,2,6,2026-08-02T08:09:41Z
oil-4877f76e174824e5,Patanjali mustard oil found to be of substandard food quality: Rajasthan govt,indiatoday.in,2021-06-10,https://www.indiatoday.in/india/rajasthan/story/patanjali-mustard-oil-substandard-quality-rajasthan-govt-1812995-2021-06-10?utm_source=rss,Edible Oil,relevant_event,0.95,Qwen/Qwen3.5-27B-FP8,validated,1,alleged,mustard oil,,substandard,"Alwar, Rajasthan, India",raid on Singhania oil mill,relevant,0.7685099387027947,"ens_wavg[tfidf_linsvm/full+bge-large_rbfsvm/oilemb+roberta-base_lead_512/full|0.17,0.67,0.17]",4,0,2,9,2026-07-29T02:42:10Z
oil-a776d4d8a8c71497,Adulteration in edible oil detected ,thehindu.com,2021-04-22,https://www.thehindu.com/news/cities/Tiruchirapalli/adulteration-in-edible-oil-detected/article34386473.ece,Edible Oil,relevant_event,0.95,Qwen/Qwen3.5-27B-FP8,validated,1,suspected,refined sunflower oil | palm oil,palm oil,adulteration | substitution | mislabeling,"Tiruchi, Tamil Nadu, India",suspend operations | seizure,relevant,0.942019995967352,"ens_wavg[tfidf_linsvm/full+bge-large_rbfsvm/oilemb+roberta-base_lead_512/full|0.17,0.67,0.17]",2,0,2,6,2026-07-29T13:04:56Z
57b2326c-e877-4995-82fc-221eda139718,"Food safety officials conduct raids on restaurants, ghee units in Vijayawada",newindianexpress.com,2021-04-07,https://www.newindianexpress.com/cities/vijayawada/2021/apr/07/food-safety-officials-conduct-raids-on-restaurants-ghee-units-invijayawada-2286873.html,Ghee,relevant_event,0.95,Qwen/Qwen3.5-27B-FP8,validated,1,alleged,ghee,palmoline oil,adulteration,"Vijayawada, Andhra Pradesh, India",surprise raids | seizure,relevant,0.77578443,ghee_relevance_tfidf_minilm_ensemble_v1,2,0,1,7,2026-08-02T07:55:01Z
23a5dd2a-a53c-44b8-8b86-37e04d4cf1ee,"Ghee, oil manufacturing units in city raided",thehindu.com,2021-04-07,https://www.thehindu.com/news/cities/Visakhapatnam/ghee-oil-manufacturing-units-in-city-raided/article34259509.ece,Ghee,relevant_event,0.9,Qwen/Qwen3.5-27B-FP8,validated,1,alleged,ghee | edible oil,sub-standard raw material,adulteration,India,raid | inspection | sample collection,relevant,0.80196154,ghee_relevance_tfidf_minilm_ensemble_v1,4,0,0,14,2026-08-03T15:07:02Z
oil-13fd5c31e278a577,"Adulteration found in paneer, mustard oil & honey in Doon | Dehradun News - Times of India",indiatimes.com,2021-03-23,https://timesofindia.indiatimes.com/city/dehradun/adulteration-found-in-paneer-mustard-oil-honey-in-doon/articleshow/81638388.cms,Edible Oil,unclear,0.95,Qwen/Qwen3.5-27B-FP8,validated,1,unclear,mustard oil,,adulteration,"Dehradun, Uttarakhand, India",,irrelevant,0.4492838459400656,"ens_wavg[tfidf_linsvm/full+bge-large_rbfsvm/oilemb+roberta-base_lead_512/full|0.17,0.67,0.17]",0,0,4,6,2026-07-28T21:16:20Z
b51a4fb4-9cee-44da-ab14-03f05a92278f,"Meerut dairyâ_x0080__x0099_s â_x0080__x0098_buy 1, get 1â_x0080__x0099_ offer on ghee invites FSDA raid | Meerut News - Times of India",indiatimes.com,2021-03-20,https://timesofindia.indiatimes.com/city/meerut/meerut-dairys-buy-1-get-1-offer-on-ghee-invites-fsda-raid/articleshow/81601501.cms,Ghee,unclear,0.85,Qwen/Qwen3.5-27B-FP8,validated,1,alleged,ghee,,substitution | adulteration,"Meerut, Uttar Pradesh, India",raid | seal_shop | detain_owner,relevant,0.59312659,ghee_relevance_tfidf_minilm_ensemble_v1,0,0,1,8,2026-08-03T21:28:19Z
oil-7885df1b5e223e8b,Mumbai: Over 50% edible oils seized in raids found non-certified,freepressjournal.in,2021-02-02,https://www.freepressjournal.in/mumbai/mumbai-over-50-edible-oils-seized-in-raids-found-non-certified,Edible Oil,relevant_event,0.95,Qwen/Qwen3.5-27B-FP8,validated,1,pending_test,mustard oil | peanut oil | sunflower oil | palm oil,,substandard | mislabeling,"Mumbai, Thane, Maharashtra, India",seizure | inspection,relevant,0.7366998079318416,"ens_wavg[tfidf_linsvm/full+bge-large_rbfsvm/oilemb+roberta-base_lead_512/full|0.17,0.67,0.17]",4,0,3,3,2026-07-29T07:19:12Z
504dd102-6089-4fcb-a066-0006720862a7,Another fake ghee and honey making unit busted in Cuttack,newindianexpress.com,2021-01-31,https://www.newindianexpress.com/states/odisha/2021/jan/31/another-fake-ghee-and-honey-making-unit-busted-in-cuttack-2257497.html,Ghee,relevant_event,0.95,Qwen/Qwen3.5-27B-FP8,validated,1,alleged,ghee,adulterated ghee,adulteration | unsafe_food,"Cuttack, Odisha, India",raid | seizure | detention,,,,1,0,2,7,2026-08-02T01:06:48Z
d18985ea-8239-498e-9147-eda1d0bb8bde,"KHANDWA: Over 1,300 kilograms of ingredients used in making spurious ghee seized, factory sealed in Chhirkhel village, 4 arrested",freepressjournal.in,2021-01-29,https://www.freepressjournal.in/indore/khandwa-over-1300-kg-ingredients-used-in-making-spurious-ghee-seized-factory-sealed-in-chhirkhel-village-4-arrested,Ghee,relevant_event,0.95,Qwen/Qwen3.5-27B-FP8,validated,1,alleged,ghee,Colgate | Dabur toothpaste | Lal Dant Manjan,adulteration,"Khandwa, Madhya Pradesh, India",arrest | seizure | factory sealed | case registered,,,,1,0,8,6,2026-08-02T10:37:21Z
6f4adcf4-c63b-41c9-b7f6-0b0f4e75c857,Duplicate ghee making unit busted | Surat News - Times of India,indiatimes.com,2021-01-26,https://timesofindia.indiatimes.com/city/surat/duplicate-ghee-making-unit-busted/articleshow/80454439.cms,Ghee,relevant_event,0.95,Qwen/Qwen3.5-27B-FP8,validated,1,alleged,ghee,duplicate ghee,adulteration | counterfeit,"Surat, Gujarat, India",arrest | seizure | raid,,,,1,0,3,6,2026-08-02T04:16:37Z
oil-f138f57de764f810,Madhya Pradesh: Oil factory owner in Indore arrested for packing palm oil in branded soyabean oil packets,freepressjournal.in,2021-01-09,https://www.freepressjournal.in/indore/madhya-pradesh-oil-factory-owner-in-indore-arrested-for-packing-palm-oil-in-branded-soyabean-oil-packets,Edible Oil,relevant_event,0.95,Qwen/Qwen3.5-27B-FP8,validated,1,alleged,soyabean oil | palm oil,palm oil,substitution | mislabeling | substandard,"Indore, Madhya Pradesh, India",arrest | case_registered,irrelevant,0.2412010330769901,"ens_wavg[tfidf_linsvm/full+bge-large_rbfsvm/oilemb+roberta-base_lead_512/full|0.17,0.67,0.17]",2,0,4,4,2026-07-29T21:48:24Z
c8ddee14-df38-49aa-9d85-a7c6b34273a6,Poison on the plate: Markets see rise in fake food products,newindianexpress.com,2021-01-08,https://www.newindianexpress.com/states/odisha/2021/jan/08/poison-on-the-plate-markets-see-rise-in-fake-food-products-2247212.html,Ghee,relevant_event,0.95,Qwen/Qwen3.5-27B-FP8,validated,1,alleged,ghee,palm oil | vanaspati | yellow chemical colour,adulteration,"Cuttack, Odisha, India",raids,relevant,0.55965225,ghee_relevance_tfidf_minilm_ensemble_v1,17,0,2,25,2026-08-03T23:21:00Z
15f9d255-f348-4fb7-ba3d-003ab6adcfb2,Duplicate ghee making unit busted in Rander | Surat News - Times of India,indiatimes.com,2021-01-08,https://timesofindia.indiatimes.com/city/surat/duplicate-ghee-making-unit-busted-in-rander/articleshow/80158534.cms,Ghee,relevant_event,0.95,Qwen/Qwen3.5-27B-FP8,validated,1,alleged,ghee | sunflower oil | vegetable ghee,sunflower oil | vegetable ghee | ghee flavour | yellow colour,adulteration | counterfeit,"Surat, Gujarat, India",raid | arrest | seizure,,,,3,0,4,3,2026-08-03T08:18:34Z
oil-992710122346e1a9,15000 litres of adulterated cooking oil seized by FSSAI,timesofindia.indiatimes.com,2019-07-01,https://timesofindia.indiatimes.com/life-style/food-news/15000-litres-of-adulterated-cooking-oil-seized-by-fssai/photostory/70872567.cms,Edible Oil,unclear,0.95,Qwen/Qwen3.5-27B-FP8,validated,1,suspected,groundnut oil | coconut oil | sunflower oil | refined palm olein,refined palm olein,adulteration | substitution | dilution,"Coimbatore, Tamil Nadu, India",seizure | warehouse sealed,relevant,0.820154357945758,"ens_wavg[tfidf_linsvm/full+bge-large_rbfsvm/oilemb+roberta-base_lead_512/full|0.17,0.67,0.17]",0,0,4,16,2026-07-29T10:59:57Z
