food,adulterant_or_substitute,effect,same_article_articles,same_snippet_articles,article_ids,inference_level
Milk,unknown adulterant,fflo acuteeffect,12,10,milk-057b6f5443e2a193; milk-27423346871c524b; milk-2c843f3ffd02eb29; milk-5e73ca2958918b91; milk-67999c7c56eab148; milk-78f07fed8b3a6320; milk-9eee27e256bcfffc; milk-bc6002431c13c793; milk-c3d400494092465e; milk-fb699c55039f32fc; oil-520e715a1ce8e456; oil-a58a10f7b588571d,same-article contextual hypothesis; causal edge is not explicit
Milk,ethylene glycol,fflo acuteeffect,9,8,276e27ef-82bd-4911-a4df-9d2448b232fb; milk-02f30a1fa97839ed; milk-1434754dc6446162; milk-16230efeb01fc650; milk-43933f3e3b746258; milk-599d96606aefc97d; milk-9e68848c71e1ff15; milk-a1870de942724dac; milk-f94bde7c99bce73d,same-article contextual hypothesis; causal edge is not explicit
Milk,urea,cancer/carcinogenicity,10,3,1fc04845-1f82-4efa-80fc-80e8feefa6ed; 8d8b9ba9-5da4-4861-89db-348400c8ef68; milk-2d4c6eb27aa0b942; milk-3f1ab04360b80cfd; milk-601312c7904467a2; milk-a1ae27d81f0013a5; milk-a710297f02e308b8; milk-bb864d8d03055611; milk-c238ac533ab8e0b9; milk-d5b2611e75b60517,same-article contextual hypothesis; causal edge is not explicit
Paneer,detergent,cancer/carcinogenicity,5,3,08675130-4804-4198-9157-40e7f9a9d248; milk-2d4c6eb27aa0b942; milk-3860e6654d518030; milk-601312c7904467a2; milk-74d1d6aaa4ade7cf,same-article contextual hypothesis; causal edge is not explicit
Milk,water,food poisoning,5,3,7984f772-8c6a-46cb-af36-a7df6ed37ecc; milk-74d1d6aaa4ade7cf; milk-d76c56c09e58067b; milk-fe1e3cc4f8fe0fc2; oil-e3fbe637ba51632f,same-article contextual hypothesis; causal edge is not explicit
Ghee,vanaspati,cancer/carcinogenicity,4,3,386b1c27-49a4-43e7-b4b1-3457f9466a37; b85e00e3-c751-478f-ace8-f6044e816d41; c8ddee14-df38-49aa-9d85-a7c6b34273a6; ea51c75b-4b85-48fb-bbb7-8fde23c110aa,same-article contextual hypothesis; causal edge is not explicit
Milk,detergent,food poisoning,4,3,milk-74d1d6aaa4ade7cf; milk-d76c56c09e58067b; milk-fe1e3cc4f8fe0fc2; oil-e3fbe637ba51632f,same-article contextual hypothesis; causal edge is not explicit
Ghee,animal fat,cancer/carcinogenicity,3,3,386b1c27-49a4-43e7-b4b1-3457f9466a37; 8d8b9ba9-5da4-4861-89db-348400c8ef68; milk-d5b2611e75b60517,same-article contextual hypothesis; causal edge is not explicit
Milk,detergent,cancer/carcinogenicity,9,2,1fc04845-1f82-4efa-80fc-80e8feefa6ed; 8d8b9ba9-5da4-4861-89db-348400c8ef68; milk-2d4c6eb27aa0b942; milk-3f1ab04360b80cfd; milk-601312c7904467a2; milk-74d1d6aaa4ade7cf; milk-a1ae27d81f0013a5; milk-c238ac533ab8e0b9; milk-d5b2611e75b60517,same-article contextual hypothesis; causal edge is not explicit
Milk,detergent,gastrointestinal illness,5,2,1fc04845-1f82-4efa-80fc-80e8feefa6ed; milk-3f1ab04360b80cfd; milk-8a55933f0d5da63a; milk-d76c56c09e58067b; oil-e3fbe637ba51632f,same-article contextual hypothesis; causal edge is not explicit
Milk,urea,liver damage,5,2,milk-2d4c6eb27aa0b942; milk-a1ae27d81f0013a5; milk-bb864d8d03055611; milk-d1fcc18c1d80bd0a; oil-08739343ef4cafb5,same-article contextual hypothesis; causal edge is not explicit
Milk,urea,gastrointestinal illness,4,2,1fc04845-1f82-4efa-80fc-80e8feefa6ed; milk-8a55933f0d5da63a; milk-d76c56c09e58067b; oil-e3fbe637ba51632f,same-article contextual hypothesis; causal edge is not explicit
Milk,urea,vomiting,4,2,2bc11203-0268-4c4a-9fe6-c168449ca3cf; milk-7e13b24dc1c7f107; milk-8a55933f0d5da63a; milk-d1fcc18c1d80bd0a,same-article contextual hypothesis; causal edge is not explicit
Milk,detergent,vomiting,4,2,2bc11203-0268-4c4a-9fe6-c168449ca3cf; milk-7e13b24dc1c7f107; milk-8a55933f0d5da63a; milk-d1fcc18c1d80bd0a,same-article contextual hypothesis; causal edge is not explicit
Ghee,animal fat,cardiovascular disease,4,2,386b1c27-49a4-43e7-b4b1-3457f9466a37; 67c4a0dd-5f32-4dde-b733-4a4a9e5dfafb; 6901ef7b-f98a-4b3a-b622-85196fe10ffb; d11fa038-1162-4d93-9df5-6d5b35b8628b,same-article contextual hypothesis; causal edge is not explicit
Milk,water,gastrointestinal illness,4,2,7984f772-8c6a-46cb-af36-a7df6ed37ecc; milk-c9d34ca0c97e2a93; milk-d76c56c09e58067b; oil-e3fbe637ba51632f,same-article contextual hypothesis; causal edge is not explicit
Paneer,starch,food poisoning,4,2,milk-18cbe2e91f8e5d65; milk-483ee5bce86d2d3d; milk-74d1d6aaa4ade7cf; oil-9f16df2b7898747a,same-article contextual hypothesis; causal edge is not explicit
Milk,urea,kidney damage,4,2,milk-2d4c6eb27aa0b942; milk-601312c7904467a2; milk-bb864d8d03055611; milk-d1fcc18c1d80bd0a,same-article contextual hypothesis; causal edge is not explicit
Ghee,vanaspati,allergic reaction,3,2,0109eea0-3adc-4177-a6f7-e3bc31bf237d; 7984f772-8c6a-46cb-af36-a7df6ed37ecc; milk-d76c56c09e58067b,same-article contextual hypothesis; causal edge is not explicit
Paneer,detergent,kidney damage,3,2,08675130-4804-4198-9157-40e7f9a9d248; milk-2d4c6eb27aa0b942; milk-3860e6654d518030,same-article contextual hypothesis; causal edge is not explicit
Ghee,vanaspati,cardiovascular disease,3,2,386b1c27-49a4-43e7-b4b1-3457f9466a37; 67c4a0dd-5f32-4dde-b733-4a4a9e5dfafb; d11fa038-1162-4d93-9df5-6d5b35b8628b,same-article contextual hypothesis; causal edge is not explicit
Milk,detergent,renal failure,3,2,7d796579-8acb-4851-a31f-526034bb0b78; milk-e684b29654db6793; milk-fa44bcc5515bda60,same-article contextual hypothesis; causal edge is not explicit
Paneer,cheese analogue,allergic reaction,3,2,ad0567c1-e472-4cb8-b0d9-b8305371eefd; milk-18cbe2e91f8e5d65; oil-9f16df2b7898747a,same-article contextual hypothesis; causal edge is not explicit
Mustard oil,argemone oil,cancer/carcinogenicity,3,2,af478a64-49c5-4253-b271-591bf8a3ce97; milk-74d1d6aaa4ade7cf; milk-bb864d8d03055611,same-article contextual hypothesis; causal edge is not explicit
Paneer,detergent,food poisoning,3,2,milk-18cbe2e91f8e5d65; milk-74d1d6aaa4ade7cf; oil-9f16df2b7898747a,same-article contextual hypothesis; causal edge is not explicit
Paneer,cheese analogue,food poisoning,3,2,milk-18cbe2e91f8e5d65; milk-998381f3381f9db4; oil-9f16df2b7898747a,same-article contextual hypothesis; causal edge is not explicit
Milk,starch,kidney damage,3,2,milk-2d4c6eb27aa0b942; milk-601312c7904467a2; milk-d1fcc18c1d80bd0a,same-article contextual hypothesis; causal edge is not explicit
honey,rice syrup,increases sugar level in the body,2,2,384a803e-eb96-4abf-a0ea-3e3f98291e8e; milk-276ea065de599828,same-article contextual hypothesis; causal edge is not explicit
honey,rice syrup,evolution of drug resistant superbugs,2,2,384a803e-eb96-4abf-a0ea-3e3f98291e8e; milk-276ea065de599828,same-article contextual hypothesis; causal edge is not explicit
honey,corn syrup,evolution of drug resistant superbugs,2,2,384a803e-eb96-4abf-a0ea-3e3f98291e8e; milk-276ea065de599828,same-article contextual hypothesis; causal edge is not explicit
honey,sugarcane syrup,evolution of drug resistant superbugs,2,2,384a803e-eb96-4abf-a0ea-3e3f98291e8e; milk-276ea065de599828,same-article contextual hypothesis; causal edge is not explicit
honey,beetroot syrup,evolution of drug resistant superbugs,2,2,384a803e-eb96-4abf-a0ea-3e3f98291e8e; milk-276ea065de599828,same-article contextual hypothesis; causal edge is not explicit
mithai,artificial dyes,allergic reaction,2,2,7984f772-8c6a-46cb-af36-a7df6ed37ecc; milk-d76c56c09e58067b,same-article contextual hypothesis; causal edge is not explicit
mithai,metallic powders,allergic reaction,2,2,7984f772-8c6a-46cb-af36-a7df6ed37ecc; milk-d76c56c09e58067b,same-article contextual hypothesis; causal edge is not explicit
mithai,metallic powders,nausea,2,2,7984f772-8c6a-46cb-af36-a7df6ed37ecc; milk-d76c56c09e58067b,same-article contextual hypothesis; causal edge is not explicit
Ghee,vanaspati,serious health risks,2,2,7984f772-8c6a-46cb-af36-a7df6ed37ecc; fa660a6b-3403-4a6d-ab05-deee1b44c706,same-article contextual hypothesis; causal edge is not explicit
Milk,water,rashes,2,2,7984f772-8c6a-46cb-af36-a7df6ed37ecc; milk-d76c56c09e58067b,same-article contextual hypothesis; causal edge is not explicit
dry fruits,mineral oil,gastrointestinal illness,2,2,7984f772-8c6a-46cb-af36-a7df6ed37ecc; milk-d76c56c09e58067b,same-article contextual hypothesis; causal edge is not explicit
dry fruits,mineral oil,food poisoning,2,2,7984f772-8c6a-46cb-af36-a7df6ed37ecc; milk-d76c56c09e58067b,same-article contextual hypothesis; causal edge is not explicit
Paneer,cheese analogue,long term health issues,2,2,ad0567c1-e472-4cb8-b0d9-b8305371eefd; milk-998381f3381f9db4,same-article contextual hypothesis; causal edge is not explicit
Milk,urea,dizziness,2,2,milk-0bc625b573fb9e74; milk-a710297f02e308b8,same-article contextual hypothesis; causal edge is not explicit
Milk,urea,headaches,2,2,milk-0bc625b573fb9e74; milk-a710297f02e308b8,same-article contextual hypothesis; causal edge is not explicit
Milk,urea,heart failure,2,2,milk-0bc625b573fb9e74; milk-a710297f02e308b8,same-article contextual hypothesis; causal edge is not explicit
Milk,urea,infertility,2,2,milk-0bc625b573fb9e74; milk-a710297f02e308b8,same-article contextual hypothesis; causal edge is not explicit
Milk,sodium bicarbonate,dizziness,2,2,milk-0bc625b573fb9e74; milk-a710297f02e308b8,same-article contextual hypothesis; causal edge is not explicit
Milk,sodium bicarbonate,headaches,2,2,milk-0bc625b573fb9e74; milk-a710297f02e308b8,same-article contextual hypothesis; causal edge is not explicit
Milk,sodium bicarbonate,heart failure,2,2,milk-0bc625b573fb9e74; milk-a710297f02e308b8,same-article contextual hypothesis; causal edge is not explicit
Milk,sodium bicarbonate,infertility,2,2,milk-0bc625b573fb9e74; milk-a710297f02e308b8,same-article contextual hypothesis; causal edge is not explicit
Paneer,carbonate neutraliser,serious health risk,2,2,milk-15b9c81a4418943c; milk-97a7a14a30d1e8f2,same-article contextual hypothesis; causal edge is not explicit
Milk,carbonate neutraliser,serious health risk,2,2,milk-15b9c81a4418943c; milk-97a7a14a30d1e8f2,same-article contextual hypothesis; causal edge is not explicit
turmeric,lead chromate,cancer/carcinogenicity,2,2,milk-2d4c6eb27aa0b942; milk-d5b2611e75b60517,same-article contextual hypothesis; causal edge is not explicit
Milk,water,death,2,2,milk-74d1d6aaa4ade7cf; milk-c9d34ca0c97e2a93,same-article contextual hypothesis; causal edge is not explicit
Milk,unknown adulterant,death,2,2,milk-8d24d67196b8468f; milk-c3d400494092465e,same-article contextual hypothesis; causal edge is not explicit
Milk,water,long term health risks,2,2,milk-a1ae27d81f0013a5; milk-d76c56c09e58067b,same-article contextual hypothesis; causal edge is not explicit
mdh sambhar masala,salmonella,fflo acuteeffect,2,2,milk-b87ea04f3974c7d3; milk-ef1ee9288efe9a83,same-article contextual hypothesis; causal edge is not explicit
everest garam masala,salmonella,fflo acuteeffect,2,2,milk-b87ea04f3974c7d3; milk-ef1ee9288efe9a83,same-article contextual hypothesis; causal edge is not explicit
sambhar masala,salmonella,fflo acuteeffect,2,2,milk-b87ea04f3974c7d3; milk-ef1ee9288efe9a83,same-article contextual hypothesis; causal edge is not explicit
maggi masala ae magic,salmonella,fflo acuteeffect,2,2,milk-b87ea04f3974c7d3; milk-ef1ee9288efe9a83,same-article contextual hypothesis; causal edge is not explicit
Milk,urea,food poisoning,2,2,milk-d76c56c09e58067b; oil-e3fbe637ba51632f,same-article contextual hypothesis; causal edge is not explicit
olive oil,denatured rapeseed oil,fflo chroniceffect,2,2,oil-b697d96d9a9efcdd; oil-ed891cb2ad0773f4,same-article contextual hypothesis; causal edge is not explicit
Milk,starch,cancer/carcinogenicity,5,1,1fc04845-1f82-4efa-80fc-80e8feefa6ed; milk-2d4c6eb27aa0b942; milk-3f1ab04360b80cfd; milk-601312c7904467a2; milk-c238ac533ab8e0b9,same-article contextual hypothesis; causal edge is not explicit
Ghee,vanaspati,gastrointestinal illness,4,1,0109eea0-3adc-4177-a6f7-e3bc31bf237d; 7984f772-8c6a-46cb-af36-a7df6ed37ecc; c8ddee14-df38-49aa-9d85-a7c6b34273a6; milk-d76c56c09e58067b,same-article contextual hypothesis; causal edge is not explicit
Paneer,starch,cancer/carcinogenicity,4,1,08675130-4804-4198-9157-40e7f9a9d248; milk-74d1d6aaa4ade7cf; milk-9072720be8595f77; milk-a710297f02e308b8,same-article contextual hypothesis; causal edge is not explicit
Milk,ethylene glycol,acuteeffect,3,1,276e27ef-82bd-4911-a4df-9d2448b232fb; milk-ae0fa0b757ba21df; milk-f15f75c19712ee99,same-article contextual hypothesis; causal edge is not explicit
Ghee,vanaspati,nausea,3,1,7984f772-8c6a-46cb-af36-a7df6ed37ecc; milk-d76c56c09e58067b; milk-fe1e3cc4f8fe0fc2,same-article contextual hypothesis; causal edge is not explicit
Khoya/mawa,starch,gastrointestinal illness,3,1,7984f772-8c6a-46cb-af36-a7df6ed37ecc; 8d207b3c-d7d6-4776-a05d-ec3f854e4f5e; milk-d76c56c09e58067b,same-article contextual hypothesis; causal edge is not explicit
Milk,detergent,liver damage,3,1,milk-2d4c6eb27aa0b942; milk-a1ae27d81f0013a5; milk-d1fcc18c1d80bd0a,same-article contextual hypothesis; causal edge is not explicit
Milk,detergent,death,3,1,milk-465f847feeedb412; milk-74d1d6aaa4ade7cf; milk-c238ac533ab8e0b9,same-article contextual hypothesis; causal edge is not explicit
Milk,unknown adulterant,renal failure,3,1,milk-662fabb949ebe266; milk-78f07fed8b3a6320; milk-b3b2fadc15fca59a,same-article contextual hypothesis; causal edge is not explicit
Milk,detergent,nausea,3,1,milk-7e13b24dc1c7f107; milk-d76c56c09e58067b; milk-fe1e3cc4f8fe0fc2,same-article contextual hypothesis; causal edge is not explicit
Ghee,animal fat,respiratory issues,2,1,0109eea0-3adc-4177-a6f7-e3bc31bf237d; 6901ef7b-f98a-4b3a-b622-85196fe10ffb,same-article contextual hypothesis; causal edge is not explicit
Paneer,urea,cancer/carcinogenicity,2,1,08675130-4804-4198-9157-40e7f9a9d248; milk-601312c7904467a2,same-article contextual hypothesis; causal edge is not explicit
Milk,starch,vomiting,2,1,2bc11203-0268-4c4a-9fe6-c168449ca3cf; milk-d1fcc18c1d80bd0a,same-article contextual hypothesis; causal edge is not explicit
Milk,maltodextrin,vomiting,2,1,2bc11203-0268-4c4a-9fe6-c168449ca3cf; milk-d1fcc18c1d80bd0a,same-article contextual hypothesis; causal edge is not explicit
Ghee,vanaspati,obesity,2,1,386b1c27-49a4-43e7-b4b1-3457f9466a37; d11fa038-1162-4d93-9df5-6d5b35b8628b,same-article contextual hypothesis; causal edge is not explicit
Ghee,starch,cardiovascular disease,2,1,386b1c27-49a4-43e7-b4b1-3457f9466a37; 67c4a0dd-5f32-4dde-b733-4a4a9e5dfafb,same-article contextual hypothesis; causal edge is not explicit
Ghee,animal fat,obesity,2,1,386b1c27-49a4-43e7-b4b1-3457f9466a37; d11fa038-1162-4d93-9df5-6d5b35b8628b,same-article contextual hypothesis; causal edge is not explicit
Ghee,vegetable oil/fat,cardiovascular disease,2,1,67c4a0dd-5f32-4dde-b733-4a4a9e5dfafb; d11fa038-1162-4d93-9df5-6d5b35b8628b,same-article contextual hypothesis; causal edge is not explicit
Khoya/mawa,starch,digestive irritation,2,1,7984f772-8c6a-46cb-af36-a7df6ed37ecc; milk-d76c56c09e58067b,same-article contextual hypothesis; causal edge is not explicit
Khoya/mawa,starch,allergic reaction,2,1,7984f772-8c6a-46cb-af36-a7df6ed37ecc; 8d207b3c-d7d6-4776-a05d-ec3f854e4f5e,same-article contextual hypothesis; causal edge is not explicit
Khoya/mawa,detergent,digestive irritation,2,1,7984f772-8c6a-46cb-af36-a7df6ed37ecc; milk-d76c56c09e58067b,same-article contextual hypothesis; causal edge is not explicit
silver vark,aluminium foil,rashes,2,1,7984f772-8c6a-46cb-af36-a7df6ed37ecc; milk-d76c56c09e58067b,same-article contextual hypothesis; causal edge is not explicit
Milk,water,digestive irritation,2,1,7984f772-8c6a-46cb-af36-a7df6ed37ecc; milk-d76c56c09e58067b,same-article contextual hypothesis; causal edge is not explicit
dry fruits,mineral oil,allergic reaction,2,1,7984f772-8c6a-46cb-af36-a7df6ed37ecc; milk-d76c56c09e58067b,same-article contextual hypothesis; causal edge is not explicit
dry fruits,mineral oil,rashes,2,1,7984f772-8c6a-46cb-af36-a7df6ed37ecc; milk-d76c56c09e58067b,same-article contextual hypothesis; causal edge is not explicit
Milk,caustic soda,cancer/carcinogenicity,2,1,8d8b9ba9-5da4-4861-89db-348400c8ef68; milk-2d4c6eb27aa0b942,same-article contextual hypothesis; causal edge is not explicit
Ghee,palm oil family,cancer/carcinogenicity,2,1,c8ddee14-df38-49aa-9d85-a7c6b34273a6; ea51c75b-4b85-48fb-bbb7-8fde23c110aa,same-article contextual hypothesis; causal edge is not explicit
Milk,unspecified adulterant,renal failure,2,1,milk-0ebd15da614c2540; milk-a33e6d1395071a46,same-article contextual hypothesis; causal edge is not explicit
Paneer,washing soda,food poisoning,2,1,milk-18cbe2e91f8e5d65; oil-9f16df2b7898747a,same-article contextual hypothesis; causal edge is not explicit
Paneer,washing soda,allergic reaction,2,1,milk-18cbe2e91f8e5d65; oil-9f16df2b7898747a,same-article contextual hypothesis; causal edge is not explicit
Paneer,detergent,allergic reaction,2,1,milk-18cbe2e91f8e5d65; oil-9f16df2b7898747a,same-article contextual hypothesis; causal edge is not explicit
Paneer,urea,food poisoning,2,1,milk-18cbe2e91f8e5d65; oil-9f16df2b7898747a,same-article contextual hypothesis; causal edge is not explicit
Paneer,urea,allergic reaction,2,1,milk-18cbe2e91f8e5d65; oil-9f16df2b7898747a,same-article contextual hypothesis; causal edge is not explicit
Paneer,starch,allergic reaction,2,1,milk-18cbe2e91f8e5d65; oil-9f16df2b7898747a,same-article contextual hypothesis; causal edge is not explicit
Milk,detergent,kidney damage,2,1,milk-2d4c6eb27aa0b942; milk-d1fcc18c1d80bd0a,same-article contextual hypothesis; causal edge is not explicit
Milk,starch,liver damage,2,1,milk-2d4c6eb27aa0b942; milk-d1fcc18c1d80bd0a,same-article contextual hypothesis; causal edge is not explicit
Milk,formalin/formaldehyde,kidney damage,2,1,milk-2d4c6eb27aa0b942; milk-601312c7904467a2,same-article contextual hypothesis; causal edge is not explicit
Paneer,detergent,liver damage,2,1,milk-2d4c6eb27aa0b942; milk-3860e6654d518030,same-article contextual hypothesis; causal edge is not explicit
fish,formalin/formaldehyde,cancer/carcinogenicity,2,1,milk-2d4c6eb27aa0b942; milk-9072720be8595f77,same-article contextual hypothesis; causal edge is not explicit
fish,ammonia,cancer/carcinogenicity,2,1,milk-2d4c6eb27aa0b942; milk-9072720be8595f77,same-article contextual hypothesis; causal edge is not explicit
Milk,palm oil family,liver damage,2,1,milk-3860e6654d518030; milk-d1fcc18c1d80bd0a,same-article contextual hypothesis; causal edge is not explicit
Milk,palm oil family,stomach pain,2,1,milk-3860e6654d518030; oil-0e31cfbc7c7f200f,same-article contextual hypothesis; causal edge is not explicit
Milk,salt,death,2,1,milk-465f847feeedb412; milk-74d1d6aaa4ade7cf,same-article contextual hypothesis; causal edge is not explicit
Milk,unknown adulterant,anuria,2,1,milk-662fabb949ebe266; milk-92d9f94360892623,same-article contextual hypothesis; causal edge is not explicit
Milk,unknown adulterant,vomiting,2,1,milk-662fabb949ebe266; milk-92d9f94360892623,same-article contextual hypothesis; causal edge is not explicit
Milk,unknown adulterant,diarrhoea,2,1,milk-67914a8ce22fe5a5; milk-8d24d67196b8468f,same-article contextual hypothesis; causal edge is not explicit
Milk,urea,nausea,2,1,milk-7e13b24dc1c7f107; milk-d76c56c09e58067b,same-article contextual hypothesis; causal edge is not explicit
fish,mercury,cancer/carcinogenicity,2,1,milk-9072720be8595f77; milk-b993f201bb670e21,same-article contextual hypothesis; causal edge is not explicit
Milk,detergent,long term health risks,2,1,milk-a1ae27d81f0013a5; milk-d76c56c09e58067b,same-article contextual hypothesis; causal edge is not explicit
Milk,urea,long term health risks,2,1,milk-a1ae27d81f0013a5; milk-d76c56c09e58067b,same-article contextual hypothesis; causal edge is not explicit
Milk,water,liver damage,2,1,milk-a1ae27d81f0013a5; oil-08739343ef4cafb5,same-article contextual hypothesis; causal edge is not explicit
turmeric,metanil yellow,cancer/carcinogenicity,2,1,milk-bb864d8d03055611; milk-d5b2611e75b60517,same-article contextual hypothesis; causal edge is not explicit
Ghee,vanaspati,skin problems,1,1,0109eea0-3adc-4177-a6f7-e3bc31bf237d,same-article contextual hypothesis; causal edge is not explicit
Ghee,vanaspati,respiratory issues,1,1,0109eea0-3adc-4177-a6f7-e3bc31bf237d,same-article contextual hypothesis; causal edge is not explicit
Ghee,animal fat,gastrointestinal illness,1,1,0109eea0-3adc-4177-a6f7-e3bc31bf237d,same-article contextual hypothesis; causal edge is not explicit
Ghee,animal fat,allergic reaction,1,1,0109eea0-3adc-4177-a6f7-e3bc31bf237d,same-article contextual hypothesis; causal edge is not explicit
Ghee,animal fat,skin problems,1,1,0109eea0-3adc-4177-a6f7-e3bc31bf237d,same-article contextual hypothesis; causal edge is not explicit
Ghee,starch,gastrointestinal illness,1,1,0109eea0-3adc-4177-a6f7-e3bc31bf237d,same-article contextual hypothesis; causal edge is not explicit
Ghee,starch,allergic reaction,1,1,0109eea0-3adc-4177-a6f7-e3bc31bf237d,same-article contextual hypothesis; causal edge is not explicit
Ghee,starch,skin problems,1,1,0109eea0-3adc-4177-a6f7-e3bc31bf237d,same-article contextual hypothesis; causal edge is not explicit
Ghee,starch,respiratory issues,1,1,0109eea0-3adc-4177-a6f7-e3bc31bf237d,same-article contextual hypothesis; causal edge is not explicit
Ghee,artificial flavourings,gastrointestinal illness,1,1,0109eea0-3adc-4177-a6f7-e3bc31bf237d,same-article contextual hypothesis; causal edge is not explicit
Ghee,artificial flavourings,allergic reaction,1,1,0109eea0-3adc-4177-a6f7-e3bc31bf237d,same-article contextual hypothesis; causal edge is not explicit
Ghee,artificial flavourings,skin problems,1,1,0109eea0-3adc-4177-a6f7-e3bc31bf237d,same-article contextual hypothesis; causal edge is not explicit
Ghee,artificial flavourings,respiratory issues,1,1,0109eea0-3adc-4177-a6f7-e3bc31bf237d,same-article contextual hypothesis; causal edge is not explicit
Paneer,starch,gastrointestinal illness,1,1,08675130-4804-4198-9157-40e7f9a9d248,same-article contextual hypothesis; causal edge is not explicit
Paneer,starch,organ damage,1,1,08675130-4804-4198-9157-40e7f9a9d248,same-article contextual hypothesis; causal edge is not explicit
Paneer,starch,kidney damage,1,1,08675130-4804-4198-9157-40e7f9a9d248,same-article contextual hypothesis; causal edge is not explicit
Paneer,detergent,gastrointestinal illness,1,1,08675130-4804-4198-9157-40e7f9a9d248,same-article contextual hypothesis; causal edge is not explicit
Paneer,urea,gastrointestinal illness,1,1,08675130-4804-4198-9157-40e7f9a9d248,same-article contextual hypothesis; causal edge is not explicit
Paneer,urea,organ damage,1,1,08675130-4804-4198-9157-40e7f9a9d248,same-article contextual hypothesis; causal edge is not explicit
Paneer,formalin/formaldehyde,gastrointestinal illness,1,1,08675130-4804-4198-9157-40e7f9a9d248,same-article contextual hypothesis; causal edge is not explicit
Paneer,formalin/formaldehyde,organ damage,1,1,08675130-4804-4198-9157-40e7f9a9d248,same-article contextual hypothesis; causal edge is not explicit
Paneer,formalin/formaldehyde,kidney damage,1,1,08675130-4804-4198-9157-40e7f9a9d248,same-article contextual hypothesis; causal edge is not explicit
Milk,adulterant,obesity,1,1,0d3d65f1-ed69-4173-8d2c-607947b89aca,same-article contextual hypothesis; causal edge is not explicit
Milk,adulterant,high blood pressure,1,1,0d3d65f1-ed69-4173-8d2c-607947b89aca,same-article contextual hypothesis; causal edge is not explicit
Ghee,animal fat,digestive system disturbance,1,1,2dd59c23-06e9-4bf8-adbd-3aec6f6bfe0f,same-article contextual hypothesis; causal edge is not explicit
Ghee,animal fat,nervous system effects,1,1,2dd59c23-06e9-4bf8-adbd-3aec6f6bfe0f,same-article contextual hypothesis; causal edge is not explicit
Ghee,synthetic colors,digestive system disturbance,1,1,2dd59c23-06e9-4bf8-adbd-3aec6f6bfe0f,same-article contextual hypothesis; causal edge is not explicit
Ghee,synthetic colors,nervous system effects,1,1,2dd59c23-06e9-4bf8-adbd-3aec6f6bfe0f,same-article contextual hypothesis; causal edge is not explicit
Ghee,soapstone,digestive system disturbance,1,1,2dd59c23-06e9-4bf8-adbd-3aec6f6bfe0f,same-article contextual hypothesis; causal edge is not explicit
Ghee,soapstone,nervous system effects,1,1,2dd59c23-06e9-4bf8-adbd-3aec6f6bfe0f,same-article contextual hypothesis; causal edge is not explicit
Ghee,vanaspati,arterial blockage,1,1,386b1c27-49a4-43e7-b4b1-3457f9466a37,same-article contextual hypothesis; causal edge is not explicit
Ghee,vanaspati,diabetes,1,1,386b1c27-49a4-43e7-b4b1-3457f9466a37,same-article contextual hypothesis; causal edge is not explicit
Ghee,starch,arterial blockage,1,1,386b1c27-49a4-43e7-b4b1-3457f9466a37,same-article contextual hypothesis; causal edge is not explicit
Ghee,starch,obesity,1,1,386b1c27-49a4-43e7-b4b1-3457f9466a37,same-article contextual hypothesis; causal edge is not explicit
Ghee,starch,diabetes,1,1,386b1c27-49a4-43e7-b4b1-3457f9466a37,same-article contextual hypothesis; causal edge is not explicit
Ghee,starch,cancer/carcinogenicity,1,1,386b1c27-49a4-43e7-b4b1-3457f9466a37,same-article contextual hypothesis; causal edge is not explicit
Ghee,animal fat,arterial blockage,1,1,386b1c27-49a4-43e7-b4b1-3457f9466a37,same-article contextual hypothesis; causal edge is not explicit
Ghee,animal fat,diabetes,1,1,386b1c27-49a4-43e7-b4b1-3457f9466a37,same-article contextual hypothesis; causal edge is not explicit
Ghee,cheap oils,cardiovascular disease,1,1,386b1c27-49a4-43e7-b4b1-3457f9466a37,same-article contextual hypothesis; causal edge is not explicit
Ghee,cheap oils,arterial blockage,1,1,386b1c27-49a4-43e7-b4b1-3457f9466a37,same-article contextual hypothesis; causal edge is not explicit
Ghee,cheap oils,obesity,1,1,386b1c27-49a4-43e7-b4b1-3457f9466a37,same-article contextual hypothesis; causal edge is not explicit
Ghee,cheap oils,diabetes,1,1,386b1c27-49a4-43e7-b4b1-3457f9466a37,same-article contextual hypothesis; causal edge is not explicit
Ghee,cheap oils,cancer/carcinogenicity,1,1,386b1c27-49a4-43e7-b4b1-3457f9466a37,same-article contextual hypothesis; causal edge is not explicit
Ghee,refined oil,gastrointestinal illness,1,1,40846a9f-f6bb-4e8c-a024-24aec3d65678,same-article contextual hypothesis; causal edge is not explicit
Ghee,refined oil,cardiovascular problems,1,1,40846a9f-f6bb-4e8c-a024-24aec3d65678,same-article contextual hypothesis; causal edge is not explicit
Ghee,added fragrance,gastrointestinal illness,1,1,40846a9f-f6bb-4e8c-a024-24aec3d65678,same-article contextual hypothesis; causal edge is not explicit
Ghee,added fragrance,cardiovascular problems,1,1,40846a9f-f6bb-4e8c-a024-24aec3d65678,same-article contextual hypothesis; causal edge is not explicit
chinese garlic,pesticide residue,liver damage,1,1,40ab817e-11a0-4a57-8dcd-e13fef2fbad1,same-article contextual hypothesis; causal edge is not explicit
chinese garlic,pesticide residue,gastrointestinal issues,1,1,40ab817e-11a0-4a57-8dcd-e13fef2fbad1,same-article contextual hypothesis; causal edge is not explicit
chinese garlic,pesticide residue,weakened immune function,1,1,40ab817e-11a0-4a57-8dcd-e13fef2fbad1,same-article contextual hypothesis; causal edge is not explicit
garlic,heavy metals,liver damage,1,1,40ab817e-11a0-4a57-8dcd-e13fef2fbad1,same-article contextual hypothesis; causal edge is not explicit
garlic,heavy metals,gastrointestinal issues,1,1,40ab817e-11a0-4a57-8dcd-e13fef2fbad1,same-article contextual hypothesis; causal edge is not explicit
garlic,heavy metals,weakened immune function,1,1,40ab817e-11a0-4a57-8dcd-e13fef2fbad1,same-article contextual hypothesis; causal edge is not explicit
sweets,excessive colours,liver damage,1,1,40ab817e-11a0-4a57-8dcd-e13fef2fbad1,same-article contextual hypothesis; causal edge is not explicit
sweets,excessive colours,gastrointestinal issues,1,1,40ab817e-11a0-4a57-8dcd-e13fef2fbad1,same-article contextual hypothesis; causal edge is not explicit
sweets,excessive colours,weakened immune function,1,1,40ab817e-11a0-4a57-8dcd-e13fef2fbad1,same-article contextual hypothesis; causal edge is not explicit
cake,additive,cancer/carcinogenicity,1,1,40ab817e-11a0-4a57-8dcd-e13fef2fbad1,same-article contextual hypothesis; causal edge is not explicit
Ghee,vegetable oil/fat,masking adulteration,1,1,411b1d1a-7b18-4425-90f0-da2c296625eb,same-article contextual hypothesis; causal edge is not explicit
Ghee,vegetable oil/fat,heart risks,1,1,411b1d1a-7b18-4425-90f0-da2c296625eb,same-article contextual hypothesis; causal edge is not explicit
Ghee,vegetable oil/fat,health issues,1,1,411b1d1a-7b18-4425-90f0-da2c296625eb,same-article contextual hypothesis; causal edge is not explicit
Ghee,vegetable oil/fat,heart health issues,1,1,411b1d1a-7b18-4425-90f0-da2c296625eb,same-article contextual hypothesis; causal edge is not explicit
Ghee,vegetable oil/fat,inflammation,1,1,411b1d1a-7b18-4425-90f0-da2c296625eb,same-article contextual hypothesis; causal edge is not explicit
Ghee,palm oil family,masking adulteration,1,1,411b1d1a-7b18-4425-90f0-da2c296625eb,same-article contextual hypothesis; causal edge is not explicit
Ghee,palm oil family,heart risks,1,1,411b1d1a-7b18-4425-90f0-da2c296625eb,same-article contextual hypothesis; causal edge is not explicit
Ghee,palm oil family,health issues,1,1,411b1d1a-7b18-4425-90f0-da2c296625eb,same-article contextual hypothesis; causal edge is not explicit
Ghee,vanaspati,masking adulteration,1,1,411b1d1a-7b18-4425-90f0-da2c296625eb,same-article contextual hypothesis; causal edge is not explicit
Ghee,vanaspati,heart risks,1,1,411b1d1a-7b18-4425-90f0-da2c296625eb,same-article contextual hypothesis; causal edge is not explicit
Ghee,vanaspati,health issues,1,1,411b1d1a-7b18-4425-90f0-da2c296625eb,same-article contextual hypothesis; causal edge is not explicit
Ghee,coconut oil,masking adulteration,1,1,411b1d1a-7b18-4425-90f0-da2c296625eb,same-article contextual hypothesis; causal edge is not explicit
Ghee,cottonseed oil,masking adulteration,1,1,411b1d1a-7b18-4425-90f0-da2c296625eb,same-article contextual hypothesis; causal edge is not explicit
Ghee,synthetic blends,heart risks,1,1,411b1d1a-7b18-4425-90f0-da2c296625eb,same-article contextual hypothesis; causal edge is not explicit
Ghee,synthetic blends,health issues,1,1,411b1d1a-7b18-4425-90f0-da2c296625eb,same-article contextual hypothesis; causal edge is not explicit
Ghee,hydrogenated oil,heart health issues,1,1,411b1d1a-7b18-4425-90f0-da2c296625eb,same-article contextual hypothesis; causal edge is not explicit
Ghee,hydrogenated oil,inflammation,1,1,411b1d1a-7b18-4425-90f0-da2c296625eb,same-article contextual hypothesis; causal edge is not explicit
Ghee,unknown adulterant,fflo acuteeffect,1,1,56e9d563-a5fc-487d-8fc5-7a3781c7dc81,same-article contextual hypothesis; causal edge is not explicit
Ghee,soapstone,cardiovascular disease,1,1,67c4a0dd-5f32-4dde-b733-4a4a9e5dfafb,same-article contextual hypothesis; causal edge is not explicit
Ghee,animal body fat,cardiovascular disease,1,1,67c4a0dd-5f32-4dde-b733-4a4a9e5dfafb,same-article contextual hypothesis; causal edge is not explicit
Ghee,mashed potatoes,cardiovascular disease,1,1,67c4a0dd-5f32-4dde-b733-4a4a9e5dfafb,same-article contextual hypothesis; causal edge is not explicit
Ghee,synthetic flavouring agents,cardiovascular disease,1,1,67c4a0dd-5f32-4dde-b733-4a4a9e5dfafb,same-article contextual hypothesis; causal edge is not explicit
Ghee,animal tallow,kidney damage,1,1,6901ef7b-f98a-4b3a-b622-85196fe10ffb,same-article contextual hypothesis; causal edge is not explicit
Ghee,animal tallow,neurological effects,1,1,6901ef7b-f98a-4b3a-b622-85196fe10ffb,same-article contextual hypothesis; causal edge is not explicit
Ghee,animal tallow,nausea,1,1,6901ef7b-f98a-4b3a-b622-85196fe10ffb,same-article contextual hypothesis; causal edge is not explicit
Ghee,animal tallow,diarrhoea,1,1,6901ef7b-f98a-4b3a-b622-85196fe10ffb,same-article contextual hypothesis; causal edge is not explicit
halwa,adulterated ghee,fflo acuteeffect,1,1,706f0136-7ae5-45f2-b804-e3a8c9a14d1c,same-article contextual hypothesis; causal edge is not explicit
Ghee,adulterated ghee,fflo acuteeffect,1,1,706f0136-7ae5-45f2-b804-e3a8c9a14d1c,same-article contextual hypothesis; causal edge is not explicit
Ghee,low quality substances,serious health risk,1,1,747266ac-7152-4364-9073-fb35b101266c,same-article contextual hypothesis; causal edge is not explicit
dairy products,low quality oils,serious health problems,1,1,747266ac-7152-4364-9073-fb35b101266c,same-article contextual hypothesis; causal edge is not explicit
dairy products,chemicals,serious health problems,1,1,747266ac-7152-4364-9073-fb35b101266c,same-article contextual hypothesis; causal edge is not explicit
biryani,rotten meat,cardiovascular disease,1,1,75e99df1-dce6-413d-a04b-ef5e325f770b,same-article contextual hypothesis; causal edge is not explicit
hot dishes,spoiled food items,cardiovascular disease,1,1,75e99df1-dce6-413d-a04b-ef5e325f770b,same-article contextual hypothesis; causal edge is not explicit
mithai,starch,nausea,1,1,7984f772-8c6a-46cb-af36-a7df6ed37ecc,same-article contextual hypothesis; causal edge is not explicit
mithai,starch,organ damage,1,1,7984f772-8c6a-46cb-af36-a7df6ed37ecc,same-article contextual hypothesis; causal edge is not explicit
mithai,artificial dyes,organ damage,1,1,7984f772-8c6a-46cb-af36-a7df6ed37ecc,same-article contextual hypothesis; causal edge is not explicit
Khoya/mawa,starch,serious health risks,1,1,7984f772-8c6a-46cb-af36-a7df6ed37ecc,same-article contextual hypothesis; causal edge is not explicit
silver vark,aluminium foil,hyperactivity in children,1,1,7984f772-8c6a-46cb-af36-a7df6ed37ecc,same-article contextual hypothesis; causal edge is not explicit
Milk,water,hyperactivity in children,1,1,7984f772-8c6a-46cb-af36-a7df6ed37ecc,same-article contextual hypothesis; causal edge is not explicit
dry fruits,artificial colour,allergic reaction,1,1,7984f772-8c6a-46cb-af36-a7df6ed37ecc,same-article contextual hypothesis; causal edge is not explicit
dry fruits,artificial colour,gastrointestinal illness,1,1,7984f772-8c6a-46cb-af36-a7df6ed37ecc,same-article contextual hypothesis; causal edge is not explicit
dry fruits,artificial colour,food poisoning,1,1,7984f772-8c6a-46cb-af36-a7df6ed37ecc,same-article contextual hypothesis; causal edge is not explicit
Milk,water,gastrointestinal disorders,1,1,7d796579-8acb-4851-a31f-526034bb0b78,same-article contextual hypothesis; causal edge is not explicit
Milk,pesticide residue,gastrointestinal disorders,1,1,7d796579-8acb-4851-a31f-526034bb0b78,same-article contextual hypothesis; causal edge is not explicit
Milk,heavy metals,gastrointestinal disorders,1,1,7d796579-8acb-4851-a31f-526034bb0b78,same-article contextual hypothesis; causal edge is not explicit
Milk,detergent,gastrointestinal disorders,1,1,7d796579-8acb-4851-a31f-526034bb0b78,same-article contextual hypothesis; causal edge is not explicit
Milk,urea,gastrointestinal disorders,1,1,7d796579-8acb-4851-a31f-526034bb0b78,same-article contextual hypothesis; causal edge is not explicit
Milk,starch,gastrointestinal disorders,1,1,7d796579-8acb-4851-a31f-526034bb0b78,same-article contextual hypothesis; causal edge is not explicit
Milk,glucose,gastrointestinal disorders,1,1,7d796579-8acb-4851-a31f-526034bb0b78,same-article contextual hypothesis; causal edge is not explicit
Milk,formalin/formaldehyde,gastrointestinal disorders,1,1,7d796579-8acb-4851-a31f-526034bb0b78,same-article contextual hypothesis; causal edge is not explicit
Milk,hydrogen peroxide,gastrointestinal disorders,1,1,7d796579-8acb-4851-a31f-526034bb0b78,same-article contextual hypothesis; causal edge is not explicit
Khoya/mawa,starch,cancer/carcinogenicity,1,1,8d207b3c-d7d6-4776-a05d-ec3f854e4f5e,same-article contextual hypothesis; causal edge is not explicit
Khoya/mawa,flour,gastrointestinal illness,1,1,8d207b3c-d7d6-4776-a05d-ec3f854e4f5e,same-article contextual hypothesis; causal edge is not explicit
Khoya/mawa,flour,allergic reaction,1,1,8d207b3c-d7d6-4776-a05d-ec3f854e4f5e,same-article contextual hypothesis; causal edge is not explicit
Khoya/mawa,flour,cancer/carcinogenicity,1,1,8d207b3c-d7d6-4776-a05d-ec3f854e4f5e,same-article contextual hypothesis; causal edge is not explicit
Ghee,petroleum jelly,cancer/carcinogenicity,1,1,8d8b9ba9-5da4-4861-89db-348400c8ef68,same-article contextual hypothesis; causal edge is not explicit
Milk,refined oil,cancer/carcinogenicity,1,1,8d8b9ba9-5da4-4861-89db-348400c8ef68,same-article contextual hypothesis; causal edge is not explicit
Ghee,cheap refined oil,serious health risk,1,1,9270ce1b-4012-4daf-b2b5-00671548f6af,same-article contextual hypothesis; causal edge is not explicit
Ghee,chemical based flavouring agents,serious health risk,1,1,9270ce1b-4012-4daf-b2b5-00671548f6af,same-article contextual hypothesis; causal edge is not explicit
Ghee,artificial colour,serious health risk,1,1,9270ce1b-4012-4daf-b2b5-00671548f6af,same-article contextual hypothesis; causal edge is not explicit
Ghee,unsafe substances,serious health risk,1,1,9270ce1b-4012-4daf-b2b5-00671548f6af,same-article contextual hypothesis; causal edge is not explicit
Paneer,cheese analogue products,long term health issues,1,1,ad0567c1-e472-4cb8-b0d9-b8305371eefd,same-article contextual hypothesis; causal edge is not explicit
Paneer,cheese analogue products,allergic reaction,1,1,ad0567c1-e472-4cb8-b0d9-b8305371eefd,same-article contextual hypothesis; causal edge is not explicit
Paneer,cheese analogue products,gastrointestinal infections,1,1,ad0567c1-e472-4cb8-b0d9-b8305371eefd,same-article contextual hypothesis; causal edge is not explicit
Paneer,cheese analogue products,serious illnesses affecting the liver,1,1,ad0567c1-e472-4cb8-b0d9-b8305371eefd,same-article contextual hypothesis; causal edge is not explicit
Paneer,cheese analogue,gastrointestinal infections,1,1,ad0567c1-e472-4cb8-b0d9-b8305371eefd,same-article contextual hypothesis; causal edge is not explicit
Paneer,cheese analogue,serious illnesses affecting the liver,1,1,ad0567c1-e472-4cb8-b0d9-b8305371eefd,same-article contextual hypothesis; causal edge is not explicit
Mustard oil,cottonseed oil,cardiovascular disease,1,1,af478a64-49c5-4253-b271-591bf8a3ce97,same-article contextual hypothesis; causal edge is not explicit
Mustard oil,mineral oil,cancer/carcinogenicity,1,1,af478a64-49c5-4253-b271-591bf8a3ce97,same-article contextual hypothesis; causal edge is not explicit
Mustard oil,karanja oil,cancer/carcinogenicity,1,1,af478a64-49c5-4253-b271-591bf8a3ce97,same-article contextual hypothesis; causal edge is not explicit
Mustard oil,cyanide,cancer/carcinogenicity,1,1,af478a64-49c5-4253-b271-591bf8a3ce97,same-article contextual hypothesis; causal edge is not explicit
Mustard oil,linseed oil,cancer/carcinogenicity,1,1,af478a64-49c5-4253-b271-591bf8a3ce97,same-article contextual hypothesis; causal edge is not explicit
Ghee,animal fat,adverse human health effects,1,1,b4b614f7-a43d-4e57-9766-25f7fef90d68,same-article contextual hypothesis; causal edge is not explicit
biryani,prohibited food colours,cancer/carcinogenicity,1,1,b85e00e3-c751-478f-ace8-f6044e816d41,same-article contextual hypothesis; causal edge is not explicit
biryani,prohibited food colours,digestive system damage,1,1,b85e00e3-c751-478f-ace8-f6044e816d41,same-article contextual hypothesis; causal edge is not explicit
biryani,vanaspati,cancer/carcinogenicity,1,1,b85e00e3-c751-478f-ace8-f6044e816d41,same-article contextual hypothesis; causal edge is not explicit
biryani,vanaspati,digestive system damage,1,1,b85e00e3-c751-478f-ace8-f6044e816d41,same-article contextual hypothesis; causal edge is not explicit
Ghee,vanaspati,digestive system damage,1,1,b85e00e3-c751-478f-ace8-f6044e816d41,same-article contextual hypothesis; causal edge is not explicit
biryani,cheap quality spices,cancer/carcinogenicity,1,1,b85e00e3-c751-478f-ace8-f6044e816d41,same-article contextual hypothesis; causal edge is not explicit
biryani,cheap quality spices,digestive system damage,1,1,b85e00e3-c751-478f-ace8-f6044e816d41,same-article contextual hypothesis; causal edge is not explicit
turmeric powder,wood powder,cancer/carcinogenicity,1,1,c8ddee14-df38-49aa-9d85-a7c6b34273a6,same-article contextual hypothesis; causal edge is not explicit
turmeric powder,wood powder,gastrointestinal illness,1,1,c8ddee14-df38-49aa-9d85-a7c6b34273a6,same-article contextual hypothesis; causal edge is not explicit
turmeric powder,wood powder,liver diseases,1,1,c8ddee14-df38-49aa-9d85-a7c6b34273a6,same-article contextual hypothesis; causal edge is not explicit
turmeric powder,wood powder,skin diseases,1,1,c8ddee14-df38-49aa-9d85-a7c6b34273a6,same-article contextual hypothesis; causal edge is not explicit
Ghee,less expensive oils and fats,obesity,1,1,d11fa038-1162-4d93-9df5-6d5b35b8628b,same-article contextual hypothesis; causal edge is not explicit
Ghee,less expensive oils and fats,high cholesterol levels,1,1,d11fa038-1162-4d93-9df5-6d5b35b8628b,same-article contextual hypothesis; causal edge is not explicit
Ghee,less expensive oils and fats,elevated blood pressure,1,1,d11fa038-1162-4d93-9df5-6d5b35b8628b,same-article contextual hypothesis; causal edge is not explicit
Ghee,less expensive oils and fats,bloating,1,1,d11fa038-1162-4d93-9df5-6d5b35b8628b,same-article contextual hypothesis; causal edge is not explicit
Ghee,less expensive oils and fats,stomach discomfort,1,1,d11fa038-1162-4d93-9df5-6d5b35b8628b,same-article contextual hypothesis; causal edge is not explicit
Ghee,less expensive oils and fats,chronic inflammation,1,1,d11fa038-1162-4d93-9df5-6d5b35b8628b,same-article contextual hypothesis; causal edge is not explicit
Ghee,less expensive oils and fats,oxidative stress,1,1,d11fa038-1162-4d93-9df5-6d5b35b8628b,same-article contextual hypothesis; causal edge is not explicit
Ghee,less expensive oils and fats,cardiovascular disease,1,1,d11fa038-1162-4d93-9df5-6d5b35b8628b,same-article contextual hypothesis; causal edge is not explicit
Ghee,unspecified adulterant,health risks,1,1,e2a4561f-b8bf-4ca9-9990-3b885eaf5c2b,same-article contextual hypothesis; causal edge is not explicit
biscuits,rotten eggs,cancer/carcinogenicity,1,1,ea51c75b-4b85-48fb-bbb7-8fde23c110aa,same-article contextual hypothesis; causal edge is not explicit
biscuits,sodium benzoate,cancer/carcinogenicity,1,1,ea51c75b-4b85-48fb-bbb7-8fde23c110aa,same-article contextual hypothesis; causal edge is not explicit
biscuits,sorbic acid,cancer/carcinogenicity,1,1,ea51c75b-4b85-48fb-bbb7-8fde23c110aa,same-article contextual hypothesis; causal edge is not explicit
Paneer,adulterated paneer,cancer/carcinogenicity,1,1,ea51c75b-4b85-48fb-bbb7-8fde23c110aa,same-article contextual hypothesis; causal edge is not explicit
Paneer,chemicals,cancer/carcinogenicity,1,1,ea51c75b-4b85-48fb-bbb7-8fde23c110aa,same-article contextual hypothesis; causal edge is not explicit
Ghee,animal fat,public health risks,1,1,f1ba13f7-7414-47ce-9df3-a6aa0902c1b9,same-article contextual hypothesis; causal edge is not explicit
Khoya/mawa,synthetic milk,fall sick,1,1,f3307bb9-ecd5-4da7-ab4d-7da66a93aee4,same-article contextual hypothesis; causal edge is not explicit
Khoya/mawa,artificial ingredients,fall sick,1,1,f3307bb9-ecd5-4da7-ab4d-7da66a93aee4,same-article contextual hypothesis; causal edge is not explicit
Khoya/mawa,palm oil family,stomach pain and loose motions,1,1,f3307bb9-ecd5-4da7-ab4d-7da66a93aee4,same-article contextual hypothesis; causal edge is not explicit
Khoya/mawa,synthetic materials,stomach pain and loose motions,1,1,f3307bb9-ecd5-4da7-ab4d-7da66a93aee4,same-article contextual hypothesis; causal edge is not explicit
Ghee,vanaspati,clogs arteries,1,1,f392755d-eeca-465c-a865-90cda923db62,same-article contextual hypothesis; causal edge is not explicit
Ghee,vanaspati,raises bad cholesterol,1,1,f392755d-eeca-465c-a865-90cda923db62,same-article contextual hypothesis; causal edge is not explicit
Ghee,yellow colour,clogs arteries,1,1,f392755d-eeca-465c-a865-90cda923db62,same-article contextual hypothesis; causal edge is not explicit
Ghee,yellow colour,raises bad cholesterol,1,1,f392755d-eeca-465c-a865-90cda923db62,same-article contextual hypothesis; causal edge is not explicit
Ghee,synthetic aroma,clogs arteries,1,1,f392755d-eeca-465c-a865-90cda923db62,same-article contextual hypothesis; causal edge is not explicit
Ghee,synthetic aroma,raises bad cholesterol,1,1,f392755d-eeca-465c-a865-90cda923db62,same-article contextual hypothesis; causal edge is not explicit
Ghee,paraffin wax,clogs arteries,1,1,f392755d-eeca-465c-a865-90cda923db62,same-article contextual hypothesis; causal edge is not explicit
Ghee,paraffin wax,raises bad cholesterol,1,1,f392755d-eeca-465c-a865-90cda923db62,same-article contextual hypothesis; causal edge is not explicit
Ghee,starch,clogs arteries,1,1,f392755d-eeca-465c-a865-90cda923db62,same-article contextual hypothesis; causal edge is not explicit
Ghee,starch,raises bad cholesterol,1,1,f392755d-eeca-465c-a865-90cda923db62,same-article contextual hypothesis; causal edge is not explicit
Ghee,palm oil family,serious health risks,1,1,fa660a6b-3403-4a6d-ab05-deee1b44c706,same-article contextual hypothesis; causal edge is not explicit
cream,palm oil family,serious health risks,1,1,fa660a6b-3403-4a6d-ab05-deee1b44c706,same-article contextual hypothesis; causal edge is not explicit
cake,synthetic colours,cancer/carcinogenicity,1,1,fdf1c95d-bda3-4130-a52e-6c3ed70ed7db,same-article contextual hypothesis; causal edge is not explicit
cake,synthetic colours,fflo chroniceffect,1,1,fdf1c95d-bda3-4130-a52e-6c3ed70ed7db,same-article contextual hypothesis; causal edge is not explicit
oil,total polar compounds,fflo chroniceffect,1,1,fdf1c95d-bda3-4130-a52e-6c3ed70ed7db,same-article contextual hypothesis; causal edge is not explicit
Ghee,harmful chemicals,fflo chroniceffect,1,1,ff092982-3b6e-4f4c-8194-6b8201ee1246,same-article contextual hypothesis; causal edge is not explicit
Ghee,vegetable oil/fat,cancer/carcinogenicity,1,1,ff092982-3b6e-4f4c-8194-6b8201ee1246,same-article contextual hypothesis; causal edge is not explicit
Ghee,vegetable oil/fat,fflo chroniceffect,1,1,ff092982-3b6e-4f4c-8194-6b8201ee1246,same-article contextual hypothesis; causal edge is not explicit
maggi noodles,rat poison,acuteeffect,1,1,milk-023229e6e183bfd2,same-article contextual hypothesis; causal edge is not explicit
Milk,unknown contaminant,renal failure,1,1,milk-04ad075033080fef,same-article contextual hypothesis; causal edge is not explicit
Milk,detergent,dizziness,1,1,milk-0bc625b573fb9e74,same-article contextual hypothesis; causal edge is not explicit
Milk,detergent,headaches,1,1,milk-0bc625b573fb9e74,same-article contextual hypothesis; causal edge is not explicit
Milk,detergent,heart failure,1,1,milk-0bc625b573fb9e74,same-article contextual hypothesis; causal edge is not explicit
Milk,detergent,infertility,1,1,milk-0bc625b573fb9e74,same-article contextual hypothesis; causal edge is not explicit
Milk,dioxins,internal organ damage,1,1,milk-128a72609a921d42,same-article contextual hypothesis; causal edge is not explicit
Milk,dioxins,cessation of regular food intake,1,1,milk-128a72609a921d42,same-article contextual hypothesis; causal edge is not explicit
Milk,dioxins,inability to give milk,1,1,milk-128a72609a921d42,same-article contextual hypothesis; causal edge is not explicit
Milk,salmonella,hepatitis a,1,1,milk-23a41dc5e4dfc0cc,same-article contextual hypothesis; causal edge is not explicit
Milk,salmonella,acute diarrhoeal illness,1,1,milk-23a41dc5e4dfc0cc,same-article contextual hypothesis; causal edge is not explicit
Milk,shigella dysenteriae,hepatitis a,1,1,milk-23a41dc5e4dfc0cc,same-article contextual hypothesis; causal edge is not explicit
Milk,shigella dysenteriae,acute diarrhoeal illness,1,1,milk-23a41dc5e4dfc0cc,same-article contextual hypothesis; causal edge is not explicit
honey,mannose,adverse effects on health,1,1,milk-276ea065de599828,same-article contextual hypothesis; causal edge is not explicit
honey,maltose,adverse effects on health,1,1,milk-276ea065de599828,same-article contextual hypothesis; causal edge is not explicit
honey,maltotriose,adverse effects on health,1,1,milk-276ea065de599828,same-article contextual hypothesis; causal edge is not explicit
honey,advanced syrups,evolution of drug resistant superbugs,1,1,milk-276ea065de599828,same-article contextual hypothesis; causal edge is not explicit
gobi manchurian,unapproved colours,typhoid,1,1,milk-27e4da543cad4a03,same-article contextual hypothesis; causal edge is not explicit
gobi manchurian,unapproved colours,non typhoidal salmonellosis,1,1,milk-27e4da543cad4a03,same-article contextual hypothesis; causal edge is not explicit
chicken manchurian,unapproved colours,typhoid,1,1,milk-27e4da543cad4a03,same-article contextual hypothesis; causal edge is not explicit
chicken manchurian,unapproved colours,non typhoidal salmonellosis,1,1,milk-27e4da543cad4a03,same-article contextual hypothesis; causal edge is not explicit
rice,arsenic,behavioral changes,1,1,milk-29425e997318adaa,same-article contextual hypothesis; causal edge is not explicit
rice,arsenic,iq reduction,1,1,milk-29425e997318adaa,same-article contextual hypothesis; causal edge is not explicit
Milk,ethylene glycol,multi-organ failure,1,1,milk-296ea05ffef8551b,same-article contextual hypothesis; causal edge is not explicit
Milk,water,introduction of foreign particles and contaminants,1,1,milk-2c429c89c2aac82c,same-article contextual hypothesis; causal edge is not explicit
Milk,detergent,irritate the digestive tract,1,1,milk-2d4c6eb27aa0b942,same-article contextual hypothesis; causal edge is not explicit
Milk,detergent,multi-organ failure,1,1,milk-2d4c6eb27aa0b942,same-article contextual hypothesis; causal edge is not explicit
Milk,detergent,metabolic disturbances,1,1,milk-2d4c6eb27aa0b942,same-article contextual hypothesis; causal edge is not explicit
Milk,starch,gastrointestinal discomfort,1,1,milk-2d4c6eb27aa0b942,same-article contextual hypothesis; causal edge is not explicit
Milk,starch,irritate the digestive tract,1,1,milk-2d4c6eb27aa0b942,same-article contextual hypothesis; causal edge is not explicit
Milk,starch,multi-organ failure,1,1,milk-2d4c6eb27aa0b942,same-article contextual hypothesis; causal edge is not explicit
Milk,starch,metabolic disturbances,1,1,milk-2d4c6eb27aa0b942,same-article contextual hypothesis; causal edge is not explicit
Milk,urea,gastrointestinal discomfort,1,1,milk-2d4c6eb27aa0b942,same-article contextual hypothesis; causal edge is not explicit
Milk,urea,irritate the digestive tract,1,1,milk-2d4c6eb27aa0b942,same-article contextual hypothesis; causal edge is not explicit
Milk,urea,metabolic disturbances,1,1,milk-2d4c6eb27aa0b942,same-article contextual hypothesis; causal edge is not explicit
Milk,urea,multi-organ failure,1,1,milk-2d4c6eb27aa0b942,same-article contextual hypothesis; causal edge is not explicit
Milk,caustic soda,gastrointestinal discomfort,1,1,milk-2d4c6eb27aa0b942,same-article contextual hypothesis; causal edge is not explicit
Milk,caustic soda,irritate the digestive tract,1,1,milk-2d4c6eb27aa0b942,same-article contextual hypothesis; causal edge is not explicit
Milk,caustic soda,multi-organ failure,1,1,milk-2d4c6eb27aa0b942,same-article contextual hypothesis; causal edge is not explicit
Milk,caustic soda,metabolic disturbances,1,1,milk-2d4c6eb27aa0b942,same-article contextual hypothesis; causal edge is not explicit
Milk,formalin/formaldehyde,gastrointestinal discomfort,1,1,milk-2d4c6eb27aa0b942,same-article contextual hypothesis; causal edge is not explicit
Milk,formalin/formaldehyde,irritate the digestive tract,1,1,milk-2d4c6eb27aa0b942,same-article contextual hypothesis; causal edge is not explicit
Milk,formalin/formaldehyde,multi-organ failure,1,1,milk-2d4c6eb27aa0b942,same-article contextual hypothesis; causal edge is not explicit
Paneer,detergent,irritate the digestive tract,1,1,milk-2d4c6eb27aa0b942,same-article contextual hypothesis; causal edge is not explicit
Paneer,detergent,multi-organ failure,1,1,milk-2d4c6eb27aa0b942,same-article contextual hypothesis; causal edge is not explicit
Paneer,detergent,metabolic disturbances,1,1,milk-2d4c6eb27aa0b942,same-article contextual hypothesis; causal edge is not explicit
Curd/yoghurt,detergent,irritate the digestive tract,1,1,milk-2d4c6eb27aa0b942,same-article contextual hypothesis; causal edge is not explicit
Curd/yoghurt,detergent,multi-organ failure,1,1,milk-2d4c6eb27aa0b942,same-article contextual hypothesis; causal edge is not explicit
Curd/yoghurt,detergent,metabolic disturbances,1,1,milk-2d4c6eb27aa0b942,same-article contextual hypothesis; causal edge is not explicit
sweets,detergent,irritate the digestive tract,1,1,milk-2d4c6eb27aa0b942,same-article contextual hypothesis; causal edge is not explicit
sweets,detergent,multi-organ failure,1,1,milk-2d4c6eb27aa0b942,same-article contextual hypothesis; causal edge is not explicit
sweets,detergent,metabolic disturbances,1,1,milk-2d4c6eb27aa0b942,same-article contextual hypothesis; causal edge is not explicit
fish,formalin/formaldehyde,kidney damage,1,1,milk-2d4c6eb27aa0b942,same-article contextual hypothesis; causal edge is not explicit
fish,formalin/formaldehyde,liver damage,1,1,milk-2d4c6eb27aa0b942,same-article contextual hypothesis; causal edge is not explicit
fish,malachite green,cancer/carcinogenicity,1,1,milk-2d4c6eb27aa0b942,same-article contextual hypothesis; causal edge is not explicit
fish,malachite green,kidney damage,1,1,milk-2d4c6eb27aa0b942,same-article contextual hypothesis; causal edge is not explicit
fish,malachite green,liver damage,1,1,milk-2d4c6eb27aa0b942,same-article contextual hypothesis; causal edge is not explicit
fish,rhodamine B,cancer/carcinogenicity,1,1,milk-2d4c6eb27aa0b942,same-article contextual hypothesis; causal edge is not explicit
fish,rhodamine B,kidney damage,1,1,milk-2d4c6eb27aa0b942,same-article contextual hypothesis; causal edge is not explicit
fish,ammonia,kidney damage,1,1,milk-2d4c6eb27aa0b942,same-article contextual hypothesis; causal edge is not explicit
fish,ammonia,liver damage,1,1,milk-2d4c6eb27aa0b942,same-article contextual hypothesis; causal edge is not explicit
chilli powder,sudan red,cancer/carcinogenicity,1,1,milk-2d4c6eb27aa0b942,same-article contextual hypothesis; causal edge is not explicit
chilli powder,sudan red,kidney damage,1,1,milk-2d4c6eb27aa0b942,same-article contextual hypothesis; causal edge is not explicit
chilli powder,sudan red,liver damage,1,1,milk-2d4c6eb27aa0b942,same-article contextual hypothesis; causal edge is not explicit
turmeric,lead chromate,liver damage,1,1,milk-2d4c6eb27aa0b942,same-article contextual hypothesis; causal edge is not explicit
Milk,unidentified adulterant,fflo acuteeffect,1,1,milk-30fafb76f1c21fe2,same-article contextual hypothesis; causal edge is not explicit
Paneer,starch,health risks,1,1,milk-31fe5bedee4960e1,same-article contextual hypothesis; causal edge is not explicit
Paneer,starch,hazardous for human consumption,1,1,milk-31fe5bedee4960e1,same-article contextual hypothesis; causal edge is not explicit
Paneer,sucrose,health risks,1,1,milk-31fe5bedee4960e1,same-article contextual hypothesis; causal edge is not explicit
Paneer,sucrose,hazardous for human consumption,1,1,milk-31fe5bedee4960e1,same-article contextual hypothesis; causal edge is not explicit
fruits and vegetables,pesticide residue,long term health complications,1,1,milk-3812e38befd121be,same-article contextual hypothesis; causal edge is not explicit
large fish species,mercury,long term health complications,1,1,milk-3812e38befd121be,same-article contextual hypothesis; causal edge is not explicit
Paneer,urea,liver damage,1,1,milk-3860e6654d518030,same-article contextual hypothesis; causal edge is not explicit
Paneer,urea,indigestion,1,1,milk-3860e6654d518030,same-article contextual hypothesis; causal edge is not explicit
Paneer,urea,heart problems,1,1,milk-3860e6654d518030,same-article contextual hypothesis; causal edge is not explicit
Paneer,tinopal,liver damage,1,1,milk-3860e6654d518030,same-article contextual hypothesis; causal edge is not explicit
Paneer,tinopal,kidney damage,1,1,milk-3860e6654d518030,same-article contextual hypothesis; causal edge is not explicit
Paneer,tinopal,digestive system damage,1,1,milk-3860e6654d518030,same-article contextual hypothesis; causal edge is not explicit
Paneer,tinopal,cancer/carcinogenicity,1,1,milk-3860e6654d518030,same-article contextual hypothesis; causal edge is not explicit
Paneer,tinopal,stomach pain,1,1,milk-3860e6654d518030,same-article contextual hypothesis; causal edge is not explicit
Paneer,tinopal,vomiting,1,1,milk-3860e6654d518030,same-article contextual hypothesis; causal edge is not explicit
Paneer,tinopal,indigestion,1,1,milk-3860e6654d518030,same-article contextual hypothesis; causal edge is not explicit
Paneer,tinopal,heart problems,1,1,milk-3860e6654d518030,same-article contextual hypothesis; causal edge is not explicit
Paneer,ala,liver damage,1,1,milk-3860e6654d518030,same-article contextual hypothesis; causal edge is not explicit
Paneer,detergent,digestive system damage,1,1,milk-3860e6654d518030,same-article contextual hypothesis; causal edge is not explicit
Paneer,detergent,stomach pain,1,1,milk-3860e6654d518030,same-article contextual hypothesis; causal edge is not explicit
Paneer,detergent,vomiting,1,1,milk-3860e6654d518030,same-article contextual hypothesis; causal edge is not explicit
Paneer,detergent,indigestion,1,1,milk-3860e6654d518030,same-article contextual hypothesis; causal edge is not explicit
Paneer,detergent,heart problems,1,1,milk-3860e6654d518030,same-article contextual hypothesis; causal edge is not explicit
Milk,plastic,respiratory problems,1,1,milk-39bc1a13a79ae513,same-article contextual hypothesis; causal edge is not explicit
Milk,plastic,neurological effects,1,1,milk-39bc1a13a79ae513,same-article contextual hypothesis; causal edge is not explicit
meat,plastic,respiratory problems,1,1,milk-39bc1a13a79ae513,same-article contextual hypothesis; causal edge is not explicit
meat,plastic,neurological effects,1,1,milk-39bc1a13a79ae513,same-article contextual hypothesis; causal edge is not explicit
Milk,plastic waste,health risks to humans,1,1,milk-39bc1a13a79ae513,same-article contextual hypothesis; causal edge is not explicit
meat,plastic waste,health risks to humans,1,1,milk-39bc1a13a79ae513,same-article contextual hypothesis; causal edge is not explicit
powdered infant formula,enterobacteriaceae,death,1,1,milk-41fa8a1322cd24cd,same-article contextual hypothesis; causal edge is not explicit
powdered infant formula,enterobacteriaceae,intestinal infections,1,1,milk-41fa8a1322cd24cd,same-article contextual hypothesis; causal edge is not explicit
kodo millet,cyclopiazonic acid,fflo acuteeffect,1,1,milk-4649faef76819529,same-article contextual hypothesis; causal edge is not explicit
kodo millet,cyclopiazonic acid,food poisoning,1,1,milk-4649faef76819529,same-article contextual hypothesis; causal edge is not explicit
kodo millet,ergot,food poisoning,1,1,milk-4649faef76819529,same-article contextual hypothesis; causal edge is not explicit
kodo millet,ergot,fflo acuteeffect,1,1,milk-4649faef76819529,same-article contextual hypothesis; causal edge is not explicit
ice cream,detergent,weakens bones,1,1,milk-4fcc3a01e43c315a,same-article contextual hypothesis; causal edge is not explicit
Milk,contaminant,death,1,1,milk-53de5492ae8271b6,same-article contextual hypothesis; causal edge is not explicit
Milk,adulterant,death,1,1,milk-6467077b7f183c28,same-article contextual hypothesis; causal edge is not explicit
Milk,adulterant,hospitalisation,1,1,milk-6467077b7f183c28,same-article contextual hypothesis; causal edge is not explicit
Milk,adulterant,diarrhoea,1,1,milk-6467077b7f183c28,same-article contextual hypothesis; causal edge is not explicit
dark chocolate,lead,health issues,1,1,milk-681b94301c4f1a61,same-article contextual hypothesis; causal edge is not explicit
dark chocolate,cadmium,health issues,1,1,milk-681b94301c4f1a61,same-article contextual hypothesis; causal edge is not explicit
organic dark chocolate,lead,health issues,1,1,milk-681b94301c4f1a61,same-article contextual hypothesis; causal edge is not explicit
cough syrup,diethylene glycol,organ damage,1,1,milk-6cf8b965d0dba773,same-article contextual hypothesis; causal edge is not explicit
cough syrup,diethylene glycol,renal failure,1,1,milk-6cf8b965d0dba773,same-article contextual hypothesis; causal edge is not explicit
Milk,unknown adulterant,acuteeffect,1,1,milk-6f2986b6515645ab,same-article contextual hypothesis; causal edge is not explicit
Paneer,vegetable oil/fat,food borne illnesses,1,1,milk-743614fce3b7e2f3,same-article contextual hypothesis; causal edge is not explicit
Paneer,vegetable oil/fat,food poisoning,1,1,milk-743614fce3b7e2f3,same-article contextual hypothesis; causal edge is not explicit
Paneer,pathogens,food borne illnesses,1,1,milk-743614fce3b7e2f3,same-article contextual hypothesis; causal edge is not explicit
Paneer,pathogens,food poisoning,1,1,milk-743614fce3b7e2f3,same-article contextual hypothesis; causal edge is not explicit
Milk,salt,food poisoning,1,1,milk-74d1d6aaa4ade7cf,same-article contextual hypothesis; causal edge is not explicit
Milk,glucose,food poisoning,1,1,milk-74d1d6aaa4ade7cf,same-article contextual hypothesis; causal edge is not explicit
Milk,glucose,death,1,1,milk-74d1d6aaa4ade7cf,same-article contextual hypothesis; causal edge is not explicit
Paneer,starch,death,1,1,milk-74d1d6aaa4ade7cf,same-article contextual hypothesis; causal edge is not explicit
Paneer,detergent,death,1,1,milk-74d1d6aaa4ade7cf,same-article contextual hypothesis; causal edge is not explicit
Mustard oil,rice bran oil,cancer/carcinogenicity,1,1,milk-74d1d6aaa4ade7cf,same-article contextual hypothesis; causal edge is not explicit
Mustard oil,artificial allyl isothiocyanate,cancer/carcinogenicity,1,1,milk-74d1d6aaa4ade7cf,same-article contextual hypothesis; causal edge is not explicit
Milk,water,health problems,1,1,milk-768bded20870f802,same-article contextual hypothesis; causal edge is not explicit
Milk,starch,health problems,1,1,milk-768bded20870f802,same-article contextual hypothesis; causal edge is not explicit
Ghee,palm oil family,health problems,1,1,milk-768bded20870f802,same-article contextual hypothesis; causal edge is not explicit
Milk,hazardous waste,side effects on humans,1,1,milk-790fc8711484d28b,same-article contextual hypothesis; causal edge is not explicit
dairy products,salmonella,diarrhoea,1,1,milk-7ad5f827a3ae30fe,same-article contextual hypothesis; causal edge is not explicit
dairy products,salmonella,abdominal cramps,1,1,milk-7ad5f827a3ae30fe,same-article contextual hypothesis; causal edge is not explicit
dairy products,salmonella,fever,1,1,milk-7ad5f827a3ae30fe,same-article contextual hypothesis; causal edge is not explicit
Milk,detergent,peptic ulcers,1,1,milk-7e13b24dc1c7f107,same-article contextual hypothesis; causal edge is not explicit
Milk,urea,peptic ulcers,1,1,milk-7e13b24dc1c7f107,same-article contextual hypothesis; causal edge is not explicit
Milk,mineral oils,peptic ulcers,1,1,milk-7e13b24dc1c7f107,same-article contextual hypothesis; causal edge is not explicit
Milk,mineral oils,nausea,1,1,milk-7e13b24dc1c7f107,same-article contextual hypothesis; causal edge is not explicit
Milk,mineral oils,vomiting,1,1,milk-7e13b24dc1c7f107,same-article contextual hypothesis; causal edge is not explicit
tap water,bacteria,cancerous changes,1,1,milk-8525c631cb260a24,same-article contextual hypothesis; causal edge is not explicit
tap water,bacteria,cancer/carcinogenicity,1,1,milk-8525c631cb260a24,same-article contextual hypothesis; causal edge is not explicit
tap water,viruses,cancerous changes,1,1,milk-8525c631cb260a24,same-article contextual hypothesis; causal edge is not explicit
tap water,viruses,cancer/carcinogenicity,1,1,milk-8525c631cb260a24,same-article contextual hypothesis; causal edge is not explicit
tap water,harmful chemicals,cancer/carcinogenicity,1,1,milk-8525c631cb260a24,same-article contextual hypothesis; causal edge is not explicit
street food,carcinogenic compounds,cancerous changes,1,1,milk-8525c631cb260a24,same-article contextual hypothesis; causal edge is not explicit
Milk,hazardous additives,epidemic dropsy,1,1,milk-8a55933f0d5da63a,same-article contextual hypothesis; causal edge is not explicit
Ghee,inferior fats,epidemic dropsy,1,1,milk-8a55933f0d5da63a,same-article contextual hypothesis; causal edge is not explicit
edible oils,inferior fats,epidemic dropsy,1,1,milk-8a55933f0d5da63a,same-article contextual hypothesis; causal edge is not explicit
spices,industrial dyes,epidemic dropsy,1,1,milk-8a55933f0d5da63a,same-article contextual hypothesis; causal edge is not explicit
sweets,synthetic khoya,epidemic dropsy,1,1,milk-8a55933f0d5da63a,same-article contextual hypothesis; causal edge is not explicit
honey,sugar syrup,epidemic dropsy,1,1,milk-8a55933f0d5da63a,same-article contextual hypothesis; causal edge is not explicit
fruits and vegetables,pesticide residue,epidemic dropsy,1,1,milk-8a55933f0d5da63a,same-article contextual hypothesis; causal edge is not explicit
turmeric,metanil yellow,epidemic dropsy,1,1,milk-8a55933f0d5da63a,same-article contextual hypothesis; causal edge is not explicit
Milk,ethylene glycol,liver damage,1,1,milk-8f48bdb945aaf5fc,same-article contextual hypothesis; causal edge is not explicit
protein supplements,lead,neurological problems,1,1,milk-8fb413472dd724f9,same-article contextual hypothesis; causal edge is not explicit
protein supplements,lead,kidney issues,1,1,milk-8fb413472dd724f9,same-article contextual hypothesis; causal edge is not explicit
protein supplements,mercury,neurological problems,1,1,milk-8fb413472dd724f9,same-article contextual hypothesis; causal edge is not explicit
protein supplements,mercury,kidney issues,1,1,milk-8fb413472dd724f9,same-article contextual hypothesis; causal edge is not explicit
protein supplements,cadmium,neurological problems,1,1,milk-8fb413472dd724f9,same-article contextual hypothesis; causal edge is not explicit
protein supplements,cadmium,kidney issues,1,1,milk-8fb413472dd724f9,same-article contextual hypothesis; causal edge is not explicit
protein supplements,arsenic,neurological problems,1,1,milk-8fb413472dd724f9,same-article contextual hypothesis; causal edge is not explicit
protein supplements,arsenic,kidney issues,1,1,milk-8fb413472dd724f9,same-article contextual hypothesis; causal edge is not explicit
protein supplements,synthetic flavours,neurological problems,1,1,milk-8fb413472dd724f9,same-article contextual hypothesis; causal edge is not explicit
protein supplements,synthetic flavours,kidney issues,1,1,milk-8fb413472dd724f9,same-article contextual hypothesis; causal edge is not explicit
protein supplements,hydrogenated oils,neurological problems,1,1,milk-8fb413472dd724f9,same-article contextual hypothesis; causal edge is not explicit
protein supplements,hydrogenated oils,kidney issues,1,1,milk-8fb413472dd724f9,same-article contextual hypothesis; causal edge is not explicit
protein supplements,unverified herbal stimulants,neurological problems,1,1,milk-8fb413472dd724f9,same-article contextual hypothesis; causal edge is not explicit
protein supplements,unverified herbal stimulants,kidney issues,1,1,milk-8fb413472dd724f9,same-article contextual hypothesis; causal edge is not explicit
Milk,poison,acuteeffect,1,1,milk-8fce7f9bce4587df,same-article contextual hypothesis; causal edge is not explicit
ice cream,detergent,bone weakening,1,1,milk-90b61558dc2a44b6,same-article contextual hypothesis; causal edge is not explicit
Milk,urea,bone weakening,1,1,milk-90b61558dc2a44b6,same-article contextual hypothesis; causal edge is not explicit
Milk,starch,severe health risks,1,1,milk-90b61558dc2a44b6,same-article contextual hypothesis; causal edge is not explicit
Paneer,bacterial presence,severe health risks,1,1,milk-90b61558dc2a44b6,same-article contextual hypothesis; causal edge is not explicit
Paneer,non dairy additives,severe health risks,1,1,milk-90b61558dc2a44b6,same-article contextual hypothesis; causal edge is not explicit
Milk,unknown adulterant,acute renal dysfunction,1,1,milk-92d9f94360892623,same-article contextual hypothesis; causal edge is not explicit
Milk,unknown toxic substance,fflo acuteeffect,1,1,milk-9eee27e256bcfffc,same-article contextual hypothesis; causal edge is not explicit
Milk,water,cardiovascular risks,1,1,milk-a1ae27d81f0013a5,same-article contextual hypothesis; causal edge is not explicit
spices,artificial dyes,cardiovascular risks,1,1,milk-a1ae27d81f0013a5,same-article contextual hypothesis; causal edge is not explicit
water,arsenic,death,1,1,milk-a5df4da0189c780d,same-article contextual hypothesis; causal edge is not explicit
Milk,sodium bicarbonate,cancer/carcinogenicity,1,1,milk-a710297f02e308b8,same-article contextual hypothesis; causal edge is not explicit
Milk,toxins,brain development issues,1,1,milk-ac16214f09ab2f5a,same-article contextual hypothesis; causal edge is not explicit
Milk,chemicals,brain development issues,1,1,milk-ac16214f09ab2f5a,same-article contextual hypothesis; causal edge is not explicit
Milk,ethylene glycol,renal failure,1,1,milk-ae0fa0b757ba21df,same-article contextual hypothesis; causal edge is not explicit
fish,formalin/formaldehyde,health hazards,1,1,milk-af1ce0c3ea9cfd70,same-article contextual hypothesis; causal edge is not explicit
fruits and vegetables,harmful chemicals,health hazards,1,1,milk-af1ce0c3ea9cfd70,same-article contextual hypothesis; causal edge is not explicit
fruits,pesticide residue,serious health risks,1,1,milk-b993f201bb670e21,same-article contextual hypothesis; causal edge is not explicit
wheat flour,pesticide residue,serious health risks,1,1,milk-b993f201bb670e21,same-article contextual hypothesis; causal edge is not explicit
Milk,pesticide residue,serious health risks,1,1,milk-b993f201bb670e21,same-article contextual hypothesis; causal edge is not explicit
fish,cadmium,food poisoning,1,1,milk-b993f201bb670e21,same-article contextual hypothesis; causal edge is not explicit
fish,cadmium,cancer/carcinogenicity,1,1,milk-b993f201bb670e21,same-article contextual hypothesis; causal edge is not explicit
octopus,cadmium,food poisoning,1,1,milk-b993f201bb670e21,same-article contextual hypothesis; causal edge is not explicit
octopus,cadmium,cancer/carcinogenicity,1,1,milk-b993f201bb670e21,same-article contextual hypothesis; causal edge is not explicit
squid,cadmium,food poisoning,1,1,milk-b993f201bb670e21,same-article contextual hypothesis; causal edge is not explicit
squid,cadmium,cancer/carcinogenicity,1,1,milk-b993f201bb670e21,same-article contextual hypothesis; causal edge is not explicit
fish,mercury,food poisoning,1,1,milk-b993f201bb670e21,same-article contextual hypothesis; causal edge is not explicit
fish,mercury,serious health risks,1,1,milk-b993f201bb670e21,same-article contextual hypothesis; causal edge is not explicit
Milk,unknown toxin,fflo acuteeffect,1,1,milk-ba4f1457d110127f,same-article contextual hypothesis; causal edge is not explicit
sweets,metanil yellow,physiological degeneration,1,1,milk-bb864d8d03055611,same-article contextual hypothesis; causal edge is not explicit
sweets,metanil yellow,organ pathology,1,1,milk-bb864d8d03055611,same-article contextual hypothesis; causal edge is not explicit
sweets,metanil yellow,genetic damage,1,1,milk-bb864d8d03055611,same-article contextual hypothesis; causal edge is not explicit
sweets,rhodamine B,physiological degeneration,1,1,milk-bb864d8d03055611,same-article contextual hypothesis; causal edge is not explicit
sweets,rhodamine B,organ pathology,1,1,milk-bb864d8d03055611,same-article contextual hypothesis; causal edge is not explicit
sweets,rhodamine B,genetic damage,1,1,milk-bb864d8d03055611,same-article contextual hypothesis; causal edge is not explicit
sweets,malachite green,physiological degeneration,1,1,milk-bb864d8d03055611,same-article contextual hypothesis; causal edge is not explicit
sweets,malachite green,organ pathology,1,1,milk-bb864d8d03055611,same-article contextual hypothesis; causal edge is not explicit
sweets,malachite green,genetic damage,1,1,milk-bb864d8d03055611,same-article contextual hypothesis; causal edge is not explicit
Paneer,vegetable oil/fat,risk to health,1,1,milk-c4c85c2d91f17593,same-article contextual hypothesis; causal edge is not explicit
fermented foods,toxins,acuteeffect,1,1,milk-c720835299992065,same-article contextual hypothesis; causal edge is not explicit
Milk,listeria,guillain barré syndrome,1,1,milk-c8d247f8a136d400,same-article contextual hypothesis; causal edge is not explicit
Milk,listeria,muscle paralysis,1,1,milk-c8d247f8a136d400,same-article contextual hypothesis; causal edge is not explicit
Milk,campylobacter,listeriosis,1,1,milk-c8d247f8a136d400,same-article contextual hypothesis; causal edge is not explicit
Milk,campylobacter,muscle paralysis,1,1,milk-c8d247f8a136d400,same-article contextual hypothesis; causal edge is not explicit
undercooked beef,e coli,listeriosis,1,1,milk-c8d247f8a136d400,same-article contextual hypothesis; causal edge is not explicit
undercooked beef,e coli,guillain barré syndrome,1,1,milk-c8d247f8a136d400,same-article contextual hypothesis; causal edge is not explicit
undercooked beef,e coli,muscle paralysis,1,1,milk-c8d247f8a136d400,same-article contextual hypothesis; causal edge is not explicit
drinking water,raw sewage,death,1,1,milk-c9d34ca0c97e2a93,same-article contextual hypothesis; causal edge is not explicit
Milk,urea,digestive complications,1,1,milk-d1fcc18c1d80bd0a,same-article contextual hypothesis; causal edge is not explicit
Milk,starch,digestive complications,1,1,milk-d1fcc18c1d80bd0a,same-article contextual hypothesis; causal edge is not explicit
Milk,detergent,digestive complications,1,1,milk-d1fcc18c1d80bd0a,same-article contextual hypothesis; causal edge is not explicit
Milk,maltodextrin,liver damage,1,1,milk-d1fcc18c1d80bd0a,same-article contextual hypothesis; causal edge is not explicit
Milk,maltodextrin,kidney damage,1,1,milk-d1fcc18c1d80bd0a,same-article contextual hypothesis; causal edge is not explicit
Milk,maltodextrin,digestive complications,1,1,milk-d1fcc18c1d80bd0a,same-article contextual hypothesis; causal edge is not explicit
Milk,vegetable oil/fat,liver damage,1,1,milk-d1fcc18c1d80bd0a,same-article contextual hypothesis; causal edge is not explicit
Milk,vegetable oil/fat,kidney damage,1,1,milk-d1fcc18c1d80bd0a,same-article contextual hypothesis; causal edge is not explicit
Milk,vegetable oil/fat,vomiting,1,1,milk-d1fcc18c1d80bd0a,same-article contextual hypothesis; causal edge is not explicit
Milk,vegetable oil/fat,digestive complications,1,1,milk-d1fcc18c1d80bd0a,same-article contextual hypothesis; causal edge is not explicit
Milk,neutralisers,liver damage,1,1,milk-d1fcc18c1d80bd0a,same-article contextual hypothesis; causal edge is not explicit
Milk,neutralisers,kidney damage,1,1,milk-d1fcc18c1d80bd0a,same-article contextual hypothesis; causal edge is not explicit
Milk,neutralisers,vomiting,1,1,milk-d1fcc18c1d80bd0a,same-article contextual hypothesis; causal edge is not explicit
Milk,neutralisers,digestive complications,1,1,milk-d1fcc18c1d80bd0a,same-article contextual hypothesis; causal edge is not explicit
protein powder,lead,cancer/carcinogenicity,1,1,milk-d2fe77bd3bfa3b48,same-article contextual hypothesis; causal edge is not explicit
protein powder,arsenic,impaired brain development,1,1,milk-d2fe77bd3bfa3b48,same-article contextual hypothesis; causal edge is not explicit
protein powder,arsenic,kidney damage,1,1,milk-d2fe77bd3bfa3b48,same-article contextual hypothesis; causal edge is not explicit
protein powder,arsenic,impaired learning,1,1,milk-d2fe77bd3bfa3b48,same-article contextual hypothesis; causal edge is not explicit
protein powder,arsenic,cancer/carcinogenicity,1,1,milk-d2fe77bd3bfa3b48,same-article contextual hypothesis; causal edge is not explicit
protein powder,cadmium,impaired brain development,1,1,milk-d2fe77bd3bfa3b48,same-article contextual hypothesis; causal edge is not explicit
protein powder,cadmium,kidney damage,1,1,milk-d2fe77bd3bfa3b48,same-article contextual hypothesis; causal edge is not explicit
protein powder,cadmium,impaired learning,1,1,milk-d2fe77bd3bfa3b48,same-article contextual hypothesis; causal edge is not explicit
protein powder,cadmium,cancer/carcinogenicity,1,1,milk-d2fe77bd3bfa3b48,same-article contextual hypothesis; causal edge is not explicit
protein powder,mercury,impaired brain development,1,1,milk-d2fe77bd3bfa3b48,same-article contextual hypothesis; causal edge is not explicit
protein powder,mercury,kidney damage,1,1,milk-d2fe77bd3bfa3b48,same-article contextual hypothesis; causal edge is not explicit
protein powder,mercury,impaired learning,1,1,milk-d2fe77bd3bfa3b48,same-article contextual hypothesis; causal edge is not explicit
protein powder,mercury,cancer/carcinogenicity,1,1,milk-d2fe77bd3bfa3b48,same-article contextual hypothesis; causal edge is not explicit
protein powder,bisphenol a,impaired brain development,1,1,milk-d2fe77bd3bfa3b48,same-article contextual hypothesis; causal edge is not explicit
protein powder,bisphenol a,kidney damage,1,1,milk-d2fe77bd3bfa3b48,same-article contextual hypothesis; causal edge is not explicit
protein powder,bisphenol a,impaired learning,1,1,milk-d2fe77bd3bfa3b48,same-article contextual hypothesis; causal edge is not explicit
protein powder,bisphenol a,cancer/carcinogenicity,1,1,milk-d2fe77bd3bfa3b48,same-article contextual hypothesis; causal edge is not explicit
protein powder,pesticide residue,impaired brain development,1,1,milk-d2fe77bd3bfa3b48,same-article contextual hypothesis; causal edge is not explicit
protein powder,pesticide residue,kidney damage,1,1,milk-d2fe77bd3bfa3b48,same-article contextual hypothesis; causal edge is not explicit
protein powder,pesticide residue,impaired learning,1,1,milk-d2fe77bd3bfa3b48,same-article contextual hypothesis; causal edge is not explicit
chilli powder,lead chromate,cancer/carcinogenicity,1,1,milk-d5b2611e75b60517,same-article contextual hypothesis; causal edge is not explicit
turmeric,brick powder,cancer/carcinogenicity,1,1,milk-d5b2611e75b60517,same-article contextual hypothesis; causal edge is not explicit
chilli powder,brick powder,cancer/carcinogenicity,1,1,milk-d5b2611e75b60517,same-article contextual hypothesis; causal edge is not explicit
chilli powder,metanil yellow,cancer/carcinogenicity,1,1,milk-d5b2611e75b60517,same-article contextual hypothesis; causal edge is not explicit
turmeric,rhodamine B,cancer/carcinogenicity,1,1,milk-d5b2611e75b60517,same-article contextual hypothesis; causal edge is not explicit
chilli powder,rhodamine B,cancer/carcinogenicity,1,1,milk-d5b2611e75b60517,same-article contextual hypothesis; causal edge is not explicit
edible oils,artificial colours,cancer/carcinogenicity,1,1,milk-d5b2611e75b60517,same-article contextual hypothesis; causal edge is not explicit
edible oils,artificial flavours,cancer/carcinogenicity,1,1,milk-d5b2611e75b60517,same-article contextual hypothesis; causal edge is not explicit
mithai,artificial dyes,nausea,1,1,milk-d76c56c09e58067b,same-article contextual hypothesis; causal edge is not explicit
mithai,industrial dyes,digestive irritation,1,1,milk-d76c56c09e58067b,same-article contextual hypothesis; causal edge is not explicit
Milk,water,hyperactivity,1,1,milk-d76c56c09e58067b,same-article contextual hypothesis; causal edge is not explicit
Milk,detergent,rashes,1,1,milk-d76c56c09e58067b,same-article contextual hypothesis; causal edge is not explicit
Milk,detergent,hyperactivity,1,1,milk-d76c56c09e58067b,same-article contextual hypothesis; causal edge is not explicit
Milk,urea,rashes,1,1,milk-d76c56c09e58067b,same-article contextual hypothesis; causal edge is not explicit
Milk,urea,hyperactivity,1,1,milk-d76c56c09e58067b,same-article contextual hypothesis; causal edge is not explicit
dry fruits,mineral oil,hyperactivity,1,1,milk-d76c56c09e58067b,same-article contextual hypothesis; causal edge is not explicit
dry fruits,mineral oil,long term health risks,1,1,milk-d76c56c09e58067b,same-article contextual hypothesis; causal edge is not explicit
dry fruits,artificial colours,gastrointestinal illness,1,1,milk-d76c56c09e58067b,same-article contextual hypothesis; causal edge is not explicit
dry fruits,artificial colours,food poisoning,1,1,milk-d76c56c09e58067b,same-article contextual hypothesis; causal edge is not explicit
Milk,oil,renal failure,1,1,milk-e684b29654db6793,same-article contextual hypothesis; causal edge is not explicit
Milk,coolant oil,renal failure,1,1,milk-e684b29654db6793,same-article contextual hypothesis; causal edge is not explicit
Milk,refined oil,health of the people,1,1,milk-e8dfe59b0423e72e,same-article contextual hypothesis; causal edge is not explicit
Milk,caustic soda,health of the people,1,1,milk-e8dfe59b0423e72e,same-article contextual hypothesis; causal edge is not explicit
Milk,urea,health of the people,1,1,milk-e8dfe59b0423e72e,same-article contextual hypothesis; causal edge is not explicit
Milk,detergent,health of the people,1,1,milk-e8dfe59b0423e72e,same-article contextual hypothesis; causal edge is not explicit
Milk,starch,health of the people,1,1,milk-e8dfe59b0423e72e,same-article contextual hypothesis; causal edge is not explicit
glycol,milk,acuteeffect,1,1,milk-f7719b46ca2d2fe0,same-article contextual hypothesis; causal edge is not explicit
Milk,glycol,acuteeffect,1,1,milk-f7719b46ca2d2fe0,same-article contextual hypothesis; causal edge is not explicit
Milk,urea,spike in blood sugar,1,1,milk-fa44bcc5515bda60,same-article contextual hypothesis; causal edge is not explicit
Milk,urea,affecting gut health,1,1,milk-fa44bcc5515bda60,same-article contextual hypothesis; causal edge is not explicit
Milk,detergent,damage to the digestive system,1,1,milk-fa44bcc5515bda60,same-article contextual hypothesis; causal edge is not explicit
Milk,detergent,spike in blood sugar,1,1,milk-fa44bcc5515bda60,same-article contextual hypothesis; causal edge is not explicit
Milk,detergent,affecting gut health,1,1,milk-fa44bcc5515bda60,same-article contextual hypothesis; causal edge is not explicit
Milk,maltodextrin,damage to the digestive system,1,1,milk-fa44bcc5515bda60,same-article contextual hypothesis; causal edge is not explicit
Milk,maltodextrin,renal failure,1,1,milk-fa44bcc5515bda60,same-article contextual hypothesis; causal edge is not explicit
cough syrup,ethylene glycol,toxicity,1,1,milk-fccd7cb21929e82a,same-article contextual hypothesis; causal edge is not explicit
cough syrup,diethylene glycol,toxicity,1,1,milk-fccd7cb21929e82a,same-article contextual hypothesis; causal edge is not explicit
Paneer,listeria,food poisoning,1,1,milk-fd2049abe5c1c74f,same-article contextual hypothesis; causal edge is not explicit
Paneer,e coli,food poisoning,1,1,milk-fd2049abe5c1c74f,same-article contextual hypothesis; causal edge is not explicit
Cheese,listeria,food poisoning,1,1,milk-fd2049abe5c1c74f,same-article contextual hypothesis; causal edge is not explicit
chilli powder,brick powder,nausea,1,1,milk-fe1e3cc4f8fe0fc2,same-article contextual hypothesis; causal edge is not explicit
chilli powder,brick powder,stomach disorders,1,1,milk-fe1e3cc4f8fe0fc2,same-article contextual hypothesis; causal edge is not explicit
chilli powder,brick powder,food poisoning,1,1,milk-fe1e3cc4f8fe0fc2,same-article contextual hypothesis; causal edge is not explicit
chilli powder,sand,nausea,1,1,milk-fe1e3cc4f8fe0fc2,same-article contextual hypothesis; causal edge is not explicit
chilli powder,sand,stomach disorders,1,1,milk-fe1e3cc4f8fe0fc2,same-article contextual hypothesis; causal edge is not explicit
chilli powder,sand,food poisoning,1,1,milk-fe1e3cc4f8fe0fc2,same-article contextual hypothesis; causal edge is not explicit
chilli powder,artificial colour,nausea,1,1,milk-fe1e3cc4f8fe0fc2,same-article contextual hypothesis; causal edge is not explicit
chilli powder,artificial colour,stomach disorders,1,1,milk-fe1e3cc4f8fe0fc2,same-article contextual hypothesis; causal edge is not explicit
chilli powder,artificial colour,food poisoning,1,1,milk-fe1e3cc4f8fe0fc2,same-article contextual hypothesis; causal edge is not explicit
turmeric powder,lead chromate,nausea,1,1,milk-fe1e3cc4f8fe0fc2,same-article contextual hypothesis; causal edge is not explicit
turmeric powder,lead chromate,stomach disorders,1,1,milk-fe1e3cc4f8fe0fc2,same-article contextual hypothesis; causal edge is not explicit
turmeric powder,lead chromate,food poisoning,1,1,milk-fe1e3cc4f8fe0fc2,same-article contextual hypothesis; causal edge is not explicit
turmeric powder,chalk powder,nausea,1,1,milk-fe1e3cc4f8fe0fc2,same-article contextual hypothesis; causal edge is not explicit
turmeric powder,chalk powder,stomach disorders,1,1,milk-fe1e3cc4f8fe0fc2,same-article contextual hypothesis; causal edge is not explicit
turmeric powder,chalk powder,food poisoning,1,1,milk-fe1e3cc4f8fe0fc2,same-article contextual hypothesis; causal edge is not explicit
Milk,refined oil,liver damage,1,1,oil-08739343ef4cafb5,same-article contextual hypothesis; causal edge is not explicit
Milk,soap solution,liver damage,1,1,oil-08739343ef4cafb5,same-article contextual hypothesis; causal edge is not explicit
Milk,palm oil family,acidity,1,1,oil-0e31cfbc7c7f200f,same-article contextual hypothesis; causal edge is not explicit
Milk,palm oil family,gas,1,1,oil-0e31cfbc7c7f200f,same-article contextual hypothesis; causal edge is not explicit
Milk,palm oil family,kidney ailments,1,1,oil-0e31cfbc7c7f200f,same-article contextual hypothesis; causal edge is not explicit
edible oils,liquid paraffin,cardiovascular disease,1,1,oil-196049b8667d294d,same-article contextual hypothesis; causal edge is not explicit
edible oils,cottonseed oil,obesity,1,1,oil-196049b8667d294d,same-article contextual hypothesis; causal edge is not explicit
edible oils,various oils,cancer/carcinogenicity,1,1,oil-39f81bacdf9fd353,same-article contextual hypothesis; causal edge is not explicit
Edible/cooking oil,argemone oil,liver damage,1,1,oil-3bd1cf9862ff569d,same-article contextual hypothesis; causal edge is not explicit
Edible/cooking oil,argemone oil,reproductive issues,1,1,oil-3bd1cf9862ff569d,same-article contextual hypothesis; causal edge is not explicit
Edible/cooking oil,argemone oil,severe gastrointestinal issues,1,1,oil-3bd1cf9862ff569d,same-article contextual hypothesis; causal edge is not explicit
Edible/cooking oil,used cooking oil,clogged arteries,1,1,oil-3ef2550fc329c436,same-article contextual hypothesis; causal edge is not explicit
Edible/cooking oil,used cooking oil,heart problems,1,1,oil-3ef2550fc329c436,same-article contextual hypothesis; causal edge is not explicit
Edible/cooking oil,used cooking oil,hypertension,1,1,oil-3ef2550fc329c436,same-article contextual hypothesis; causal edge is not explicit
Edible/cooking oil,used cooking oil,atherosclerosis,1,1,oil-3ef2550fc329c436,same-article contextual hypothesis; causal edge is not explicit
Edible/cooking oil,used cooking oil,alzheimer s,1,1,oil-3ef2550fc329c436,same-article contextual hypothesis; causal edge is not explicit
Soybean oil,vitamin d,fflo acuteeffect,1,1,oil-4d6bfb72c0733299,same-article contextual hypothesis; causal edge is not explicit
binni refined oil,vitamin d,fflo acuteeffect,1,1,oil-4d6bfb72c0733299,same-article contextual hypothesis; causal edge is not explicit
binni refined oil,vitamin d,hypercalcemia,1,1,oil-4d6bfb72c0733299,same-article contextual hypothesis; causal edge is not explicit
binni refined oil,vitamin d,kidney damage,1,1,oil-4d6bfb72c0733299,same-article contextual hypothesis; causal edge is not explicit
binni refined oil,vitamin d,bone damage,1,1,oil-4d6bfb72c0733299,same-article contextual hypothesis; causal edge is not explicit
binni refined oil,vitamin d,soft tissue damage,1,1,oil-4d6bfb72c0733299,same-article contextual hypothesis; causal edge is not explicit
Paneer,maida,severe health risks,1,1,oil-50e40c8b74e2a126,same-article contextual hypothesis; causal edge is not explicit
Paneer,palm oil family,severe health risks,1,1,oil-50e40c8b74e2a126,same-article contextual hypothesis; causal edge is not explicit
Paneer,baking powder,severe health risks,1,1,oil-50e40c8b74e2a126,same-article contextual hypothesis; causal edge is not explicit
Paneer,discarded skimmed milk,severe health risks,1,1,oil-50e40c8b74e2a126,same-article contextual hypothesis; causal edge is not explicit
Paneer,detergent,severe health risks,1,1,oil-50e40c8b74e2a126,same-article contextual hypothesis; causal edge is not explicit
Paneer,bicarbonate of soda,severe health risks,1,1,oil-50e40c8b74e2a126,same-article contextual hypothesis; causal edge is not explicit
Edible/cooking oil,total polar compounds,heart blockage,1,1,oil-781825881f210349,same-article contextual hypothesis; causal edge is not explicit
namkeen,sunset yellow,stomach infections,1,1,oil-825d58fdbb007f4f,same-article contextual hypothesis; causal edge is not explicit
namkeen,sunset yellow,skin infections,1,1,oil-825d58fdbb007f4f,same-article contextual hypothesis; causal edge is not explicit
Mustard oil,metanil yellow,dropsy,1,1,oil-89e415114ffbdc77,same-article contextual hypothesis; causal edge is not explicit
Mustard oil,white oil,dropsy,1,1,oil-89e415114ffbdc77,same-article contextual hypothesis; causal edge is not explicit
Mustard oil,castor oil,dropsy,1,1,oil-89e415114ffbdc77,same-article contextual hypothesis; causal edge is not explicit
Mustard oil,soybean oil,dropsy,1,1,oil-89e415114ffbdc77,same-article contextual hypothesis; causal edge is not explicit
Mustard oil,groundnut oil,dropsy,1,1,oil-89e415114ffbdc77,same-article contextual hypothesis; causal edge is not explicit
Mustard oil,cotton seed oil,dropsy,1,1,oil-89e415114ffbdc77,same-article contextual hypothesis; causal edge is not explicit
Mustard oil,hexane,dropsy,1,1,oil-89e415114ffbdc77,same-article contextual hypothesis; causal edge is not explicit
food items,artificial colors,threatens public health,1,1,oil-8c664dba9516ee5f,same-article contextual hypothesis; causal edge is not explicit
mangoes,calcium carbide,gastrointestinal diseases,1,1,oil-8c664dba9516ee5f,same-article contextual hypothesis; causal edge is not explicit
cooking oils,animal fat,threatens public health,1,1,oil-8c664dba9516ee5f,same-article contextual hypothesis; causal edge is not explicit
Paneer,non milk fats,food poisoning,1,1,oil-9f16df2b7898747a,same-article contextual hypothesis; causal edge is not explicit
Paneer,non milk fats,allergic reaction,1,1,oil-9f16df2b7898747a,same-article contextual hypothesis; causal edge is not explicit
Paneer,non food grade substances,food poisoning,1,1,oil-9f16df2b7898747a,same-article contextual hypothesis; causal edge is not explicit
Paneer,non food grade substances,allergic reaction,1,1,oil-9f16df2b7898747a,same-article contextual hypothesis; causal edge is not explicit
Edible/cooking oil,acrylamide,cancer/carcinogenicity,1,1,oil-a32b2f6deb2e704c,same-article contextual hypothesis; causal edge is not explicit
Edible/cooking oil,acrylamide,fatty liver,1,1,oil-a32b2f6deb2e704c,same-article contextual hypothesis; causal edge is not explicit
Edible/cooking oil,acrylamide,food poisoning,1,1,oil-a32b2f6deb2e704c,same-article contextual hypothesis; causal edge is not explicit
Edible/cooking oil,acrolein,fatty liver,1,1,oil-a32b2f6deb2e704c,same-article contextual hypothesis; causal edge is not explicit
Edible/cooking oil,acrolein,food poisoning,1,1,oil-a32b2f6deb2e704c,same-article contextual hypothesis; causal edge is not explicit
cheeseburger,mouse droppings,death,1,1,oil-a84ecb87feb1a1b3,same-article contextual hypothesis; causal edge is not explicit
everest masala,ethylene oxide,heart health risks,1,1,oil-b3f4745b17c73ffb,same-article contextual hypothesis; causal edge is not explicit
mdh,ethylene oxide,heart health risks,1,1,oil-b3f4745b17c73ffb,same-article contextual hypothesis; causal edge is not explicit
Mustard oil,argemone mexicana,widespread capillary dilatation,1,1,oil-e1aa62675070cacd,same-article contextual hypothesis; causal edge is not explicit
Mustard oil,argemone mexicana,acuteeffect,1,1,oil-e1aa62675070cacd,same-article contextual hypothesis; causal edge is not explicit
Milk,powdered milk,food poisoning,1,1,oil-e3fbe637ba51632f,same-article contextual hypothesis; causal edge is not explicit
Milk,powdered milk,gastrointestinal illness,1,1,oil-e3fbe637ba51632f,same-article contextual hypothesis; causal edge is not explicit
turmeric,artificial coloring,serious health risks,1,1,oil-e3fbe637ba51632f,same-article contextual hypothesis; causal edge is not explicit
turmeric,artificial coloring,long lasting adverse effects on health,1,1,oil-e3fbe637ba51632f,same-article contextual hypothesis; causal edge is not explicit
chilli powder,artificial coloring,serious health risks,1,1,oil-e3fbe637ba51632f,same-article contextual hypothesis; causal edge is not explicit
chilli powder,artificial coloring,long lasting adverse effects on health,1,1,oil-e3fbe637ba51632f,same-article contextual hypothesis; causal edge is not explicit
ground spices,sand,serious health risks,1,1,oil-e3fbe637ba51632f,same-article contextual hypothesis; causal edge is not explicit
ground spices,sand,long lasting adverse effects on health,1,1,oil-e3fbe637ba51632f,same-article contextual hypothesis; causal edge is not explicit
ground spices,starch,serious health risks,1,1,oil-e3fbe637ba51632f,same-article contextual hypothesis; causal edge is not explicit
ground spices,starch,long lasting adverse effects on health,1,1,oil-e3fbe637ba51632f,same-article contextual hypothesis; causal edge is not explicit
ground spices,lead,long lasting adverse effects on health,1,1,oil-e3fbe637ba51632f,same-article contextual hypothesis; causal edge is not explicit
citrus fruits,artificial wax,serious health risks,1,1,oil-e3fbe637ba51632f,same-article contextual hypothesis; causal edge is not explicit
citrus fruits,artificial wax,long lasting adverse effects on health,1,1,oil-e3fbe637ba51632f,same-article contextual hypothesis; causal edge is not explicit
citrus fruits,pesticide residue,serious health risks,1,1,oil-e3fbe637ba51632f,same-article contextual hypothesis; causal edge is not explicit
Khoya/mawa,milk powder,increased cholesterol level,1,1,oil-efa17f7ff744c18c,same-article contextual hypothesis; causal edge is not explicit
Khoya/mawa,milk powder,fflo chroniceffect,1,1,oil-efa17f7ff744c18c,same-article contextual hypothesis; causal edge is not explicit
Khoya/mawa,palm oil family,fflo chroniceffect,1,1,oil-efa17f7ff744c18c,same-article contextual hypothesis; causal edge is not explicit
Khoya/mawa,vegetable oil/fat,increased cholesterol level,1,1,oil-efa17f7ff744c18c,same-article contextual hypothesis; causal edge is not explicit
Khoya/mawa,vegetable oil/fat,fflo chroniceffect,1,1,oil-efa17f7ff744c18c,same-article contextual hypothesis; causal edge is not explicit
Khoya/mawa,food colour,increased cholesterol level,1,1,oil-efa17f7ff744c18c,same-article contextual hypothesis; causal edge is not explicit
Khoya/mawa,food colour,fflo chroniceffect,1,1,oil-efa17f7ff744c18c,same-article contextual hypothesis; causal edge is not explicit
namkeen,substandard gram flour,harmful to human beings,1,1,oil-fb165c7fab322cd4,same-article contextual hypothesis; causal edge is not explicit
namkeen,used edible oil,harmful to human beings,1,1,oil-fb165c7fab322cd4,same-article contextual hypothesis; causal edge is not explicit
oil,vitamin d,hypercalcemia,1,1,oil-fd16f7be050ea2b9,same-article contextual hypothesis; causal edge is not explicit
oil,vitamin d,acute kidney distress,1,1,oil-fd16f7be050ea2b9,same-article contextual hypothesis; causal edge is not explicit
Milk,urea,allergic reaction,3,0,1fc04845-1f82-4efa-80fc-80e8feefa6ed; milk-3f1ab04360b80cfd; milk-d76c56c09e58067b,same-article contextual hypothesis; causal edge is not explicit
Milk,detergent,allergic reaction,3,0,1fc04845-1f82-4efa-80fc-80e8feefa6ed; milk-3f1ab04360b80cfd; milk-d76c56c09e58067b,same-article contextual hypothesis; causal edge is not explicit
Milk,urea,diarrhoea,3,0,2bc11203-0268-4c4a-9fe6-c168449ca3cf; milk-8a55933f0d5da63a; milk-c238ac533ab8e0b9,same-article contextual hypothesis; causal edge is not explicit
Milk,detergent,diarrhoea,3,0,2bc11203-0268-4c4a-9fe6-c168449ca3cf; milk-8a55933f0d5da63a; milk-c238ac533ab8e0b9,same-article contextual hypothesis; causal edge is not explicit
Milk,palm oil family,vomiting,3,0,2bc11203-0268-4c4a-9fe6-c168449ca3cf; milk-3860e6654d518030; milk-d1fcc18c1d80bd0a,same-article contextual hypothesis; causal edge is not explicit
Ghee,vanaspati,food poisoning,3,0,7984f772-8c6a-46cb-af36-a7df6ed37ecc; milk-d76c56c09e58067b; milk-fe1e3cc4f8fe0fc2,same-article contextual hypothesis; causal edge is not explicit
Khoya/mawa,detergent,allergic reaction,3,0,7984f772-8c6a-46cb-af36-a7df6ed37ecc; 8d207b3c-d7d6-4776-a05d-ec3f854e4f5e; milk-d76c56c09e58067b,same-article contextual hypothesis; causal edge is not explicit
Khoya/mawa,detergent,gastrointestinal illness,3,0,7984f772-8c6a-46cb-af36-a7df6ed37ecc; 8d207b3c-d7d6-4776-a05d-ec3f854e4f5e; milk-d76c56c09e58067b,same-article contextual hypothesis; causal edge is not explicit
Milk,water,nausea,3,0,7984f772-8c6a-46cb-af36-a7df6ed37ecc; milk-d76c56c09e58067b; milk-fe1e3cc4f8fe0fc2,same-article contextual hypothesis; causal edge is not explicit
Milk,water,cancer/carcinogenicity,3,0,milk-74d1d6aaa4ade7cf; milk-a1ae27d81f0013a5; milk-d5b2611e75b60517,same-article contextual hypothesis; causal edge is not explicit
vegetables,pesticide residue,cancer/carcinogenicity,3,0,milk-770d36ac4ddb5014; milk-e0280fded4cae9e7; oil-cce06e610c149816,same-article contextual hypothesis; causal edge is not explicit
fruits,pesticide residue,cancer/carcinogenicity,3,0,milk-770d36ac4ddb5014; milk-e0280fded4cae9e7; oil-cce06e610c149816,same-article contextual hypothesis; causal edge is not explicit
Khoya/mawa,fungus,organ damage,2,0,1fc04845-1f82-4efa-80fc-80e8feefa6ed; milk-3f1ab04360b80cfd,same-article contextual hypothesis; causal edge is not explicit
Khoya/mawa,fungus,gastrointestinal illness,2,0,1fc04845-1f82-4efa-80fc-80e8feefa6ed; milk-3f1ab04360b80cfd,same-article contextual hypothesis; causal edge is not explicit
Khoya/mawa,fungus,allergic reaction,2,0,1fc04845-1f82-4efa-80fc-80e8feefa6ed; milk-3f1ab04360b80cfd,same-article contextual hypothesis; causal edge is not explicit
Khoya/mawa,fungus,cardiovascular disease,2,0,1fc04845-1f82-4efa-80fc-80e8feefa6ed; milk-3f1ab04360b80cfd,same-article contextual hypothesis; causal edge is not explicit
Khoya/mawa,fungus,cancer/carcinogenicity,2,0,1fc04845-1f82-4efa-80fc-80e8feefa6ed; milk-3f1ab04360b80cfd,same-article contextual hypothesis; causal edge is not explicit
Paneer,adulterants,organ damage,2,0,1fc04845-1f82-4efa-80fc-80e8feefa6ed; milk-3f1ab04360b80cfd,same-article contextual hypothesis; causal edge is not explicit
Paneer,adulterants,gastrointestinal illness,2,0,1fc04845-1f82-4efa-80fc-80e8feefa6ed; milk-3f1ab04360b80cfd,same-article contextual hypothesis; causal edge is not explicit
Paneer,adulterants,allergic reaction,2,0,1fc04845-1f82-4efa-80fc-80e8feefa6ed; milk-3f1ab04360b80cfd,same-article contextual hypothesis; causal edge is not explicit
Paneer,adulterants,cardiovascular disease,2,0,1fc04845-1f82-4efa-80fc-80e8feefa6ed; milk-3f1ab04360b80cfd,same-article contextual hypothesis; causal edge is not explicit
Paneer,adulterants,cancer/carcinogenicity,2,0,1fc04845-1f82-4efa-80fc-80e8feefa6ed; milk-3f1ab04360b80cfd,same-article contextual hypothesis; causal edge is not explicit
Milk,starch,organ damage,2,0,1fc04845-1f82-4efa-80fc-80e8feefa6ed; milk-3f1ab04360b80cfd,same-article contextual hypothesis; causal edge is not explicit
Milk,starch,gastrointestinal illness,2,0,1fc04845-1f82-4efa-80fc-80e8feefa6ed; milk-3f1ab04360b80cfd,same-article contextual hypothesis; causal edge is not explicit
Milk,starch,allergic reaction,2,0,1fc04845-1f82-4efa-80fc-80e8feefa6ed; milk-3f1ab04360b80cfd,same-article contextual hypothesis; causal edge is not explicit
Milk,starch,cardiovascular disease,2,0,1fc04845-1f82-4efa-80fc-80e8feefa6ed; milk-3f1ab04360b80cfd,same-article contextual hypothesis; causal edge is not explicit
Milk,saccharine,organ damage,2,0,1fc04845-1f82-4efa-80fc-80e8feefa6ed; milk-3f1ab04360b80cfd,same-article contextual hypothesis; causal edge is not explicit
Milk,saccharine,gastrointestinal illness,2,0,1fc04845-1f82-4efa-80fc-80e8feefa6ed; milk-3f1ab04360b80cfd,same-article contextual hypothesis; causal edge is not explicit
Milk,saccharine,allergic reaction,2,0,1fc04845-1f82-4efa-80fc-80e8feefa6ed; milk-3f1ab04360b80cfd,same-article contextual hypothesis; causal edge is not explicit
Milk,saccharine,cardiovascular disease,2,0,1fc04845-1f82-4efa-80fc-80e8feefa6ed; milk-3f1ab04360b80cfd,same-article contextual hypothesis; causal edge is not explicit
Milk,saccharine,cancer/carcinogenicity,2,0,1fc04845-1f82-4efa-80fc-80e8feefa6ed; milk-3f1ab04360b80cfd,same-article contextual hypothesis; causal edge is not explicit
Milk,urea,organ damage,2,0,1fc04845-1f82-4efa-80fc-80e8feefa6ed; milk-3f1ab04360b80cfd,same-article contextual hypothesis; causal edge is not explicit
Milk,urea,cardiovascular disease,2,0,1fc04845-1f82-4efa-80fc-80e8feefa6ed; milk-3f1ab04360b80cfd,same-article contextual hypothesis; causal edge is not explicit
Milk,detergent,organ damage,2,0,1fc04845-1f82-4efa-80fc-80e8feefa6ed; milk-3f1ab04360b80cfd,same-article contextual hypothesis; causal edge is not explicit
Milk,detergent,cardiovascular disease,2,0,1fc04845-1f82-4efa-80fc-80e8feefa6ed; milk-3f1ab04360b80cfd,same-article contextual hypothesis; causal edge is not explicit
Paneer,vegetable oil/fat,organ damage,2,0,1fc04845-1f82-4efa-80fc-80e8feefa6ed; milk-3f1ab04360b80cfd,same-article contextual hypothesis; causal edge is not explicit
Paneer,vegetable oil/fat,gastrointestinal illness,2,0,1fc04845-1f82-4efa-80fc-80e8feefa6ed; milk-3f1ab04360b80cfd,same-article contextual hypothesis; causal edge is not explicit
Paneer,vegetable oil/fat,allergic reaction,2,0,1fc04845-1f82-4efa-80fc-80e8feefa6ed; milk-3f1ab04360b80cfd,same-article contextual hypothesis; causal edge is not explicit
Paneer,vegetable oil/fat,cardiovascular disease,2,0,1fc04845-1f82-4efa-80fc-80e8feefa6ed; milk-3f1ab04360b80cfd,same-article contextual hypothesis; causal edge is not explicit
Paneer,vegetable oil/fat,cancer/carcinogenicity,2,0,1fc04845-1f82-4efa-80fc-80e8feefa6ed; milk-3f1ab04360b80cfd,same-article contextual hypothesis; causal edge is not explicit
Paneer,vegetable proteins,organ damage,2,0,1fc04845-1f82-4efa-80fc-80e8feefa6ed; milk-3f1ab04360b80cfd,same-article contextual hypothesis; causal edge is not explicit
Paneer,vegetable proteins,gastrointestinal illness,2,0,1fc04845-1f82-4efa-80fc-80e8feefa6ed; milk-3f1ab04360b80cfd,same-article contextual hypothesis; causal edge is not explicit
Paneer,vegetable proteins,allergic reaction,2,0,1fc04845-1f82-4efa-80fc-80e8feefa6ed; milk-3f1ab04360b80cfd,same-article contextual hypothesis; causal edge is not explicit
Paneer,vegetable proteins,cardiovascular disease,2,0,1fc04845-1f82-4efa-80fc-80e8feefa6ed; milk-3f1ab04360b80cfd,same-article contextual hypothesis; causal edge is not explicit
Paneer,vegetable proteins,cancer/carcinogenicity,2,0,1fc04845-1f82-4efa-80fc-80e8feefa6ed; milk-3f1ab04360b80cfd,same-article contextual hypothesis; causal edge is not explicit
Paneer,analogue paneer,allergic reaction,2,0,1fc04845-1f82-4efa-80fc-80e8feefa6ed; oil-9f16df2b7898747a,same-article contextual hypothesis; causal edge is not explicit
Milk,ethylene glycol,cancer/carcinogenicity,2,0,276e27ef-82bd-4911-a4df-9d2448b232fb; milk-ae0fa0b757ba21df,same-article contextual hypothesis; causal edge is not explicit
Milk,ethylene glycol,chroniceffect,2,0,276e27ef-82bd-4911-a4df-9d2448b232fb; milk-ae0fa0b757ba21df,same-article contextual hypothesis; causal edge is not explicit
Milk,ethylene glycol,allergic reaction,2,0,276e27ef-82bd-4911-a4df-9d2448b232fb; milk-ae0fa0b757ba21df,same-article contextual hypothesis; causal edge is not explicit
Milk,ethylene glycol,organ damage,2,0,276e27ef-82bd-4911-a4df-9d2448b232fb; milk-ae0fa0b757ba21df,same-article contextual hypothesis; causal edge is not explicit
Milk,ethylene glycol,kidney harm,2,0,276e27ef-82bd-4911-a4df-9d2448b232fb; milk-ae0fa0b757ba21df,same-article contextual hypothesis; causal edge is not explicit
Paneer,industrial grade acetic acid,renal failure,2,0,276e27ef-82bd-4911-a4df-9d2448b232fb; milk-ae0fa0b757ba21df,same-article contextual hypothesis; causal edge is not explicit
Paneer,industrial grade acetic acid,multi-organ failure,2,0,276e27ef-82bd-4911-a4df-9d2448b232fb; milk-ae0fa0b757ba21df,same-article contextual hypothesis; causal edge is not explicit
Paneer,industrial grade acetic acid,cancer/carcinogenicity,2,0,276e27ef-82bd-4911-a4df-9d2448b232fb; milk-ae0fa0b757ba21df,same-article contextual hypothesis; causal edge is not explicit
Paneer,industrial grade acetic acid,chroniceffect,2,0,276e27ef-82bd-4911-a4df-9d2448b232fb; milk-ae0fa0b757ba21df,same-article contextual hypothesis; causal edge is not explicit
Paneer,industrial grade acetic acid,allergic reaction,2,0,276e27ef-82bd-4911-a4df-9d2448b232fb; milk-ae0fa0b757ba21df,same-article contextual hypothesis; causal edge is not explicit
Paneer,industrial grade acetic acid,organ damage,2,0,276e27ef-82bd-4911-a4df-9d2448b232fb; milk-ae0fa0b757ba21df,same-article contextual hypothesis; causal edge is not explicit
Paneer,industrial grade acetic acid,acuteeffect,2,0,276e27ef-82bd-4911-a4df-9d2448b232fb; milk-ae0fa0b757ba21df,same-article contextual hypothesis; causal edge is not explicit
Paneer,industrial grade acetic acid,kidney harm,2,0,276e27ef-82bd-4911-a4df-9d2448b232fb; milk-ae0fa0b757ba21df,same-article contextual hypothesis; causal edge is not explicit
ice cream,adulterated materials,renal failure,2,0,276e27ef-82bd-4911-a4df-9d2448b232fb; milk-ae0fa0b757ba21df,same-article contextual hypothesis; causal edge is not explicit
ice cream,adulterated materials,multi-organ failure,2,0,276e27ef-82bd-4911-a4df-9d2448b232fb; milk-ae0fa0b757ba21df,same-article contextual hypothesis; causal edge is not explicit
ice cream,adulterated materials,cancer/carcinogenicity,2,0,276e27ef-82bd-4911-a4df-9d2448b232fb; milk-ae0fa0b757ba21df,same-article contextual hypothesis; causal edge is not explicit
ice cream,adulterated materials,chroniceffect,2,0,276e27ef-82bd-4911-a4df-9d2448b232fb; milk-ae0fa0b757ba21df,same-article contextual hypothesis; causal edge is not explicit
ice cream,adulterated materials,allergic reaction,2,0,276e27ef-82bd-4911-a4df-9d2448b232fb; milk-ae0fa0b757ba21df,same-article contextual hypothesis; causal edge is not explicit
ice cream,adulterated materials,organ damage,2,0,276e27ef-82bd-4911-a4df-9d2448b232fb; milk-ae0fa0b757ba21df,same-article contextual hypothesis; causal edge is not explicit
ice cream,adulterated materials,acuteeffect,2,0,276e27ef-82bd-4911-a4df-9d2448b232fb; milk-ae0fa0b757ba21df,same-article contextual hypothesis; causal edge is not explicit
ice cream,adulterated materials,kidney harm,2,0,276e27ef-82bd-4911-a4df-9d2448b232fb; milk-ae0fa0b757ba21df,same-article contextual hypothesis; causal edge is not explicit
Milk,starch,diarrhoea,2,0,2bc11203-0268-4c4a-9fe6-c168449ca3cf; milk-c238ac533ab8e0b9,same-article contextual hypothesis; causal edge is not explicit
honey,mannose,increases sugar level in the body,2,0,384a803e-eb96-4abf-a0ea-3e3f98291e8e; milk-276ea065de599828,same-article contextual hypothesis; causal edge is not explicit
honey,mannose,evolution of drug resistant superbugs,2,0,384a803e-eb96-4abf-a0ea-3e3f98291e8e; milk-276ea065de599828,same-article contextual hypothesis; causal edge is not explicit
honey,maltose,increases sugar level in the body,2,0,384a803e-eb96-4abf-a0ea-3e3f98291e8e; milk-276ea065de599828,same-article contextual hypothesis; causal edge is not explicit
honey,maltose,evolution of drug resistant superbugs,2,0,384a803e-eb96-4abf-a0ea-3e3f98291e8e; milk-276ea065de599828,same-article contextual hypothesis; causal edge is not explicit
honey,maltotriose,increases sugar level in the body,2,0,384a803e-eb96-4abf-a0ea-3e3f98291e8e; milk-276ea065de599828,same-article contextual hypothesis; causal edge is not explicit
honey,maltotriose,evolution of drug resistant superbugs,2,0,384a803e-eb96-4abf-a0ea-3e3f98291e8e; milk-276ea065de599828,same-article contextual hypothesis; causal edge is not explicit
honey,high fructose corn syrup,evolution of drug resistant superbugs,2,0,384a803e-eb96-4abf-a0ea-3e3f98291e8e; milk-276ea065de599828,same-article contextual hypothesis; causal edge is not explicit
honey,corn syrup,increases sugar level in the body,2,0,384a803e-eb96-4abf-a0ea-3e3f98291e8e; milk-276ea065de599828,same-article contextual hypothesis; causal edge is not explicit
honey,sugarcane syrup,increases sugar level in the body,2,0,384a803e-eb96-4abf-a0ea-3e3f98291e8e; milk-276ea065de599828,same-article contextual hypothesis; causal edge is not explicit
honey,beetroot syrup,increases sugar level in the body,2,0,384a803e-eb96-4abf-a0ea-3e3f98291e8e; milk-276ea065de599828,same-article contextual hypothesis; causal edge is not explicit
Ghee,palm oil family,cardiovascular disease,2,0,6901ef7b-f98a-4b3a-b622-85196fe10ffb; d11fa038-1162-4d93-9df5-6d5b35b8628b,same-article contextual hypothesis; causal edge is not explicit
mithai,starch,digestive irritation,2,0,7984f772-8c6a-46cb-af36-a7df6ed37ecc; milk-d76c56c09e58067b,same-article contextual hypothesis; causal edge is not explicit
mithai,starch,rashes,2,0,7984f772-8c6a-46cb-af36-a7df6ed37ecc; milk-d76c56c09e58067b,same-article contextual hypothesis; causal edge is not explicit
mithai,starch,gastrointestinal illness,2,0,7984f772-8c6a-46cb-af36-a7df6ed37ecc; milk-d76c56c09e58067b,same-article contextual hypothesis; causal edge is not explicit
mithai,starch,food poisoning,2,0,7984f772-8c6a-46cb-af36-a7df6ed37ecc; milk-d76c56c09e58067b,same-article contextual hypothesis; causal edge is not explicit
mithai,artificial dyes,digestive irritation,2,0,7984f772-8c6a-46cb-af36-a7df6ed37ecc; milk-d76c56c09e58067b,same-article contextual hypothesis; causal edge is not explicit
mithai,artificial dyes,rashes,2,0,7984f772-8c6a-46cb-af36-a7df6ed37ecc; milk-d76c56c09e58067b,same-article contextual hypothesis; causal edge is not explicit
mithai,artificial dyes,gastrointestinal illness,2,0,7984f772-8c6a-46cb-af36-a7df6ed37ecc; milk-d76c56c09e58067b,same-article contextual hypothesis; causal edge is not explicit
mithai,artificial dyes,food poisoning,2,0,7984f772-8c6a-46cb-af36-a7df6ed37ecc; milk-d76c56c09e58067b,same-article contextual hypothesis; causal edge is not explicit
mithai,metallic powders,digestive irritation,2,0,7984f772-8c6a-46cb-af36-a7df6ed37ecc; milk-d76c56c09e58067b,same-article contextual hypothesis; causal edge is not explicit
mithai,metallic powders,rashes,2,0,7984f772-8c6a-46cb-af36-a7df6ed37ecc; milk-d76c56c09e58067b,same-article contextual hypothesis; causal edge is not explicit
mithai,metallic powders,gastrointestinal illness,2,0,7984f772-8c6a-46cb-af36-a7df6ed37ecc; milk-d76c56c09e58067b,same-article contextual hypothesis; causal edge is not explicit
mithai,metallic powders,food poisoning,2,0,7984f772-8c6a-46cb-af36-a7df6ed37ecc; milk-d76c56c09e58067b,same-article contextual hypothesis; causal edge is not explicit
Ghee,vanaspati,digestive irritation,2,0,7984f772-8c6a-46cb-af36-a7df6ed37ecc; milk-d76c56c09e58067b,same-article contextual hypothesis; causal edge is not explicit
Ghee,vanaspati,rashes,2,0,7984f772-8c6a-46cb-af36-a7df6ed37ecc; milk-d76c56c09e58067b,same-article contextual hypothesis; causal edge is not explicit
Khoya/mawa,starch,rashes,2,0,7984f772-8c6a-46cb-af36-a7df6ed37ecc; milk-d76c56c09e58067b,same-article contextual hypothesis; causal edge is not explicit
Khoya/mawa,starch,food poisoning,2,0,7984f772-8c6a-46cb-af36-a7df6ed37ecc; milk-d76c56c09e58067b,same-article contextual hypothesis; causal edge is not explicit
Khoya/mawa,detergent,nausea,2,0,7984f772-8c6a-46cb-af36-a7df6ed37ecc; milk-d76c56c09e58067b,same-article contextual hypothesis; causal edge is not explicit
Khoya/mawa,detergent,rashes,2,0,7984f772-8c6a-46cb-af36-a7df6ed37ecc; milk-d76c56c09e58067b,same-article contextual hypothesis; causal edge is not explicit
Khoya/mawa,detergent,food poisoning,2,0,7984f772-8c6a-46cb-af36-a7df6ed37ecc; milk-d76c56c09e58067b,same-article contextual hypothesis; causal edge is not explicit
silver vark,aluminium foil,allergic reaction,2,0,7984f772-8c6a-46cb-af36-a7df6ed37ecc; milk-d76c56c09e58067b,same-article contextual hypothesis; causal edge is not explicit
silver vark,aluminium foil,nausea,2,0,7984f772-8c6a-46cb-af36-a7df6ed37ecc; milk-d76c56c09e58067b,same-article contextual hypothesis; causal edge is not explicit
silver vark,aluminium foil,gastrointestinal illness,2,0,7984f772-8c6a-46cb-af36-a7df6ed37ecc; milk-d76c56c09e58067b,same-article contextual hypothesis; causal edge is not explicit
silver vark,aluminium foil,food poisoning,2,0,7984f772-8c6a-46cb-af36-a7df6ed37ecc; milk-d76c56c09e58067b,same-article contextual hypothesis; causal edge is not explicit
Milk,water,allergic reaction,2,0,7984f772-8c6a-46cb-af36-a7df6ed37ecc; milk-d76c56c09e58067b,same-article contextual hypothesis; causal edge is not explicit
Milk,water,serious health risks,2,0,7984f772-8c6a-46cb-af36-a7df6ed37ecc; oil-e3fbe637ba51632f,same-article contextual hypothesis; causal edge is not explicit
dry fruits,mineral oil,nausea,2,0,7984f772-8c6a-46cb-af36-a7df6ed37ecc; milk-d76c56c09e58067b,same-article contextual hypothesis; causal edge is not explicit
dry fruits,mineral oil,digestive irritation,2,0,7984f772-8c6a-46cb-af36-a7df6ed37ecc; milk-d76c56c09e58067b,same-article contextual hypothesis; causal edge is not explicit
Khoya/mawa,detergent,cancer/carcinogenicity,2,0,8d207b3c-d7d6-4776-a05d-ec3f854e4f5e; milk-601312c7904467a2,same-article contextual hypothesis; causal edge is not explicit
Paneer,starch,dizziness,2,0,milk-0bc625b573fb9e74; milk-a710297f02e308b8,same-article contextual hypothesis; causal edge is not explicit
Paneer,starch,headaches,2,0,milk-0bc625b573fb9e74; milk-a710297f02e308b8,same-article contextual hypothesis; causal edge is not explicit
Paneer,starch,heart failure,2,0,milk-0bc625b573fb9e74; milk-a710297f02e308b8,same-article contextual hypothesis; causal edge is not explicit
Paneer,starch,infertility,2,0,milk-0bc625b573fb9e74; milk-a710297f02e308b8,same-article contextual hypothesis; causal edge is not explicit
Paneer,caustic soda,dizziness,2,0,milk-0bc625b573fb9e74; milk-a710297f02e308b8,same-article contextual hypothesis; causal edge is not explicit
Paneer,caustic soda,headaches,2,0,milk-0bc625b573fb9e74; milk-a710297f02e308b8,same-article contextual hypothesis; causal edge is not explicit
Paneer,caustic soda,heart failure,2,0,milk-0bc625b573fb9e74; milk-a710297f02e308b8,same-article contextual hypothesis; causal edge is not explicit
Paneer,caustic soda,infertility,2,0,milk-0bc625b573fb9e74; milk-a710297f02e308b8,same-article contextual hypothesis; causal edge is not explicit
ice cream,detergent,dizziness,2,0,milk-0bc625b573fb9e74; milk-a710297f02e308b8,same-article contextual hypothesis; causal edge is not explicit
ice cream,detergent,headaches,2,0,milk-0bc625b573fb9e74; milk-a710297f02e308b8,same-article contextual hypothesis; causal edge is not explicit
ice cream,detergent,heart failure,2,0,milk-0bc625b573fb9e74; milk-a710297f02e308b8,same-article contextual hypothesis; causal edge is not explicit
ice cream,detergent,infertility,2,0,milk-0bc625b573fb9e74; milk-a710297f02e308b8,same-article contextual hypothesis; causal edge is not explicit
fruit juices,synthetic flavours,dizziness,2,0,milk-0bc625b573fb9e74; milk-a710297f02e308b8,same-article contextual hypothesis; causal edge is not explicit
fruit juices,synthetic flavours,headaches,2,0,milk-0bc625b573fb9e74; milk-a710297f02e308b8,same-article contextual hypothesis; causal edge is not explicit
fruit juices,synthetic flavours,heart failure,2,0,milk-0bc625b573fb9e74; milk-a710297f02e308b8,same-article contextual hypothesis; causal edge is not explicit
fruit juices,synthetic flavours,infertility,2,0,milk-0bc625b573fb9e74; milk-a710297f02e308b8,same-article contextual hypothesis; causal edge is not explicit
fruit juices,artificial colours,dizziness,2,0,milk-0bc625b573fb9e74; milk-a710297f02e308b8,same-article contextual hypothesis; causal edge is not explicit
fruit juices,artificial colours,headaches,2,0,milk-0bc625b573fb9e74; milk-a710297f02e308b8,same-article contextual hypothesis; causal edge is not explicit
fruit juices,artificial colours,heart failure,2,0,milk-0bc625b573fb9e74; milk-a710297f02e308b8,same-article contextual hypothesis; causal edge is not explicit
fruit juices,artificial colours,infertility,2,0,milk-0bc625b573fb9e74; milk-a710297f02e308b8,same-article contextual hypothesis; causal edge is not explicit
edible oils,machine oil,dizziness,2,0,milk-0bc625b573fb9e74; milk-a710297f02e308b8,same-article contextual hypothesis; causal edge is not explicit
edible oils,machine oil,headaches,2,0,milk-0bc625b573fb9e74; milk-a710297f02e308b8,same-article contextual hypothesis; causal edge is not explicit
edible oils,machine oil,heart failure,2,0,milk-0bc625b573fb9e74; milk-a710297f02e308b8,same-article contextual hypothesis; causal edge is not explicit
edible oils,machine oil,infertility,2,0,milk-0bc625b573fb9e74; milk-a710297f02e308b8,same-article contextual hypothesis; causal edge is not explicit
spices,brick powder,dizziness,2,0,milk-0bc625b573fb9e74; milk-a710297f02e308b8,same-article contextual hypothesis; causal edge is not explicit
spices,brick powder,headaches,2,0,milk-0bc625b573fb9e74; milk-a710297f02e308b8,same-article contextual hypothesis; causal edge is not explicit
spices,brick powder,heart failure,2,0,milk-0bc625b573fb9e74; milk-a710297f02e308b8,same-article contextual hypothesis; causal edge is not explicit
spices,brick powder,infertility,2,0,milk-0bc625b573fb9e74; milk-a710297f02e308b8,same-article contextual hypothesis; causal edge is not explicit
spices,sawdust,dizziness,2,0,milk-0bc625b573fb9e74; milk-a710297f02e308b8,same-article contextual hypothesis; causal edge is not explicit
spices,sawdust,headaches,2,0,milk-0bc625b573fb9e74; milk-a710297f02e308b8,same-article contextual hypothesis; causal edge is not explicit
spices,sawdust,heart failure,2,0,milk-0bc625b573fb9e74; milk-a710297f02e308b8,same-article contextual hypothesis; causal edge is not explicit
spices,sawdust,infertility,2,0,milk-0bc625b573fb9e74; milk-a710297f02e308b8,same-article contextual hypothesis; causal edge is not explicit
Milk,detergent,fflo acuteeffect,2,0,milk-2d4c6eb27aa0b942; milk-a1ae27d81f0013a5,same-article contextual hypothesis; causal edge is not explicit
Milk,urea,fflo acuteeffect,2,0,milk-2d4c6eb27aa0b942; milk-a1ae27d81f0013a5,same-article contextual hypothesis; causal edge is not explicit
Milk,palm oil family,kidney damage,2,0,milk-3860e6654d518030; milk-d1fcc18c1d80bd0a,same-article contextual hypothesis; causal edge is not explicit
Milk,urea,death,2,0,milk-465f847feeedb412; milk-c238ac533ab8e0b9,same-article contextual hypothesis; causal edge is not explicit
Milk,soap,death,2,0,milk-465f847feeedb412; milk-c238ac533ab8e0b9,same-article contextual hypothesis; causal edge is not explicit
Milk,starch,death,2,0,milk-465f847feeedb412; milk-c238ac533ab8e0b9,same-article contextual hypothesis; causal edge is not explicit
Milk,hydrogen peroxide,death,2,0,milk-465f847feeedb412; milk-c238ac533ab8e0b9,same-article contextual hypothesis; causal edge is not explicit
Milk,sodium hydrogen carbonate,death,2,0,milk-465f847feeedb412; milk-c238ac533ab8e0b9,same-article contextual hypothesis; causal edge is not explicit
Mustard oil,argemone oil,food poisoning,2,0,milk-74d1d6aaa4ade7cf; oil-360e412402d45e39,same-article contextual hypothesis; causal edge is not explicit
eggs,antibiotic residue,cancer/carcinogenicity,2,0,milk-770d36ac4ddb5014; milk-9072720be8595f77,same-article contextual hypothesis; causal edge is not explicit
poultry,hormonal growth promoters,cancer/carcinogenicity,2,0,milk-770d36ac4ddb5014; milk-9072720be8595f77,same-article contextual hypothesis; causal edge is not explicit
Mustard oil,argemone oil,vomiting,2,0,milk-8a55933f0d5da63a; oil-a80e246d597e0db8,same-article contextual hypothesis; causal edge is not explicit
Paneer,analogue paneer,food poisoning,2,0,milk-998381f3381f9db4; oil-9f16df2b7898747a,same-article contextual hypothesis; causal edge is not explicit
spice mixes,ethylene oxide,salmonellosis,2,0,milk-b87ea04f3974c7d3; milk-ef1ee9288efe9a83,same-article contextual hypothesis; causal edge is not explicit
spice mixes,ethylene oxide,fflo acuteeffect,2,0,milk-b87ea04f3974c7d3; milk-ef1ee9288efe9a83,same-article contextual hypothesis; causal edge is not explicit
madras curry powder,ethylene oxide,salmonellosis,2,0,milk-b87ea04f3974c7d3; milk-ef1ee9288efe9a83,same-article contextual hypothesis; causal edge is not explicit
madras curry powder,ethylene oxide,fflo acuteeffect,2,0,milk-b87ea04f3974c7d3; milk-ef1ee9288efe9a83,same-article contextual hypothesis; causal edge is not explicit
sambhar masala,ethylene oxide,salmonellosis,2,0,milk-b87ea04f3974c7d3; milk-ef1ee9288efe9a83,same-article contextual hypothesis; causal edge is not explicit
sambhar masala,ethylene oxide,fflo acuteeffect,2,0,milk-b87ea04f3974c7d3; milk-ef1ee9288efe9a83,same-article contextual hypothesis; causal edge is not explicit
curry powder masala,ethylene oxide,salmonellosis,2,0,milk-b87ea04f3974c7d3; milk-ef1ee9288efe9a83,same-article contextual hypothesis; causal edge is not explicit
curry powder masala,ethylene oxide,fflo acuteeffect,2,0,milk-b87ea04f3974c7d3; milk-ef1ee9288efe9a83,same-article contextual hypothesis; causal edge is not explicit
everest fish curry masala,ethylene oxide,salmonellosis,2,0,milk-b87ea04f3974c7d3; milk-ef1ee9288efe9a83,same-article contextual hypothesis; causal edge is not explicit
everest fish curry masala,ethylene oxide,fflo acuteeffect,2,0,milk-b87ea04f3974c7d3; milk-ef1ee9288efe9a83,same-article contextual hypothesis; causal edge is not explicit
everest spice mix,ethylene oxide,salmonellosis,2,0,milk-b87ea04f3974c7d3; milk-ef1ee9288efe9a83,same-article contextual hypothesis; causal edge is not explicit
everest spice mix,ethylene oxide,fflo acuteeffect,2,0,milk-b87ea04f3974c7d3; milk-ef1ee9288efe9a83,same-article contextual hypothesis; causal edge is not explicit
guar gum,ethylene oxide,salmonellosis,2,0,milk-b87ea04f3974c7d3; milk-ef1ee9288efe9a83,same-article contextual hypothesis; causal edge is not explicit
guar gum,ethylene oxide,fflo acuteeffect,2,0,milk-b87ea04f3974c7d3; milk-ef1ee9288efe9a83,same-article contextual hypothesis; causal edge is not explicit
curry powder,ethylene oxide,salmonellosis,2,0,milk-b87ea04f3974c7d3; milk-ef1ee9288efe9a83,same-article contextual hypothesis; causal edge is not explicit
curry powder,ethylene oxide,fflo acuteeffect,2,0,milk-b87ea04f3974c7d3; milk-ef1ee9288efe9a83,same-article contextual hypothesis; causal edge is not explicit
mdh sambhar masala,salmonella,cancer/carcinogenicity,2,0,milk-b87ea04f3974c7d3; milk-ef1ee9288efe9a83,same-article contextual hypothesis; causal edge is not explicit
mdh sambhar masala,salmonella,toxicity,2,0,milk-b87ea04f3974c7d3; milk-ef1ee9288efe9a83,same-article contextual hypothesis; causal edge is not explicit
everest garam masala,salmonella,cancer/carcinogenicity,2,0,milk-b87ea04f3974c7d3; milk-ef1ee9288efe9a83,same-article contextual hypothesis; causal edge is not explicit
everest garam masala,salmonella,toxicity,2,0,milk-b87ea04f3974c7d3; milk-ef1ee9288efe9a83,same-article contextual hypothesis; causal edge is not explicit
sambhar masala,salmonella,cancer/carcinogenicity,2,0,milk-b87ea04f3974c7d3; milk-ef1ee9288efe9a83,same-article contextual hypothesis; causal edge is not explicit
sambhar masala,salmonella,toxicity,2,0,milk-b87ea04f3974c7d3; milk-ef1ee9288efe9a83,same-article contextual hypothesis; causal edge is not explicit
maggi masala ae magic,salmonella,cancer/carcinogenicity,2,0,milk-b87ea04f3974c7d3; milk-ef1ee9288efe9a83,same-article contextual hypothesis; causal edge is not explicit
maggi masala ae magic,salmonella,toxicity,2,0,milk-b87ea04f3974c7d3; milk-ef1ee9288efe9a83,same-article contextual hypothesis; causal edge is not explicit
tea,pesticide residue,typhoid,2,0,milk-e0280fded4cae9e7; oil-cce06e610c149816,same-article contextual hypothesis; causal edge is not explicit
tea,pesticide residue,hepatitis,2,0,milk-e0280fded4cae9e7; oil-cce06e610c149816,same-article contextual hypothesis; causal edge is not explicit
tea,pesticide residue,leptospirosis,2,0,milk-e0280fded4cae9e7; oil-cce06e610c149816,same-article contextual hypothesis; causal edge is not explicit
tea,pesticide residue,toxicities,2,0,milk-e0280fded4cae9e7; oil-cce06e610c149816,same-article contextual hypothesis; causal edge is not explicit
tea,pesticide residue,cancer/carcinogenicity,2,0,milk-e0280fded4cae9e7; oil-cce06e610c149816,same-article contextual hypothesis; causal edge is not explicit
tea,pesticide residue,ca colon,2,0,milk-e0280fded4cae9e7; oil-cce06e610c149816,same-article contextual hypothesis; causal edge is not explicit
tea,pesticide residue,fflo chroniceffect,2,0,milk-e0280fded4cae9e7; oil-cce06e610c149816,same-article contextual hypothesis; causal edge is not explicit
fruits,pesticide residue,typhoid,2,0,milk-e0280fded4cae9e7; oil-cce06e610c149816,same-article contextual hypothesis; causal edge is not explicit
fruits,pesticide residue,hepatitis,2,0,milk-e0280fded4cae9e7; oil-cce06e610c149816,same-article contextual hypothesis; causal edge is not explicit
fruits,pesticide residue,leptospirosis,2,0,milk-e0280fded4cae9e7; oil-cce06e610c149816,same-article contextual hypothesis; causal edge is not explicit
fruits,pesticide residue,toxicities,2,0,milk-e0280fded4cae9e7; oil-cce06e610c149816,same-article contextual hypothesis; causal edge is not explicit
fruits,pesticide residue,ca colon,2,0,milk-e0280fded4cae9e7; oil-cce06e610c149816,same-article contextual hypothesis; causal edge is not explicit
fruits,pesticide residue,fflo chroniceffect,2,0,milk-e0280fded4cae9e7; oil-cce06e610c149816,same-article contextual hypothesis; causal edge is not explicit
vegetables,pesticide residue,typhoid,2,0,milk-e0280fded4cae9e7; oil-cce06e610c149816,same-article contextual hypothesis; causal edge is not explicit
vegetables,pesticide residue,hepatitis,2,0,milk-e0280fded4cae9e7; oil-cce06e610c149816,same-article contextual hypothesis; causal edge is not explicit
vegetables,pesticide residue,leptospirosis,2,0,milk-e0280fded4cae9e7; oil-cce06e610c149816,same-article contextual hypothesis; causal edge is not explicit
vegetables,pesticide residue,toxicities,2,0,milk-e0280fded4cae9e7; oil-cce06e610c149816,same-article contextual hypothesis; causal edge is not explicit
vegetables,pesticide residue,ca colon,2,0,milk-e0280fded4cae9e7; oil-cce06e610c149816,same-article contextual hypothesis; causal edge is not explicit
vegetables,pesticide residue,fflo chroniceffect,2,0,milk-e0280fded4cae9e7; oil-cce06e610c149816,same-article contextual hypothesis; causal edge is not explicit
olive oil,chlorophyll,toxic oil syndrome,2,0,oil-b697d96d9a9efcdd; oil-ed891cb2ad0773f4,same-article contextual hypothesis; causal edge is not explicit
olive oil,chlorophyll,fflo chroniceffect,2,0,oil-b697d96d9a9efcdd; oil-ed891cb2ad0773f4,same-article contextual hypothesis; causal edge is not explicit
frozen minced fish meat,finishing agents,killparasites,1,0,src_pdf_014,same-article contextual hypothesis; causal edge is not explicit
frozen minced fish meat,finishing agents,destroynonsporulatingpathogens,1,0,src_pdf_014,same-article contextual hypothesis; causal edge is not explicit
frozen minced fish meat,finishing agents,injurespores,1,0,src_pdf_014,same-article contextual hypothesis; causal edge is not explicit
caviar,texturising agents,killparasites,1,0,src_pdf_014,same-article contextual hypothesis; causal edge is not explicit
caviar,texturising agents,destroynonsporulatingpathogens,1,0,src_pdf_014,same-article contextual hypothesis; causal edge is not explicit
caviar,texturising agents,injurespores,1,0,src_pdf_014,same-article contextual hypothesis; causal edge is not explicit
sample unit,soft and mushy texture,killparasites,1,0,src_pdf_014,same-article contextual hypothesis; causal edge is not explicit
sample unit,soft and mushy texture,destroynonsporulatingpathogens,1,0,src_pdf_014,same-article contextual hypothesis; causal edge is not explicit
sample unit,soft and mushy texture,injurespores,1,0,src_pdf_014,same-article contextual hypothesis; causal edge is not explicit
probiotics,starter cultures of lactic acid producing bacteria,pregnant women,1,0,src_pdf_021,same-article contextual hypothesis; causal edge is not explicit
probiotics,starter cultures of lactic acid producing bacteria,children,1,0,src_pdf_021,same-article contextual hypothesis; causal edge is not explicit
cupric gluconate,copper,pregnant women,1,0,src_pdf_021,same-article contextual hypothesis; causal edge is not explicit
cupric gluconate,copper,children,1,0,src_pdf_021,same-article contextual hypothesis; causal edge is not explicit
ginger garlic paste,maida,gastrointestinal illness,1,0,0109eea0-3adc-4177-a6f7-e3bc31bf237d,same-article contextual hypothesis; causal edge is not explicit
ginger garlic paste,maida,allergic reaction,1,0,0109eea0-3adc-4177-a6f7-e3bc31bf237d,same-article contextual hypothesis; causal edge is not explicit
ginger garlic paste,maida,skin problems,1,0,0109eea0-3adc-4177-a6f7-e3bc31bf237d,same-article contextual hypothesis; causal edge is not explicit
ginger garlic paste,maida,respiratory issues,1,0,0109eea0-3adc-4177-a6f7-e3bc31bf237d,same-article contextual hypothesis; causal edge is not explicit
ginger garlic paste,maida,chronic health issues,1,0,0109eea0-3adc-4177-a6f7-e3bc31bf237d,same-article contextual hypothesis; causal edge is not explicit
ginger garlic paste,cornflour,gastrointestinal illness,1,0,0109eea0-3adc-4177-a6f7-e3bc31bf237d,same-article contextual hypothesis; causal edge is not explicit
ginger garlic paste,cornflour,allergic reaction,1,0,0109eea0-3adc-4177-a6f7-e3bc31bf237d,same-article contextual hypothesis; causal edge is not explicit
ginger garlic paste,cornflour,skin problems,1,0,0109eea0-3adc-4177-a6f7-e3bc31bf237d,same-article contextual hypothesis; causal edge is not explicit
ginger garlic paste,cornflour,respiratory issues,1,0,0109eea0-3adc-4177-a6f7-e3bc31bf237d,same-article contextual hypothesis; causal edge is not explicit
ginger garlic paste,cornflour,chronic health issues,1,0,0109eea0-3adc-4177-a6f7-e3bc31bf237d,same-article contextual hypothesis; causal edge is not explicit
ginger garlic paste,artificial colours,gastrointestinal illness,1,0,0109eea0-3adc-4177-a6f7-e3bc31bf237d,same-article contextual hypothesis; causal edge is not explicit
ginger garlic paste,artificial colours,allergic reaction,1,0,0109eea0-3adc-4177-a6f7-e3bc31bf237d,same-article contextual hypothesis; causal edge is not explicit
ginger garlic paste,artificial colours,skin problems,1,0,0109eea0-3adc-4177-a6f7-e3bc31bf237d,same-article contextual hypothesis; causal edge is not explicit
ginger garlic paste,artificial colours,respiratory issues,1,0,0109eea0-3adc-4177-a6f7-e3bc31bf237d,same-article contextual hypothesis; causal edge is not explicit
ginger garlic paste,artificial colours,chronic health issues,1,0,0109eea0-3adc-4177-a6f7-e3bc31bf237d,same-article contextual hypothesis; causal edge is not explicit
ginger garlic paste,preservatives,gastrointestinal illness,1,0,0109eea0-3adc-4177-a6f7-e3bc31bf237d,same-article contextual hypothesis; causal edge is not explicit
ginger garlic paste,preservatives,allergic reaction,1,0,0109eea0-3adc-4177-a6f7-e3bc31bf237d,same-article contextual hypothesis; causal edge is not explicit
ginger garlic paste,preservatives,skin problems,1,0,0109eea0-3adc-4177-a6f7-e3bc31bf237d,same-article contextual hypothesis; causal edge is not explicit
ginger garlic paste,preservatives,respiratory issues,1,0,0109eea0-3adc-4177-a6f7-e3bc31bf237d,same-article contextual hypothesis; causal edge is not explicit
ginger garlic paste,preservatives,chronic health issues,1,0,0109eea0-3adc-4177-a6f7-e3bc31bf237d,same-article contextual hypothesis; causal edge is not explicit
ginger garlic paste,spoiled ginger,gastrointestinal illness,1,0,0109eea0-3adc-4177-a6f7-e3bc31bf237d,same-article contextual hypothesis; causal edge is not explicit
ginger garlic paste,spoiled ginger,allergic reaction,1,0,0109eea0-3adc-4177-a6f7-e3bc31bf237d,same-article contextual hypothesis; causal edge is not explicit
ginger garlic paste,spoiled ginger,skin problems,1,0,0109eea0-3adc-4177-a6f7-e3bc31bf237d,same-article contextual hypothesis; causal edge is not explicit
ginger garlic paste,spoiled ginger,respiratory issues,1,0,0109eea0-3adc-4177-a6f7-e3bc31bf237d,same-article contextual hypothesis; causal edge is not explicit
ginger garlic paste,spoiled ginger,chronic health issues,1,0,0109eea0-3adc-4177-a6f7-e3bc31bf237d,same-article contextual hypothesis; causal edge is not explicit
ginger garlic paste,spoiled garlic,gastrointestinal illness,1,0,0109eea0-3adc-4177-a6f7-e3bc31bf237d,same-article contextual hypothesis; causal edge is not explicit
ginger garlic paste,spoiled garlic,allergic reaction,1,0,0109eea0-3adc-4177-a6f7-e3bc31bf237d,same-article contextual hypothesis; causal edge is not explicit
ginger garlic paste,spoiled garlic,skin problems,1,0,0109eea0-3adc-4177-a6f7-e3bc31bf237d,same-article contextual hypothesis; causal edge is not explicit
ginger garlic paste,spoiled garlic,respiratory issues,1,0,0109eea0-3adc-4177-a6f7-e3bc31bf237d,same-article contextual hypothesis; causal edge is not explicit
ginger garlic paste,spoiled garlic,chronic health issues,1,0,0109eea0-3adc-4177-a6f7-e3bc31bf237d,same-article contextual hypothesis; causal edge is not explicit
Ghee,vanaspati,chronic health issues,1,0,0109eea0-3adc-4177-a6f7-e3bc31bf237d,same-article contextual hypothesis; causal edge is not explicit
Ghee,animal fat,chronic health issues,1,0,0109eea0-3adc-4177-a6f7-e3bc31bf237d,same-article contextual hypothesis; causal edge is not explicit
Ghee,starch,chronic health issues,1,0,0109eea0-3adc-4177-a6f7-e3bc31bf237d,same-article contextual hypothesis; causal edge is not explicit
Ghee,artificial flavourings,chronic health issues,1,0,0109eea0-3adc-4177-a6f7-e3bc31bf237d,same-article contextual hypothesis; causal edge is not explicit
Ghee,vanaspati,clog arteries,1,0,04d8af9a-ebb5-4e14-b630-f5fddc40afd4,same-article contextual hypothesis; causal edge is not explicit
vanaspati,refined oils,clog arteries,1,0,04d8af9a-ebb5-4e14-b630-f5fddc40afd4,same-article contextual hypothesis; causal edge is not explicit
Paneer,harmful chemicals,gastrointestinal illness,1,0,08675130-4804-4198-9157-40e7f9a9d248,same-article contextual hypothesis; causal edge is not explicit
Paneer,harmful chemicals,organ damage,1,0,08675130-4804-4198-9157-40e7f9a9d248,same-article contextual hypothesis; causal edge is not explicit
Paneer,harmful chemicals,kidney damage,1,0,08675130-4804-4198-9157-40e7f9a9d248,same-article contextual hypothesis; causal edge is not explicit
Paneer,harmful chemicals,cancer/carcinogenicity,1,0,08675130-4804-4198-9157-40e7f9a9d248,same-article contextual hypothesis; causal edge is not explicit
Paneer,unidentified liquid substances,gastrointestinal illness,1,0,08675130-4804-4198-9157-40e7f9a9d248,same-article contextual hypothesis; causal edge is not explicit
Paneer,unidentified liquid substances,organ damage,1,0,08675130-4804-4198-9157-40e7f9a9d248,same-article contextual hypothesis; causal edge is not explicit
Paneer,unidentified liquid substances,kidney damage,1,0,08675130-4804-4198-9157-40e7f9a9d248,same-article contextual hypothesis; causal edge is not explicit
Paneer,unidentified liquid substances,cancer/carcinogenicity,1,0,08675130-4804-4198-9157-40e7f9a9d248,same-article contextual hypothesis; causal edge is not explicit
Khoya/mawa,adulterants,organ damage,1,0,1fc04845-1f82-4efa-80fc-80e8feefa6ed,same-article contextual hypothesis; causal edge is not explicit
Khoya/mawa,adulterants,gastrointestinal illness,1,0,1fc04845-1f82-4efa-80fc-80e8feefa6ed,same-article contextual hypothesis; causal edge is not explicit
Khoya/mawa,adulterants,allergic reaction,1,0,1fc04845-1f82-4efa-80fc-80e8feefa6ed,same-article contextual hypothesis; causal edge is not explicit
Khoya/mawa,adulterants,cardiovascular disease,1,0,1fc04845-1f82-4efa-80fc-80e8feefa6ed,same-article contextual hypothesis; causal edge is not explicit
Khoya/mawa,adulterants,cancer/carcinogenicity,1,0,1fc04845-1f82-4efa-80fc-80e8feefa6ed,same-article contextual hypothesis; causal edge is not explicit
Paneer,analogue paneer,organ damage,1,0,1fc04845-1f82-4efa-80fc-80e8feefa6ed,same-article contextual hypothesis; causal edge is not explicit
Paneer,analogue paneer,gastrointestinal illness,1,0,1fc04845-1f82-4efa-80fc-80e8feefa6ed,same-article contextual hypothesis; causal edge is not explicit
Paneer,analogue paneer,cardiovascular disease,1,0,1fc04845-1f82-4efa-80fc-80e8feefa6ed,same-article contextual hypothesis; causal edge is not explicit
Paneer,analogue paneer,cancer/carcinogenicity,1,0,1fc04845-1f82-4efa-80fc-80e8feefa6ed,same-article contextual hypothesis; causal edge is not explicit
Milk,ethylene glycol,vomiting,1,0,276e27ef-82bd-4911-a4df-9d2448b232fb,same-article contextual hypothesis; causal edge is not explicit
Milk,ethylene glycol,liver harm,1,0,276e27ef-82bd-4911-a4df-9d2448b232fb,same-article contextual hypothesis; causal edge is not explicit
Paneer,industrial grade acetic acid,fflo acuteeffect,1,0,276e27ef-82bd-4911-a4df-9d2448b232fb,same-article contextual hypothesis; causal edge is not explicit
Paneer,industrial grade acetic acid,vomiting,1,0,276e27ef-82bd-4911-a4df-9d2448b232fb,same-article contextual hypothesis; causal edge is not explicit
Paneer,industrial grade acetic acid,liver harm,1,0,276e27ef-82bd-4911-a4df-9d2448b232fb,same-article contextual hypothesis; causal edge is not explicit
ice cream,adulterated materials,fflo acuteeffect,1,0,276e27ef-82bd-4911-a4df-9d2448b232fb,same-article contextual hypothesis; causal edge is not explicit
ice cream,adulterated materials,vomiting,1,0,276e27ef-82bd-4911-a4df-9d2448b232fb,same-article contextual hypothesis; causal edge is not explicit
ice cream,adulterated materials,liver harm,1,0,276e27ef-82bd-4911-a4df-9d2448b232fb,same-article contextual hypothesis; causal edge is not explicit
Paneer,unspecified adulterant,renal failure,1,0,276e27ef-82bd-4911-a4df-9d2448b232fb,same-article contextual hypothesis; causal edge is not explicit
Paneer,unspecified adulterant,multi-organ failure,1,0,276e27ef-82bd-4911-a4df-9d2448b232fb,same-article contextual hypothesis; causal edge is not explicit
Paneer,unspecified adulterant,fflo acuteeffect,1,0,276e27ef-82bd-4911-a4df-9d2448b232fb,same-article contextual hypothesis; causal edge is not explicit
Paneer,unspecified adulterant,vomiting,1,0,276e27ef-82bd-4911-a4df-9d2448b232fb,same-article contextual hypothesis; causal edge is not explicit
Paneer,unspecified adulterant,cancer/carcinogenicity,1,0,276e27ef-82bd-4911-a4df-9d2448b232fb,same-article contextual hypothesis; causal edge is not explicit
Paneer,unspecified adulterant,chroniceffect,1,0,276e27ef-82bd-4911-a4df-9d2448b232fb,same-article contextual hypothesis; causal edge is not explicit
Paneer,unspecified adulterant,allergic reaction,1,0,276e27ef-82bd-4911-a4df-9d2448b232fb,same-article contextual hypothesis; causal edge is not explicit
Paneer,unspecified adulterant,organ damage,1,0,276e27ef-82bd-4911-a4df-9d2448b232fb,same-article contextual hypothesis; causal edge is not explicit
Paneer,unspecified adulterant,acuteeffect,1,0,276e27ef-82bd-4911-a4df-9d2448b232fb,same-article contextual hypothesis; causal edge is not explicit
Paneer,unspecified adulterant,kidney harm,1,0,276e27ef-82bd-4911-a4df-9d2448b232fb,same-article contextual hypothesis; causal edge is not explicit
Paneer,unspecified adulterant,liver harm,1,0,276e27ef-82bd-4911-a4df-9d2448b232fb,same-article contextual hypothesis; causal edge is not explicit
processed food,adulterants,renal failure,1,0,276e27ef-82bd-4911-a4df-9d2448b232fb,same-article contextual hypothesis; causal edge is not explicit
processed food,adulterants,multi-organ failure,1,0,276e27ef-82bd-4911-a4df-9d2448b232fb,same-article contextual hypothesis; causal edge is not explicit
processed food,adulterants,fflo acuteeffect,1,0,276e27ef-82bd-4911-a4df-9d2448b232fb,same-article contextual hypothesis; causal edge is not explicit
processed food,adulterants,vomiting,1,0,276e27ef-82bd-4911-a4df-9d2448b232fb,same-article contextual hypothesis; causal edge is not explicit
processed food,adulterants,cancer/carcinogenicity,1,0,276e27ef-82bd-4911-a4df-9d2448b232fb,same-article contextual hypothesis; causal edge is not explicit
processed food,adulterants,chroniceffect,1,0,276e27ef-82bd-4911-a4df-9d2448b232fb,same-article contextual hypothesis; causal edge is not explicit
processed food,adulterants,allergic reaction,1,0,276e27ef-82bd-4911-a4df-9d2448b232fb,same-article contextual hypothesis; causal edge is not explicit
processed food,adulterants,organ damage,1,0,276e27ef-82bd-4911-a4df-9d2448b232fb,same-article contextual hypothesis; causal edge is not explicit
processed food,adulterants,acuteeffect,1,0,276e27ef-82bd-4911-a4df-9d2448b232fb,same-article contextual hypothesis; causal edge is not explicit
Milk,water,stomach irritation,1,0,2bc11203-0268-4c4a-9fe6-c168449ca3cf,same-article contextual hypothesis; causal edge is not explicit
Milk,water,vomiting,1,0,2bc11203-0268-4c4a-9fe6-c168449ca3cf,same-article contextual hypothesis; causal edge is not explicit
Milk,water,diarrhoea,1,0,2bc11203-0268-4c4a-9fe6-c168449ca3cf,same-article contextual hypothesis; causal edge is not explicit
Milk,urea,stomach irritation,1,0,2bc11203-0268-4c4a-9fe6-c168449ca3cf,same-article contextual hypothesis; causal edge is not explicit
Milk,detergent,stomach irritation,1,0,2bc11203-0268-4c4a-9fe6-c168449ca3cf,same-article contextual hypothesis; causal edge is not explicit
Milk,starch,stomach irritation,1,0,2bc11203-0268-4c4a-9fe6-c168449ca3cf,same-article contextual hypothesis; causal edge is not explicit
Milk,formalin/formaldehyde,stomach irritation,1,0,2bc11203-0268-4c4a-9fe6-c168449ca3cf,same-article contextual hypothesis; causal edge is not explicit
Milk,formalin/formaldehyde,vomiting,1,0,2bc11203-0268-4c4a-9fe6-c168449ca3cf,same-article contextual hypothesis; causal edge is not explicit
Milk,formalin/formaldehyde,diarrhoea,1,0,2bc11203-0268-4c4a-9fe6-c168449ca3cf,same-article contextual hypothesis; causal edge is not explicit
Milk,caustic soda,stomach irritation,1,0,2bc11203-0268-4c4a-9fe6-c168449ca3cf,same-article contextual hypothesis; causal edge is not explicit
Milk,caustic soda,vomiting,1,0,2bc11203-0268-4c4a-9fe6-c168449ca3cf,same-article contextual hypothesis; causal edge is not explicit
Milk,caustic soda,diarrhoea,1,0,2bc11203-0268-4c4a-9fe6-c168449ca3cf,same-article contextual hypothesis; causal edge is not explicit
Milk,glucose,stomach irritation,1,0,2bc11203-0268-4c4a-9fe6-c168449ca3cf,same-article contextual hypothesis; causal edge is not explicit
Milk,glucose,vomiting,1,0,2bc11203-0268-4c4a-9fe6-c168449ca3cf,same-article contextual hypothesis; causal edge is not explicit
Milk,glucose,diarrhoea,1,0,2bc11203-0268-4c4a-9fe6-c168449ca3cf,same-article contextual hypothesis; causal edge is not explicit
Milk,palm oil family,stomach irritation,1,0,2bc11203-0268-4c4a-9fe6-c168449ca3cf,same-article contextual hypothesis; causal edge is not explicit
Milk,palm oil family,diarrhoea,1,0,2bc11203-0268-4c4a-9fe6-c168449ca3cf,same-article contextual hypothesis; causal edge is not explicit
Milk,soybean oil,stomach irritation,1,0,2bc11203-0268-4c4a-9fe6-c168449ca3cf,same-article contextual hypothesis; causal edge is not explicit
Milk,soybean oil,vomiting,1,0,2bc11203-0268-4c4a-9fe6-c168449ca3cf,same-article contextual hypothesis; causal edge is not explicit
Milk,soybean oil,diarrhoea,1,0,2bc11203-0268-4c4a-9fe6-c168449ca3cf,same-article contextual hypothesis; causal edge is not explicit
Milk,skimmed milk powder,stomach irritation,1,0,2bc11203-0268-4c4a-9fe6-c168449ca3cf,same-article contextual hypothesis; causal edge is not explicit
Milk,skimmed milk powder,vomiting,1,0,2bc11203-0268-4c4a-9fe6-c168449ca3cf,same-article contextual hypothesis; causal edge is not explicit
Milk,skimmed milk powder,diarrhoea,1,0,2bc11203-0268-4c4a-9fe6-c168449ca3cf,same-article contextual hypothesis; causal edge is not explicit
Milk,sucrose,stomach irritation,1,0,2bc11203-0268-4c4a-9fe6-c168449ca3cf,same-article contextual hypothesis; causal edge is not explicit
Milk,sucrose,vomiting,1,0,2bc11203-0268-4c4a-9fe6-c168449ca3cf,same-article contextual hypothesis; causal edge is not explicit
Milk,sucrose,diarrhoea,1,0,2bc11203-0268-4c4a-9fe6-c168449ca3cf,same-article contextual hypothesis; causal edge is not explicit
Milk,whey powder,stomach irritation,1,0,2bc11203-0268-4c4a-9fe6-c168449ca3cf,same-article contextual hypothesis; causal edge is not explicit
Milk,whey powder,vomiting,1,0,2bc11203-0268-4c4a-9fe6-c168449ca3cf,same-article contextual hypothesis; causal edge is not explicit
Milk,whey powder,diarrhoea,1,0,2bc11203-0268-4c4a-9fe6-c168449ca3cf,same-article contextual hypothesis; causal edge is not explicit
refined oil,milk,stomach irritation,1,0,2bc11203-0268-4c4a-9fe6-c168449ca3cf,same-article contextual hypothesis; causal edge is not explicit
refined oil,milk,vomiting,1,0,2bc11203-0268-4c4a-9fe6-c168449ca3cf,same-article contextual hypothesis; causal edge is not explicit
refined oil,milk,diarrhoea,1,0,2bc11203-0268-4c4a-9fe6-c168449ca3cf,same-article contextual hypothesis; causal edge is not explicit
Khoya/mawa,starch,stomach irritation,1,0,2bc11203-0268-4c4a-9fe6-c168449ca3cf,same-article contextual hypothesis; causal edge is not explicit
Khoya/mawa,starch,vomiting,1,0,2bc11203-0268-4c4a-9fe6-c168449ca3cf,same-article contextual hypothesis; causal edge is not explicit
Khoya/mawa,starch,diarrhoea,1,0,2bc11203-0268-4c4a-9fe6-c168449ca3cf,same-article contextual hypothesis; causal edge is not explicit
Milk,maltodextrin,stomach irritation,1,0,2bc11203-0268-4c4a-9fe6-c168449ca3cf,same-article contextual hypothesis; causal edge is not explicit
Milk,maltodextrin,diarrhoea,1,0,2bc11203-0268-4c4a-9fe6-c168449ca3cf,same-article contextual hypothesis; causal edge is not explicit
prasad,adulterated ghee,severe consequences for public health,1,0,3401730f-3850-4c7d-884f-dcdb1d086c42,same-article contextual hypothesis; causal edge is not explicit
Ghee,vanaspati,heart diseases,1,0,3c89f375-80cf-488a-a60f-6fc88846ceff,same-article contextual hypothesis; causal edge is not explicit
Ghee,vanaspati,health hazards,1,0,3c89f375-80cf-488a-a60f-6fc88846ceff,same-article contextual hypothesis; causal edge is not explicit
chinese garlic,pesticide residue,cancer/carcinogenicity,1,0,40ab817e-11a0-4a57-8dcd-e13fef2fbad1,same-article contextual hypothesis; causal edge is not explicit
garlic,heavy metals,cancer/carcinogenicity,1,0,40ab817e-11a0-4a57-8dcd-e13fef2fbad1,same-article contextual hypothesis; causal edge is not explicit
sweets,excessive colours,cancer/carcinogenicity,1,0,40ab817e-11a0-4a57-8dcd-e13fef2fbad1,same-article contextual hypothesis; causal edge is not explicit
red velvet cake,cancer causing ingredient,liver damage,1,0,40ab817e-11a0-4a57-8dcd-e13fef2fbad1,same-article contextual hypothesis; causal edge is not explicit
red velvet cake,cancer causing ingredient,gastrointestinal issues,1,0,40ab817e-11a0-4a57-8dcd-e13fef2fbad1,same-article contextual hypothesis; causal edge is not explicit
red velvet cake,cancer causing ingredient,weakened immune function,1,0,40ab817e-11a0-4a57-8dcd-e13fef2fbad1,same-article contextual hypothesis; causal edge is not explicit
black forest cake,cancer causing ingredient,liver damage,1,0,40ab817e-11a0-4a57-8dcd-e13fef2fbad1,same-article contextual hypothesis; causal edge is not explicit
black forest cake,cancer causing ingredient,gastrointestinal issues,1,0,40ab817e-11a0-4a57-8dcd-e13fef2fbad1,same-article contextual hypothesis; causal edge is not explicit
black forest cake,cancer causing ingredient,weakened immune function,1,0,40ab817e-11a0-4a57-8dcd-e13fef2fbad1,same-article contextual hypothesis; causal edge is not explicit
cake,additive,liver damage,1,0,40ab817e-11a0-4a57-8dcd-e13fef2fbad1,same-article contextual hypothesis; causal edge is not explicit
cake,additive,gastrointestinal issues,1,0,40ab817e-11a0-4a57-8dcd-e13fef2fbad1,same-article contextual hypothesis; causal edge is not explicit
cake,additive,weakened immune function,1,0,40ab817e-11a0-4a57-8dcd-e13fef2fbad1,same-article contextual hypothesis; causal edge is not explicit
Ghee,carrot extract,heart risks,1,0,411b1d1a-7b18-4425-90f0-da2c296625eb,same-article contextual hypothesis; causal edge is not explicit
Ghee,carrot extract,health issues,1,0,411b1d1a-7b18-4425-90f0-da2c296625eb,same-article contextual hypothesis; causal edge is not explicit
Ghee,carrot extract,heart health issues,1,0,411b1d1a-7b18-4425-90f0-da2c296625eb,same-article contextual hypothesis; causal edge is not explicit
Ghee,carrot extract,inflammation,1,0,411b1d1a-7b18-4425-90f0-da2c296625eb,same-article contextual hypothesis; causal edge is not explicit
Ghee,palm oil family,heart health issues,1,0,411b1d1a-7b18-4425-90f0-da2c296625eb,same-article contextual hypothesis; causal edge is not explicit
Ghee,palm oil family,inflammation,1,0,411b1d1a-7b18-4425-90f0-da2c296625eb,same-article contextual hypothesis; causal edge is not explicit
Ghee,vanaspati,heart health issues,1,0,411b1d1a-7b18-4425-90f0-da2c296625eb,same-article contextual hypothesis; causal edge is not explicit
Ghee,vanaspati,inflammation,1,0,411b1d1a-7b18-4425-90f0-da2c296625eb,same-article contextual hypothesis; causal edge is not explicit
Ghee,coconut oil,heart risks,1,0,411b1d1a-7b18-4425-90f0-da2c296625eb,same-article contextual hypothesis; causal edge is not explicit
Ghee,coconut oil,health issues,1,0,411b1d1a-7b18-4425-90f0-da2c296625eb,same-article contextual hypothesis; causal edge is not explicit
Ghee,coconut oil,heart health issues,1,0,411b1d1a-7b18-4425-90f0-da2c296625eb,same-article contextual hypothesis; causal edge is not explicit
Ghee,coconut oil,inflammation,1,0,411b1d1a-7b18-4425-90f0-da2c296625eb,same-article contextual hypothesis; causal edge is not explicit
Ghee,cottonseed oil,heart risks,1,0,411b1d1a-7b18-4425-90f0-da2c296625eb,same-article contextual hypothesis; causal edge is not explicit
Ghee,cottonseed oil,health issues,1,0,411b1d1a-7b18-4425-90f0-da2c296625eb,same-article contextual hypothesis; causal edge is not explicit
Ghee,cottonseed oil,heart health issues,1,0,411b1d1a-7b18-4425-90f0-da2c296625eb,same-article contextual hypothesis; causal edge is not explicit
Ghee,cottonseed oil,inflammation,1,0,411b1d1a-7b18-4425-90f0-da2c296625eb,same-article contextual hypothesis; causal edge is not explicit
Ghee,synthetic blends,masking adulteration,1,0,411b1d1a-7b18-4425-90f0-da2c296625eb,same-article contextual hypothesis; causal edge is not explicit
Ghee,synthetic blends,heart health issues,1,0,411b1d1a-7b18-4425-90f0-da2c296625eb,same-article contextual hypothesis; causal edge is not explicit
Ghee,synthetic blends,inflammation,1,0,411b1d1a-7b18-4425-90f0-da2c296625eb,same-article contextual hypothesis; causal edge is not explicit
Ghee,hydrogenated oil,masking adulteration,1,0,411b1d1a-7b18-4425-90f0-da2c296625eb,same-article contextual hypothesis; causal edge is not explicit
Ghee,hydrogenated oil,heart risks,1,0,411b1d1a-7b18-4425-90f0-da2c296625eb,same-article contextual hypothesis; causal edge is not explicit
Ghee,hydrogenated oil,health issues,1,0,411b1d1a-7b18-4425-90f0-da2c296625eb,same-article contextual hypothesis; causal edge is not explicit
doughnuts,artificial colouring,allergic reaction,1,0,52c92c13-21f6-4ece-8f0d-4db2340850c3,same-article contextual hypothesis; causal edge is not explicit
doughnuts,artificial colouring,skin rashes,1,0,52c92c13-21f6-4ece-8f0d-4db2340850c3,same-article contextual hypothesis; causal edge is not explicit
Milk,coolant,death,1,0,53fc2aa4-9910-4f30-8573-76f088b6013f,same-article contextual hypothesis; causal edge is not explicit
Milk,coolant,hospitalising 15 persons,1,0,53fc2aa4-9910-4f30-8573-76f088b6013f,same-article contextual hypothesis; causal edge is not explicit
Ghee,animal fat,serious health risks,1,0,5fa4530c-d60b-48c1-b6b2-371abff6d77a,same-article contextual hypothesis; causal edge is not explicit
Ghee,vegetable oil/fat,nervous system dysfunction,1,0,67c4a0dd-5f32-4dde-b733-4a4a9e5dfafb,same-article contextual hypothesis; causal edge is not explicit
Ghee,fatty acid mono and diglycerides,nervous system dysfunction,1,0,67c4a0dd-5f32-4dde-b733-4a4a9e5dfafb,same-article contextual hypothesis; causal edge is not explicit
Ghee,fatty acid mono and diglycerides,cardiovascular disease,1,0,67c4a0dd-5f32-4dde-b733-4a4a9e5dfafb,same-article contextual hypothesis; causal edge is not explicit
Ghee,vanaspati,nervous system dysfunction,1,0,67c4a0dd-5f32-4dde-b733-4a4a9e5dfafb,same-article contextual hypothesis; causal edge is not explicit
Ghee,animal fat,nervous system dysfunction,1,0,67c4a0dd-5f32-4dde-b733-4a4a9e5dfafb,same-article contextual hypothesis; causal edge is not explicit
Ghee,soapstone,nervous system dysfunction,1,0,67c4a0dd-5f32-4dde-b733-4a4a9e5dfafb,same-article contextual hypothesis; causal edge is not explicit
Ghee,animal body fat,nervous system dysfunction,1,0,67c4a0dd-5f32-4dde-b733-4a4a9e5dfafb,same-article contextual hypothesis; causal edge is not explicit
Ghee,mashed potatoes,nervous system dysfunction,1,0,67c4a0dd-5f32-4dde-b733-4a4a9e5dfafb,same-article contextual hypothesis; causal edge is not explicit
Ghee,synthetic flavouring agents,nervous system dysfunction,1,0,67c4a0dd-5f32-4dde-b733-4a4a9e5dfafb,same-article contextual hypothesis; causal edge is not explicit
Ghee,starch,nervous system dysfunction,1,0,67c4a0dd-5f32-4dde-b733-4a4a9e5dfafb,same-article contextual hypothesis; causal edge is not explicit
Ghee,palm oil family,kidney damage,1,0,6901ef7b-f98a-4b3a-b622-85196fe10ffb,same-article contextual hypothesis; causal edge is not explicit
Ghee,palm oil family,neurological effects,1,0,6901ef7b-f98a-4b3a-b622-85196fe10ffb,same-article contextual hypothesis; causal edge is not explicit
Ghee,palm oil family,nausea,1,0,6901ef7b-f98a-4b3a-b622-85196fe10ffb,same-article contextual hypothesis; causal edge is not explicit
Ghee,palm oil family,diarrhoea,1,0,6901ef7b-f98a-4b3a-b622-85196fe10ffb,same-article contextual hypothesis; causal edge is not explicit
Ghee,palm oil family,skin rashes,1,0,6901ef7b-f98a-4b3a-b622-85196fe10ffb,same-article contextual hypothesis; causal edge is not explicit
Ghee,palm oil family,respiratory issues,1,0,6901ef7b-f98a-4b3a-b622-85196fe10ffb,same-article contextual hypothesis; causal edge is not explicit
Ghee,palm oil family,liver damage,1,0,6901ef7b-f98a-4b3a-b622-85196fe10ffb,same-article contextual hypothesis; causal edge is not explicit
Ghee,palm oil family,high blood pressure,1,0,6901ef7b-f98a-4b3a-b622-85196fe10ffb,same-article contextual hypothesis; causal edge is not explicit
Ghee,palm oil family,strokes,1,0,6901ef7b-f98a-4b3a-b622-85196fe10ffb,same-article contextual hypothesis; causal edge is not explicit
Ghee,palm oil family,malnutrition,1,0,6901ef7b-f98a-4b3a-b622-85196fe10ffb,same-article contextual hypothesis; causal edge is not explicit
Ghee,palm oil family,hormonal disorders,1,0,6901ef7b-f98a-4b3a-b622-85196fe10ffb,same-article contextual hypothesis; causal edge is not explicit
Ghee,palm oil family,thyroid imbalances,1,0,6901ef7b-f98a-4b3a-b622-85196fe10ffb,same-article contextual hypothesis; causal edge is not explicit
Ghee,animal fat,kidney damage,1,0,6901ef7b-f98a-4b3a-b622-85196fe10ffb,same-article contextual hypothesis; causal edge is not explicit
Ghee,animal fat,neurological effects,1,0,6901ef7b-f98a-4b3a-b622-85196fe10ffb,same-article contextual hypothesis; causal edge is not explicit
Ghee,animal fat,nausea,1,0,6901ef7b-f98a-4b3a-b622-85196fe10ffb,same-article contextual hypothesis; causal edge is not explicit
Ghee,animal fat,diarrhoea,1,0,6901ef7b-f98a-4b3a-b622-85196fe10ffb,same-article contextual hypothesis; causal edge is not explicit
Ghee,animal fat,skin rashes,1,0,6901ef7b-f98a-4b3a-b622-85196fe10ffb,same-article contextual hypothesis; causal edge is not explicit
Ghee,animal fat,liver damage,1,0,6901ef7b-f98a-4b3a-b622-85196fe10ffb,same-article contextual hypothesis; causal edge is not explicit
Ghee,animal fat,high blood pressure,1,0,6901ef7b-f98a-4b3a-b622-85196fe10ffb,same-article contextual hypothesis; causal edge is not explicit
Ghee,animal fat,strokes,1,0,6901ef7b-f98a-4b3a-b622-85196fe10ffb,same-article contextual hypothesis; causal edge is not explicit
Ghee,animal fat,malnutrition,1,0,6901ef7b-f98a-4b3a-b622-85196fe10ffb,same-article contextual hypothesis; causal edge is not explicit
Ghee,animal fat,hormonal disorders,1,0,6901ef7b-f98a-4b3a-b622-85196fe10ffb,same-article contextual hypothesis; causal edge is not explicit
Ghee,animal fat,thyroid imbalances,1,0,6901ef7b-f98a-4b3a-b622-85196fe10ffb,same-article contextual hypothesis; causal edge is not explicit
Ghee,paraffin wax,kidney damage,1,0,6901ef7b-f98a-4b3a-b622-85196fe10ffb,same-article contextual hypothesis; causal edge is not explicit
Ghee,paraffin wax,neurological effects,1,0,6901ef7b-f98a-4b3a-b622-85196fe10ffb,same-article contextual hypothesis; causal edge is not explicit
Ghee,paraffin wax,nausea,1,0,6901ef7b-f98a-4b3a-b622-85196fe10ffb,same-article contextual hypothesis; causal edge is not explicit
Ghee,paraffin wax,diarrhoea,1,0,6901ef7b-f98a-4b3a-b622-85196fe10ffb,same-article contextual hypothesis; causal edge is not explicit
Ghee,paraffin wax,skin rashes,1,0,6901ef7b-f98a-4b3a-b622-85196fe10ffb,same-article contextual hypothesis; causal edge is not explicit
Ghee,paraffin wax,respiratory issues,1,0,6901ef7b-f98a-4b3a-b622-85196fe10ffb,same-article contextual hypothesis; causal edge is not explicit
Ghee,paraffin wax,liver damage,1,0,6901ef7b-f98a-4b3a-b622-85196fe10ffb,same-article contextual hypothesis; causal edge is not explicit
Ghee,paraffin wax,cardiovascular disease,1,0,6901ef7b-f98a-4b3a-b622-85196fe10ffb,same-article contextual hypothesis; causal edge is not explicit
Ghee,paraffin wax,high blood pressure,1,0,6901ef7b-f98a-4b3a-b622-85196fe10ffb,same-article contextual hypothesis; causal edge is not explicit
Ghee,paraffin wax,strokes,1,0,6901ef7b-f98a-4b3a-b622-85196fe10ffb,same-article contextual hypothesis; causal edge is not explicit
Ghee,paraffin wax,malnutrition,1,0,6901ef7b-f98a-4b3a-b622-85196fe10ffb,same-article contextual hypothesis; causal edge is not explicit
Ghee,paraffin wax,hormonal disorders,1,0,6901ef7b-f98a-4b3a-b622-85196fe10ffb,same-article contextual hypothesis; causal edge is not explicit
Ghee,paraffin wax,thyroid imbalances,1,0,6901ef7b-f98a-4b3a-b622-85196fe10ffb,same-article contextual hypothesis; causal edge is not explicit
Ghee,detergent,kidney damage,1,0,6901ef7b-f98a-4b3a-b622-85196fe10ffb,same-article contextual hypothesis; causal edge is not explicit
Ghee,detergent,neurological effects,1,0,6901ef7b-f98a-4b3a-b622-85196fe10ffb,same-article contextual hypothesis; causal edge is not explicit
Ghee,detergent,nausea,1,0,6901ef7b-f98a-4b3a-b622-85196fe10ffb,same-article contextual hypothesis; causal edge is not explicit
Ghee,detergent,diarrhoea,1,0,6901ef7b-f98a-4b3a-b622-85196fe10ffb,same-article contextual hypothesis; causal edge is not explicit
Ghee,detergent,skin rashes,1,0,6901ef7b-f98a-4b3a-b622-85196fe10ffb,same-article contextual hypothesis; causal edge is not explicit
Ghee,detergent,respiratory issues,1,0,6901ef7b-f98a-4b3a-b622-85196fe10ffb,same-article contextual hypothesis; causal edge is not explicit
Ghee,detergent,liver damage,1,0,6901ef7b-f98a-4b3a-b622-85196fe10ffb,same-article contextual hypothesis; causal edge is not explicit
Ghee,detergent,cardiovascular disease,1,0,6901ef7b-f98a-4b3a-b622-85196fe10ffb,same-article contextual hypothesis; causal edge is not explicit
Ghee,detergent,high blood pressure,1,0,6901ef7b-f98a-4b3a-b622-85196fe10ffb,same-article contextual hypothesis; causal edge is not explicit
Ghee,detergent,strokes,1,0,6901ef7b-f98a-4b3a-b622-85196fe10ffb,same-article contextual hypothesis; causal edge is not explicit
Ghee,detergent,malnutrition,1,0,6901ef7b-f98a-4b3a-b622-85196fe10ffb,same-article contextual hypothesis; causal edge is not explicit
Ghee,detergent,hormonal disorders,1,0,6901ef7b-f98a-4b3a-b622-85196fe10ffb,same-article contextual hypothesis; causal edge is not explicit
Ghee,detergent,thyroid imbalances,1,0,6901ef7b-f98a-4b3a-b622-85196fe10ffb,same-article contextual hypothesis; causal edge is not explicit
Ghee,animal tallow,skin rashes,1,0,6901ef7b-f98a-4b3a-b622-85196fe10ffb,same-article contextual hypothesis; causal edge is not explicit
Ghee,animal tallow,respiratory issues,1,0,6901ef7b-f98a-4b3a-b622-85196fe10ffb,same-article contextual hypothesis; causal edge is not explicit
Ghee,animal tallow,liver damage,1,0,6901ef7b-f98a-4b3a-b622-85196fe10ffb,same-article contextual hypothesis; causal edge is not explicit
Ghee,animal tallow,cardiovascular disease,1,0,6901ef7b-f98a-4b3a-b622-85196fe10ffb,same-article contextual hypothesis; causal edge is not explicit
Ghee,animal tallow,high blood pressure,1,0,6901ef7b-f98a-4b3a-b622-85196fe10ffb,same-article contextual hypothesis; causal edge is not explicit
Ghee,animal tallow,strokes,1,0,6901ef7b-f98a-4b3a-b622-85196fe10ffb,same-article contextual hypothesis; causal edge is not explicit
Ghee,animal tallow,malnutrition,1,0,6901ef7b-f98a-4b3a-b622-85196fe10ffb,same-article contextual hypothesis; causal edge is not explicit
Ghee,animal tallow,hormonal disorders,1,0,6901ef7b-f98a-4b3a-b622-85196fe10ffb,same-article contextual hypothesis; causal edge is not explicit
Ghee,animal tallow,thyroid imbalances,1,0,6901ef7b-f98a-4b3a-b622-85196fe10ffb,same-article contextual hypothesis; causal edge is not explicit
Ghee,adulterant,kidney damage,1,0,6901ef7b-f98a-4b3a-b622-85196fe10ffb,same-article contextual hypothesis; causal edge is not explicit
Ghee,adulterant,neurological effects,1,0,6901ef7b-f98a-4b3a-b622-85196fe10ffb,same-article contextual hypothesis; causal edge is not explicit
Ghee,adulterant,nausea,1,0,6901ef7b-f98a-4b3a-b622-85196fe10ffb,same-article contextual hypothesis; causal edge is not explicit
Ghee,adulterant,diarrhoea,1,0,6901ef7b-f98a-4b3a-b622-85196fe10ffb,same-article contextual hypothesis; causal edge is not explicit
Ghee,adulterant,skin rashes,1,0,6901ef7b-f98a-4b3a-b622-85196fe10ffb,same-article contextual hypothesis; causal edge is not explicit
Ghee,adulterant,respiratory issues,1,0,6901ef7b-f98a-4b3a-b622-85196fe10ffb,same-article contextual hypothesis; causal edge is not explicit
Ghee,adulterant,liver damage,1,0,6901ef7b-f98a-4b3a-b622-85196fe10ffb,same-article contextual hypothesis; causal edge is not explicit
Ghee,adulterant,cardiovascular disease,1,0,6901ef7b-f98a-4b3a-b622-85196fe10ffb,same-article contextual hypothesis; causal edge is not explicit
Ghee,adulterant,high blood pressure,1,0,6901ef7b-f98a-4b3a-b622-85196fe10ffb,same-article contextual hypothesis; causal edge is not explicit
Ghee,adulterant,strokes,1,0,6901ef7b-f98a-4b3a-b622-85196fe10ffb,same-article contextual hypothesis; causal edge is not explicit
Ghee,adulterant,malnutrition,1,0,6901ef7b-f98a-4b3a-b622-85196fe10ffb,same-article contextual hypothesis; causal edge is not explicit
Ghee,adulterant,hormonal disorders,1,0,6901ef7b-f98a-4b3a-b622-85196fe10ffb,same-article contextual hypothesis; causal edge is not explicit
Ghee,adulterant,thyroid imbalances,1,0,6901ef7b-f98a-4b3a-b622-85196fe10ffb,same-article contextual hypothesis; causal edge is not explicit
Khoya/mawa,potato,harmful for health,1,0,69484d5a-63ba-4099-aa9b-77fa7ebc2c9f,same-article contextual hypothesis; causal edge is not explicit
Khoya/mawa,sweet potato,harmful for health,1,0,69484d5a-63ba-4099-aa9b-77fa7ebc2c9f,same-article contextual hypothesis; causal edge is not explicit
Khoya/mawa,milk powder,harmful for health,1,0,69484d5a-63ba-4099-aa9b-77fa7ebc2c9f,same-article contextual hypothesis; causal edge is not explicit
Mustard oil,palm oil family,harmful for health,1,0,69484d5a-63ba-4099-aa9b-77fa7ebc2c9f,same-article contextual hypothesis; causal edge is not explicit
tea,unknown green leaf or seed powder,harmful for health,1,0,6a2af143-a3af-4df6-aad9-5ad9f93be1b6,same-article contextual hypothesis; causal edge is not explicit
Ghee,cheap oils,serious health problems,1,0,747266ac-7152-4364-9073-fb35b101266c,same-article contextual hypothesis; causal edge is not explicit
Ghee,low quality substances,serious health problems,1,0,747266ac-7152-4364-9073-fb35b101266c,same-article contextual hypothesis; causal edge is not explicit
dairy products,low quality oils,serious health risk,1,0,747266ac-7152-4364-9073-fb35b101266c,same-article contextual hypothesis; causal edge is not explicit
dairy products,chemicals,serious health risk,1,0,747266ac-7152-4364-9073-fb35b101266c,same-article contextual hypothesis; causal edge is not explicit
biryani,rotten meat,diarrhoea,1,0,75e99df1-dce6-413d-a04b-ef5e325f770b,same-article contextual hypothesis; causal edge is not explicit
biryani,rotten meat,joint pain,1,0,75e99df1-dce6-413d-a04b-ef5e325f770b,same-article contextual hypothesis; causal edge is not explicit
biryani,rotten meat,ulcers,1,0,75e99df1-dce6-413d-a04b-ef5e325f770b,same-article contextual hypothesis; causal edge is not explicit
biryani,rotten meat,skin rashes,1,0,75e99df1-dce6-413d-a04b-ef5e325f770b,same-article contextual hypothesis; causal edge is not explicit
hot dishes,spoiled food items,diarrhoea,1,0,75e99df1-dce6-413d-a04b-ef5e325f770b,same-article contextual hypothesis; causal edge is not explicit
hot dishes,spoiled food items,joint pain,1,0,75e99df1-dce6-413d-a04b-ef5e325f770b,same-article contextual hypothesis; causal edge is not explicit
hot dishes,spoiled food items,ulcers,1,0,75e99df1-dce6-413d-a04b-ef5e325f770b,same-article contextual hypothesis; causal edge is not explicit
hot dishes,spoiled food items,skin rashes,1,0,75e99df1-dce6-413d-a04b-ef5e325f770b,same-article contextual hypothesis; causal edge is not explicit
mithai,starch,serious health risks,1,0,7984f772-8c6a-46cb-af36-a7df6ed37ecc,same-article contextual hypothesis; causal edge is not explicit
mithai,starch,hyperactivity in children,1,0,7984f772-8c6a-46cb-af36-a7df6ed37ecc,same-article contextual hypothesis; causal edge is not explicit
mithai,starch,allergic reaction,1,0,7984f772-8c6a-46cb-af36-a7df6ed37ecc,same-article contextual hypothesis; causal edge is not explicit
mithai,artificial dyes,serious health risks,1,0,7984f772-8c6a-46cb-af36-a7df6ed37ecc,same-article contextual hypothesis; causal edge is not explicit
mithai,artificial dyes,hyperactivity in children,1,0,7984f772-8c6a-46cb-af36-a7df6ed37ecc,same-article contextual hypothesis; causal edge is not explicit
mithai,metallic powders,serious health risks,1,0,7984f772-8c6a-46cb-af36-a7df6ed37ecc,same-article contextual hypothesis; causal edge is not explicit
mithai,metallic powders,hyperactivity in children,1,0,7984f772-8c6a-46cb-af36-a7df6ed37ecc,same-article contextual hypothesis; causal edge is not explicit
Ghee,vanaspati,organ damage,1,0,7984f772-8c6a-46cb-af36-a7df6ed37ecc,same-article contextual hypothesis; causal edge is not explicit
Ghee,vanaspati,hyperactivity in children,1,0,7984f772-8c6a-46cb-af36-a7df6ed37ecc,same-article contextual hypothesis; causal edge is not explicit
Khoya/mawa,starch,nausea,1,0,7984f772-8c6a-46cb-af36-a7df6ed37ecc,same-article contextual hypothesis; causal edge is not explicit
Khoya/mawa,starch,organ damage,1,0,7984f772-8c6a-46cb-af36-a7df6ed37ecc,same-article contextual hypothesis; causal edge is not explicit
Khoya/mawa,starch,hyperactivity in children,1,0,7984f772-8c6a-46cb-af36-a7df6ed37ecc,same-article contextual hypothesis; causal edge is not explicit
Khoya/mawa,detergent,organ damage,1,0,7984f772-8c6a-46cb-af36-a7df6ed37ecc,same-article contextual hypothesis; causal edge is not explicit
Khoya/mawa,detergent,hyperactivity in children,1,0,7984f772-8c6a-46cb-af36-a7df6ed37ecc,same-article contextual hypothesis; causal edge is not explicit
silver vark,aluminium foil,organ damage,1,0,7984f772-8c6a-46cb-af36-a7df6ed37ecc,same-article contextual hypothesis; causal edge is not explicit
silver vark,aluminium foil,serious health risks,1,0,7984f772-8c6a-46cb-af36-a7df6ed37ecc,same-article contextual hypothesis; causal edge is not explicit
Milk,water,organ damage,1,0,7984f772-8c6a-46cb-af36-a7df6ed37ecc,same-article contextual hypothesis; causal edge is not explicit
dry fruits,mineral oil,organ damage,1,0,7984f772-8c6a-46cb-af36-a7df6ed37ecc,same-article contextual hypothesis; causal edge is not explicit
dry fruits,mineral oil,serious health risks,1,0,7984f772-8c6a-46cb-af36-a7df6ed37ecc,same-article contextual hypothesis; causal edge is not explicit
dry fruits,mineral oil,hyperactivity in children,1,0,7984f772-8c6a-46cb-af36-a7df6ed37ecc,same-article contextual hypothesis; causal edge is not explicit
dry fruits,artificial colour,nausea,1,0,7984f772-8c6a-46cb-af36-a7df6ed37ecc,same-article contextual hypothesis; causal edge is not explicit
dry fruits,artificial colour,organ damage,1,0,7984f772-8c6a-46cb-af36-a7df6ed37ecc,same-article contextual hypothesis; causal edge is not explicit
dry fruits,artificial colour,serious health risks,1,0,7984f772-8c6a-46cb-af36-a7df6ed37ecc,same-article contextual hypothesis; causal edge is not explicit
dry fruits,artificial colour,digestive irritation,1,0,7984f772-8c6a-46cb-af36-a7df6ed37ecc,same-article contextual hypothesis; causal edge is not explicit
dry fruits,artificial colour,rashes,1,0,7984f772-8c6a-46cb-af36-a7df6ed37ecc,same-article contextual hypothesis; causal edge is not explicit
dry fruits,artificial colour,hyperactivity in children,1,0,7984f772-8c6a-46cb-af36-a7df6ed37ecc,same-article contextual hypothesis; causal edge is not explicit
Milk,adulterant,renal failure,1,0,7d796579-8acb-4851-a31f-526034bb0b78,same-article contextual hypothesis; causal edge is not explicit
Milk,adulterant,gastrointestinal disorders,1,0,7d796579-8acb-4851-a31f-526034bb0b78,same-article contextual hypothesis; causal edge is not explicit
Milk,unknown contaminant,gastrointestinal disorders,1,0,7d796579-8acb-4851-a31f-526034bb0b78,same-article contextual hypothesis; causal edge is not explicit
Milk,water,renal failure,1,0,7d796579-8acb-4851-a31f-526034bb0b78,same-article contextual hypothesis; causal edge is not explicit
Milk,pesticide residue,renal failure,1,0,7d796579-8acb-4851-a31f-526034bb0b78,same-article contextual hypothesis; causal edge is not explicit
Milk,heavy metals,renal failure,1,0,7d796579-8acb-4851-a31f-526034bb0b78,same-article contextual hypothesis; causal edge is not explicit
Milk,urea,renal failure,1,0,7d796579-8acb-4851-a31f-526034bb0b78,same-article contextual hypothesis; causal edge is not explicit
Milk,starch,renal failure,1,0,7d796579-8acb-4851-a31f-526034bb0b78,same-article contextual hypothesis; causal edge is not explicit
Milk,glucose,renal failure,1,0,7d796579-8acb-4851-a31f-526034bb0b78,same-article contextual hypothesis; causal edge is not explicit
Milk,formalin/formaldehyde,renal failure,1,0,7d796579-8acb-4851-a31f-526034bb0b78,same-article contextual hypothesis; causal edge is not explicit
Milk,hydrogen peroxide,renal failure,1,0,7d796579-8acb-4851-a31f-526034bb0b78,same-article contextual hypothesis; causal edge is not explicit
fish,mercury,cardiovascular disease,1,0,84b0a1fc-c258-4024-a387-a91e8d004707,same-article contextual hypothesis; causal edge is not explicit
fish,mercury,kidney damage,1,0,84b0a1fc-c258-4024-a387-a91e8d004707,same-article contextual hypothesis; causal edge is not explicit
fish,mercury,liver shrinkage,1,0,84b0a1fc-c258-4024-a387-a91e8d004707,same-article contextual hypothesis; causal edge is not explicit
fish,mercury,pancreas damage,1,0,84b0a1fc-c258-4024-a387-a91e8d004707,same-article contextual hypothesis; causal edge is not explicit
Ghee,trans fatty acids,cardiovascular disease,1,0,84b0a1fc-c258-4024-a387-a91e8d004707,same-article contextual hypothesis; causal edge is not explicit
Ghee,trans fatty acids,kidney damage,1,0,84b0a1fc-c258-4024-a387-a91e8d004707,same-article contextual hypothesis; causal edge is not explicit
Ghee,trans fatty acids,liver shrinkage,1,0,84b0a1fc-c258-4024-a387-a91e8d004707,same-article contextual hypothesis; causal edge is not explicit
vanaspati,trans fatty acids,cardiovascular disease,1,0,84b0a1fc-c258-4024-a387-a91e8d004707,same-article contextual hypothesis; causal edge is not explicit
vanaspati,trans fatty acids,kidney damage,1,0,84b0a1fc-c258-4024-a387-a91e8d004707,same-article contextual hypothesis; causal edge is not explicit
vanaspati,trans fatty acids,liver shrinkage,1,0,84b0a1fc-c258-4024-a387-a91e8d004707,same-article contextual hypothesis; causal edge is not explicit
Khoya/mawa,soap,gastrointestinal illness,1,0,8d207b3c-d7d6-4776-a05d-ec3f854e4f5e,same-article contextual hypothesis; causal edge is not explicit
Khoya/mawa,soap,allergic reaction,1,0,8d207b3c-d7d6-4776-a05d-ec3f854e4f5e,same-article contextual hypothesis; causal edge is not explicit
Khoya/mawa,soap,cancer/carcinogenicity,1,0,8d207b3c-d7d6-4776-a05d-ec3f854e4f5e,same-article contextual hypothesis; causal edge is not explicit
Khoya/mawa,washing soda,gastrointestinal illness,1,0,8d207b3c-d7d6-4776-a05d-ec3f854e4f5e,same-article contextual hypothesis; causal edge is not explicit
Khoya/mawa,washing soda,allergic reaction,1,0,8d207b3c-d7d6-4776-a05d-ec3f854e4f5e,same-article contextual hypothesis; causal edge is not explicit
Khoya/mawa,washing soda,cancer/carcinogenicity,1,0,8d207b3c-d7d6-4776-a05d-ec3f854e4f5e,same-article contextual hypothesis; causal edge is not explicit
Khoya/mawa,synthetic fat,gastrointestinal illness,1,0,8d207b3c-d7d6-4776-a05d-ec3f854e4f5e,same-article contextual hypothesis; causal edge is not explicit
Khoya/mawa,synthetic fat,allergic reaction,1,0,8d207b3c-d7d6-4776-a05d-ec3f854e4f5e,same-article contextual hypothesis; causal edge is not explicit
Khoya/mawa,synthetic fat,cancer/carcinogenicity,1,0,8d207b3c-d7d6-4776-a05d-ec3f854e4f5e,same-article contextual hypothesis; causal edge is not explicit
spice products,ethylene oxide,fflo acuteeffect,1,0,9368fe71-a18d-4580-8063-8e3f17e6cec9,same-article contextual hypothesis; causal edge is not explicit
spice products,ethylene oxide,fflo chroniceffect,1,0,9368fe71-a18d-4580-8063-8e3f17e6cec9,same-article contextual hypothesis; causal edge is not explicit
Ghee,fake ghee,health problems,1,0,944709d1-19c5-461e-a509-d35f5314cc8e,same-article contextual hypothesis; causal edge is not explicit
Khoya/mawa,starch,fflo chroniceffect,1,0,a13a5bbb-ff26-4e8f-9885-8a6280d5b070,same-article contextual hypothesis; causal edge is not explicit
Khoya/mawa,fungal contamination,fflo chroniceffect,1,0,a13a5bbb-ff26-4e8f-9885-8a6280d5b070,same-article contextual hypothesis; causal edge is not explicit
Edible/cooking oil,stale and hazardous cooking oil,long term health issues,1,0,ad0567c1-e472-4cb8-b0d9-b8305371eefd,same-article contextual hypothesis; causal edge is not explicit
Edible/cooking oil,stale and hazardous cooking oil,allergic reaction,1,0,ad0567c1-e472-4cb8-b0d9-b8305371eefd,same-article contextual hypothesis; causal edge is not explicit
Edible/cooking oil,stale and hazardous cooking oil,gastrointestinal infections,1,0,ad0567c1-e472-4cb8-b0d9-b8305371eefd,same-article contextual hypothesis; causal edge is not explicit
Edible/cooking oil,stale and hazardous cooking oil,serious illnesses affecting the liver,1,0,ad0567c1-e472-4cb8-b0d9-b8305371eefd,same-article contextual hypothesis; causal edge is not explicit
Cheese,vegetable oil/fat,long term health issues,1,0,ad0567c1-e472-4cb8-b0d9-b8305371eefd,same-article contextual hypothesis; causal edge is not explicit
Cheese,vegetable oil/fat,allergic reaction,1,0,ad0567c1-e472-4cb8-b0d9-b8305371eefd,same-article contextual hypothesis; causal edge is not explicit
Cheese,vegetable oil/fat,gastrointestinal infections,1,0,ad0567c1-e472-4cb8-b0d9-b8305371eefd,same-article contextual hypothesis; causal edge is not explicit
Cheese,vegetable oil/fat,serious illnesses affecting the liver,1,0,ad0567c1-e472-4cb8-b0d9-b8305371eefd,same-article contextual hypothesis; causal edge is not explicit
Paneer,skimmed milk,long term health issues,1,0,ad0567c1-e472-4cb8-b0d9-b8305371eefd,same-article contextual hypothesis; causal edge is not explicit
Paneer,skimmed milk,allergic reaction,1,0,ad0567c1-e472-4cb8-b0d9-b8305371eefd,same-article contextual hypothesis; causal edge is not explicit
Paneer,skimmed milk,gastrointestinal infections,1,0,ad0567c1-e472-4cb8-b0d9-b8305371eefd,same-article contextual hypothesis; causal edge is not explicit
Paneer,skimmed milk,serious illnesses affecting the liver,1,0,ad0567c1-e472-4cb8-b0d9-b8305371eefd,same-article contextual hypothesis; causal edge is not explicit
Mustard oil,palm oil family,cancer/carcinogenicity,1,0,af478a64-49c5-4253-b271-591bf8a3ce97,same-article contextual hypothesis; causal edge is not explicit
Mustard oil,cottonseed oil,cancer/carcinogenicity,1,0,af478a64-49c5-4253-b271-591bf8a3ce97,same-article contextual hypothesis; causal edge is not explicit
Mustard oil,argemone oil,cardiovascular disease,1,0,af478a64-49c5-4253-b271-591bf8a3ce97,same-article contextual hypothesis; causal edge is not explicit
Mustard oil,mineral oil,cardiovascular disease,1,0,af478a64-49c5-4253-b271-591bf8a3ce97,same-article contextual hypothesis; causal edge is not explicit
Mustard oil,karanja oil,cardiovascular disease,1,0,af478a64-49c5-4253-b271-591bf8a3ce97,same-article contextual hypothesis; causal edge is not explicit
Mustard oil,cyanide,cardiovascular disease,1,0,af478a64-49c5-4253-b271-591bf8a3ce97,same-article contextual hypothesis; causal edge is not explicit
Mustard oil,linseed oil,cardiovascular disease,1,0,af478a64-49c5-4253-b271-591bf8a3ce97,same-article contextual hypothesis; causal edge is not explicit
Ghee,synthetic substance,adverse human health effects,1,0,b4b614f7-a43d-4e57-9766-25f7fef90d68,same-article contextual hypothesis; causal edge is not explicit
tirumala laddus,synthetic substance,adverse human health effects,1,0,b4b614f7-a43d-4e57-9766-25f7fef90d68,same-article contextual hypothesis; causal edge is not explicit
Ghee,palm oil family,obstruction in the intestine,1,0,c8ddee14-df38-49aa-9d85-a7c6b34273a6,same-article contextual hypothesis; causal edge is not explicit
Ghee,palm oil family,gastrointestinal illness,1,0,c8ddee14-df38-49aa-9d85-a7c6b34273a6,same-article contextual hypothesis; causal edge is not explicit
Ghee,palm oil family,liver diseases,1,0,c8ddee14-df38-49aa-9d85-a7c6b34273a6,same-article contextual hypothesis; causal edge is not explicit
Ghee,palm oil family,skin diseases,1,0,c8ddee14-df38-49aa-9d85-a7c6b34273a6,same-article contextual hypothesis; causal edge is not explicit
Ghee,vanaspati,obstruction in the intestine,1,0,c8ddee14-df38-49aa-9d85-a7c6b34273a6,same-article contextual hypothesis; causal edge is not explicit
Ghee,vanaspati,liver diseases,1,0,c8ddee14-df38-49aa-9d85-a7c6b34273a6,same-article contextual hypothesis; causal edge is not explicit
Ghee,vanaspati,skin diseases,1,0,c8ddee14-df38-49aa-9d85-a7c6b34273a6,same-article contextual hypothesis; causal edge is not explicit
Ghee,yellow chemical colour,obstruction in the intestine,1,0,c8ddee14-df38-49aa-9d85-a7c6b34273a6,same-article contextual hypothesis; causal edge is not explicit
Ghee,yellow chemical colour,cancer/carcinogenicity,1,0,c8ddee14-df38-49aa-9d85-a7c6b34273a6,same-article contextual hypothesis; causal edge is not explicit
Ghee,yellow chemical colour,gastrointestinal illness,1,0,c8ddee14-df38-49aa-9d85-a7c6b34273a6,same-article contextual hypothesis; causal edge is not explicit
Ghee,yellow chemical colour,liver diseases,1,0,c8ddee14-df38-49aa-9d85-a7c6b34273a6,same-article contextual hypothesis; causal edge is not explicit
Ghee,yellow chemical colour,skin diseases,1,0,c8ddee14-df38-49aa-9d85-a7c6b34273a6,same-article contextual hypothesis; causal edge is not explicit
honey,water,obstruction in the intestine,1,0,c8ddee14-df38-49aa-9d85-a7c6b34273a6,same-article contextual hypothesis; causal edge is not explicit
honey,water,cancer/carcinogenicity,1,0,c8ddee14-df38-49aa-9d85-a7c6b34273a6,same-article contextual hypothesis; causal edge is not explicit
honey,water,gastrointestinal illness,1,0,c8ddee14-df38-49aa-9d85-a7c6b34273a6,same-article contextual hypothesis; causal edge is not explicit
honey,water,liver diseases,1,0,c8ddee14-df38-49aa-9d85-a7c6b34273a6,same-article contextual hypothesis; causal edge is not explicit
honey,water,skin diseases,1,0,c8ddee14-df38-49aa-9d85-a7c6b34273a6,same-article contextual hypothesis; causal edge is not explicit
honey,sugar,obstruction in the intestine,1,0,c8ddee14-df38-49aa-9d85-a7c6b34273a6,same-article contextual hypothesis; causal edge is not explicit
honey,sugar,cancer/carcinogenicity,1,0,c8ddee14-df38-49aa-9d85-a7c6b34273a6,same-article contextual hypothesis; causal edge is not explicit
honey,sugar,gastrointestinal illness,1,0,c8ddee14-df38-49aa-9d85-a7c6b34273a6,same-article contextual hypothesis; causal edge is not explicit
honey,sugar,liver diseases,1,0,c8ddee14-df38-49aa-9d85-a7c6b34273a6,same-article contextual hypothesis; causal edge is not explicit
honey,sugar,skin diseases,1,0,c8ddee14-df38-49aa-9d85-a7c6b34273a6,same-article contextual hypothesis; causal edge is not explicit
honey,chemical colour,obstruction in the intestine,1,0,c8ddee14-df38-49aa-9d85-a7c6b34273a6,same-article contextual hypothesis; causal edge is not explicit
honey,chemical colour,cancer/carcinogenicity,1,0,c8ddee14-df38-49aa-9d85-a7c6b34273a6,same-article contextual hypothesis; causal edge is not explicit
honey,chemical colour,gastrointestinal illness,1,0,c8ddee14-df38-49aa-9d85-a7c6b34273a6,same-article contextual hypothesis; causal edge is not explicit
honey,chemical colour,liver diseases,1,0,c8ddee14-df38-49aa-9d85-a7c6b34273a6,same-article contextual hypothesis; causal edge is not explicit
honey,chemical colour,skin diseases,1,0,c8ddee14-df38-49aa-9d85-a7c6b34273a6,same-article contextual hypothesis; causal edge is not explicit
turmeric powder,waste rice powder,obstruction in the intestine,1,0,c8ddee14-df38-49aa-9d85-a7c6b34273a6,same-article contextual hypothesis; causal edge is not explicit
turmeric powder,waste rice powder,cancer/carcinogenicity,1,0,c8ddee14-df38-49aa-9d85-a7c6b34273a6,same-article contextual hypothesis; causal edge is not explicit
turmeric powder,waste rice powder,gastrointestinal illness,1,0,c8ddee14-df38-49aa-9d85-a7c6b34273a6,same-article contextual hypothesis; causal edge is not explicit
turmeric powder,waste rice powder,liver diseases,1,0,c8ddee14-df38-49aa-9d85-a7c6b34273a6,same-article contextual hypothesis; causal edge is not explicit
turmeric powder,waste rice powder,skin diseases,1,0,c8ddee14-df38-49aa-9d85-a7c6b34273a6,same-article contextual hypothesis; causal edge is not explicit
turmeric powder,non edible synthetic yellow colour,obstruction in the intestine,1,0,c8ddee14-df38-49aa-9d85-a7c6b34273a6,same-article contextual hypothesis; causal edge is not explicit
turmeric powder,non edible synthetic yellow colour,cancer/carcinogenicity,1,0,c8ddee14-df38-49aa-9d85-a7c6b34273a6,same-article contextual hypothesis; causal edge is not explicit
turmeric powder,non edible synthetic yellow colour,gastrointestinal illness,1,0,c8ddee14-df38-49aa-9d85-a7c6b34273a6,same-article contextual hypothesis; causal edge is not explicit
turmeric powder,non edible synthetic yellow colour,liver diseases,1,0,c8ddee14-df38-49aa-9d85-a7c6b34273a6,same-article contextual hypothesis; causal edge is not explicit
turmeric powder,non edible synthetic yellow colour,skin diseases,1,0,c8ddee14-df38-49aa-9d85-a7c6b34273a6,same-article contextual hypothesis; causal edge is not explicit
soya chunks,ammonium bicarbonate,obstruction in the intestine,1,0,c8ddee14-df38-49aa-9d85-a7c6b34273a6,same-article contextual hypothesis; causal edge is not explicit
soya chunks,ammonium bicarbonate,cancer/carcinogenicity,1,0,c8ddee14-df38-49aa-9d85-a7c6b34273a6,same-article contextual hypothesis; causal edge is not explicit
soya chunks,ammonium bicarbonate,gastrointestinal illness,1,0,c8ddee14-df38-49aa-9d85-a7c6b34273a6,same-article contextual hypothesis; causal edge is not explicit
soya chunks,ammonium bicarbonate,liver diseases,1,0,c8ddee14-df38-49aa-9d85-a7c6b34273a6,same-article contextual hypothesis; causal edge is not explicit
soya chunks,ammonium bicarbonate,skin diseases,1,0,c8ddee14-df38-49aa-9d85-a7c6b34273a6,same-article contextual hypothesis; causal edge is not explicit
chilli powder,aniline dyes,obstruction in the intestine,1,0,c8ddee14-df38-49aa-9d85-a7c6b34273a6,same-article contextual hypothesis; causal edge is not explicit
chilli powder,aniline dyes,cancer/carcinogenicity,1,0,c8ddee14-df38-49aa-9d85-a7c6b34273a6,same-article contextual hypothesis; causal edge is not explicit
chilli powder,aniline dyes,gastrointestinal illness,1,0,c8ddee14-df38-49aa-9d85-a7c6b34273a6,same-article contextual hypothesis; causal edge is not explicit
chilli powder,aniline dyes,liver diseases,1,0,c8ddee14-df38-49aa-9d85-a7c6b34273a6,same-article contextual hypothesis; causal edge is not explicit
chilli powder,aniline dyes,skin diseases,1,0,c8ddee14-df38-49aa-9d85-a7c6b34273a6,same-article contextual hypothesis; causal edge is not explicit
Ghee,vanaspati,high cholesterol levels,1,0,d11fa038-1162-4d93-9df5-6d5b35b8628b,same-article contextual hypothesis; causal edge is not explicit
Ghee,vanaspati,elevated blood pressure,1,0,d11fa038-1162-4d93-9df5-6d5b35b8628b,same-article contextual hypothesis; causal edge is not explicit
Ghee,vanaspati,bloating,1,0,d11fa038-1162-4d93-9df5-6d5b35b8628b,same-article contextual hypothesis; causal edge is not explicit
Ghee,vanaspati,stomach discomfort,1,0,d11fa038-1162-4d93-9df5-6d5b35b8628b,same-article contextual hypothesis; causal edge is not explicit
Ghee,vanaspati,chronic inflammation,1,0,d11fa038-1162-4d93-9df5-6d5b35b8628b,same-article contextual hypothesis; causal edge is not explicit
Ghee,vanaspati,oxidative stress,1,0,d11fa038-1162-4d93-9df5-6d5b35b8628b,same-article contextual hypothesis; causal edge is not explicit
Ghee,vegetable oil/fat,obesity,1,0,d11fa038-1162-4d93-9df5-6d5b35b8628b,same-article contextual hypothesis; causal edge is not explicit
Ghee,vegetable oil/fat,high cholesterol levels,1,0,d11fa038-1162-4d93-9df5-6d5b35b8628b,same-article contextual hypothesis; causal edge is not explicit
Ghee,vegetable oil/fat,elevated blood pressure,1,0,d11fa038-1162-4d93-9df5-6d5b35b8628b,same-article contextual hypothesis; causal edge is not explicit
Ghee,vegetable oil/fat,bloating,1,0,d11fa038-1162-4d93-9df5-6d5b35b8628b,same-article contextual hypothesis; causal edge is not explicit
Ghee,vegetable oil/fat,stomach discomfort,1,0,d11fa038-1162-4d93-9df5-6d5b35b8628b,same-article contextual hypothesis; causal edge is not explicit
Ghee,vegetable oil/fat,chronic inflammation,1,0,d11fa038-1162-4d93-9df5-6d5b35b8628b,same-article contextual hypothesis; causal edge is not explicit
Ghee,vegetable oil/fat,oxidative stress,1,0,d11fa038-1162-4d93-9df5-6d5b35b8628b,same-article contextual hypothesis; causal edge is not explicit
Ghee,animal fat,high cholesterol levels,1,0,d11fa038-1162-4d93-9df5-6d5b35b8628b,same-article contextual hypothesis; causal edge is not explicit
Ghee,animal fat,elevated blood pressure,1,0,d11fa038-1162-4d93-9df5-6d5b35b8628b,same-article contextual hypothesis; causal edge is not explicit
Ghee,animal fat,bloating,1,0,d11fa038-1162-4d93-9df5-6d5b35b8628b,same-article contextual hypothesis; causal edge is not explicit
Ghee,animal fat,stomach discomfort,1,0,d11fa038-1162-4d93-9df5-6d5b35b8628b,same-article contextual hypothesis; causal edge is not explicit
Ghee,animal fat,chronic inflammation,1,0,d11fa038-1162-4d93-9df5-6d5b35b8628b,same-article contextual hypothesis; causal edge is not explicit
Ghee,animal fat,oxidative stress,1,0,d11fa038-1162-4d93-9df5-6d5b35b8628b,same-article contextual hypothesis; causal edge is not explicit
Ghee,palm oil family,obesity,1,0,d11fa038-1162-4d93-9df5-6d5b35b8628b,same-article contextual hypothesis; causal edge is not explicit
Ghee,palm oil family,high cholesterol levels,1,0,d11fa038-1162-4d93-9df5-6d5b35b8628b,same-article contextual hypothesis; causal edge is not explicit
Ghee,palm oil family,elevated blood pressure,1,0,d11fa038-1162-4d93-9df5-6d5b35b8628b,same-article contextual hypothesis; causal edge is not explicit
Ghee,palm oil family,bloating,1,0,d11fa038-1162-4d93-9df5-6d5b35b8628b,same-article contextual hypothesis; causal edge is not explicit
Ghee,palm oil family,stomach discomfort,1,0,d11fa038-1162-4d93-9df5-6d5b35b8628b,same-article contextual hypothesis; causal edge is not explicit
Ghee,palm oil family,chronic inflammation,1,0,d11fa038-1162-4d93-9df5-6d5b35b8628b,same-article contextual hypothesis; causal edge is not explicit
Ghee,palm oil family,oxidative stress,1,0,d11fa038-1162-4d93-9df5-6d5b35b8628b,same-article contextual hypothesis; causal edge is not explicit
Ghee,animal fat,acuteeffect,1,0,d315d00d-a3eb-4c0f-9554-c1395585910f,same-article contextual hypothesis; causal edge is not explicit
adulterated food,contaminated ingredients,cancer/carcinogenicity,1,0,ea51c75b-4b85-48fb-bbb7-8fde23c110aa,same-article contextual hypothesis; causal edge is not explicit
osmania biscuits,unspecified adulterant,cancer/carcinogenicity,1,0,ea51c75b-4b85-48fb-bbb7-8fde23c110aa,same-article contextual hypothesis; causal edge is not explicit
ginger garlic paste,concentrated citric acid,cancer/carcinogenicity,1,0,ea51c75b-4b85-48fb-bbb7-8fde23c110aa,same-article contextual hypothesis; causal edge is not explicit
ginger garlic paste,xanthan gum,cancer/carcinogenicity,1,0,ea51c75b-4b85-48fb-bbb7-8fde23c110aa,same-article contextual hypothesis; causal edge is not explicit
ginger garlic paste,low quality waste,cancer/carcinogenicity,1,0,ea51c75b-4b85-48fb-bbb7-8fde23c110aa,same-article contextual hypothesis; causal edge is not explicit
srivari laddu,palm oil family,public health risks,1,0,f1ba13f7-7414-47ce-9df3-a6aa0902c1b9,same-article contextual hypothesis; causal edge is not explicit
Ghee,palm oil family,public health risks,1,0,f1ba13f7-7414-47ce-9df3-a6aa0902c1b9,same-article contextual hypothesis; causal edge is not explicit
Tirupati laddu,animal fat,public health risks,1,0,f1ba13f7-7414-47ce-9df3-a6aa0902c1b9,same-article contextual hypothesis; causal edge is not explicit
Khoya/mawa,synthetic milk,stomach pain and loose motions,1,0,f3307bb9-ecd5-4da7-ab4d-7da66a93aee4,same-article contextual hypothesis; causal edge is not explicit
Khoya/mawa,artificial ingredients,stomach pain and loose motions,1,0,f3307bb9-ecd5-4da7-ab4d-7da66a93aee4,same-article contextual hypothesis; causal edge is not explicit
Khoya/mawa,palm oil family,fall sick,1,0,f3307bb9-ecd5-4da7-ab4d-7da66a93aee4,same-article contextual hypothesis; causal edge is not explicit
Khoya/mawa,starch,fall sick,1,0,f3307bb9-ecd5-4da7-ab4d-7da66a93aee4,same-article contextual hypothesis; causal edge is not explicit
Khoya/mawa,synthetic materials,fall sick,1,0,f3307bb9-ecd5-4da7-ab4d-7da66a93aee4,same-article contextual hypothesis; causal edge is not explicit
Ghee,refined oil,clogs arteries,1,0,f392755d-eeca-465c-a865-90cda923db62,same-article contextual hypothesis; causal edge is not explicit
Ghee,refined oil,raises bad cholesterol,1,0,f392755d-eeca-465c-a865-90cda923db62,same-article contextual hypothesis; causal edge is not explicit
Ghee,synthetic essences,clogs arteries,1,0,f392755d-eeca-465c-a865-90cda923db62,same-article contextual hypothesis; causal edge is not explicit
Ghee,synthetic essences,raises bad cholesterol,1,0,f392755d-eeca-465c-a865-90cda923db62,same-article contextual hypothesis; causal edge is not explicit
Ghee,yellow colouring,clogs arteries,1,0,f392755d-eeca-465c-a865-90cda923db62,same-article contextual hypothesis; causal edge is not explicit
Ghee,yellow colouring,raises bad cholesterol,1,0,f392755d-eeca-465c-a865-90cda923db62,same-article contextual hypothesis; causal edge is not explicit
Ghee,ghee essence,clogs arteries,1,0,f392755d-eeca-465c-a865-90cda923db62,same-article contextual hypothesis; causal edge is not explicit
Ghee,ghee essence,raises bad cholesterol,1,0,f392755d-eeca-465c-a865-90cda923db62,same-article contextual hypothesis; causal edge is not explicit
Milk,adulterants,renal failure,1,0,milk-00089bb042950158,same-article contextual hypothesis; causal edge is not explicit
Milk,adulterants,anuria,1,0,milk-00089bb042950158,same-article contextual hypothesis; causal edge is not explicit
Milk,adulterants,vomiting,1,0,milk-00089bb042950158,same-article contextual hypothesis; causal edge is not explicit
Cheese,escherichia coli,gastrointestinal illness,1,0,milk-0c708ad8d1a7a258,same-article contextual hypothesis; causal edge is not explicit
Cheese,escherichia coli,kidney damage,1,0,milk-0c708ad8d1a7a258,same-article contextual hypothesis; causal edge is not explicit
Cheese,escherichia coli,diarrhoea,1,0,milk-0c708ad8d1a7a258,same-article contextual hypothesis; causal edge is not explicit
Cheese,escherichia coli,stomach pain,1,0,milk-0c708ad8d1a7a258,same-article contextual hypothesis; causal edge is not explicit
Cheese,escherichia coli,hemolytic uremic syndrome,1,0,milk-0c708ad8d1a7a258,same-article contextual hypothesis; causal edge is not explicit
Cheese,escherichia coli,vomiting,1,0,milk-0c708ad8d1a7a258,same-article contextual hypothesis; causal edge is not explicit
Cheese,escherichia coli,low fever,1,0,milk-0c708ad8d1a7a258,same-article contextual hypothesis; causal edge is not explicit
Cheese,escherichia coli,uti,1,0,milk-0c708ad8d1a7a258,same-article contextual hypothesis; causal edge is not explicit
Cheese,escherichia coli,toxic megacolon,1,0,milk-0c708ad8d1a7a258,same-article contextual hypothesis; causal edge is not explicit
watermelon,salmonella,fflo acuteeffect,1,0,milk-106bb95902835ba4,same-article contextual hypothesis; causal edge is not explicit
watermelon,e coli,fflo acuteeffect,1,0,milk-106bb95902835ba4,same-article contextual hypothesis; causal edge is not explicit
buckwheat flour,contaminant,food poisoning,1,0,milk-11fd11fddaf917f6,same-article contextual hypothesis; causal edge is not explicit
Milk,dioxins,bloating,1,0,milk-128a72609a921d42,same-article contextual hypothesis; causal edge is not explicit
Milk,dioxins,reduced digestion capacity,1,0,milk-128a72609a921d42,same-article contextual hypothesis; causal edge is not explicit
Curd/yoghurt,ethylene glycol,fflo acuteeffect,1,0,milk-16230efeb01fc650,same-article contextual hypothesis; causal edge is not explicit
Paneer,water,food poisoning,1,0,milk-18cbe2e91f8e5d65,same-article contextual hypothesis; causal edge is not explicit
Paneer,water,allergic reaction,1,0,milk-18cbe2e91f8e5d65,same-article contextual hypothesis; causal edge is not explicit
tea powder,coconut shell powder,jaundice,1,0,milk-1bc3850cd2e7f314,same-article contextual hypothesis; causal edge is not explicit
tea powder,coconut shell powder,typhoid,1,0,milk-1bc3850cd2e7f314,same-article contextual hypothesis; causal edge is not explicit
tea powder,coconut shell powder,allergic reaction,1,0,milk-1bc3850cd2e7f314,same-article contextual hypothesis; causal edge is not explicit
tea powder,coconut shell powder,cancer/carcinogenicity,1,0,milk-1bc3850cd2e7f314,same-article contextual hypothesis; causal edge is not explicit
tea powder,coconut shell powder,fflo acuteeffect,1,0,milk-1bc3850cd2e7f314,same-article contextual hypothesis; causal edge is not explicit
tea powder,sunset yellow,jaundice,1,0,milk-1bc3850cd2e7f314,same-article contextual hypothesis; causal edge is not explicit
tea powder,sunset yellow,typhoid,1,0,milk-1bc3850cd2e7f314,same-article contextual hypothesis; causal edge is not explicit
tea powder,sunset yellow,allergic reaction,1,0,milk-1bc3850cd2e7f314,same-article contextual hypothesis; causal edge is not explicit
tea powder,sunset yellow,cancer/carcinogenicity,1,0,milk-1bc3850cd2e7f314,same-article contextual hypothesis; causal edge is not explicit
tea powder,sunset yellow,fflo acuteeffect,1,0,milk-1bc3850cd2e7f314,same-article contextual hypothesis; causal edge is not explicit
tea powder,tartrazine,jaundice,1,0,milk-1bc3850cd2e7f314,same-article contextual hypothesis; causal edge is not explicit
tea powder,tartrazine,typhoid,1,0,milk-1bc3850cd2e7f314,same-article contextual hypothesis; causal edge is not explicit
tea powder,tartrazine,allergic reaction,1,0,milk-1bc3850cd2e7f314,same-article contextual hypothesis; causal edge is not explicit
tea powder,tartrazine,cancer/carcinogenicity,1,0,milk-1bc3850cd2e7f314,same-article contextual hypothesis; causal edge is not explicit
tea powder,tartrazine,fflo acuteeffect,1,0,milk-1bc3850cd2e7f314,same-article contextual hypothesis; causal edge is not explicit
tea powder,toxic chemical essence,jaundice,1,0,milk-1bc3850cd2e7f314,same-article contextual hypothesis; causal edge is not explicit
tea powder,toxic chemical essence,typhoid,1,0,milk-1bc3850cd2e7f314,same-article contextual hypothesis; causal edge is not explicit
tea powder,toxic chemical essence,allergic reaction,1,0,milk-1bc3850cd2e7f314,same-article contextual hypothesis; causal edge is not explicit
tea powder,toxic chemical essence,cancer/carcinogenicity,1,0,milk-1bc3850cd2e7f314,same-article contextual hypothesis; causal edge is not explicit
tea powder,toxic chemical essence,fflo acuteeffect,1,0,milk-1bc3850cd2e7f314,same-article contextual hypothesis; causal edge is not explicit
mithais,synthetic dyes,hepatitis a,1,0,milk-23a41dc5e4dfc0cc,same-article contextual hypothesis; causal edge is not explicit
mithais,synthetic dyes,acute diarrhoeal illness,1,0,milk-23a41dc5e4dfc0cc,same-article contextual hypothesis; causal edge is not explicit
mithais,synthetic dyes,dehydration,1,0,milk-23a41dc5e4dfc0cc,same-article contextual hypothesis; causal edge is not explicit
Milk,salmonella,dehydration,1,0,milk-23a41dc5e4dfc0cc,same-article contextual hypothesis; causal edge is not explicit
Milk,shigella dysenteriae,dehydration,1,0,milk-23a41dc5e4dfc0cc,same-article contextual hypothesis; causal edge is not explicit
honey,high fructose corn syrup,adverse effects on health,1,0,milk-276ea065de599828,same-article contextual hypothesis; causal edge is not explicit
honey,rice syrup,adverse effects on health,1,0,milk-276ea065de599828,same-article contextual hypothesis; causal edge is not explicit
honey,corn syrup,adverse effects on health,1,0,milk-276ea065de599828,same-article contextual hypothesis; causal edge is not explicit
honey,sugarcane syrup,adverse effects on health,1,0,milk-276ea065de599828,same-article contextual hypothesis; causal edge is not explicit
honey,beetroot syrup,adverse effects on health,1,0,milk-276ea065de599828,same-article contextual hypothesis; causal edge is not explicit
honey,advanced syrups,adverse effects on health,1,0,milk-276ea065de599828,same-article contextual hypothesis; causal edge is not explicit
honey,advanced syrups,increases sugar level in the body,1,0,milk-276ea065de599828,same-article contextual hypothesis; causal edge is not explicit
chilli gobi,non permitted colouring agents,storing prepared food and raw materials together,1,0,milk-27e4da543cad4a03,same-article contextual hypothesis; causal edge is not explicit
chilli gobi,non permitted colouring agents,typhoid,1,0,milk-27e4da543cad4a03,same-article contextual hypothesis; causal edge is not explicit
chilli gobi,non permitted colouring agents,non typhoidal salmonellosis,1,0,milk-27e4da543cad4a03,same-article contextual hypothesis; causal edge is not explicit
chilli gobi,non permitted colouring agents,fflo acuteeffect,1,0,milk-27e4da543cad4a03,same-article contextual hypothesis; causal edge is not explicit
chilli gobi,non permitted colouring agents,gastrointestinal illness,1,0,milk-27e4da543cad4a03,same-article contextual hypothesis; causal edge is not explicit
chilli gobi,non permitted colouring agents,typhoid fever,1,0,milk-27e4da543cad4a03,same-article contextual hypothesis; causal edge is not explicit
chilli gobi,non permitted colouring agents,diarrhoea,1,0,milk-27e4da543cad4a03,same-article contextual hypothesis; causal edge is not explicit
chilli gobi,non permitted colouring agents,viral enteritis,1,0,milk-27e4da543cad4a03,same-article contextual hypothesis; causal edge is not explicit
chilli gobi,non permitted colouring agents,obesity,1,0,milk-27e4da543cad4a03,same-article contextual hypothesis; causal edge is not explicit
chicken,non permitted colouring agents,storing prepared food and raw materials together,1,0,milk-27e4da543cad4a03,same-article contextual hypothesis; causal edge is not explicit
chicken,non permitted colouring agents,typhoid,1,0,milk-27e4da543cad4a03,same-article contextual hypothesis; causal edge is not explicit
chicken,non permitted colouring agents,non typhoidal salmonellosis,1,0,milk-27e4da543cad4a03,same-article contextual hypothesis; causal edge is not explicit
chicken,non permitted colouring agents,fflo acuteeffect,1,0,milk-27e4da543cad4a03,same-article contextual hypothesis; causal edge is not explicit
chicken,non permitted colouring agents,gastrointestinal illness,1,0,milk-27e4da543cad4a03,same-article contextual hypothesis; causal edge is not explicit
chicken,non permitted colouring agents,typhoid fever,1,0,milk-27e4da543cad4a03,same-article contextual hypothesis; causal edge is not explicit
chicken,non permitted colouring agents,diarrhoea,1,0,milk-27e4da543cad4a03,same-article contextual hypothesis; causal edge is not explicit
chicken,non permitted colouring agents,viral enteritis,1,0,milk-27e4da543cad4a03,same-article contextual hypothesis; causal edge is not explicit
chicken,non permitted colouring agents,obesity,1,0,milk-27e4da543cad4a03,same-article contextual hypothesis; causal edge is not explicit
gobi manchurian,unapproved colours,storing prepared food and raw materials together,1,0,milk-27e4da543cad4a03,same-article contextual hypothesis; causal edge is not explicit
gobi manchurian,unapproved colours,fflo acuteeffect,1,0,milk-27e4da543cad4a03,same-article contextual hypothesis; causal edge is not explicit
gobi manchurian,unapproved colours,gastrointestinal illness,1,0,milk-27e4da543cad4a03,same-article contextual hypothesis; causal edge is not explicit
gobi manchurian,unapproved colours,typhoid fever,1,0,milk-27e4da543cad4a03,same-article contextual hypothesis; causal edge is not explicit
gobi manchurian,unapproved colours,diarrhoea,1,0,milk-27e4da543cad4a03,same-article contextual hypothesis; causal edge is not explicit
gobi manchurian,unapproved colours,viral enteritis,1,0,milk-27e4da543cad4a03,same-article contextual hypothesis; causal edge is not explicit
gobi manchurian,unapproved colours,obesity,1,0,milk-27e4da543cad4a03,same-article contextual hypothesis; causal edge is not explicit
chicken manchurian,unapproved colours,storing prepared food and raw materials together,1,0,milk-27e4da543cad4a03,same-article contextual hypothesis; causal edge is not explicit
chicken manchurian,unapproved colours,fflo acuteeffect,1,0,milk-27e4da543cad4a03,same-article contextual hypothesis; causal edge is not explicit
chicken manchurian,unapproved colours,gastrointestinal illness,1,0,milk-27e4da543cad4a03,same-article contextual hypothesis; causal edge is not explicit
chicken manchurian,unapproved colours,typhoid fever,1,0,milk-27e4da543cad4a03,same-article contextual hypothesis; causal edge is not explicit
chicken manchurian,unapproved colours,diarrhoea,1,0,milk-27e4da543cad4a03,same-article contextual hypothesis; causal edge is not explicit
chicken manchurian,unapproved colours,viral enteritis,1,0,milk-27e4da543cad4a03,same-article contextual hypothesis; causal edge is not explicit
chicken manchurian,unapproved colours,obesity,1,0,milk-27e4da543cad4a03,same-article contextual hypothesis; causal edge is not explicit
baby food,lead,cancer/carcinogenicity,1,0,milk-29425e997318adaa,same-article contextual hypothesis; causal edge is not explicit
rice cereal,arsenic,behavioral changes,1,0,milk-29425e997318adaa,same-article contextual hypothesis; causal edge is not explicit
rice cereal,arsenic,iq reduction,1,0,milk-29425e997318adaa,same-article contextual hypothesis; causal edge is not explicit
mashed sweet potatoes,lead,cancer/carcinogenicity,1,0,milk-29425e997318adaa,same-article contextual hypothesis; causal edge is not explicit
leafy greens,heavy metals,behavioral changes,1,0,milk-29425e997318adaa,same-article contextual hypothesis; causal edge is not explicit
leafy greens,heavy metals,iq reduction,1,0,milk-29425e997318adaa,same-article contextual hypothesis; causal edge is not explicit
leafy greens,heavy metals,cancer/carcinogenicity,1,0,milk-29425e997318adaa,same-article contextual hypothesis; causal edge is not explicit
baby food,heavy metals,behavioral changes,1,0,milk-29425e997318adaa,same-article contextual hypothesis; causal edge is not explicit
baby food,heavy metals,iq reduction,1,0,milk-29425e997318adaa,same-article contextual hypothesis; causal edge is not explicit
baby food,heavy metals,cancer/carcinogenicity,1,0,milk-29425e997318adaa,same-article contextual hypothesis; causal edge is not explicit
Milk,starch,fflo acuteeffect,1,0,milk-2d4c6eb27aa0b942,same-article contextual hypothesis; causal edge is not explicit
Milk,caustic soda,fflo acuteeffect,1,0,milk-2d4c6eb27aa0b942,same-article contextual hypothesis; causal edge is not explicit
Milk,caustic soda,kidney damage,1,0,milk-2d4c6eb27aa0b942,same-article contextual hypothesis; causal edge is not explicit
Milk,caustic soda,liver damage,1,0,milk-2d4c6eb27aa0b942,same-article contextual hypothesis; causal edge is not explicit
Milk,formalin/formaldehyde,fflo acuteeffect,1,0,milk-2d4c6eb27aa0b942,same-article contextual hypothesis; causal edge is not explicit
Milk,formalin/formaldehyde,cancer/carcinogenicity,1,0,milk-2d4c6eb27aa0b942,same-article contextual hypothesis; causal edge is not explicit
Milk,formalin/formaldehyde,liver damage,1,0,milk-2d4c6eb27aa0b942,same-article contextual hypothesis; causal edge is not explicit
Paneer,detergent,fflo acuteeffect,1,0,milk-2d4c6eb27aa0b942,same-article contextual hypothesis; causal edge is not explicit
Curd/yoghurt,detergent,fflo acuteeffect,1,0,milk-2d4c6eb27aa0b942,same-article contextual hypothesis; causal edge is not explicit
Curd/yoghurt,detergent,cancer/carcinogenicity,1,0,milk-2d4c6eb27aa0b942,same-article contextual hypothesis; causal edge is not explicit
Curd/yoghurt,detergent,kidney damage,1,0,milk-2d4c6eb27aa0b942,same-article contextual hypothesis; causal edge is not explicit
Curd/yoghurt,detergent,liver damage,1,0,milk-2d4c6eb27aa0b942,same-article contextual hypothesis; causal edge is not explicit
sweets,detergent,fflo acuteeffect,1,0,milk-2d4c6eb27aa0b942,same-article contextual hypothesis; causal edge is not explicit
sweets,detergent,cancer/carcinogenicity,1,0,milk-2d4c6eb27aa0b942,same-article contextual hypothesis; causal edge is not explicit
sweets,detergent,kidney damage,1,0,milk-2d4c6eb27aa0b942,same-article contextual hypothesis; causal edge is not explicit
sweets,detergent,liver damage,1,0,milk-2d4c6eb27aa0b942,same-article contextual hypothesis; causal edge is not explicit
fish,formalin/formaldehyde,fflo acuteeffect,1,0,milk-2d4c6eb27aa0b942,same-article contextual hypothesis; causal edge is not explicit
fish,formalin/formaldehyde,gastrointestinal discomfort,1,0,milk-2d4c6eb27aa0b942,same-article contextual hypothesis; causal edge is not explicit
fish,formalin/formaldehyde,irritate the digestive tract,1,0,milk-2d4c6eb27aa0b942,same-article contextual hypothesis; causal edge is not explicit
fish,formalin/formaldehyde,multi-organ failure,1,0,milk-2d4c6eb27aa0b942,same-article contextual hypothesis; causal edge is not explicit
fish,malachite green,fflo acuteeffect,1,0,milk-2d4c6eb27aa0b942,same-article contextual hypothesis; causal edge is not explicit
fish,malachite green,gastrointestinal discomfort,1,0,milk-2d4c6eb27aa0b942,same-article contextual hypothesis; causal edge is not explicit
fish,malachite green,irritate the digestive tract,1,0,milk-2d4c6eb27aa0b942,same-article contextual hypothesis; causal edge is not explicit
fish,malachite green,multi-organ failure,1,0,milk-2d4c6eb27aa0b942,same-article contextual hypothesis; causal edge is not explicit
fish,malachite green,metabolic disturbances,1,0,milk-2d4c6eb27aa0b942,same-article contextual hypothesis; causal edge is not explicit
fish,rhodamine B,fflo acuteeffect,1,0,milk-2d4c6eb27aa0b942,same-article contextual hypothesis; causal edge is not explicit
fish,rhodamine B,gastrointestinal discomfort,1,0,milk-2d4c6eb27aa0b942,same-article contextual hypothesis; causal edge is not explicit
fish,rhodamine B,irritate the digestive tract,1,0,milk-2d4c6eb27aa0b942,same-article contextual hypothesis; causal edge is not explicit
fish,rhodamine B,multi-organ failure,1,0,milk-2d4c6eb27aa0b942,same-article contextual hypothesis; causal edge is not explicit
fish,rhodamine B,metabolic disturbances,1,0,milk-2d4c6eb27aa0b942,same-article contextual hypothesis; causal edge is not explicit
fish,ammonia,fflo acuteeffect,1,0,milk-2d4c6eb27aa0b942,same-article contextual hypothesis; causal edge is not explicit
fish,ammonia,gastrointestinal discomfort,1,0,milk-2d4c6eb27aa0b942,same-article contextual hypothesis; causal edge is not explicit
fish,ammonia,irritate the digestive tract,1,0,milk-2d4c6eb27aa0b942,same-article contextual hypothesis; causal edge is not explicit
fish,ammonia,multi-organ failure,1,0,milk-2d4c6eb27aa0b942,same-article contextual hypothesis; causal edge is not explicit
fish,ammonia,metabolic disturbances,1,0,milk-2d4c6eb27aa0b942,same-article contextual hypothesis; causal edge is not explicit
chilli powder,sudan red,fflo acuteeffect,1,0,milk-2d4c6eb27aa0b942,same-article contextual hypothesis; causal edge is not explicit
chilli powder,sudan red,gastrointestinal discomfort,1,0,milk-2d4c6eb27aa0b942,same-article contextual hypothesis; causal edge is not explicit
chilli powder,sudan red,irritate the digestive tract,1,0,milk-2d4c6eb27aa0b942,same-article contextual hypothesis; causal edge is not explicit
chilli powder,sudan red,multi-organ failure,1,0,milk-2d4c6eb27aa0b942,same-article contextual hypothesis; causal edge is not explicit
chilli powder,sudan red,metabolic disturbances,1,0,milk-2d4c6eb27aa0b942,same-article contextual hypothesis; causal edge is not explicit
turmeric,lead chromate,fflo acuteeffect,1,0,milk-2d4c6eb27aa0b942,same-article contextual hypothesis; causal edge is not explicit
turmeric,lead chromate,gastrointestinal discomfort,1,0,milk-2d4c6eb27aa0b942,same-article contextual hypothesis; causal edge is not explicit
turmeric,lead chromate,irritate the digestive tract,1,0,milk-2d4c6eb27aa0b942,same-article contextual hypothesis; causal edge is not explicit
turmeric,lead chromate,multi-organ failure,1,0,milk-2d4c6eb27aa0b942,same-article contextual hypothesis; causal edge is not explicit
turmeric,lead chromate,metabolic disturbances,1,0,milk-2d4c6eb27aa0b942,same-article contextual hypothesis; causal edge is not explicit
bottled water,microplastics,human health threats,1,0,milk-33bdb7855037fe99,same-article contextual hypothesis; causal edge is not explicit
fruits and vegetables,pesticide residue,obesity,1,0,milk-3812e38befd121be,same-article contextual hypothesis; causal edge is not explicit
large fish species,mercury,obesity,1,0,milk-3812e38befd121be,same-article contextual hypothesis; causal edge is not explicit
grains,aflatoxins,obesity,1,0,milk-3812e38befd121be,same-article contextual hypothesis; causal edge is not explicit
Paneer,ala,kidney damage,1,0,milk-3860e6654d518030,same-article contextual hypothesis; causal edge is not explicit
Paneer,ala,digestive system damage,1,0,milk-3860e6654d518030,same-article contextual hypothesis; causal edge is not explicit
Paneer,ala,cancer/carcinogenicity,1,0,milk-3860e6654d518030,same-article contextual hypothesis; causal edge is not explicit
Paneer,ala,stomach pain,1,0,milk-3860e6654d518030,same-article contextual hypothesis; causal edge is not explicit
Paneer,ala,vomiting,1,0,milk-3860e6654d518030,same-article contextual hypothesis; causal edge is not explicit
Paneer,ala,indigestion,1,0,milk-3860e6654d518030,same-article contextual hypothesis; causal edge is not explicit
Paneer,ala,heart problems,1,0,milk-3860e6654d518030,same-article contextual hypothesis; causal edge is not explicit
Milk,palm oil family,digestive system damage,1,0,milk-3860e6654d518030,same-article contextual hypothesis; causal edge is not explicit
Milk,palm oil family,cancer/carcinogenicity,1,0,milk-3860e6654d518030,same-article contextual hypothesis; causal edge is not explicit
Milk,palm oil family,indigestion,1,0,milk-3860e6654d518030,same-article contextual hypothesis; causal edge is not explicit
Milk,palm oil family,heart problems,1,0,milk-3860e6654d518030,same-article contextual hypothesis; causal edge is not explicit
Milk,plastic,oxidative stress,1,0,milk-39bc1a13a79ae513,same-article contextual hypothesis; causal edge is not explicit
Milk,plastic,immune disorders,1,0,milk-39bc1a13a79ae513,same-article contextual hypothesis; causal edge is not explicit
Milk,plastic,cancer/carcinogenicity,1,0,milk-39bc1a13a79ae513,same-article contextual hypothesis; causal edge is not explicit
Milk,plastic,digestive blockages,1,0,milk-39bc1a13a79ae513,same-article contextual hypothesis; causal edge is not explicit
Milk,plastic,intestinal perforations,1,0,milk-39bc1a13a79ae513,same-article contextual hypothesis; causal edge is not explicit
Milk,plastic,health risks to humans,1,0,milk-39bc1a13a79ae513,same-article contextual hypothesis; causal edge is not explicit
meat,plastic,oxidative stress,1,0,milk-39bc1a13a79ae513,same-article contextual hypothesis; causal edge is not explicit
meat,plastic,immune disorders,1,0,milk-39bc1a13a79ae513,same-article contextual hypothesis; causal edge is not explicit
meat,plastic,cancer/carcinogenicity,1,0,milk-39bc1a13a79ae513,same-article contextual hypothesis; causal edge is not explicit
meat,plastic,digestive blockages,1,0,milk-39bc1a13a79ae513,same-article contextual hypothesis; causal edge is not explicit
meat,plastic,intestinal perforations,1,0,milk-39bc1a13a79ae513,same-article contextual hypothesis; causal edge is not explicit
meat,plastic,health risks to humans,1,0,milk-39bc1a13a79ae513,same-article contextual hypothesis; causal edge is not explicit
seafood,microplastics,respiratory problems,1,0,milk-39bc1a13a79ae513,same-article contextual hypothesis; causal edge is not explicit
seafood,microplastics,neurological effects,1,0,milk-39bc1a13a79ae513,same-article contextual hypothesis; causal edge is not explicit
seafood,microplastics,digestive blockages,1,0,milk-39bc1a13a79ae513,same-article contextual hypothesis; causal edge is not explicit
seafood,microplastics,intestinal perforations,1,0,milk-39bc1a13a79ae513,same-article contextual hypothesis; causal edge is not explicit
seafood,microplastics,health risks to humans,1,0,milk-39bc1a13a79ae513,same-article contextual hypothesis; causal edge is not explicit
poultry,microplastics,respiratory problems,1,0,milk-39bc1a13a79ae513,same-article contextual hypothesis; causal edge is not explicit
poultry,microplastics,neurological effects,1,0,milk-39bc1a13a79ae513,same-article contextual hypothesis; causal edge is not explicit
poultry,microplastics,digestive blockages,1,0,milk-39bc1a13a79ae513,same-article contextual hypothesis; causal edge is not explicit
poultry,microplastics,intestinal perforations,1,0,milk-39bc1a13a79ae513,same-article contextual hypothesis; causal edge is not explicit
poultry,microplastics,health risks to humans,1,0,milk-39bc1a13a79ae513,same-article contextual hypothesis; causal edge is not explicit
fruits,microplastics,respiratory problems,1,0,milk-39bc1a13a79ae513,same-article contextual hypothesis; causal edge is not explicit
fruits,microplastics,neurological effects,1,0,milk-39bc1a13a79ae513,same-article contextual hypothesis; causal edge is not explicit
fruits,microplastics,digestive blockages,1,0,milk-39bc1a13a79ae513,same-article contextual hypothesis; causal edge is not explicit
fruits,microplastics,intestinal perforations,1,0,milk-39bc1a13a79ae513,same-article contextual hypothesis; causal edge is not explicit
fruits,microplastics,health risks to humans,1,0,milk-39bc1a13a79ae513,same-article contextual hypothesis; causal edge is not explicit
vegetables,microplastics,respiratory problems,1,0,milk-39bc1a13a79ae513,same-article contextual hypothesis; causal edge is not explicit
vegetables,microplastics,neurological effects,1,0,milk-39bc1a13a79ae513,same-article contextual hypothesis; causal edge is not explicit
vegetables,microplastics,digestive blockages,1,0,milk-39bc1a13a79ae513,same-article contextual hypothesis; causal edge is not explicit
vegetables,microplastics,intestinal perforations,1,0,milk-39bc1a13a79ae513,same-article contextual hypothesis; causal edge is not explicit
vegetables,microplastics,health risks to humans,1,0,milk-39bc1a13a79ae513,same-article contextual hypothesis; causal edge is not explicit
prepared foods,microplastics,respiratory problems,1,0,milk-39bc1a13a79ae513,same-article contextual hypothesis; causal edge is not explicit
prepared foods,microplastics,neurological effects,1,0,milk-39bc1a13a79ae513,same-article contextual hypothesis; causal edge is not explicit
prepared foods,microplastics,digestive blockages,1,0,milk-39bc1a13a79ae513,same-article contextual hypothesis; causal edge is not explicit
prepared foods,microplastics,intestinal perforations,1,0,milk-39bc1a13a79ae513,same-article contextual hypothesis; causal edge is not explicit
prepared foods,microplastics,health risks to humans,1,0,milk-39bc1a13a79ae513,same-article contextual hypothesis; causal edge is not explicit
Milk,plastic waste,respiratory problems,1,0,milk-39bc1a13a79ae513,same-article contextual hypothesis; causal edge is not explicit
Milk,plastic waste,neurological effects,1,0,milk-39bc1a13a79ae513,same-article contextual hypothesis; causal edge is not explicit
Milk,plastic waste,oxidative stress,1,0,milk-39bc1a13a79ae513,same-article contextual hypothesis; causal edge is not explicit
Milk,plastic waste,immune disorders,1,0,milk-39bc1a13a79ae513,same-article contextual hypothesis; causal edge is not explicit
Milk,plastic waste,cancer/carcinogenicity,1,0,milk-39bc1a13a79ae513,same-article contextual hypothesis; causal edge is not explicit
meat,plastic waste,respiratory problems,1,0,milk-39bc1a13a79ae513,same-article contextual hypothesis; causal edge is not explicit
meat,plastic waste,neurological effects,1,0,milk-39bc1a13a79ae513,same-article contextual hypothesis; causal edge is not explicit
meat,plastic waste,oxidative stress,1,0,milk-39bc1a13a79ae513,same-article contextual hypothesis; causal edge is not explicit
meat,plastic waste,immune disorders,1,0,milk-39bc1a13a79ae513,same-article contextual hypothesis; causal edge is not explicit
meat,plastic waste,cancer/carcinogenicity,1,0,milk-39bc1a13a79ae513,same-article contextual hypothesis; causal edge is not explicit
Milk,ddt,death,1,0,milk-3e085d4a6d2bb9a0,same-article contextual hypothesis; causal edge is not explicit
Milk,ddt,cancer/carcinogenicity,1,0,milk-3e085d4a6d2bb9a0,same-article contextual hypothesis; causal edge is not explicit
powdered infant formula,harmful pathogens,intestinal infections,1,0,milk-41fa8a1322cd24cd,same-article contextual hypothesis; causal edge is not explicit
powdered infant formula,harmful pathogens,death,1,0,milk-41fa8a1322cd24cd,same-article contextual hypothesis; causal edge is not explicit
powdered infant formula,enterococcus faecium,death,1,0,milk-41fa8a1322cd24cd,same-article contextual hypothesis; causal edge is not explicit
powdered infant formula,enterococcus faecium,intestinal infections,1,0,milk-41fa8a1322cd24cd,same-article contextual hypothesis; causal edge is not explicit
mango pulp,unauthorised food colours,nausea,1,0,milk-428c86809981aab7,same-article contextual hypothesis; causal edge is not explicit
mango pulp,unauthorised food colours,vomiting,1,0,milk-428c86809981aab7,same-article contextual hypothesis; causal edge is not explicit
mango pulp,unauthorised food colours,gastrointestinal illness,1,0,milk-428c86809981aab7,same-article contextual hypothesis; causal edge is not explicit
mango pulp,unauthorised food colours,diarrhoea,1,0,milk-428c86809981aab7,same-article contextual hypothesis; causal edge is not explicit
mango pulp,unauthorised food colours,neurological effects,1,0,milk-428c86809981aab7,same-article contextual hypothesis; causal edge is not explicit
mango pulp,unauthorised food colours,respiratory tract irritation,1,0,milk-428c86809981aab7,same-article contextual hypothesis; causal edge is not explicit
mango pulp,unauthorised food colours,rashes,1,0,milk-428c86809981aab7,same-article contextual hypothesis; causal edge is not explicit
mango pulp,unauthorised food colours,cancer/carcinogenicity,1,0,milk-428c86809981aab7,same-article contextual hypothesis; causal edge is not explicit
mango pulp,unauthorised food colours,hormonal imbalances,1,0,milk-428c86809981aab7,same-article contextual hypothesis; causal edge is not explicit
mango pulp,substances not permitted under food safety regulations,nausea,1,0,milk-428c86809981aab7,same-article contextual hypothesis; causal edge is not explicit
mango pulp,substances not permitted under food safety regulations,vomiting,1,0,milk-428c86809981aab7,same-article contextual hypothesis; causal edge is not explicit
mango pulp,substances not permitted under food safety regulations,gastrointestinal illness,1,0,milk-428c86809981aab7,same-article contextual hypothesis; causal edge is not explicit
mango pulp,substances not permitted under food safety regulations,diarrhoea,1,0,milk-428c86809981aab7,same-article contextual hypothesis; causal edge is not explicit
mango pulp,substances not permitted under food safety regulations,neurological effects,1,0,milk-428c86809981aab7,same-article contextual hypothesis; causal edge is not explicit
mango pulp,substances not permitted under food safety regulations,respiratory tract irritation,1,0,milk-428c86809981aab7,same-article contextual hypothesis; causal edge is not explicit
mango pulp,substances not permitted under food safety regulations,rashes,1,0,milk-428c86809981aab7,same-article contextual hypothesis; causal edge is not explicit
mango pulp,substances not permitted under food safety regulations,cancer/carcinogenicity,1,0,milk-428c86809981aab7,same-article contextual hypothesis; causal edge is not explicit
mango pulp,substances not permitted under food safety regulations,hormonal imbalances,1,0,milk-428c86809981aab7,same-article contextual hypothesis; causal edge is not explicit
mango pulp,liquid saffron coloured solution,nausea,1,0,milk-428c86809981aab7,same-article contextual hypothesis; causal edge is not explicit
mango pulp,liquid saffron coloured solution,vomiting,1,0,milk-428c86809981aab7,same-article contextual hypothesis; causal edge is not explicit
mango pulp,liquid saffron coloured solution,gastrointestinal illness,1,0,milk-428c86809981aab7,same-article contextual hypothesis; causal edge is not explicit
mango pulp,liquid saffron coloured solution,diarrhoea,1,0,milk-428c86809981aab7,same-article contextual hypothesis; causal edge is not explicit
mango pulp,liquid saffron coloured solution,neurological effects,1,0,milk-428c86809981aab7,same-article contextual hypothesis; causal edge is not explicit
mango pulp,liquid saffron coloured solution,respiratory tract irritation,1,0,milk-428c86809981aab7,same-article contextual hypothesis; causal edge is not explicit
mango pulp,liquid saffron coloured solution,rashes,1,0,milk-428c86809981aab7,same-article contextual hypothesis; causal edge is not explicit
mango pulp,liquid saffron coloured solution,cancer/carcinogenicity,1,0,milk-428c86809981aab7,same-article contextual hypothesis; causal edge is not explicit
mango pulp,liquid saffron coloured solution,hormonal imbalances,1,0,milk-428c86809981aab7,same-article contextual hypothesis; causal edge is not explicit
Paneer,dust,food poisoning,1,0,milk-483ee5bce86d2d3d,same-article contextual hypothesis; causal edge is not explicit
Paneer,dust,gastrointestinal infections,1,0,milk-483ee5bce86d2d3d,same-article contextual hypothesis; causal edge is not explicit
Paneer,starch,gastrointestinal infections,1,0,milk-483ee5bce86d2d3d,same-article contextual hypothesis; causal edge is not explicit
Paneer,low quality milk substitutes,food poisoning,1,0,milk-483ee5bce86d2d3d,same-article contextual hypothesis; causal edge is not explicit
Paneer,low quality milk substitutes,gastrointestinal infections,1,0,milk-483ee5bce86d2d3d,same-article contextual hypothesis; causal edge is not explicit
Paneer,chemicals,food poisoning,1,0,milk-483ee5bce86d2d3d,same-article contextual hypothesis; causal edge is not explicit
Paneer,chemicals,gastrointestinal infections,1,0,milk-483ee5bce86d2d3d,same-article contextual hypothesis; causal edge is not explicit
Milk,detergent,weakens bones,1,0,milk-4fcc3a01e43c315a,same-article contextual hypothesis; causal edge is not explicit
Milk,urea,weakens bones,1,0,milk-4fcc3a01e43c315a,same-article contextual hypothesis; causal edge is not explicit
cool drinks,water,weakens bones,1,0,milk-4fcc3a01e43c315a,same-article contextual hypothesis; causal edge is not explicit
cofset,diethylene glycol,death,1,0,milk-55b15d39d9bcb33e,same-article contextual hypothesis; causal edge is not explicit
cofset,diethylene glycol,acuteeffect,1,0,milk-55b15d39d9bcb33e,same-article contextual hypothesis; causal edge is not explicit
water,bacteria,fflo acuteeffect,1,0,milk-5ecfbb31b7b63b64,same-article contextual hypothesis; causal edge is not explicit
water,bacteria,gastrointestinal illness,1,0,milk-5ecfbb31b7b63b64,same-article contextual hypothesis; causal edge is not explicit
water,bacteria,cholera,1,0,milk-5ecfbb31b7b63b64,same-article contextual hypothesis; causal edge is not explicit
coffee,microplastics,obesity,1,0,milk-5fffa5696a978146,same-article contextual hypothesis; causal edge is not explicit
coffee,microplastics,hormone level disruption,1,0,milk-5fffa5696a978146,same-article contextual hypothesis; causal edge is not explicit
carrots,nanoplastics,cancer/carcinogenicity,1,0,milk-5fffa5696a978146,same-article contextual hypothesis; causal edge is not explicit
carrots,nanoplastics,obesity,1,0,milk-5fffa5696a978146,same-article contextual hypothesis; causal edge is not explicit
carrots,nanoplastics,hormone level disruption,1,0,milk-5fffa5696a978146,same-article contextual hypothesis; causal edge is not explicit
radishes,nanoplastics,cancer/carcinogenicity,1,0,milk-5fffa5696a978146,same-article contextual hypothesis; causal edge is not explicit
radishes,nanoplastics,obesity,1,0,milk-5fffa5696a978146,same-article contextual hypothesis; causal edge is not explicit
radishes,nanoplastics,hormone level disruption,1,0,milk-5fffa5696a978146,same-article contextual hypothesis; causal edge is not explicit
lettuce,nanoplastics,cancer/carcinogenicity,1,0,milk-5fffa5696a978146,same-article contextual hypothesis; causal edge is not explicit
lettuce,nanoplastics,obesity,1,0,milk-5fffa5696a978146,same-article contextual hypothesis; causal edge is not explicit
lettuce,nanoplastics,hormone level disruption,1,0,milk-5fffa5696a978146,same-article contextual hypothesis; causal edge is not explicit
food,toxic particles,cancer/carcinogenicity,1,0,milk-5fffa5696a978146,same-article contextual hypothesis; causal edge is not explicit
food,toxic particles,obesity,1,0,milk-5fffa5696a978146,same-article contextual hypothesis; causal edge is not explicit
food,toxic particles,hormone level disruption,1,0,milk-5fffa5696a978146,same-article contextual hypothesis; causal edge is not explicit
baby food,nano plastics,cancer/carcinogenicity,1,0,milk-5fffa5696a978146,same-article contextual hypothesis; causal edge is not explicit
baby food,nano plastics,obesity,1,0,milk-5fffa5696a978146,same-article contextual hypothesis; causal edge is not explicit
baby food,nano plastics,hormone level disruption,1,0,milk-5fffa5696a978146,same-article contextual hypothesis; causal edge is not explicit
packaged table salt,microplastics,obesity,1,0,milk-5fffa5696a978146,same-article contextual hypothesis; causal edge is not explicit
packaged table salt,microplastics,hormone level disruption,1,0,milk-5fffa5696a978146,same-article contextual hypothesis; causal edge is not explicit
tea,microplastics,obesity,1,0,milk-5fffa5696a978146,same-article contextual hypothesis; causal edge is not explicit
tea,microplastics,hormone level disruption,1,0,milk-5fffa5696a978146,same-article contextual hypothesis; causal edge is not explicit
Paneer,urea,kidney damage,1,0,milk-601312c7904467a2,same-article contextual hypothesis; causal edge is not explicit
Khoya/mawa,urea,kidney damage,1,0,milk-601312c7904467a2,same-article contextual hypothesis; causal edge is not explicit
Khoya/mawa,urea,cancer/carcinogenicity,1,0,milk-601312c7904467a2,same-article contextual hypothesis; causal edge is not explicit
Khoya/mawa,formalin/formaldehyde,kidney damage,1,0,milk-601312c7904467a2,same-article contextual hypothesis; causal edge is not explicit
Milk,synthetic milk,kidney damage,1,0,milk-601312c7904467a2,same-article contextual hypothesis; causal edge is not explicit
Milk,synthetic milk,cancer/carcinogenicity,1,0,milk-601312c7904467a2,same-article contextual hypothesis; causal edge is not explicit
Milk,adulterant,jaundice,1,0,milk-6467077b7f183c28,same-article contextual hypothesis; causal edge is not explicit
Milk,adulterant,fflo acuteeffect,1,0,milk-6467077b7f183c28,same-article contextual hypothesis; causal edge is not explicit
Milk,adhesive compound,renal failure,1,0,milk-6a4e4e0b65eb5d9d,same-article contextual hypothesis; causal edge is not explicit
Milk,adhesive compound,multi-organ failure,1,0,milk-6a4e4e0b65eb5d9d,same-article contextual hypothesis; causal edge is not explicit
Milk,adhesive compound,urinary obstruction,1,0,milk-6a4e4e0b65eb5d9d,same-article contextual hypothesis; causal edge is not explicit
Milk,adhesive compound,kidney related ailments,1,0,milk-6a4e4e0b65eb5d9d,same-article contextual hypothesis; causal edge is not explicit
syrup,ethylene glycol,organ damage,1,0,milk-6cf8b965d0dba773,same-article contextual hypothesis; causal edge is not explicit
syrup,ethylene glycol,fflo acuteeffect,1,0,milk-6cf8b965d0dba773,same-article contextual hypothesis; causal edge is not explicit
syrup,ethylene glycol,renal failure,1,0,milk-6cf8b965d0dba773,same-article contextual hypothesis; causal edge is not explicit
syrup,ethylene glycol,blurry vision,1,0,milk-6cf8b965d0dba773,same-article contextual hypothesis; causal edge is not explicit
syrup,ethylene glycol,mobility impairment,1,0,milk-6cf8b965d0dba773,same-article contextual hypothesis; causal edge is not explicit
syrup,diethylene glycol,organ damage,1,0,milk-6cf8b965d0dba773,same-article contextual hypothesis; causal edge is not explicit
syrup,diethylene glycol,fflo acuteeffect,1,0,milk-6cf8b965d0dba773,same-article contextual hypothesis; causal edge is not explicit
syrup,diethylene glycol,renal failure,1,0,milk-6cf8b965d0dba773,same-article contextual hypothesis; causal edge is not explicit
syrup,diethylene glycol,blurry vision,1,0,milk-6cf8b965d0dba773,same-article contextual hypothesis; causal edge is not explicit
syrup,diethylene glycol,mobility impairment,1,0,milk-6cf8b965d0dba773,same-article contextual hypothesis; causal edge is not explicit
propylene glycol,ethylene glycol,organ damage,1,0,milk-6cf8b965d0dba773,same-article contextual hypothesis; causal edge is not explicit
propylene glycol,ethylene glycol,fflo acuteeffect,1,0,milk-6cf8b965d0dba773,same-article contextual hypothesis; causal edge is not explicit
propylene glycol,ethylene glycol,renal failure,1,0,milk-6cf8b965d0dba773,same-article contextual hypothesis; causal edge is not explicit
propylene glycol,ethylene glycol,blurry vision,1,0,milk-6cf8b965d0dba773,same-article contextual hypothesis; causal edge is not explicit
propylene glycol,ethylene glycol,mobility impairment,1,0,milk-6cf8b965d0dba773,same-article contextual hypothesis; causal edge is not explicit
pharmaceutical grade propylene glycol,ethylene glycol,organ damage,1,0,milk-6cf8b965d0dba773,same-article contextual hypothesis; causal edge is not explicit
pharmaceutical grade propylene glycol,ethylene glycol,fflo acuteeffect,1,0,milk-6cf8b965d0dba773,same-article contextual hypothesis; causal edge is not explicit
pharmaceutical grade propylene glycol,ethylene glycol,renal failure,1,0,milk-6cf8b965d0dba773,same-article contextual hypothesis; causal edge is not explicit
pharmaceutical grade propylene glycol,ethylene glycol,blurry vision,1,0,milk-6cf8b965d0dba773,same-article contextual hypothesis; causal edge is not explicit
pharmaceutical grade propylene glycol,ethylene glycol,mobility impairment,1,0,milk-6cf8b965d0dba773,same-article contextual hypothesis; causal edge is not explicit
cough syrup,ethylene glycol,organ damage,1,0,milk-6cf8b965d0dba773,same-article contextual hypothesis; causal edge is not explicit
cough syrup,ethylene glycol,fflo acuteeffect,1,0,milk-6cf8b965d0dba773,same-article contextual hypothesis; causal edge is not explicit
cough syrup,ethylene glycol,renal failure,1,0,milk-6cf8b965d0dba773,same-article contextual hypothesis; causal edge is not explicit
cough syrup,ethylene glycol,blurry vision,1,0,milk-6cf8b965d0dba773,same-article contextual hypothesis; causal edge is not explicit
cough syrup,ethylene glycol,mobility impairment,1,0,milk-6cf8b965d0dba773,same-article contextual hypothesis; causal edge is not explicit
cough syrup,diethylene glycol,fflo acuteeffect,1,0,milk-6cf8b965d0dba773,same-article contextual hypothesis; causal edge is not explicit
cough syrup,diethylene glycol,blurry vision,1,0,milk-6cf8b965d0dba773,same-article contextual hypothesis; causal edge is not explicit
cough syrup,diethylene glycol,mobility impairment,1,0,milk-6cf8b965d0dba773,same-article contextual hypothesis; causal edge is not explicit
Milk,unknown adulterant,food poisoning,1,0,milk-6d351923053915dc,same-article contextual hypothesis; causal edge is not explicit
Milk,unknown adulterant,allergic reaction,1,0,milk-6d351923053915dc,same-article contextual hypothesis; causal edge is not explicit
Milk,unknown adulterant,breathing problems,1,0,milk-6d351923053915dc,same-article contextual hypothesis; causal edge is not explicit
Milk,unknown adulterant,kidney damage,1,0,milk-6d351923053915dc,same-article contextual hypothesis; causal edge is not explicit
Milk,unknown adulterant,cancer/carcinogenicity,1,0,milk-6d351923053915dc,same-article contextual hypothesis; causal edge is not explicit
vegetables,lead,food poisoning,1,0,milk-6d351923053915dc,same-article contextual hypothesis; causal edge is not explicit
vegetables,lead,allergic reaction,1,0,milk-6d351923053915dc,same-article contextual hypothesis; causal edge is not explicit
vegetables,lead,breathing problems,1,0,milk-6d351923053915dc,same-article contextual hypothesis; causal edge is not explicit
vegetables,lead,kidney damage,1,0,milk-6d351923053915dc,same-article contextual hypothesis; causal edge is not explicit
vegetables,lead,cancer/carcinogenicity,1,0,milk-6d351923053915dc,same-article contextual hypothesis; causal edge is not explicit
Milk,hazardous waste,health risk to young children,1,0,milk-70dced0f5b9bc991,same-article contextual hypothesis; causal edge is not explicit
Milk,salt,cancer/carcinogenicity,1,0,milk-74d1d6aaa4ade7cf,same-article contextual hypothesis; causal edge is not explicit
Milk,glucose,cancer/carcinogenicity,1,0,milk-74d1d6aaa4ade7cf,same-article contextual hypothesis; causal edge is not explicit
Mustard oil,rice bran oil,food poisoning,1,0,milk-74d1d6aaa4ade7cf,same-article contextual hypothesis; causal edge is not explicit
Mustard oil,rice bran oil,death,1,0,milk-74d1d6aaa4ade7cf,same-article contextual hypothesis; causal edge is not explicit
Mustard oil,argemone oil,death,1,0,milk-74d1d6aaa4ade7cf,same-article contextual hypothesis; causal edge is not explicit
Mustard oil,artificial allyl isothiocyanate,food poisoning,1,0,milk-74d1d6aaa4ade7cf,same-article contextual hypothesis; causal edge is not explicit
Mustard oil,artificial allyl isothiocyanate,death,1,0,milk-74d1d6aaa4ade7cf,same-article contextual hypothesis; causal edge is not explicit
peppercorns,ethylene oxide,food poisoning,1,0,milk-74d1d6aaa4ade7cf,same-article contextual hypothesis; causal edge is not explicit
peppercorns,ethylene oxide,death,1,0,milk-74d1d6aaa4ade7cf,same-article contextual hypothesis; causal edge is not explicit
soft drinks,vegetable oil/fat,food poisoning,1,0,milk-74d1d6aaa4ade7cf,same-article contextual hypothesis; causal edge is not explicit
soft drinks,vegetable oil/fat,death,1,0,milk-74d1d6aaa4ade7cf,same-article contextual hypothesis; causal edge is not explicit
soft drinks,vegetable oil/fat,cancer/carcinogenicity,1,0,milk-74d1d6aaa4ade7cf,same-article contextual hypothesis; causal edge is not explicit
vegetables,pesticide residue,neurological damage,1,0,milk-770d36ac4ddb5014,same-article contextual hypothesis; causal edge is not explicit
fruits,pesticide residue,neurological damage,1,0,milk-770d36ac4ddb5014,same-article contextual hypothesis; causal edge is not explicit
eggs,antibiotic residue,neurological damage,1,0,milk-770d36ac4ddb5014,same-article contextual hypothesis; causal edge is not explicit
poultry,hormonal growth promoters,neurological damage,1,0,milk-770d36ac4ddb5014,same-article contextual hypothesis; causal edge is not explicit
Milk,hazardous waste,human infection,1,0,milk-790fc8711484d28b,same-article contextual hypothesis; causal edge is not explicit
tap water,bacteria,fflo chroniceffect,1,0,milk-8525c631cb260a24,same-article contextual hypothesis; causal edge is not explicit
tap water,viruses,fflo chroniceffect,1,0,milk-8525c631cb260a24,same-article contextual hypothesis; causal edge is not explicit
tap water,harmful chemicals,fflo chroniceffect,1,0,milk-8525c631cb260a24,same-article contextual hypothesis; causal edge is not explicit
street food,carcinogenic compounds,cancer/carcinogenicity,1,0,milk-8525c631cb260a24,same-article contextual hypothesis; causal edge is not explicit
street food,carcinogenic compounds,fflo chroniceffect,1,0,milk-8525c631cb260a24,same-article contextual hypothesis; causal edge is not explicit
Milk,unknown contaminant,fflo acuteeffect,1,0,milk-88bcdbf611024810,same-article contextual hypothesis; causal edge is not explicit
Milk,urea,epidemic dropsy,1,0,milk-8a55933f0d5da63a,same-article contextual hypothesis; causal edge is not explicit
Milk,urea,fatty liver disease,1,0,milk-8a55933f0d5da63a,same-article contextual hypothesis; causal edge is not explicit
Milk,urea,liver failure,1,0,milk-8a55933f0d5da63a,same-article contextual hypothesis; causal edge is not explicit
Milk,urea,chronic kidney disease,1,0,milk-8a55933f0d5da63a,same-article contextual hypothesis; causal edge is not explicit
Milk,urea,strokes,1,0,milk-8a55933f0d5da63a,same-article contextual hypothesis; causal edge is not explicit
Milk,urea,impaired physical growth,1,0,milk-8a55933f0d5da63a,same-article contextual hypothesis; causal edge is not explicit
Milk,urea,thyroid disorders,1,0,milk-8a55933f0d5da63a,same-article contextual hypothesis; causal edge is not explicit
Milk,urea,metabolic disorders,1,0,milk-8a55933f0d5da63a,same-article contextual hypothesis; causal edge is not explicit
Milk,urea,chronic disease,1,0,milk-8a55933f0d5da63a,same-article contextual hypothesis; causal edge is not explicit
Milk,detergent,epidemic dropsy,1,0,milk-8a55933f0d5da63a,same-article contextual hypothesis; causal edge is not explicit
Milk,detergent,fatty liver disease,1,0,milk-8a55933f0d5da63a,same-article contextual hypothesis; causal edge is not explicit
Milk,detergent,liver failure,1,0,milk-8a55933f0d5da63a,same-article contextual hypothesis; causal edge is not explicit
Milk,detergent,chronic kidney disease,1,0,milk-8a55933f0d5da63a,same-article contextual hypothesis; causal edge is not explicit
Milk,detergent,strokes,1,0,milk-8a55933f0d5da63a,same-article contextual hypothesis; causal edge is not explicit
Milk,detergent,impaired physical growth,1,0,milk-8a55933f0d5da63a,same-article contextual hypothesis; causal edge is not explicit
Milk,detergent,thyroid disorders,1,0,milk-8a55933f0d5da63a,same-article contextual hypothesis; causal edge is not explicit
Milk,detergent,metabolic disorders,1,0,milk-8a55933f0d5da63a,same-article contextual hypothesis; causal edge is not explicit
Milk,detergent,chronic disease,1,0,milk-8a55933f0d5da63a,same-article contextual hypothesis; causal edge is not explicit
Milk,synthetic chemicals,epidemic dropsy,1,0,milk-8a55933f0d5da63a,same-article contextual hypothesis; causal edge is not explicit
Milk,synthetic chemicals,vomiting,1,0,milk-8a55933f0d5da63a,same-article contextual hypothesis; causal edge is not explicit
Milk,synthetic chemicals,diarrhoea,1,0,milk-8a55933f0d5da63a,same-article contextual hypothesis; causal edge is not explicit
Milk,synthetic chemicals,gastrointestinal illness,1,0,milk-8a55933f0d5da63a,same-article contextual hypothesis; causal edge is not explicit
Milk,synthetic chemicals,fatty liver disease,1,0,milk-8a55933f0d5da63a,same-article contextual hypothesis; causal edge is not explicit
Milk,synthetic chemicals,liver failure,1,0,milk-8a55933f0d5da63a,same-article contextual hypothesis; causal edge is not explicit
Milk,synthetic chemicals,chronic kidney disease,1,0,milk-8a55933f0d5da63a,same-article contextual hypothesis; causal edge is not explicit
Milk,synthetic chemicals,strokes,1,0,milk-8a55933f0d5da63a,same-article contextual hypothesis; causal edge is not explicit
Milk,synthetic chemicals,impaired physical growth,1,0,milk-8a55933f0d5da63a,same-article contextual hypothesis; causal edge is not explicit
Milk,synthetic chemicals,thyroid disorders,1,0,milk-8a55933f0d5da63a,same-article contextual hypothesis; causal edge is not explicit
Milk,synthetic chemicals,metabolic disorders,1,0,milk-8a55933f0d5da63a,same-article contextual hypothesis; causal edge is not explicit
Milk,synthetic chemicals,chronic disease,1,0,milk-8a55933f0d5da63a,same-article contextual hypothesis; causal edge is not explicit
Milk,hazardous additives,vomiting,1,0,milk-8a55933f0d5da63a,same-article contextual hypothesis; causal edge is not explicit
Milk,hazardous additives,diarrhoea,1,0,milk-8a55933f0d5da63a,same-article contextual hypothesis; causal edge is not explicit
Milk,hazardous additives,gastrointestinal illness,1,0,milk-8a55933f0d5da63a,same-article contextual hypothesis; causal edge is not explicit
Milk,hazardous additives,fatty liver disease,1,0,milk-8a55933f0d5da63a,same-article contextual hypothesis; causal edge is not explicit
Milk,hazardous additives,liver failure,1,0,milk-8a55933f0d5da63a,same-article contextual hypothesis; causal edge is not explicit
Milk,hazardous additives,chronic kidney disease,1,0,milk-8a55933f0d5da63a,same-article contextual hypothesis; causal edge is not explicit
Milk,hazardous additives,strokes,1,0,milk-8a55933f0d5da63a,same-article contextual hypothesis; causal edge is not explicit
Milk,hazardous additives,impaired physical growth,1,0,milk-8a55933f0d5da63a,same-article contextual hypothesis; causal edge is not explicit
Milk,hazardous additives,thyroid disorders,1,0,milk-8a55933f0d5da63a,same-article contextual hypothesis; causal edge is not explicit
Milk,hazardous additives,metabolic disorders,1,0,milk-8a55933f0d5da63a,same-article contextual hypothesis; causal edge is not explicit
Milk,hazardous additives,chronic disease,1,0,milk-8a55933f0d5da63a,same-article contextual hypothesis; causal edge is not explicit
Ghee,inferior fats,vomiting,1,0,milk-8a55933f0d5da63a,same-article contextual hypothesis; causal edge is not explicit
Ghee,inferior fats,diarrhoea,1,0,milk-8a55933f0d5da63a,same-article contextual hypothesis; causal edge is not explicit
Ghee,inferior fats,gastrointestinal illness,1,0,milk-8a55933f0d5da63a,same-article contextual hypothesis; causal edge is not explicit
Ghee,inferior fats,fatty liver disease,1,0,milk-8a55933f0d5da63a,same-article contextual hypothesis; causal edge is not explicit
Ghee,inferior fats,liver failure,1,0,milk-8a55933f0d5da63a,same-article contextual hypothesis; causal edge is not explicit
Ghee,inferior fats,chronic kidney disease,1,0,milk-8a55933f0d5da63a,same-article contextual hypothesis; causal edge is not explicit
Ghee,inferior fats,strokes,1,0,milk-8a55933f0d5da63a,same-article contextual hypothesis; causal edge is not explicit
Ghee,inferior fats,impaired physical growth,1,0,milk-8a55933f0d5da63a,same-article contextual hypothesis; causal edge is not explicit
Ghee,inferior fats,thyroid disorders,1,0,milk-8a55933f0d5da63a,same-article contextual hypothesis; causal edge is not explicit
Ghee,inferior fats,metabolic disorders,1,0,milk-8a55933f0d5da63a,same-article contextual hypothesis; causal edge is not explicit
Ghee,inferior fats,chronic disease,1,0,milk-8a55933f0d5da63a,same-article contextual hypothesis; causal edge is not explicit
edible oils,inferior fats,vomiting,1,0,milk-8a55933f0d5da63a,same-article contextual hypothesis; causal edge is not explicit
edible oils,inferior fats,diarrhoea,1,0,milk-8a55933f0d5da63a,same-article contextual hypothesis; causal edge is not explicit
edible oils,inferior fats,gastrointestinal illness,1,0,milk-8a55933f0d5da63a,same-article contextual hypothesis; causal edge is not explicit
edible oils,inferior fats,fatty liver disease,1,0,milk-8a55933f0d5da63a,same-article contextual hypothesis; causal edge is not explicit
edible oils,inferior fats,liver failure,1,0,milk-8a55933f0d5da63a,same-article contextual hypothesis; causal edge is not explicit
edible oils,inferior fats,chronic kidney disease,1,0,milk-8a55933f0d5da63a,same-article contextual hypothesis; causal edge is not explicit
edible oils,inferior fats,strokes,1,0,milk-8a55933f0d5da63a,same-article contextual hypothesis; causal edge is not explicit
edible oils,inferior fats,impaired physical growth,1,0,milk-8a55933f0d5da63a,same-article contextual hypothesis; causal edge is not explicit
edible oils,inferior fats,thyroid disorders,1,0,milk-8a55933f0d5da63a,same-article contextual hypothesis; causal edge is not explicit
edible oils,inferior fats,metabolic disorders,1,0,milk-8a55933f0d5da63a,same-article contextual hypothesis; causal edge is not explicit
edible oils,inferior fats,chronic disease,1,0,milk-8a55933f0d5da63a,same-article contextual hypothesis; causal edge is not explicit
spices,industrial dyes,vomiting,1,0,milk-8a55933f0d5da63a,same-article contextual hypothesis; causal edge is not explicit
spices,industrial dyes,diarrhoea,1,0,milk-8a55933f0d5da63a,same-article contextual hypothesis; causal edge is not explicit
spices,industrial dyes,gastrointestinal illness,1,0,milk-8a55933f0d5da63a,same-article contextual hypothesis; causal edge is not explicit
spices,industrial dyes,fatty liver disease,1,0,milk-8a55933f0d5da63a,same-article contextual hypothesis; causal edge is not explicit
spices,industrial dyes,liver failure,1,0,milk-8a55933f0d5da63a,same-article contextual hypothesis; causal edge is not explicit
spices,industrial dyes,chronic kidney disease,1,0,milk-8a55933f0d5da63a,same-article contextual hypothesis; causal edge is not explicit
spices,industrial dyes,strokes,1,0,milk-8a55933f0d5da63a,same-article contextual hypothesis; causal edge is not explicit
spices,industrial dyes,impaired physical growth,1,0,milk-8a55933f0d5da63a,same-article contextual hypothesis; causal edge is not explicit
spices,industrial dyes,thyroid disorders,1,0,milk-8a55933f0d5da63a,same-article contextual hypothesis; causal edge is not explicit
spices,industrial dyes,metabolic disorders,1,0,milk-8a55933f0d5da63a,same-article contextual hypothesis; causal edge is not explicit
spices,industrial dyes,chronic disease,1,0,milk-8a55933f0d5da63a,same-article contextual hypothesis; causal edge is not explicit
sweets,synthetic khoya,vomiting,1,0,milk-8a55933f0d5da63a,same-article contextual hypothesis; causal edge is not explicit
sweets,synthetic khoya,diarrhoea,1,0,milk-8a55933f0d5da63a,same-article contextual hypothesis; causal edge is not explicit
sweets,synthetic khoya,gastrointestinal illness,1,0,milk-8a55933f0d5da63a,same-article contextual hypothesis; causal edge is not explicit
sweets,synthetic khoya,fatty liver disease,1,0,milk-8a55933f0d5da63a,same-article contextual hypothesis; causal edge is not explicit
sweets,synthetic khoya,liver failure,1,0,milk-8a55933f0d5da63a,same-article contextual hypothesis; causal edge is not explicit
sweets,synthetic khoya,chronic kidney disease,1,0,milk-8a55933f0d5da63a,same-article contextual hypothesis; causal edge is not explicit
sweets,synthetic khoya,strokes,1,0,milk-8a55933f0d5da63a,same-article contextual hypothesis; causal edge is not explicit
sweets,synthetic khoya,impaired physical growth,1,0,milk-8a55933f0d5da63a,same-article contextual hypothesis; causal edge is not explicit
sweets,synthetic khoya,thyroid disorders,1,0,milk-8a55933f0d5da63a,same-article contextual hypothesis; causal edge is not explicit
sweets,synthetic khoya,metabolic disorders,1,0,milk-8a55933f0d5da63a,same-article contextual hypothesis; causal edge is not explicit
sweets,synthetic khoya,chronic disease,1,0,milk-8a55933f0d5da63a,same-article contextual hypothesis; causal edge is not explicit
honey,sugar syrup,vomiting,1,0,milk-8a55933f0d5da63a,same-article contextual hypothesis; causal edge is not explicit
honey,sugar syrup,diarrhoea,1,0,milk-8a55933f0d5da63a,same-article contextual hypothesis; causal edge is not explicit
honey,sugar syrup,gastrointestinal illness,1,0,milk-8a55933f0d5da63a,same-article contextual hypothesis; causal edge is not explicit
honey,sugar syrup,fatty liver disease,1,0,milk-8a55933f0d5da63a,same-article contextual hypothesis; causal edge is not explicit
honey,sugar syrup,liver failure,1,0,milk-8a55933f0d5da63a,same-article contextual hypothesis; causal edge is not explicit
honey,sugar syrup,chronic kidney disease,1,0,milk-8a55933f0d5da63a,same-article contextual hypothesis; causal edge is not explicit
honey,sugar syrup,strokes,1,0,milk-8a55933f0d5da63a,same-article contextual hypothesis; causal edge is not explicit
honey,sugar syrup,impaired physical growth,1,0,milk-8a55933f0d5da63a,same-article contextual hypothesis; causal edge is not explicit
honey,sugar syrup,thyroid disorders,1,0,milk-8a55933f0d5da63a,same-article contextual hypothesis; causal edge is not explicit
honey,sugar syrup,metabolic disorders,1,0,milk-8a55933f0d5da63a,same-article contextual hypothesis; causal edge is not explicit
honey,sugar syrup,chronic disease,1,0,milk-8a55933f0d5da63a,same-article contextual hypothesis; causal edge is not explicit
fruits and vegetables,pesticide residue,vomiting,1,0,milk-8a55933f0d5da63a,same-article contextual hypothesis; causal edge is not explicit
fruits and vegetables,pesticide residue,diarrhoea,1,0,milk-8a55933f0d5da63a,same-article contextual hypothesis; causal edge is not explicit
fruits and vegetables,pesticide residue,gastrointestinal illness,1,0,milk-8a55933f0d5da63a,same-article contextual hypothesis; causal edge is not explicit
fruits and vegetables,pesticide residue,fatty liver disease,1,0,milk-8a55933f0d5da63a,same-article contextual hypothesis; causal edge is not explicit
fruits and vegetables,pesticide residue,liver failure,1,0,milk-8a55933f0d5da63a,same-article contextual hypothesis; causal edge is not explicit
fruits and vegetables,pesticide residue,chronic kidney disease,1,0,milk-8a55933f0d5da63a,same-article contextual hypothesis; causal edge is not explicit
fruits and vegetables,pesticide residue,strokes,1,0,milk-8a55933f0d5da63a,same-article contextual hypothesis; causal edge is not explicit
fruits and vegetables,pesticide residue,impaired physical growth,1,0,milk-8a55933f0d5da63a,same-article contextual hypothesis; causal edge is not explicit
fruits and vegetables,pesticide residue,thyroid disorders,1,0,milk-8a55933f0d5da63a,same-article contextual hypothesis; causal edge is not explicit
fruits and vegetables,pesticide residue,metabolic disorders,1,0,milk-8a55933f0d5da63a,same-article contextual hypothesis; causal edge is not explicit
fruits and vegetables,pesticide residue,chronic disease,1,0,milk-8a55933f0d5da63a,same-article contextual hypothesis; causal edge is not explicit
Mustard oil,argemone oil,diarrhoea,1,0,milk-8a55933f0d5da63a,same-article contextual hypothesis; causal edge is not explicit
Mustard oil,argemone oil,gastrointestinal illness,1,0,milk-8a55933f0d5da63a,same-article contextual hypothesis; causal edge is not explicit
Mustard oil,argemone oil,fatty liver disease,1,0,milk-8a55933f0d5da63a,same-article contextual hypothesis; causal edge is not explicit
Mustard oil,argemone oil,liver failure,1,0,milk-8a55933f0d5da63a,same-article contextual hypothesis; causal edge is not explicit
Mustard oil,argemone oil,chronic kidney disease,1,0,milk-8a55933f0d5da63a,same-article contextual hypothesis; causal edge is not explicit
Mustard oil,argemone oil,strokes,1,0,milk-8a55933f0d5da63a,same-article contextual hypothesis; causal edge is not explicit
Mustard oil,argemone oil,impaired physical growth,1,0,milk-8a55933f0d5da63a,same-article contextual hypothesis; causal edge is not explicit
Mustard oil,argemone oil,thyroid disorders,1,0,milk-8a55933f0d5da63a,same-article contextual hypothesis; causal edge is not explicit
Mustard oil,argemone oil,metabolic disorders,1,0,milk-8a55933f0d5da63a,same-article contextual hypothesis; causal edge is not explicit
Mustard oil,argemone oil,chronic disease,1,0,milk-8a55933f0d5da63a,same-article contextual hypothesis; causal edge is not explicit
turmeric,metanil yellow,vomiting,1,0,milk-8a55933f0d5da63a,same-article contextual hypothesis; causal edge is not explicit
turmeric,metanil yellow,diarrhoea,1,0,milk-8a55933f0d5da63a,same-article contextual hypothesis; causal edge is not explicit
turmeric,metanil yellow,gastrointestinal illness,1,0,milk-8a55933f0d5da63a,same-article contextual hypothesis; causal edge is not explicit
turmeric,metanil yellow,fatty liver disease,1,0,milk-8a55933f0d5da63a,same-article contextual hypothesis; causal edge is not explicit
turmeric,metanil yellow,liver failure,1,0,milk-8a55933f0d5da63a,same-article contextual hypothesis; causal edge is not explicit
turmeric,metanil yellow,chronic kidney disease,1,0,milk-8a55933f0d5da63a,same-article contextual hypothesis; causal edge is not explicit
turmeric,metanil yellow,strokes,1,0,milk-8a55933f0d5da63a,same-article contextual hypothesis; causal edge is not explicit
turmeric,metanil yellow,impaired physical growth,1,0,milk-8a55933f0d5da63a,same-article contextual hypothesis; causal edge is not explicit
turmeric,metanil yellow,thyroid disorders,1,0,milk-8a55933f0d5da63a,same-article contextual hypothesis; causal edge is not explicit
turmeric,metanil yellow,metabolic disorders,1,0,milk-8a55933f0d5da63a,same-article contextual hypothesis; causal edge is not explicit
turmeric,metanil yellow,chronic disease,1,0,milk-8a55933f0d5da63a,same-article contextual hypothesis; causal edge is not explicit
protein supplements,lead,intestinal inflammation,1,0,milk-8fb413472dd724f9,same-article contextual hypothesis; causal edge is not explicit
protein supplements,lead,fflo chroniceffect,1,0,milk-8fb413472dd724f9,same-article contextual hypothesis; causal edge is not explicit
protein supplements,mercury,intestinal inflammation,1,0,milk-8fb413472dd724f9,same-article contextual hypothesis; causal edge is not explicit
protein supplements,mercury,fflo chroniceffect,1,0,milk-8fb413472dd724f9,same-article contextual hypothesis; causal edge is not explicit
protein supplements,cadmium,intestinal inflammation,1,0,milk-8fb413472dd724f9,same-article contextual hypothesis; causal edge is not explicit
protein supplements,cadmium,fflo chroniceffect,1,0,milk-8fb413472dd724f9,same-article contextual hypothesis; causal edge is not explicit
protein supplements,arsenic,intestinal inflammation,1,0,milk-8fb413472dd724f9,same-article contextual hypothesis; causal edge is not explicit
protein supplements,arsenic,fflo chroniceffect,1,0,milk-8fb413472dd724f9,same-article contextual hypothesis; causal edge is not explicit
protein supplements,synthetic flavours,intestinal inflammation,1,0,milk-8fb413472dd724f9,same-article contextual hypothesis; causal edge is not explicit
protein supplements,synthetic flavours,fflo chroniceffect,1,0,milk-8fb413472dd724f9,same-article contextual hypothesis; causal edge is not explicit
protein supplements,hydrogenated oils,intestinal inflammation,1,0,milk-8fb413472dd724f9,same-article contextual hypothesis; causal edge is not explicit
protein supplements,hydrogenated oils,fflo chroniceffect,1,0,milk-8fb413472dd724f9,same-article contextual hypothesis; causal edge is not explicit
protein supplements,unverified herbal stimulants,intestinal inflammation,1,0,milk-8fb413472dd724f9,same-article contextual hypothesis; causal edge is not explicit
protein supplements,unverified herbal stimulants,fflo chroniceffect,1,0,milk-8fb413472dd724f9,same-article contextual hypothesis; causal edge is not explicit
Paneer,starch,metabolic syndrome,1,0,milk-9072720be8595f77,same-article contextual hypothesis; causal edge is not explicit
Paneer,starch,inflammation,1,0,milk-9072720be8595f77,same-article contextual hypothesis; causal edge is not explicit
Paneer,starch,metabolic disruption,1,0,milk-9072720be8595f77,same-article contextual hypothesis; causal edge is not explicit
Paneer,starch,ncds,1,0,milk-9072720be8595f77,same-article contextual hypothesis; causal edge is not explicit
Paneer,synthetic agents,metabolic syndrome,1,0,milk-9072720be8595f77,same-article contextual hypothesis; causal edge is not explicit
Paneer,synthetic agents,inflammation,1,0,milk-9072720be8595f77,same-article contextual hypothesis; causal edge is not explicit
Paneer,synthetic agents,metabolic disruption,1,0,milk-9072720be8595f77,same-article contextual hypothesis; causal edge is not explicit
Paneer,synthetic agents,ncds,1,0,milk-9072720be8595f77,same-article contextual hypothesis; causal edge is not explicit
Paneer,synthetic agents,cancer/carcinogenicity,1,0,milk-9072720be8595f77,same-article contextual hypothesis; causal edge is not explicit
spices,artificial colours,metabolic syndrome,1,0,milk-9072720be8595f77,same-article contextual hypothesis; causal edge is not explicit
spices,artificial colours,inflammation,1,0,milk-9072720be8595f77,same-article contextual hypothesis; causal edge is not explicit
spices,artificial colours,metabolic disruption,1,0,milk-9072720be8595f77,same-article contextual hypothesis; causal edge is not explicit
spices,artificial colours,ncds,1,0,milk-9072720be8595f77,same-article contextual hypothesis; causal edge is not explicit
spices,artificial colours,cancer/carcinogenicity,1,0,milk-9072720be8595f77,same-article contextual hypothesis; causal edge is not explicit
eggs,antibiotic residue,metabolic syndrome,1,0,milk-9072720be8595f77,same-article contextual hypothesis; causal edge is not explicit
eggs,antibiotic residue,inflammation,1,0,milk-9072720be8595f77,same-article contextual hypothesis; causal edge is not explicit
eggs,antibiotic residue,metabolic disruption,1,0,milk-9072720be8595f77,same-article contextual hypothesis; causal edge is not explicit
eggs,antibiotic residue,ncds,1,0,milk-9072720be8595f77,same-article contextual hypothesis; causal edge is not explicit
eggs,salmonella,metabolic syndrome,1,0,milk-9072720be8595f77,same-article contextual hypothesis; causal edge is not explicit
eggs,salmonella,inflammation,1,0,milk-9072720be8595f77,same-article contextual hypothesis; causal edge is not explicit
eggs,salmonella,metabolic disruption,1,0,milk-9072720be8595f77,same-article contextual hypothesis; causal edge is not explicit
eggs,salmonella,ncds,1,0,milk-9072720be8595f77,same-article contextual hypothesis; causal edge is not explicit
eggs,salmonella,cancer/carcinogenicity,1,0,milk-9072720be8595f77,same-article contextual hypothesis; causal edge is not explicit
eggs,e coli,metabolic syndrome,1,0,milk-9072720be8595f77,same-article contextual hypothesis; causal edge is not explicit
eggs,e coli,inflammation,1,0,milk-9072720be8595f77,same-article contextual hypothesis; causal edge is not explicit
eggs,e coli,metabolic disruption,1,0,milk-9072720be8595f77,same-article contextual hypothesis; causal edge is not explicit
eggs,e coli,ncds,1,0,milk-9072720be8595f77,same-article contextual hypothesis; causal edge is not explicit
eggs,e coli,cancer/carcinogenicity,1,0,milk-9072720be8595f77,same-article contextual hypothesis; causal edge is not explicit
poultry,antibiotic residue,metabolic syndrome,1,0,milk-9072720be8595f77,same-article contextual hypothesis; causal edge is not explicit
poultry,antibiotic residue,inflammation,1,0,milk-9072720be8595f77,same-article contextual hypothesis; causal edge is not explicit
poultry,antibiotic residue,metabolic disruption,1,0,milk-9072720be8595f77,same-article contextual hypothesis; causal edge is not explicit
poultry,antibiotic residue,ncds,1,0,milk-9072720be8595f77,same-article contextual hypothesis; causal edge is not explicit
poultry,antibiotic residue,cancer/carcinogenicity,1,0,milk-9072720be8595f77,same-article contextual hypothesis; causal edge is not explicit
poultry,hormonal growth promoters,metabolic syndrome,1,0,milk-9072720be8595f77,same-article contextual hypothesis; causal edge is not explicit
poultry,hormonal growth promoters,inflammation,1,0,milk-9072720be8595f77,same-article contextual hypothesis; causal edge is not explicit
poultry,hormonal growth promoters,metabolic disruption,1,0,milk-9072720be8595f77,same-article contextual hypothesis; causal edge is not explicit
poultry,hormonal growth promoters,ncds,1,0,milk-9072720be8595f77,same-article contextual hypothesis; causal edge is not explicit
meat,chemical preservatives,metabolic syndrome,1,0,milk-9072720be8595f77,same-article contextual hypothesis; causal edge is not explicit
meat,chemical preservatives,inflammation,1,0,milk-9072720be8595f77,same-article contextual hypothesis; causal edge is not explicit
meat,chemical preservatives,metabolic disruption,1,0,milk-9072720be8595f77,same-article contextual hypothesis; causal edge is not explicit
meat,chemical preservatives,ncds,1,0,milk-9072720be8595f77,same-article contextual hypothesis; causal edge is not explicit
meat,chemical preservatives,cancer/carcinogenicity,1,0,milk-9072720be8595f77,same-article contextual hypothesis; causal edge is not explicit
fish,formalin/formaldehyde,metabolic syndrome,1,0,milk-9072720be8595f77,same-article contextual hypothesis; causal edge is not explicit
fish,formalin/formaldehyde,inflammation,1,0,milk-9072720be8595f77,same-article contextual hypothesis; causal edge is not explicit
fish,formalin/formaldehyde,metabolic disruption,1,0,milk-9072720be8595f77,same-article contextual hypothesis; causal edge is not explicit
fish,formalin/formaldehyde,ncds,1,0,milk-9072720be8595f77,same-article contextual hypothesis; causal edge is not explicit
fish,ammonia,metabolic syndrome,1,0,milk-9072720be8595f77,same-article contextual hypothesis; causal edge is not explicit
fish,ammonia,inflammation,1,0,milk-9072720be8595f77,same-article contextual hypothesis; causal edge is not explicit
fish,ammonia,metabolic disruption,1,0,milk-9072720be8595f77,same-article contextual hypothesis; causal edge is not explicit
fish,ammonia,ncds,1,0,milk-9072720be8595f77,same-article contextual hypothesis; causal edge is not explicit
fish,mercury,metabolic syndrome,1,0,milk-9072720be8595f77,same-article contextual hypothesis; causal edge is not explicit
fish,mercury,inflammation,1,0,milk-9072720be8595f77,same-article contextual hypothesis; causal edge is not explicit
fish,mercury,metabolic disruption,1,0,milk-9072720be8595f77,same-article contextual hypothesis; causal edge is not explicit
fish,mercury,ncds,1,0,milk-9072720be8595f77,same-article contextual hypothesis; causal edge is not explicit
ice cream,detergent,severe health risks,1,0,milk-90b61558dc2a44b6,same-article contextual hypothesis; causal edge is not explicit
cool drinks,phosphoric acid,severe health risks,1,0,milk-90b61558dc2a44b6,same-article contextual hypothesis; causal edge is not explicit
Milk,starch,bone weakening,1,0,milk-90b61558dc2a44b6,same-article contextual hypothesis; causal edge is not explicit
Paneer,bacterial presence,bone weakening,1,0,milk-90b61558dc2a44b6,same-article contextual hypothesis; causal edge is not explicit
Paneer,non dairy additives,bone weakening,1,0,milk-90b61558dc2a44b6,same-article contextual hypothesis; causal edge is not explicit
Edible/cooking oil,stale cooking oil,food poisoning,1,0,milk-998381f3381f9db4,same-article contextual hypothesis; causal edge is not explicit
Paneer,analogue paneer,long term health issues,1,0,milk-998381f3381f9db4,same-article contextual hypothesis; causal edge is not explicit
Paneer,non dairy substitutes,long term health issues,1,0,milk-998381f3381f9db4,same-article contextual hypothesis; causal edge is not explicit
Paneer,non dairy substitutes,food poisoning,1,0,milk-998381f3381f9db4,same-article contextual hypothesis; causal edge is not explicit
Milk,unknown toxic substance,anuria,1,0,milk-9eee27e256bcfffc,same-article contextual hypothesis; causal edge is not explicit
Milk,unknown toxic substance,gastrointestinal illness,1,0,milk-9eee27e256bcfffc,same-article contextual hypothesis; causal edge is not explicit
Milk,detergent,long term exposure to heavy metals,1,0,milk-a1ae27d81f0013a5,same-article contextual hypothesis; causal edge is not explicit
Milk,detergent,brain development impairment,1,0,milk-a1ae27d81f0013a5,same-article contextual hypothesis; causal edge is not explicit
Milk,detergent,immune system impairment,1,0,milk-a1ae27d81f0013a5,same-article contextual hypothesis; causal edge is not explicit
Milk,detergent,cardiovascular risks,1,0,milk-a1ae27d81f0013a5,same-article contextual hypothesis; causal edge is not explicit
Milk,urea,long term exposure to heavy metals,1,0,milk-a1ae27d81f0013a5,same-article contextual hypothesis; causal edge is not explicit
Milk,urea,brain development impairment,1,0,milk-a1ae27d81f0013a5,same-article contextual hypothesis; causal edge is not explicit
Milk,urea,immune system impairment,1,0,milk-a1ae27d81f0013a5,same-article contextual hypothesis; causal edge is not explicit
Milk,urea,cardiovascular risks,1,0,milk-a1ae27d81f0013a5,same-article contextual hypothesis; causal edge is not explicit
Ghee,foreign fats,fflo acuteeffect,1,0,milk-a1ae27d81f0013a5,same-article contextual hypothesis; causal edge is not explicit
Ghee,foreign fats,liver damage,1,0,milk-a1ae27d81f0013a5,same-article contextual hypothesis; causal edge is not explicit
Ghee,foreign fats,cancer/carcinogenicity,1,0,milk-a1ae27d81f0013a5,same-article contextual hypothesis; causal edge is not explicit
Ghee,foreign fats,long term exposure to heavy metals,1,0,milk-a1ae27d81f0013a5,same-article contextual hypothesis; causal edge is not explicit
Ghee,foreign fats,brain development impairment,1,0,milk-a1ae27d81f0013a5,same-article contextual hypothesis; causal edge is not explicit
Ghee,foreign fats,immune system impairment,1,0,milk-a1ae27d81f0013a5,same-article contextual hypothesis; causal edge is not explicit
Ghee,foreign fats,long term health risks,1,0,milk-a1ae27d81f0013a5,same-article contextual hypothesis; causal edge is not explicit
Ghee,foreign fats,cardiovascular risks,1,0,milk-a1ae27d81f0013a5,same-article contextual hypothesis; causal edge is not explicit
maggi noodles,lead,fflo acuteeffect,1,0,milk-a1ae27d81f0013a5,same-article contextual hypothesis; causal edge is not explicit
maggi noodles,lead,liver damage,1,0,milk-a1ae27d81f0013a5,same-article contextual hypothesis; causal edge is not explicit
maggi noodles,lead,cancer/carcinogenicity,1,0,milk-a1ae27d81f0013a5,same-article contextual hypothesis; causal edge is not explicit
maggi noodles,lead,long term exposure to heavy metals,1,0,milk-a1ae27d81f0013a5,same-article contextual hypothesis; causal edge is not explicit
maggi noodles,lead,brain development impairment,1,0,milk-a1ae27d81f0013a5,same-article contextual hypothesis; causal edge is not explicit
maggi noodles,lead,immune system impairment,1,0,milk-a1ae27d81f0013a5,same-article contextual hypothesis; causal edge is not explicit
maggi noodles,lead,long term health risks,1,0,milk-a1ae27d81f0013a5,same-article contextual hypothesis; causal edge is not explicit
maggi noodles,lead,cardiovascular risks,1,0,milk-a1ae27d81f0013a5,same-article contextual hypothesis; causal edge is not explicit
Milk,water,fflo acuteeffect,1,0,milk-a1ae27d81f0013a5,same-article contextual hypothesis; causal edge is not explicit
Milk,water,long term exposure to heavy metals,1,0,milk-a1ae27d81f0013a5,same-article contextual hypothesis; causal edge is not explicit
Milk,water,brain development impairment,1,0,milk-a1ae27d81f0013a5,same-article contextual hypothesis; causal edge is not explicit
Milk,water,immune system impairment,1,0,milk-a1ae27d81f0013a5,same-article contextual hypothesis; causal edge is not explicit
spices,artificial dyes,fflo acuteeffect,1,0,milk-a1ae27d81f0013a5,same-article contextual hypothesis; causal edge is not explicit
spices,artificial dyes,liver damage,1,0,milk-a1ae27d81f0013a5,same-article contextual hypothesis; causal edge is not explicit
spices,artificial dyes,cancer/carcinogenicity,1,0,milk-a1ae27d81f0013a5,same-article contextual hypothesis; causal edge is not explicit
spices,artificial dyes,long term exposure to heavy metals,1,0,milk-a1ae27d81f0013a5,same-article contextual hypothesis; causal edge is not explicit
spices,artificial dyes,brain development impairment,1,0,milk-a1ae27d81f0013a5,same-article contextual hypothesis; causal edge is not explicit
spices,artificial dyes,immune system impairment,1,0,milk-a1ae27d81f0013a5,same-article contextual hypothesis; causal edge is not explicit
food left at room temperature,bacteria,gastrointestinal illness,1,0,milk-a1e41f5d4c29d0ad,same-article contextual hypothesis; causal edge is not explicit
food left at room temperature,bacteria,nausea,1,0,milk-a1e41f5d4c29d0ad,same-article contextual hypothesis; causal edge is not explicit
food left at room temperature,bacteria,dehydration,1,0,milk-a1e41f5d4c29d0ad,same-article contextual hypothesis; causal edge is not explicit
food left at room temperature,bacteria,food poisoning,1,0,milk-a1e41f5d4c29d0ad,same-article contextual hypothesis; causal edge is not explicit
food left at room temperature,bacteria,acuteeffect,1,0,milk-a1e41f5d4c29d0ad,same-article contextual hypothesis; causal edge is not explicit
Paneer,caustic soda,cancer/carcinogenicity,1,0,milk-a710297f02e308b8,same-article contextual hypothesis; causal edge is not explicit
ice cream,detergent,cancer/carcinogenicity,1,0,milk-a710297f02e308b8,same-article contextual hypothesis; causal edge is not explicit
fruit juices,synthetic flavours,cancer/carcinogenicity,1,0,milk-a710297f02e308b8,same-article contextual hypothesis; causal edge is not explicit
fruit juices,artificial colours,cancer/carcinogenicity,1,0,milk-a710297f02e308b8,same-article contextual hypothesis; causal edge is not explicit
edible oils,machine oil,cancer/carcinogenicity,1,0,milk-a710297f02e308b8,same-article contextual hypothesis; causal edge is not explicit
spices,brick powder,cancer/carcinogenicity,1,0,milk-a710297f02e308b8,same-article contextual hypothesis; causal edge is not explicit
spices,sawdust,cancer/carcinogenicity,1,0,milk-a710297f02e308b8,same-article contextual hypothesis; causal edge is not explicit
Milk,toxins,nausea,1,0,milk-ac16214f09ab2f5a,same-article contextual hypothesis; causal edge is not explicit
Milk,toxins,vomiting,1,0,milk-ac16214f09ab2f5a,same-article contextual hypothesis; causal edge is not explicit
Milk,toxins,dehydration,1,0,milk-ac16214f09ab2f5a,same-article contextual hypothesis; causal edge is not explicit
Milk,toxins,electrolyte imbalance,1,0,milk-ac16214f09ab2f5a,same-article contextual hypothesis; causal edge is not explicit
Milk,toxins,diarrhoea,1,0,milk-ac16214f09ab2f5a,same-article contextual hypothesis; causal edge is not explicit
Milk,toxins,dehydration and electrolyte imbalance,1,0,milk-ac16214f09ab2f5a,same-article contextual hypothesis; causal edge is not explicit
Milk,toxins,abdominal cramps,1,0,milk-ac16214f09ab2f5a,same-article contextual hypothesis; causal edge is not explicit
Milk,toxins,unusual lethargy,1,0,milk-ac16214f09ab2f5a,same-article contextual hypothesis; causal edge is not explicit
Milk,toxins,severe gut inflammation,1,0,milk-ac16214f09ab2f5a,same-article contextual hypothesis; causal edge is not explicit
Milk,toxins,risks affecting growth,1,0,milk-ac16214f09ab2f5a,same-article contextual hypothesis; causal edge is not explicit
Milk,toxins,toxicity,1,0,milk-ac16214f09ab2f5a,same-article contextual hypothesis; causal edge is not explicit
Milk,chemicals,nausea,1,0,milk-ac16214f09ab2f5a,same-article contextual hypothesis; causal edge is not explicit
Milk,chemicals,vomiting,1,0,milk-ac16214f09ab2f5a,same-article contextual hypothesis; causal edge is not explicit
Milk,chemicals,dehydration,1,0,milk-ac16214f09ab2f5a,same-article contextual hypothesis; causal edge is not explicit
Milk,chemicals,electrolyte imbalance,1,0,milk-ac16214f09ab2f5a,same-article contextual hypothesis; causal edge is not explicit
Milk,chemicals,diarrhoea,1,0,milk-ac16214f09ab2f5a,same-article contextual hypothesis; causal edge is not explicit
Milk,chemicals,dehydration and electrolyte imbalance,1,0,milk-ac16214f09ab2f5a,same-article contextual hypothesis; causal edge is not explicit
Milk,chemicals,abdominal cramps,1,0,milk-ac16214f09ab2f5a,same-article contextual hypothesis; causal edge is not explicit
Milk,chemicals,unusual lethargy,1,0,milk-ac16214f09ab2f5a,same-article contextual hypothesis; causal edge is not explicit
Milk,chemicals,severe gut inflammation,1,0,milk-ac16214f09ab2f5a,same-article contextual hypothesis; causal edge is not explicit
Milk,chemicals,risks affecting growth,1,0,milk-ac16214f09ab2f5a,same-article contextual hypothesis; causal edge is not explicit
Milk,chemicals,toxicity,1,0,milk-ac16214f09ab2f5a,same-article contextual hypothesis; causal edge is not explicit
Milk,ethylene glycol,food poisoning,1,0,milk-ae0fa0b757ba21df,same-article contextual hypothesis; causal edge is not explicit
Paneer,industrial grade acetic acid,food poisoning,1,0,milk-ae0fa0b757ba21df,same-article contextual hypothesis; causal edge is not explicit
Paneer,palm oil family,renal failure,1,0,milk-ae0fa0b757ba21df,same-article contextual hypothesis; causal edge is not explicit
Paneer,palm oil family,multi-organ failure,1,0,milk-ae0fa0b757ba21df,same-article contextual hypothesis; causal edge is not explicit
Paneer,palm oil family,food poisoning,1,0,milk-ae0fa0b757ba21df,same-article contextual hypothesis; causal edge is not explicit
Paneer,palm oil family,cancer/carcinogenicity,1,0,milk-ae0fa0b757ba21df,same-article contextual hypothesis; causal edge is not explicit
Paneer,palm oil family,chroniceffect,1,0,milk-ae0fa0b757ba21df,same-article contextual hypothesis; causal edge is not explicit
Paneer,palm oil family,allergic reaction,1,0,milk-ae0fa0b757ba21df,same-article contextual hypothesis; causal edge is not explicit
Paneer,palm oil family,organ damage,1,0,milk-ae0fa0b757ba21df,same-article contextual hypothesis; causal edge is not explicit
Paneer,palm oil family,acuteeffect,1,0,milk-ae0fa0b757ba21df,same-article contextual hypothesis; causal edge is not explicit
Paneer,palm oil family,kidney harm,1,0,milk-ae0fa0b757ba21df,same-article contextual hypothesis; causal edge is not explicit
ice cream,adulterated materials,food poisoning,1,0,milk-ae0fa0b757ba21df,same-article contextual hypothesis; causal edge is not explicit
processed food,adulterant,renal failure,1,0,milk-ae0fa0b757ba21df,same-article contextual hypothesis; causal edge is not explicit
processed food,adulterant,multi-organ failure,1,0,milk-ae0fa0b757ba21df,same-article contextual hypothesis; causal edge is not explicit
processed food,adulterant,food poisoning,1,0,milk-ae0fa0b757ba21df,same-article contextual hypothesis; causal edge is not explicit
processed food,adulterant,chroniceffect,1,0,milk-ae0fa0b757ba21df,same-article contextual hypothesis; causal edge is not explicit
processed food,adulterant,acuteeffect,1,0,milk-ae0fa0b757ba21df,same-article contextual hypothesis; causal edge is not explicit
fish,formalin/formaldehyde,harmful effects on health,1,0,milk-af1ce0c3ea9cfd70,same-article contextual hypothesis; causal edge is not explicit
fruits and vegetables,harmful chemicals,harmful effects on health,1,0,milk-af1ce0c3ea9cfd70,same-article contextual hypothesis; causal edge is not explicit
fruits and vegetables,chemical nutrients,health hazards,1,0,milk-af1ce0c3ea9cfd70,same-article contextual hypothesis; causal edge is not explicit
fruits and vegetables,chemical nutrients,harmful effects on health,1,0,milk-af1ce0c3ea9cfd70,same-article contextual hypothesis; causal edge is not explicit
medicinal syrups,ethylene glycol,death,1,0,milk-b006729520a914df,same-article contextual hypothesis; causal edge is not explicit
medicinal syrups,diethylene glycol,death,1,0,milk-b006729520a914df,same-article contextual hypothesis; causal edge is not explicit
fish curry masala,ethylene oxide,salmonellosis,1,0,milk-b87ea04f3974c7d3,same-article contextual hypothesis; causal edge is not explicit
fish curry masala,ethylene oxide,fflo acuteeffect,1,0,milk-b87ea04f3974c7d3,same-article contextual hypothesis; causal edge is not explicit
fruits,pesticide residue,fflo acuteeffect,1,0,milk-b993f201bb670e21,same-article contextual hypothesis; causal edge is not explicit
wheat flour,pesticide residue,fflo acuteeffect,1,0,milk-b993f201bb670e21,same-article contextual hypothesis; causal edge is not explicit
Milk,pesticide residue,fflo acuteeffect,1,0,milk-b993f201bb670e21,same-article contextual hypothesis; causal edge is not explicit
fish,cadmium,fflo acuteeffect,1,0,milk-b993f201bb670e21,same-article contextual hypothesis; causal edge is not explicit
octopus,cadmium,fflo acuteeffect,1,0,milk-b993f201bb670e21,same-article contextual hypothesis; causal edge is not explicit
squid,cadmium,fflo acuteeffect,1,0,milk-b993f201bb670e21,same-article contextual hypothesis; causal edge is not explicit
fish,mercury,fflo acuteeffect,1,0,milk-b993f201bb670e21,same-article contextual hypothesis; causal edge is not explicit
spice mix,ethylene oxide,fflo acuteeffect,1,0,milk-b993f201bb670e21,same-article contextual hypothesis; causal edge is not explicit
spice mix,ethylene oxide,food poisoning,1,0,milk-b993f201bb670e21,same-article contextual hypothesis; causal edge is not explicit
spice mix,ethylene oxide,cancer/carcinogenicity,1,0,milk-b993f201bb670e21,same-article contextual hypothesis; causal edge is not explicit
spice mix,ethylene oxide,serious health risks,1,0,milk-b993f201bb670e21,same-article contextual hypothesis; causal edge is not explicit
rice,pesticide residue,fflo acuteeffect,1,0,milk-b993f201bb670e21,same-article contextual hypothesis; causal edge is not explicit
rice,pesticide residue,serious health risks,1,0,milk-b993f201bb670e21,same-article contextual hypothesis; causal edge is not explicit
poultry,salmonella,spread of pests,1,0,milk-b9c90eeea91e54ae,same-article contextual hypothesis; causal edge is not explicit
poultry,salmonella,formation of naturally occurring toxins,1,0,milk-b9c90eeea91e54ae,same-article contextual hypothesis; causal edge is not explicit
poultry,salmonella,food poisoning,1,0,milk-b9c90eeea91e54ae,same-article contextual hypothesis; causal edge is not explicit
eggs,salmonella,spread of pests,1,0,milk-b9c90eeea91e54ae,same-article contextual hypothesis; causal edge is not explicit
eggs,salmonella,formation of naturally occurring toxins,1,0,milk-b9c90eeea91e54ae,same-article contextual hypothesis; causal edge is not explicit
eggs,salmonella,food poisoning,1,0,milk-b9c90eeea91e54ae,same-article contextual hypothesis; causal edge is not explicit
Milk,salmonella,spread of pests,1,0,milk-b9c90eeea91e54ae,same-article contextual hypothesis; causal edge is not explicit
Milk,salmonella,formation of naturally occurring toxins,1,0,milk-b9c90eeea91e54ae,same-article contextual hypothesis; causal edge is not explicit
Milk,salmonella,food poisoning,1,0,milk-b9c90eeea91e54ae,same-article contextual hypothesis; causal edge is not explicit
sweets,auramine o,liver damage,1,0,milk-bb864d8d03055611,same-article contextual hypothesis; causal edge is not explicit
sweets,auramine o,kidney damage,1,0,milk-bb864d8d03055611,same-article contextual hypothesis; causal edge is not explicit
sweets,auramine o,enlargement of the spleen,1,0,milk-bb864d8d03055611,same-article contextual hypothesis; causal edge is not explicit
sweets,auramine o,mutagenic effects,1,0,milk-bb864d8d03055611,same-article contextual hypothesis; causal edge is not explicit
sweets,auramine o,cancer/carcinogenicity,1,0,milk-bb864d8d03055611,same-article contextual hypothesis; causal edge is not explicit
sweets,auramine o,physiological degeneration,1,0,milk-bb864d8d03055611,same-article contextual hypothesis; causal edge is not explicit
sweets,auramine o,organ pathology,1,0,milk-bb864d8d03055611,same-article contextual hypothesis; causal edge is not explicit
sweets,auramine o,genetic damage,1,0,milk-bb864d8d03055611,same-article contextual hypothesis; causal edge is not explicit
sweets,auramine o,long term harm,1,0,milk-bb864d8d03055611,same-article contextual hypothesis; causal edge is not explicit
turmeric,metanil yellow,liver damage,1,0,milk-bb864d8d03055611,same-article contextual hypothesis; causal edge is not explicit
turmeric,metanil yellow,kidney damage,1,0,milk-bb864d8d03055611,same-article contextual hypothesis; causal edge is not explicit
turmeric,metanil yellow,enlargement of the spleen,1,0,milk-bb864d8d03055611,same-article contextual hypothesis; causal edge is not explicit
turmeric,metanil yellow,mutagenic effects,1,0,milk-bb864d8d03055611,same-article contextual hypothesis; causal edge is not explicit
turmeric,metanil yellow,physiological degeneration,1,0,milk-bb864d8d03055611,same-article contextual hypothesis; causal edge is not explicit
turmeric,metanil yellow,organ pathology,1,0,milk-bb864d8d03055611,same-article contextual hypothesis; causal edge is not explicit
turmeric,metanil yellow,genetic damage,1,0,milk-bb864d8d03055611,same-article contextual hypothesis; causal edge is not explicit
turmeric,metanil yellow,long term harm,1,0,milk-bb864d8d03055611,same-article contextual hypothesis; causal edge is not explicit
cotton candy,rhodamine B,liver damage,1,0,milk-bb864d8d03055611,same-article contextual hypothesis; causal edge is not explicit
cotton candy,rhodamine B,kidney damage,1,0,milk-bb864d8d03055611,same-article contextual hypothesis; causal edge is not explicit
cotton candy,rhodamine B,enlargement of the spleen,1,0,milk-bb864d8d03055611,same-article contextual hypothesis; causal edge is not explicit
cotton candy,rhodamine B,mutagenic effects,1,0,milk-bb864d8d03055611,same-article contextual hypothesis; causal edge is not explicit
cotton candy,rhodamine B,cancer/carcinogenicity,1,0,milk-bb864d8d03055611,same-article contextual hypothesis; causal edge is not explicit
cotton candy,rhodamine B,physiological degeneration,1,0,milk-bb864d8d03055611,same-article contextual hypothesis; causal edge is not explicit
cotton candy,rhodamine B,organ pathology,1,0,milk-bb864d8d03055611,same-article contextual hypothesis; causal edge is not explicit
cotton candy,rhodamine B,genetic damage,1,0,milk-bb864d8d03055611,same-article contextual hypothesis; causal edge is not explicit
cotton candy,rhodamine B,long term harm,1,0,milk-bb864d8d03055611,same-article contextual hypothesis; causal edge is not explicit
spices,sudan dyes,liver damage,1,0,milk-bb864d8d03055611,same-article contextual hypothesis; causal edge is not explicit
spices,sudan dyes,kidney damage,1,0,milk-bb864d8d03055611,same-article contextual hypothesis; causal edge is not explicit
spices,sudan dyes,enlargement of the spleen,1,0,milk-bb864d8d03055611,same-article contextual hypothesis; causal edge is not explicit
spices,sudan dyes,mutagenic effects,1,0,milk-bb864d8d03055611,same-article contextual hypothesis; causal edge is not explicit
spices,sudan dyes,cancer/carcinogenicity,1,0,milk-bb864d8d03055611,same-article contextual hypothesis; causal edge is not explicit
spices,sudan dyes,physiological degeneration,1,0,milk-bb864d8d03055611,same-article contextual hypothesis; causal edge is not explicit
spices,sudan dyes,organ pathology,1,0,milk-bb864d8d03055611,same-article contextual hypothesis; causal edge is not explicit
spices,sudan dyes,genetic damage,1,0,milk-bb864d8d03055611,same-article contextual hypothesis; causal edge is not explicit
spices,sudan dyes,long term harm,1,0,milk-bb864d8d03055611,same-article contextual hypothesis; causal edge is not explicit
Mustard oil,argemone oil,liver damage,1,0,milk-bb864d8d03055611,same-article contextual hypothesis; causal edge is not explicit
Mustard oil,argemone oil,kidney damage,1,0,milk-bb864d8d03055611,same-article contextual hypothesis; causal edge is not explicit
Mustard oil,argemone oil,enlargement of the spleen,1,0,milk-bb864d8d03055611,same-article contextual hypothesis; causal edge is not explicit
Mustard oil,argemone oil,mutagenic effects,1,0,milk-bb864d8d03055611,same-article contextual hypothesis; causal edge is not explicit
Mustard oil,argemone oil,physiological degeneration,1,0,milk-bb864d8d03055611,same-article contextual hypothesis; causal edge is not explicit
Mustard oil,argemone oil,organ pathology,1,0,milk-bb864d8d03055611,same-article contextual hypothesis; causal edge is not explicit
Mustard oil,argemone oil,genetic damage,1,0,milk-bb864d8d03055611,same-article contextual hypothesis; causal edge is not explicit
Mustard oil,argemone oil,long term harm,1,0,milk-bb864d8d03055611,same-article contextual hypothesis; causal edge is not explicit
Milk,urea,enlargement of the spleen,1,0,milk-bb864d8d03055611,same-article contextual hypothesis; causal edge is not explicit
Milk,urea,mutagenic effects,1,0,milk-bb864d8d03055611,same-article contextual hypothesis; causal edge is not explicit
Milk,urea,physiological degeneration,1,0,milk-bb864d8d03055611,same-article contextual hypothesis; causal edge is not explicit
Milk,urea,organ pathology,1,0,milk-bb864d8d03055611,same-article contextual hypothesis; causal edge is not explicit
Milk,urea,genetic damage,1,0,milk-bb864d8d03055611,same-article contextual hypothesis; causal edge is not explicit
Milk,urea,long term harm,1,0,milk-bb864d8d03055611,same-article contextual hypothesis; causal edge is not explicit
sweets,metanil yellow,liver damage,1,0,milk-bb864d8d03055611,same-article contextual hypothesis; causal edge is not explicit
sweets,metanil yellow,kidney damage,1,0,milk-bb864d8d03055611,same-article contextual hypothesis; causal edge is not explicit
sweets,metanil yellow,enlargement of the spleen,1,0,milk-bb864d8d03055611,same-article contextual hypothesis; causal edge is not explicit
sweets,metanil yellow,mutagenic effects,1,0,milk-bb864d8d03055611,same-article contextual hypothesis; causal edge is not explicit
sweets,metanil yellow,cancer/carcinogenicity,1,0,milk-bb864d8d03055611,same-article contextual hypothesis; causal edge is not explicit
sweets,metanil yellow,long term harm,1,0,milk-bb864d8d03055611,same-article contextual hypothesis; causal edge is not explicit
sweets,rhodamine B,liver damage,1,0,milk-bb864d8d03055611,same-article contextual hypothesis; causal edge is not explicit
sweets,rhodamine B,kidney damage,1,0,milk-bb864d8d03055611,same-article contextual hypothesis; causal edge is not explicit
sweets,rhodamine B,enlargement of the spleen,1,0,milk-bb864d8d03055611,same-article contextual hypothesis; causal edge is not explicit
sweets,rhodamine B,mutagenic effects,1,0,milk-bb864d8d03055611,same-article contextual hypothesis; causal edge is not explicit
sweets,rhodamine B,cancer/carcinogenicity,1,0,milk-bb864d8d03055611,same-article contextual hypothesis; causal edge is not explicit
sweets,rhodamine B,long term harm,1,0,milk-bb864d8d03055611,same-article contextual hypothesis; causal edge is not explicit
sweets,malachite green,liver damage,1,0,milk-bb864d8d03055611,same-article contextual hypothesis; causal edge is not explicit
sweets,malachite green,kidney damage,1,0,milk-bb864d8d03055611,same-article contextual hypothesis; causal edge is not explicit
sweets,malachite green,enlargement of the spleen,1,0,milk-bb864d8d03055611,same-article contextual hypothesis; causal edge is not explicit
sweets,malachite green,mutagenic effects,1,0,milk-bb864d8d03055611,same-article contextual hypothesis; causal edge is not explicit
sweets,malachite green,cancer/carcinogenicity,1,0,milk-bb864d8d03055611,same-article contextual hypothesis; causal edge is not explicit
sweets,malachite green,long term harm,1,0,milk-bb864d8d03055611,same-article contextual hypothesis; causal edge is not explicit
Milk,urea,kidney problems,1,0,milk-c238ac533ab8e0b9,same-article contextual hypothesis; causal edge is not explicit
Milk,urea,gastrointestinal complications,1,0,milk-c238ac533ab8e0b9,same-article contextual hypothesis; causal edge is not explicit
Milk,detergent,kidney problems,1,0,milk-c238ac533ab8e0b9,same-article contextual hypothesis; causal edge is not explicit
Milk,detergent,gastrointestinal complications,1,0,milk-c238ac533ab8e0b9,same-article contextual hypothesis; causal edge is not explicit
Milk,soap,kidney problems,1,0,milk-c238ac533ab8e0b9,same-article contextual hypothesis; causal edge is not explicit
Milk,soap,gastrointestinal complications,1,0,milk-c238ac533ab8e0b9,same-article contextual hypothesis; causal edge is not explicit
Milk,soap,diarrhoea,1,0,milk-c238ac533ab8e0b9,same-article contextual hypothesis; causal edge is not explicit
Milk,soap,cancer/carcinogenicity,1,0,milk-c238ac533ab8e0b9,same-article contextual hypothesis; causal edge is not explicit
Milk,starch,kidney problems,1,0,milk-c238ac533ab8e0b9,same-article contextual hypothesis; causal edge is not explicit
Milk,starch,gastrointestinal complications,1,0,milk-c238ac533ab8e0b9,same-article contextual hypothesis; causal edge is not explicit
Milk,hydrogen peroxide,kidney problems,1,0,milk-c238ac533ab8e0b9,same-article contextual hypothesis; causal edge is not explicit
Milk,hydrogen peroxide,gastrointestinal complications,1,0,milk-c238ac533ab8e0b9,same-article contextual hypothesis; causal edge is not explicit
Milk,hydrogen peroxide,diarrhoea,1,0,milk-c238ac533ab8e0b9,same-article contextual hypothesis; causal edge is not explicit
Milk,hydrogen peroxide,cancer/carcinogenicity,1,0,milk-c238ac533ab8e0b9,same-article contextual hypothesis; causal edge is not explicit
Milk,sodium hydrogen carbonate,kidney problems,1,0,milk-c238ac533ab8e0b9,same-article contextual hypothesis; causal edge is not explicit
Milk,sodium hydrogen carbonate,gastrointestinal complications,1,0,milk-c238ac533ab8e0b9,same-article contextual hypothesis; causal edge is not explicit
Milk,sodium hydrogen carbonate,diarrhoea,1,0,milk-c238ac533ab8e0b9,same-article contextual hypothesis; causal edge is not explicit
Milk,sodium hydrogen carbonate,cancer/carcinogenicity,1,0,milk-c238ac533ab8e0b9,same-article contextual hypothesis; causal edge is not explicit
Milk,toxic adulterants,death,1,0,milk-c3d400494092465e,same-article contextual hypothesis; causal edge is not explicit
Milk,toxic adulterants,fflo acuteeffect,1,0,milk-c3d400494092465e,same-article contextual hypothesis; causal edge is not explicit
fermented foods,toxins,food poisoning,1,0,milk-c720835299992065,same-article contextual hypothesis; causal edge is not explicit
fermented foods,toxins,nausea,1,0,milk-c720835299992065,same-article contextual hypothesis; causal edge is not explicit
fermented foods,toxins,diarrhoea,1,0,milk-c720835299992065,same-article contextual hypothesis; causal edge is not explicit
fermented foods,toxins,severe dehydration,1,0,milk-c720835299992065,same-article contextual hypothesis; causal edge is not explicit
fermented foods,toxins,paralysis,1,0,milk-c720835299992065,same-article contextual hypothesis; causal edge is not explicit
Milk,listeria,fflo acuteeffect,1,0,milk-c8d247f8a136d400,same-article contextual hypothesis; causal edge is not explicit
Milk,campylobacter,fflo acuteeffect,1,0,milk-c8d247f8a136d400,same-article contextual hypothesis; causal edge is not explicit
undercooked beef,e coli,fflo acuteeffect,1,0,milk-c8d247f8a136d400,same-article contextual hypothesis; causal edge is not explicit
municipal water supply,sewage,death,1,0,milk-c9d34ca0c97e2a93,same-article contextual hypothesis; causal edge is not explicit
drinking water,raw sewage,gastrointestinal illness,1,0,milk-c9d34ca0c97e2a93,same-article contextual hypothesis; causal edge is not explicit
Milk,expired milk powder,liver damage,1,0,milk-d1fcc18c1d80bd0a,same-article contextual hypothesis; causal edge is not explicit
Milk,expired milk powder,kidney damage,1,0,milk-d1fcc18c1d80bd0a,same-article contextual hypothesis; causal edge is not explicit
Milk,expired milk powder,vomiting,1,0,milk-d1fcc18c1d80bd0a,same-article contextual hypothesis; causal edge is not explicit
Milk,expired milk powder,digestive complications,1,0,milk-d1fcc18c1d80bd0a,same-article contextual hypothesis; causal edge is not explicit
Milk,palm oil family,digestive complications,1,0,milk-d1fcc18c1d80bd0a,same-article contextual hypothesis; causal edge is not explicit
Mustard oil,soybean oil,cancer/carcinogenicity,1,0,milk-d5b2611e75b60517,same-article contextual hypothesis; causal edge is not explicit
Milk,aflatoxins,immune suppression,1,0,milk-d687a91102133179,same-article contextual hypothesis; causal edge is not explicit
Milk,aflatoxins,growth impairment,1,0,milk-d687a91102133179,same-article contextual hypothesis; causal edge is not explicit
Milk,aflatoxins,cancer/carcinogenicity,1,0,milk-d687a91102133179,same-article contextual hypothesis; causal edge is not explicit
maize,aflatoxin,cancer/carcinogenicity,1,0,milk-d687a91102133179,same-article contextual hypothesis; causal edge is not explicit
wheat,aflatoxin,cancer/carcinogenicity,1,0,milk-d687a91102133179,same-article contextual hypothesis; causal edge is not explicit
Milk,aflatoxin,cancer/carcinogenicity,1,0,milk-d687a91102133179,same-article contextual hypothesis; causal edge is not explicit
adulterated chilli powder,artificial colours,lifestyle and unexplained illnesses,1,0,milk-d6ac7998143ed0f4,same-article contextual hypothesis; causal edge is not explicit
adulterated turmeric,starch,lifestyle and unexplained illnesses,1,0,milk-d6ac7998143ed0f4,same-article contextual hypothesis; causal edge is not explicit
turmeric,chemicals,lifestyle and unexplained illnesses,1,0,milk-d6ac7998143ed0f4,same-article contextual hypothesis; causal edge is not explicit
edible oils,cheaper industrial substitutes,lifestyle and unexplained illnesses,1,0,milk-d6ac7998143ed0f4,same-article contextual hypothesis; causal edge is not explicit
mithai,starch,hyperactivity,1,0,milk-d76c56c09e58067b,same-article contextual hypothesis; causal edge is not explicit
mithai,starch,long term health risks,1,0,milk-d76c56c09e58067b,same-article contextual hypothesis; causal edge is not explicit
mithai,artificial dyes,hyperactivity,1,0,milk-d76c56c09e58067b,same-article contextual hypothesis; causal edge is not explicit
mithai,artificial dyes,long term health risks,1,0,milk-d76c56c09e58067b,same-article contextual hypothesis; causal edge is not explicit
mithai,metallic powders,hyperactivity,1,0,milk-d76c56c09e58067b,same-article contextual hypothesis; causal edge is not explicit
mithai,metallic powders,long term health risks,1,0,milk-d76c56c09e58067b,same-article contextual hypothesis; causal edge is not explicit
Ghee,vanaspati,hyperactivity,1,0,milk-d76c56c09e58067b,same-article contextual hypothesis; causal edge is not explicit
Ghee,vanaspati,long term health risks,1,0,milk-d76c56c09e58067b,same-article contextual hypothesis; causal edge is not explicit
Khoya/mawa,starch,hyperactivity,1,0,milk-d76c56c09e58067b,same-article contextual hypothesis; causal edge is not explicit
Khoya/mawa,starch,long term health risks,1,0,milk-d76c56c09e58067b,same-article contextual hypothesis; causal edge is not explicit
Khoya/mawa,detergent,hyperactivity,1,0,milk-d76c56c09e58067b,same-article contextual hypothesis; causal edge is not explicit
Khoya/mawa,detergent,long term health risks,1,0,milk-d76c56c09e58067b,same-article contextual hypothesis; causal edge is not explicit
silver vark,aluminium foil,hyperactivity,1,0,milk-d76c56c09e58067b,same-article contextual hypothesis; causal edge is not explicit
silver vark,aluminium foil,long term health risks,1,0,milk-d76c56c09e58067b,same-article contextual hypothesis; causal edge is not explicit
mithai,industrial dyes,allergic reaction,1,0,milk-d76c56c09e58067b,same-article contextual hypothesis; causal edge is not explicit
mithai,industrial dyes,nausea,1,0,milk-d76c56c09e58067b,same-article contextual hypothesis; causal edge is not explicit
mithai,industrial dyes,rashes,1,0,milk-d76c56c09e58067b,same-article contextual hypothesis; causal edge is not explicit
mithai,industrial dyes,hyperactivity,1,0,milk-d76c56c09e58067b,same-article contextual hypothesis; causal edge is not explicit
mithai,industrial dyes,long term health risks,1,0,milk-d76c56c09e58067b,same-article contextual hypothesis; causal edge is not explicit
mithai,industrial dyes,gastrointestinal illness,1,0,milk-d76c56c09e58067b,same-article contextual hypothesis; causal edge is not explicit
mithai,industrial dyes,food poisoning,1,0,milk-d76c56c09e58067b,same-article contextual hypothesis; causal edge is not explicit
Milk,detergent,digestive irritation,1,0,milk-d76c56c09e58067b,same-article contextual hypothesis; causal edge is not explicit
Milk,urea,digestive irritation,1,0,milk-d76c56c09e58067b,same-article contextual hypothesis; causal edge is not explicit
dry fruits,artificial colours,allergic reaction,1,0,milk-d76c56c09e58067b,same-article contextual hypothesis; causal edge is not explicit
dry fruits,artificial colours,nausea,1,0,milk-d76c56c09e58067b,same-article contextual hypothesis; causal edge is not explicit
dry fruits,artificial colours,digestive irritation,1,0,milk-d76c56c09e58067b,same-article contextual hypothesis; causal edge is not explicit
protein powders,heavy metals,hair loss,1,0,milk-daa8a0902e951146,same-article contextual hypothesis; causal edge is not explicit
protein powders,heavy metals,acne,1,0,milk-daa8a0902e951146,same-article contextual hypothesis; causal edge is not explicit
protein powders,heavy metals,fflo chroniceffect,1,0,milk-daa8a0902e951146,same-article contextual hypothesis; causal edge is not explicit
whey protein,steroids,hair loss,1,0,milk-daa8a0902e951146,same-article contextual hypothesis; causal edge is not explicit
whey protein,steroids,acne,1,0,milk-daa8a0902e951146,same-article contextual hypothesis; causal edge is not explicit
whey protein,steroids,fflo chroniceffect,1,0,milk-daa8a0902e951146,same-article contextual hypothesis; causal edge is not explicit
fish,tcdd,bioaccumulation,1,0,milk-e7de144114acb0ad,same-article contextual hypothesis; causal edge is not explicit
fish,tcdd,chronic inflammatory markers,1,0,milk-e7de144114acb0ad,same-article contextual hypothesis; causal edge is not explicit
fish,tcdd,deadly health effects,1,0,milk-e7de144114acb0ad,same-article contextual hypothesis; causal edge is not explicit
Milk,dioxin,chronic inflammation,1,0,milk-e7de144114acb0ad,same-article contextual hypothesis; causal edge is not explicit
Milk,dioxin,cancer/carcinogenicity,1,0,milk-e7de144114acb0ad,same-article contextual hypothesis; causal edge is not explicit
Milk,dioxin,bioaccumulation in fat,1,0,milk-e7de144114acb0ad,same-article contextual hypothesis; causal edge is not explicit
Milk,urea,serious harm to consumers,1,0,milk-fbd10ca791d9f631,same-article contextual hypothesis; causal edge is not explicit
Milk,starch,serious harm to consumers,1,0,milk-fbd10ca791d9f631,same-article contextual hypothesis; causal edge is not explicit
Milk,detergent,serious harm to consumers,1,0,milk-fbd10ca791d9f631,same-article contextual hypothesis; causal edge is not explicit
Milk,maltodextrin,serious harm to consumers,1,0,milk-fbd10ca791d9f631,same-article contextual hypothesis; causal edge is not explicit
Milk,palm oil family,serious harm to consumers,1,0,milk-fbd10ca791d9f631,same-article contextual hypothesis; causal edge is not explicit
Milk,vegetable oil/fat,serious harm to consumers,1,0,milk-fbd10ca791d9f631,same-article contextual hypothesis; causal edge is not explicit
Milk,preservatives,serious harm to consumers,1,0,milk-fbd10ca791d9f631,same-article contextual hypothesis; causal edge is not explicit
Milk,neutralisers,serious harm to consumers,1,0,milk-fbd10ca791d9f631,same-article contextual hypothesis; causal edge is not explicit
Milk,gruel,serious harm to consumers,1,0,milk-fbd10ca791d9f631,same-article contextual hypothesis; causal edge is not explicit
Milk,flour based substances,serious harm to consumers,1,0,milk-fbd10ca791d9f631,same-article contextual hypothesis; causal edge is not explicit
cough syrup,toxic industrial solvents,toxicity,1,0,milk-fccd7cb21929e82a,same-article contextual hypothesis; causal edge is not explicit
cough syrup,toxic industrial solvents,death,1,0,milk-fccd7cb21929e82a,same-article contextual hypothesis; causal edge is not explicit
cough syrup,ethylene glycol,death,1,0,milk-fccd7cb21929e82a,same-article contextual hypothesis; causal edge is not explicit
cough syrup,ethylene glycol,ravaging internal organs,1,0,milk-fccd7cb21929e82a,same-article contextual hypothesis; causal edge is not explicit
cough syrup,diethylene glycol,death,1,0,milk-fccd7cb21929e82a,same-article contextual hypothesis; causal edge is not explicit
cough syrup,diethylene glycol,ravaging internal organs,1,0,milk-fccd7cb21929e82a,same-article contextual hypothesis; causal edge is not explicit
Paneer,listeria,guillain barre syndrome,1,0,milk-fd2049abe5c1c74f,same-article contextual hypothesis; causal edge is not explicit
Paneer,listeria,diarrhoea,1,0,milk-fd2049abe5c1c74f,same-article contextual hypothesis; causal edge is not explicit
Paneer,listeria,abdominal cramps,1,0,milk-fd2049abe5c1c74f,same-article contextual hypothesis; causal edge is not explicit
Paneer,listeria,fever,1,0,milk-fd2049abe5c1c74f,same-article contextual hypothesis; causal edge is not explicit
Paneer,listeria,nausea,1,0,milk-fd2049abe5c1c74f,same-article contextual hypothesis; causal edge is not explicit
Paneer,listeria,paralysis,1,0,milk-fd2049abe5c1c74f,same-article contextual hypothesis; causal edge is not explicit
Paneer,listeria,weakness,1,0,milk-fd2049abe5c1c74f,same-article contextual hypothesis; causal edge is not explicit
Paneer,listeria,acuteeffect,1,0,milk-fd2049abe5c1c74f,same-article contextual hypothesis; causal edge is not explicit
Paneer,listeria,gastrointestinal illness,1,0,milk-fd2049abe5c1c74f,same-article contextual hypothesis; causal edge is not explicit
Paneer,e coli,guillain barre syndrome,1,0,milk-fd2049abe5c1c74f,same-article contextual hypothesis; causal edge is not explicit
Paneer,e coli,diarrhoea,1,0,milk-fd2049abe5c1c74f,same-article contextual hypothesis; causal edge is not explicit
Paneer,e coli,abdominal cramps,1,0,milk-fd2049abe5c1c74f,same-article contextual hypothesis; causal edge is not explicit
Paneer,e coli,fever,1,0,milk-fd2049abe5c1c74f,same-article contextual hypothesis; causal edge is not explicit
Paneer,e coli,nausea,1,0,milk-fd2049abe5c1c74f,same-article contextual hypothesis; causal edge is not explicit
Paneer,e coli,paralysis,1,0,milk-fd2049abe5c1c74f,same-article contextual hypothesis; causal edge is not explicit
Paneer,e coli,weakness,1,0,milk-fd2049abe5c1c74f,same-article contextual hypothesis; causal edge is not explicit
Paneer,e coli,acuteeffect,1,0,milk-fd2049abe5c1c74f,same-article contextual hypothesis; causal edge is not explicit
Paneer,e coli,gastrointestinal illness,1,0,milk-fd2049abe5c1c74f,same-article contextual hypothesis; causal edge is not explicit
Cheese,listeria,guillain barre syndrome,1,0,milk-fd2049abe5c1c74f,same-article contextual hypothesis; causal edge is not explicit
Cheese,listeria,diarrhoea,1,0,milk-fd2049abe5c1c74f,same-article contextual hypothesis; causal edge is not explicit
Cheese,listeria,abdominal cramps,1,0,milk-fd2049abe5c1c74f,same-article contextual hypothesis; causal edge is not explicit
Cheese,listeria,fever,1,0,milk-fd2049abe5c1c74f,same-article contextual hypothesis; causal edge is not explicit
Cheese,listeria,nausea,1,0,milk-fd2049abe5c1c74f,same-article contextual hypothesis; causal edge is not explicit
Cheese,listeria,paralysis,1,0,milk-fd2049abe5c1c74f,same-article contextual hypothesis; causal edge is not explicit
Cheese,listeria,weakness,1,0,milk-fd2049abe5c1c74f,same-article contextual hypothesis; causal edge is not explicit
Cheese,listeria,acuteeffect,1,0,milk-fd2049abe5c1c74f,same-article contextual hypothesis; causal edge is not explicit
Cheese,listeria,gastrointestinal illness,1,0,milk-fd2049abe5c1c74f,same-article contextual hypothesis; causal edge is not explicit
rice,bacillus cereus,guillain barre syndrome,1,0,milk-fd2049abe5c1c74f,same-article contextual hypothesis; causal edge is not explicit
rice,bacillus cereus,diarrhoea,1,0,milk-fd2049abe5c1c74f,same-article contextual hypothesis; causal edge is not explicit
rice,bacillus cereus,abdominal cramps,1,0,milk-fd2049abe5c1c74f,same-article contextual hypothesis; causal edge is not explicit
rice,bacillus cereus,fever,1,0,milk-fd2049abe5c1c74f,same-article contextual hypothesis; causal edge is not explicit
rice,bacillus cereus,nausea,1,0,milk-fd2049abe5c1c74f,same-article contextual hypothesis; causal edge is not explicit
rice,bacillus cereus,paralysis,1,0,milk-fd2049abe5c1c74f,same-article contextual hypothesis; causal edge is not explicit
rice,bacillus cereus,weakness,1,0,milk-fd2049abe5c1c74f,same-article contextual hypothesis; causal edge is not explicit
rice,bacillus cereus,acuteeffect,1,0,milk-fd2049abe5c1c74f,same-article contextual hypothesis; causal edge is not explicit
rice,bacillus cereus,gastrointestinal illness,1,0,milk-fd2049abe5c1c74f,same-article contextual hypothesis; causal edge is not explicit
Milk,water,stomach disorders,1,0,milk-fe1e3cc4f8fe0fc2,same-article contextual hypothesis; causal edge is not explicit
salt,chalk powder,nausea,1,0,milk-fe1e3cc4f8fe0fc2,same-article contextual hypothesis; causal edge is not explicit
salt,chalk powder,stomach disorders,1,0,milk-fe1e3cc4f8fe0fc2,same-article contextual hypothesis; causal edge is not explicit
salt,chalk powder,food poisoning,1,0,milk-fe1e3cc4f8fe0fc2,same-article contextual hypothesis; causal edge is not explicit
Milk,detergent,stomach disorders,1,0,milk-fe1e3cc4f8fe0fc2,same-article contextual hypothesis; causal edge is not explicit
Milk,starch,nausea,1,0,milk-fe1e3cc4f8fe0fc2,same-article contextual hypothesis; causal edge is not explicit
Milk,starch,stomach disorders,1,0,milk-fe1e3cc4f8fe0fc2,same-article contextual hypothesis; causal edge is not explicit
Milk,starch,food poisoning,1,0,milk-fe1e3cc4f8fe0fc2,same-article contextual hypothesis; causal edge is not explicit
honey,sugar,nausea,1,0,milk-fe1e3cc4f8fe0fc2,same-article contextual hypothesis; causal edge is not explicit
honey,sugar,stomach disorders,1,0,milk-fe1e3cc4f8fe0fc2,same-article contextual hypothesis; causal edge is not explicit
honey,sugar,food poisoning,1,0,milk-fe1e3cc4f8fe0fc2,same-article contextual hypothesis; causal edge is not explicit
honey,glucose,nausea,1,0,milk-fe1e3cc4f8fe0fc2,same-article contextual hypothesis; causal edge is not explicit
honey,glucose,stomach disorders,1,0,milk-fe1e3cc4f8fe0fc2,same-article contextual hypothesis; causal edge is not explicit
honey,glucose,food poisoning,1,0,milk-fe1e3cc4f8fe0fc2,same-article contextual hypothesis; causal edge is not explicit
green veggies,malachite green,nausea,1,0,milk-fe1e3cc4f8fe0fc2,same-article contextual hypothesis; causal edge is not explicit
green veggies,malachite green,stomach disorders,1,0,milk-fe1e3cc4f8fe0fc2,same-article contextual hypothesis; causal edge is not explicit
green veggies,malachite green,food poisoning,1,0,milk-fe1e3cc4f8fe0fc2,same-article contextual hypothesis; causal edge is not explicit
rice,plastic,nausea,1,0,milk-fe1e3cc4f8fe0fc2,same-article contextual hypothesis; causal edge is not explicit
rice,plastic,stomach disorders,1,0,milk-fe1e3cc4f8fe0fc2,same-article contextual hypothesis; causal edge is not explicit
rice,plastic,food poisoning,1,0,milk-fe1e3cc4f8fe0fc2,same-article contextual hypothesis; causal edge is not explicit
Ghee,starch,nausea,1,0,milk-fe1e3cc4f8fe0fc2,same-article contextual hypothesis; causal edge is not explicit
Ghee,starch,stomach disorders,1,0,milk-fe1e3cc4f8fe0fc2,same-article contextual hypothesis; causal edge is not explicit
Ghee,starch,food poisoning,1,0,milk-fe1e3cc4f8fe0fc2,same-article contextual hypothesis; causal edge is not explicit
Ghee,vanaspati,stomach disorders,1,0,milk-fe1e3cc4f8fe0fc2,same-article contextual hypothesis; causal edge is not explicit
tea leaves,artificial colouring,nausea,1,0,milk-fe1e3cc4f8fe0fc2,same-article contextual hypothesis; causal edge is not explicit
tea leaves,artificial colouring,stomach disorders,1,0,milk-fe1e3cc4f8fe0fc2,same-article contextual hypothesis; causal edge is not explicit
tea leaves,artificial colouring,food poisoning,1,0,milk-fe1e3cc4f8fe0fc2,same-article contextual hypothesis; causal edge is not explicit
ice cream,chalk powder,nausea,1,0,milk-fe1e3cc4f8fe0fc2,same-article contextual hypothesis; causal edge is not explicit
ice cream,chalk powder,stomach disorders,1,0,milk-fe1e3cc4f8fe0fc2,same-article contextual hypothesis; causal edge is not explicit
ice cream,chalk powder,food poisoning,1,0,milk-fe1e3cc4f8fe0fc2,same-article contextual hypothesis; causal edge is not explicit
ice cream,washing soda,nausea,1,0,milk-fe1e3cc4f8fe0fc2,same-article contextual hypothesis; causal edge is not explicit
ice cream,washing soda,stomach disorders,1,0,milk-fe1e3cc4f8fe0fc2,same-article contextual hypothesis; causal edge is not explicit
ice cream,washing soda,food poisoning,1,0,milk-fe1e3cc4f8fe0fc2,same-article contextual hypothesis; causal edge is not explicit
mustard seeds,argemone seeds,nausea,1,0,milk-fe1e3cc4f8fe0fc2,same-article contextual hypothesis; causal edge is not explicit
mustard seeds,argemone seeds,stomach disorders,1,0,milk-fe1e3cc4f8fe0fc2,same-article contextual hypothesis; causal edge is not explicit
mustard seeds,argemone seeds,food poisoning,1,0,milk-fe1e3cc4f8fe0fc2,same-article contextual hypothesis; causal edge is not explicit
sella rice,turmeric,nausea,1,0,milk-fe1e3cc4f8fe0fc2,same-article contextual hypothesis; causal edge is not explicit
sella rice,turmeric,stomach disorders,1,0,milk-fe1e3cc4f8fe0fc2,same-article contextual hypothesis; causal edge is not explicit
sella rice,turmeric,food poisoning,1,0,milk-fe1e3cc4f8fe0fc2,same-article contextual hypothesis; causal edge is not explicit
rasgulla,unspecified adulterant,healtheffect_tpc_injury,1,0,oil-077b1e8524db3123,same-article contextual hypothesis; causal edge is not explicit
Mustard oil,canola rapeseed mustard,cardiovascular disease,1,0,oil-177750d6de6b9fbc,same-article contextual hypothesis; causal edge is not explicit
Mustard oil,canola rapeseed mustard,conversion to trans fats at high temperature,1,0,oil-177750d6de6b9fbc,same-article contextual hypothesis; causal edge is not explicit
Mustard oil,palm oil family,cardiovascular disease,1,0,oil-177750d6de6b9fbc,same-article contextual hypothesis; causal edge is not explicit
Mustard oil,palm oil family,conversion to trans fats at high temperature,1,0,oil-177750d6de6b9fbc,same-article contextual hypothesis; causal edge is not explicit
Ghee,fake ghee,allergic reaction,1,0,oil-21d4880656b0c52f,same-article contextual hypothesis; causal edge is not explicit
sweets,non permitted colours,cancer/carcinogenicity,1,0,oil-2f8fdf97a8f42ade,same-article contextual hypothesis; causal edge is not explicit
sweets,non permitted colours,cardiovascular disease,1,0,oil-2f8fdf97a8f42ade,same-article contextual hypothesis; causal edge is not explicit
Edible/cooking oil,argemone oil,gastrointestinal problems,1,0,oil-3bd1cf9862ff569d,same-article contextual hypothesis; causal edge is not explicit
Edible/cooking oil,argemone oil,cancer/carcinogenicity,1,0,oil-3bd1cf9862ff569d,same-article contextual hypothesis; causal edge is not explicit
Edible/cooking oil,argemone oil,allergic reaction,1,0,oil-3bd1cf9862ff569d,same-article contextual hypothesis; causal edge is not explicit
Edible/cooking oil,argemone oil,gastrointestinal illness,1,0,oil-3bd1cf9862ff569d,same-article contextual hypothesis; causal edge is not explicit
Edible/cooking oil,argemone oil,neurological effects,1,0,oil-3bd1cf9862ff569d,same-article contextual hypothesis; causal edge is not explicit
Soybean oil,vitamin d,hypercalcemia,1,0,oil-4d6bfb72c0733299,same-article contextual hypothesis; causal edge is not explicit
Soybean oil,vitamin d,kidney damage,1,0,oil-4d6bfb72c0733299,same-article contextual hypothesis; causal edge is not explicit
Soybean oil,vitamin d,bone damage,1,0,oil-4d6bfb72c0733299,same-article contextual hypothesis; causal edge is not explicit
Soybean oil,vitamin d,soft tissue damage,1,0,oil-4d6bfb72c0733299,same-article contextual hypothesis; causal edge is not explicit
Paneer,foreign fat,severe health risks,1,0,oil-50e40c8b74e2a126,same-article contextual hypothesis; causal edge is not explicit
Paneer,starch,severe health risks,1,0,oil-50e40c8b74e2a126,same-article contextual hypothesis; causal edge is not explicit
Paneer,refined oil,severe health risks,1,0,oil-50e40c8b74e2a126,same-article contextual hypothesis; causal edge is not explicit
Paneer,hydrogenated oil,severe health risks,1,0,oil-50e40c8b74e2a126,same-article contextual hypothesis; causal edge is not explicit
Paneer,sulphuric acid,severe health risks,1,0,oil-50e40c8b74e2a126,same-article contextual hypothesis; causal edge is not explicit
Khoya/mawa,starch,severe health risks,1,0,oil-50e40c8b74e2a126,same-article contextual hypothesis; causal edge is not explicit
Paneer,suspected adulterant,hazardous to health,1,0,oil-5dc213001484f9d5,same-article contextual hypothesis; causal edge is not explicit
olive oil,palm oil family,detrimental effects on health,1,0,oil-7398fff2b0bde702,same-article contextual hypothesis; causal edge is not explicit
olive oil,palm oil family,diseases linked to these adulterated products,1,0,oil-7398fff2b0bde702,same-article contextual hypothesis; causal edge is not explicit
avocado oil,soybean oil,detrimental effects on health,1,0,oil-7398fff2b0bde702,same-article contextual hypothesis; causal edge is not explicit
avocado oil,soybean oil,diseases linked to these adulterated products,1,0,oil-7398fff2b0bde702,same-article contextual hypothesis; causal edge is not explicit
Milk,urea,stomach infections,1,0,oil-825d58fdbb007f4f,same-article contextual hypothesis; causal edge is not explicit
Milk,urea,skin infections,1,0,oil-825d58fdbb007f4f,same-article contextual hypothesis; causal edge is not explicit
Edible/cooking oil,animal fat,cancer/carcinogenicity,1,0,oil-8c664dba9516ee5f,same-article contextual hypothesis; causal edge is not explicit
Edible/cooking oil,animal fat,gastro intestinal diseases,1,0,oil-8c664dba9516ee5f,same-article contextual hypothesis; causal edge is not explicit
Edible/cooking oil,animal fat,gastrointestinal diseases,1,0,oil-8c664dba9516ee5f,same-article contextual hypothesis; causal edge is not explicit
Edible/cooking oil,animal fat,threatens public health,1,0,oil-8c664dba9516ee5f,same-article contextual hypothesis; causal edge is not explicit
Edible/cooking oil,animal fat,severe legal consequences for offenders,1,0,oil-8c664dba9516ee5f,same-article contextual hypothesis; causal edge is not explicit
food items,artificial colors,cancer/carcinogenicity,1,0,oil-8c664dba9516ee5f,same-article contextual hypothesis; causal edge is not explicit
food items,artificial colors,gastro intestinal diseases,1,0,oil-8c664dba9516ee5f,same-article contextual hypothesis; causal edge is not explicit
food items,artificial colors,gastrointestinal diseases,1,0,oil-8c664dba9516ee5f,same-article contextual hypothesis; causal edge is not explicit
food items,artificial colors,severe legal consequences for offenders,1,0,oil-8c664dba9516ee5f,same-article contextual hypothesis; causal edge is not explicit
fresh meat,decayed and dead animal meat,cancer/carcinogenicity,1,0,oil-8c664dba9516ee5f,same-article contextual hypothesis; causal edge is not explicit
fresh meat,decayed and dead animal meat,gastro intestinal diseases,1,0,oil-8c664dba9516ee5f,same-article contextual hypothesis; causal edge is not explicit
fresh meat,decayed and dead animal meat,gastrointestinal diseases,1,0,oil-8c664dba9516ee5f,same-article contextual hypothesis; causal edge is not explicit
fresh meat,decayed and dead animal meat,threatens public health,1,0,oil-8c664dba9516ee5f,same-article contextual hypothesis; causal edge is not explicit
fresh meat,decayed and dead animal meat,severe legal consequences for offenders,1,0,oil-8c664dba9516ee5f,same-article contextual hypothesis; causal edge is not explicit
mangoes,calcium carbide,cancer/carcinogenicity,1,0,oil-8c664dba9516ee5f,same-article contextual hypothesis; causal edge is not explicit
mangoes,calcium carbide,gastro intestinal diseases,1,0,oil-8c664dba9516ee5f,same-article contextual hypothesis; causal edge is not explicit
mangoes,calcium carbide,threatens public health,1,0,oil-8c664dba9516ee5f,same-article contextual hypothesis; causal edge is not explicit
mangoes,calcium carbide,severe legal consequences for offenders,1,0,oil-8c664dba9516ee5f,same-article contextual hypothesis; causal edge is not explicit
cooking oils,animal fat,cancer/carcinogenicity,1,0,oil-8c664dba9516ee5f,same-article contextual hypothesis; causal edge is not explicit
cooking oils,animal fat,gastro intestinal diseases,1,0,oil-8c664dba9516ee5f,same-article contextual hypothesis; causal edge is not explicit
cooking oils,animal fat,gastrointestinal diseases,1,0,oil-8c664dba9516ee5f,same-article contextual hypothesis; causal edge is not explicit
cooking oils,animal fat,severe legal consequences for offenders,1,0,oil-8c664dba9516ee5f,same-article contextual hypothesis; causal edge is not explicit
fresh meat,decayed or spoiled meat,cancer/carcinogenicity,1,0,oil-8c664dba9516ee5f,same-article contextual hypothesis; causal edge is not explicit
fresh meat,decayed or spoiled meat,gastro intestinal diseases,1,0,oil-8c664dba9516ee5f,same-article contextual hypothesis; causal edge is not explicit
fresh meat,decayed or spoiled meat,gastrointestinal diseases,1,0,oil-8c664dba9516ee5f,same-article contextual hypothesis; causal edge is not explicit
fresh meat,decayed or spoiled meat,severe legal consequences for offenders,1,0,oil-8c664dba9516ee5f,same-article contextual hypothesis; causal edge is not explicit
Mustard oil,argemone oil,itching,1,0,oil-a80e246d597e0db8,same-article contextual hypothesis; causal edge is not explicit
Mustard oil,argemone oil,dizziness,1,0,oil-a80e246d597e0db8,same-article contextual hypothesis; causal edge is not explicit
Mustard oil,argemone oil,headaches,1,0,oil-a80e246d597e0db8,same-article contextual hypothesis; causal edge is not explicit
Mustard oil,argemone oil,blurred vision,1,0,oil-a80e246d597e0db8,same-article contextual hypothesis; causal edge is not explicit
onions,e coli,long term health risks,1,0,oil-a84ecb87feb1a1b3,same-article contextual hypothesis; causal edge is not explicit
cheeseburger,mouse droppings,long term health risks,1,0,oil-a84ecb87feb1a1b3,same-article contextual hypothesis; causal edge is not explicit
Paneer,palm oil family,cardiovascular disease,1,0,oil-a9ac84d7fbe3097f,same-article contextual hypothesis; causal edge is not explicit
Paneer,palm oil family,weight gain,1,0,oil-a9ac84d7fbe3097f,same-article contextual hypothesis; causal edge is not explicit
Paneer,palm oil family,stroke,1,0,oil-a9ac84d7fbe3097f,same-article contextual hypothesis; causal edge is not explicit
Paneer,palm oil family,bloating,1,0,oil-a9ac84d7fbe3097f,same-article contextual hypothesis; causal edge is not explicit
Paneer,palm oil family,diarrhoea,1,0,oil-a9ac84d7fbe3097f,same-article contextual hypothesis; causal edge is not explicit
Paneer,palm oil family,stomach discomfort,1,0,oil-a9ac84d7fbe3097f,same-article contextual hypothesis; causal edge is not explicit
Paneer,palm oil family,inflammation,1,0,oil-a9ac84d7fbe3097f,same-article contextual hypothesis; causal edge is not explicit
Paneer,palm oil family,fflo chroniceffect,1,0,oil-a9ac84d7fbe3097f,same-article contextual hypothesis; causal edge is not explicit
Paneer,palm oil family,tissue damage,1,0,oil-a9ac84d7fbe3097f,same-article contextual hypothesis; causal edge is not explicit
Paneer,palm oil family,permanent damage to internal organs,1,0,oil-a9ac84d7fbe3097f,same-article contextual hypothesis; causal edge is not explicit
Paneer,palm oil family,breathing difficulties,1,0,oil-a9ac84d7fbe3097f,same-article contextual hypothesis; causal edge is not explicit
Paneer,palm oil family,throat irritation,1,0,oil-a9ac84d7fbe3097f,same-article contextual hypothesis; causal edge is not explicit
Paneer,palm oil family,lung damage,1,0,oil-a9ac84d7fbe3097f,same-article contextual hypothesis; causal edge is not explicit
Paneer,palm oil family,asthma attacks,1,0,oil-a9ac84d7fbe3097f,same-article contextual hypothesis; causal edge is not explicit
Paneer,palm oil family,nausea,1,0,oil-a9ac84d7fbe3097f,same-article contextual hypothesis; causal edge is not explicit
Paneer,palm oil family,vomiting,1,0,oil-a9ac84d7fbe3097f,same-article contextual hypothesis; causal edge is not explicit
Paneer,palm oil family,internal bleeding,1,0,oil-a9ac84d7fbe3097f,same-article contextual hypothesis; causal edge is not explicit
Paneer,palm oil family,ulcers,1,0,oil-a9ac84d7fbe3097f,same-article contextual hypothesis; causal edge is not explicit
Paneer,palm oil family,severe acid reflux,1,0,oil-a9ac84d7fbe3097f,same-article contextual hypothesis; causal edge is not explicit
Paneer,acetic acid,cardiovascular disease,1,0,oil-a9ac84d7fbe3097f,same-article contextual hypothesis; causal edge is not explicit
Paneer,acetic acid,weight gain,1,0,oil-a9ac84d7fbe3097f,same-article contextual hypothesis; causal edge is not explicit
Paneer,acetic acid,stroke,1,0,oil-a9ac84d7fbe3097f,same-article contextual hypothesis; causal edge is not explicit
Paneer,acetic acid,bloating,1,0,oil-a9ac84d7fbe3097f,same-article contextual hypothesis; causal edge is not explicit
Paneer,acetic acid,diarrhoea,1,0,oil-a9ac84d7fbe3097f,same-article contextual hypothesis; causal edge is not explicit
Paneer,acetic acid,stomach discomfort,1,0,oil-a9ac84d7fbe3097f,same-article contextual hypothesis; causal edge is not explicit
Paneer,acetic acid,inflammation,1,0,oil-a9ac84d7fbe3097f,same-article contextual hypothesis; causal edge is not explicit
Paneer,acetic acid,fflo chroniceffect,1,0,oil-a9ac84d7fbe3097f,same-article contextual hypothesis; causal edge is not explicit
Paneer,acetic acid,tissue damage,1,0,oil-a9ac84d7fbe3097f,same-article contextual hypothesis; causal edge is not explicit
Paneer,acetic acid,permanent damage to internal organs,1,0,oil-a9ac84d7fbe3097f,same-article contextual hypothesis; causal edge is not explicit
Paneer,acetic acid,breathing difficulties,1,0,oil-a9ac84d7fbe3097f,same-article contextual hypothesis; causal edge is not explicit
Paneer,acetic acid,throat irritation,1,0,oil-a9ac84d7fbe3097f,same-article contextual hypothesis; causal edge is not explicit
Paneer,acetic acid,lung damage,1,0,oil-a9ac84d7fbe3097f,same-article contextual hypothesis; causal edge is not explicit
Paneer,acetic acid,asthma attacks,1,0,oil-a9ac84d7fbe3097f,same-article contextual hypothesis; causal edge is not explicit
Paneer,acetic acid,nausea,1,0,oil-a9ac84d7fbe3097f,same-article contextual hypothesis; causal edge is not explicit
Paneer,acetic acid,vomiting,1,0,oil-a9ac84d7fbe3097f,same-article contextual hypothesis; causal edge is not explicit
Paneer,acetic acid,internal bleeding,1,0,oil-a9ac84d7fbe3097f,same-article contextual hypothesis; causal edge is not explicit
Paneer,acetic acid,ulcers,1,0,oil-a9ac84d7fbe3097f,same-article contextual hypothesis; causal edge is not explicit
Paneer,acetic acid,severe acid reflux,1,0,oil-a9ac84d7fbe3097f,same-article contextual hypothesis; causal edge is not explicit
Mustard oil,argemone mexicana seeds,dropsy,1,0,oil-aca35e8b9bccaa60,same-article contextual hypothesis; causal edge is not explicit
Mustard oil,argemone mexicana seeds,fflo acuteeffect,1,0,oil-aca35e8b9bccaa60,same-article contextual hypothesis; causal edge is not explicit
extra virgin olive oil,seed oil,toxic oil syndrome,1,0,oil-b697d96d9a9efcdd,same-article contextual hypothesis; causal edge is not explicit
extra virgin olive oil,seed oil,fflo chroniceffect,1,0,oil-b697d96d9a9efcdd,same-article contextual hypothesis; causal edge is not explicit
extra virgin olive oil,chlorophyll,toxic oil syndrome,1,0,oil-b697d96d9a9efcdd,same-article contextual hypothesis; causal edge is not explicit
extra virgin olive oil,chlorophyll,fflo chroniceffect,1,0,oil-b697d96d9a9efcdd,same-article contextual hypothesis; causal edge is not explicit
edible oils,tri ortho cresyl phosphate,neurological effects,1,0,oil-d276b566dce62194,same-article contextual hypothesis; causal edge is not explicit
edible oils,tri ortho cresyl phosphate,cramping muscle pain,1,0,oil-d276b566dce62194,same-article contextual hypothesis; causal edge is not explicit
edible oils,tri ortho cresyl phosphate,spasticity,1,0,oil-d276b566dce62194,same-article contextual hypothesis; causal edge is not explicit
edible oils,tri ortho cresyl phosphate,illness,1,0,oil-d276b566dce62194,same-article contextual hypothesis; causal edge is not explicit
mustard seeds,argemone mexicana,widespread capillary dilatation,1,0,oil-e1aa62675070cacd,same-article contextual hypothesis; causal edge is not explicit
mustard seeds,argemone mexicana,acuteeffect,1,0,oil-e1aa62675070cacd,same-article contextual hypothesis; causal edge is not explicit
mustard seeds,argemone mexicana,gastroenteric symptoms,1,0,oil-e1aa62675070cacd,same-article contextual hypothesis; causal edge is not explicit
Mustard oil,argemone mexicana,gastroenteric symptoms,1,0,oil-e1aa62675070cacd,same-article contextual hypothesis; causal edge is not explicit
olive oil,sunflower oil,food poisoning,1,0,oil-e3fbe637ba51632f,same-article contextual hypothesis; causal edge is not explicit
olive oil,sunflower oil,gastrointestinal illness,1,0,oil-e3fbe637ba51632f,same-article contextual hypothesis; causal edge is not explicit
olive oil,sunflower oil,serious health risks,1,0,oil-e3fbe637ba51632f,same-article contextual hypothesis; causal edge is not explicit
olive oil,sunflower oil,long lasting adverse effects on health,1,0,oil-e3fbe637ba51632f,same-article contextual hypothesis; causal edge is not explicit
olive oil,soybean oil,food poisoning,1,0,oil-e3fbe637ba51632f,same-article contextual hypothesis; causal edge is not explicit
olive oil,soybean oil,gastrointestinal illness,1,0,oil-e3fbe637ba51632f,same-article contextual hypothesis; causal edge is not explicit
olive oil,soybean oil,serious health risks,1,0,oil-e3fbe637ba51632f,same-article contextual hypothesis; causal edge is not explicit
olive oil,soybean oil,long lasting adverse effects on health,1,0,oil-e3fbe637ba51632f,same-article contextual hypothesis; causal edge is not explicit
olive oil,palm oil family,food poisoning,1,0,oil-e3fbe637ba51632f,same-article contextual hypothesis; causal edge is not explicit
olive oil,palm oil family,gastrointestinal illness,1,0,oil-e3fbe637ba51632f,same-article contextual hypothesis; causal edge is not explicit
olive oil,palm oil family,serious health risks,1,0,oil-e3fbe637ba51632f,same-article contextual hypothesis; causal edge is not explicit
olive oil,palm oil family,long lasting adverse effects on health,1,0,oil-e3fbe637ba51632f,same-article contextual hypothesis; causal edge is not explicit
honey,high fructose corn syrup,food poisoning,1,0,oil-e3fbe637ba51632f,same-article contextual hypothesis; causal edge is not explicit
honey,high fructose corn syrup,gastrointestinal illness,1,0,oil-e3fbe637ba51632f,same-article contextual hypothesis; causal edge is not explicit
honey,high fructose corn syrup,serious health risks,1,0,oil-e3fbe637ba51632f,same-article contextual hypothesis; causal edge is not explicit
honey,high fructose corn syrup,long lasting adverse effects on health,1,0,oil-e3fbe637ba51632f,same-article contextual hypothesis; causal edge is not explicit
truffle oil,artificial flavoring,food poisoning,1,0,oil-e3fbe637ba51632f,same-article contextual hypothesis; causal edge is not explicit
truffle oil,artificial flavoring,gastrointestinal illness,1,0,oil-e3fbe637ba51632f,same-article contextual hypothesis; causal edge is not explicit
truffle oil,artificial flavoring,serious health risks,1,0,oil-e3fbe637ba51632f,same-article contextual hypothesis; causal edge is not explicit
truffle oil,artificial flavoring,long lasting adverse effects on health,1,0,oil-e3fbe637ba51632f,same-article contextual hypothesis; causal edge is not explicit
truffle,artificial flavoring,food poisoning,1,0,oil-e3fbe637ba51632f,same-article contextual hypothesis; causal edge is not explicit
truffle,artificial flavoring,gastrointestinal illness,1,0,oil-e3fbe637ba51632f,same-article contextual hypothesis; causal edge is not explicit
truffle,artificial flavoring,serious health risks,1,0,oil-e3fbe637ba51632f,same-article contextual hypothesis; causal edge is not explicit
truffle,artificial flavoring,long lasting adverse effects on health,1,0,oil-e3fbe637ba51632f,same-article contextual hypothesis; causal edge is not explicit
tuna,tilapia,food poisoning,1,0,oil-e3fbe637ba51632f,same-article contextual hypothesis; causal edge is not explicit
tuna,tilapia,gastrointestinal illness,1,0,oil-e3fbe637ba51632f,same-article contextual hypothesis; causal edge is not explicit
tuna,tilapia,serious health risks,1,0,oil-e3fbe637ba51632f,same-article contextual hypothesis; causal edge is not explicit
tuna,tilapia,long lasting adverse effects on health,1,0,oil-e3fbe637ba51632f,same-article contextual hypothesis; causal edge is not explicit
tuna,pangasius,food poisoning,1,0,oil-e3fbe637ba51632f,same-article contextual hypothesis; causal edge is not explicit
tuna,pangasius,gastrointestinal illness,1,0,oil-e3fbe637ba51632f,same-article contextual hypothesis; causal edge is not explicit
tuna,pangasius,serious health risks,1,0,oil-e3fbe637ba51632f,same-article contextual hypothesis; causal edge is not explicit
tuna,pangasius,long lasting adverse effects on health,1,0,oil-e3fbe637ba51632f,same-article contextual hypothesis; causal edge is not explicit
fish,escolar,food poisoning,1,0,oil-e3fbe637ba51632f,same-article contextual hypothesis; causal edge is not explicit
fish,escolar,gastrointestinal illness,1,0,oil-e3fbe637ba51632f,same-article contextual hypothesis; causal edge is not explicit
fish,escolar,serious health risks,1,0,oil-e3fbe637ba51632f,same-article contextual hypothesis; causal edge is not explicit
fish,escolar,long lasting adverse effects on health,1,0,oil-e3fbe637ba51632f,same-article contextual hypothesis; causal edge is not explicit
tuna,escolar,food poisoning,1,0,oil-e3fbe637ba51632f,same-article contextual hypothesis; causal edge is not explicit
tuna,escolar,gastrointestinal illness,1,0,oil-e3fbe637ba51632f,same-article contextual hypothesis; causal edge is not explicit
tuna,escolar,serious health risks,1,0,oil-e3fbe637ba51632f,same-article contextual hypothesis; causal edge is not explicit
tuna,escolar,long lasting adverse effects on health,1,0,oil-e3fbe637ba51632f,same-article contextual hypothesis; causal edge is not explicit
Milk,water,long lasting adverse effects on health,1,0,oil-e3fbe637ba51632f,same-article contextual hypothesis; causal edge is not explicit
Milk,urea,serious health risks,1,0,oil-e3fbe637ba51632f,same-article contextual hypothesis; causal edge is not explicit
Milk,urea,long lasting adverse effects on health,1,0,oil-e3fbe637ba51632f,same-article contextual hypothesis; causal edge is not explicit
Milk,detergent,serious health risks,1,0,oil-e3fbe637ba51632f,same-article contextual hypothesis; causal edge is not explicit
Milk,detergent,long lasting adverse effects on health,1,0,oil-e3fbe637ba51632f,same-article contextual hypothesis; causal edge is not explicit
Milk,powdered milk,serious health risks,1,0,oil-e3fbe637ba51632f,same-article contextual hypothesis; causal edge is not explicit
Milk,powdered milk,long lasting adverse effects on health,1,0,oil-e3fbe637ba51632f,same-article contextual hypothesis; causal edge is not explicit
coffee,corn,food poisoning,1,0,oil-e3fbe637ba51632f,same-article contextual hypothesis; causal edge is not explicit
coffee,corn,gastrointestinal illness,1,0,oil-e3fbe637ba51632f,same-article contextual hypothesis; causal edge is not explicit
coffee,corn,serious health risks,1,0,oil-e3fbe637ba51632f,same-article contextual hypothesis; causal edge is not explicit
coffee,corn,long lasting adverse effects on health,1,0,oil-e3fbe637ba51632f,same-article contextual hypothesis; causal edge is not explicit
coffee,soybeans,food poisoning,1,0,oil-e3fbe637ba51632f,same-article contextual hypothesis; causal edge is not explicit
coffee,soybeans,gastrointestinal illness,1,0,oil-e3fbe637ba51632f,same-article contextual hypothesis; causal edge is not explicit
coffee,soybeans,serious health risks,1,0,oil-e3fbe637ba51632f,same-article contextual hypothesis; causal edge is not explicit
coffee,soybeans,long lasting adverse effects on health,1,0,oil-e3fbe637ba51632f,same-article contextual hypothesis; causal edge is not explicit
turmeric,artificial coloring,food poisoning,1,0,oil-e3fbe637ba51632f,same-article contextual hypothesis; causal edge is not explicit
turmeric,artificial coloring,gastrointestinal illness,1,0,oil-e3fbe637ba51632f,same-article contextual hypothesis; causal edge is not explicit
chilli powder,artificial coloring,food poisoning,1,0,oil-e3fbe637ba51632f,same-article contextual hypothesis; causal edge is not explicit
chilli powder,artificial coloring,gastrointestinal illness,1,0,oil-e3fbe637ba51632f,same-article contextual hypothesis; causal edge is not explicit
ground spices,sand,food poisoning,1,0,oil-e3fbe637ba51632f,same-article contextual hypothesis; causal edge is not explicit
ground spices,sand,gastrointestinal illness,1,0,oil-e3fbe637ba51632f,same-article contextual hypothesis; causal edge is not explicit
ground spices,starch,food poisoning,1,0,oil-e3fbe637ba51632f,same-article contextual hypothesis; causal edge is not explicit
ground spices,starch,gastrointestinal illness,1,0,oil-e3fbe637ba51632f,same-article contextual hypothesis; causal edge is not explicit
ground spices,lead,food poisoning,1,0,oil-e3fbe637ba51632f,same-article contextual hypothesis; causal edge is not explicit
ground spices,lead,gastrointestinal illness,1,0,oil-e3fbe637ba51632f,same-article contextual hypothesis; causal edge is not explicit
citrus fruits,artificial wax,food poisoning,1,0,oil-e3fbe637ba51632f,same-article contextual hypothesis; causal edge is not explicit
citrus fruits,artificial wax,gastrointestinal illness,1,0,oil-e3fbe637ba51632f,same-article contextual hypothesis; causal edge is not explicit
citrus fruits,pesticide residue,food poisoning,1,0,oil-e3fbe637ba51632f,same-article contextual hypothesis; causal edge is not explicit
citrus fruits,pesticide residue,gastrointestinal illness,1,0,oil-e3fbe637ba51632f,same-article contextual hypothesis; causal edge is not explicit
sturgeon caviar,salmon roe,food poisoning,1,0,oil-e3fbe637ba51632f,same-article contextual hypothesis; causal edge is not explicit
sturgeon caviar,salmon roe,gastrointestinal illness,1,0,oil-e3fbe637ba51632f,same-article contextual hypothesis; causal edge is not explicit
sturgeon caviar,salmon roe,serious health risks,1,0,oil-e3fbe637ba51632f,same-article contextual hypothesis; causal edge is not explicit
sturgeon caviar,salmon roe,long lasting adverse effects on health,1,0,oil-e3fbe637ba51632f,same-article contextual hypothesis; causal edge is not explicit
sturgeon caviar,trout roe,food poisoning,1,0,oil-e3fbe637ba51632f,same-article contextual hypothesis; causal edge is not explicit
sturgeon caviar,trout roe,gastrointestinal illness,1,0,oil-e3fbe637ba51632f,same-article contextual hypothesis; causal edge is not explicit
sturgeon caviar,trout roe,serious health risks,1,0,oil-e3fbe637ba51632f,same-article contextual hypothesis; causal edge is not explicit
sturgeon caviar,trout roe,long lasting adverse effects on health,1,0,oil-e3fbe637ba51632f,same-article contextual hypothesis; causal edge is not explicit
caviar,non sturgeon fish roe,food poisoning,1,0,oil-e3fbe637ba51632f,same-article contextual hypothesis; causal edge is not explicit
caviar,non sturgeon fish roe,gastrointestinal illness,1,0,oil-e3fbe637ba51632f,same-article contextual hypothesis; causal edge is not explicit
caviar,non sturgeon fish roe,serious health risks,1,0,oil-e3fbe637ba51632f,same-article contextual hypothesis; causal edge is not explicit
caviar,non sturgeon fish roe,long lasting adverse effects on health,1,0,oil-e3fbe637ba51632f,same-article contextual hypothesis; causal edge is not explicit
olive oil,beta carotene,toxic oil syndrome,1,0,oil-ed891cb2ad0773f4,same-article contextual hypothesis; causal edge is not explicit
olive oil,beta carotene,fflo chroniceffect,1,0,oil-ed891cb2ad0773f4,same-article contextual hypothesis; causal edge is not explicit
olive oil,seed oil,toxic oil syndrome,1,0,oil-ed891cb2ad0773f4,same-article contextual hypothesis; causal edge is not explicit
olive oil,seed oil,fflo chroniceffect,1,0,oil-ed891cb2ad0773f4,same-article contextual hypothesis; causal edge is not explicit
oil,vitamin d,fflo acuteeffect,1,0,oil-fd16f7be050ea2b9,same-article contextual hypothesis; causal edge is not explicit
fortified oil,vitamin d,hypercalcemia,1,0,oil-fd16f7be050ea2b9,same-article contextual hypothesis; causal edge is not explicit
fortified oil,vitamin d,acute kidney distress,1,0,oil-fd16f7be050ea2b9,same-article contextual hypothesis; causal edge is not explicit
fortified oil,vitamin d,fflo acuteeffect,1,0,oil-fd16f7be050ea2b9,same-article contextual hypothesis; causal edge is not explicit
