corpus,food_pool,subject,predicate,object,triplet_rows,distinct_sources,mean_confidence,example_url,example_evidence
FSSAI baseline,FSSAI baseline,analysis,isperformedon,sample,2,2,0.95,markdown/fss_gazete_rules_2011.md,sample... has been analysed
FSSAI baseline,FSSAI baseline,IS 5887: Part 2,detectedby,Staphylococcus aureus,4,1,0.95,markdown/appendix_b_1.md,"Isolation, identification and enumeration of Staphylococcus aureus"
FSSAI baseline,FSSAI baseline,IS 5887: Part 2,detectedby,faecal streptococci,4,1,0.95,markdown/appendix_b_1.md,"Isolation, identification and enumeration of ... faecal streptococci"
FSSAI baseline,FSSAI baseline,IS 5887 (Part 8/Sec 1),detectedby,Staphylococcus aureus,4,1,0.95,markdown/appendix_b_1.md,Enumeration of Coagulase-Positive Staphylococci/ (Staphylococcus aureus
FSSAI baseline,FSSAI baseline,IS 5887 (Part 8/Sec 2),detectedby,Staphylococcus aureus,4,1,0.95,markdown/appendix_b_1.md,Enumeration of Coagulase-Positive Staphylococci/ (Staphylococcus aureus
FSSAI baseline,FSSAI baseline,AlternativeAnalyticalMethodUse,requireskit,In-house testing,3,1,0.95,markdown/appendix_b_1.md,for in-house testing only
FSSAI baseline,FSSAI baseline,ISO 21528-2,detectedby,Enterobacteriaceae,3,1,0.95,markdown/appendix_b_1.md,Horizontal methods for the detection and enumeration of Enterobacteriaceae- Part 2:Colony- count method-ISO 21528-2
FSSAI baseline,FSSAI baseline,IS 5887: Part 3,detectedby,Salmonella,3,1,0.95,markdown/appendix_b_1.md,Methods for the Detection of Salmonella- IS 5887: Part 3
FSSAI baseline,FSSAI baseline,ISO 11290-1,detectedby,Listeria spp.,3,1,0.95,markdown/appendix_b_1.md,detection and enumeration of... other Listeria spp. - Part 1... ISO 11290-1
FSSAI baseline,FSSAI baseline,testing,isperformedas,reference test methods,2,1,0.95,markdown/appendix_b_1.md,testing in laboratory shall be ensured as per reference test methods
FSSAI baseline,FSSAI baseline,IS 5402/ ISO:4833,identifies,Aerobic Plate Count,2,1,0.95,markdown/appendix_b_1.md,Aerobic Plate Count Colony count at 30 degrees C by the pour plate technique- IS 5402/ ISO:4833
FSSAI baseline,FSSAI baseline,IS 5887: Part 3,identifies,Salmonella,2,1,0.95,markdown/appendix_b_1.md,Detection of Salmonella
FSSAI baseline,FSSAI baseline,sample units,isperformedat,notified laboratory,2,1,0.95,markdown/appendix_b_1.md,submitted to the notified laboratory
FSSAI baseline,FSSAI baseline,ISO 11290-1,detectedby,Listeria monocytogenes,2,1,0.95,markdown/appendix_b_1.md,detection and enumeration of Listeria monocytogenes... ISO 11290-1
FSSAI baseline,FSSAI baseline,sample units,isperformedat,notified laboratories,2,1,0.95,markdown/appendix_b_1.md,submitted to the notified laboratories
FSSAI baseline,FSSAI baseline,Salmonella,detectedby,IS 5887: Part 3,2,1,0.95,markdown/appendix_b_1.md,Salmonella ... IS 5887: Part 3
FSSAI baseline,FSSAI baseline,Salmonella,detectedby,ISO 6579,2,1,0.95,markdown/appendix_b_1.md,Salmonella ... ISO 6579
FSSAI baseline,FSSAI baseline,Listeria monocytogenes,detectedby,ISO 11290-1,2,1,0.95,markdown/appendix_b_1.md,Listeria monocytogenes ... ISO 11290-1
FSSAI baseline,FSSAI baseline,Listeria monocytogenes,detectedby,IS 14988-1,2,1,0.95,markdown/appendix_b_1.md,Listeria Monocytogenes ... IS 14988-1
FSSAI baseline,FSSAI baseline,ISO:6579,detectedby,Salmonella,2,1,0.95,markdown/appendix_b_1.md,Method of IS: 5887 Part 3/ISO:6579
FSSAI baseline,FSSAI baseline,Cocoa mass,outputof,mechanical disintegration,1,1,0.95,markdown/appendix_a_4.md,Cocoa mass is obtained from the mechanical disintegration of the nib
FSSAI baseline,FSSAI baseline,Cocoa powder,outputof,pressing,1,1,0.95,markdown/appendix_a_4.md,Cocoa powder is produced by reducing the fat content of cocoa mass or liquor by pressing
FSSAI baseline,FSSAI baseline,molding,outputof,Cocoa powder,1,1,0.95,markdown/appendix_a_4.md,and molding into cocoa press cake
FSSAI baseline,FSSAI baseline,disintegrated and ground,outputof,Cocoa powder,1,1,0.95,markdown/appendix_a_4.md,The cocoa press cake is disintegrated and ground to cocoa powder
FSSAI baseline,FSSAI baseline,sample,isperformedat,notified laboratory,1,1,0.95,markdown/appendix_b_1.md,submitted to the notified laboratory
FSSAI baseline,FSSAI baseline,Enterobacteriaceae,isperformedas,ISO 21528-1,1,1,0.95,markdown/appendix_b_1.md,Method of analysis is ISO 21528-1
FSSAI baseline,FSSAI baseline,Enterobacteriaceae,isperformedas,ISO 21528-2,1,1,0.95,markdown/appendix_b_1.md,"and 21528-2, as appropriate"
FSSAI baseline,FSSAI baseline,IS 5402/ ISO:4833,producesindicator,Colony count at 30 degrees C,1,1,0.95,markdown/appendix_b_1.md,Colony count at 30 degrees C by the pour plate technique- IS 5402/ ISO:4833
FSSAI baseline,FSSAI baseline,IS: 5401 Part 1,detectedby,Coliforms,1,1,0.95,markdown/appendix_b_1.md,Detection and Enumeration of Coliforms – Part-1 Colony-Count Technique- IS: 5401 Part 1
FSSAI baseline,FSSAI baseline,ISO 4832,detectedby,Coliforms,1,1,0.95,markdown/appendix_b_1.md,enumeration of Coliforms - Colony-count technique- ISO 4832
FSSAI baseline,FSSAI baseline,ISO 21528,detectedby,Enterobacteriaceae,1,1,0.95,markdown/appendix_b_1.md,detection and enumeration of Enterobacteriaceae -- Part 1: Detection and enumeration by
FSSAI baseline,FSSAI baseline,AlternativeAnalyticalMethods,isperformedas,InHouseTesting,1,1,0.95,markdown/appendix_b_1.md,methods other than those described in reference test methods given below for in-house testing only
FSSAI baseline,FSSAI baseline,Staphylococcus aureus,detectedby,IS 5887: Part 2,1,1,0.95,markdown/appendix_b_1.md,"Isolation, identification and enumeration of Staphylococcus aureus... IS 5887: Part 2"
FSSAI baseline,FSSAI baseline,Faecal streptococci,detectedby,IS 5887: Part 2,1,1,0.95,markdown/appendix_b_1.md,"Isolation, identification and enumeration of... Faecal streptococci- IS 5887: Part 2"
FSSAI baseline,FSSAI baseline,Coagulase-Positive Staphylococci,detectedby,IS 5887 (Part 8/Sec 1),1,1,0.95,markdown/appendix_b_1.md,Enumeration of Coagulase-Positive Staphylococci... IS 5887 (Part 8/Sec 1)
FSSAI baseline,FSSAI baseline,Staphylococcus aureus,detectedby,IS 5887 (Part 8/Sec 1),1,1,0.95,markdown/appendix_b_1.md,Staphylococcus aureus... IS 5887 (Part 8/Sec 1)
FSSAI baseline,FSSAI baseline,Coagulase-Positive Staphylococci,detectedby,ISO 6888-1: 1999,1,1,0.95,markdown/appendix_b_1.md,Enumeration Of Coagulase-Positive Staphylococci... ISO 6888-1: 1999
FSSAI baseline,FSSAI baseline,Staphylococcus aureus,detectedby,ISO 6888-1: 1999,1,1,0.95,markdown/appendix_b_1.md,Staphylococcus aureus... ISO 6888-1: 1999
FSSAI baseline,FSSAI baseline,Coagulase-Positive Staphylococci,detectedby,IS 5887 (Part 8/Sec 2),1,1,0.95,markdown/appendix_b_1.md,Enumeration Of Coagulase-Positive Staphylococci... IS 5887 (Part 8/Sec 2)
FSSAI baseline,FSSAI baseline,Staphylococcus aureus,detectedby,IS 5887 (Part 8/Sec 2),1,1,0.95,markdown/appendix_b_1.md,Staphylococcus aureus... IS 5887 (Part 8/Sec 2)
FSSAI baseline,FSSAI baseline,Coagulase-Positive Staphylococci,detectedby,ISO 6888-2: 1999,1,1,0.95,markdown/appendix_b_1.md,Enumeration Of Coagulase-Positive Staphylococci... ISO 6888-2: 1999
FSSAI baseline,FSSAI baseline,Staphylococcus aureus,detectedby,ISO 6888-2: 1999,1,1,0.95,markdown/appendix_b_1.md,Staphylococcus aureus... ISO 6888-2: 1999
FSSAI baseline,FSSAI baseline,Enterobacter sakazakii,detectedby,ISO/TS 22964,1,1,0.95,markdown/appendix_b_1.md,Detection of Enterobacter sakazakii- ISO/TS 22964
FSSAI baseline,FSSAI baseline,coagulase- positive staphylococci,detectedby,Microbiology of food and animal feeding stuffs -- Horizontal method for the enumeration of coagulase- positive staphylococci,1,1,0.95,markdown/appendix_b_1.md,Horizontal method for the enumeration of coagulase- positive staphylococci
FSSAI baseline,FSSAI baseline,ISO 21527-1,producesindicator,Yeast and Mold Count,1,1,0.95,markdown/appendix_b_1.md,Colony count technique in products with water activity greater than 0.95-ISO 21527-1
FSSAI baseline,FSSAI baseline,ISO 21527-2,producesindicator,Yeast and Mold Count,1,1,0.95,markdown/appendix_b_1.md,Colony count technique in products with water activity less than 0.95-ISO 21527-2
FSSAI baseline,FSSAI baseline,IS/ISO 7402,producesindicator,Enterobacteriaceae,1,1,0.95,markdown/appendix_b_1.md,Enterobacteri and Colony-count Technique- IS/ISO 7402
FSSAI baseline,FSSAI baseline,IS 5887 (Part 8/Sec 1),identifies,Coagulase-Positive Staphylococci,1,1,0.95,markdown/appendix_b_1.md,Enumeration of Coagulase-Positive Staphylococci
FSSAI baseline,FSSAI baseline,IS 5887 (Part 8/Sec 2),identifies,Coagulase-Positive Staphylococci,1,1,0.95,markdown/appendix_b_1.md,Enumeration of Coagulase-Positive Staphylococci
FSSAI baseline,FSSAI baseline,ISO 6579,detectedby,Salmonella spp.,1,1,0.95,markdown/appendix_b_1.md,detection of Salmonella spp.
FSSAI baseline,FSSAI baseline,ISO 15213,detectedby,sulfite-reducing bacteria,1,1,0.95,markdown/appendix_b_1.md,enumeration of sulfite-reducing bacteria
FSSAI baseline,FSSAI baseline,IS 5887-6,producesindicator,Bacillus cereus,1,1,0.95,markdown/appendix_b_1.md,"Enumeration of Preservative Bacillus Cereus, Bacillus cereus"
FSSAI baseline,FSSAI baseline,ISO 7932,producesindicator,Bacillus cereus,1,1,0.95,markdown/appendix_b_1.md,enumeration of presumptive Bacillus cereus
FSSAI baseline,FSSAI baseline,IS: 5887 Part3,isperformedas,Test Methods,1,1,0.85,markdown/appendix_b_1.md,Test Methods6 IS: 5887 Part3
FSSAI baseline,FSSAI baseline,"IS: 14988, Part 1",isperformedas,Test Methods,1,1,0.85,markdown/appendix_b_1.md,"IS: 14988, Part 1"
FSSAI baseline,FSSAI baseline,"IS:5887, (Part V)",isperformedas,Test Methods,1,1,0.85,markdown/appendix_b_1.md,"IS:5887, (Part V)"
FSSAI baseline,FSSAI baseline,ev_sample_set_0001,isperformedat,three different accredited laboratories,1,1,0.95,markdown/appendix_b_1.md,tested from three different accredited laboratories
FSSAI baseline,FSSAI baseline,ISO 15213,detectedby,sulfite-reducing Bacteria,1,1,0.95,markdown/appendix_b_1.md,enumeration of sulfite-reducing Bacteria... ISO 15213
FSSAI baseline,FSSAI baseline,"IS:5887, (Part V)",detectedby,Vibrio cholerae,1,1,0.95,markdown/appendix_b_1.md,"Isolation, identification and enumeration of Vibrio cholerae... IS:5887, (Part V)"
FSSAI baseline,FSSAI baseline,"IS:5887, (Part V)",detectedby,Vibrio parahaemolyticus,1,1,0.95,markdown/appendix_b_1.md,"Isolation, identification and enumeration of... Vibrio parahaemolyticus - IS:5887, (Part V)"
FSSAI baseline,FSSAI baseline,ISO/TS 39,detectedby,Vibrio parahaemolyticus,1,1,0.95,markdown/appendix_b_1.md,Detection of Vibrio parahaemolyticus... ISO/TS 39
FSSAI baseline,FSSAI baseline,ISO/TS 39,detectedby,Vibrio cholerae,1,1,0.95,markdown/appendix_b_1.md,Detection of... Vibrio cholerae-ISO/TS 39
FSSAI baseline,FSSAI baseline,Samples,isperformedat,Notified laboratory,1,1,0.95,markdown/appendix_b_1.md,shall be submitted to the notified laboratory
FSSAI baseline,FSSAI baseline,IS 5887 (Part 8/Sec 1),detectedby,Coagulase-Positive Staphylococci,1,1,0.95,markdown/appendix_b_1.md,Enumeration of Coagulase-Positive Staphylococci
FSSAI baseline,FSSAI baseline,IS 5887 (Part 8/Sec 1),detectedby,Faecal streptococci,1,1,0.95,markdown/appendix_b_1.md,Section 1 Faecal streptococci
FSSAI baseline,FSSAI baseline,IS 5887 (Part 8/Sec 2),detectedby,Coagulase-Positive Staphylococci,1,1,0.95,markdown/appendix_b_1.md,Enumeration of Coagulase-Positive Staphylococci
FSSAI baseline,FSSAI baseline,IS 5887: Part 1,detectedby,Escherichia coli,1,1,0.95,markdown/appendix_b_1.md,"Isolation, Identification and Enumeration of Escherichia coli"
FSSAI baseline,FSSAI baseline,ISO: 16649-2,detectedby,Escherichia coli,1,1,0.95,markdown/appendix_b_1.md,enumeration of beta- glucuronidase-positive Escherichia coli
FSSAI baseline,FSSAI baseline,IS 14988: Part 1,identifies,Listeria Monocytogenes,1,1,0.95,markdown/appendix_b_1.md,Detection and Enumeration of Listeria Monocytogenes
FSSAI baseline,FSSAI baseline,IS 14988: Part 2,detectedby,Listeria monocytogenes,1,1,0.95,markdown/appendix_b_1.md,Detection and Enumeration of Listeria monocytogenes
FSSAI baseline,FSSAI baseline,Escherichia coli,detectedby,IS 5887: Part 1,1,1,0.95,markdown/appendix_b_1.md,Escherichia coli ... IS 5887: Part 1
FSSAI baseline,FSSAI baseline,sample units,isperformedat,accredited laboratories,1,1,0.95,markdown/appendix_b_1.md,Each of these three sets shall be tested in three different accredited laboratories
FSSAI baseline,FSSAI baseline,regulatory compliance testing,isperformedas,reference test methods,1,1,0.95,markdown/appendix_b_1.md,testing in laboratory shall be ensured as per reference test methods
FSSAI baseline,FSSAI baseline,IS/ISO 7402,identifies,Enterobacteriaceae,1,1,0.95,markdown/appendix_b_1.md,Enumeration of Enterobacteriaceae... IS/ISO 7402
FSSAI baseline,FSSAI baseline,ISO6579,detectedby,Salmonella spp.,1,1,0.95,markdown/appendix_b_1.md,detection of Salmonella spp.- ISO6579
FSSAI baseline,FSSAI baseline,IS 5887 (Part 8/Sec 1),producesindicator,other species,1,1,0.9,markdown/appendix_b_1.md,Staphylococcus aureus and other species
FSSAI baseline,FSSAI baseline,ISO 6579,identifies,Salmonella spp.,1,1,0.95,markdown/appendix_b_1.md,detection of Salmonella spp.- ISO 6579
FSSAI baseline,FSSAI baseline,ISO 11290-1,identifies,Listeria monocytogenes,1,1,0.95,markdown/appendix_b_1.md,detection and enumeration of Listeria monocytogenes ... ISO 11290-1
FSSAI baseline,FSSAI baseline,IS 14988-1,producesindicator,Listeria Monocytogenes,1,1,0.95,markdown/appendix_b_1.md,Detection and Enumeration of Listeria Monocytogenes ... IS 14988-1
FSSAI baseline,FSSAI baseline,Lactic acid bacteria,detectedby,ISO 15214/IS 16068,1,1,0.95,markdown/appendix_b_1.md,For Lactic acid bacteria ISO 15214/IS 16068
FSSAI baseline,FSSAI baseline,Bifidobacteria,detectedby,ISO 29981,1,1,0.95,markdown/appendix_b_1.md,for Bifidobacteria ISO 29981
FSSAI baseline,FSSAI baseline,Salmonella,producesindicator,IS 5887 Part3 / ISO 6579,1,1,0.95,markdown/appendix_b_1.md,Test Methods IS 5887 Part3 / ISO 6579
FSSAI baseline,FSSAI baseline,Listeria monocytogenes,detectedby,IS 14988 Part 1 / ISO 11290-1,1,1,0.95,markdown/appendix_b_1.md,Test Methods ... IS 14988 Part 1 / ISO 11290-1
FSSAI baseline,FSSAI baseline,Three sets,isperformedat,three different accredited laboratories,1,1,0.95,markdown/appendix_b_1.md,tested in three different accredited laboratories
FSSAI baseline,FSSAI baseline,testing in laboratory,isperformedas,reference test methods,1,1,0.95,markdown/appendix_b_1.md,testing in laboratory shall be ensured as per the methods given in the table 'reference test methods'
FSSAI baseline,FSSAI baseline,AlternativeAnalyticalMethods,requireskit,InHouseTesting,1,1,0.95,markdown/appendix_b_1.md,for in-house testing only
FSSAI baseline,FSSAI baseline,microbiological testing,isperformedon,set (n) of five samples,1,1,0.95,markdown/appendix_b_1.md,set (n) of five samples shall be tested
FSSAI baseline,FSSAI baseline,microbiological testing,isperformedat,three different accredited laboratories,1,1,0.95,markdown/appendix_b_1.md,tested from three different accredited laboratories
FSSAI baseline,FSSAI baseline,microbiological testing,isperformedas,reference test methods,1,1,0.95,markdown/appendix_b_1.md,testing in laboratory shall be ensured as per reference test methods
FSSAI baseline,FSSAI baseline,Aerobic Plate Count,producesindicator,IS 5402/ ISO:4833,1,1,0.95,markdown/appendix_b_1.md,Aerobic Plate Count ... IS 5402/ ISO:4833
FSSAI baseline,FSSAI baseline,Escherichia coli,detectedby,IS 5887 : Part 1,1,1,0.95,markdown/appendix_b_1.md,Escherichia coli ... IS 5887 : Part 1
FSSAI baseline,FSSAI baseline,Escherichia coli,detectedby,ISO: 3,1,1,0.95,markdown/appendix_b_1.md,Escherichia coli ... ISO: 3
FSSAI baseline,FSSAI baseline,"IS: 14988, Part 1",identifies,Detection method for Listeria monocytogenes,1,1,0.95,markdown/appendix_b_1.md,"Part 1: Detection method – IS: 14988, Part 1"
FSSAI baseline,FSSAI baseline,Staphylococcus aureus,detectedby,IS 5887 (Part 8/Sec 2) / ISO 6888-3,1,1,0.95,markdown/appendix_b_1.md,Staphylococcus aureus ... IS 5887 (Part 8/Sec 2) / ISO 6888-3
FSSAI baseline,FSSAI baseline,Salmonella,detectedby,ISO6579,1,1,0.95,markdown/appendix_b_1.md,Salmonella ... ISO6579
FSSAI baseline,FSSAI baseline,degumming of oils and fats,inputto,oils and fats,1,1,0.95,markdown/appendix_c_2.md,degumming of: oils and fats
FSSAI baseline,FSSAI baseline,interesterification,inputto,oils and fats,1,1,0.95,markdown/appendix_c_2.md,interesterificati | oils and fats
FSSAI baseline,FSSAI baseline,Frozen Dessert or Frozen Confection,outputof,freezing,1,1,0.95,markdown/chapter_2_1_dairy_products_and_analogues.md,product obtained by freezing a pasteurised mix
FSSAI baseline,FSSAI baseline,Rice bran oil,outputof,rice milling,1,1,0.95,markdown/chapter_2_2_fats_oils_and_fat_emulsions.md,removed during the process of rice milling
FSSAI baseline,FSSAI baseline,solvent extracted oil,inputto,Refined Rice Bran Oil,1,1,0.95,markdown/chapter_2_2_fats_oils_and_fat_emulsions.md,obtained from solvent extracted oil
FSSAI baseline,FSSAI baseline,Test for Argemone oil,producesindicator,negative,1,1,0.95,markdown/chapter_2_2_fats_oils_and_fat_emulsions.md,Test for Argemone oil shall be negative
FSSAI baseline,FSSAI baseline,Soybean-based beverage film,inputto,soybean-based beverage,1,1,0.95,markdown/appendix_a_4.md,Film formed on the surface of boiling soybean-based beverage that is dried
FSSAI baseline,FSSAI baseline,Sample,isperformedat,notified laboratory,1,1,0.95,markdown/appendix_b_1.md,submitted to the notified laboratory
FSSAI baseline,FSSAI baseline,Cocoa bean,detectedby,Food Safety and Standards Authority of India Manual of Method of Analysis of Food,1,1,0.95,markdown/chapter_2_3_fruit_vegetable_products.md,The product shall be analysed as provided in the relevant Food Safety and Standards Authority of India Manual of Method of Analysis of Food
FSSAI baseline,FSSAI baseline,Basmati Rice,detectedby,Polymerase Chain Reaction (PCR) test,1,1,0.95,markdown/chapter_2_4_cereals_and_cereal_products.md,confirmation for Basmati Rice variety shall be done by Polymerase Chain Reaction (PCR) test
FSSAI baseline,FSSAI baseline,minced meat or meat emulsion,inputto,stuffing into casing with a mechanical stuffer,1,1,0.95,markdown/chapter_2_5_meat_and_meat_products_1.md,stuffed into the casing with the help of a mechanical stuffer
FSSAI baseline,FSSAI baseline,Frozen cephalopods,inputto,freezing process,1,1,0.95,markdown/chapter_2_6_fish_and_fish_products.md,product after preparation shall be subject to a freezing process
FSSAI baseline,FSSAI baseline,smoking,inputto,salting,1,1,0.85,markdown/chapter_2_6_fish_and_fish_products.md,"integrated combination of salting, drying, heating and smoking steps"
FSSAI baseline,FSSAI baseline,smoking,inputto,drying,1,1,0.85,markdown/chapter_2_6_fish_and_fish_products.md,"integrated combination of salting, drying, heating and smoking steps"
FSSAI baseline,FSSAI baseline,smoking,inputto,heating,1,1,0.85,markdown/chapter_2_6_fish_and_fish_products.md,"integrated combination of salting, drying, heating and smoking steps"
FSSAI baseline,FSSAI baseline,smoking,inputto,smoking,1,1,0.85,markdown/chapter_2_6_fish_and_fish_products.md,"integrated combination of salting, drying, heating and smoking steps"
FSSAI baseline,FSSAI baseline,"Objectionable odours, flavours, texture or colours",producesindicator,Defective scallop sample,1,1,0.95,markdown/chapter_2_6_fish_and_fish_products.md,"sample unit shall be considered as defective when it exhibits... Odour, flavour, texture and colour"
FSSAI baseline,FSSAI baseline,sample unit,producesindicator,Distinct objectionable odours or flavours,1,1,0.95,markdown/chapter_2_6_fish_and_fish_products.md,Distinct objectionable odours or flavours indicative of decomposition
FSSAI baseline,FSSAI baseline,White beeswax,outputof,bleaching the yellow beeswax with oxidizing agents,1,1,0.95,markdown/chapter_2_8_sweetening_agents_including_honey.md,White beeswax is obtained by bleaching the yellow beeswax with oxidizing agents
FSSAI baseline,FSSAI baseline,Grape brandy,outputof,Distillation,1,1,0.95,markdown/comp_alcoholic_beverages_iii_28_08_2023.md,Distillation shall be carried out to a suitable strength
FSSAI baseline,FSSAI baseline,single human intervention study,producesindicator,shown,1,1,0.9,markdown/compendium_nutra_29_09_2021.md,use of word 'shown' ... when a single human intervention study shows significant benefit
FSSAI baseline,FSSAI baseline,more than one human intervention studies,producesindicator,Proven,1,1,0.9,markdown/compendium_nutra_29_09_2021.md,use of word 'Proven' ... when more than one human intervention studies
FSSAI baseline,FSSAI baseline,accredited laboratory,isperformedat,sealed container of the remaining fourth part of the sample,1,1,0.95,markdown/fss_gazete_rules_2011.md,sent to an accredited laboratory
FSSAI baseline,FSSAI baseline,Food Analyst,isperformedon,sealed container of first part of the sample,1,1,0.95,markdown/fss_gazete_rules_2011.md,to whom the sealed container of first part of the sample was sent
FSSAI baseline,FSSAI baseline,NABL accredited/ FSSAI notified laboratory,isperformedat,SampleAnalysis,1,1,0.95,markdown/fss_gazete_rules_2011.md,send the sample to any NABL accredited/ FSSAI notified laboratory for analysis
FSSAI baseline,FSSAI baseline,Food Analyst,isperformedas,FoodAnalysis,1,1,0.95,markdown/fss_gazete_rules_2011.md,to have the same analysed by the Food Analyst
FSSAI baseline,FSSAI baseline,sealed container of one part of the sample,isperformedon,Analysis,1,1,0.95,markdown/fss_rules_2011.md,one part of the sample for analysis
FSSAI baseline,FSSAI baseline,sealed container of one part of the sample,isperformedat,Food Analyst,1,1,0.95,markdown/fss_rules_2011.md,sent in a sealed packet to the Food Analyst
FSSAI baseline,FSSAI baseline,sealed container of the remaining fourth part of the sample,isperformedat,accredited laboratory,1,1,0.95,markdown/fss_rules_2011.md,sent to an accredited laboratory
FSSAI baseline,FSSAI baseline,referral laboratory,isperformedat,AnalyzeSample,1,1,0.95,markdown/fss_rules_2011.md,"forward... to referral laboratory, for analysis"
FSSAI baseline,FSSAI baseline,Accredited lab,isperformedat,state or the neighboring state,1,1,0.95,markdown/fss_rules_2011.md,Accredited lab ... should be within the state or the neighboring state
FSSAI baseline,FSSAI baseline,Food Analyst,producesindicator,Form VII A,1,1,0.95,markdown/fss_rules_2011.md,report of Food Analyst in Form VII A
FSSAI baseline,FSSAI baseline,Food Analyst,isperformedas,SampleAnalysis,1,1,0.95,markdown/fss_rules_2011.md,analysed by the Food Analyst
FSSAI baseline,FSSAI baseline,Certificate of Analysis,isperformedon,sample,1,1,0.95,markdown/fss_rules_2011.md,Certificate that the sample... was received
FSSAI baseline,FSSAI baseline,sample,isperformedat,Referral Food Laboratory,1,1,0.95,markdown/fss_rules_2011.md,Certificate of Analysis by the Referral Food Laboratory
FSSAI baseline,FSSAI baseline,analysis,isperformedon,food sample,1,1,0.95,markdown/rule_gaz.md,नमून े क नमून े जवश्लेषण के जलए प्राप्त हुआ ह ै
FSSAI baseline,FSSAI baseline,analysis,isperformedat,Accredited Food Laboratory,1,1,0.95,markdown/rule_gaz.md,जनर्िाष् ट खाद्य प्रयोगिाल
FSSAI baseline,FSSAI baseline,AOAC,detectedby,food articles,1,1,0.95,markdown/rule_gaz.md,AOAC... उनका उपयोग खाद्य वस्तुओं के नमूनों का विश्लेषण करने के लिए किया जाएगा
FSSAI baseline,FSSAI baseline,Food Chemists,detectedby,food articles,1,1,0.95,markdown/rule_gaz.md,खाद्य रसायन... उनका उपयोग खाद्य वस्तुओं के नमूनों का विश्लेषण करने के लिए किया जाएगा
FSSAI baseline,FSSAI baseline,Indian Standards Bureau,detectedby,food articles,1,1,0.95,markdown/rule_gaz.md,भारतीय मानक ब्यूरो... उनका उपयोग खाद्य वस्तुओं के नमूनों का विश्लेषण करने के लिए किया जाएगा
FSSAI baseline,FSSAI baseline,food articles,detectedby,Woodman,1,1,0.95,markdown/rule_gaz.md,वुडमैन... उनका उपयोग खाद्य वस्तुओं के नमूनों का विश्लेषण करने के लिए किया जाएगा
FSSAI baseline,FSSAI baseline,Lewin-Lewin,detectedby,food articles,1,1,0.95,markdown/rule_gaz.md,लिवंटन-लिवंटन... उनका उपयोग खाद्य वस्तुओं के नमूनों का विश्लेषण करने के लिए किया जाएगा
FSSAI baseline,FSSAI baseline,International Union of Pure and Applied Chemistry,detectedby,food articles,1,1,0.95,markdown/rule_gaz.md,इंटरनेशनल यूनिन ऑफ प्योर एंड अप्लाइड कैमिस्ट्री... उनका उपयोग खाद्य वस्तुओं के नमूनों का विश्लेषण करने के लिए किया जाएगा
FSSAI baseline,FSSAI baseline,Referral Food Laboratory,isperformedat,Analysis,1,1,0.95,markdown/rule_gaz.md,CERTIFICATE OF ANALYSIS BY THE REFERRAL FOOD LABORATORY
FSSAI baseline,FSSAI baseline,Food Analyst,isperformedon,SampleAnalysis,1,1,0.9,markdown/rule_gaz.md,received from ... a sample ... for analysis
FSSAI baseline,FSSAI baseline,Food Analyst,isperformedas,AnalysisExecution,1,1,0.9,markdown/rule_gaz.md,has been analysed on ... and the result of its analysis is given below
FSSAI baseline,FSSAI baseline,IS 5403,detectedby,Yeast and Mold,1,1,0.95,markdown/appendix_b_1.md,Method for Yeast and Mold Count... IS 5403
FSSAI baseline,FSSAI baseline,ISO 21527-1,detectedby,Yeasts and moulds,1,1,0.95,markdown/appendix_b_1.md,enumeration of yeasts and moulds... ISO 21527-1
FSSAI baseline,FSSAI baseline,ISO 21527-2,detectedby,Yeasts and moulds,1,1,0.95,markdown/appendix_b_1.md,enumeration of yeasts and moulds... ISO 21527-2
FSSAI baseline,FSSAI baseline,IS/ISO 7402,detectedby,Enterobacteriaceae,1,1,0.95,markdown/appendix_b_1.md,Enumeration of Enterobacteriaceae... IS/ISO 7402
FSSAI baseline,FSSAI baseline,ISO 6888-1: 1999,detectedby,Staphylococcus aureus,1,1,0.95,markdown/appendix_b_1.md,enumeration of Coagulase-Positive Staphylococci... ISO 6888-1: 1999
FSSAI baseline,FSSAI baseline,ISO 6888-2: 1999,producesindicator,Staphylococcus aureus,1,1,0.95,markdown/appendix_b_1.md,enumeration of Coagulase-Positive Staphylococci... ISO 6888-2: 1999
FSSAI baseline,FSSAI baseline,IS :14397,producesindicator,E.coli,1,1,0.95,markdown/appendix_b_1.md,"detection, isolation and identification of pathogen i.e. E.coli... IS :14397"
FSSAI baseline,FSSAI baseline,Deep Dehydration,producesindicator,bivalve molluscs,1,1,0.95,markdown/chapter_2_6_fish_and_fish_products.md,Deep Dehydration.-greater than 10% of the weight of the bivalve molluscs
FSSAI baseline,FSSAI baseline,Foreign matter,producesindicator,bivalve molluscs,1,1,0.95,markdown/chapter_2_6_fish_and_fish_products.md,Foreign matter.- The presence in the sample unit of any matter which has not been derived from bivalve molluscs
FSSAI baseline,FSSAI baseline,Odour or flavor,producesindicator,bivalve molluscs,1,1,0.95,markdown/chapter_2_6_fish_and_fish_products.md,Odour or flavor.- Persistent and distinct objectionable odours or flavours indicative of decomposition or rancidity
FSSAI baseline,FSSAI baseline,Texture,producesindicator,bivalve molluscs,1,1,0.95,markdown/chapter_2_6_fish_and_fish_products.md,"Texture. - Textural breakdown of the flesh, indicative of decomposition"
FSSAI baseline,FSSAI baseline,Enterobacteriaceae,detectedby,IS/ISO:7402/ ISO 21528,1,1,0.95,markdown/appendix_b_1.md,IS/ISO:7402/ ISO 21528
FSSAI baseline,FSSAI baseline,Staphylococcus aureus,detectedby,"IS:5887, Part 2 and IS 5887",1,1,0.95,markdown/appendix_b_1.md,"IS:5887, Part 2 and IS 5887"
FSSAI baseline,FSSAI baseline,Staphylococcus aureus,detectedby,ISO 6888-1,1,1,0.95,markdown/appendix_b_1.md,ISO 6888-1
FSSAI baseline,FSSAI baseline,Staphylococcus aureus,detectedby,IS:5887 Part 8 (Sec2)/ISO,1,1,0.95,markdown/appendix_b_1.md,IS:5887 Part 8 (Sec2)/ISO
FSSAI baseline,FSSAI baseline,Flour,outputof,"milling of grain, cereals and tubers",1,1,0.95,markdown/appendix_a_4.md,"Flour is produced from the milling of grain, cereals and tubers"
FSSAI baseline,FSSAI baseline,Fermented soybean sauce,inputto,Fermentation,1,1,0.95,markdown/appendix_a_4.md,by the fermentation process
FSSAI baseline,FSSAI baseline,fruit nectar,inputto,Concentrates of fruit nectar,1,1,0.95,markdown/appendix_a_4.md,Prepared by the physical removal of water from fruit nectar
FSSAI baseline,FSSAI baseline,Concentrates of fruit nectar,inputto,physical removal of water,1,1,0.95,markdown/appendix_a_4.md,Prepared by the physical removal of water from fruit nectar
FSSAI baseline,FSSAI baseline,Sparkling and semi-sparkling grape wines,outputof,bottle fermentation,1,1,0.95,markdown/appendix_a_4.md,by bottle fermentation or closed tank fermentation
FSSAI baseline,FSSAI baseline,Sparkling and semi-sparkling grape wines,outputof,closed tank fermentation,1,1,0.95,markdown/appendix_a_4.md,by bottle fermentation or closed tank fermentation
FSSAI baseline,FSSAI baseline,fermentation of grape must,outputof,Fortified grape wine,1,1,0.95,markdown/appendix_a_4.md,produced either by: (i) the fermentation of grape must
FSSAI baseline,FSSAI baseline,IS 5887 : Part 2,detectedby,Fish and Fishery products,1,1,0.95,markdown/appendix_b_1.md,Test method IS 5887 : Part 2
FSSAI baseline,FSSAI baseline,IS 5887 Part 8 (Sec 1),detectedby,Fish and Fishery products,1,1,0.95,markdown/appendix_b_1.md,IS 5887 Part 8 (Sec 1)
FSSAI baseline,FSSAI baseline,IS: 5402,detectedby,Fish and Fishery products,1,1,0.95,markdown/appendix_b_1.md,IS: 5402
FSSAI baseline,FSSAI baseline,ISO 4833,detectedby,Fish and Fishery products,1,1,0.95,markdown/appendix_b_1.md,ISO 4833
FSSAI baseline,FSSAI baseline,ISO: 6888-1,detectedby,Fish and Fishery products,1,1,0.95,markdown/appendix_b_1.md,ISO: 6888-1
FSSAI baseline,FSSAI baseline,ISO 21527,detectedby,Fish and Fishery products,1,1,0.95,markdown/appendix_b_1.md,ISO 21527
FSSAI baseline,FSSAI baseline,ISO: 4833,isperformedas,Aerobic Plate Count,1,1,0.9,markdown/appendix_b_1.md,IS 5402/ ISO: 4833
FSSAI baseline,FSSAI baseline,ISO: 6888-1,detectedby,Staphylococcus aureus,1,1,0.9,markdown/appendix_b_1.md,ISO: 6888-1 or IS:5403 or ISO : 6611
FSSAI baseline,FSSAI baseline,ISO:7932,isperformedas,MicrobiologicalAnalysis,1,1,0.9,markdown/appendix_b_1.md,ISO:7932
FSSAI baseline,FSSAI baseline,ISO : 15213,isperformedas,MicrobiologicalAnalysis,1,1,0.9,markdown/appendix_b_1.md,ISO : 15213
FSSAI baseline,FSSAI baseline,ISO/TS 22964,isperformedas,MicrobiologicalAnalysis,1,1,0.9,markdown/appendix_b_1.md,ISO/TS 22964
FSSAI baseline,FSSAI baseline,ISO : 11290-1 or 2,isperformedas,MicrobiologicalAnalysis,1,1,0.9,markdown/appendix_b_1.md,ISO : 11290-1 or 2
FSSAI baseline,FSSAI baseline,IS: 5887 Part 3,detectedby,Salmonella,1,1,0.95,markdown/appendix_b_1.md,Method of IS: 5887 Part 3/ISO:6579
FSSAI baseline,FSSAI baseline,ISO 15213,isperformedas,Sulphite Reducing Clostridia,1,1,0.95,markdown/appendix_b_1.md,ISO 15213
FSSAI baseline,FSSAI baseline,"IS:5887,Part 6",detectedby,Bacillus cereus,1,1,0.95,markdown/appendix_b_1.md,"IS:5887,Part 6"
FSSAI baseline,FSSAI baseline,ISO 10272-1,detectedby,Campylobacter spp,1,1,0.95,markdown/appendix_b_1.md,Horizontal Method for the Detection and Enumeration of Campylobacter spp- Part 1: Detection Method- ISO 10272-1
FSSAI baseline,FSSAI baseline,ISO 10272-2,detectedby,Campylobacter spp,1,1,0.95,markdown/appendix_b_1.md,Horizontal method for detection and enumeration of Campylobacter spp. -- Part 2: Colony-count technique- ISO 10272-2
FSSAI baseline,FSSAI baseline,ISO 15213,detectedby,Sulphite-Reducing Bacteria,1,1,0.95,markdown/appendix_b_1.md,Horizontal method for the enumeration of Sulphite-Reducing Bacteria growing under anaerobic conditions- ISO 15213
FSSAI baseline,FSSAI baseline,IS:5887 Part 4,detectedby,Clostridium perfringens,1,1,0.95,markdown/appendix_b_1.md,Isolation and Identification of Clostridium perfringens...- IS:5887 Part 4
FSSAI baseline,FSSAI baseline,IS:5887 Part 4,detectedby,Clostridium botulinum,1,1,0.95,markdown/appendix_b_1.md,Identification of... Costridium botulinum...- IS:5887 Part 4
FSSAI baseline,FSSAI baseline,ISO-TS 17919,detectedby,Clostridium botulinum,1,1,0.95,markdown/appendix_b_1.md,"Detection of botulinum type A, B, E & F- neurotoxin Producing clostridia.- ISO-TS 17919"
FSSAI baseline,FSSAI baseline,IS: 5887 Part3,detectedby,Salmonella,1,1,0.95,markdown/appendix_b_1.md,Test Methods IS: 5887 Part3 ... Salmonella
FSSAI baseline,FSSAI baseline,"IS: 14988, Part 1 & Part 2",detectedby,Listeria monocytogenes,1,1,0.95,markdown/appendix_b_1.md,"IS: 14988, Part 1 & Part 2 ... Listeria monocytogenes"
FSSAI baseline,FSSAI baseline,ISO 11290,detectedby,Listeria monocytogenes,1,1,0.95,markdown/appendix_b_1.md,ISO 11290 ... Listeria monocytogenes
FSSAI baseline,FSSAI baseline,ISO 11290-2,detectedby,Listeria monocytogenes,1,1,0.95,markdown/appendix_b_1.md,Horizontal method for the detection and enumeration of Listeria monocytogenes... Part 2: enumeration method –ISO 11290-2
FSSAI baseline,FSSAI baseline,ISO 11290-2,detectedby,Listeria spp.,1,1,0.95,markdown/appendix_b_1.md,Horizontal method for the detection and enumeration of Listeria... and of Listeria spp. -- Part 2: enumeration method –ISO 11290-2
FSSAI baseline,FSSAI baseline,IS 14988-1,detectedby,Listeria Monocytogenes,1,1,0.95,markdown/appendix_b_1.md,"Horizontal method for Detection and Enumeration of Listeria Monocytogenes, Part 1: Detection Method -IS 14988-1"
FSSAI baseline,FSSAI baseline,IS 14988-2,detectedby,Listeria monocytogenes,1,1,0.95,markdown/appendix_b_1.md,"Horizontal Method for the Detection and Enumeration of Listeria monocytogenes, Part 2: Enumeration Method- IS 14988-2"
FSSAI baseline,FSSAI baseline,"IS:5887, Part 2",detectedby,Staphylococcus aureus,1,1,0.95,markdown/appendix_b_1.md,"Test Methods IS:5887, Part 2... Staphylococcus aureus count"
FSSAI baseline,FSSAI baseline,IS 5887 part IS/ISO 7402/ ISO 21528 Part 2,detectedby,Enterobacteriaceae,1,1,0.95,markdown/appendix_b_1.md,Test Methods... IS/ISO 7402/ ISO 21528 Part 2... Enterobacteriaceae count
FSSAI baseline,FSSAI baseline,ISO 6888-1,detectedby,Staphylococcus aureus,1,1,0.95,markdown/appendix_b_1.md,ISO 6888-1 or IS:5887Part 8 (Sec2)/ISO 6888-2... Staphylococcus aureus count
FSSAI baseline,FSSAI baseline,ISO 6888-2,detectedby,Staphylococcus aureus,1,1,0.95,markdown/appendix_b_1.md,ISO 6888-2... Staphylococcus aureus count
FSSAI baseline,FSSAI baseline,IS: 5887 Part3 / ISO:6579,detectedby,Salmonella,1,1,0.95,markdown/appendix_b_1.md,Test Methods IS: 5887 Part3 / ISO:6579
FSSAI baseline,FSSAI baseline,"IS: 14988, Part 1 / ISO 11290-1",detectedby,Listeria monocytogenes,1,1,0.95,markdown/appendix_b_1.md,"Test Methods ... IS: 14988, Part 1 / ISO 11290-1"
FSSAI baseline,FSSAI baseline,Enterobacteriaceae,detectedby,ISO 21528-2,1,1,0.95,markdown/appendix_b_1.md,Horizontal methods for the detection and enumeration of Enterobacteriaceae- count Part 2: Colony- count method - ISO 21528-2
FSSAI baseline,FSSAI baseline,Salmonella,detectedby,IS 5887 Part 3,1,1,0.95,markdown/appendix_b_1.md,Methods for Detection of Bacteria Responsible for Food Poisoning - Part 3: General Guidance on Methods for the Detection of 4. Salmonella Salmonella- IS 5887 Part 3
FSSAI baseline,FSSAI baseline,Escherichia coli,detectedby,IS: 5887 Part 1 or ISO 16649-3,1,1,0.95,markdown/appendix_b_1.md,IS: 5887 Part 1 or ISO 16649-
FSSAI baseline,FSSAI baseline,Staphylococcus aureus,detectedby,IS:5887 Part 2 and IS 5887 Part 8 (Sec 1)/ ISO 6888-3 or IS:5887 Part 8 (Sec 2),1,1,0.95,markdown/appendix_b_1.md,IS:5887 Part 2 and IS 5887 Part 8 (Sec 1)/ [No hygienic indicators are currently prescribed for the Live Bivalve Molluscs] 3: — | ISO 6888-3 or IS:5887 Part 8 (Sec 2)
FSSAI baseline,FSSAI baseline,ISO 21528 Part 2,detectedby,Enterobacteriaceae count,1,1,0.95,markdown/appendix_b_1.md,ISO 21528 Part 2
FSSAI baseline,FSSAI baseline,Roasted decaffeinated coffee,inputto,Ground decaffeinated coffee,1,1,0.95,markdown/chapter_2_10_beverages_other_than_dairy_and_fruits_vegetables_based.md,obtained from 'roasted decaffeinated coffee' only
FSSAI baseline,FSSAI baseline,Ester-gum,producesindicator,Infra Red Spectrum,1,1,0.95,markdown/chapter_2_10_beverages_other_than_dairy_and_fruits_vegetables_based.md,Obtain the infra-red spectram of a thin film of the sample
FSSAI baseline,FSSAI baseline,Ester-gum,producesindicator,Sulphur test,1,1,0.95,markdown/chapter_2_10_beverages_other_than_dairy_and_fruits_vegetables_based.md,Test for absence of tall oil rosin (Sulphur test)
FSSAI baseline,FSSAI baseline,Sulphur test,producesindicator,hydrogen sulfide,1,1,0.95,markdown/chapter_2_10_beverages_other_than_dairy_and_fruits_vegetables_based.md,sulphur is converted to hydrogen sulfide which can readily be detected
FSSAI baseline,FSSAI baseline,Sulphur test,requireskit,lead acetate paper,1,1,0.95,markdown/chapter_2_10_beverages_other_than_dairy_and_fruits_vegetables_based.md,detected by the use of lead acetate paper
FSSAI baseline,FSSAI baseline,Sulphur test,producesindicator,tall oil rosin,1,1,0.95,markdown/chapter_2_10_beverages_other_than_dairy_and_fruits_vegetables_based.md,A positive test indicates the use of tall oil rosin instead of wood rosin
FSSAI baseline,FSSAI baseline,Lead Acetate Test Paper,requireskit,black spot of lead sulphide,1,1,0.95,markdown/chapter_2_10_beverages_other_than_dairy_and_fruits_vegetables_based.md,formation of a black spot of lead sulphide
FSSAI baseline,FSSAI baseline,Lead Acetate Test Paper,requireskit,sulphur containing compounds,1,1,0.95,markdown/chapter_2_10_beverages_other_than_dairy_and_fruits_vegetables_based.md,indicating the presence of sulphur containing compounds
FSSAI baseline,FSSAI baseline,Species identified milk,inputto,pasteurization,1,1,0.95,markdown/chapter_2_1_dairy_products_and_analogues.md,may be subjected to pasteurization
FSSAI baseline,FSSAI baseline,Species identified milk,inputto,Ultra High Temperature sterilisation/treatment,1,1,0.95,markdown/chapter_2_1_dairy_products_and_analogues.md,may be subjected to ... Ultra High Temperature sterilisation/treatment
FSSAI baseline,FSSAI baseline,Mixed Milk,inputto,pasteurization,1,1,0.95,markdown/chapter_2_1_dairy_products_and_analogues.md,may be subjected to pasteurization
FSSAI baseline,FSSAI baseline,Mixed Milk,inputto,boiling,1,1,0.95,markdown/chapter_2_1_dairy_products_and_analogues.md,may be subjected to ... boiling
FSSAI baseline,FSSAI baseline,Mixed Milk,inputto,sterilisation,1,1,0.95,markdown/chapter_2_1_dairy_products_and_analogues.md,may be subjected to ... sterilisation
FSSAI baseline,FSSAI baseline,Mixed Milk,inputto,Ultra High Temperature sterilisation/treatment,1,1,0.95,markdown/chapter_2_1_dairy_products_and_analogues.md,may be subjected to ... Ultra High Temperature sterilisation/treatment
FSSAI baseline,FSSAI baseline,Full Cream Milk,inputto,Ultra High Temperature sterilisation/treatment,1,1,0.95,markdown/chapter_2_1_dairy_products_and_analogues.md,shall be subjected to ... Ultra High Temperature sterilisation/treatment
FSSAI baseline,FSSAI baseline,RP-HPLC,detectedby,vegetable oil,1,1,0.95,markdown/chapter_2_1_dairy_products_and_analogues.md,Method for determination of adulteration of vegetable oil in ghee by RP-HPLC
FSSAI baseline,FSSAI baseline,RP-HPLC,detectedby,Ghee,1,1,0.95,markdown/chapter_2_1_dairy_products_and_analogues.md,Method for determination of adulteration of vegetable oil in ghee by RP-HPLC
FSSAI baseline,FSSAI baseline,GLC,detectedby,Ghee,1,1,0.95,markdown/chapter_2_1_dairy_products_and_analogues.md,The fatty acid composition of ghee as determined by GLC
FSSAI baseline,FSSAI baseline,Acid whey,outputof,separation from the curd after coagulation of milk,1,1,0.9,markdown/chapter_2_1_dairy_products_and_analogues.md,obtained ... by separation from the curd after coagulation of milk
FSSAI baseline,FSSAI baseline,Chakka,inputto,Plain dahi,1,1,0.9,markdown/chapter_2_1_dairy_products_and_analogues.md,removal of the whey from plain dahi
FSSAI baseline,FSSAI baseline,Chakka,inputto,Plain yoghurt,1,1,0.9,markdown/chapter_2_1_dairy_products_and_analogues.md,removal of the whey from ... plain yoghurt
FSSAI baseline,FSSAI baseline,Ice-Cream,outputof,freezing,1,1,0.95,markdown/chapter_2_1_dairy_products_and_analogues.md,obtained by freezing a pasteurized mix
FSSAI baseline,FSSAI baseline,Softy Ice-Cream,outputof,freezing,1,1,0.95,markdown/chapter_2_1_dairy_products_and_analogues.md,obtained by freezing a pasteurized mix
FSSAI baseline,FSSAI baseline,Milk Ice,outputof,freezing,1,1,0.95,markdown/chapter_2_1_dairy_products_and_analogues.md,obtained by freezing a pasteurized mix
FSSAI baseline,FSSAI baseline,Milk Ice,inputto,pasteurization,1,1,0.95,markdown/chapter_2_1_dairy_products_and_analogues.md,prepared from milk ... pasteurized mix
FSSAI baseline,FSSAI baseline,Milk Lolly,outputof,freezing,1,1,0.95,markdown/chapter_2_1_dairy_products_and_analogues.md,obtained by freezing a pasteurized mix
FSSAI baseline,FSSAI baseline,whey,inputto,whey permeate powder,1,1,0.9,markdown/chapter_2_1_dairy_products_and_analogues.md,"manufactured from whey permeate obtained by removing whey protein, but not lactose, from whey"
FSSAI baseline,FSSAI baseline,milk permeate,inputto,milk permeate powder,1,1,0.9,markdown/chapter_2_1_dairy_products_and_analogues.md,manufactured from milk permeate
FSSAI baseline,FSSAI baseline,ev_rapeseed_test_0001,identifies,Hydrocyanic Acid,1,1,0.95,markdown/chapter_2_2_fats_oils_and_fat_emulsions.md,Test for Hydrocyanic Acid (Ferric Passes the test
FSSAI baseline,FSSAI baseline,ev_rapeseed_test_0002,identifies,Argemone oil,1,1,0.95,markdown/chapter_2_2_fats_oils_and_fat_emulsions.md,Test for argemone oil shall be negative
News,Ghee,starch,detectedby,iodine test,9,7,0.9056,https://timesofindia.indiatimes.com/life-style/food-news/pure-desi-ghee-benefits-nutrition-and-how-to-detect-adulteration-at-home/articleshow/125913436.cms,"For testing starch, mix melted ghee with iodine drops."
News,Ghee,starch,detectedby,Iodine test,6,5,0.9083,https://www.hindustantimes.com/htcity/htcity-foodies/kya-aapke-ghee-meh-vanaspati-hai-here-are-5-expert-approved-purity-tests-you-can-try-at-home-101727260180885.html,Add a few drops of iodine to a small amount of ghee taken from your everyday container.
News,Ghee,analysis of ghee samples,isperformedat,NDDB CALF Lab,4,4,0.9,https://www.thehindubusinessline.com/news/tirupati-laddu-row-food-safety-regulator-issues-notice-to-ghee-supplier-purification-ritual-at-temple-more-pils-filed/article68676372.ece,samples supplied to TTD for testing to NDDB CALF Lab at Anand
News,Ghee,iodine test,producesindicator,presence of starch,4,3,0.9375,https://indianexpress.com/article/entertainment/bollywood/gaurav-taneja-flying-beast-dairy-farm-fake-paneer-can-pass-iodine-test-9964881/,The iodine test reflects the presence of starch
News,Ghee,Palm test,producesindicator,melting instantly,4,3,0.85,https://timesofindia.indiatimes.com/life-style/food-news/575-liters-of-adulterated-ghee-and-7000-kg-of-ginger-garlic-paste-seized-in-hyderabad-how-to-do-a-purity-check-at-home/articleshow/122246421.cms,if it starts melting instantly then the ghee is pure
News,Oil,de-oiled rice bran,outputof,rice milling process,3,3,0.9167,https://www.bombaynews.net/news/274385248/edible-oil-industry-urges-centre-not-to-extend-export-ban-on-de-oiled-rice-bran,De-oiled rice bran (DORB) is a by-product of the rice milling process
News,Ghee,SensoryTest,producesindicator,burnt smell,3,2,0.85,https://timesofindia.indiatimes.com/life-style/food-news/68-lakh-kg-of-fake-ghee-supplied-to-make-tirupati-temple-laddoo-for-5-years/articleshow/125233302.cms,The ghee should never smell burnt as it has a high heating point.
News,Ghee,Water test,producesindicator,ghee floats,3,2,0.8833,https://timesofindia.indiatimes.com/life-style/food-news/575-liters-of-adulterated-ghee-and-7000-kg-of-ginger-garlic-paste-seized-in-hyderabad-how-to-do-a-purity-check-at-home/articleshow/122246421.cms,if the ghee floats it is unadulterated
News,Oil,SensoryTest,producesindicator,dark discolouration,3,2,0.8167,https://www.siasat.com/hyderabad-food-safety-inspection-flags-unsafe-oil-at-kfc-outlet-in-kondapur-3465689/,Officials also observed dark discolouration in the oil
News,Ghee,starch,detectedby,iodine solution test,2,2,0.95,https://www.thehindu.com/news/national/telangana/telangana-food-safety-department-demonstrates-methods-to-identify-adulterated-food/article70833242.ece,detected by adding iodine solution
News,Ghee,laboratory analysis,isperformedon,ghee sample,2,2,0.9,https://www.freepressjournal.in/indore/indore-news-3-dairy-licences-suspended-in-ghee-adulteration-crackdown,Laboratory analysis later found seven samples substandard
News,Ghee,iodine test,producesindicator,indication of starch,2,2,0.95,https://timesofindia.indiatimes.com/life-style/food-news/youtuber-gaurav-tanejas-shocking-claim-about-gauri-khans-restaurants-fake-paneer-news/articleshow/120614678.cms,The test only proves the indication of starch
News,Ghee,ghee,inputto,laddu production,2,2,0.875,https://indianexpress.com/article/india/caught-in-tirupati-laddu-row-firm-that-supplied-ghee-our-samples-first-tested-at-national-labs-9581216/,total ghee used for TTD's laddu production
News,Ghee,analysis of ghee samples,isperformedon,ghee sample from A R Dairy Food Private Ltd,2,2,0.9,https://www.thehindubusinessline.com/news/tirupati-laddu-row-food-safety-regulator-issues-notice-to-ghee-supplier-purification-ritual-at-temple-more-pils-filed/article68676372.ece,sample from your firm M/s. A R Dairy Food Private Ltd has failed to meet the parameters
News,Ghee,ghee analysis,isperformedat,NDDB,2,2,0.85,https://swarajyamag.com/news-brief/tirupati-laddus-controversy-understanding-supreme-courts-observations-on-ghee-adulteration-claims-in-four-points,sent to NDDB for testing
News,Ghee,ghee adulteration finding,identifies,animal fats,2,2,0.9,https://timesofindia.indiatimes.com/city/vijayawada/naidu-rejects-ysrcps-demand-for-apology-in-laddu-ghee-row/articleshow/127845382.cms,confirmed the presence of animal fats
News,Ghee,animal fat detection in ghee,identifies,animal fat,2,2,0.95,https://www.thehansindia.com/andhra-pradesh/ghee-supplied-for-tirupati-laddus-not-made-at-tn-dairy-reveals-document-912370,tests of the samples collected from four tankers revealed the presence of animal fat
News,Ghee,ghee sample analysis,isperformedon,ghee sample,2,2,0.9,https://www.freepressjournal.in/indore/indore-news-about-3400-litres-of-fake-ghee-seized-from-a-factory,collected several samples for testing
News,Ghee,SensoryTest,producesindicator,smell,2,2,0.875,https://www.newindianexpress.com/states/andhra-pradesh/2024/Sep/23/ttd-to-conduct-santhi-homam-amid-concerns-over-ghee-quality-for-srivari-laddu,"evaluate the ghee based on colour, taste, and smell"
News,Ghee,animal fat,detectedby,LaboratoryTest,2,2,0.9,https://www.hindustantimes.com/india-news/tirupati-laddu-row-fish-oil-more-expensive-accused-ghee-supplier-refutes-allegations-101726973256605.html,lab tests revealed the presence of animal fat
News,Ghee,ghee adulteration finding,identifies,animal fat,2,2,0.925,https://timesofindia.indiatimes.com/city/vijayawada/cbis-sit-investigation-unveils-ghee-adulteration-scandal-in-tirupati-laddu/articleshow/114998936.cms,confirmed the presence of animal fat in the ghee
News,Ghee,SensoryTest,producesindicator,pale color,2,2,0.85,https://timesofindia.indiatimes.com/life-style/food-news/fsda-declares-6-desi-ghee-brands-unsafe-how-to-check-ghee-purity-and-the-easiest-way-to-make-ghee-at-home/articleshow/130544411.cms,The pale color of ghee could indicate preservatives
News,Ghee,Iodine test,producesindicator,purple color,2,2,0.925,https://timesofindia.indiatimes.com/life-style/food-news/fsda-declares-6-desi-ghee-brands-unsafe-how-to-check-ghee-purity-and-the-easiest-way-to-make-ghee-at-home/articleshow/130544411.cms,"If it turns purple, the ghee has starch present in it."
News,Ghee,iodine test,producesindicator,starch presence,2,2,0.925,https://timesofindia.indiatimes.com/entertainment/hindi/bollywood/news/post-gauri-khan-fake-paneer-controversy-youtuber-gaurav-taneja-posts-a-video-claiming-99-percent-of-fake-paneer-passes-iodine-test/articleshow/120552115.cms,the iodine test detects starch
News,Ghee,adulteration checks,isperformedat,CFTRI-Mysuru,2,2,0.9,https://timesofindia.indiatimes.com/city/vijayawada/tirupati-laddu-ghee-adulteration-case-cbi-led-sit-arrests-former-ttd-chairman-yv-subba-reddys-close-aide-chinna-appanna/articleshow/124946575.cms,"samples were sent to CFTRI-Mysuru, lab reports confirmed"
News,Ghee,soybean powder test,producesindicator,color changes to light red,2,2,0.925,https://timesofindia.indiatimes.com/life-style/food-news/450-kg-paneer-seized-in-chandigarh-5-ways-to-check-the-purity-of-paneer/articleshow/121838080.cms,If the color of the paneer changes to light red
News,Ghee,Water test,producesindicator,ghee sinks,2,2,0.875,https://timesofindia.indiatimes.com/life-style/food-news/25-tons-of-adulterated-ghee-seized-in-this-city-8-ways-to-identify-fake-ghee/articleshow/117206895.cms,if it sinks then the ghee is infused with foreign material
News,Ghee,Iodine test,producesindicator,turns purple,2,2,0.85,https://timesofindia.indiatimes.com/life-style/food-news/575-liters-of-adulterated-ghee-and-7000-kg-of-ginger-garlic-paste-seized-in-hyderabad-how-to-do-a-purity-check-at-home/articleshow/122246421.cms,if it turns purple then the ghee has a presence of starch in it
News,Ghee,Boil test,producesindicator,burnt smell,2,2,0.85,https://timesofindia.indiatimes.com/life-style/food-news/25-tons-of-adulterated-ghee-seized-in-this-city-8-ways-to-identify-fake-ghee/articleshow/117206895.cms,if it starts smelling as burnt then you know it is not pure ghee
News,Ghee,Boil test,producesindicator,bubbles and steam,2,2,0.85,https://timesofindia.indiatimes.com/life-style/food-news/25-tons-of-adulterated-ghee-seized-in-this-city-8-ways-to-identify-fake-ghee/articleshow/117206895.cms,Bubbles and steam when boiling the ghee are also indicative of adulterated ghee
News,Ghee,iodine test,producesindicator,reaction with potatoes,2,2,0.9,https://timesofindia.indiatimes.com/entertainment/hindi/bollywood/news/post-gauri-khan-fake-paneer-controversy-youtuber-gaurav-taneja-posts-a-video-claiming-99-percent-of-fake-paneer-passes-iodine-test/articleshow/120552115.cms,iodine reacts with ingredients like potatoes
News,Milk,detailed analysis,isperformedon,milk samples,2,2,0.9,https://www.thehansindia.com/andhra-pradesh/milk-contamination-leaves-four-dead-12-in-hospital-with-anuria-1051240,Milk samples obtained from 42 cattle connected to the supplier were also sent to Hyderabad laboratories for detailed analysis
News,Milk,toxic adulterant analysis,isperformedat,JNTU Kakinada,2,2,0.85,https://www.deccanchronicle.com/southern-states/andhra-pradesh/ap-milk-contamination-death-toll-rises-to-13-1943271,"sent to laboratories, including JNTU Kakinada ... for toxic adulterant analysis"
News,Milk,SensoryTest,producesindicator,smell,2,2,0.85,https://www.freepressjournal.in/indore/indore-water-tragedy-survivors-recount-horror-after-consuming-contaminated-water,smell emanating from the water they were drinking
News,Milk,milk analysis,isperformedon,milk sample,2,2,0.85,https://www.hindustantimes.com/india-news/four-die-in-andhra-pradesh-rajamahendravaram-after-consuming-adulterated-milk-101771830100532.html,dispatched them to various laboratories for testing
News,Milk,ethylene glycol,detectedby,LaboratoryTest,2,2,0.925,https://www.news18.com/cities/hyderabad-news/sweet-death-why-ethylene-glycol-an-antifreeze-chemical-is-lurking-in-andhras-milk-ws-l-9991605.html,Laboratory tests later confirmed the presence
News,Milk,analysis of milk samples,isperformedat,Veterinary Biological Research Institute,2,2,0.875,https://timesofindia.indiatimes.com/india/fssai-seeks-report-on-adulterated-milk-incident-that-killed-4-in-andhra-pradesh/articleshow/128774319.cms,sent to the Veterinary Biological Research Institute for analysis
News,Oil,laboratory testing,isperformedon,paneer sample,2,2,0.875,https://timesofindia.indiatimes.com/city/noida/suspected-adulterated-paneer-seized-in-jewar-case-against-dairy-operators-likely/articleshow/123874120.cms,collected a sample for laboratory testing
News,Oil,SensoryTest for adulterated paneer,producesindicator,no smell,2,2,0.9,https://indianexpress.com/article/cities/pune/dairy-unit-adulterated-paneer-chinchwad-goods-worth-8603405/,Adulterated paneer has no smell
News,Oil,SensoryTest for unadulterated paneer,producesindicator,smell of good quality milk cream,2,2,0.9,https://indianexpress.com/article/cities/pune/dairy-unit-adulterated-paneer-chinchwad-goods-worth-8603405/,smells of good quality milk cream
News,Oil,FieldTest,requireskit,magic kits,2,2,0.85,https://www.thehansindia.com/andhra-pradesh/ap-crackdown-after-milk-contamination-claims-5-lives-1052137,Milk quality is being tested using magic kits
News,Oil,magic kits,requireskit,lactometers,2,2,0.85,https://www.thehansindia.com/andhra-pradesh/ap-crackdown-after-milk-contamination-claims-5-lives-1052137,using magic kits ... through devices including lactometers
News,Oil,lab testing,isperformedon,food samples,2,2,0.9,https://garhwalpost.in/campaign-against-adulterated-food-items-to-continue-dr-rajesh-kumar/,sent them to the lab for testing
News,Oil,in-depth examination,producesindicator,different packaging materials,2,2,0.9,https://economictimes.indiatimes.com/industry/cons-products/food/adani-wilmar-files-police-complaint-against-sale-of-counterfeit-fortune-brand-products/articleshow/102042295.cms,different packaging materials
News,Ghee,iodine test,producesindicator,starch detection,4,1,0.95,https://timesofindia.indiatimes.com/entertainment/hindi/bollywood/news/post-gauri-khan-fake-paneer-controversy-youtuber-gaurav-taneja-posts-a-video-claiming-99-percent-of-fake-paneer-passes-iodine-test/articleshow/120552115.cms,the test only detects starch
News,Ghee,spot testing,requireskit,Food Safety on Wheels,2,1,0.85,https://timesofindia.indiatimes.com/city/delhi/before-holi-food-safety-teams-intensify-checks-for-adulteration/articleshow/128820396.cms,Mobile testing vansâFood Safety on Wheelsâwere deployed in crowded markets for spot testing
News,Ghee,pale color,identifies,preservatives,2,1,0.725,https://timesofindia.indiatimes.com/life-style/food-news/68-lakh-kg-of-fake-ghee-supplied-to-make-tirupati-temple-laddoo-for-5-years/articleshow/125233302.cms,The pale color of ghee could be indicative of preservatives
News,Ghee,Iodine Test,producesindicator,purple color,2,1,0.9,https://timesofindia.indiatimes.com/life-style/food-news/thousands-of-tonnes-of-adulterated-ghee-seized-heres-how-to-identify-fake-ghee/articleshow/111258066.cms,if it turns purple then the ghee has a presence of starch
News,Ghee,other oil,detectedby,Boil Test,2,1,0.825,https://timesofindia.indiatimes.com/life-style/food-news/thousands-of-tonnes-of-adulterated-ghee-seized-heres-how-to-identify-fake-ghee/articleshow/111258066.cms,Bubbles and steam when boiling the ghee are also indicative of adulterated ghee
News,Ghee,analysis of ghee and oil samples,isperformedat,Jaipur laboratory,2,1,0.85,https://timesofindia.indiatimes.com/city/jaipur/major-crackdown-on-adulterated-ghee-and-oil-in-pokaran-over-14000kg-seized/articleshow/131486941.cms,all ghee and oil samples have been sent to the Jaipur laboratory for analysis
News,Ghee,high-tech lab test,producesindicator,sitosterol structure peaking,2,1,0.85,https://timesofindia.indiatimes.com/city/ahmedabad/adulterated-ghee-seized-in-gujarat-beware-of-duplicate-branded-ghee/articleshow/106168455.cms,"if it is adulterated, both cholesterol and sitosterol structures peak"
News,Ghee,ghee purity test,producesindicator,crimson red or pink colour,2,1,0.925,https://economictimes.indiatimes.com/news/new-updates/ghee-purity-test-fssai-shares-5-minute-method-to-check-adulteration-at-home/articleshow/129829271.cms,The acid layer turns crimson red or pink
News,Ghee,sample testing,isperformedat,ultra-modern laboratory,2,1,0.85,https://www.thehindubusinessline.com/news/e-tongue-e-nose-lab-to-test-ghee-quality-in-tirumala-soon-andhra-health-minister/article70669784.ece,The laboratory will carry out sample testing
News,Ghee,warm water test,producesindicator,lathering,2,1,0.85,https://timesofindia.indiatimes.com/life-style/food-news/fake-mithai-alert-how-to-test-your-diwali-sweets-at-home-for-safety/articleshow/124693105.cms,lathers when mixed with warm water
News,Ghee,adulterated ghee,detectedby,SensoryTest,2,1,0.95,https://www.newindianexpress.com/states/odisha/2024/Oct/05/smelly-ghee-sent-to-shrine-allege-baladevjew-priests,cooks complained of an unpleasant odour emanating from the ghee
News,Ghee,iodine tincture test,producesindicator,color changes to blue,2,1,0.925,https://timesofindia.indiatimes.com/life-style/food-news/450-kg-paneer-seized-in-chandigarh-5-ways-to-check-the-purity-of-paneer/articleshow/121838080.cms,add a few drops of iodine tincture and see if the color changes to blue
News,Ghee,arhar dal test,producesindicator,color changes to light red,2,1,0.9,https://timesofindia.indiatimes.com/life-style/food-news/450-kg-paneer-seized-in-chandigarh-5-ways-to-check-the-purity-of-paneer/articleshow/121838080.cms,If the color of the paneer changes to light red
News,Ghee,warm water dissolution test,producesindicator,"milky, cloudy, or frothy water",2,1,0.85,https://www.financialexpress.com/life/lifestyle-worried-about-adulterated-diwali-sweets-dietitian-on-how-to-recognise-fake-khoya-4011313/,"if the water becomes milky, cloudy, or frothy, it could have starch"
News,Ghee,iodine tincture test,producesindicator,paneer turns blue,2,1,0.925,https://timesofindia.indiatimes.com/city/chandigarh/450kg-paneer-seized-in-raid-in-chandigarhs-sector-26/articleshow/121786950.cms,"If the paneer turns blue, it may be artificial or adulterated"
News,Ghee,toor dal water test,producesindicator,water turns light red,2,1,0.925,https://timesofindia.indiatimes.com/city/chandigarh/450kg-paneer-seized-in-raid-in-chandigarhs-sector-26/articleshow/121786950.cms,"If the water turns light red, the paneer may be contaminated"
News,Ghee,iodine test,producesindicator,colour change,2,1,0.9,https://indianexpress.com/article/entertainment/bollywood/after-gauri-khan-fake-paneer-allegations-youtuber-gaurav-taneja-reacts-9960669/,IODINE changes colour with reaction under the presence of ingredients
News,Ghee,paneer color change test,producesindicator,color changes to light red,2,1,0.85,https://timesofindia.indiatimes.com/life-style/food-news/110-kg-chicken-825-kg-fake-paneer-banned-colours-and-chemicals-seized-how-to-check-purity-at-home/articleshow/131873428.cms,If the color of the paneer changes to light red
News,Ghee,add tur dal powder to boiled paneer,producesindicator,color changes to light red,2,1,0.85,https://timesofindia.indiatimes.com/life-style/food-news/110-kg-chicken-825-kg-fake-paneer-banned-colours-and-chemicals-seized-how-to-check-purity-at-home/articleshow/131873428.cms,If the color of the paneer changes to light red
News,Ghee,comprehensive testing,isperformedat,National Dairy Development Board,2,1,0.85,https://www.deccanchronicle.com/southern-states/andhra-pradesh/ttd-files-plaint-against-ar-dairy-for-supplying-adulterated-ghee-to-tirupati-temple-1825945,sending the received ghee samples to the National Dairy Development Board (NDDB) for a comprehensive testing
News,Ghee,mawa,detectedby,mobile lab,2,1,0.85,https://www.freepressjournal.in/indore/1k-kg-adulterated-mawa-supplied-from-gwalior-seized-in-indore,preliminary check through the mobile lab
News,Ghee,Test in Warm Water,producesindicator,"excessive residue, artificial color, or separates unnaturally",2,1,0.875,https://timesofindia.indiatimes.com/life-style/food-news/200-kg-of-unhygienic-and-adulterated-peda-destroyed-how-to-make-preservative-free-peda-at-home-for-bhog/articleshow/131264886.cms,"If it leaves excessive residue, artificial color, or separates unnaturally"
News,Ghee,Observe the Color,producesindicator,very bright or has uniform colors,2,1,0.875,https://timesofindia.indiatimes.com/life-style/food-news/200-kg-of-unhygienic-and-adulterated-peda-destroyed-how-to-make-preservative-free-peda-at-home-for-bhog/articleshow/131264886.cms,If it is very bright or has uniform colors
News,Milk,Arsenic detection in rice,identifies,arsenic,2,1,0.875,https://indianexpress.com/article/health-wellness/packaged-foods-children-diets-practices-meal-plans-10756755/,Arsenic has been detected in varying amounts in rice
News,Milk,detailed analysis,isperformedat,"laboratories in Hyderabad, Vijayawada and Visakhapatnam",2,1,0.85,https://thelogicalindian.com/4-die-after-consuming-suspected-adulterated-milk-in-andhra-pradesh-dairy-owner-arrested-probe-underway/,"dispatched to laboratories in Hyderabad, Vijayawada and Visakhapatnam for detailed analysis"
News,Milk,iodine tincture test,producesindicator,color changes to blue,2,1,0.9,https://timesofindia.indiatimes.com/life-style/food-news/110-kg-chicken-825-kg-fake-paneer-banned-colours-and-chemicals-seized-how-to-check-purity-at-home/articleshow/131873428.cms,add a few drops of iodine tincture and see if the color changes to blue
News,Milk,sorbitol,detectedby,colour change observation,2,1,0.85,https://www.tribuneindia.com/news/haryana/ndri-develops-rapid-test-to-detect-milk-adulteration-513058,presence of sorbitol can be detected just by observing colour change
News,Milk,wet tissue test,producesindicator,stained tissue,2,1,0.9,https://timesofindia.indiatimes.com/life-style/food-news/fake-mithai-alert-how-to-test-your-diwali-sweets-at-home-for-safety/articleshow/124693105.cms,"If the tissue gets stained, it contains an artificial dye"
News,Milk,spot analysis,requireskit,special kits,2,1,0.875,https://www.thehindu.com/news/national/andhra-pradesh/food-safety-officers-launch-state-wide-milk-safety-inspections-after-deaths/article70676541.ece,using special kits for conducting spot analysis
News,Oil,refrigerator cooling test,producesindicator,separate layers or patches,2,1,0.875,https://economictimes.indiatimes.com/news/new-updates/coconut-oil-purity-test-fssai-shares-simple-trick-to-detect-adulteration-in-the-oil-you-use-for-hair-skin-and-food/articleshow/129389742.cms,Adulterated coconut oil often forms separate layers or patches after cooling
News,Oil,coconut oil purity test,producesindicator,distinct layer on top or uneven solidification,2,1,0.85,https://economictimes.indiatimes.com/news/new-updates/coconut-oil-purity-test-fssai-shares-simple-trick-to-detect-adulteration-in-the-oil-you-use-for-hair-skin-and-food/articleshow/129389742.cms,"distinct layer on top or uneven solidification, it may indicate the presence of other oils"
News,Oil,analysis of ghee and oil samples,isperformedat,Jaipur laboratory,2,1,0.85,https://timesofindia.indiatimes.com/city/jaipur/major-crackdown-on-adulterated-ghee-and-oil-in-pokaran-over-14000kg-seized/articleshow/131486941.cms,all ghee and oil samples have been sent to the Jaipur laboratory for analysis
News,Oil,analysis,isperformedat,government laboratories,2,1,0.875,https://timesofindia.indiatimes.com/city/nagpur/fda-to-focus-on-edible-oil-during-food-safety-week/articleshow/93416043.cms,analysis will done at government laboratories
News,Oil,testing,isperformedat,government laboratory,2,1,0.85,https://timesofindia.indiatimes.com/city/nagpur/fda-urges-big-hotels-to-hand-over-excess-edible-oil-for-bio-diesel/articleshow/88797263.cms,sent for testing at the government laboratory
News,Oil,test for other miscible oil,isperformedat,Central Agmark Laboratory,2,1,0.925,https://www.hindustantimes.com/cities/chandigarh-news/punjab-haryana-high-court-asks-centre-if-there-are-plans-to-open-more-labs-to-check-cooking-oil-adulteration-101734204296975.html,test for other miscible oil can be conducted is the Central Agmark Laboratory
News,Ghee,refrigeration test,producesindicator,uneven solidification or layering,1,1,0.85,https://indianexpress.com/article/lifestyle/health/adulterated-ghee-ginger-garlic-paste-hyderabad-consume-10107480/,"If it forms layers or has a different texture, it may be mixed with other fats."
News,Ghee,Analysis of collected samples,isperformedat,State food testing laboratory,1,1,0.9,https://www.freepressjournal.in/indore/106-kg-of-sweets-seized-18-samples-collected-from-various-sweet-shops-in-mps-indore,all collected samples have been sent to the state food testing laboratory
News,Ghee,Visual inspection,producesindicator,"Overly bright, uniform or unnatural colours",1,1,0.85,https://www.thehindu.com/news/national/telangana/telangana-food-safety-department-demonstrates-methods-to-identify-adulterated-food/article70833242.ece,"Items with overly bright, uniform or unnatural colours... may indicate the use of synthetic dyes"
News,Ghee,synthetic dyes,detectedby,SensoryTest,1,1,0.9,https://www.thehindu.com/news/national/telangana/telangana-food-safety-department-demonstrates-methods-to-identify-adulterated-food/article70833242.ece,consumers can detect adulteration of some food items through careful visual inspection
News,Ghee,iodine solution test,producesindicator,blue-black color change,1,1,0.95,https://www.thehindu.com/news/national/telangana/telangana-food-safety-department-demonstrates-methods-to-identify-adulterated-food/article70833242.ece,turns blue-black if starch is present
News,Ghee,impurities,detectedby,sensory and heat test,1,1,0.8,https://www.thehindu.com/news/national/telangana/telangana-food-safety-department-demonstrates-methods-to-identify-adulterated-food/article70833242.ece,"identified through changes in texture, smell and reaction to heat"
News,Ghee,milk,detectedby,consistency and layering test,1,1,0.85,https://www.thehindu.com/news/national/telangana/telangana-food-safety-department-demonstrates-methods-to-identify-adulterated-food/article70833242.ece,diluted milk can be detected through consistency and layering
News,Ghee,testing of ghee samples,isperformedat,NDDB-Calf,1,1,0.85,https://www.newdelhinews.net/news/274669202/madras-high-court-directs-fssai-to-issue-supplementary-notice-to-ar-dairy-food-over-tirupati-laddu-row,TTD had relied upon the findings of lab reports of samples by Gujarat based NDDB-Calf
News,Ghee,ghee quality analysis,isperformedat,Regional Public Health Laboratory at Peda Waltair,1,1,0.9,https://www.thehansindia.com/andhra-pradesh/low-quality-of-ghee-used-at-simhachalam-temple-908850,send the samples collected to Regional Public Health Laboratory at Peda Waltair to analyse the quality
News,Ghee,ghee analysis,isperformedat,Regional Public Health Laboratory,1,1,0.9,https://www.thehansindia.com/andhra-pradesh/low-quality-of-ghee-used-at-simhachalam-temple-908850,"samples of besan flour, tur dal, cashew nuts, ghee were sent to the Regional Public Health Laboratory"
News,Ghee,iodine test,producesindicator,color change with starch,1,1,0.9,https://timesofindia.indiatimes.com/life-style/food-news/youtuber-gaurav-tanejas-shocking-claim-about-gauri-khans-restaurants-fake-paneer-news/articleshow/120614678.cms,"IODINE changes color with reaction in the presence of ingredients: potatoes, rice"
News,Ghee,animal body fat,detectedby,gas liquid chromatography,1,1,0.9,https://www.thehindu.com/sci-tech/health/tirupati-laddu-row-on-the-economics-of-and-adulterants-in-ghee-explained/article68705077.ece,gas liquid chromatography can be used for this test
News,Ghee,animal body fat,detectedby,microscopic examination of fat crystals,1,1,0.85,https://www.thehindu.com/sci-tech/health/tirupati-laddu-row-on-the-economics-of-and-adulterants-in-ghee-explained/article68705077.ece,It also lists the microscopic examination of fat crystals
News,Ghee,microscopic examination of fat crystals,producesindicator,characteristic crystalline appearance,1,1,0.9,https://www.thehindu.com/sci-tech/health/tirupati-laddu-row-on-the-economics-of-and-adulterants-in-ghee-explained/article68705077.ece,exhibit a characteristic crystalline appearance when viewed under microscope
News,Ghee,β-Sitosterol,detectedby,Reversed Phase - High Performance Liquid Chromatography,1,1,0.95,https://www.thehindu.com/sci-tech/health/tirupati-laddu-row-on-the-economics-of-and-adulterants-in-ghee-explained/article68705077.ece,"Reversed Phase - High Performance Liquid Chromatography or RP-HPLC was to be used to detect if ghee had been adulterated with vegetable oils. This method, the FSSAI order says, is “based on the detection of cholesterol and β-Sitosterol as markers in the unsaponifiable matter (USM) of pure ghee and adulterated ghee samples.”"
News,Ghee,Reversed Phase - High Performance Liquid Chromatography,producesindicator,β-Sitosterol,1,1,0.95,https://www.thehindu.com/sci-tech/health/tirupati-laddu-row-on-the-economics-of-and-adulterants-in-ghee-explained/article68705077.ece,β-Sitosterol serves as an indicator for the adulteration in ghee by certain vegetable oils/fats
News,Ghee,groundnut oil,detectedby,Reversed Phase - High Performance Liquid Chromatography,1,1,0.9,https://www.thehindu.com/sci-tech/health/tirupati-laddu-row-on-the-economics-of-and-adulterants-in-ghee-explained/article68705077.ece,"This test is applicable for the determination of soybean oil, coconut oil, sunflower oil and groundnut oil in ghee"
News,Ghee,S-value,producesindicator,foreign fat,1,1,0.9,https://www.thehindu.com/sci-tech/health/tirupati-laddu-row-on-the-economics-of-and-adulterants-in-ghee-explained/article68705077.ece,"if any S-value of the sample given falls outside of these limits, then the sample is deemed to contain a ‘foreign fat’"
News,Ghee,State Food Testing Laboratory Analysis,isperformedon,Ghee Samples,1,1,0.85,https://www.freepressjournal.in/indore/major-crackdown-over-1000-kg-adulterated-ghee-seized-sanchi-to-lodge-fir,11 samples have been sent to the State Food Testing Laboratory in Bhopal for further examination
News,Ghee,State Food Testing Lab Analysis,isperformedat,State Food Testing Laboratory in Bhopal,1,1,0.95,https://www.freepressjournal.in/indore/major-crackdown-over-1000-kg-adulterated-ghee-seized-sanchi-to-lodge-fir,sent to the State Food Testing Laboratory in Bhopal
News,Ghee,Analysis of curd sample,isperformedon,Curd sample from NNR Enterprises,1,1,0.9,https://www.thehansindia.com/news/cities/hyderabad/ghmc-raids-amberpet-dairy-unit-seizes-2500-kg-of-adulterated-curd-1056422,sent to a laboratory for detailed analysis
News,Ghee,LaboratoryTest,isperformedas,Analysis of curd sample,1,1,0.85,https://www.thehansindia.com/news/cities/hyderabad/ghmc-raids-amberpet-dairy-unit-seizes-2500-kg-of-adulterated-curd-1056422,sent to a laboratory for detailed analysis
News,Ghee,ghee adulteration finding,identifies,vegetable fat,1,1,0.95,https://www.freepressjournal.in/india/uttarakhand-dairy-with-no-milk-or-butter-supply-duped-tirupati-temple-with-fake-ghee-worth-250-crore,Laboratory analyses conducted on ghee samples collected this year confirmed large-scale adulteration
News,Ghee,laboratory examination,isperformedon,samples,1,1,0.9,https://www.opindia.com/2026/04/madhya-pradesh-khandwa-police-arrest-anwar-qureshi-fake-ghee-animal-fat-bones-skin-fir-details/,"collected samples, which were sent for laboratory examination"
News,Ghee,Ghee Quality Analysis,isperformedon,Ghee Sample,1,1,0.9,https://timesofindia.indiatimes.com/city/surat/massive-seizure-of-counterfeit-ghee-71-containers-confiscated-in-surat/articleshow/114157937.cms,SMC teams collected samples and sent them for testing
News,Ghee,CFTRI Report on Ghee Adulteration,identifies,Adulterant in Ghee,1,1,0.9,https://www.deccanchronicle.com/southern-states/andhra-pradesh/spiked-ghee-flowed-in-as-ttd-neglected-plant-inspections-for-six-years-1920554,CFTRI report that confirmed adulteration in samples from three dairies
News,Ghee,analysis of seized ghee samples,isperformedat,Forensic Science Laboratory,1,1,0.9,https://www.thehansindia.com/karnataka/ccb-police-nab-kingpin-couple-manufacturing-fake-nandini-ghee-1026667,Samples of the seized ghee have also been sent to the Forensic Science Laboratory
News,Ghee,FDCA 2024-25 food testing,isperformedat,FDCA laboratories,1,1,0.9,https://timesofindia.indiatimes.com/city/ahmedabad/state-fdca-seized-351-tonnes-of-suspicious-food-items-in-2024-25/articleshow/121682191.cms,"administration's laboratories tested 60,448 food samples"
News,Ghee,FDCA 2024-25 food testing,isperformedon,surveillance samples,1,1,0.85,https://timesofindia.indiatimes.com/city/ahmedabad/state-fdca-seized-351-tonnes-of-suspicious-food-items-in-2024-25/articleshow/121682191.cms,"44,285 surveillance samples were collected"
News,Ghee,on-site primary testing,requireskit,Food Safety on Wheels vans,1,1,0.85,https://timesofindia.indiatimes.com/city/ahmedabad/state-fdca-seized-351-tonnes-of-suspicious-food-items-in-2024-25/articleshow/121682191.cms,"facilitate on-site primary testing of food items, 32 Food Safety on Wheels vans"
News,Ghee,electronic tongue,producesindicator,changes in purity,1,1,0.85,https://indianexpress.com/article/cities/hyderabad/tirumala-laddu-controversy-high-tech-food-lab-ghee-test-10547682/,device can detect even the minutest changes in the purity
News,Ghee,Silk Dupatta Adulteration Finding,identifies,polyester,1,1,0.95,https://www.thehansindia.com/news/cities/tirupathi/ttd-faces-row-over-fake-silk-dupattas-1030272,reports from both labs confirmed that the material was made of polyester
News,Ghee,Food Safety on Wheels,producesindicator,screening of adulteration,1,1,0.85,https://www.hindustantimes.com/cities/chandigarh-news/punjab-maximum-adulteration-in-paneer-desi-ghee-says-health-minister-101754510094173.html,mobile food testing vans are equipped for screening of adulteration
News,Ghee,analysis of seized samples,isperformedat,state food testing laboratory in Bhopal,1,1,0.85,https://timesofindia.indiatimes.com/city/indore/adulterated-mawa-sweets-ghee-worth-over-rs-12l-seized/articleshow/124561866.cms,All samples were sent to state food testing laboratory in Bhopal
News,Ghee,laboratory testing,isperformedon,sample of ghee,1,1,0.9,https://timesofindia.indiatimes.com/city/ranchi/food-safety-department-seizes-42-kg-of-adulterated-ghee-in-ranchi-ahead-of-durga-puja/articleshow/124075072.cms,A sample of ghee was taken from the spot for laboratory testing
News,Ghee,Analysis of paneer at JNTU Kakinada,isperformedon,paneer,1,1,0.85,https://www.deccanchronicle.com/southern-states/andhra-pradesh/no-fresh-anuria-cases-linked-to-adulterated-milk-reported-in-east-godavari-1939895,"samples of paneer... have been sent to JNTU, Kakinada, for analysis"
News,Ghee,Analysis of ghee at JNTU Kakinada,isperformedon,ghee,1,1,0.85,https://www.deccanchronicle.com/southern-states/andhra-pradesh/no-fresh-anuria-cases-linked-to-adulterated-milk-reported-in-east-godavari-1939895,"samples of paneer, ghee, drinking water, vinegar and milk have been sent to JNTU, Kakinada, for analysis"
News,Ghee,Analysis of drinking water at JNTU Kakinada,isperformedon,drinking water,1,1,0.85,https://www.deccanchronicle.com/southern-states/andhra-pradesh/no-fresh-anuria-cases-linked-to-adulterated-milk-reported-in-east-godavari-1939895,"samples of... drinking water... have been sent to JNTU, Kakinada, for analysis"
News,Ghee,Analysis of milk at JNTU Kakinada,isperformedat,JNTU Kakinada,1,1,0.9,https://www.deccanchronicle.com/southern-states/andhra-pradesh/no-fresh-anuria-cases-linked-to-adulterated-milk-reported-in-east-godavari-1939895,"sent to JNTU, Kakinada, for analysis"
News,Ghee,Analysis of milk at VIMTA Labs,isperformedat,VIMTA Labs,1,1,0.9,https://www.deccanchronicle.com/southern-states/andhra-pradesh/no-fresh-anuria-cases-linked-to-adulterated-milk-reported-in-east-godavari-1939895,sent to VIMTA Labs in Hyderabad
News,Ghee,IncidentFinding of vegetable oil in ghee,identifies,vegetable oil/fat,1,1,0.9,https://timesofindia.indiatimes.com/city/indore/3400l-adulterated-ghee-seized-factory-sealed/articleshow/124919369.cms,Primary testing at Talawali Chanda lab confirmed that this was not milk fat
News,Ghee,testing of dairy samples,isperformedat,CFTRI-Mysore,1,1,0.85,https://timesofindia.indiatimes.com/city/hyderabad/sit-arrests-ttd-official-in-laddu-ghee-adulteration-case/articleshow/125623060.cms,directed testing of dairy samples at CFTRI-Mysore
News,Ghee,testing of dairy samples,isperformedon,dairy samples,1,1,0.9,https://timesofindia.indiatimes.com/city/hyderabad/sit-arrests-ttd-official-in-laddu-ghee-adulteration-case/articleshow/125623060.cms,testing of dairy samples
News,Ghee,detailed analysis,isperformedat,NABL-accredited laboratory,1,1,0.9,http://www.mumbainews.net/news/279131828/fssai-seizes-over-6500-litres-of-suspected-adulterated-ghee-in-delhi-haryana-operations,sent to an FSSAI-recognised NABL-accredited laboratory for detailed analysis
News,Ghee,laboratory analysis,isperformedon,91 samples of milk and ghee,1,1,0.9,https://www.thehindu.com/news/cities/Hyderabad/778-lakh-worth-milk-ghee-seized-in-hyderabad-during-statewide-food-safety-drive/article70886036.ece,collected 91 samples of milk and ghee for laboratory analysis
News,Ghee,ghee adulteration analysis,isperformedat,Central Food Technological Research Institute,1,1,0.85,https://economictimes.indiatimes.com/news/politics-and-nation/andhra-minister-debunks-ysrcps-claims-that-ghee-supplied-to-ttd-not-adulterated-with-animal-fat/articleshow/127817116.cms,ghee samples sent to Central Food Technological Research Institute (CFTRI)
News,Ghee,ghee adulteration finding,identifies,palm oil,1,1,0.9,https://www.thehansindia.com/andhra-pradesh/sit-uncovers-massive-ghee-adulteration-1025488,"identified 68 lakh kg of substandard ghee, allegedly mixed with palm oil"
News,Ghee,ghee adulteration finding,identifies,palm-kernel derivatives,1,1,0.9,https://www.thehansindia.com/andhra-pradesh/sit-uncovers-massive-ghee-adulteration-1025488,"allegedly mixed with palm oil, palm-kernel derivatives"
News,Ghee,laboratory analysis,isperformedon,samples,1,1,0.85,https://timesofindia.indiatimes.com/city/delhi/before-holi-food-safety-teams-intensify-checks-for-adulteration/articleshow/128820396.cms,Samples collected during inspections will be sent to laboratories for analysis
News,Ghee,ghee,detectedby,LaboratoryTest,1,1,0.9,https://www.livemint.com/news/india/jagan-reddy-issues-rebuttal-after-tirupati-laddu-controversy-says-adulterated-ghee-was-sent-back-11727435415038.html,Four tankers failed the test in July
News,Ghee,quality check analysis,isperformedon,samples,1,1,0.85,https://www.mid-day.com/mumbai/mumbai-news/article/mumbai-fda-collects-96-samples-of-sweets-snacks-edible-oil-ghee-during-ganeshotsav-festival-23245181,samples are sent for analysis
News,Ghee,ghee,inputto,laddu making,1,1,0.9,https://swarajyamag.com/news-brief/tirupati-laddus-controversy-understanding-supreme-courts-observations-on-ghee-adulteration-claims-in-four-points,ghee in tankers supplied in June till 4 July was used in making of laddus
News,Ghee,Ghee Adulteration Finding,identifies,other oils,1,1,0.9,https://www.freepressjournal.in/indore/crackdown-against-adulteration-in-indore-fsos-seize-850-kg-of-spurious-ghee-samples-fail-quality-test,"two samples have failed the tests, confirming that the ghee was mixed with other oils"
News,Ghee,adulteration finding,identifies,adulterants,1,1,0.9,https://www.freepressjournal.in/indore/crackdown-against-adulteration-in-indore-fsos-seize-850-kg-of-spurious-ghee-samples-fail-quality-test,revealing adulteration
News,Ghee,burnt smell test,producesindicator,burnt smell,1,1,0.85,https://timesofindia.indiatimes.com/life-style/food-news/68-lakh-kg-of-fake-ghee-supplied-to-make-tirupati-temple-laddoo-for-5-years/articleshow/125233302.cms,The burnt smell could be because of the presence of water or addons
News,Ghee,palm test,producesindicator,instant melting,1,1,0.9,https://timesofindia.indiatimes.com/life-style/food-news/68-lakh-kg-of-fake-ghee-supplied-to-make-tirupati-temple-laddoo-for-5-years/articleshow/125233302.cms,if it starts melting instantly then the ghee is pure
News,Ghee,water test,producesindicator,sinking,1,1,0.9,https://timesofindia.indiatimes.com/life-style/food-news/68-lakh-kg-of-fake-ghee-supplied-to-make-tirupati-temple-laddoo-for-5-years/articleshow/125233302.cms,if it sinks then the ghee is infused with foreign material
News,Ghee,Water test,producesindicator,sinking,1,1,0.85,https://timesofindia.indiatimes.com/life-style/food-news/68-lakh-kg-of-fake-ghee-supplied-to-make-tirupati-temple-laddoo-for-5-years/articleshow/125233302.cms,if it sinks then the ghee is infused with foreign material
News,Ghee,Salt test,producesindicator,ghee has turned red,1,1,0.9,https://timesofindia.indiatimes.com/life-style/food-news/68-lakh-kg-of-fake-ghee-supplied-to-make-tirupati-temple-laddoo-for-5-years/articleshow/125233302.cms,If the ghee has turned red it means it is adulterated
News,Ghee,State Lab Analysis,isperformedat,State Food and Drug Testing Laboratory,1,1,0.9,https://timesofindia.indiatimes.com/city/dehradun/pithoragarh-court-fines-patanjali-ayurved-for-substandard-cow-ghee/articleshow/125661946.cms,sent to the state food and drug testing laboratory in Rudrapur
News,Ghee,Central Lab Analysis,isperformedat,Central Food Testing Agency,1,1,0.9,https://timesofindia.indiatimes.com/city/dehradun/pithoragarh-court-fines-patanjali-ayurved-for-substandard-cow-ghee/articleshow/125661946.cms,sent to the central food testing agency in Ghaziabad
News,Ghee,initial testing of Patanjali ghee,isperformedat,Government Laboratory in Rudrapur,1,1,0.95,https://www.newindianexpress.com/nation/2025/Dec/01/patanjali-ghee-fails-quality-tests-company-fined-rs-140-lakh-in-uttarakhand,Initial testing at the Government Laboratory in Rudrapur
News,Ghee,definitive review of Patanjali ghee,isperformedat,National Laboratory in Ghaziabad,1,1,0.9,https://www.newindianexpress.com/nation/2025/Dec/01/patanjali-ghee-fails-quality-tests-company-fined-rs-140-lakh-in-uttarakhand,sample was forwarded to the National Laboratory in Ghaziabad for a definitive review
News,Ghee,detergent,detectedby,froth test,1,1,0.9,https://www.livemint.com/economy/the-evolution-of-india-s-fake-milk-industry-11782121657013.html,"If milk produced too much froth when shaken, it was suspected to contain detergent"
News,Ghee,water,detectedby,flow test,1,1,0.9,https://www.livemint.com/economy/the-evolution-of-india-s-fake-milk-industry-11782121657013.html,"If milk flowed too quickly down a slanted surface, it was likely diluted with water"
News,Ghee,refined vegetable oils,detectedby,specialized laboratory procedures,1,1,0.8,https://www.livemint.com/economy/the-evolution-of-india-s-fake-milk-industry-11782121657013.html,Detecting refined vegetable oils required specialized laboratory procedures
News,Ghee,melamine,detectedby,field-level kits,1,1,0.85,https://www.livemint.com/economy/the-evolution-of-india-s-fake-milk-industry-11782121657013.html,field-level kits that can detect such adulterants
News,Ghee,maltodextrin,detectedby,FSSAI testing protocols,1,1,0.8,https://www.livemint.com/economy/the-evolution-of-india-s-fake-milk-industry-11782121657013.html,FSSAI has updated its testing protocols in an effort to detect newer adulterants such as maltodextrin
News,Ghee,synthetic milk,detectedby,FSSAI testing protocols,1,1,0.85,https://www.livemint.com/economy/the-evolution-of-india-s-fake-milk-industry-11782121657013.html,FSSAI has updated its testing protocols in an effort to detect newer adulterants such as maltodextrin and synthetic milk
News,Ghee,ghee,inputto,making laddu prasadam,1,1,0.85,https://www.thehansindia.com/andhra-pradesh/ghee-supplied-for-tirupati-laddus-not-made-at-tn-dairy-reveals-document-912370,for making laddu prasadam
News,Ghee,ghee sample analysis,isperformedat,State Food Testing Laboratory in Bhopal,1,1,0.85,https://www.freepressjournal.in/indore/indore-news-about-3400-litres-of-fake-ghee-seized-from-a-factory,Samples have been sent to the State Food Testing Laboratory in Bhopal
News,Ghee,iodine test,producesindicator,purple color change,1,1,0.9,https://timesofindia.indiatimes.com/life-style/food-news/is-your-ghee-really-pure-7-ways-to-identify-fake-ghee-at-home/photostory/121319096.cms,if it turns purple then the ghee has a presence of starch in it
News,Ghee,hyaluronic acid and salt test,producesindicator,red color change,1,1,0.8,https://timesofindia.indiatimes.com/life-style/food-news/is-your-ghee-really-pure-7-ways-to-identify-fake-ghee-at-home/photostory/121319096.cms,If the ghee has turned red it means it is adulterated
News,Ghee,smell test,producesindicator,burnt smell,1,1,0.85,https://timesofindia.indiatimes.com/life-style/food-news/is-your-ghee-really-pure-7-ways-to-identify-fake-ghee-at-home/photostory/121319096.cms,The burnt smell could be because of the presence of water or addons
News,Ghee,Analysis of ghee samples,isperformedat,Nacharam Food Laboratory,1,1,0.9,https://www.thehansindia.com/andhra-pradesh/use-of-adulterated-ghee-for-preparation-raises-concerns-978984,samples were sent to the Nacharam Food Laboratory in Hyderabad
News,Ghee,Tests on ghee samples,isperformedat,Forensic Science Laboratory,1,1,0.9,https://www.newsx.com/regionals/bengaluru-distributor-busted-for-selling-diluted-nandini-ghee-in-fake-racket-what-we-know-so-far-111748/,Tests are being conducted at the Forensic Science Laboratory
News,Ghee,"analysis under the Food Safety and Standards Act, 2006",isperformedon,Samples of Cow Ghee (Mangalmurti),1,1,0.9,https://timesofindia.indiatimes.com/city/ahmedabad/amc-health-dept-busts-fake-ghee-unit-in-nikol-bungalow/articleshow/130477407.cms,"Samples of Cow Ghee (Mangalmurti) in 500g and 100ml pack jars have been collected and forwarded to the food laboratory for analysis under the Food Safety and Standards Act, 2006"
News,Ghee,detailed analysis,isperformedat,Forensic Science Laboratory,1,1,0.85,https://timesofindia.indiatimes.com/city/bengaluru/couple-arrested-for-distributing-adulterated-nandini-ghee-in-karnataka-tamil-nadu/articleshow/125597159.cms,Samples of the adulterated ghee have been sent to Forensic Science Laboratory (FSL) for detailed analysis
News,Ghee,ghee analysis,isperformedat,NDDB-CALF,1,1,0.9,https://www.newsx.com/india/artificial-ghee-supplied-tirumala-tirupati-devasthanams-laddu-ghee-found-adulterated-with-palm-oil-sit-chargesheet-names-36-accused-exposes-hawala-link-tirupati-laddu-scam-155783/,Laboratory analysis conducted by the National Dairy Development Board (NDDB)
News,Ghee,ghee analysis,isperformedon,ghee samples,1,1,0.9,https://www.newsx.com/india/artificial-ghee-supplied-tirumala-tirupati-devasthanams-laddu-ghee-found-adulterated-with-palm-oil-sit-chargesheet-names-36-accused-exposes-hawala-link-tirupati-laddu-scam-155783/,Laboratory analysis conducted by the National Dairy Development Board (NDDB) found that the milk fat content in all four ghee samples was almost absent
News,Ghee,ghee adulteration finding,identifies,other oils,1,1,0.95,https://timesofindia.indiatimes.com/city/indore/massive-ghee-adulteration-bust-rs54-lakh-worth-of-contaminated-products-seized-in-indore/articleshow/114156153.cms,two already tested positive for adulteration
News,Ghee,testing of ghee samples,isperformedat,National Dairy Development Board,1,1,0.9,https://www.thehindu.com/news/national/andhra-pradesh/cbi-uncovers-a-web-of-deceit-in-tirumala-adulterated-ghee-case/article69206545.ece,sent the samples for testing to the National Dairy Development Board
News,Ghee,honey adulteration finding,identifies,maltotriose,1,1,0.9,https://timesofindia.indiatimes.com/city/nagpur/experts-sound-note-of-caution-as-fda-finds-52-of-86-honey-samples-adulterated/articleshow/85336798.cms,"NMR test, which revealed artificial sugar syrups mannose, maltose, and maltotriose"
News,Ghee,examination of prasadam samples,isperformedat,"State Food Laboratory, Hyderabad",1,1,0.85,https://www.thehindu.com/news/national/andhra-pradesh/fssai-to-test-samples-of-prasadam-in-all-major-temples-in-ap/article68678235.ece,"samples would be sent to the State Food Laboratory, Hyderabad, for examination"
News,Ghee,heat test,producesindicator,cloudiness or separation into layers,1,1,0.9,https://www.hindustantimes.com/htcity/htcity-foodies/kya-aapke-ghee-meh-vanaspati-hai-here-are-5-expert-approved-purity-tests-you-can-try-at-home-101727260180885.html,"For this test, heat ghee in a pan over medium heat. Pure ghee melts quickly and changes into a clear, transparent liquid, while adulterated ghee takes longer to melt and may show cloudiness or separation into layers."
News,Ghee,heat test,producesindicator,"clear, transparent liquid",1,1,0.9,https://www.hindustantimes.com/htcity/htcity-foodies/kya-aapke-ghee-meh-vanaspati-hai-here-are-5-expert-approved-purity-tests-you-can-try-at-home-101727260180885.html,"Pure ghee melts quickly and changes into a clear, transparent liquid"
News,Ghee,palm rub test,producesindicator,"oily, sticky residue",1,1,0.9,https://www.hindustantimes.com/htcity/htcity-foodies/kya-aapke-ghee-meh-vanaspati-hai-here-are-5-expert-approved-purity-tests-you-can-try-at-home-101727260180885.html,"Adulterated ghee might not melt or might take a long time to melt, leave an oily, sticky residue"
News,Ghee,palm rub test,producesindicator,lack the characteristic fatty aroma,1,1,0.9,https://www.hindustantimes.com/htcity/htcity-foodies/kya-aapke-ghee-meh-vanaspati-hai-here-are-5-expert-approved-purity-tests-you-can-try-at-home-101727260180885.html,"leave an oily, sticky residue and lack the characteristic fatty aroma"
News,Ghee,palm rub test,producesindicator,gets absorbed into the skin quickly,1,1,0.9,https://www.hindustantimes.com/htcity/htcity-foodies/kya-aapke-ghee-meh-vanaspati-hai-here-are-5-expert-approved-purity-tests-you-can-try-at-home-101727260180885.html,Pure ghee will quickly melt leaving little to no residue and gets absorbed into the skin quickly
News,Ghee,palm rub test,producesindicator,little to no residue,1,1,0.9,https://www.hindustantimes.com/htcity/htcity-foodies/kya-aapke-ghee-meh-vanaspati-hai-here-are-5-expert-approved-purity-tests-you-can-try-at-home-101727260180885.html,Pure ghee will quickly melt leaving little to no residue
News,Ghee,Freezing test,producesindicator,separate layers,1,1,0.9,https://www.hindustantimes.com/htcity/htcity-foodies/kya-aapke-ghee-meh-vanaspati-hai-here-are-5-expert-approved-purity-tests-you-can-try-at-home-101727260180885.html,adulterated ghee may show separate layers
News,Ghee,hydrogenated oils,detectedby,Freezing test,1,1,0.9,https://www.hindustantimes.com/htcity/htcity-foodies/kya-aapke-ghee-meh-vanaspati-hai-here-are-5-expert-approved-purity-tests-you-can-try-at-home-101727260180885.html,Freezing test for hydrogenated oils
News,Ghee,Iodine test,producesindicator,blue or purple colour,1,1,0.95,https://www.hindustantimes.com/htcity/htcity-foodies/kya-aapke-ghee-meh-vanaspati-hai-here-are-5-expert-approved-purity-tests-you-can-try-at-home-101727260180885.html,ghee mixed with starch will turn blue or purple
News,Ghee,Sugar test,producesindicator,caramelize or forms a frothy layer,1,1,0.9,https://www.hindustantimes.com/htcity/htcity-foodies/kya-aapke-ghee-meh-vanaspati-hai-here-are-5-expert-approved-purity-tests-you-can-try-at-home-101727260180885.html,sugar starts to caramelize or forms a frothy layer
News,Ghee,vegetable oil,detectedby,Sugar test,1,1,0.9,https://www.hindustantimes.com/htcity/htcity-foodies/kya-aapke-ghee-meh-vanaspati-hai-here-are-5-expert-approved-purity-tests-you-can-try-at-home-101727260180885.html,indicates the presence of foreign substances like vegetable oil
News,Ghee,Sugar test,producesindicator,pink or red colour,1,1,0.9,https://www.hindustantimes.com/htcity/htcity-foodies/kya-aapke-ghee-meh-vanaspati-hai-here-are-5-expert-approved-purity-tests-you-can-try-at-home-101727260180885.html,If a pink or red colour develops
News,Ghee,vanaspati,detectedby,Sugar test,1,1,0.9,https://www.hindustantimes.com/htcity/htcity-foodies/kya-aapke-ghee-meh-vanaspati-hai-here-are-5-expert-approved-purity-tests-you-can-try-at-home-101727260180885.html,indicates the presence of adulterants like vanaspati
News,Ghee,starch,detectedby,Sugar test,1,1,0.85,https://www.hindustantimes.com/htcity/htcity-foodies/kya-aapke-ghee-meh-vanaspati-hai-here-are-5-expert-approved-purity-tests-you-can-try-at-home-101727260180885.html,indicates the presence of adulterants like vanaspati or starch
News,Ghee,ghee quality testing,isperformedat,Gujarat lab,1,1,0.85,https://www.thehansindia.com/andhra-pradesh/cbi-led-sit-intensifies-probe-into-adulterated-ghee-controversy-929831,samples were sent to a Gujarat lab
News,Ghee,analysis of seized ghee samples,isperformedat,Central Food Technological Research Institute,1,1,0.85,https://www.thehindu.com/news/national/karnataka/kmfs-vigilance-squad-seizes-over-8700-litres-of-ghee/article38103459.ece,"awaiting a report from different laboratories, including Central Food Technological Research Institute"
News,Ghee,ghee analysis,isperformedat,"ICAR-NDRI, Karnal",1,1,0.9,https://timesofindia.indiatimes.com/blogs/secularati/the-vendetta-vortex-are-fake-cases-strangling-indias-democratic-soul/,"tested at ICAR-NDRI, Karnal"
News,Ghee,Food Safety on Wheels,producesindicator,80 parameters of quality,1,1,0.85,https://www.newindianexpress.com/cities/kochi/2022/apr/12/food-safety-on-wheels-2440851.html,test about 80 parameters of quality across food categories
News,Ghee,formaldehyde,detectedby,testing kits and laboratories,1,1,0.85,https://www.newindianexpress.com/cities/kochi/2022/apr/12/food-safety-on-wheels-2440851.html,testing kits and laboratories are able to detect only commonly used adulterants like formaldehyde
News,Ghee,palm oil,detectedby,Raman spectroscopy,1,1,0.85,https://timesofindia.indiatimes.com/etimes/wellness/study-reveals-fake-ghee-from-carrot-extract-can-pass-quality-tests-but-is-it-really-healthier-than-real-ghee/articleshow/131433320.cms,spectroscopic methods can catch palm oil at much lower concentrations
News,Ghee,palm oil,detectedby,chromatography,1,1,0.85,https://timesofindia.indiatimes.com/etimes/wellness/study-reveals-fake-ghee-from-carrot-extract-can-pass-quality-tests-but-is-it-really-healthier-than-real-ghee/articleshow/131433320.cms,"tools like Raman spectroscopy, chromatography, machine learning"
News,Ghee,visual inspection of color,producesindicator,pale color,1,1,0.85,https://timesofindia.indiatimes.com/life-style/food-news/thousands-of-tonnes-of-adulterated-ghee-seized-heres-how-to-identify-fake-ghee/articleshow/111258066.cms,pale color of ghee could be indicative of preservatives
News,Ghee,visual inspection of color,producesindicator,golden color,1,1,0.85,https://timesofindia.indiatimes.com/life-style/food-news/thousands-of-tonnes-of-adulterated-ghee-seized-heres-how-to-identify-fake-ghee/articleshow/111258066.cms,Ghee in its purest form has a golden color
News,Ghee,visual inspection of color,producesindicator,translucent and clear,1,1,0.85,https://timesofindia.indiatimes.com/life-style/food-news/thousands-of-tonnes-of-adulterated-ghee-seized-heres-how-to-identify-fake-ghee/articleshow/111258066.cms,When held against light it should appear translucent and clear
News,Ghee,Palm Test,producesindicator,melting instantly,1,1,0.85,https://timesofindia.indiatimes.com/life-style/food-news/thousands-of-tonnes-of-adulterated-ghee-seized-heres-how-to-identify-fake-ghee/articleshow/111258066.cms,if it starts melting instantly then the ghee is pure
News,Ghee,Water Test,producesindicator,ghee floats,1,1,0.85,https://timesofindia.indiatimes.com/life-style/food-news/thousands-of-tonnes-of-adulterated-ghee-seized-heres-how-to-identify-fake-ghee/articleshow/111258066.cms,if the ghee floats it is unadulterated
News,Ghee,Water Test,producesindicator,ghee sinks,1,1,0.85,https://timesofindia.indiatimes.com/life-style/food-news/thousands-of-tonnes-of-adulterated-ghee-seized-heres-how-to-identify-fake-ghee/articleshow/111258066.cms,if it sinks then the ghee is infused with addons
News,Ghee,Salt Test,producesindicator,ghee turned red,1,1,0.85,https://timesofindia.indiatimes.com/life-style/food-news/thousands-of-tonnes-of-adulterated-ghee-seized-heres-how-to-identify-fake-ghee/articleshow/111258066.cms,if the ghee has turned red it means it is adulterated
News,Ghee,Aroma and Flavor test,producesindicator,burnt smell,1,1,0.8,https://timesofindia.indiatimes.com/life-style/food-news/thousands-of-tonnes-of-adulterated-ghee-seized-heres-how-to-identify-fake-ghee/articleshow/111258066.cms,The burnt smell could be because of the presence of water or addons.
News,Ghee,starch,detectedby,Iodine Test,1,1,0.9,https://timesofindia.indiatimes.com/life-style/food-news/thousands-of-tonnes-of-adulterated-ghee-seized-heres-how-to-identify-fake-ghee/articleshow/111258066.cms,Add two drops of Iodine solution to ghee if it turns purple
News,Ghee,Boil Test,producesindicator,burnt smell,1,1,0.85,https://timesofindia.indiatimes.com/life-style/food-news/thousands-of-tonnes-of-adulterated-ghee-seized-heres-how-to-identify-fake-ghee/articleshow/111258066.cms,if it starts smelling as burnt then you know it is not pure ghee
News,Ghee,Boil Test,producesindicator,bubbles and steam,1,1,0.85,https://timesofindia.indiatimes.com/life-style/food-news/thousands-of-tonnes-of-adulterated-ghee-seized-heres-how-to-identify-fake-ghee/articleshow/111258066.cms,Bubbles and steam when boiling the ghee are also indicative of adulterated ghee
News,Ghee,Boil Test,producesindicator,layers forming,1,1,0.85,https://timesofindia.indiatimes.com/life-style/food-news/thousands-of-tonnes-of-adulterated-ghee-seized-heres-how-to-identify-fake-ghee/articleshow/111258066.cms,If you see layers forming in the jar there is a presence of some other oil
News,Ghee,NDDB testing finding,identifies,foreign fats,1,1,0.9,https://www.siasat.com/tirupati-laddu-row-fssai-issues-show-cause-notice-to-ghee-supplier-3101731/,ghee samples from AR Dairy Foods failed safety standards and contained foreign fats
News,Ghee,animal body fat,detectedby,Baudouin test,1,1,0.9,https://www.hindustantimes.com/india-news/laddus-and-the-science-of-testing-ghee-s-purity-101727981448436.html,"Baudouin test (for animal fats, hydrogenated fat, vanaspati and refined vegetable oil)"
News,Ghee,vanaspati,detectedby,Baudouin test,1,1,0.9,https://www.hindustantimes.com/india-news/laddus-and-the-science-of-testing-ghee-s-purity-101727981448436.html,"Baudouin test (for animal fats, hydrogenated fat, vanaspati and refined vegetable oil)"
News,Ghee,vegetable oils,detectedby,Baudouin test,1,1,0.9,https://www.hindustantimes.com/india-news/laddus-and-the-science-of-testing-ghee-s-purity-101727981448436.html,"Baudouin test (for animal fats, hydrogenated fat, vanaspati and refined vegetable oil)"
News,Ghee,sesame oil,detectedby,furfural test,1,1,0.9,https://www.hindustantimes.com/india-news/laddus-and-the-science-of-testing-ghee-s-purity-101727981448436.html,furfural test (for sesame oil)
News,Ghee,gas chromatography,isperformedas,fso:Analysis,1,1,0.75,https://www.hindustantimes.com/india-news/laddus-and-the-science-of-testing-ghee-s-purity-101727981448436.html,Gas chromatography is considered the ideal technique for testing of milk fat
News,Ghee,gas chromatography,producesindicator,chromatogram,1,1,0.9,https://www.hindustantimes.com/india-news/laddus-and-the-science-of-testing-ghee-s-purity-101727981448436.html,"leaves its signature on the chromatogram, a graph that emerges as a result of chromatography"
News,Ghee,IncidentFinding: ghee adulterated with animal fat,identifies,animal fat,1,1,0.8,https://www.hindustantimes.com/india-news/laddus-and-the-science-of-testing-ghee-s-purity-101727981448436.html,showing the ghee from Tirupati temple as purportedly being adulterated with animal fat
News,Ghee,S-value analysis,producesindicator,S-value deviation,1,1,0.85,https://www.hindustantimes.com/india-news/laddus-and-the-science-of-testing-ghee-s-purity-101727981448436.html,"Any deviation from these limits could mean adulteration, with different foreign fats indicated by deviations in different S-values."
News,Ghee,laboratory analysis,isperformedon,samples of the suspected food items,1,1,0.9,https://www.hindustantimes.com/cities/pune-news/fda-seize-suspected-adulterated-food-items-worth-14-35-lakh-101726859521928.html,samples of the suspected food items are sent to the laboratory for analysis
News,Ghee,CFTRI lab test,identifies,vegetable oils,1,1,0.9,https://economictimes.indiatimes.com/news/india/pure-ghee-or-not-ttd-procured-over-70-lakh-kg-without-mandatory-quality-tests-commission-report/articleshow/130727275.cms,"CFTRI lab test conducted on August 3, 2022, confirmed adulteration with vegetable oils"
News,Ghee,detailed examination,isperformedat,"State Food Laboratory, Bhopal",1,1,0.9,https://www.freepressjournal.in/ujjain/ujjain-adulterated-ghee-seized-from-unhel-firm,"sent to the State Food Laboratory, Bhopal for detailed examination"
News,Ghee,laboratory testing,isperformedon,sealed samples,1,1,0.85,https://timesofindia.indiatimes.com/city/ranchi/ranchi-district-boosts-food-safety-measures-ahead-of-durga-puja-with-raids-on-sweet-shops/articleshow/124097658.cms,sealed samples for laboratory testing
News,Ghee,NDDB CALF Lab Analysis,isperformedat,NDDB CALF Lab,1,1,0.95,https://www.thehindu.com/news/national/food-safety-authority-issues-show-cause-notice-to-firm-on-contamination-in-tirupati-laddus/article68674512.ece,"NDDB CALF Lab at Anand, Gujarat"
News,Ghee,ghee samples contained foreign fats,identifies,foreign fats,1,1,0.9,https://www.thehindu.com/news/national/food-safety-authority-issues-show-cause-notice-to-firm-on-contamination-in-tirupati-laddus/article68674512.ece,ghee samples used in the Tirupati laddus contained foreign fats
News,Ghee,Adulteration tests on ghee samples,isperformedat,CFTRI-Mysore,1,1,0.95,https://timesofindia.indiatimes.com/city/vijayawada/adulterated-ghee-former-ttd-procurement-gm-colluded-with-dairy-firms-says-sit/articleshow/125660944.cms,Samples ... were sent to CFTRI-Mysore for tests
News,Ghee,Adulteration tests on ghee samples,isperformedon,Cow ghee samples,1,1,0.9,https://timesofindia.indiatimes.com/city/vijayawada/adulterated-ghee-former-ttd-procurement-gm-colluded-with-dairy-firms-says-sit/articleshow/125660944.cms,draw samples of cow ghee supplied in tins and tankers
News,Ghee,testing of food samples,isperformedat,food analyst laboratory,1,1,0.85,https://www.hindustantimes.com/cities/chandigarh-news/9-business-operators-in-chandigarh-5-in-mohali-fined-for-food-safety-violations-101760388148937.html,sent to the food analyst laboratory for testing
News,Ghee,Analysis of ghee samples,isperformedat,NDDB-Calf,1,1,0.85,https://timesofindia.indiatimes.com/city/madurai/madras-high-court-orders-fssai-to-investigate-adulterated-ghee-supply-to-ttd/articleshow/113915728.cms,lab reports of samples by Gujarat-based NDDB-Calf
News,Ghee,Texture and aroma test,producesindicator,"rich, grainy texture and strong nutty smell",1,1,0.85,https://www.hindustantimes.com/lifestyle/health/cow-ghee-vs-desi-ghee-experts-explain-the-basic-difference-and-if-one-is-healthier-than-the-other-101772727532569.html,"Pure ghee has a rich, grainy texture and a strong nutty smell"
News,Ghee,Taste test,producesindicator,caramelised flavour,1,1,0.85,https://www.hindustantimes.com/lifestyle/health/cow-ghee-vs-desi-ghee-experts-explain-the-basic-difference-and-if-one-is-healthier-than-the-other-101772727532569.html,Authentic desi ghee has a slightly caramelised flavour
News,Ghee,laboratory analysis,isperformedon,ghee samples from Jalna,1,1,0.9,https://www.rediff.com/news/report/fda-seizes-adulterated-ghee-worth-rs-13-lakh-in-jalna/20260604.htm,collected for laboratory analysis
News,Ghee,laboratory examination,isperformedon,Samples of the ghee,1,1,0.9,https://www.newindianexpress.com/states/odisha/2021/jan/31/another-fake-ghee-and-honey-making-unit-busted-in-cuttack-2257497.html,Samples of the ghee have been collected by the food safety officials and sent to laboratory for examination
News,Ghee,slanting surface test,producesindicator,white trail,1,1,0.9,https://www.hindustantimes.com/cities/chandigarh-news/ludhiana-out-of-134-samples-25-items-fail-food-safety-test-in-three-months-101697652910066.html,"If the milk leaves a white trail, it is pure"
News,Ghee,ghee adulteration analysis,isperformedat,CFTRI lab,1,1,0.9,https://www.newindianexpress.com/states/andhra-pradesh/2025/Nov/09/yv-subba-reddys-role-found-to-be-suspicious-in-ttd-ghee-adulteration-case-sit,ghee samples from suppliers be sent to Mysore's CFTRI lab for testing
News,Ghee,TTD ghee adulteration finding,identifies,vegetable oil,1,1,0.95,https://www.newindianexpress.com/states/andhra-pradesh/2025/Nov/09/yv-subba-reddys-role-found-to-be-suspicious-in-ttd-ghee-adulteration-case-sit,lab report received in August 2022 showed that all samples contained vegetable oil
News,Ghee,adulteration of ghee with vegetable oils,identifies,vegetable oils,1,1,0.95,https://timesofindia.indiatimes.com/city/amaravati/ttd-blacklists-contractor-for-supplying-substandard-ghee/articleshow/111967824.cms,lab tests confirmed that the ghee supplied to the TTD was adulterated with vegetable oils
News,Ghee,vegetable oils,detectedby,lab tests,1,1,0.9,https://timesofindia.indiatimes.com/city/amaravati/ttd-blacklists-contractor-for-supplying-substandard-ghee/articleshow/111967824.cms,lab tests confirmed that the ghee supplied to the TTD was adulterated with vegetable oils
News,Ghee,testing of various ingredients,isperformedat,FSSAI lab,1,1,0.85,https://timesofindia.indiatimes.com/city/amaravati/ttd-blacklists-contractor-for-supplying-substandard-ghee/articleshow/111967824.cms,state of the art FSSAI lab will also be soon set up at Tirumala in order to facilitate the testing of various ingredients
News,Ghee,doughnut adulteration finding,identifies,artificial colouring,1,1,0.95,https://www.newindianexpress.com/cities/bengaluru/2025/Apr/29/fda-finds-excessive-use-of-artificial-colours-in-popular-doughnut-brand-flags-it-unsafe-for-consumption,investigation revealed that the treats contained high levels of artificial colouring
News,Ghee,laboratory analysis,isperformedon,91 samples,1,1,0.9,https://www.deccanchronicle.com/southern-states/telangana/drive-finds-violations-in-milk-ghee-sales-1951963,91 samples were collected from various districts for laboratory analysis
News,Ghee,analysis,isperformedon,milk,1,1,0.85,https://www.deccanchronicle.com/southern-states/andhra-pradesh/forensics-lab-steps-in-over-adulterated-milk-tragedy-1939633,"collected samples of curd, ghee, vinegar and milk and sent them for analysis"
News,Ghee,analysis,isperformedat,food labs in Hyderabad and Kakinada,1,1,0.9,https://www.deccanchronicle.com/southern-states/andhra-pradesh/forensics-lab-steps-in-over-adulterated-milk-tragedy-1939633,sent them for analysis to the food labs in Hyderabad and Kakinada
News,Ghee,ghee purity test,producesindicator,cholesterol structure peaking,1,1,0.85,https://timesofindia.indiatimes.com/city/ahmedabad/adulterated-ghee-seized-in-gujarat-beware-of-duplicate-branded-ghee/articleshow/106168455.cms,"If the ghee is pure, we find the cholesterol structure peaking during the tests"
News,Ghee,Ghee Adulteration Finding,identifies,lard,1,1,0.95,https://timesofindia.indiatimes.com/city/vijayawada/tirupati-prasadam-row-ttd-lodges-police-complaint-against-ar-dairy-foods-for-supplying-ghee-adulterated-with-animal-fats/articleshow/113674467.cms,lab reports confirmed that the ghee was adulterated with lard
News,Ghee,Ghee Adulteration Finding,identifies,fish oil,1,1,0.95,https://timesofindia.indiatimes.com/city/vijayawada/tirupati-prasadam-row-ttd-lodges-police-complaint-against-ar-dairy-foods-for-supplying-ghee-adulterated-with-animal-fats/articleshow/113674467.cms,"lab reports confirmed that the ghee was adulterated with lard (pig fat), fish oil, palm oil, and beef tallow"
News,Ghee,Ghee Adulteration Finding,identifies,palm oil,1,1,0.95,https://timesofindia.indiatimes.com/city/vijayawada/tirupati-prasadam-row-ttd-lodges-police-complaint-against-ar-dairy-foods-for-supplying-ghee-adulterated-with-animal-fats/articleshow/113674467.cms,"lab reports confirmed that the ghee was adulterated with lard (pig fat), fish oil, palm oil, and beef tallow"
News,Ghee,Ghee Adulteration Finding,identifies,beef tallow,1,1,0.95,https://timesofindia.indiatimes.com/city/vijayawada/tirupati-prasadam-row-ttd-lodges-police-complaint-against-ar-dairy-foods-for-supplying-ghee-adulterated-with-animal-fats/articleshow/113674467.cms,"lab reports confirmed that the ghee was adulterated with lard (pig fat), fish oil, palm oil, and beef tallow"
News,Ghee,hydrochloric acid sugar test,producesindicator,adulteration in ghee,1,1,0.85,https://economictimes.indiatimes.com/news/new-updates/ghee-purity-test-fssai-shares-5-minute-method-to-check-adulteration-at-home/articleshow/129829271.cms,simple home test that can help identify whether your ghee is pure or adulterated
News,Ghee,ghee purity test,producesindicator,no colour change,1,1,0.95,https://economictimes.indiatimes.com/news/new-updates/ghee-purity-test-fssai-shares-5-minute-method-to-check-adulteration-at-home/articleshow/129829271.cms,Pure (Unadulterated) Ghee: No colour change will be seen
News,Ghee,ghee purity test,producesindicator,red or pink colour,1,1,0.9,https://economictimes.indiatimes.com/news/new-updates/ghee-purity-test-fssai-shares-5-minute-method-to-check-adulteration-at-home/articleshow/129829271.cms,"This reaction produces a red or pink colour, indicating adulteration"
News,Ghee,starch test,producesindicator,failed preliminary test,1,1,0.85,https://timesofindia.indiatimes.com/city/ranchi/1400-kg-adulterated-paneer-seized-in-dhanbad-bus-raid/articleshow/129516820.cms,"District food safety officer Dr Raja Kumar, who led the operation, conducted an on-the-spot starch test on the paneer samples. All the samples failed the preliminary test."
News,Ghee,Subway inspection finding,identifies,rotten lettuce,1,1,0.85,https://www.siasat.com/hyderabad-kondapur-biryani-outlet-scores-92-pc-in-food-safety-3492900/,Subway branch where rotten lettuce and unlabelled vegetables were found
News,Ghee,allegation of adulterated ghee,identifies,animal fats,1,1,0.9,https://www.sentinelassam.com/breakingnews/tirupati-laddu-row-ghee-supplier-denies-allegations-of-adulteration,ghee laced with animal fats was used
News,Ghee,E-Tongue,producesindicator,micro-level quality deterioration,1,1,0.8,https://www.thehindubusinessline.com/news/e-tongue-e-nose-lab-to-test-ghee-quality-in-tirumala-soon-andhra-health-minister/article70669784.ece,E-Tongue and E-Nose ultra modern food laboratory services can detect even micro-level quality deterioration in ghee
News,Ghee,E-Nose,producesindicator,micro-level quality deterioration,1,1,0.8,https://www.thehindubusinessline.com/news/e-tongue-e-nose-lab-to-test-ghee-quality-in-tirumala-soon-andhra-health-minister/article70669784.ece,E-Tongue and E-Nose ultra modern food laboratory services can detect even micro-level quality deterioration in ghee
News,Ghee,E-Tongue,producesindicator,taste patterns,1,1,0.9,https://www.thehindubusinessline.com/news/e-tongue-e-nose-lab-to-test-ghee-quality-in-tirumala-soon-andhra-health-minister/article70669784.ece,"the E-Tongue system, being procured from France, is capable of detecting even micro-level deterioration in ghee and other raw materials by analysing taste patterns with high precision"
News,Ghee,E-Nose,producesindicator,aroma profiles,1,1,0.9,https://www.thehindubusinessline.com/news/e-tongue-e-nose-lab-to-test-ghee-quality-in-tirumala-soon-andhra-health-minister/article70669784.ece,the E-Nose system functions by assessing aroma profiles
News,Ghee,vegetable fats,detectedby,lab reports,1,1,0.85,https://www.newindianexpress.com/states/andhra-pradesh/2026/May/03/commission-report-flags-ttds-procurement-of-over-70-lakh-kg-ghee-without-mandatory-testing,suppressed lab reports that confirmed the presence of vegetable fats
News,Ghee,vegetable oils,detectedby,Î²-Sitosterol testing,1,1,0.9,https://www.newindianexpress.com/states/andhra-pradesh/2026/May/03/commission-report-flags-ttds-procurement-of-over-70-lakh-kg-ghee-without-mandatory-testing,confirmed adulteration with vegetable oils through the presence of Î²-Sitosterol
News,Ghee,CFTRI lab test,isperformedat,Central Food Technological Research Institute,1,1,0.95,https://www.newindianexpress.com/states/andhra-pradesh/2026/May/03/commission-report-flags-ttds-procurement-of-over-70-lakh-kg-ghee-without-mandatory-testing,Central Food Technological Research Institute (CFTRI) lab test
News,Ghee,Î²-Sitosterol testing,producesindicator,presence of Î²-Sitosterol,1,1,0.9,https://www.newindianexpress.com/states/andhra-pradesh/2026/May/03/commission-report-flags-ttds-procurement-of-over-70-lakh-kg-ghee-without-mandatory-testing,confirmed adulteration with vegetable oils through the presence of Î²-Sitosterol
News,Ghee,milk drop trail test,producesindicator,white trail,1,1,0.85,https://timesofindia.indiatimes.com/city/lucknow/is-your-milk-or-ghee-pure-try-these-simple-fssai-approved-home-tests/articleshow/121692171.cms,If the drop moves slowly leaving a white trail that means milk is pure
News,Ghee,green vegetables blotting paper test,requireskit,moistened white blotting paper,1,1,0.85,https://timesofindia.indiatimes.com/city/lucknow/is-your-milk-or-ghee-pure-try-these-simple-fssai-approved-home-tests/articleshow/121692171.cms,Take a small quantity of green vegetables and a piece of moistened white blotting paper
News,Ghee,blotting paper colour test,producesindicator,green colour impression on paper,1,1,0.9,https://timesofindia.indiatimes.com/city/lucknow/is-your-milk-or-ghee-pure-try-these-simple-fssai-approved-home-tests/articleshow/121692171.cms,"if the paper gives an impression of green colour, it means vegetables are adulterated"
News,Ghee,lead chromate,detectedby,water test for turmeric,1,1,0.85,https://timesofindia.indiatimes.com/city/lucknow/is-your-milk-or-ghee-pure-try-these-simple-fssai-approved-home-tests/articleshow/121692171.cms,Take a small quantity of turmeric whole in a glass of water
News,Ghee,water test for turmeric,producesindicator,water turns bright yellow,1,1,0.9,https://timesofindia.indiatimes.com/city/lucknow/is-your-milk-or-ghee-pure-try-these-simple-fssai-approved-home-tests/articleshow/121692171.cms,"if water turns bright yellow, it means adulteration"
News,Ghee,iron filings,detectedby,magnet test for tea,1,1,0.9,https://timesofindia.indiatimes.com/city/lucknow/is-your-milk-or-ghee-pure-try-these-simple-fssai-approved-home-tests/articleshow/121692171.cms,put tea leaves on a glass plate and move a magnet through it
News,Ghee,water test for colour streaks,producesindicator,colour streaks,1,1,0.9,https://timesofindia.indiatimes.com/city/lucknow/is-your-milk-or-ghee-pure-try-these-simple-fssai-approved-home-tests/articleshow/121692171.cms,leave streaks behind
News,Ghee,visual examination of bark layers,producesindicator,several layers in between rough outer and innermost smooth layers,1,1,0.9,https://timesofindia.indiatimes.com/city/lucknow/is-your-milk-or-ghee-pure-try-these-simple-fssai-approved-home-tests/articleshow/121692171.cms,adulterated cinnamon comprises several layers in between
News,Ghee,clay,detectedby,water sediment test,1,1,0.85,https://timesofindia.indiatimes.com/city/lucknow/is-your-milk-or-ghee-pure-try-these-simple-fssai-approved-home-tests/articleshow/121692171.cms,The adulterated coffee will have clay sediments at the bottom of the glass
News,Ghee,water sediment test,producesindicator,sediments at the bottom,1,1,0.9,https://timesofindia.indiatimes.com/city/lucknow/is-your-milk-or-ghee-pure-try-these-simple-fssai-approved-home-tests/articleshow/121692171.cms,have clay sediments at the bottom of the glass
News,Ghee,chalk,detectedby,water solubility test,1,1,0.85,https://timesofindia.indiatimes.com/city/lucknow/is-your-milk-or-ghee-pure-try-these-simple-fssai-approved-home-tests/articleshow/121692171.cms,Salt adulterated with chalk makes water slightly white
News,Ghee,water solubility test,producesindicator,impurities,1,1,0.9,https://timesofindia.indiatimes.com/city/lucknow/is-your-milk-or-ghee-pure-try-these-simple-fssai-approved-home-tests/articleshow/121692171.cms,leaves impurities
News,Ghee,analysis of 28 samples,isperformedat,SMC Public Health Laboratory,1,1,0.9,https://timesofindia.indiatimes.com/city/surat/smc-seizes-797-kg-adulterated-dairy-products-in-5-day-drive/articleshow/125352948.cms,sent them to the SMC Public Health Laboratory for analysis
News,Ghee,finding of palm oil in ghee,identifies,palm oil,1,1,0.85,https://www.thehindu.com/news/national/andhra-pradesh/sajjala-accuses-naidu-of-politicising-tirumala-ghee-row-seeks-cbi-probe/article70267707.ece,detected traces of palm oil and palm stearin in ghee samples
News,Ghee,finding of palm oil in ghee,identifies,palm stearin,1,1,0.85,https://www.thehindu.com/news/national/andhra-pradesh/sajjala-accuses-naidu-of-politicising-tirumala-ghee-row-seeks-cbi-probe/article70267707.ece,detected traces of palm oil and palm stearin in ghee samples
News,Ghee,urea,detectedby,water froth test,1,1,0.9,https://www.deccanchronicle.com/southern-states/andhra-pradesh/food-safety-officials-launch-awareness-drive-on-milk-adulteration-1942879,"identify adulteration with urea or detergent by taking 10 ml of milk in a glass, adding 10 ml of water and stirring it"
News,Ghee,detergent,detectedby,water froth test,1,1,0.9,https://www.deccanchronicle.com/southern-states/andhra-pradesh/food-safety-officials-launch-awareness-drive-on-milk-adulteration-1942879,"identify adulteration with urea or detergent by taking 10 ml of milk in a glass, adding 10 ml of water and stirring it"
News,Ghee,water froth test,producesindicator,froth forms on the surface,1,1,0.95,https://www.deccanchronicle.com/southern-states/andhra-pradesh/food-safety-officials-launch-awareness-drive-on-milk-adulteration-1942879,"If froth forms on the surface, the milk is likely to be adulterated"
News,Ghee,maize flour,detectedby,iodine test,1,1,0.95,https://www.deccanchronicle.com/southern-states/andhra-pradesh/food-safety-officials-launch-awareness-drive-on-milk-adulteration-1942879,add two or three drops of iodine to a sample of milk
News,Ghee,starchy substances,detectedby,iodine test,1,1,0.95,https://www.deccanchronicle.com/southern-states/andhra-pradesh/food-safety-officials-launch-awareness-drive-on-milk-adulteration-1942879,add two or three drops of iodine to a sample of milk
News,Ghee,iodine test,producesindicator,milk turns blue,1,1,0.95,https://www.deccanchronicle.com/southern-states/andhra-pradesh/food-safety-officials-launch-awareness-drive-on-milk-adulteration-1942879,"If the milk turns blue, it indicates adulteration"
News,Ghee,iodine solution test,producesindicator,colour changes to blue,1,1,0.9,https://www.deccanchronicle.com/southern-states/andhra-pradesh/food-safety-officials-launch-awareness-drive-on-milk-adulteration-1942879,adding two or three drops of iodine solution. If the colour changes to blue
News,Ghee,water testing,isperformedat,NABL-accredited labs,1,1,0.9,https://www.freepressjournal.in/indore/surprise-checks-at-school-canteens-for-food-safety-indore-collector-orders-hygiene-review,water testing through NABL-accredited labs
News,Ghee,DART,producesindicator,distinguish between pure and adulterated products,1,1,0.8,https://www.bombaynews.net/news/274230441/india-food-regulation-authority-fssai-launches-initiatives-to-curb-food-adulteration,the DART booklet equips consumers with easy-to-follow instructions and pictorial representations to distinguish between pure and adulterated products
News,Ghee,water,detectedby,slanted surface test,1,1,0.85,https://www.republicworld.com/health/is-the-milk-you-are-drinking-pure-4-easy-fssai-approved-ways-to-test-its-purity-at-home,Adulterated milk mixed with water will flow immediately without leaving any white mark
News,Ghee,slanted surface test,producesindicator,white trail,1,1,0.85,https://www.republicworld.com/health/is-the-milk-you-are-drinking-pure-4-easy-fssai-approved-ways-to-test-its-purity-at-home,"Pure milk will either remain in place or flow slowly, leaving a white trail"
News,Ghee,detergent,detectedby,shaking test,1,1,0.9,https://www.republicworld.com/health/is-the-milk-you-are-drinking-pure-4-easy-fssai-approved-ways-to-test-its-purity-at-home,"If the milk contains detergent, it will produce dense lather or foam."
News,Ghee,detection of starch in ghee or butter,requireskit,iodine solution,1,1,0.85,https://www.republicworld.com/health/is-the-milk-you-are-drinking-pure-4-easy-fssai-approved-ways-to-test-its-purity-at-home,Add 2 to 3 drops of iodine solution
News,Ghee,iodine solution test,producesindicator,blue colour,1,1,0.9,https://www.republicworld.com/health/is-the-milk-you-are-drinking-pure-4-easy-fssai-approved-ways-to-test-its-purity-at-home,Add 2 to 3 drops of iodine solution. Result: A blue colour indicates the presence of starch
News,Ghee,regular quality tests,isperformedon,samples of each batch,1,1,0.9,https://indianexpress.com/article/cities/chandigarh/complaints-punjab-desi-ghee-panjiri-anganwadis-9495949/,regular quality tests were being conducted with samples of each batch
News,Ghee,quality tests,isperformedat,Punjab Biotechnology Incubator,1,1,0.85,https://indianexpress.com/article/cities/chandigarh/complaints-punjab-desi-ghee-panjiri-anganwadis-9495949/,labs of the Punjab Biotechnology Incubator
News,Ghee,on-the-spot testing,requireskit,milk-o-screen,1,1,0.9,https://www.siasat.com/food-safety-dept-inspects-milk-distribution-centres-in-hyderabad-3179521/,equipped with milk-o-screen devices... conduct on-the-spot testing
News,Ghee,testing,isperformedat,SMC laboratory,1,1,0.9,https://timesofindia.indiatimes.com/city/surat/surat-sees-13-fold-spike-in-fake-substandard-food/articleshow/127917193.cms,Samples collected during raids are sent for testing at the SMC laboratory
News,Ghee,food sample analysis,isperformedat,SMC laboratory,1,1,0.85,https://timesofindia.indiatimes.com/city/surat/surat-sees-13-fold-spike-in-fake-substandard-food/articleshow/127917193.cms,Samples collected during raids are sent for testing at the SMC laboratory
News,Ghee,ghee analysis,isperformedat,Standard Testing Laboratory in Bhubaneswar,1,1,0.9,https://www.newindianexpress.com/states/odisha/2024/Oct/05/omfed-under-lens-for-substandard-ghee-supply,sent to the Standard Testing Laboratory in Bhubaneswar for analysis
News,Ghee,Tirupati laddu adulteration,identifies,animal fat,1,1,0.85,https://www.rediff.com/news/report/tirupati-laddu-row-food-safety-regulator-notice-to-ghee-supplier/20240923.htm,alleged use of animal fat in Tirupati laddus
News,Ghee,Ludhiana Food Sample Analysis,isperformedat,State Food Laboratory,1,1,0.9,https://timesofindia.indiatimes.com/city/ludhiana/food-samples-seized-in-ludhiana-ahead-of-festive-rush-/articleshow/124478576.cms,sent to the State Food Laboratory for detailed analysis
News,Ghee,Palm test,producesindicator,instant melting,1,1,0.9,https://timesofindia.indiatimes.com/life-style/food-news/fsda-declares-6-desi-ghee-brands-unsafe-how-to-check-ghee-purity-and-the-easiest-way-to-make-ghee-at-home/articleshow/130544411.cms,pour frozen ghee on your palm and if it starts melting instantly
News,Ghee,Water test,producesindicator,sinking in water,1,1,0.9,https://timesofindia.indiatimes.com/life-style/food-news/fsda-declares-6-desi-ghee-brands-unsafe-how-to-check-ghee-purity-and-the-easiest-way-to-make-ghee-at-home/articleshow/130544411.cms,"if it sinks, the ghee is infused with foreign material"
News,Ghee,Salt test,producesindicator,red color,1,1,0.9,https://timesofindia.indiatimes.com/life-style/food-news/fsda-declares-6-desi-ghee-brands-unsafe-how-to-check-ghee-purity-and-the-easiest-way-to-make-ghee-at-home/articleshow/130544411.cms,If the ghee has turned red it means it is adulterated.
News,Ghee,butter,outputof,churning milk solids,1,1,0.85,https://timesofindia.indiatimes.com/life-style/food-news/fsda-declares-6-desi-ghee-brands-unsafe-how-to-check-ghee-purity-and-the-easiest-way-to-make-ghee-at-home/articleshow/130544411.cms,churn the milk solids until they turn into light and fluffy butter
News,Ghee,homemade ghee,outputof,simmering butter,1,1,0.85,https://timesofindia.indiatimes.com/life-style/food-news/fsda-declares-6-desi-ghee-brands-unsafe-how-to-check-ghee-purity-and-the-easiest-way-to-make-ghee-at-home/articleshow/130544411.cms,"Transfer the butter to a heavy-bottomed pan and simmer on low flame until the clear, golden liquid is visible."
News,Ghee,Food Quality Analysis,isperformedat,state food lab in Hyderabad,1,1,0.85,https://www.deccanchronicle.com/southern-states/andhra-pradesh/food-safety-officials-inspect-temples-to-check-quality-of-food-prasadam-1826309,sent to the state food lab in Hyderabad for testing
News,Ghee,SensoryTest,producesindicator,unusually greasy or waxy texture,1,1,0.85,https://indianexpress.com/article/lifestyle/food-wine/tirupati-laddoo-controversy-eating-adulterated-ghee-affect-health-9589633/,Adulterated ghee may have an unusually greasy or waxy texture.
News,Ghee,SensoryTest,producesindicator,Strong or artificial smell,1,1,0.85,https://indianexpress.com/article/lifestyle/food-wine/tirupati-laddoo-controversy-eating-adulterated-ghee-affect-health-9589633/,"Strong or artificial smell: Genuine ghee has a distinct, pleasant aroma."
News,Ghee,total polar compound measuring equipment,producesindicator,needle goes above 25 reading,1,1,0.9,https://timesofindia.indiatimes.com/city/patna/over-500kg-adulterated-paneer-seized-by-food-safety-and-drug-administration/articleshow/118985802.cms,If its needle goes above 25 reading
News,Ghee,ghee sample testing,isperformedat,CFTRI,1,1,0.9,https://starofmysore.com/adulterated-nandini-ghee-unit-at-hosahundi-racketeers-had-blessings-of-mymul-staff-officers/,sent the ghee samples for testing at CFTRI
News,Ghee,ghee analysis,isperformedon,ghee sample,1,1,0.9,https://www.freepressjournal.in/indore/indore-fake-ghee-case-accused-tries-to-fool-police-about-location-tracked-arrested-from-own-house,Six samples were taken and sent for testing
News,Ghee,ghee analysis,isperformedat,Bhopal laboratory,1,1,0.95,https://www.freepressjournal.in/indore/indore-fake-ghee-case-accused-tries-to-fool-police-about-location-tracked-arrested-from-own-house,Bhopal laboratory declared three of these samples substandard
News,Ghee,adulteration testing,isperformedat,NDDB labs,1,1,0.9,https://www.hindustantimes.com/india-news/ttd-files-police-complaint-against-firm-for-suppling-adulterated-ghee-101727265799710.html,sent them to NDDB labs for adulteration testing
News,Ghee,vegetable fat,detectedby,adulteration testing,1,1,0.9,https://www.hindustantimes.com/india-news/ttd-files-police-complaint-against-firm-for-suppling-adulterated-ghee-101727265799710.html,reports indicated that the ghee samples had tested positive for presence of vegetable and animal fat
News,Ghee,animal fat,detectedby,adulteration testing,1,1,0.9,https://www.hindustantimes.com/india-news/ttd-files-police-complaint-against-firm-for-suppling-adulterated-ghee-101727265799710.html,reports indicated that the ghee samples had tested positive for presence of vegetable and animal fat
News,Ghee,laboratory analysis,isperformedon,food samples from 135 shops,1,1,0.9,https://timesofindia.indiatimes.com/city/kolhapur/fda-seizes-adulterated-ghee-oil-stocks-worth-rs-5-5-lakh-in-pre-diwali-crackdown/articleshow/124643811.cms,food samples from 135 shops are undergoing laboratory analysis
News,Ghee,laboratory analysis,isperformedon,food samples,1,1,0.9,https://timesofindia.indiatimes.com/city/kolhapur/fda-seizes-adulterated-ghee-oil-stocks-worth-rs-5-5-lakh-in-pre-diwali-crackdown/articleshow/124643811.cms,food samples from 135 shops are undergoing laboratory analysis
News,Ghee,ghee quality test,isperformedat,TTD in-house laboratory,1,1,0.9,https://timesofindia.indiatimes.com/city/amaravati/bhumana-terms-cms-claims-over-adulterated-ghee-with-animal-fats-as-baseless-demands-cbi-probe/articleshow/113576589.cms,TTD trust has an in-house laboratory where all necessary tests are carried out to check the quality of ghee
News,Ghee,iodine test,producesindicator,blue color change,1,1,0.95,https://timesofindia.indiatimes.com/life-style/food-news/pure-desi-ghee-benefits-nutrition-and-how-to-detect-adulteration-at-home/articleshow/125913436.cms,"If it turns blue, it is adulterated."
News,Ghee,analysis of ghee samples,isperformedat,CFTRI,1,1,0.9,https://indianexpress.com/article/cities/hyderabad/tirumala-laddu-ghee-adulteration-dinesh-kumar-committee-report-ttd-lapses-10667467/,"CFTRI laboratory report dated August 3, 2022, detected β-Sitosterol"
News,Ghee,ghee,inputto,laddu prasadam preparation,1,1,0.9,https://indianexpress.com/article/cities/hyderabad/tirumala-laddu-ghee-adulteration-dinesh-kumar-committee-report-ttd-lapses-10667467/,used for preparing the laddu prasadam
News,Ghee,Analysis of mawa and cottage cheese,isperformedat,State Food Testing Laboratory in Bhopal,1,1,0.9,https://www.freepressjournal.in/bhopal/bhopal-38-quintals-of-substandard-mawa-cheese-worth-9l-seized,sent to State Food Testing Laboratory in Bhopal
News,Ghee,Raman spectroscopy,producesindicator,molecular fingerprint,1,1,0.9,https://www.thehindu.com/sci-tech/science/carrot-extract-can-make-fake-ghee-dodge-quality-test-study/article71044902.ece,It acts as a molecular fingerprint to verify the exact chemical composition
News,Ghee,carotenoids,detectedby,Raman spectroscopy,1,1,0.9,https://www.thehindu.com/sci-tech/science/carrot-extract-can-make-fake-ghee-dodge-quality-test-study/article71044902.ece,Raman spectroscopy clearly detected the added carotenoids
News,Ghee,ATR-FTIR spectroscopy,producesindicator,lipid composition signatures,1,1,0.9,https://www.thehindu.com/sci-tech/science/carrot-extract-can-make-fake-ghee-dodge-quality-test-study/article71044902.ece,FTIR spectra remained dominated by the signatures of lard and palm oil
News,Ghee,Raman spectroscopy,producesindicator,beta-carotene peaks,1,1,0.9,https://www.thehindu.com/sci-tech/science/carrot-extract-can-make-fake-ghee-dodge-quality-test-study/article71044902.ece,Raman spectroscopy was indispensable in detecting the beta-carotene peaks
News,Ghee,iodine solution test,producesindicator,blue color,1,1,0.9,https://timesofindia.indiatimes.com/life-style/food-news/fake-mithai-alert-how-to-test-your-diwali-sweets-at-home-for-safety/articleshow/124693105.cms,"If the mixture turns blue, starch is present"
News,Ghee,iodine solution test,producesindicator,blue color change,1,1,0.9,https://timesofindia.indiatimes.com/life-style/food-news/fake-mithai-alert-how-to-test-your-diwali-sweets-at-home-for-safety/articleshow/124693105.cms,"If the mixture turns blue, starch is present"
News,Ghee,sugar heating test,producesindicator,white or grey residue,1,1,0.9,https://timesofindia.indiatimes.com/life-style/food-news/fake-mithai-alert-how-to-test-your-diwali-sweets-at-home-for-safety/articleshow/124693105.cms,adulterated ghee will release a white or grey residue
News,Ghee,wet tissue stain test,producesindicator,tissue stain,1,1,0.9,https://timesofindia.indiatimes.com/life-style/food-news/fake-mithai-alert-how-to-test-your-diwali-sweets-at-home-for-safety/articleshow/124693105.cms,"If the tissue gets stained, it contains an artificial dye"
News,Ghee,urea,detectedby,bromothymol blue test,1,1,0.9,https://timesofindia.indiatimes.com/life-style/food-news/fake-mithai-alert-how-to-test-your-diwali-sweets-at-home-for-safety/articleshow/124693105.cms,Urea can be detected by adding a few drops of bromothymol blue (BTB) reagent.
News,Ghee,artificial colour,detectedby,warm water soak test,1,1,0.85,https://timesofindia.indiatimes.com/life-style/food-news/fake-mithai-alert-how-to-test-your-diwali-sweets-at-home-for-safety/articleshow/124693105.cms,Soak them in warm water for 10 minutes. If you see colour leaching out
News,Ghee,burnt smell,identifies,water,1,1,0.75,https://timesofindia.indiatimes.com/life-style/food-news/3100-kg-adulterated-ghee-seized-in-ahmedabad-7-ways-to-identify-fake-ghee-at-home/articleshow/119640035.cms,The burnt smell could be because of the presence of water
News,Ghee,Palm test,producesindicator,melting instantly indicates pure ghee,1,1,0.85,https://timesofindia.indiatimes.com/life-style/food-news/3100-kg-adulterated-ghee-seized-in-ahmedabad-7-ways-to-identify-fake-ghee-at-home/articleshow/119640035.cms,pour frozen ghee on your palm and if it starts melting instantly then the ghee is pure
News,Ghee,Palm test,producesindicator,not melting instantly indicates adulterated ghee,1,1,0.85,https://timesofindia.indiatimes.com/life-style/food-news/3100-kg-adulterated-ghee-seized-in-ahmedabad-7-ways-to-identify-fake-ghee-at-home/articleshow/119640035.cms,"if it starts melting instantly then the ghee is pure. Else, it is not"
News,Ghee,Water test,producesindicator,floating indicates unadulterated ghee,1,1,0.85,https://timesofindia.indiatimes.com/life-style/food-news/3100-kg-adulterated-ghee-seized-in-ahmedabad-7-ways-to-identify-fake-ghee-at-home/articleshow/119640035.cms,if the ghee floats it is unadulterated
News,Ghee,Water test,producesindicator,sinking indicates ghee infused with foreign material,1,1,0.85,https://timesofindia.indiatimes.com/life-style/food-news/3100-kg-adulterated-ghee-seized-in-ahmedabad-7-ways-to-identify-fake-ghee-at-home/articleshow/119640035.cms,if it sinks then the ghee is infused with foreign material
News,Ghee,Salt test,producesindicator,turning red indicates adulterated ghee,1,1,0.85,https://timesofindia.indiatimes.com/life-style/food-news/3100-kg-adulterated-ghee-seized-in-ahmedabad-7-ways-to-identify-fake-ghee-at-home/articleshow/119640035.cms,If the ghee has turned red it means it is adulterated
News,Ghee,Iodine test,producesindicator,turning purple indicates presence of starch,1,1,0.85,https://timesofindia.indiatimes.com/life-style/food-news/3100-kg-adulterated-ghee-seized-in-ahmedabad-7-ways-to-identify-fake-ghee-at-home/articleshow/119640035.cms,if it turns purple then the ghee has a presence of starch in it
News,Ghee,foreign material,detectedby,Water test,1,1,0.8,https://timesofindia.indiatimes.com/life-style/food-news/3100-kg-adulterated-ghee-seized-in-ahmedabad-7-ways-to-identify-fake-ghee-at-home/articleshow/119640035.cms,if it sinks then the ghee is infused with foreign material
News,Ghee,ghee adulteration finding,identifies,vegetable fats,1,1,0.9,https://www.hindustantimes.com/india-news/uttarakhand-firm-behind-adulterated-gheesit-101739301270922.html,test reports showed ghee adulteration with vegetable and animal fats
News,Ghee,NDDB-CALF Lab analysis,isperformedat,NDDB-CALF Lab,1,1,0.9,https://www.hindustantimes.com/india-news/uttarakhand-firm-behind-adulterated-gheesit-101739301270922.html,"lab test for adulteration of ghee done with NDDB-CALF Lab, at Anand in Gujarat"
News,Ghee,Analysis of ghee sample,isperformedat,KMF lab,1,1,0.9,https://www.thehindu.com/news/national/karnataka/kmf-officials-caught-driver-supplying-adulterated-ghee-tins/article67337827.ece,tins along with the vehicle brought to the KMF lab and the test proved
News,Ghee,animal fat,detectedby,lab tests,1,1,0.9,https://newstodaynet.com/2024/10/02/tirupati-laddu-ghee-row-md-of-tn-dairy-firm-moves-andhra-hc-seeking-anticipatory-bail/,lab tests have revealed the alleged presence of animal fat
News,Ghee,lard,detectedby,lab tests,1,1,0.9,https://newstodaynet.com/2024/10/02/tirupati-laddu-ghee-row-md-of-tn-dairy-firm-moves-andhra-hc-seeking-anticipatory-bail/,lab tests have revealed the alleged presence of animal fat and lard
News,Ghee,NDDB CALF report,identifies,palm oil,1,1,0.95,https://www.thehindubusinessline.com/news/national/health-ministry-issues-show-cause-notice-to-ghee-supplier-after-tirupati-laddu-row/article68674234.ece,"found that ghee samples used in these laddus contained foreign fats and non-dairy products, including palm oil"
News,Ghee,Tirupati laddu adulteration allegation,identifies,beef tallow,1,1,0.9,https://www.livemint.com/news/india/tirupati-laddu-news-ghee-supplier-refutes-nonsensical-allegations-says-fish-oil-more-expensive-than-11726981933170.html,"Tirupati laddus contain beef tallow, fish oil"
News,Ghee,national laboratory testing,isperformedon,ghee samples,1,1,0.85,https://www.livemint.com/news/india/tirupati-laddu-news-ghee-supplier-refutes-nonsensical-allegations-says-fish-oil-more-expensive-than-11726981933170.html,ghee samples are first tested in national laboratories
News,Ghee,vegetable fats,detectedby,FSSAI β-Sitosterol testing,1,1,0.9,https://www.thehindubusinessline.com/news/national/tirupati-laddu-ghee-scandal-panel-flags-adulteration-lapses/article70933027.ece,mandatory FSSAI β-Sitosterol testing ... confirming the presence of vegetable fats
News,Ghee,CFTRI lab test,producesindicator,β-Sitosterol presence,1,1,0.9,https://www.thehindubusinessline.com/news/national/tirupati-laddu-ghee-scandal-panel-flags-adulteration-lapses/article70933027.ece,"CFTRI lab test on August 3, 2022, confirmed adulteration with vegetable oils through β-Sitosterol presence"
News,Ghee,TTD ghee adulteration finding,identifies,beta-sitosterol,1,1,0.95,https://www.newindianexpress.com/states/andhra-pradesh/2025/Dec/01/ttd-procurement-head-accepted-cash-gifts-sit-in-adulterated-ghee-scam-case,test reports dated 03.08.2022 confirmed the presence of beta-sitosterol
News,Ghee,ghee,inputto,Rasabali preparation,1,1,0.9,https://www.newindianexpress.com/states/odisha/2024/Oct/05/smelly-ghee-sent-to-shrine-allege-baladevjew-priests,"preparation of Rasabali, which was granted GI tag, with the adulterated ghee"
News,Ghee,laboratory testing,isperformedon,desi ghee sample,1,1,0.85,https://www.tribuneindia.com/news/punjab/11-quintals-of-spurious-ghee-seized-in-malerkotla-561529,sent samples to laboratory for further testing
News,Ghee,Ghee purity field test,producesindicator,Ghee floats in water,1,1,0.85,https://timesofindia.indiatimes.com/life-style/food-news/fake-desi-ghee-in-the-market-how-to-check-the-purity-of-ghee-at-home/photostory/129858874.cms,If the ghee floats it is unadulterated
News,Ghee,vanaspati,detectedby,hydrochloric acid and sugar test,1,1,0.85,https://timesofindia.indiatimes.com/life-style/food-news/fake-desi-ghee-in-the-market-how-to-check-the-purity-of-ghee-at-home/photostory/129858874.cms,adulterated ghee with vanaspati or hydrogenated fat will makr the ghee turn crimson red or pink
News,Ghee,sugar and hydrochloric acid test,producesindicator,crimson red or pink color,1,1,0.9,https://timesofindia.indiatimes.com/life-style/food-news/fake-desi-ghee-in-the-market-how-to-check-the-purity-of-ghee-at-home/photostory/129858874.cms,"Take 1 ml of melted ghee in a test tube, add 1 ml of concentrated hydrochloric acid and half a teaspoon of sugar. Shake the mixture vigorously for about 2 minutes. Allow the mixture to settle and separate into layers. Pure ghee will have no colour change, while adulterated ghee with vanaspati or hydrogenated fat will makr the ghee turn crimson red or pink"
News,Ghee,iodine solution test,producesindicator,purple color change,1,1,0.9,https://timesofindia.indiatimes.com/life-style/food-news/fake-desi-ghee-in-the-market-how-to-check-the-purity-of-ghee-at-home/photostory/129858874.cms,"If it turns purple, the ghee has a presence of starch in it"
News,Ghee,analysis of seized items,isperformedat,state laboratories,1,1,0.9,https://timesofindia.indiatimes.com/city/noida/massive-seizure-of-stale-paneer-and-adulterated-ghee-ahead-of-diwali/articleshow/114745893.cms,samples of the seized items have been sent to state laboratories for further analysis
News,Ghee,Î²-Sitosterol,detectedby,CFTRI laboratory report,1,1,0.9,https://timesofindia.indiatimes.com/city/hyderabad/ttd-ghee-row-ap-govt-panel-submits-its-report-seeks-action-on-officials/articleshow/130723782.cms,"CFTRI laboratory report dated Aug 3, 2022, which confirmed adulteration through detection of Î²-Sitosterol"
News,Ghee,IncidentFinding: Ghee Adulteration at TTD,identifies,Î²-Sitosterol,1,1,0.95,https://timesofindia.indiatimes.com/city/hyderabad/ttd-ghee-row-ap-govt-panel-submits-its-report-seeks-action-on-officials/articleshow/130723782.cms,confirmed adulteration through detection of Î²-Sitosterol
News,Ghee,Tests by the National Dairy Development Board,identifies,foreign fats,1,1,0.9,https://www.opindia.com/2025/11/how-fake-ghee-worth-rs-250-crore-found-its-way-into-tirupati-temples-sacred-laddus-explained/,Tests by the National Dairy Development Board (NDDB) later confirmed the presence of foreign fats
News,Ghee,ghee,inputto,preparation of Tirupati laddus,1,1,0.85,https://www.opindia.com/2025/11/how-fake-ghee-worth-rs-250-crore-found-its-way-into-tirupati-temples-sacred-laddus-explained/,used to prepare the sacred Tirupati laddus
News,Ghee,Osmania biscuits,outputof,"preparation of mixture, namkeen, chikkis, and Osmania biscuits",1,1,0.85,https://www.hindustantimes.com/cities/others/from-adulterated-ginger-garlic-paste-to-osmania-biscuits-t-gana-cracksdown-on-illegal-food-units-101775038432096.html,"accused were preparing mixture, namkeen, chikkis, and Osmania biscuits"
News,Ghee,IncidentFinding: animal fat in Tirumala Laddu,identifies,animal fat,1,1,0.95,https://www.thehansindia.com/andhra-pradesh/pawan-sit-confirmed-presence-of-animal-fat-tirumala-laddu-ghee-1045910,confirmed the presence of animal fat in the ghee used for preparing Tirumala Srivari Laddu Prasadam
News,Ghee,NDDB detection of animal fat,identifies,animal fat,1,1,0.9,https://www.thehansindia.com/andhra-pradesh/pawan-sit-confirmed-presence-of-animal-fat-tirumala-laddu-ghee-1045910,NDDB detected animal fat residues
News,Ghee,analysis,isperformedat,public health laboratory,1,1,0.85,https://timesofindia.indiatimes.com/city/vadodara/179kg-of-vanaspati-seized-from-shop/articleshow/100369714.cms,samples from the shop had been sent to public health laboratory for analysis
News,Ghee,refrigeration test,producesindicator,solidification of coconut oil,1,1,0.85,https://timesofindia.indiatimes.com/life-style/food-news/10000-kg-rotten-dates-and-13972-litres-of-adulterated-oil-seized-in-kanpur-fssais-oil-purity-tests-to-try-at-home/photostory/128717642.cms,"After refrigeration, coconut oil solidiies."
News,Ghee,refrigeration test,producesindicator,separate layer of other oils,1,1,0.85,https://timesofindia.indiatimes.com/life-style/food-news/10000-kg-rotten-dates-and-13972-litres-of-adulterated-oil-seized-in-kanpur-fssais-oil-purity-tests-to-try-at-home/photostory/128717642.cms,"If cocout oil is adulerated, then other oils reman as a a separate layer."
News,Ghee,TOCP,detectedby,yellow butter test,1,1,0.9,https://timesofindia.indiatimes.com/life-style/food-news/10000-kg-rotten-dates-and-13972-litres-of-adulterated-oil-seized-in-kanpur-fssais-oil-purity-tests-to-try-at-home/photostory/128717642.cms,"Take 2ml of sample oil, add on a litle amount of yellow butter (solid)."
News,Ghee,yellow butter test,producesindicator,immediate formation of red colour,1,1,0.9,https://timesofindia.indiatimes.com/life-style/food-news/10000-kg-rotten-dates-and-13972-litres-of-adulterated-oil-seized-in-kanpur-fssais-oil-purity-tests-to-try-at-home/photostory/128717642.cms,Immediate formation of red colour indicates the presence of TOCP.
News,Ghee,winterization test,producesindicator,"brilliant, clear, and limpid sample",1,1,0.85,https://timesofindia.indiatimes.com/life-style/food-news/10000-kg-rotten-dates-and-13972-litres-of-adulterated-oil-seized-in-kanpur-fssais-oil-purity-tests-to-try-at-home/photostory/128717642.cms,"If it is properly winterized, sample will be brillaint, clear, and limpid."
News,Ghee,ghee,outputof,ghee manufacturing,1,1,0.85,https://www.hindustantimes.com/cities/mumbai-news/bhiwandi-nizampur-civic-body-seizes-15-kg-of-ghee-mixed-with-animal-fat-101704528996768.html,ghee was manufactured using animal fat
News,Ghee,SensoryTest,producesindicator,change in taste,1,1,0.75,https://www.dnaindia.com/india/report-we-have-never-amul-refutes-allegations-of-supplying-ghee-to-tirupati-temple-amid-row-over-laddoo-3108718,complaints of change in taste in Laddoo Prasadam
News,Ghee,hand test,producesindicator,crumble or break apart,1,1,0.85,https://timesofindia.indiatimes.com/life-style/food-news/450-kg-paneer-seized-in-chandigarh-5-ways-to-check-the-purity-of-paneer/articleshow/121838080.cms,adulterated paneer will crumble or break apart under slight pressure
News,Ghee,hand test,producesindicator,hold its texture,1,1,0.85,https://timesofindia.indiatimes.com/life-style/food-news/450-kg-paneer-seized-in-chandigarh-5-ways-to-check-the-purity-of-paneer/articleshow/121838080.cms,"Pure, unadulterated paneer will hold its texture"
News,Ghee,arhar dal test,producesindicator,light red color change,1,1,0.9,https://timesofindia.indiatimes.com/life-style/food-news/450-kg-paneer-seized-in-chandigarh-5-ways-to-check-the-purity-of-paneer/articleshow/121838080.cms,If the color of the paneer changes to light red
News,Ghee,adding tur dal powder to boiled paneer,producesindicator,color changes to light red,1,1,0.85,https://timesofindia.indiatimes.com/life-style/food-news/450-kg-paneer-seized-in-chandigarh-5-ways-to-check-the-purity-of-paneer/articleshow/121838080.cms,add some tur dal powder and let it rest for 10 minutes. If the color of the paneer changes to light red
News,Ghee,foreign fats,detectedby,lab tests,1,1,0.9,https://economictimes.indiatimes.com/news/india/tirupati-laddu-row-cbi-arrests-four-individuals-for-violations-during-ghee-supply/articleshow/118101787.cms,lab tests revealed foreign fats
News,Ghee,laboratory analysis,isperformedon,dairy samples,1,1,0.9,https://timesofindia.indiatimes.com/city/pune/suspicious-khoya-paneer-and-ghee-worth-47-lakh-seized-in-pune/articleshow/131558578.cms,sent to the laboratory for analysis
News,Ghee,further analysis,isperformedat,laboratories,1,1,0.85,https://economictimes.indiatimes.com/news/new-updates/1100-kg-adulterated-sweets-145-kg-rasgullas-with-flies-destroyed-in-noida-before-diwali/articleshow/124596010.cms,samples have been sent to laboratories for further analysis
News,Ghee,iodine solution test,producesindicator,blue or black color change,1,1,0.95,https://www.financialexpress.com/life/lifestyle-worried-about-adulterated-diwali-sweets-dietitian-on-how-to-recognise-fake-khoya-4011313/,"In case it turns blue or black, there is starch adulteration"
News,Ghee,dissolving in water and adding lemon juice or vinegar,producesindicator,Fizzing or bubbles,1,1,0.9,https://www.financialexpress.com/life/lifestyle-worried-about-adulterated-diwali-sweets-dietitian-on-how-to-recognise-fake-khoya-4011313/,Fizzing or bubbles indicate washing soda or detergent adulteration
News,Ghee,burning slowly,producesindicator,sweet caramel-like aroma,1,1,0.9,https://www.financialexpress.com/life/lifestyle-worried-about-adulterated-diwali-sweets-dietitian-on-how-to-recognise-fake-khoya-4011313/,Pure mawa emits a sweet caramel-like aroma
News,Ghee,laboratory analysis,isperformedon,221 food samples,1,1,0.9,https://www.indiatoday.in/india/andhra-pradesh/story/andhra-pradesh-east-godavari-milk-contamination-death-telangana-rajamahendravaram-2880782-2026-03-12,collected 221 food samples for laboratory analysis
News,Ghee,analysis of check samples,isperformedat,Regional AGMARK Laboratories,1,1,0.9,https://www.sentinelassam.com/more-news/editorial/food-safety-ecosystem,check samples are analyzed in Regional AGMARK Laboratories
News,Ghee,iodine test,producesindicator,solution turns blue,1,1,0.95,https://thebetterindia.com/festivals/how-to-check-fake-mithai-at-home-safe-diwali-10563661,"If the solution turns blue, it's adulterated with starch"
News,Ghee,shake test,producesindicator,foamy lather,1,1,0.9,https://thebetterindia.com/festivals/how-to-check-fake-mithai-at-home-safe-diwali-10563661,"If you see foamy lather, it could be due to detergent contamination"
News,Ghee,detergent,detectedby,shake test,1,1,0.9,https://thebetterindia.com/festivals/how-to-check-fake-mithai-at-home-safe-diwali-10563661,Try the shake test... If you see foamy lather
News,Ghee,sensory test,producesindicator,grainy texture,1,1,0.8,https://thebetterindia.com/festivals/how-to-check-fake-mithai-at-home-safe-diwali-10563661,Pure khoya feels grainy
News,Ghee,sensory test,producesindicator,greasy stain,1,1,0.8,https://thebetterindia.com/festivals/how-to-check-fake-mithai-at-home-safe-diwali-10563661,leaves a greasy stain
News,Ghee,SensoryTest for smell,producesindicator,musty or sour smell,1,1,0.9,https://thebetterindia.com/festivals/how-to-check-fake-mithai-at-home-safe-diwali-10563661,Stale mithai may smell musty or sour.
News,Ghee,SensoryTest for taste,producesindicator,sour or off taste,1,1,0.9,https://thebetterindia.com/festivals/how-to-check-fake-mithai-at-home-safe-diwali-10563661,A sour or off taste is a red flag.
News,Ghee,SensoryTest for texture,producesindicator,"hard, sticky, or crumbly texture",1,1,0.9,https://thebetterindia.com/festivals/how-to-check-fake-mithai-at-home-safe-diwali-10563661,"Adulterated or old sweets are often hard, sticky, or crumbly."
News,Ghee,cold water test,producesindicator,solid ghee in cold water,1,1,0.9,https://timesofindia.indiatimes.com/life-style/food-news/amul-warns-against-fake-ghee-sales-ahead-of-diwali-tips-to-identify-authentic-products/articleshow/114609497.cms,Pure ghee will remain solid and will not dissolve
News,Ghee,cold water test,producesindicator,oily residues or dissolution,1,1,0.9,https://timesofindia.indiatimes.com/life-style/food-news/amul-warns-against-fake-ghee-sales-ahead-of-diwali-tips-to-identify-authentic-products/articleshow/114609497.cms,adulterated ghee may leave oily residues or dissolve
News,Ghee,aroma test,producesindicator,rich nutty fragrance,1,1,0.9,https://timesofindia.indiatimes.com/life-style/food-news/amul-warns-against-fake-ghee-sales-ahead-of-diwali-tips-to-identify-authentic-products/articleshow/114609497.cms,"pure ghee has a rich, nutty fragrance"
News,Ghee,aroma test,producesindicator,off or bland smell,1,1,0.9,https://timesofindia.indiatimes.com/life-style/food-news/amul-warns-against-fake-ghee-sales-ahead-of-diwali-tips-to-identify-authentic-products/articleshow/114609497.cms,impure ghee might have an off or bland smell
News,Ghee,heating test,producesindicator,clear liquid without residue or smoke,1,1,0.9,https://timesofindia.indiatimes.com/life-style/food-news/amul-warns-against-fake-ghee-sales-ahead-of-diwali-tips-to-identify-authentic-products/articleshow/114609497.cms,heating a spoonful of ghee should result in a clear liquid without any residue or smoke
News,Ghee,Salt test,producesindicator,ghee turned red,1,1,0.85,https://timesofindia.indiatimes.com/life-style/food-news/575-liters-of-adulterated-ghee-and-7000-kg-of-ginger-garlic-paste-seized-in-hyderabad-how-to-do-a-purity-check-at-home/articleshow/122246421.cms,If the ghee has turned red it means it is adulterated
News,Ghee,adulterants,detectedby,CFTRI,1,1,0.85,https://www.newindianexpress.com/states/andhra-pradesh/2025/Nov/21/sit-questions-subba-reddy-in-ttd-laddu-ghee-adulteration-case,Central Food and Technology Research Institute (CFTRI) in Mysuru detecting adulterants
News,Ghee,vegetable oils,detectedby,β-Sitosterol testing,1,1,0.9,https://www.siasat.com/ttd-procured-70-l-kg-ghee-without-quality-checks-ap-govt-commission-report-3463991/,confirmed adulteration with vegetable oils through the presence of β-Sitosterol
News,Ghee,laboratory analysis of ghee,isperformedon,ghee sample from Rishabh Shuddha Ghee Bhandar,1,1,0.9,https://www.freepressjournal.in/mumbai/mumbai-fda-seizes-400-kg-fake-ghee-worth-rs-3-lakh-samples-sent-for-laboratory-test,submission of food samples to the laboratory for testing
News,Ghee,detailed analysis of samples,isperformedat,state food testing laboratory in Bhopal,1,1,0.9,https://www.freepressjournal.in/indore/indore-news-food-safety-team-seizes-500-kg-ghee-collects-29-samples-across-city,samples will be sent to the state food testing laboratory in Bhopal for detailed analysis
News,Ghee,IncidentFinding at Hotel Ashoka,identifies,synthetic food colors,1,1,0.9,https://www.siasat.com/widespread-food-safety-violations-uncovered-in-telangana-hotels-dairy-factories-3035825/,synthetic food colors ... were found and discarded
News,Ghee,analysis of Bhog Vinayak ghee,isperformedat,central food testing lab in Jaipur,1,1,0.95,https://timesofindia.indiatimes.com/city/jaipur/43421-litres-of-spurious-ghee-seized-from-warehouse-in-city/articleshow/127784638.cms,central food testing lab in Jaipur had confirmed the Bhog Vinayak brand ghee sample as unsafe
News,Ghee,e-tongue,producesindicator,taste patterns,1,1,0.85,https://economictimes.indiatimes.com/news/new-updates/tirupati-ttd-temple-to-get-rs-25-crore-french-e-tongue-e-nose-to-test-prasadam-ghee-quality/articleshow/128743938.cms,e-tongue system scientifically analyses taste patterns
News,Ghee,e-nose,producesindicator,aroma profiles,1,1,0.85,https://economictimes.indiatimes.com/news/new-updates/tirupati-ttd-temple-to-get-rs-25-crore-french-e-tongue-e-nose-to-test-prasadam-ghee-quality/articleshow/128743938.cms,e-nose system evaluates aroma profiles
News,Ghee,detailed tests,isperformedat,regional analytical labs,1,1,0.85,https://www.thehindu.com/news/cities/kozhikode/ahead-of-onam-food-safety-dept-to-step-up-surveillance-in-kozhikode/article65800775.ece,sent to regional analytical labs for detailed tests
News,Ghee,SensoryTest,producesindicator,golden color,1,1,0.85,https://timesofindia.indiatimes.com/life-style/food-news/25-tons-of-adulterated-ghee-seized-in-this-city-8-ways-to-identify-fake-ghee/articleshow/117206895.cms,ghee in its purest form has a golden color
News,Ghee,SensoryTest,producesindicator,translucent and clear,1,1,0.85,https://timesofindia.indiatimes.com/life-style/food-news/25-tons-of-adulterated-ghee-seized-in-this-city-8-ways-to-identify-fake-ghee/articleshow/117206895.cms,When held against light it should appear translucent and clear
News,Ghee,Salt test,producesindicator,ghee turns red,1,1,0.9,https://timesofindia.indiatimes.com/life-style/food-news/25-tons-of-adulterated-ghee-seized-in-this-city-8-ways-to-identify-fake-ghee/articleshow/117206895.cms,If the ghee has turned red it means it is adulterated
News,Ghee,iodine test,producesindicator,reaction with rice,1,1,0.9,https://timesofindia.indiatimes.com/entertainment/hindi/bollywood/news/post-gauri-khan-fake-paneer-controversy-youtuber-gaurav-taneja-posts-a-video-claiming-99-percent-of-fake-paneer-passes-iodine-test/articleshow/120552115.cms,"iodine reacts with ingredients like potatoes, rice, bread, and cornflour"
News,Ghee,iodine test,producesindicator,reaction with cornflour,1,1,0.9,https://timesofindia.indiatimes.com/entertainment/hindi/bollywood/news/post-gauri-khan-fake-paneer-controversy-youtuber-gaurav-taneja-posts-a-video-claiming-99-percent-of-fake-paneer-passes-iodine-test/articleshow/120552115.cms,"iodine reacts with ingredients like potatoes, rice, bread, and cornflour"
News,Ghee,laboratory analysis,isperformedon,Samples,1,1,0.9,https://www.deccanchronicle.com/southern-states/telangana/telangana-dairy-inspection-reveals-contaminated-ghee-dead-lizard-near-food-1858425,Samples were collected for laboratory analysis
News,Ghee,Laboratory analysis,isperformedon,Statutory samples,1,1,0.9,https://www.siasat.com/food-safety-team-raids-dairy-store-in-telangana-3117375/,Statutory samples were collected during the inspection and sent for laboratory analysis
News,Ghee,impure substances,detectedby,LaboratoryTest,1,1,0.95,https://www.indiatoday.in/india/story/tirupati-laddu-row-cbi-arrest-tirumala-ghee-adulteration-case-probe-2677329-2025-02-09?utm_source=rss,lab reports confirmed the presence of impure substances
News,Ghee,Boil test,producesindicator,smelling as burnt,1,1,0.9,https://timesofindia.indiatimes.com/life-style/food-news/4000-kg-adulterated-ghee-worth-rs-17-5-lakh-seized-in-this-state/articleshow/118608704.cms,if it starts smelling as burnt then you know it is not pure ghee
News,Ghee,Boil test,producesindicator,layers forming,1,1,0.85,https://timesofindia.indiatimes.com/life-style/food-news/4000-kg-adulterated-ghee-worth-rs-17-5-lakh-seized-in-this-state/articleshow/118608704.cms,If you see layers forming in the jar there is a presence of some other oil
News,Ghee,Water test,producesindicator,sinks,1,1,0.85,https://timesofindia.indiatimes.com/life-style/food-news/4000-kg-adulterated-ghee-worth-rs-17-5-lakh-seized-in-this-state/articleshow/118608704.cms,if it sinks then the ghee is infused with foreign material
News,Ghee,Ghee adulteration finding,identifies,substandard ghee adulterant,1,1,0.95,https://timesofindia.indiatimes.com/city/vadodara/substandard-ghee-supplied-to-make-prasad-in-ambaji/articleshow/104146821.cms,lab report confirmed the ghee to be of inferior quality and adulterated
News,Ghee,Nandini ghee sample analysis,isperformedat,Central Food Technological Research Institute,1,1,0.9,https://starofmysore.com/nandini-ghee-adulteration-racket-minister-deflects-blame-from-mymul-to-agents/,"sent the samples for tests from different laboratories, including Mysuru-based Central Food Technological Research Institute"
News,Ghee,starch,detectedby,mobile laboratory unit,1,1,0.85,https://economictimes.indiatimes.com/news/new-updates/1400-kg-fake-khoya-400-kilo-expired-ghee-and-paneer-seized-by-fssai-before-holi/articleshow/128938525.cms,A mobile laboratory unit detected starch adulteration
News,Ghee,LabConfirmedFinding,identifies,synthetic compounds,1,1,0.9,https://www.siasat.com/tirumala-laddu-ghee-adulteration-case-reveals-shocking-details-3299980/,Laboratory tests conducted by forensic teams confirmed the presence of synthetic compounds
News,Ghee,ghee,inputto,laddoos production,1,1,0.85,https://scroll.in/latest/1073576/tamil-nadu-firm-that-supplied-ghee-to-tirupati-temple-denies-allegations-of-adulteration?utm_source=rss&utm_medium=public,ghee that was used to produce laddoos
News,Ghee,ghee adulteration finding,identifies,foreign fat,1,1,0.95,https://scroll.in/latest/1073576/tamil-nadu-firm-that-supplied-ghee-to-tirupati-temple-denies-allegations-of-adulteration?utm_source=rss&utm_medium=public,The ghee was found to contain a dangerously high amount of foreign fat
News,Ghee,animal fat detection finding,identifies,animal fat,1,1,0.9,https://scroll.in/latest/1073576/tamil-nadu-firm-that-supplied-ghee-to-tirupati-temple-denies-allegations-of-adulteration?utm_source=rss&utm_medium=public,confirmed the presence of animal fat in the ghee
News,Ghee,adulterated milk,inputto,ghee production,1,1,0.9,https://www.freepressjournal.in/india/video-rajasthan-agriculture-minister-kirodi-lal-meena-raids-massive-adulterated-milk-factory-in-dausa,This milk was used to make adulterated ghee
News,Ghee,iodine test,producesindicator,blackening,1,1,0.9,https://indianexpress.com/article/entertainment/bollywood/after-gauri-khan-fake-paneer-allegations-youtuber-gaurav-taneja-reacts-9960669/,"You can put all the iodine in the world on it, but you won't be able to catch it. It won't blacken"
News,Ghee,iodine test,producesindicator,colour change with rice,1,1,0.9,https://indianexpress.com/article/entertainment/bollywood/after-gauri-khan-fake-paneer-allegations-youtuber-gaurav-taneja-reacts-9960669/,"IODINE changes colour with reaction under the presence of ingredients: potatoes, rice"
News,Ghee,laboratory testing,isperformedon,food samples,1,1,0.85,https://timesofindia.indiatimes.com/life-style/food-news/110-kg-chicken-825-kg-fake-paneer-banned-colours-and-chemicals-seized-how-to-check-purity-at-home/articleshow/131873428.cms,food samples have been sent for laboratory testing
News,Ghee,Iodine tincture test,producesindicator,color changes to blue,1,1,0.9,https://timesofindia.indiatimes.com/life-style/food-news/110-kg-chicken-825-kg-fake-paneer-banned-colours-and-chemicals-seized-how-to-check-purity-at-home/articleshow/131873428.cms,"color changes to blue, which means the paneer is artificial"
News,Ghee,SensoryTest for texture under pressure,producesindicator,falling apart when pressure is applied,1,1,0.85,https://timesofindia.indiatimes.com/life-style/food-news/110-kg-chicken-825-kg-fake-paneer-banned-colours-and-chemicals-seized-how-to-check-purity-at-home/articleshow/131873428.cms,will start falling apart when pressure is applied
News,Ghee,detergent,detectedby,arhar dal test,1,1,0.85,https://timesofindia.indiatimes.com/life-style/food-news/110-kg-chicken-825-kg-fake-paneer-banned-colours-and-chemicals-seized-how-to-check-purity-at-home/articleshow/131873428.cms,"If the color of the paneer changes to light red, it is a sign that the paneer is made with detergent or urea."
News,Ghee,detergent,detectedby,soybean powder test,1,1,0.85,https://timesofindia.indiatimes.com/life-style/food-news/110-kg-chicken-825-kg-fake-paneer-banned-colours-and-chemicals-seized-how-to-check-purity-at-home/articleshow/131873428.cms,"add some soybean powder to it. If the color of the paneer changes to light red, it is a sign that the paneer is made with detergent or urea."
News,Ghee,adulteration,detectedby,LaboratoryTest,1,1,0.9,https://www.thehansindia.com/news/cities/tirupathi/laddu-preparation-no-evidence-of-ttd-using-adulterated-ghee-says-bhumana-944765,finding adulteration during the test in the laboratory
News,Ghee,Analysis of Ratlam samples,isperformedat,State Food Testing Laboratory,1,1,0.85,https://www.freepressjournal.in/bhopal/mp-food-safety-officials-seize-famous-sweets-namkeen-shop-in-jabalpur-over-poor-hygiene-in-kitchen,samples were sent to the State Food Testing Laboratory in Bhopal
News,Ghee,beta sitosterol,detectedby,laboratory reports from CFTRI,1,1,0.95,https://www.deccanchronicle.com/southern-states/andhra-pradesh/sit-gets-4-day-custody-of-2-accused-in-tirumala-ghee-scam-1922534,"laboratory reports from the central food technological research institute (CFTRI), Mysuru that he had received"
News,Ghee,quality testing,isperformedon,paneer,1,1,0.85,https://www.thehindu.com/news/national/andhra-pradesh/food-safety-officials-inspect-milk-supply-chain-in-spsr-nellore-district/article70685255.ece,"samples of milk and milk products such as curd, ghee and paneer"
News,Ghee,quality testing,isperformedat,"State Food Testing Laboratory, Bhopal",1,1,0.9,https://www.freepressjournal.in/indore/indore-over-5174-liters-edible-oil-worth-8-lakh-seized,"sent to the State Food Testing Laboratory, Bhopal"
News,Ghee,S-value analysis,isperformedat,"NDDB CALF, Anand",1,1,0.95,https://www.hindustantimes.com/india-news/animal-fat-tirupati-laddus-who-supplied-ghee-to-temple-and-why-did-nandini-opt-out-who-said-what-101726878145316.html,"S-value analysis carried out on the sample sent to the reputed NDDB CALF, Anand"
News,Ghee,tests performed by them,isperformedat,Food Testing Laboratory at JNTUK,1,1,0.85,https://www.deccanchronicle.com/southern-states/andhra-pradesh/fssai-takes-samples-of-prasadam-from-annavaram-temple-1826677,tests performed by them
News,Ghee,double-boiler method,producesindicator,solidify in separate layers,1,1,0.9,https://timesofindia.indiatimes.com/life-style/food-news/what-is-the-real-colour-of-desi-ghee-and-how-to-check-its-purity/photostory/82629456.cms,if the coconut oil and ghee solidify in separate layers
News,Ghee,palm test,producesindicator,stays intact,1,1,0.9,https://timesofindia.indiatimes.com/life-style/food-news/what-is-the-real-colour-of-desi-ghee-and-how-to-check-its-purity/photostory/82629456.cms,"if it stays intact, then it has been adulterated"
News,Ghee,palm test,producesindicator,starts melting,1,1,0.9,https://timesofindia.indiatimes.com/life-style/food-news/what-is-the-real-colour-of-desi-ghee-and-how-to-check-its-purity/photostory/82629456.cms,"If the ghee starts melting, then it is pure"
News,Ghee,chemical test with HCl and sugar,producesindicator,pink or red colour granules,1,1,0.9,https://timesofindia.indiatimes.com/life-style/food-news/what-is-the-real-colour-of-desi-ghee-and-how-to-check-its-purity/photostory/82629456.cms,If some pink or red colour granules appear in the lower layers
News,Ghee,vanaspati ghee,detectedby,chemical test with HCl and sugar,1,1,0.85,https://timesofindia.indiatimes.com/life-style/food-news/what-is-the-real-colour-of-desi-ghee-and-how-to-check-its-purity/photostory/82629456.cms,this means that the ghee is adulterated with rancid ghee like vanaspati ghee
News,Ghee,animal fat,detectedby,NDDB analysis,1,1,0.8,https://www.deccanchronicle.com/southern-states/andhra-pradesh/ap-debunks-ysrcps-claims-that-ghee-supplied-to-ttd-not-adulterated-with-animal-fat-1933972,samples from TTD sent to the NDDB clearly stated
News,Ghee,analysis of 23 samples,isperformedat,State Food Testing Laboratory,1,1,0.9,https://www.freepressjournal.in/indore/food-safety-drive-23-samples-collected-from-school-other-establishments-in-indore,All 23 samples collected during the inspections are being sent to the State Food Testing Laboratory
News,Ghee,laboratory testing,isperformedon,209 food samples,1,1,0.9,https://timesofindia.indiatimes.com/city/ahmedabad/1300kg-of-cream-seized-unit-sealed/articleshow/119723566.cms,collected from various units for laboratory testing
News,Ghee,Analysis of ghee,isperformedat,FSSAI Food Testing Lab at Tirumala,1,1,0.85,https://www.deccanchronicle.com/southern-states/andhra-pradesh/cm-to-inaugurate-fssai-food-testing-lab-at-tirumala-today-1945166,"raw materials, such as ghee, oils and grains will undergo physical and chemical analysis"
News,Ghee,Analysis of oils,isperformedat,FSSAI Food Testing Lab at Tirumala,1,1,0.9,https://www.deccanchronicle.com/southern-states/andhra-pradesh/cm-to-inaugurate-fssai-food-testing-lab-at-tirumala-today-1945166,"raw materials, such as ghee, oils and grains will undergo physical and chemical analysis"
News,Ghee,Analysis of grains,isperformedat,FSSAI Food Testing Lab at Tirumala,1,1,0.9,https://www.deccanchronicle.com/southern-states/andhra-pradesh/cm-to-inaugurate-fssai-food-testing-lab-at-tirumala-today-1945166,"raw materials, such as ghee, oils and grains will undergo physical and chemical analysis"
News,Ghee,Analysis of drinking water,isperformedat,FSSAI Food Testing Lab at Tirumala,1,1,0.9,https://www.deccanchronicle.com/southern-states/andhra-pradesh/cm-to-inaugurate-fssai-food-testing-lab-at-tirumala-today-1945166,"Drinking water will be tested for chloride, sulphate and magnesium levels"
News,Ghee,pesticides,detectedby,LC-MS,1,1,0.9,https://www.deccanchronicle.com/southern-states/andhra-pradesh/cm-to-inaugurate-fssai-food-testing-lab-at-tirumala-today-1945166,LC-MS ... will detect pesticides
News,Ghee,aflatoxins,detectedby,LC-MS,1,1,0.9,https://www.deccanchronicle.com/southern-states/andhra-pradesh/cm-to-inaugurate-fssai-food-testing-lab-at-tirumala-today-1945166,LC-MS ... will detect ... aflatoxins
News,Ghee,pesticides,detectedby,ICP-MS,1,1,0.9,https://www.deccanchronicle.com/southern-states/andhra-pradesh/cm-to-inaugurate-fssai-food-testing-lab-at-tirumala-today-1945166,ICP-MS ... will detect pesticides
News,Ghee,lead,detectedby,ICP-MS,1,1,0.9,https://www.deccanchronicle.com/southern-states/andhra-pradesh/cm-to-inaugurate-fssai-food-testing-lab-at-tirumala-today-1945166,ICP-MS can also detect trace levels of heavy metals like lead
News,Ghee,arsenic,detectedby,ICP-MS,1,1,0.9,https://www.deccanchronicle.com/southern-states/andhra-pradesh/cm-to-inaugurate-fssai-food-testing-lab-at-tirumala-today-1945166,"ICP-MS can also detect trace levels of heavy metals like lead, arsenic and chromium"
News,Ghee,chromium,detectedby,ICP-MS,1,1,0.9,https://www.deccanchronicle.com/southern-states/andhra-pradesh/cm-to-inaugurate-fssai-food-testing-lab-at-tirumala-today-1945166,"ICP-MS can also detect trace levels of heavy metals like lead, arsenic and chromium"
News,Ghee,bomb calorimeter,isperformedon,laddus,1,1,0.85,https://www.deccanchronicle.com/southern-states/andhra-pradesh/cm-to-inaugurate-fssai-food-testing-lab-at-tirumala-today-1945166,bomb calorimeter is used to determine the energy levels in laddus
News,Ghee,E. coli,detectedby,microbiological testing facilities,1,1,0.9,https://www.deccanchronicle.com/southern-states/andhra-pradesh/cm-to-inaugurate-fssai-food-testing-lab-at-tirumala-today-1945166,"samples will be examined for harmful bacteria, like E. coli"
News,Ghee,Salmonella,detectedby,microbiological testing facilities,1,1,0.9,https://www.deccanchronicle.com/southern-states/andhra-pradesh/cm-to-inaugurate-fssai-food-testing-lab-at-tirumala-today-1945166,"samples will be examined for harmful bacteria, like E. coli and Salmonella"
News,Ghee,ghee sample analysis,isperformedat,government labs,1,1,0.85,https://www.thehindu.com/news/cities/bangalore/sale-of-adulterated-nandini-ghee-uncovered/article38197249.ece,Samples were sent to government labs for testing
News,Ghee,ß-Sitosterol,identifies,vegetable oil,1,1,0.95,https://www.hindustantimes.com/india-news/ghee-adulteration-panel-blames-ex-ttd-officials-101777749522008.html,"ß- Sitosterol, a marker of vegetable oil adulteration"
News,Ghee,ghee,inputto,preparing the laddu,1,1,0.85,https://www.hindustantimes.com/india-news/ghee-adulteration-panel-blames-ex-ttd-officials-101777749522008.html,used for preparing the laddu
News,Ghee,water immersion test,producesindicator,egg floats on surface,1,1,0.9,https://timesofindia.indiatimes.com/life-style/food-news/poor-quality-eggs-being-sold-online-fssai-seeks-detailed-explanation-from-e-commerce-and-how-it-is-going-to-help-customers/articleshow/131148889.cms,"if the egg is rotten, it will float on the surface"
News,Ghee,water immersion test,producesindicator,egg placed at bottom width wise,1,1,0.9,https://timesofindia.indiatimes.com/life-style/food-news/poor-quality-eggs-being-sold-online-fssai-seeks-detailed-explanation-from-e-commerce-and-how-it-is-going-to-help-customers/articleshow/131148889.cms,If the egg is fresh it will be placed at the bottom width wise
News,Ghee,NDDB-CALF ghee analysis,isperformedat,NDDB-CALF,1,1,0.9,https://timesofindia.indiatimes.com/city/hyderabad/cbi-chargesheet-rules-out-animal-fats-in-tirupati-laddu-ghee/articleshow/127809453.cms,lab report from the National Dairy Development Board's Centre for Analysis & Learning in Livestock & Food (NDDB-CALF)
News,Ghee,NDDB-CALF ghee analysis,isperformedon,ghee samples from AR Dairy,1,1,0.9,https://timesofindia.indiatimes.com/city/hyderabad/cbi-chargesheet-rules-out-animal-fats-in-tirupati-laddu-ghee/articleshow/127809453.cms,testing of the remaining ghee samples drawn by TTD from four tankers of AR Dairy
News,Ghee,ghee-milk testing,isperformedat,RCDF lab,1,1,0.85,https://timesofindia.indiatimes.com/city/jaipur/rcdf-starts-facility-to-test-milk-ghee-and-other-dairy-products/articleshow/120290200.cms,consumers need to take a 50 ml sample to RCDF lab for testing
News,Ghee,CFTRI report,identifies,beta-sitosterol,1,1,0.95,https://www.thehansindia.com/andhra-pradesh/despite-cftri-red-flag-adulterated-ghee-used-in-laddus-for-2-years-sit-1027304,"CFTRI's report dated August 3, 2022 identified beta-sitosterol"
News,Ghee,Badam shake analysis,isperformedat,State Food Lab Bhopal,1,1,0.9,https://www.freepressjournal.in/indore/mp-two-traders-face-music-for-selling-adulterated-items-in-soyat-kalan,sent to State Food Lab Bhopal for investigation
News,Ghee,Besan ke laddoo analysis,isperformedat,State Food Lab Bhopal,1,1,0.85,https://www.freepressjournal.in/indore/mp-two-traders-face-music-for-selling-adulterated-items-in-soyat-kalan,sent to State Food Lab Bhopal for investigation
News,Ghee,on-the-spot food safety checks,requireskit,magic box,1,1,0.9,https://www.newindianexpress.com/cities/bengaluru/2025/Mar/10/in-just-four-months-over-2869-bengalureans-test-food-at-fda-kiosks,magic box is an FSSAI-designed portable kit containing multiple test tools for on-the-spot food safety checks
News,Ghee,common adulterants,detectedby,rapid tests,1,1,0.9,https://www.newindianexpress.com/cities/bengaluru/2025/Mar/10/in-just-four-months-over-2869-bengalureans-test-food-at-fda-kiosks,Rapid tests use quick chemical reactions to detect common adulterants
News,Ghee,ghee adulteration finding,identifies,β-sitosterol,1,1,0.95,https://www.livemint.com/news/fssai-suspends-ar-dairy-licence-ghee-adulteration-false-information-11755422633259.html,The presence of plant-based compounds like β-sitosterol... confirms adulteration
News,Ghee,foreign fats,detectedby,laboratory tests,1,1,0.9,https://www.newindianexpress.com/nation/2024/Oct/06/tirupati-laddoo-row-joint-team-raids-ghee-manufacturer-in-uttarakhand,laboratory tests have confirmed the presence of foreign fats
News,Ghee,ghee,inputto,Preparation of Tirupati laddu prasadam,1,1,0.9,https://www.chennaionline.com/news/ttd-ghee-adulteration-report-criticizes-temple-administration/,ghee is used in preparing the sacred Tirupati laddu prasadam
News,Ghee,Tirupati laddu prasadam,outputof,Preparation of Tirupati laddu prasadam,1,1,0.9,https://www.chennaionline.com/news/ttd-ghee-adulteration-report-criticizes-temple-administration/,preparing the sacred Tirupati laddu prasadam
News,Ghee,sensory detection,producesindicator,foul smell,1,1,0.8,https://www.newindianexpress.com/states/odisha/2024/Oct/06/omfed-replaces-15-boxes-of-ghee-after-hue-and-cry,complained of a foul smell emanating from the kitchen
News,Ghee,ghee sample testing,isperformedat,TTD laboratory,1,1,0.85,https://www.thehansindia.com/andhra-pradesh/sit-intensifies-probe-into-ghee-adulteration-case-910933,ghee samples from incoming tankers are regularly tested
News,Ghee,Aroma check,producesindicator,"rich, nutty aroma",1,1,0.9,https://economictimes.indiatimes.com/news/web-stories/8-easy-tests-to-verify-if-your-desi-ghee-is-pure/slideshow/112859868.cms,"Pure desi ghee will release a rich, nutty aroma"
News,Ghee,Aroma check,producesindicator,burnt or artificial smell,1,1,0.9,https://economictimes.indiatimes.com/news/web-stories/8-easy-tests-to-verify-if-your-desi-ghee-is-pure/slideshow/112859868.cms,adulterated ghee might have a burnt or artificial smell
News,Ghee,Freezing test,producesindicator,solidify uniformly,1,1,0.9,https://economictimes.indiatimes.com/news/web-stories/8-easy-tests-to-verify-if-your-desi-ghee-is-pure/slideshow/112859868.cms,Pure ghee will solidify uniformly
News,Ghee,Freezing test,producesindicator,separation,1,1,0.9,https://economictimes.indiatimes.com/news/web-stories/8-easy-tests-to-verify-if-your-desi-ghee-is-pure/slideshow/112859868.cms,adulterated ghee may show separation
News,Ghee,Solubility in water,producesindicator,residues or floating layer,1,1,0.85,https://economictimes.indiatimes.com/news/web-stories/8-easy-tests-to-verify-if-your-desi-ghee-is-pure/slideshow/112859868.cms,impurities will form a layer or float
News,Ghee,Solubility in water,producesindicator,dissolve completely,1,1,0.9,https://economictimes.indiatimes.com/news/web-stories/8-easy-tests-to-verify-if-your-desi-ghee-is-pure/slideshow/112859868.cms,"Pure ghee will dissolve completely, leaving no residues"
News,Ghee,Iodine test,producesindicator,color changes to blue,1,1,0.9,https://economictimes.indiatimes.com/news/web-stories/8-easy-tests-to-verify-if-your-desi-ghee-is-pure/slideshow/112859868.cms,"If the color changes to blue, it indicates the presence of starch"
News,Ghee,Taste test,producesindicator,"slightly sweet, rich taste",1,1,0.9,https://economictimes.indiatimes.com/news/web-stories/8-easy-tests-to-verify-if-your-desi-ghee-is-pure/slideshow/112859868.cms,"Pure desi ghee should have a slightly sweet, rich taste."
News,Ghee,Palm test,producesindicator,smooth and slightly oily,1,1,0.9,https://economictimes.indiatimes.com/news/web-stories/8-easy-tests-to-verify-if-your-desi-ghee-is-pure/slideshow/112859868.cms,Pure ghee will feel smooth and slightly oily
News,Ghee,fatty acid profile test,producesindicator,fatty acid profile mismatch,1,1,0.9,https://timesofindia.indiatimes.com/city/jaipur/fatty-acid-profile-new-test-to-check-spurious-ghee/articleshow/87092330.cms,Fatty acid profile of sample does not match the fatty acid profile of ghee
News,Ghee,testing,isperformedat,laboratories in Chandigarh or Karnal,1,1,0.85,https://www.hindustantimes.com/cities/gurugram-news/fda-gurugram-s-falls-short-in-its-sampling-efforts-during-diwali-101760641749819.html,samples are sent to laboratories in Chandigarh or Karnal for testing
News,Ghee,sensory detection of greasiness,producesindicator,excessively greasy feel,1,1,0.9,https://www.hindustantimes.com/cities/gurugram-news/fda-gurugram-s-falls-short-in-its-sampling-efforts-during-diwali-101760641749819.html,if you touch khoya and it feels excessively greasy
News,Ghee,SensoryTest,producesindicator,unusually shiny appearance,1,1,0.85,https://www.hindustantimes.com/cities/gurugram-news/fda-gurugram-s-falls-short-in-its-sampling-efforts-during-diwali-101760641749819.html,if you touch khoya and it feels excessively greasy or has an unusually shiny appearance
News,Ghee,sensory detection of shine,producesindicator,unusually shiny appearance,1,1,0.9,https://www.hindustantimes.com/cities/gurugram-news/fda-gurugram-s-falls-short-in-its-sampling-efforts-during-diwali-101760641749819.html,or has an unusually shiny appearance
News,Ghee,sensory detection of smell,producesindicator,distinct off-putting smell,1,1,0.9,https://www.hindustantimes.com/cities/gurugram-news/fda-gurugram-s-falls-short-in-its-sampling-efforts-during-diwali-101760641749819.html,"fake khoya has a distinct, off-putting smell"
News,Ghee,palm oil,detectedby,Baudouin test,1,1,0.85,https://timesofindia.indiatimes.com/city/hyderabad/shocking-test-results-1-in-5-ghee-samples-found-impure-in-hyderabad/articleshow/113715846.cms,multiple tests such as Baudouin
News,Ghee,Laboratory analysis,isperformedon,samples,1,1,0.9,https://timesofindia.indiatimes.com/city/hyderabad/unlicensed-dairy-unit-raided-ghee-milk-worth-rs-7-lakh-seized/articleshow/130401443.cms,Officials sent samples of the products for laboratory analysis
News,Ghee,animal fats,detectedby,NDDB analysis,1,1,0.8,https://www.siasat.com/andhra-govt-transfers-ttd-official-after-charge-sheet-in-ghee-case-3335023/,ghee samples from TTD sent to the NDDB clearly stated that there was a possibility of the presence of animal fats
News,Ghee,Analysis of mawa samples,isperformedat,State Food Testing Laboratory in Bhopal,1,1,0.9,https://www.freepressjournal.in/indore/1k-kg-adulterated-mawa-supplied-from-gwalior-seized-in-indore,sent to the State Food Testing Laboratory in Bhopal for analysis
News,Ghee,analysis at NDDB CALF Lab,isperformedon,ghee sample from A R Diary Food Private Ltd,1,1,0.9,https://www.thehansindia.com/news/national/fssai-issues-show-cause-notice-to-ghee-supplier-909190,ghee procurement committee of TTD has sent all the samples supplied to TTD for testing to NDDB CALF Lab
News,Ghee,examination of seized samples,isperformedat,State Food Testing Laboratory in Bhopal,1,1,0.9,https://www.freepressjournal.in/indore/indore-news-food-dept-seizes-1264-lakh-worth-mawa-sweets-ghee-in-major-crackdown,All samples have been sent to the State Food Testing Laboratory in Bhopal for examination
News,Ghee,Laboratory Analysis of Mawa,isperformedat,Bhopal laboratory,1,1,0.9,https://www.freepressjournal.in/indore/action-against-adulteration-in-indore-food-safety-officers-take-700-kg-mawa-into-custody,Several samples have already been sent to the Bhopal laboratory for examination
News,Ghee,detailed analysis,isperformedat,Bhopal food testing laboratory,1,1,0.9,https://www.freepressjournal.in/indore/action-against-adulteration-in-indore-food-safety-officers-take-700-kg-mawa-into-custody,undergoing detailed analysis at the Bhopal food testing laboratory
News,Ghee,CFTRI ghee adulteration finding,identifies,adulterant in ghee,1,1,0.8,https://indianexpress.com/article/india/tirupati-laddu-ghee-adulteration-case-sit-tender-norms-diluted-reports-suppressed-10514888/,CFTRI confirmed adulteration in ghee supplied by Vyshnavi Dairy and Bhole Baba Dairy
News,Ghee,water quality analysis,isperformedat,Tamil Nadu Water Supply and Drainage Board,1,1,0.85,https://www.thehindu.com/news/cities/Madurai/food-safety-license-must-for-temporary-shops-manufacturers-of-sweets-savouries-says-virudhunagar-collector/article70122107.ece,analysed by laboratories of Tamil Nadu Water Supply and Drainage Board
News,Ghee,analysis of water quality,isperformedat,Department of Public Health,1,1,0.85,https://www.thehindu.com/news/cities/Madurai/food-safety-license-must-for-temporary-shops-manufacturers-of-sweets-savouries-says-virudhunagar-collector/article70122107.ece,analysed by laboratories of Tamil Nadu Water Supply and Drainage Board or Department of Public Health
News,Ghee,refined oil,detectedby,butyro-refractometer technology,1,1,0.85,https://www.freepressjournal.in/bhopal/fssai-launches-ghee-purity-testing-drive-in-madhya-pradesh-ahead-of-festive-season-samples-sent-to-bhopal-indore-labs,using butyro-refractometer technology to detect any mixing of cheap substances like refined oil
News,Ghee,palm oil,detectedby,butyro-refractometer technology,1,1,0.85,https://www.freepressjournal.in/bhopal/fssai-launches-ghee-purity-testing-drive-in-madhya-pradesh-ahead-of-festive-season-samples-sent-to-bhopal-indore-labs,using butyro-refractometer technology to detect any mixing of cheap substances like refined oil or palm oil
News,Ghee,CFTRI ghee adulteration finding,identifies,beta-sitosterol,1,1,0.95,https://timesofindia.indiatimes.com/city/vijayawada/ap-cabinet-to-seek-further-probe-into-ttd-officials-role-in-procuring-adulterated-ghee/articleshow/127891842.cms,found âbeta-sitosterol'
News,Ghee,CFTRI report finding,identifies,beta-sitosterol,1,1,0.9,https://timesofindia.indiatimes.com/city/vijayawada/ap-cabinet-to-seek-further-probe-into-ttd-officials-role-in-procuring-adulterated-ghee/articleshow/127891842.cms,"CFTRI report found beta-sitosterol in ghee supplied by Bhole Baba, Premier, and Vyshnavi dairies"
News,Ghee,freezer test,producesindicator,forms layers,1,1,0.85,https://www.indiatoday.in/health/story/desi-ghee-demand-sees-a-surge-but-heres-what-nutritionists-want-you-to-know-2810309-2025-10-29?utm_source=rss,adulterated ghee forms layers
News,Ghee,animal fat,detectedby,micro-DNA testing,1,1,0.85,https://www.hindustantimes.com/india-news/ttd-chief-says-real-culprits-ignored-in-sit-charge-sheet-on-ghee-row-101769799977686.html,"use the micro-DNA testing as part of the investigation to scientifically determine the nature of substances used in the making of Tirupati laddu during the previous regime. He pointed out that the initial tests conducted by the National Dairy Development Board’s Centre for Analysis and Learning in Livestock and Food (NDDB CALF) in Anand, Gujarat, indicated the presence of animal fat in the ghee used in the laddu preparation."
News,Ghee,analysis of samples,isperformedat,"Drug, Food and Chemical Testing Laboratory",1,1,0.9,https://www.hindustantimes.com/cities/chandigarh-news/ludhiana15quintal-adulterated-paneer-destroyed-101728752710417.html,"These samples are sent to the Drug, Food and Chemical Testing Laboratory"
News,Ghee,IncidentFinding_VegetableFats,identifies,vegetable fats,1,1,0.95,https://www.thehindu.com/news/national/andhra-pradesh/ttd-ghee-adulteration-case-sit-arrests-close-aide-of-former-chairman-yv-subba-reddy/article70220944.ece,revealed the presence of vegetable fats
News,Ghee,ghee sample analysis,isperformedat,NABL-accredited labs,1,1,0.85,https://www.newindianexpress.com/states/andhra-pradesh/2024/Sep/23/ttd-to-conduct-santhi-homam-amid-concerns-over-ghee-quality-for-srivari-laddu,sending samples to NABL-accredited labs
News,Ghee,SensoryTest,producesindicator,colour,1,1,0.9,https://www.newindianexpress.com/states/andhra-pradesh/2024/Sep/23/ttd-to-conduct-santhi-homam-amid-concerns-over-ghee-quality-for-srivari-laddu,"evaluate the ghee based on colour, taste, and smell"
News,Ghee,SensoryTest,producesindicator,taste,1,1,0.9,https://www.newindianexpress.com/states/andhra-pradesh/2024/Sep/23/ttd-to-conduct-santhi-homam-amid-concerns-over-ghee-quality-for-srivari-laddu,"evaluate the ghee based on colour, taste, and smell"
News,Ghee,vegetable oils,detectedby,β-Sitosterol test,1,1,0.9,https://www.newindianexpress.com/thesundaystandard/2026/May/03/admin-failures-procedural-violations-led-to-ttd-ghee-adulteration-says-one-man-panel,presence of β-Sitosterol
News,Ghee,Ghee adulteration finding,identifies,soybean oil,1,1,0.85,https://www.hindustantimes.com/india-news/andhra-to-form-panel-to-identify-real-culprits-of-tirumala-ghee-adulteration-101770148393113.html,findings from the NDDB–CALF laboratory revealed possible presence of multiple suspected adulterants
News,Ghee,animal fat,detectedby,smell,1,1,0.85,https://indianexpress.com/article/india/caught-in-tirupati-laddu-row-firm-that-supplied-ghee-our-samples-first-tested-at-national-labs-9581216/,both would be highly detectable through smell and taste
News,Ghee,fish oil,detectedby,smell,1,1,0.85,https://indianexpress.com/article/india/caught-in-tirupati-laddu-row-firm-that-supplied-ghee-our-samples-first-tested-at-national-labs-9581216/,"The smell of fish oil, in particular, is impossible to disguise"
News,Ghee,fish oil,detectedby,taste,1,1,0.85,https://indianexpress.com/article/india/caught-in-tirupati-laddu-row-firm-that-supplied-ghee-our-samples-first-tested-at-national-labs-9581216/,both would be highly detectable through smell and taste
News,Ghee,analysis of ghee sample,isperformedon,ghee sample from Bansidhar Dairy Farm,1,1,0.9,https://timesofindia.indiatimes.com/city/vadodara/129kg-of-spurious-ghee-seized-in-vadodara/articleshow/112436304.cms,Samples were taken and sent to the public health laboratory
News,Ghee,analysis of ghee sample,isperformedat,public health laboratory of the civic body,1,1,0.9,https://timesofindia.indiatimes.com/city/vadodara/129kg-of-spurious-ghee-seized-in-vadodara/articleshow/112436304.cms,sent to the public health laboratory of the civic body
News,Ghee,SensoryTest for texture and smell,producesindicator,"soft, slightly grainy texture with a natural milk aroma",1,1,0.9,https://timesofindia.indiatimes.com/life-style/food-news/200-kg-of-unhygienic-and-adulterated-peda-destroyed-how-to-make-preservative-free-peda-at-home-for-bhog/articleshow/131264886.cms,"If it is pure, it will have a soft, slightly grainy texture with a natural milk aroma."
News,Ghee,SensoryTest for texture and smell,producesindicator,"artificial, overly sweet, or chemical-like smell",1,1,0.9,https://timesofindia.indiatimes.com/life-style/food-news/200-kg-of-unhygienic-and-adulterated-peda-destroyed-how-to-make-preservative-free-peda-at-home-for-bhog/articleshow/131264886.cms,"if it smells too artificial, overly sweet, or chemical-like"
News,Ghee,Check the Texture and Smell,producesindicator,"artificial, overly sweet, or chemical-like smell",1,1,0.85,https://timesofindia.indiatimes.com/life-style/food-news/200-kg-of-unhygienic-and-adulterated-peda-destroyed-how-to-make-preservative-free-peda-at-home-for-bhog/articleshow/131264886.cms,"If it smells too artificial, overly sweet, or chemical-like"
News,Ghee,Test in Warm Water,producesindicator,dissolve slowly and evenly,1,1,0.9,https://timesofindia.indiatimes.com/life-style/food-news/200-kg-of-unhygienic-and-adulterated-peda-destroyed-how-to-make-preservative-free-peda-at-home-for-bhog/articleshow/131264886.cms,it will dissolve slowly and evenly
News,Ghee,analysis of food samples,isperformedat,State Food Testing Laboratory,1,1,0.9,https://www.freepressjournal.in/indore/food-safety-department-suspends-restaurant-licence-over-unhygienic-conditions-in-neemuch-2,sent them to the State Food Testing Laboratory for analysis
News,Ghee,TTD ghee adulteration finding,identifies,animal fat,1,1,0.9,https://economictimes.indiatimes.com/news/india/ttd-files-plaint-against-ar-dairy-for-supplying-adulterated-ghee-to-tirupati-temple/articleshow/113670742.cms,adulterated ghee containing animal fat
News,Ghee,TTD ghee adulteration finding,identifies,lard,1,1,0.9,https://economictimes.indiatimes.com/news/india/ttd-files-plaint-against-ar-dairy-for-supplying-adulterated-ghee-to-tirupati-temple/articleshow/113670742.cms,adulterated ghee containing animal fat and lard
News,Ghee,laboratory test,isperformedat,National Dairy Development Board,1,1,0.9,https://www.thehansindia.com/andhra-pradesh/telangana-vijaya-dairy-alleges-adulteration-in-ap-vijaya-ghee-1055114,laboratory test conducted by the National Dairy Development Board
News,Ghee,laboratory test,producesindicator,vegetable deposits,1,1,0.9,https://www.thehansindia.com/andhra-pradesh/telangana-vijaya-dairy-alleges-adulteration-in-ap-vijaya-ghee-1055114,test report clearly indicated the presence of vegetable deposits
News,Ghee,laboratory check,isperformedon,seized products,1,1,0.85,https://www.thehindu.com/news/national/karnataka/mymul-to-set-up-vigilance-squad-to-tackle-fake-products/article37978551.ece,seize products at random and have them checked at the laboratory
News,Ghee,testing of seized material,isperformedat,laboratories,1,1,0.85,https://www.thehindu.com/news/national/karnataka/mymul-to-set-up-vigilance-squad-to-tackle-fake-products/article37978551.ece,samples of the seized material will be sent to the laboratories for testing
News,Ghee,SensoryTest,producesindicator,unpleasant odour,1,1,0.9,https://timesofindia.indiatimes.com/city/bhubaneswar/controversy-erupts-over-ghee-quality-in-odisha-temples/articleshow/113951865.cms,cooks noticed an unpleasant odour
News,Ghee,SensoryTest,producesindicator,sour taste,1,1,0.9,https://timesofindia.indiatimes.com/city/bhubaneswar/controversy-erupts-over-ghee-quality-in-odisha-temples/articleshow/113951865.cms,cooks noticed an unpleasant odour and sour taste
News,Ghee,SensoryTest,producesindicator,bad smell,1,1,0.85,https://timesofindia.indiatimes.com/city/bhubaneswar/controversy-erupts-over-ghee-quality-in-odisha-temples/articleshow/113951865.cms,cooks noticed an unpleasant odour
News,Ghee,ghee testing,isperformedat,NDDB,1,1,0.85,https://www.thehindubusinessline.com/opinion/laddus-and-economics-of-ghee/article68691477.ece,The ghee undergoes testing in NDDB and NABL-accredited labs for additional verification.
News,Ghee,ghee testing,isperformedat,NABL-accredited labs,1,1,0.85,https://www.thehindubusinessline.com/opinion/laddus-and-economics-of-ghee/article68691477.ece,The ghee undergoes testing in NDDB and NABL-accredited labs for additional verification.
News,Ghee,animal fat,detectedby,NDDB tests,1,1,0.85,https://www.siasat.com/ttd-chief-rejects-ysrcps-clean-chit-claim-in-laddu-ghee-scam-3334108/,Tests conducted by the National Dairy Development Board (NDDB) confirmed the presence of animal fat in the ghee supplied during the YSRCP tenure
News,Ghee,palmolein oil,detectedby,micro-DNA testing,1,1,0.85,https://www.siasat.com/ttd-chief-rejects-ysrcps-clean-chit-claim-in-laddu-ghee-scam-3334108/,micro-DNA testing is essential to establish the complete truth in the laddu ghee adulteration case
News,Ghee,analysis of ghee samples,isperformedat,NDDB-CALF,1,1,0.85,https://timesofindia.indiatimes.com/city/hyderabad/made-from-synthetic-material-cbi-chargesheet-rules-out-mixing-of-animal-fats-in-tirupati-laddu-ghee/articleshow/127813662.cms,lab report from the National Dairy Development Boardâs Centre for Analysis & Learning in Livestock & Food (NDDB-CALF)
News,Ghee,ghee sample analysis,isperformedat,NDDB CALF Lab,1,1,0.9,https://www.dnaindia.com/india/report-tirupati-laddu-row-fssai-issues-show-cause-notice-to-ghee-supplier-a-r-dairy-food-private-ltd-3109244,sent all the samples supplied to TTD for testing to NDDB CALF Lab at Anand
News,Ghee,starch,detectedby,hot water + iodine test,1,1,0.95,https://www.freepressjournal.in/bhopal/beware-before-buying-raksha-bandhan-sweets-over-400-places-making-adulterated-mawa-in-madhya-pradesh-check-how-to-test-real-vs-fake,"Hot water + iodine test: If the mawa turns blue, it has starch"
News,Ghee,hot water + iodine test,producesindicator,turns blue,1,1,0.95,https://www.freepressjournal.in/bhopal/beware-before-buying-raksha-bandhan-sweets-over-400-places-making-adulterated-mawa-in-madhya-pradesh-check-how-to-test-real-vs-fake,"If the mawa turns blue, it has starch"
News,Ghee,government laboratory analysis,isperformedon,food items,1,1,0.85,https://www.hindustantimes.com/cities/pune-news/fda-seizes-adulterated-food-items-worth-24-lakh-during-diwali-drive-101731090366158.html,all food items are sent to the government laboratory for analysis
News,Ghee,cream,outputof,illegal dairy unit manufacturing,1,1,0.85,https://economictimes.indiatimes.com/news/new-updates/whats-on-your-plate-hyderabad-over-3800-kg-of-fake-paneer-927-kg-khoa-249-kg-cream-seized-just-days-after-3000-kg-ghee-scam/articleshow/129674525.cms,unit was manufacturing fake dairy products
News,Ghee,rubbing on the hand,producesindicator,tactile sensation,1,1,0.75,https://scroll.in/magazine/1073814/why-indians-have-always-been-suspicious-that-their-ghee-is-adulterated?utm_source=rss&utm_medium=public,"Cooks have a few superficial tests, like rubbing on the hand"
News,Ghee,analysis,isperformedat,State Food Laboratory,1,1,0.85,https://www.tribuneindia.com/news/punjab/6-500-kg-of-spurious-sweets-milk-items-seized-in-10-days-560816,report of analysis received from the State Food Laboratory
News,Milk,FieldTest,requireskit,portable quality kits,1,1,0.85,https://thelogicalindian.com/beyond-contamination-what-andhras-adulterated-milk-tragedy-reveals-about-food-safety-oversight/,Officials used portable quality kits
News,Milk,laboratory tests,isperformedas,Analysis,1,1,0.85,https://thelogicalindian.com/beyond-contamination-what-andhras-adulterated-milk-tragedy-reveals-about-food-safety-oversight/,and laboratory tests to test hundreds of samples
News,Milk,FSL analysis,isperformedon,adulterated milk,1,1,0.9,https://www.thenewsminute.com/andhra-pradesh/death-toll-due-to-adulterated-milk-in-andhra-pradesh-rises-to-12,adulterated milk and curd supplied to the victims... were sent to the Forensic Science Laboratory (FSL)
News,Milk,FSL analysis,isperformedat,Forensic Science Laboratory,1,1,0.95,https://www.thenewsminute.com/andhra-pradesh/death-toll-due-to-adulterated-milk-in-andhra-pradesh-rises-to-12,sent to the Forensic Science Laboratory (FSL)
News,Milk,milk sample analysis,isperformedat,Hyderabad,1,1,0.85,https://www.thehansindia.com/andhra-pradesh/ap-crackdown-after-milk-contamination-claims-5-lives-1052137,sent 150 samples from various centres to recognised laboratories in Hyderabad
News,Milk,detailed analysis,isperformedat,"recognised laboratories in Hyderabad, Chennai, and Kakinada",1,1,0.85,https://www.thehansindia.com/andhra-pradesh/ap-crackdown-after-milk-contamination-claims-5-lives-1052137,"sent 150 samples from various centres to recognised laboratories in Hyderabad, Chennai, and Kakinada for detailed analysis"
News,Milk,detailed analysis,isperformedat,Kakinada,1,1,0.85,https://www.thehansindia.com/andhra-pradesh/ap-crackdown-after-milk-contamination-claims-5-lives-1052137,"sent 150 samples from various centres to recognised laboratories in Hyderabad, Chennai, and Kakinada for detailed analysis"
News,Milk,urea,detectedby,magic kits,1,1,0.85,https://www.thehansindia.com/andhra-pradesh/ap-crackdown-after-milk-contamination-claims-5-lives-1052137,"detect adulterants such as urea, starch and vegetable oil"
News,Milk,starch,detectedby,magic kits,1,1,0.85,https://www.thehansindia.com/andhra-pradesh/ap-crackdown-after-milk-contamination-claims-5-lives-1052137,"detect adulterants such as urea, starch and vegetable oil"
News,Milk,magic kits,requireskit,lactometers,1,1,0.85,https://www.thehansindia.com/andhra-pradesh/ap-crackdown-after-milk-contamination-claims-5-lives-1052137,through devices including lactometers
News,Milk,milk,inputto,milk powder manufacturing,1,1,0.9,https://www.thehindu.com/news/cities/Tiruchirapalli/aavins-milk-powder-plant-at-padalur-likely-to-be-ready-by-december/article69831276.ece,Surplus milk would be converted into milk powder
News,Milk,milk powder,outputof,milk powder manufacturing,1,1,0.9,https://www.thehindu.com/news/cities/Tiruchirapalli/aavins-milk-powder-plant-at-padalur-likely-to-be-ready-by-december/article69831276.ece,Surplus milk would be converted into milk powder
News,Milk,sorbitol,detectedby,rapid test for sorbitol,1,1,0.95,https://timesofindia.indiatimes.com/city/chandigarh/ndri-develops-test-for-milk-adulteration/articleshow/100811311.cms,developed a rapid test for the detection of presence of sorbitol
News,Milk,rapid test for sorbitol,producesindicator,colour change,1,1,0.95,https://timesofindia.indiatimes.com/city/chandigarh/ndri-develops-test-for-milk-adulteration/articleshow/100811311.cms,observing the colour change on mixing of milk sample
News,Milk,milk analysers,producesindicator,fat or Solid Not Fat (SNF) levels,1,1,0.9,https://timesofindia.indiatimes.com/city/chennai/amul-will-not-be-able-to-cut-into-our-market-in-tn/articleshow/102490245.cms,use milk analysers at societies to find out the fat or Solid Not Fat (SNF) levels
News,Milk,adulteration in milk,detectedby,milk analysers,1,1,0.9,https://timesofindia.indiatimes.com/city/chennai/amul-will-not-be-able-to-cut-into-our-market-in-tn/articleshow/102490245.cms,use milk analysers at societies to find out ... adulteration in milk
News,Milk,analysis of milk samples,isperformedat,lab in Visakhapatnam,1,1,0.85,https://www.deccanchronicle.com/southern-states/andhra-pradesh/4-die-after-consuming-adulterated-milk-in-rajahmundry-1939217,samples were sent to the lab in Visakhapatnam for analysis
News,Milk,blood tests,isperformedon,blood samples,1,1,0.9,https://www.thehansindia.com/andhra-pradesh/milk-contamination-leaves-four-dead-12-in-hospital-with-anuria-1051240,blood tests are being conducted
News,Milk,SensoryTest,producesindicator,bitter taste,1,1,0.85,https://www.thehansindia.com/andhra-pradesh/milk-contamination-leaves-four-dead-12-in-hospital-with-anuria-1051240,milk and curd tasted unusually bitter
News,Milk,milk adulteration case in East Godavari district,identifies,ethylene glycol,1,1,0.9,https://www.thehindu.com/news/national/andhra-pradesh/death-toll-in-andhra-milk-adulteration-case/article70772116.ece,milk contaminated with the toxic substance ethylene glycol
News,Milk,blood sample testing,isperformedon,blood samples,1,1,0.85,https://www.thehindu.com/news/national/andhra-pradesh/death-toll-in-andhra-milk-adulteration-case/article70772116.ece,blood samples collected and tested
News,Milk,toxicological analysis,isperformedon,water,1,1,0.9,https://www.thehindu.com/news/national/andhra-pradesh/death-toll-in-andhra-milk-adulteration-case/article70772116.ece,"collected additional samples of milk, cattle feed and water for toxicological analysis"
News,Milk,toxicological analysis,isperformedas,toxicological analysis,1,1,0.85,https://www.thehindu.com/news/national/andhra-pradesh/death-toll-in-andhra-milk-adulteration-case/article70772116.ece,toxicological analysis to determine any external contamination factors
News,Milk,laboratory analysis,isperformedon,milk samples,1,1,0.85,https://www.hindustantimes.com/cities/others/andhra-milk-adulteration-govt-announces-rs-10-lakh-ex-gratia-for-deceased-101771840048537.html,Food Safety officials sent milk and curd samples to laboratories
News,Milk,laboratory analysis,isperformedon,curd samples,1,1,0.85,https://www.hindustantimes.com/cities/others/andhra-milk-adulteration-govt-announces-rs-10-lakh-ex-gratia-for-deceased-101771840048537.html,Food Safety officials sent milk and curd samples to laboratories
News,Milk,testing,isperformedon,Samples collected during the raids,1,1,0.85,https://www.thehansindia.com/telangana/cops-crack-down-on-paneer-adulteration-1087770,Samples collected during the raids have been sent for testing
News,Milk,stool examination,producesindicator,"parasite eggs, larvae, or cysts",1,1,0.95,https://timesofindia.indiatimes.com/life-style/health-fitness/health-news/doctor-reveals-5-warning-signs-you-may-have-parasites-in-your-body/articleshow/125675180.cms,"stool examination, where a lab looks for parasite eggs, larvae, or cysts"
News,Milk,Milk Quality Study,identifies,adulteration,1,1,0.9,https://thelogicalindian.com/festive-sweets-and-hidden-risks-why-adulterated-food-returns-every-holi-diwali-in-indian-markets/,over 70 percent of samples tested contained some form of adulteration
News,Milk,rapid checks,requireskit,mobile food testing units,1,1,0.85,https://thelogicalindian.com/festive-sweets-and-hidden-risks-why-adulterated-food-returns-every-holi-diwali-in-indian-markets/,mobile food testing units that can conduct rapid checks
News,Milk,common adulterants,detectedby,simple testing methods,1,1,0.85,https://thelogicalindian.com/festive-sweets-and-hidden-risks-why-adulterated-food-returns-every-holi-diwali-in-indian-markets/,simple testing methods for common adulterants
News,Milk,analysis at Forensic Science Laboratory,isperformedon,milk sample from Addala Ganeswararao,1,1,0.9,https://www.thehindubusinessline.com/news/national/andhra-pradesh-milk-contamination-tragedy-14-dead-after-consuming-toxic-milk/article70738522.ece,collected samples were sent to the Forensic Science Laboratory
News,Milk,laboratory testing,isperformedon,142 food samples,1,1,0.9,https://timesofindia.indiatimes.com/city/chandigarh/142-sweet-samples-seized-in-mohali/articleshow/124537581.cms,samples were sent for laboratory testing
News,Milk,"microbial, physio-chemical and toxic adulterant analysis",isperformedon,milk sample from Varalakshmi Milk Dairy,1,1,0.9,https://www.deccanchronicle.com/southern-states/andhra-pradesh/ap-milk-contamination-death-toll-rises-to-13-1943271,"collected samples of milk... sent to laboratories... for microbial, physio-chemical and toxic adulterant analysis"
News,Milk,detailed toxicological examination,isperformedon,blood sample of affected persons,1,1,0.9,https://www.deccanchronicle.com/southern-states/andhra-pradesh/ap-milk-contamination-death-toll-rises-to-13-1943271,Blood and urine samples of affected persons have also been forwarded for detailed toxicological examination
News,Milk,analysis at Veterinary Biological Research Institute,isperformedon,milk sample,1,1,0.9,https://www.deccanchronicle.com/southern-states/andhra-pradesh/ap-milk-contamination-death-toll-rises-to-13-1943271,sent them to the Veterinary Biological Research Institute in Vijayawada for analysis
News,Milk,analysis at Veterinary Biological Research Institute,isperformedon,cattle feed sample,1,1,0.85,https://www.deccanchronicle.com/southern-states/andhra-pradesh/ap-milk-contamination-death-toll-rises-to-13-1943271,sent them to the Veterinary Biological Research Institute in Vijayawada for analysis
News,Milk,analysis at Veterinary Biological Research Institute,isperformedon,water sample,1,1,0.85,https://www.deccanchronicle.com/southern-states/andhra-pradesh/ap-milk-contamination-death-toll-rises-to-13-1943271,sent them to the Veterinary Biological Research Institute in Vijayawada for analysis
News,Milk,analysis at Regional Forensic Laboratory,isperformedon,post-mortem sample,1,1,0.85,https://www.deccanchronicle.com/southern-states/andhra-pradesh/ap-milk-contamination-death-toll-rises-to-13-1943271,post-mortem samples were sent to the Regional Forensic Laboratory
News,Milk,honey adulteration finding,identifies,artificial sugar syrups,1,1,0.9,https://timesofindia.indiatimes.com/city/nagpur/experts-sound-note-of-caution-as-fda-finds-52-of-86-honey-samples-adulterated/articleshow/85336798.cms,"test, which revealed artificial sugar syrups"
News,Milk,Laboratory testing for milk quality,isperformedon,milk samples,1,1,0.85,https://www.thehansindia.com/andhra-pradesh/milk-safety-under-scanner-in-tirupati-after-mps-warning-1051944,milk samples should be collected and tested in laboratories
News,Milk,starch powder,detectedby,iodine and soybean powder methods,1,1,0.9,https://www.thehansindia.com/andhra-pradesh/milk-safety-under-scanner-in-tirupati-after-mps-warning-1051944,preliminary tests using iodine and soybean powder methods
News,Milk,detailed analysis,isperformedat,State Food Safety and Anti-Adulteration Laboratory,1,1,0.9,https://www.thehansindia.com/andhra-pradesh/milk-safety-under-scanner-in-tirupati-after-mps-warning-1051944,sent to the State Food Safety and Anti-Adulteration Laboratory for detailed analysis
News,Milk,detailed tests,isperformedat,regional analytical labs,1,1,0.85,https://www.thehindu.com/news/cities/kozhikode/ahead-of-onam-food-safety-dept-to-step-up-surveillance-in-kozhikode/article65800775.ece,sent to regional analytical labs for detailed tests
News,Milk,detailed tests,isperformedon,samples,1,1,0.85,https://www.thehindu.com/news/cities/kozhikode/ahead-of-onam-food-safety-dept-to-step-up-surveillance-in-kozhikode/article65800775.ece,samples would be collected if food adulteration was suspected and sent to regional analytical labs for detailed tests
News,Milk,calcium carbide,detectedby,LaboratoryTest,1,1,0.9,https://assamtribune.com/guwahati/assam-food-safety-raids-uncover-illegal-fruit-ripening-unsafe-food-products-1612781,Formal samples were collected for laboratory analysis
News,Milk,"analysis of 5,166 food samples",isperformedat,State Public Health Laboratory,1,1,0.9,https://assamtribune.com/guwahati/assam-food-safety-raids-uncover-illegal-fruit-ripening-unsafe-food-products-1612781,"State Public Health Laboratory here tested some 5,166 food samples"
News,Milk,pesticide residue,detectedby,laboratory test,1,1,0.9,https://assamtribune.com/guwahati/assam-food-safety-raids-uncover-illegal-fruit-ripening-unsafe-food-products-1612781,harmful pesticide residue were detected in 19 out of 83 fresh vegetables tested at the laboratory
News,Milk,milk analysis,isperformedat,various laboratories,1,1,0.9,https://www.hindustantimes.com/india-news/four-die-in-andhra-pradesh-rajamahendravaram-after-consuming-adulterated-milk-101771830100532.html,dispatched them to various laboratories for testing
News,Milk,breast milk,inputto,pasteurization,1,1,0.85,https://timesofindia.indiatimes.com/city/kochi/two-donate-milk-to-gh-breast-milk-bank/articleshow/103725786.cms,collected milk will be kept in the bank following pasteurization procedures
News,Milk,bacteria,detectedby,bacteria culture test,1,1,0.85,https://timesofindia.indiatimes.com/city/kochi/two-donate-milk-to-gh-breast-milk-bank/articleshow/103725786.cms,negative result of the presence of any bacteria in the milk cultured
News,Milk,urea,detectedby,water test for urea/detergent,1,1,0.9,https://www.deccanchronicle.com/southern-states/andhra-pradesh/food-safety-officials-launch-awareness-drive-on-milk-adulteration-1942879,identify adulteration with urea or detergent by taking 10 ml of milk
News,Milk,detergent,detectedby,water test,1,1,0.9,https://www.deccanchronicle.com/southern-states/andhra-pradesh/food-safety-officials-launch-awareness-drive-on-milk-adulteration-1942879,identify adulteration with urea or detergent by taking 10 ml of milk
News,Milk,maize flour,detectedby,iodine test,1,1,0.9,https://www.deccanchronicle.com/southern-states/andhra-pradesh/food-safety-officials-launch-awareness-drive-on-milk-adulteration-1942879,add two or three drops of iodine to a sample of milk
News,Milk,starchy substances,detectedby,iodine test,1,1,0.9,https://www.deccanchronicle.com/southern-states/andhra-pradesh/food-safety-officials-launch-awareness-drive-on-milk-adulteration-1942879,add two or three drops of iodine to a sample of milk
News,Milk,water test for urea/detergent,producesindicator,froth formation,1,1,0.95,https://www.deccanchronicle.com/southern-states/andhra-pradesh/food-safety-officials-launch-awareness-drive-on-milk-adulteration-1942879,"If froth forms on the surface, the milk is likely to be adulterated"
News,Milk,potato,detectedby,iodine solution test,1,1,0.9,https://www.deccanchronicle.com/southern-states/andhra-pradesh/food-safety-officials-launch-awareness-drive-on-milk-adulteration-1942879,adulteration in ghee with potato ... detected by ... adding two or three drops of iodine solution
News,Milk,sweet potato,detectedby,iodine solution test,1,1,0.9,https://www.deccanchronicle.com/southern-states/andhra-pradesh/food-safety-officials-launch-awareness-drive-on-milk-adulteration-1942879,adulteration in ghee with potato or sweet potato can be detected by ... adding two or three drops of iodine solution
News,Milk,iodine solution test,producesindicator,colour changes to blue,1,1,0.9,https://www.deccanchronicle.com/southern-states/andhra-pradesh/food-safety-officials-launch-awareness-drive-on-milk-adulteration-1942879,"If the colour changes to blue, the ghee is considered adulterated"
News,Milk,testing of festival food samples,isperformedat,"state food testing laboratory in Namkum, Ranchi",1,1,0.85,https://timesofindia.indiatimes.com/city/ranchi/river-banks-cleaned-food-safety-checks-intensified-ahead-of-makar-sankranti/articleshow/117213314.cms,"samples would be tested at the state food testing laboratory in Namkum, Ranchi"
News,Milk,lab examination,isperformedat,CALF lab,1,1,0.95,https://www.hindustantimes.com/india-news/centre-steps-in-as-row-over-tirupati-laddus-explodes-101726860004856.html,lab examination of the laddus at a lab at the National Dairy Development Board's CALF lab
News,Milk,ghee sample analysis,isperformedat,lab in Anand,1,1,0.9,https://www.hindustantimes.com/india-news/centre-steps-in-as-row-over-tirupati-laddus-explodes-101726860004856.html,The samples tested at the lab in Anand came from AR Dairy
News,Milk,vegetable oil,detectedby,Anand lab analysis,1,1,0.85,https://www.hindustantimes.com/india-news/centre-steps-in-as-row-over-tirupati-laddus-explodes-101726860004856.html,analysis of the sample by the Anand lab suggested the presence of foreign fats
News,Milk,starch,detectedby,iodine tincture test,1,1,0.9,https://www.freepressjournal.in/india/fake-paneer-racket-busted-toxic-chemicals-like-urea-detergent-used-in-up,fake paneer turns blue or black due to the presence of starch
News,Milk,iodine tincture test,producesindicator,turns blue or black,1,1,0.9,https://www.freepressjournal.in/india/fake-paneer-racket-busted-toxic-chemicals-like-urea-detergent-used-in-up,fake paneer turns blue or black due to the presence of starch
News,Milk,hot water test,producesindicator,melting or disintegrating,1,1,0.9,https://www.freepressjournal.in/india/fake-paneer-racket-busted-toxic-chemicals-like-urea-detergent-used-in-up,"it may start melting or disintegrating, leaving behind an oily residue"
News,Milk,sensory texture test,producesindicator,feels sticky and bounces back,1,1,0.9,https://www.freepressjournal.in/india/fake-paneer-racket-busted-toxic-chemicals-like-urea-detergent-used-in-up,fake paneer feels sticky and bounces back like plastic when pressed
News,Milk,ghee,inputto,laddu making,1,1,0.85,https://www.theweek.in/theweek/statescan/2024/10/05/political-stunts-in-the-wake-of-the-tirumala-adulteration-case-are-unlikely-to-yield-electoral-gains-tirupati-laddu-controversy.html,used to make laddus
News,Milk,plant oil,detectedby,LaboratoryTest,1,1,0.85,https://www.theweek.in/theweek/statescan/2024/10/05/political-stunts-in-the-wake-of-the-tirumala-adulteration-case-are-unlikely-to-yield-electoral-gains-tirupati-laddu-controversy.html,The test report said it could have been adulterated with plant oil
News,Milk,ghee analysis,isperformedat,NDDB CALF,1,1,0.9,https://www.theweek.in/theweek/statescan/2024/10/05/political-stunts-in-the-wake-of-the-tirumala-adulteration-case-are-unlikely-to-yield-electoral-gains-tirupati-laddu-controversy.html,Samples were sent to the National Dairy Development Board's Centre for Analytical Research for Livestock and Food (NDDB CALF)
News,Milk,ghee analysis,isperformedat,NDDB-CALF,1,1,0.9,https://www.newsx.com/india/artificial-ghee-supplied-tirumala-tirupati-devasthanams-laddu-ghee-found-adulterated-with-palm-oil-sit-chargesheet-names-36-accused-exposes-hawala-link-tirupati-laddu-scam-155783/,Laboratory analysis conducted by the National Dairy Development Board (NDDB)
News,Milk,ghee analysis,isperformedon,ghee sample,1,1,0.9,https://www.newsx.com/india/artificial-ghee-supplied-tirumala-tirupati-devasthanams-laddu-ghee-found-adulterated-with-palm-oil-sit-chargesheet-names-36-accused-exposes-hawala-link-tirupati-laddu-scam-155783/,milk fat content in all four ghee samples was almost absent
News,Milk,Andhra Pradesh milk adulteration incident,identifies,ethylene glycol,1,1,0.95,https://www.deccanherald.com/india/andhra-pradesh/andhra-pradesh-milk-adulteration-death-toll-rises-to-16-3940440,milk contaminated with the toxic substance ethylene glycol
News,Milk,skin color inspection,producesindicator,uniform yellow or orange color,1,1,0.85,https://timesofindia.indiatimes.com/life-style/food-news/3800-kg-mango-pulp-worth-rs-2-23000-adulterated-with-unsafe-colours-destroyed-how-to-identify-fake-mangoes-at-home/articleshow/130280780.cms,Artificially ripened mangoes tend to have a uniform color and may appear more yellow or orange
News,Milk,mango,detectedby,smell test,1,1,0.85,https://timesofindia.indiatimes.com/life-style/food-news/3800-kg-mango-pulp-worth-rs-2-23000-adulterated-with-unsafe-colours-destroyed-how-to-identify-fake-mangoes-at-home/articleshow/130280780.cms,Smell the mango: Another way to check the purity is to smell it.
News,Milk,smell test,producesindicator,chemical or different odour,1,1,0.85,https://timesofindia.indiatimes.com/life-style/food-news/3800-kg-mango-pulp-worth-rs-2-23000-adulterated-with-unsafe-colours-destroyed-how-to-identify-fake-mangoes-at-home/articleshow/130280780.cms,artificially ripened mangoes may have a chemical or different odour
News,Milk,firmness check,producesindicator,softer or mushier texture,1,1,0.85,https://timesofindia.indiatimes.com/life-style/food-news/3800-kg-mango-pulp-worth-rs-2-23000-adulterated-with-unsafe-colours-destroyed-how-to-identify-fake-mangoes-at-home/articleshow/130280780.cms,Artificially ripened mangoes may feel softer or mushier than naturally ripened mangoes
News,Milk,taste test,producesindicator,bland or strange taste,1,1,0.85,https://timesofindia.indiatimes.com/life-style/food-news/3800-kg-mango-pulp-worth-rs-2-23000-adulterated-with-unsafe-colours-destroyed-how-to-identify-fake-mangoes-at-home/articleshow/130280780.cms,Artificially ripened mangoes may have a bland or strange taste
News,Milk,soaking method,producesindicator,mangoes float,1,1,0.85,https://timesofindia.indiatimes.com/life-style/food-news/3800-kg-mango-pulp-worth-rs-2-23000-adulterated-with-unsafe-colours-destroyed-how-to-identify-fake-mangoes-at-home/articleshow/130280780.cms,"If they float, they are harvested artificially."
News,Milk,baking soda soak test,producesindicator,color change on washing,1,1,0.85,https://timesofindia.indiatimes.com/life-style/food-news/3800-kg-mango-pulp-worth-rs-2-23000-adulterated-with-unsafe-colours-destroyed-how-to-identify-fake-mangoes-at-home/articleshow/130280780.cms,"if the color of the mango changes when you wash it, there is a chance it is chemically treated"
News,Milk,match stick test,producesindicator,catch fire or leave sparkle traces,1,1,0.9,https://timesofindia.indiatimes.com/life-style/food-news/3800-kg-mango-pulp-worth-rs-2-23000-adulterated-with-unsafe-colours-destroyed-how-to-identify-fake-mangoes-at-home/articleshow/130280780.cms,"If it is chemically treated, it may catch fire or leave sparkle traces on the food's surface"
News,Milk,match stick test,detectedby,chemical treatment,1,1,0.85,https://timesofindia.indiatimes.com/life-style/food-news/3800-kg-mango-pulp-worth-rs-2-23000-adulterated-with-unsafe-colours-destroyed-how-to-identify-fake-mangoes-at-home/articleshow/130280780.cms,"If it is chemically treated, it may catch fire"
News,Milk,Rajahmundry milk adulteration case,identifies,Ethylene Glycol,1,1,0.95,https://timesofindia.indiatimes.com/city/vijayawada/rajahmundry-milk-adulteration-toll-climbs-to-11/articleshow/129285749.cms,milk contaminated with Ethylene Glycol
News,Milk,TDP lab report finding,identifies,beef tallow,1,1,0.85,https://www.news18.com/politics/animal-fat-in-tirupati-laddu-prasadam-karnataka-milk-federation-clarifies-after-andhra-cms-allegations-9056355.html,"confirmed the presence of ""beef tallow"" in the given ghee sample"
News,Milk,TDP lab report finding,identifies,lard,1,1,0.85,https://www.news18.com/politics/animal-fat-in-tirupati-laddu-prasadam-karnataka-milk-federation-clarifies-after-andhra-cms-allegations-9056355.html,"claimed the presence of ""lard"" (relating to pig fat)"
News,Milk,CALF,isperformedat,NDDB,1,1,0.85,https://www.news18.com/politics/animal-fat-in-tirupati-laddu-prasadam-karnataka-milk-federation-clarifies-after-andhra-cms-allegations-9056355.html,CALF is a multidisciplinary analytical laboratory at the National Dairy Development Board (NDDB)
News,Milk,organoleptic testing,producesindicator,scent and taste,1,1,0.9,https://timesofindia.indiatimes.com/blogs/voices/tech-solutions-can-tackle-the-burden-of-adulterated-milk-in-india/,scent and taste of the milk are ascertained
News,Milk,organoleptic testing,producesindicator,presence of any foriegn material,1,1,0.85,https://timesofindia.indiatimes.com/blogs/voices/tech-solutions-can-tackle-the-burden-of-adulterated-milk-in-india/,"ascertained by a milk grader, to manually assess the presence of any foriegn material"
News,Milk,AI/ML models,producesindicator,assured results for purity of samples,1,1,0.75,https://timesofindia.indiatimes.com/blogs/voices/tech-solutions-can-tackle-the-burden-of-adulterated-milk-in-india/,AI/ML models and analytics provide assured results for purity of samples
News,Milk,urea,detectedby,colorimetric detection,1,1,0.9,https://www.thehindu.com/news/national/tamil-nadu/iit-madras-researchers-develop-device-to-test-milk-adulteration/article66667682.ece,"Using colorimetric detection techniques, all the adulterants are detected"
News,Milk,detergents,detectedby,colorimetric detection,1,1,0.9,https://www.thehindu.com/news/national/tamil-nadu/iit-madras-researchers-develop-device-to-test-milk-adulteration/article66667682.ece,"Using colorimetric detection techniques, all the adulterants are detected"
News,Milk,soap,detectedby,colorimetric detection,1,1,0.9,https://www.thehindu.com/news/national/tamil-nadu/iit-madras-researchers-develop-device-to-test-milk-adulteration/article66667682.ece,"Using colorimetric detection techniques, all the adulterants are detected"
News,Milk,SensoryTest,producesindicator,texture,1,1,0.8,https://thelogicalindian.com/hyderabad-crackdown-3892-kg-adulterated-paneer-seized-6-arrested-for-supplying-unsafe-dairy-products/,"checking texture, smell and how paneer behaves when cooked"
News,Milk,SensoryTest,producesindicator,cooking behavior,1,1,0.8,https://thelogicalindian.com/hyderabad-crackdown-3892-kg-adulterated-paneer-seized-6-arrested-for-supplying-unsafe-dairy-products/,how paneer behaves when cooked
News,Milk,analysis,isperformedon,skin and hair samples,1,1,0.9,https://www.dnaindia.com/viral/report-sudden-hair-loss-in-3-maharashtra-villages-sparks-panic-water-quality-suspected-3126133,Samples of skin and hair have been collected for analysis
News,Milk,testing of milk,isperformedon,milk sample,1,1,0.9,https://www.thehindu.com/news/national/kerala/15300-litres-of-adulterated-milk-seized-at-aryankavu-check-post/article66365890.ece,After testing the milk sample
News,Milk,sorbitol,detectedby,NDRI rapid test for sorbitol,1,1,0.95,https://timesofindia.indiatimes.com/city/gurgaon/ndri-develops-a-rapid-test-for-detection-of-sorbitol-adulteration-in-milk/articleshow/100653043.cms,developed a rapid test for the detection of presence of sorbitol in milk
News,Milk,NDRI rapid test for sorbitol,producesindicator,dark brown/purple colour change,1,1,0.9,https://timesofindia.indiatimes.com/city/gurgaon/ndri-develops-a-rapid-test-for-detection-of-sorbitol-adulteration-in-milk/articleshow/100653043.cms,positive samples turn dark brown/purple
News,Milk,NDRI rapid test for sorbitol,requireskit,NDRI sorbitol reagent kit,1,1,0.85,https://timesofindia.indiatimes.com/city/gurgaon/ndri-develops-a-rapid-test-for-detection-of-sorbitol-adulteration-in-milk/articleshow/100653043.cms,mixing of milk sample with a reagent developed for this purpose
News,Milk,skimmed milk powder,outputof,milk processing,1,1,0.85,https://www.thehindu.com/news/cities/chennai/aavin-to-augment-milk-processing-capacity/article65318071.ece,process the milk into skimmed milk powder
News,Milk,dairy whitener,outputof,milk processing,1,1,0.9,https://www.thehindu.com/news/cities/chennai/aavin-to-augment-milk-processing-capacity/article65318071.ece,"process the milk into skimmed milk powder, dairy whitener"
News,Milk,butter,outputof,milk processing,1,1,0.9,https://www.thehindu.com/news/cities/chennai/aavin-to-augment-milk-processing-capacity/article65318071.ece,"process the milk into skimmed milk powder, dairy whitener, butter"
News,Milk,Cofset Analysis,isperformedat,PGIMER,1,1,0.9,https://www.livemint.com/politics/policy/how-weak-drug-laws-are-costing-lives-11632761831130.html,Tests at the hospital had revealed that the cough syrup was tainted
News,Milk,Cofset Finding,identifies,diethylene glycol,1,1,0.95,https://www.livemint.com/politics/policy/how-weak-drug-laws-are-costing-lives-11632761831130.html,Tests at the hospital had revealed that the cough syrup was tainted with a deadly chemical called diethylene glycol
News,Milk,serratiopeptidase,detectedby,LaboratoryTest,1,1,0.85,https://www.livemint.com/politics/policy/how-weak-drug-laws-are-costing-lives-11632761831130.html,"drug inspector from Maharashtra's Thane district got another of the company's anti-inflammatory drugs, Serynim-D, tested"
News,Milk,diethylene glycol,detectedby,tests on other Coldbest bottles,1,1,0.88,https://www.livemint.com/politics/policy/how-weak-drug-laws-are-costing-lives-11632761831130.html,confirmed by tests on other Coldbest bottles from the same batch
News,Milk,testing of Cofset,isperformedat,Regional Drugs Testing Laboratory in Chandigarh,1,1,0.85,https://www.livemint.com/politics/policy/how-weak-drug-laws-are-costing-lives-11632761831130.html,sent a sample of Cofset for testing to the Regional Drugs Testing Laboratory in Chandigarh
News,Milk,detailed analysis,isperformedat,laboratories in Hyderabad,1,1,0.85,https://thelogicalindian.com/4-die-after-consuming-suspected-adulterated-milk-in-andhra-pradesh-dairy-owner-arrested-probe-underway/,"dispatched to laboratories in Hyderabad, Vijayawada and Visakhapatnam for detailed analysis"
News,Milk,testing,isperformedon,toddy samples,1,1,0.85,http://www.newindianexpress.com/states/telangana/2023/apr/14/political-mudslinging-begins-over-deaths-in-telangana-due-to-adulterated-toddy-2565739.html,samples from all the toddy compounds were collected and sent for testing
News,Milk,detailed analysis,isperformedat,"recognised laboratories in Hyderabad, Chennai and Kakinada",1,1,0.85,https://www.deccanchronicle.com/southern-states/andhra-pradesh/ap-govt-intensifies-crackdown-after-milk-contamination-claims-5-lives-1940073,"sent 150 samples from various centres to recognised laboratories in Hyderabad, Chennai and Kakinada for detailed analysis"
News,Milk,simple home tests,producesindicator,soap-like froth,1,1,0.85,https://thelogicalindian.com/fssai-orders-nationwide-crackdown-on-adulterated-milk-paneer-and-khoya-amid-festive-season-health-fears/,simple home tests for soap-like froth
News,Milk,simple home tests,producesindicator,sour smell,1,1,0.85,https://thelogicalindian.com/fssai-orders-nationwide-crackdown-on-adulterated-milk-paneer-and-khoya-amid-festive-season-health-fears/,simple home tests for soap-like froth or sour smell
News,Milk,on-the-spot food testing,requireskit,Food Safety on Wheel,1,1,0.85,https://www.thehindubusinessline.com/economy/fssai-asks-states-to-ramp-up-surveillance-testing-of-food-products/article66604452.ece,FSW vans are available across the country for on-the-spot food testing
News,Milk,Thallium,detectedby,MLC,1,1,0.95,https://www.newindianexpress.com/cities/delhi/2021/mar/25/delhi-based-builder-arrested-tries-to-kill-in-laws-with-slow-poison-thallium-2281421.html,"During the MLC at Sri Gangaram Hospital, it emerged that there was a presence of Thallium"
News,Milk,Thallium,detectedby,medical test,1,1,0.75,https://www.newindianexpress.com/cities/delhi/2021/mar/25/delhi-based-builder-arrested-tries-to-kill-in-laws-with-slow-poison-thallium-2281421.html,Divya who was first tested and later everyone also got tested for Thallium
News,Milk,toxicological analysis,isperformedat,IIT-Tirupati,1,1,0.9,https://www.thehindu.com/news/national/andhra-pradesh/in-andhra-city-a-morning-staples-turns-deadly/article70681039.ece,"Samples have been sent to multiple laboratories, including IIT-Tirupati"
News,Milk,toxicological analysis,isperformedat,VIMTA Labs in Hyderabad,1,1,0.9,https://www.thehindu.com/news/national/andhra-pradesh/in-andhra-city-a-morning-staples-turns-deadly/article70681039.ece,"Samples have been sent to multiple laboratories, including... VIMTA Labs in Hyderabad"
News,Milk,forensic analysis,isperformedon,viscera samples,1,1,0.9,https://www.hindustantimes.com/cities/gurugram-news/man-booked-for-allegedly-poisoning-five-month-old-son-in-gurugram-101736273907067.html,viscera samples have been preserved for forensic analysis
News,Milk,home purity tests,producesindicator,clarity after refrigeration,1,1,0.9,https://thelogicalindian.com/10000-kg-rotten-dates-and-adulterated-oil-seized-what-kanpurs-festival-crackdown-reveals/,tests focus on visible signs such as clarity after refrigeration
News,Milk,home purity tests,producesindicator,unexpected layering,1,1,0.9,https://thelogicalindian.com/10000-kg-rotten-dates-and-adulterated-oil-seized-what-kanpurs-festival-crackdown-reveals/,visible signs such as clarity after refrigeration or unexpected layering
News,Milk,analysis,isperformedon,blood samples,1,1,0.85,https://www.deccanherald.com/india/andhra-pradesh/andhra-pradesh-milk-adulteration-death-toll-reaches-14-several-hospitalised-in-east-godavari-3930401,"police collected blood samples from victims, as well as samples of milk and curd consumed by them. . Samples were also taken from a private milk centre operated by Addala Ganeswararao (37) in Narasapuram village, along with the freezer used for storage and other materials found at the premises. . The collected samples were sent to the Forensic Science Laboratory (FSL), Regional Forensic Science Laboratory (RFSL) and other laboratories for analysis."
News,Milk,analysis,isperformedon,milk samples,1,1,0.9,https://www.deccanherald.com/india/andhra-pradesh/andhra-pradesh-milk-adulteration-death-toll-reaches-14-several-hospitalised-in-east-godavari-3930401,samples of milk and curd consumed by them
News,Milk,analysis,isperformedat,Forensic Science Laboratory,1,1,0.95,https://www.deccanherald.com/india/andhra-pradesh/andhra-pradesh-milk-adulteration-death-toll-reaches-14-several-hospitalised-in-east-godavari-3930401,sent to the Forensic Science Laboratory (FSL)
News,Milk,analysis,isperformedat,Regional Forensic Science Laboratory,1,1,0.95,https://www.deccanherald.com/india/andhra-pradesh/andhra-pradesh-milk-adulteration-death-toll-reaches-14-several-hospitalised-in-east-godavari-3930401,"The collected samples were sent to the Forensic Science Laboratory (FSL), Regional Forensic Science Laboratory (RFSL) and other laboratories for analysis."
News,Milk,post-mortem analysis,isperformedat,Central University Laboratory,1,1,0.9,https://www.thehindu.com/news/cities/chennai/post-mortem-report-details-kidney-spleen-damage-in-crows/article70494817.ece,necropsies carried out at the Central University Laboratory
News,Milk,post-mortem analysis,isperformedat,Madhavaram Milk Colony,1,1,0.9,https://www.thehindu.com/news/cities/chennai/post-mortem-report-details-kidney-spleen-damage-in-crows/article70494817.ece,necropsies carried out at ... Madhavaram Milk Colony
News,Milk,toxicological and disease-screening analysis,isperformedat,"Southern Regional Diagnostic Laboratory, Institute of Animal Health and Veterinary Biologicals, Bengaluru",1,1,0.85,https://www.thehindu.com/news/cities/chennai/post-mortem-report-details-kidney-spleen-damage-in-crows/article70494817.ece,"samples would be sent to the Southern Regional Diagnostic Laboratory, Institute of Animal Health and Veterinary Biologicals, Bengaluru. Officials said further analysis and correlation with toxicological and disease-screening results would be necessary"
News,Milk,S-value analysis,isperformedat,NDDB CALF Anand,1,1,0.95,https://swarajyamag.com/news-brief/tirupati-laddu-controversy-anna-prasadam-also-under-scrutiny-as-ttds-expert-panel-flags-deficiency-in-quality,"S-value analysis carried out on the samples, sent to the reputable NDDB CALF Anand"
News,Milk,IncidentFinding: Lead Contamination in Bengaluru Vegetables,identifies,lead,1,1,0.9,https://www.news18.com/india/up-barabanki-6000-litres-of-fake-mustard-oil-seized-raises-food-safety-concerns-aa-ws-l-9927362.html,6 per cent of vegetable samples have lead contamination
News,Milk,water shake test for detergent,producesindicator,persistent lather or froth formation,1,1,0.9,https://timesofindia.indiatimes.com/life-style/food-news/15-die-after-drinking-milk-contaminated-with-ethylene-glycol-how-to-do-milk-purity-test-and-5-other-calcium-rich-foods-to-consume/photostory/129640071.cms,milk adulterated with detergent will have persistent lather or froth formation
News,Milk,detergent,detectedby,water shake test for detergent,1,1,0.9,https://timesofindia.indiatimes.com/life-style/food-news/15-die-after-drinking-milk-contaminated-with-ethylene-glycol-how-to-do-milk-purity-test-and-5-other-calcium-rich-foods-to-consume/photostory/129640071.cms,milk adulterated with detergent will have persistent lather
News,Milk,litmus test for urea,producesindicator,red litmus paper turns blue,1,1,0.95,https://timesofindia.indiatimes.com/life-style/food-news/15-die-after-drinking-milk-contaminated-with-ethylene-glycol-how-to-do-milk-purity-test-and-5-other-calcium-rich-foods-to-consume/photostory/129640071.cms,"if it turns blue, the milk is adulterated with urea"
News,Milk,litmus test for urea,requireskit,red litmus paper,1,1,0.9,https://timesofindia.indiatimes.com/life-style/food-news/15-die-after-drinking-milk-contaminated-with-ethylene-glycol-how-to-do-milk-purity-test-and-5-other-calcium-rich-foods-to-consume/photostory/129640071.cms,Dip a red litmus paper in it
News,Milk,sulphuric acid test for formalin,producesindicator,violet or blue rings,1,1,0.95,https://timesofindia.indiatimes.com/life-style/food-news/15-die-after-drinking-milk-contaminated-with-ethylene-glycol-how-to-do-milk-purity-test-and-5-other-calcium-rich-foods-to-consume/photostory/129640071.cms,"if violet or blue rings are formed, the milk is adulterated with formalin"
News,Milk,water shake test for detergents,producesindicator,persistent froth,1,1,0.95,https://timesofindia.indiatimes.com/life-style/food-news/15-die-after-drinking-milk-contaminated-with-ethylene-glycol-how-to-do-milk-purity-test-and-5-other-calcium-rich-foods-to-consume/photostory/129640071.cms,"if it forms a persistent froth, then it is adulterated with synthetic detergents"
News,Milk,milk,inputto,production of sweets and chocolates,1,1,0.85,https://www.hindustantimes.com/cities/delhi-news/delhi-hc-slams-officials-over-failure-to-ensure-dairies-follow-norms-101715189838942.html,This is the sort of milk that is being used in the production of sweets and chocolates
News,Milk,milk,inputto,sweets and chocolates production,1,1,0.85,https://www.hindustantimes.com/cities/delhi-news/delhi-hc-slams-officials-over-failure-to-ensure-dairies-follow-norms-101715189838942.html,milk that is being used in the production of sweets and chocolates
News,Milk,animal body fat,detectedby,gas liquid chromatography,1,1,0.9,https://www.thehindu.com/sci-tech/health/tirupati-laddu-row-on-the-economics-of-and-adulterants-in-ghee-explained/article68705077.ece,gas liquid chromatography can be used for this test
News,Milk,gas liquid chromatography,producesindicator,elution pattern of methyl esters,1,1,0.85,https://www.thehindu.com/sci-tech/health/tirupati-laddu-row-on-the-economics-of-and-adulterants-in-ghee-explained/article68705077.ece,The elution pattern of methyl esters can be compared
News,Milk,animal body fat,detectedby,microscopic examination of fat crystals,1,1,0.85,https://www.thehindu.com/sci-tech/health/tirupati-laddu-row-on-the-economics-of-and-adulterants-in-ghee-explained/article68705077.ece,It also lists the microscopic examination of fat crystals
News,Milk,microscopic examination of fat crystals,producesindicator,characteristic crystalline appearance,1,1,0.85,https://www.thehindu.com/sci-tech/health/tirupati-laddu-row-on-the-economics-of-and-adulterants-in-ghee-explained/article68705077.ece,exhibit a characteristic crystalline appearance when viewed under microscope
News,Milk,β-Sitosterol,detectedby,Reversed Phase - High Performance Liquid Chromatography,1,1,0.95,https://www.thehindu.com/sci-tech/health/tirupati-laddu-row-on-the-economics-of-and-adulterants-in-ghee-explained/article68705077.ece,RP-HPLC was to be used to detect if ghee had been adulterated
News,Milk,Reversed Phase - High Performance Liquid Chromatography,producesindicator,β-Sitosterol,1,1,0.95,https://www.thehindu.com/sci-tech/health/tirupati-laddu-row-on-the-economics-of-and-adulterants-in-ghee-explained/article68705077.ece,β-Sitosterol serves as an indicator for the adulteration in ghee
News,Milk,Reversed Phase - High Performance Liquid Chromatography,producesindicator,cholesterol,1,1,0.9,https://www.thehindu.com/sci-tech/health/tirupati-laddu-row-on-the-economics-of-and-adulterants-in-ghee-explained/article68705077.ece,detection of cholesterol and β-Sitosterol as markers
News,Milk,S-value,producesindicator,foreign fat,1,1,0.85,https://www.thehindu.com/sci-tech/health/tirupati-laddu-row-on-the-economics-of-and-adulterants-in-ghee-explained/article68705077.ece,"if any S-value of the sample given falls outside of these limits, then the sample is deemed to contain a 'foreign fat'"
News,Milk,iodine test,producesindicator,starch,1,1,0.9,https://www.news18.com/lifestyle/food/starch-oil-and-bacteria-is-your-paneer-slowly-poisoning-you-9322651.html,"iodine test, which is designed to detect starch"
News,Milk,vegetable oils,detectedby,BR value of extracted fats,1,1,0.9,https://www.news18.com/lifestyle/food/starch-oil-and-bacteria-is-your-paneer-slowly-poisoning-you-9322651.html,Analytical tests such as the BR value of extracted fats... reveal the presence of vegetable fats
News,Milk,SensoryTest,producesindicator,foul smell,1,1,0.85,https://www.news18.com/lifestyle/food/starch-oil-and-bacteria-is-your-paneer-slowly-poisoning-you-9322651.html,your nose is a natural tool for detecting microbial spoilage
News,Milk,SensoryTest,producesindicator,foul smells,1,1,0.85,https://www.news18.com/lifestyle/food/starch-oil-and-bacteria-is-your-paneer-slowly-poisoning-you-9322651.html,no foul smells—your nose is a natural tool for detecting microbial spoilage
News,Milk,detailed testing,isperformedon,milk samples,1,1,0.85,https://www.thehindu.com/news/national/andhra-pradesh/chandrababu-naidu-reviews-rajamahendravaram-deaths-jagan-demands-stringent-action/article70666087.ece,sent them to laboratories for detailed testing
News,Milk,mercury,detectedby,civic organisation study,1,1,0.85,https://www.siasat.com/noxious-memories-bhopal-gas-tragedy-a-timeline-2470664/,A civic organisation study found lead and mercury in the breast milk
News,Milk,mercury,detectedby,private study,1,1,0.85,https://www.siasat.com/noxious-memories-bhopal-gas-tragedy-a-timeline-2470664/,a private study in India found lead and mercury in the milk
News,Milk,laboratory testing,isperformedon,milk samples,1,1,0.9,https://m.rediff.com/news/commentary/2026/feb/26/andhra-govt-intensifies-crackdown-after-milk-contamination-claims-5-lives/8c654fd04c50a9c69f6304747e1f6d1f,collecting around 150 samples from across the state for laboratory testing
News,Milk,analysis at FSL,isperformedon,milk sample from Addala Ganeswararao,1,1,0.9,https://www.news18.com/agency-feeds/andhra-milk-contamination-toll-rises-to-14-9958504.html,collected samples were sent to the Forensic Science Laboratory
News,Milk,analysis at RFSL,isperformedon,milk sample from Addala Ganeswararao,1,1,0.9,https://www.news18.com/agency-feeds/andhra-milk-contamination-toll-rises-to-14-9958504.html,"Samples were also taken from a private milk centre operated by Addala Ganeswararao (37) in Narasapuram village, along with the freezer used for storage and other materials found at the premises. The collected samples were sent to the Forensic Science Laboratory (FSL), Regional Forensic Science Laboratory (RFSL) and other laboratories for analysis."
News,Milk,iodine method,producesindicator,paneer purity,1,1,0.85,https://timesofindia.indiatimes.com/city/ranchi/fssai-is-working-towards-felicitating-whistle-blowers-who-report-adulteration/articleshow/121853932.cms,we use the iodine method to test the purity of paneer
News,Milk,on-the-spot testing,requireskit,milk-o-screen,1,1,0.85,https://www.newindianexpress.com/cities/hyderabad/2025/Feb/13/no-adulteration-of-milk-found-during-special-drive-in-hyderabad,milk-o-screen devices and lab technicians for on-the-spot testing
News,Milk,Food sample testing,isperformedat,State-established laboratories,1,1,0.85,https://timesofindia.indiatimes.com/city/bhubaneswar/adulteration-detected-in-many-daily-use-food-items-minister/articleshow/128722850.cms,samples are sent for testing to state-established laboratories
News,Milk,food sample analysis,isperformedat,State Food Laboratory at Nacharam,1,1,0.9,https://www.deccanchronicle.com/southern-states/telangana/only-one-food-analyst-rising-sample-load-delays-testing-at-state-food-laboratory-1965277,State Food Laboratory (SFL) at Nacharam is facing an acute shortage of manpower
News,Milk,testing,isperformedat,State Food Laboratory,1,1,0.85,https://www.deccanchronicle.com/southern-states/telangana/only-one-food-analyst-rising-sample-load-delays-testing-at-state-food-laboratory-1965277,send them to the State Food Laboratory for testing
News,Milk,laboratory analysis,isperformedon,milk sample,1,1,0.85,https://www.deccanchronicle.com/southern-states/andhra-pradesh/blood-samples-taken-from-73-families-1939395,sent it to the laboratories
News,Milk,laboratory analysis,isperformedon,blood sample,1,1,0.85,https://www.deccanchronicle.com/southern-states/andhra-pradesh/blood-samples-taken-from-73-families-1939395,sent it to the laboratories
News,Milk,E. coli outbreak linked to salads,identifies,E. coli,1,1,0.85,https://timesofindia.indiatimes.com/life-style/health-fitness/health-news/st-louis-county-e-coli-outbreak-lettuce-tests-negative-investigation-continues/articleshow/115606666.cms,E. coli outbreak linked to salads
News,Milk,E. coli testing,isperformedat,Missouri State Public Health Laboratory,1,1,0.9,https://timesofindia.indiatimes.com/life-style/health-fitness/health-news/st-louis-county-e-coli-outbreak-lettuce-tests-negative-investigation-continues/articleshow/115606666.cms,Missouri State Public Health Laboratory's negative test results
News,Milk,toxic substances,detectedby,Equipment to detect toxic substances,1,1,0.75,https://www.newindianexpress.com/states/tamil-nadu/2021/aug/29/key-announcements-from-tn-assembly-2351269.html,Equipment to detect toxic substances in organic fruits and vegetables
News,Milk,Fake Paneer Incident Finding,identifies,synthetic colours,1,1,0.8,https://www.freepressjournal.in/india/watch-uttar-pradesh-food-safety-team-busts-2500-kg-fake-paneer-over-13000-litres-counterfeit-bottled-water-fssai-releases-shocking-video,Samples under testing; harmful substances like synthetic colours & saccharin seized
News,Milk,Fake Paneer Incident Finding,identifies,saccharin,1,1,0.8,https://www.freepressjournal.in/india/watch-uttar-pradesh-food-safety-team-busts-2500-kg-fake-paneer-over-13000-litres-counterfeit-bottled-water-fssai-releases-shocking-video,Samples under testing; harmful substances like synthetic colours & saccharin seized
News,Milk,laboratory testing,isperformedon,paneer sample,1,1,0.9,https://timesofindia.indiatimes.com/city/noida/suspected-adulterated-paneer-seized-in-jewar-case-against-dairy-operators-likely/articleshow/123874120.cms,collected a sample for laboratory testing
News,Milk,paneer adulteration finding,identifies,carbonate neutraliser,1,1,0.95,https://timesofindia.indiatimes.com/city/noida/suspected-adulterated-paneer-seized-in-jewar-case-against-dairy-operators-likely/articleshow/123874120.cms,Lab results then confirmed the product was made using refined oil and a carbonate neutraliser
News,Milk,arhar dal test,producesindicator,color changes to light red,1,1,0.9,https://timesofindia.indiatimes.com/life-style/food-news/110-kg-chicken-825-kg-fake-paneer-banned-colours-and-chemicals-seized-how-to-check-purity-at-home/articleshow/131873428.cms,color of the paneer changes to light red
News,Milk,detergent,detectedby,arhar dal test,1,1,0.85,https://timesofindia.indiatimes.com/life-style/food-news/110-kg-chicken-825-kg-fake-paneer-banned-colours-and-chemicals-seized-how-to-check-purity-at-home/articleshow/131873428.cms,"If the color of the paneer changes to light red, it is a sign that the paneer is made with detergent"
News,Milk,urea,detectedby,arhar dal test,1,1,0.85,https://timesofindia.indiatimes.com/life-style/food-news/110-kg-chicken-825-kg-fake-paneer-banned-colours-and-chemicals-seized-how-to-check-purity-at-home/articleshow/131873428.cms,add some tur dal powder... sign that the paneer is made with detergent or urea
News,Milk,soybean powder test,producesindicator,color changes to light red,1,1,0.9,https://timesofindia.indiatimes.com/life-style/food-news/110-kg-chicken-825-kg-fake-paneer-banned-colours-and-chemicals-seized-how-to-check-purity-at-home/articleshow/131873428.cms,color of the paneer changes to light red
News,Milk,detergent,detectedby,soybean powder test,1,1,0.85,https://timesofindia.indiatimes.com/life-style/food-news/110-kg-chicken-825-kg-fake-paneer-banned-colours-and-chemicals-seized-how-to-check-purity-at-home/articleshow/131873428.cms,"add some soybean powder to it. If the color of the paneer changes to light red, it is a sign that the paneer is made with detergent"
News,Milk,urea,detectedby,soybean powder test,1,1,0.85,https://timesofindia.indiatimes.com/life-style/food-news/110-kg-chicken-825-kg-fake-paneer-banned-colours-and-chemicals-seized-how-to-check-purity-at-home/articleshow/131873428.cms,"add some soybean powder to it. If the color of the paneer changes to light red, it is a sign that the paneer is made with detergent or urea."
News,Milk,flesh found in ice-cream case,identifies,flesh,1,1,0.9,https://indianexpress.com/article/cities/pune/flesh-found-in-ice-cream-case-ice-cream-firm-rubbishes-police-claim-of-finding-injured-worker-says-will-make-concrete-proof-public-9405355/,found a piece of flesh with a nail
News,Milk,sample matching analysis,isperformedat,Forensic Sciences Lab,1,1,0.85,https://indianexpress.com/article/cities/pune/flesh-found-in-ice-cream-case-ice-cream-firm-rubbishes-police-claim-of-finding-injured-worker-says-will-make-concrete-proof-public-9405355/,sent his sample to the Forensic Sciences Lab to be matched
News,Milk,paneer,outputof,paneer manufacturing,1,1,0.85,https://timesofindia.indiatimes.com/city/raipur/officials-seize-over-14-l-worth-of-adulterated-paneer-in-crackdown/articleshow/126125110.cms,finding it was being manufactured
News,Milk,laboratory testing of paneer,isperformedon,paneer samples from Durg,1,1,0.85,https://timesofindia.indiatimes.com/city/raipur/officials-seize-over-14-l-worth-of-adulterated-paneer-in-crackdown/articleshow/126125110.cms,All samples have been sent for analysis
News,Milk,inspections,identifies,reused cooking oil,1,1,0.85,https://thelogicalindian.com/is-indias-food-watchdog-failing-us-inside-the-gaps-in-fssais-safety-net/,inspections found rotten tomatoes and reused cooking oil deemed unsafe
News,Milk,testing of food samples,isperformedat,Equinox Labs,1,1,0.85,https://timesofindia.indiatimes.com/city/vijayawada/adulterated-milk-deaths-raise-food-safety-concerns/articleshow/130024210.cms,"Equinox Labs, which tests thousands of food samples annually across India"
News,Milk,Hospital confirmation of arsenic in Shah's blood,identifies,arsenic,1,1,0.95,https://timesofindia.indiatimes.com/city/mumbai/santacruz-murder-woman-lover-wanted-to-give-poison-to-hubby-even-in-hospital/articleshow/98288207.cms,hospital confirmed arsenic and thallium in Shah's blood
News,Milk,Hospital confirmation of thallium in Shah's blood,identifies,thallium,1,1,0.95,https://timesofindia.indiatimes.com/city/mumbai/santacruz-murder-woman-lover-wanted-to-give-poison-to-hubby-even-in-hospital/articleshow/98288207.cms,hospital confirmed arsenic and thallium in Shah's blood
News,Milk,laboratory analysis,isperformedon,paneer sample,1,1,0.9,https://www.hindustantimes.com/cities/lucknow-news/fsda-seizes-4-810kg-adulterated-paneer-on-lko-agra-expressway-destroys-it-101745263017242.html,Food samples were collected from each vehicle in accordance with food safety regulations were sent for laboratory analysis
News,Milk,pesticide traces,detectedby,mobile laboratories,1,1,0.85,https://timesofindia.indiatimes.com/city/chandigarh/concerns-over-environmental-pollution-raised-in-punjab-assembly/articleshow/108313760.cms,levels of pesticide traces can also be detected in the samples
News,Milk,Visual inspection,producesindicator,"Overly bright, uniform or unnatural colours",1,1,0.9,https://www.thehindu.com/news/national/telangana/telangana-food-safety-department-demonstrates-methods-to-identify-adulterated-food/article70833242.ece,"Items with overly bright, uniform or unnatural colours, such as fluorescent green peas or intensely orange slices, may indicate the use of synthetic dyes"
News,Milk,Visual inspection for synthetic dyes,producesindicator,Colour rubs off when touched or washed,1,1,0.9,https://www.thehindu.com/news/national/telangana/telangana-food-safety-department-demonstrates-methods-to-identify-adulterated-food/article70833242.ece,"colour may also rub off when touched or washed, serving as a clear warning sign"
News,Milk,starch,detectedby,iodine solution test,1,1,0.95,https://www.thehindu.com/news/national/telangana/telangana-food-safety-department-demonstrates-methods-to-identify-adulterated-food/article70833242.ece,detected by adding iodine solution
News,Milk,iodine solution test,producesindicator,blue-black color change,1,1,0.95,https://www.thehindu.com/news/national/telangana/telangana-food-safety-department-demonstrates-methods-to-identify-adulterated-food/article70833242.ece,turns blue-black if starch is present
News,Milk,impurities,detectedby,sensory and heat test,1,1,0.85,https://www.thehindu.com/news/national/telangana/telangana-food-safety-department-demonstrates-methods-to-identify-adulterated-food/article70833242.ece,"identified through changes in texture, smell and reaction to heat"
News,Milk,milk adulteration incident in East Godavari,identifies,ethylene glycol,1,1,0.95,https://timesofindia.indiatimes.com/city/delhi/whats-cooking-in-pantry-bite-into-adulterated-truth/articleshow/130488415.cms,milk contaminated with ethylene glycol
News,Milk,postmortem,isperformedon,dead buffaloes,1,1,0.9,https://www.newindianexpress.com/states/odisha/2025/Aug/19/dd%7D%7D-120,veterinary doctors conducted postmortem on some of the dead buffaloes
News,Milk,ethylene glycol,detectedby,gas chromatography,1,1,0.95,https://www.sentinelassam.com/topheadlines/rapid-low-cost-tests-can-help-prevent-child-deaths-from-contaminated-syrups,contaminants are usually detected by gas chromatography
News,Milk,diethylene glycol,detectedby,gas chromatography,1,1,0.95,https://www.sentinelassam.com/topheadlines/rapid-low-cost-tests-can-help-prevent-child-deaths-from-contaminated-syrups,contaminants are usually detected by gas chromatography
News,Milk,diethylene glycol,detectedby,thin-layer chromatography,1,1,0.9,https://www.sentinelassam.com/topheadlines/rapid-low-cost-tests-can-help-prevent-child-deaths-from-contaminated-syrups,contaminants are usually detected by gas chromatography or thin-layer chromatography
News,Milk,ethylene glycol,detectedby,low-cost field deployable assays,1,1,0.9,https://www.sentinelassam.com/topheadlines/rapid-low-cost-tests-can-help-prevent-child-deaths-from-contaminated-syrups,Rapid screening of ethylene glycol and diethylene glycol in raw materials and medicinal syrups using low-cost field deployable assays
News,Milk,diethylene glycol,detectedby,low-cost field deployable assays,1,1,0.9,https://www.sentinelassam.com/topheadlines/rapid-low-cost-tests-can-help-prevent-child-deaths-from-contaminated-syrups,Rapid screening of ethylene glycol and diethylene glycol ... using low-cost field deployable assays
News,Milk,lab analysis,isperformedon,milk samples,1,1,0.85,https://assamtribune.com/health-and-fitness/diarrhoea-outbreak-naidu-reviews-health-measures-1608672,milk samples have already been sent to the lab
News,Milk,colorimetric detection techniques,requireskit,3D paper-based portable device,1,1,0.9,https://timesofindia.indiatimes.com/city/chennai/iit-madras-researchers-develop-paper-based-device-to-detect-milk-adulteration/articleshow/99039271.cms,"Using colorimetric detection techniques, all the adulterants are detected"
News,Milk,urea,detectedby,colorimetric detection techniques,1,1,0.85,https://timesofindia.indiatimes.com/city/chennai/iit-madras-researchers-develop-paper-based-device-to-detect-milk-adulteration/articleshow/99039271.cms,"Using colorimetric detection techniques, all the adulterants are detected"
News,Milk,Preliminary analysis,isperformedon,blood samples,1,1,0.9,https://timesofindia.indiatimes.com/city/hyderabad/four-die-in-ap-adulterated-milk-suspected-to-be-cause/articleshow/128727248.cms,blood samples ... have been sent for testing. Preliminary analysis found their urea and creatinine levels
News,Milk,NDDB–CALF laboratory findings,identifies,soybean oil,1,1,0.85,https://www.hindustantimes.com/india-news/andhra-to-form-panel-to-identify-real-culprits-of-tirumala-ghee-adulteration-101770148393113.html,initial findings from the NDDB–CALF laboratory revealed possible presence of multiple suspected adulterants
News,Milk,Milk Testing Kit Mark II,requireskit,Milk Testing Kit Mark II,1,1,0.9,https://www.thehindu.com/news/national/karnataka/test-milk-adulterants-in-10-minutes/article66238609.ece,"Called MATS – Milk Testing Kit Mark II, the test is rapid"
News,Milk,Milk Testing Kit Mark II,producesindicator,colour reactions,1,1,0.9,https://www.thehindu.com/news/national/karnataka/test-milk-adulterants-in-10-minutes/article66238609.ece,The test is based on colour reactions
News,Milk,hydrogen peroxide,detectedby,Milk Testing Kit Mark II,1,1,0.95,https://www.thehindu.com/news/national/karnataka/test-milk-adulterants-in-10-minutes/article66238609.ece,"strip card is able to detect seven chemical adulterants – boric acid, detergent, hydrogen peroxide"
News,Milk,milk adulteration finding,identifies,water,1,1,0.9,https://www.thehansindia.com/karnataka/slow-probe-into-milk-adulteration-scam-raises-doubts-689724,adulteration of milk with water came to light
News,Milk,EFSA report finding,identifies,carcinogenic chemicals,1,1,0.85,https://www.thehindu.com/news/national/why-mdh-everest-spices-are-under-international-scrutiny-explained/article68130961.ece,A recent EFSA report also showed carcinogenic chemicals were found
News,Milk,on spot testing of adulteration,requireskit,Food Safety on Wheels,1,1,0.85,https://www.thehansindia.com/business/fssai-analyses-over-518-lakh-food-samples-in-3-years-88192-penalties-imposed-1057366,FSWs are equipped with basic infrastructure for on spot testing of adulteration
News,Milk,Hong Kong food regulator ban,identifies,Ethylene Oxide,1,1,0.9,https://www.thehansindia.com/editors-desk/india-needs-to-grow-safe-food-curb-adulteration-879087,Hong Kong food regulator banned certain spice mix of two leading Indian brands MDH and Everest over presence of pesticide Ethylene Oxide in their samples
News,Milk,Examine pre-packaged items,producesindicator,bulging packaging,1,1,0.85,https://indianexpress.com/article/lifestyle/food-wine/foodborne-illnesses-contamination-heat-summer-health-diet-india-9385491/,"Examine pre-packaged items for leaks, tears, or bulging, which may indicate spoilage or contamination."
News,Milk,Examine pre-packaged items,producesindicator,"leaks, tears, or bulging",1,1,0.85,https://indianexpress.com/article/lifestyle/food-wine/foodborne-illnesses-contamination-heat-summer-health-diet-india-9385491/,"Examine pre-packaged items for leaks, tears, or bulging, which may indicate spoilage or contamination."
News,Milk,Examine pre-packaged items,producesindicator,tears in packaging,1,1,0.85,https://indianexpress.com/article/lifestyle/food-wine/foodborne-illnesses-contamination-heat-summer-health-diet-india-9385491/,"Examine pre-packaged items for leaks, tears, or bulging, which may indicate spoilage or contamination."
News,Milk,laboratory testing,isperformedon,55 food samples,1,1,0.9,https://thelogicalindian.com/festive-food-safety-drive-maharashtra-fda-destroys-218-kg-fake-paneer-478-litres-unsafe-milk-in-mumbai/,collection of 55 food samples for laboratory testing
News,Milk,mobile food testing labs,isperformedas,rapid on-site analysis,1,1,0.85,https://thelogicalindian.com/festive-food-safety-drive-maharashtra-fda-destroys-218-kg-fake-paneer-478-litres-unsafe-milk-in-mumbai/,deploy mobile food testing labs for rapid on-site analysis
News,Milk,toxin identification analysis,isperformedon,blood and urine samples,1,1,0.9,https://www.thehindu.com/news/cities/Visakhapatnam/toxins-in-contaminated-milk-to-be-identified-soon-says-dr-ravi-raju/article70684241.ece,blood and urine samples of the affected persons have been sent to reputed testing centres for identification of the toxin
News,Milk,rapid testing kits,requireskit,rapid testing kits,1,1,0.85,https://www.thehindu.com/sci-tech/health/auramine-in-indian-food-why-a-banned-dye-keeps-returning-explained/article70313811.ece,develop rapid testing kits that can detect industrial dyes
News,Milk,analysis,isperformedon,cattle feed samples,1,1,0.85,https://timesofindia.indiatimes.com/india/fssai-seeks-report-on-adulterated-milk-incident-that-killed-4-in-andhra-pradesh/articleshow/128774319.cms,"collected 41 milk samples, along with cattle feed and water samples, which were sent to the Veterinary Biological Research Institute for analysis"
News,Milk,laboratory analysis,isperformedon,seized food samples,1,1,0.85,https://www.freepressjournal.in/pune/nashik-fda-raids-sweet-shops-at-saptashringi-garh-seizes-over-5-lakh-worth-of-adulterated-sweets,seized food samples have been sent to the laboratory for analysis
News,Milk,Analysis of mawa samples,isperformedat,Bhopal laboratory,1,1,0.85,https://www.freepressjournal.in/indore/action-against-adulteration-in-indore-food-safety-officers-take-700-kg-mawa-into-custody,Several samples have already been sent to the Bhopal laboratory for examination
News,Milk,detailed analysis,isperformedat,Bhopal food testing laboratory,1,1,0.9,https://www.freepressjournal.in/indore/action-against-adulteration-in-indore-food-safety-officers-take-700-kg-mawa-into-custody,undergoing detailed analysis at the Bhopal food testing laboratory
News,Milk,detergents,detectedby,IIT Madras portable device,1,1,0.9,https://timesofindia.indiatimes.com/city/chennai/iit-madras-develops-pocket-friendly-device-to-detect-milk-adulteration/articleshow/99047717.cms,"Seven adulterants including urea, detergents, hydrogen peroxide were detected in the milk sample"
News,Milk,hydrogen peroxide,detectedby,IIT Madras portable device,1,1,0.9,https://timesofindia.indiatimes.com/city/chennai/iit-madras-develops-pocket-friendly-device-to-detect-milk-adulteration/articleshow/99047717.cms,"Seven adulterants including urea, detergents, hydrogen peroxide were detected in the milk sample"
News,Milk,colorimetric detection,producesindicator,colour interference analysis,1,1,0.85,https://timesofindia.indiatimes.com/city/chennai/iit-madras-develops-pocket-friendly-device-to-detect-milk-adulteration/articleshow/99047717.cms,detailed colour interference analysis
News,Milk,GCMS,isperformedat,"Indian Institute of Technology, Tirupati",1,1,0.95,https://www.thenewsminute.com/andhra-pradesh/fifteen-people-affected-by-milk-adulteration-in-andhra-still-in-hospitals,"sent to Indian Institute of Technology, Tirupati for GCMS"
News,Milk,nephron toxins,detectedby,GCMS,1,1,0.85,https://www.thenewsminute.com/andhra-pradesh/fifteen-people-affected-by-milk-adulteration-in-andhra-still-in-hospitals,for GCMS for evidence of nephron toxins
News,Milk,physio-chemical analysis,isperformedon,milk,1,1,0.85,https://www.thenewsminute.com/andhra-pradesh/fifteen-people-affected-by-milk-adulteration-in-andhra-still-in-hospitals,"Testing was done for microbial analysis, physio-chemical analysis and detection of toxic adulterants."
News,Milk,slanted plate test,producesindicator,white streak,1,1,0.9,https://www.thehindu.com/news/national/andhra-pradesh/guidelines-issued-to-check-milk-adulteration-in-ap/article70726175.ece,leaving a white streak behind
News,Milk,shake test,producesindicator,foam,1,1,0.9,https://www.thehindu.com/news/national/andhra-pradesh/guidelines-issued-to-check-milk-adulteration-in-ap/article70726175.ece,If foam forms on the surface
News,Milk,iodine solution test,producesindicator,milk turns blue,1,1,0.9,https://www.thehindu.com/news/national/andhra-pradesh/guidelines-issued-to-check-milk-adulteration-in-ap/article70726175.ece,"If the milk turns blue, it indicates adulteration"
News,Milk,iodine solution test,producesindicator,ghee turns blue,1,1,0.9,https://www.thehindu.com/news/national/andhra-pradesh/guidelines-issued-to-check-milk-adulteration-in-ap/article70726175.ece,"If the ghee turns blue, it indicates adulteration"
News,Milk,sugar heating test,producesindicator,ghee turns pink or red,1,1,0.9,https://www.thehindu.com/news/national/andhra-pradesh/guidelines-issued-to-check-milk-adulteration-in-ap/article70726175.ece,"If the colour of ghee turns pink or red, then it shows that palm oil has been adulterated"
News,Milk,hot water test,producesindicator,ghee floats on surface,1,1,0.9,https://www.thehindu.com/news/national/andhra-pradesh/guidelines-issued-to-check-milk-adulteration-in-ap/article70726175.ece,pure ghee will float on the surface
News,Milk,β-sitosterol,detectedby,LaboratoryTest,1,1,0.9,https://www.deccanchronicle.com/southern-states/andhra-pradesh/ghee-used-for-tirupati-laddu-had-beef-tallow-fish-oil-pork-fat-tests-1824705,The lab found the presence of β-sitosterol
News,Milk,IncidentFinding: 26 water samples tested positive for severe bacterial contamination,identifies,severe bacterial contamination,1,1,0.9,https://thelogicalindian.com/indore-water-crisis-nine-dead-as-sewage-contaminated-water-sickens-hundreds-officials-dismissed-probe-on/,26 water samples tested positive for severe bacterial contamination
News,Milk,Milk Adulteration Finding in Lakshmangarh,identifies,water,1,1,0.95,https://www.bhaskar.com/local/rajasthan/sikar/ranoli/news/palsana-saras-dairy-milk-adulteration-water-detected-consumers-aware-2026-137752226.html,दो नमूनों में निर्धारित मानकों से अधिक पानी पाया गया
News,Milk,analysis of samples,isperformedat,SMC Public Health Laboratory,1,1,0.9,https://timesofindia.indiatimes.com/city/surat/smc-seizes-797-kg-adulterated-dairy-products-in-5-day-drive/articleshow/125352948.cms,sent them to the SMC Public Health Laboratory for analysis
News,Milk,detailed analysis,isperformedat,laboratories,1,1,0.85,https://www.en.etemaaddaily.com/world/national/cm-naidu-reviews-srikakulam-diarrhoea-rajahmundry-milk-incidents:190309,sent to laboratories for detailed analysis
News,Milk,blood sample analysis,isperformedon,blood samples,1,1,0.9,https://www.deccanchronicle.com/southern-states/andhra-pradesh/6-year-old-dies-of-renal-failure-at-kgh-in-milk-contamination-case-1939663,Of the 315 blood samples collected
News,Milk,rubbing test,producesindicator,texture of heated milk,1,1,0.85,https://www.thehansindia.com/andhra-pradesh/synthetic-milk-threat-prompts-tight-checks-1051605,observing the texture of heated milk when rubbed between fingers
News,Milk,milk sample analysis,isperformedat,College of Dairy Technology in Tirupati,1,1,0.85,https://www.thehansindia.com/andhra-pradesh/synthetic-milk-threat-prompts-tight-checks-1051605,"Testing facilities are available at the College of Dairy Technology in Tirupati, where milk samples can be examined scientifically"
News,Milk,colour change observation,producesindicator,dark brown/purple colour,1,1,0.9,https://www.tribuneindia.com/news/haryana/ndri-develops-rapid-test-to-detect-milk-adulteration-513058,positive samples turn dark brown/purple
News,Milk,ghee purity test,producesindicator,solidifies quickly after cooling,1,1,0.8,https://timesofindia.indiatimes.com/life-style/food-news/fake-mithai-alert-how-to-test-your-diwali-sweets-at-home-for-safety/articleshow/124693105.cms,"If it solidifies quickly after cooling, it's pure"
News,Milk,iodine solution test,producesindicator,mixture turns blue,1,1,0.9,https://timesofindia.indiatimes.com/life-style/food-news/fake-mithai-alert-how-to-test-your-diwali-sweets-at-home-for-safety/articleshow/124693105.cms,"If the mixture turns blue, starch is present"
News,Milk,iodine solution test,producesindicator,blue color change,1,1,0.9,https://timesofindia.indiatimes.com/life-style/food-news/fake-mithai-alert-how-to-test-your-diwali-sweets-at-home-for-safety/articleshow/124693105.cms,"If the mixture turns blue, starch is present"
News,Milk,sensory touch test,producesindicator,grainy or sticky feel,1,1,0.85,https://timesofindia.indiatimes.com/life-style/food-news/fake-mithai-alert-how-to-test-your-diwali-sweets-at-home-for-safety/articleshow/124693105.cms,adulterated versions feel grainy or sticky
News,Milk,sensory touch test,producesindicator,grainy or sticky texture,1,1,0.85,https://timesofindia.indiatimes.com/life-style/food-news/fake-mithai-alert-how-to-test-your-diwali-sweets-at-home-for-safety/articleshow/124693105.cms,adulterated versions feel grainy or sticky
News,Milk,detergent,detectedby,sensory smell test,1,1,0.9,https://timesofindia.indiatimes.com/life-style/food-news/fake-mithai-alert-how-to-test-your-diwali-sweets-at-home-for-safety/articleshow/124693105.cms,if khoya emits a soapy smell ... it may be contaminated with detergent
News,Milk,sensory smell test,producesindicator,soapy smell,1,1,0.9,https://timesofindia.indiatimes.com/life-style/food-news/fake-mithai-alert-how-to-test-your-diwali-sweets-at-home-for-safety/articleshow/124693105.cms,if khoya emits a soapy smell
News,Milk,water lather test,producesindicator,lathering,1,1,0.85,https://timesofindia.indiatimes.com/life-style/food-news/fake-mithai-alert-how-to-test-your-diwali-sweets-at-home-for-safety/articleshow/124693105.cms,lathers when mixed with warm water
News,Milk,detergent,detectedby,foam test,1,1,0.8,https://timesofindia.indiatimes.com/life-style/food-news/fake-mithai-alert-how-to-test-your-diwali-sweets-at-home-for-safety/articleshow/124693105.cms,"If foam appears like soap suds, detergent may be present"
News,Milk,urea,detectedby,bromothymol blue test,1,1,0.8,https://timesofindia.indiatimes.com/life-style/food-news/fake-mithai-alert-how-to-test-your-diwali-sweets-at-home-for-safety/articleshow/124693105.cms,Urea can be detected by adding a few drops of bromothymol blue
News,Milk,toxicology tests,isperformedon,"milk, cattle feed, and water",1,1,0.9,https://www.livemint.com/news/india/andhra-pradesh-milk-adulteration-case-16-dead-dairys-milk-supply-suspended-what-did-preliminary-inquiry-reveal-11774172786384.html,"collected additional samples of milk, cattle feed, and water for toxicology tests"
News,Milk,analysis of food samples,isperformedat,lab,1,1,0.85,https://www.hindustantimes.com/cities/pune-news/fda-seizes-food-samples-worth-10-35-lakhs-101729276408292.html,15 food samples have been sent to a lab for analysis
News,Milk,unsafe vegetable samples,identifies,pesticide residues,1,1,0.9,https://assamtribune.com/assam/whats-on-your-plate-assam-battles-surge-in-unsafe-foods-as-experts-sound-alarm-1575052,41 were found to be unsafe due to pesticide levels
News,Milk,milk,inputto,sweets production,1,1,0.85,https://indianexpress.com/article/opinion/columns/milk-production-india-dairy-sector-farmers-milk-price-7401583/,bulk of the raw milk is used for producing sweets
News,Milk,recombined milk,outputof,recombination of milk powder and butter,1,1,0.9,https://indianexpress.com/article/opinion/columns/milk-production-india-dairy-sector-farmers-milk-price-7401583/,These could be recombined in the lean season to ensure a year-round even supply of milk
News,Milk,Forensic analysis of seized samples,isperformedon,seized samples,1,1,0.85,https://www.thehansindia.com/andhra-pradesh/illegal-dairy-unit-sealed-after-fatal-milk-adulteration-incident-1051609,Forensic analysis of seized samples is underway
News,Milk,Forensic analysis of seized samples,isperformedas,Forensic analysis of seized samples,1,1,0.85,https://www.thehansindia.com/andhra-pradesh/illegal-dairy-unit-sealed-after-fatal-milk-adulteration-incident-1051609,Forensic analysis of seized samples is underway
News,Milk,caustic soda,detectedby,laboratory test,1,1,0.85,https://timesofindia.indiatimes.com/city/ranchi/nhrc-seeks-report-over-spurious-milk/articleshow/96696602.cms,testing of refined and caustic soda is done in the lab
News,Milk,laboratory analysis,isperformedon,samples,1,1,0.85,https://www.thehindu.com/news/national/kerala/juice-shops-under-scanner-in-food-safety-raids/article65405056.ece,eight samples were collected for laboratory analysis
News,Milk,finding of arsenic in Kamalkant Shah's blood,identifies,arsenic,1,1,0.95,https://timesofindia.indiatimes.com/city/mumbai/husband-killer-her-lover-murdered-mom-in-law-too-in-mumbai/articleshow/96013832.cms,arsenic and thallium levels found in his blood
News,Milk,finding of thallium in Kamalkant Shah's blood,identifies,thallium,1,1,0.95,https://timesofindia.indiatimes.com/city/mumbai/husband-killer-her-lover-murdered-mom-in-law-too-in-mumbai/articleshow/96013832.cms,arsenic and thallium levels found in his blood
News,Milk,adulteration testing,requireskit,adulteration testing kits,1,1,0.85,https://www.thehansindia.com/karnataka/over-3000-adulterated-milk-samples-detected-across-state-in-one-year-1056529,adulteration testing kits have been distributed to all primary milk producer cooperative societies
News,Milk,ETO,detectedby,FSSAI sampling,1,1,0.8,https://www.thehindu.com/sci-tech/health/why-are-indian-spices-facing-the-heat-explained/article68133297.ece,test for the presence of ETO
News,Milk,skimmed milk powder,outputof,Padalur milk powder plant,1,1,0.9,https://www.thehindu.com/news/cities/Tiruchirapalli/150-crore-modern-milk-powder-plant-coming-up-at-padalur/article68927798.ece,machinery required for skimmed milk powder manufacture
News,Milk,milk,inputto,Padalur milk powder plant,1,1,0.9,https://www.thehindu.com/news/cities/Tiruchirapalli/150-crore-modern-milk-powder-plant-coming-up-at-padalur/article68927798.ece,surplus milk would be converted into milk powder and other milk products at the plant
News,Milk,testing,isperformedon,blood samples,1,1,0.85,https://www.hindustantimes.com/india-news/toll-from-adulterated-milk-in-andhra-pradesh-s-east-godavari-district-rises-to-6-101771989183570.html,Blood samples from 315 individuals have been collected and sent for testing
News,Milk,ethylene glycol,detectedby,forensic tests,1,1,0.9,https://www.news18.com/cities/hyderabad-news/sweet-death-why-ethylene-glycol-an-antifreeze-chemical-is-lurking-in-andhras-milk-ws-l-9991605.html,The adulteration of ethylene glycol in milk is very difficult to detect without forensic tests
News,Milk,Rajahmundry acute kidney failure cases,identifies,glycol,1,1,0.85,https://timesofindia.indiatimes.com/city/vijayawada/milk-contamination-case-toll-rises-to-five-in-rajamahendravaram-accused-vendor-arrested/articleshow/128759697.cms,glycol from the freezer used to store milk had leaked and contaminated the milk
News,Milk,Laboratory analysis,isperformedon,milk samples,1,1,0.85,https://uttarbangasambad.com/adulterated-milk-deaths-andhra-pradesh-adulterated-milk-tragedy-13-dead-east-godavari/,নমুনা সংগ্রহ করে ল্যাবরেটরিতে পাঠানো হয়েছে
News,Milk,Laboratory analysis,isperformedon,paneer sample,1,1,0.85,https://uttarbangasambad.com/adulterated-milk-deaths-andhra-pradesh-adulterated-milk-tragedy-13-dead-east-godavari/,"পনির, ঘি এবং ভিনিগারের নমুনা সংগ্রহ করে ল্যাবরেটরিতে পাঠানো হয়েছে"
News,Milk,forensic tests,isperformedat,Regional Forensic Laboratory in Vijayawada,1,1,0.95,https://www.thenewsminute.com/andhra-pradesh/ap-milk-contamination-death-toll-rises-to-10-toxic-antifreeze-presence-confirmed,report from the Regional Forensic Laboratory in Vijayawada
News,Milk,Laboratory Analysis,isperformedon,samples of the suspected food items,1,1,0.9,https://www.hindustantimes.com/cities/pune-news/fda-seize-suspected-adulterated-food-items-worth-14-35-lakh-101726859521928.html,samples of the suspected food items are sent to the laboratory for analysis
News,Milk,milk analysis,isperformedat,laboratory in Hyderabad,1,1,0.9,https://www.news18.com/agency-feeds/andhra-milk-adulteration-govt-announces-rs-10-lakh-ex-gratia-for-deceased-9924813.html,sent milk and curd samples to laboratories in Hyderabad
News,Milk,heating and rubbing on finger,producesindicator,feels very thick,1,1,0.85,https://www.deccanchronicle.com/southern-states/andhra-pradesh/vigil-intensifies-amid-adulterated-milk-scare-in-tirupati-chittoor-districts-1939653,"If it feels very thick, adulteration is likely"
News,Milk,maltodextrin,detectedby,iodine test,1,1,0.9,https://www.deccanchronicle.com/southern-states/andhra-pradesh/vigil-intensifies-amid-adulterated-milk-scare-in-tirupati-chittoor-districts-1939653,A dark red colour may indicate maltodextrin
News,Milk,dissolving salt in water,producesindicator,cloudy water or sediments,1,1,0.9,https://www.thehindu.com/children/what-is-adulteration-and-what-is-its-impact-on-our-daily-lives/article69210912.ece,"if it is cloudy or has sediments, the salt is adulterated"
News,Milk,potato and lemon juice test,producesindicator,potato turns blue,1,1,0.9,https://www.thehindu.com/children/what-is-adulteration-and-what-is-its-impact-on-our-daily-lives/article69210912.ece,"If the potato turns blue, the salt is adulterated"
News,Milk,tilted surface flow test,producesindicator,flows immediately,1,1,0.9,https://www.thehindu.com/children/what-is-adulteration-and-what-is-its-impact-on-our-daily-lives/article69210912.ece,adulterated milk will flow immediately
News,Milk,shake and lather test,producesindicator,foams a lot,1,1,0.9,https://www.thehindu.com/children/what-is-adulteration-and-what-is-its-impact-on-our-daily-lives/article69210912.ece,adulterated milk will foam a lot
News,Milk,starch,detectedby,iodine test on boiled milk,1,1,0.85,https://www.thehindu.com/children/what-is-adulteration-and-what-is-its-impact-on-our-daily-lives/article69210912.ece,add iodine. A blue colour indicates starch
News,Milk,iodine test on boiled milk,producesindicator,blue colour,1,1,0.9,https://www.thehindu.com/children/what-is-adulteration-and-what-is-its-impact-on-our-daily-lives/article69210912.ece,A blue colour indicates starch
News,Milk,warm water dissolution test,producesindicator,honey dissolves,1,1,0.85,https://www.thehindu.com/children/what-is-adulteration-and-what-is-its-impact-on-our-daily-lives/article69210912.ece,"If the honey dissolves, it may indicate adulteration"
News,Milk,tamarind seed powder,detectedby,water floatation test,1,1,0.85,https://www.thehindu.com/children/what-is-adulteration-and-what-is-its-impact-on-our-daily-lives/article69210912.ece,add the coffee powder to water and observe if it floats or sinks
News,Milk,water floatation test,producesindicator,coffee sinks,1,1,0.85,https://www.thehindu.com/children/what-is-adulteration-and-what-is-its-impact-on-our-daily-lives/article69210912.ece,adulterated coffee would sink in the water
News,Milk,Malachite Green,detectedby,liquid paraffin cotton test,1,1,0.9,https://www.thehindu.com/children/what-is-adulteration-and-what-is-its-impact-on-our-daily-lives/article69210912.ece,rubbing or dabbing on the outer green surface of a small part of the vegetable with a cotton soaked in liquid paraffin
News,Milk,liquid paraffin cotton test,producesindicator,cotton turns green,1,1,0.9,https://www.thehindu.com/children/what-is-adulteration-and-what-is-its-impact-on-our-daily-lives/article69210912.ece,"If the cotton turns green, chances are that the vegetable is adulterated"
News,Milk,plastic,detectedby,water float test,1,1,0.9,https://www.thehindu.com/children/what-is-adulteration-and-what-is-its-impact-on-our-daily-lives/article69210912.ece,If the rice floats when put in a glass of water
News,Milk,plastic,detectedby,burn smell test,1,1,0.9,https://www.thehindu.com/children/what-is-adulteration-and-what-is-its-impact-on-our-daily-lives/article69210912.ece,If the rice smells like plastic when burnt
News,Milk,plastic,detectedby,hot oil melt test,1,1,0.9,https://www.thehindu.com/children/what-is-adulteration-and-what-is-its-impact-on-our-daily-lives/article69210912.ece,If the rice melts and sticks together when put in a pan of hot oil
News,Milk,starch,detectedby,iodine test,1,1,0.95,https://www.thehindu.com/children/what-is-adulteration-and-what-is-its-impact-on-our-daily-lives/article69210912.ece,"If the ghee turns purple or blue, it indicates the presence of starch"
News,Milk,vanaspati,detectedby,hydrochloric acid sugar test,1,1,0.9,https://www.thehindu.com/children/what-is-adulteration-and-what-is-its-impact-on-our-daily-lives/article69210912.ece,presence of vanaspati will create an acidic lower crimson colour layer
News,Milk,artificial colouring,detectedby,cold water test,1,1,0.9,https://www.thehindu.com/children/what-is-adulteration-and-what-is-its-impact-on-our-daily-lives/article69210912.ece,If redish orange shades of streak are appearing in the cold water
News,Milk,chalk powder,detectedby,diluted HCl test,1,1,0.9,https://www.thehindu.com/children/what-is-adulteration-and-what-is-its-impact-on-our-daily-lives/article69210912.ece,"To detect chalk powder and washing soda in ice cream, take a small amount of ice cream in a test tube and add a few drops of diluted HCl. Brisk effervescence or bubbles indicate the presence of chalk powder or washing soda."
News,Milk,washing soda,detectedby,diluted HCl test,1,1,0.9,https://www.thehindu.com/children/what-is-adulteration-and-what-is-its-impact-on-our-daily-lives/article69210912.ece,take a small amount of ice cream in a test tube and add a few drops of diluted HCl. Brisk effervescence or bubbles indicate the presence of chalk powder or washing soda.
News,Milk,diluted HCl test,producesindicator,brisk effervescence,1,1,0.95,https://www.thehindu.com/children/what-is-adulteration-and-what-is-its-impact-on-our-daily-lives/article69210912.ece,Brisk effervescence or bubbles indicate the presence of chalk powder
News,Milk,argemone seeds,detectedby,visual examination,1,1,0.95,https://www.thehindu.com/children/what-is-adulteration-and-what-is-its-impact-on-our-daily-lives/article69210912.ece,Argemone seeds in mustard can be easily identified through a visual examination itself
News,Milk,visual examination,producesindicator,white interior,1,1,0.9,https://www.thehindu.com/children/what-is-adulteration-and-what-is-its-impact-on-our-daily-lives/article69210912.ece,argemone seeds are white on the inside
News,Milk,visual examination,producesindicator,rough surface,1,1,0.9,https://www.thehindu.com/children/what-is-adulteration-and-what-is-its-impact-on-our-daily-lives/article69210912.ece,rough and grainy surface of argemone seeds
News,Milk,excess bran,detectedby,water float test,1,1,0.9,https://www.thehindu.com/children/what-is-adulteration-and-what-is-its-impact-on-our-daily-lives/article69210912.ece,Sprinkle a spoon of wheat flour on the surface of water
News,Milk,turmeric,detectedby,lime test,1,1,0.9,https://www.thehindu.com/children/what-is-adulteration-and-what-is-its-impact-on-our-daily-lives/article69210912.ece,Sprinkle a small amount of soaked lime on the rice grains
News,Milk,lime test,producesindicator,red colour,1,1,0.95,https://www.thehindu.com/children/what-is-adulteration-and-what-is-its-impact-on-our-daily-lives/article69210912.ece,Adulterated grains will form a red colour
News,Milk,burning test for foreign resin,producesindicator,bright flame like camphor,1,1,0.9,https://www.thehindu.com/children/what-is-adulteration-and-what-is-its-impact-on-our-daily-lives/article69210912.ece,Pure asafoetida will burn like camphor
News,Milk,burning test for foreign resin,producesindicator,no bright flame,1,1,0.9,https://www.thehindu.com/children/what-is-adulteration-and-what-is-its-impact-on-our-daily-lives/article69210912.ece,Adulterated asafoetida will not produce bright flame like camphor
News,Milk,water solubility test for foreign resin,producesindicator,milky white solution with no sediments,1,1,0.9,https://www.thehindu.com/children/what-is-adulteration-and-what-is-its-impact-on-our-daily-lives/article69210912.ece,Milky white solution with no sediments represents pure asafoetida
News,Milk,potato and lemon juice test,producesindicator,blue colour,1,1,0.9,https://www.thehindu.com/children/what-is-adulteration-and-what-is-its-impact-on-our-daily-lives/article69210912.ece,"If it is iodised salt, a blue colour will develop"
News,Milk,refrigeration test for other oils,producesindicator,solidifies,1,1,0.9,https://www.thehindu.com/children/what-is-adulteration-and-what-is-its-impact-on-our-daily-lives/article69210912.ece,"After refrigeration, coconut oil solidifies"
News,Milk,refrigeration test for other oils,producesindicator,separate layer of other oils,1,1,0.9,https://www.thehindu.com/children/what-is-adulteration-and-what-is-its-impact-on-our-daily-lives/article69210912.ece,"Take coconut oil in a transparent glass. Place this glass in the refrigerator for 30 minutes. (Do not keep in the freezer.) After refrigeration, coconut oil solidifies. If coconut oil is adulterated, then other oils remain as a separate layer."
News,Milk,testing of collected samples,isperformedat,Lucknow-based government laboratory,1,1,0.9,https://timesofindia.indiatimes.com/city/bareilly/administrative-efforts-to-detect-adulteration-in-sweets-ahead-of-holi-prove-futile-in-pilibhit/articleshow/98434474.cms,collected samples are sent to Lucknow-based government laboratory for testing
News,Milk,Detection of non-permitted colours in sweets,identifies,non-permitted colours,1,1,0.85,https://timesofindia.indiatimes.com/city/bareilly/administrative-efforts-to-detect-adulteration-in-sweets-ahead-of-holi-prove-futile-in-pilibhit/articleshow/98434474.cms,find the use of non-permitted colours in certain sweets
News,Milk,non-permitted colours,detectedby,ocular inspection,1,1,0.9,https://timesofindia.indiatimes.com/city/bareilly/administrative-efforts-to-detect-adulteration-in-sweets-ahead-of-holi-prove-futile-in-pilibhit/articleshow/98434474.cms,detected by ocular inspection
News,Milk,analysis,isperformedon,41 milk samples,1,1,0.85,https://www.en.etemaaddaily.com/world/national/death-toll-rises-to-13-andhra-milk-contamination:191121,sent them to the Veterinary Biological Research Institute in Vijayawada for analysis
News,Milk,milk sample analysis,isperformedat,Veterinary Biological Research Institute,1,1,0.9,https://www.en.etemaaddaily.com/world/national/death-toll-rises-to-13-andhra-milk-contamination:191121,sent them to the Veterinary Biological Research Institute in Vijayawada for analysis
News,Milk,analysis,isperformedat,Veterinary Biological Research Institute,1,1,0.9,https://www.en.etemaaddaily.com/world/national/death-toll-rises-to-13-andhra-milk-contamination:191121,sent them to the Veterinary Biological Research Institute in Vijayawada for analysis
News,Oil,starch,detectedby,Iodine test,1,1,0.9,https://timesofindia.indiatimes.com/life-style/food-news/145-kgs-of-rasgullas-and-namkeens-destroyed-ahead-of-diwali-in-noida/articleshow/124574873.cms,"If the solution turns blue or black, it indicates the presence of starch as an adulterant"
News,Oil,Iodine test,producesindicator,blue or black color change,1,1,0.9,https://timesofindia.indiatimes.com/life-style/food-news/145-kgs-of-rasgullas-and-namkeens-destroyed-ahead-of-diwali-in-noida/articleshow/124574873.cms,"If the solution turns blue or black, it indicates the presence of starch"
News,Oil,Palm test,producesindicator,grainy texture,1,1,0.85,https://timesofindia.indiatimes.com/life-style/food-news/145-kgs-of-rasgullas-and-namkeens-destroyed-ahead-of-diwali-in-noida/articleshow/124574873.cms,Pure milk-based sweets like mawa should have a grainy texture
News,Oil,Palm test,producesindicator,slight greasy trail,1,1,0.85,https://timesofindia.indiatimes.com/life-style/food-news/145-kgs-of-rasgullas-and-namkeens-destroyed-ahead-of-diwali-in-noida/articleshow/124574873.cms,leave a slight greasy trail on the palm due to natural fat content
News,Oil,Heat and sugar melting test,producesindicator,water release,1,1,0.85,https://timesofindia.indiatimes.com/life-style/food-news/145-kgs-of-rasgullas-and-namkeens-destroyed-ahead-of-diwali-in-noida/articleshow/124574873.cms,observe if water or excessive moisture separates out
News,Oil,Heat and sugar melting test,producesindicator,excessive moisture,1,1,0.85,https://timesofindia.indiatimes.com/life-style/food-news/145-kgs-of-rasgullas-and-namkeens-destroyed-ahead-of-diwali-in-noida/articleshow/124574873.cms,observe if water or excessive moisture separates out
News,Oil,starch,detectedby,Heat and sugar melting test,1,1,0.8,https://timesofindia.indiatimes.com/life-style/food-news/145-kgs-of-rasgullas-and-namkeens-destroyed-ahead-of-diwali-in-noida/articleshow/124574873.cms,indicates adulterants such as starch or synthetic materials
News,Oil,synthetic materials,detectedby,Heat and sugar melting test,1,1,0.8,https://timesofindia.indiatimes.com/life-style/food-news/145-kgs-of-rasgullas-and-namkeens-destroyed-ahead-of-diwali-in-noida/articleshow/124574873.cms,indicates adulterants such as starch or synthetic materials
News,Oil,Total Polar Compounds (TPC),detectedby,Field inspection by health department,1,1,0.8,https://timesofindia.indiatimes.com/life-style/food-news/40-liters-of-unsafe-cooking-oil-and-40-kg-rotten-tomatoes-found-in-a-popular-fast-food-outlet-in-jaipur/articleshow/128305861.cms,Rajasthan health department food safety officers found higher than permissible levels
News,Oil,examination,isperformedon,samples,1,1,0.85,https://timesofindia.indiatimes.com/city/nagpur/fda-cracks-whip-on-sweetmarts-namkeen-makers-before-diwali/articleshow/87495424.cms,samples were sent to government analysts for examination
News,Oil,laboratory analysis,isperformedon,samples,1,1,0.9,https://timesofindia.indiatimes.com/city/nashik/nashik-fda-confiscates-food-items-worth-over-rs-1-lakh-on-suspicion-of-adulteration/articleshow/131414371.cms,samples have been sent for laboratory analysis
News,Oil,palm oil,inputto,soap manufacturing,1,1,0.85,https://www.india.com/business/prices-of-packaged-goods-to-rise-as-indonesias-palm-oil-export-ban-comes-into-effect-today-all-you-need-to-know-5363846/,palm oil is used as raw material to manufacture products such as soaps
News,Oil,palm oil,inputto,noodle manufacturing,1,1,0.85,https://www.india.com/business/prices-of-packaged-goods-to-rise-as-indonesias-palm-oil-export-ban-comes-into-effect-today-all-you-need-to-know-5363846/,palm oil is used as raw material to manufacture products such as noodles
News,Oil,palm oil,inputto,biscuit manufacturing,1,1,0.9,https://www.india.com/business/prices-of-packaged-goods-to-rise-as-indonesias-palm-oil-export-ban-comes-into-effect-today-all-you-need-to-know-5363846/,palm oil is used as raw material to manufacture products such as biscuits
News,Oil,worms found in food,identifies,worms,1,1,0.85,https://www.hindustantimes.com/cities/noida-news/gb-nagar-admin-to-fix-gaps-in-food-and-drug-safety-in-district-101766773786595.html,complaints of worms being found in food
News,Oil,laboratory testing,isperformedon,samples,1,1,0.85,https://www.hindustantimes.com/cities/noida-news/gb-nagar-admin-to-fix-gaps-in-food-and-drug-safety-in-district-101766773786595.html,lifted samples for laboratory testing
News,Oil,Laboratory analysis of mustard oil sample,isperformedon,Sample of mustard oil from New Kirana Store,1,1,0.95,https://timesofindia.indiatimes.com/city/noida/court-fines-2-for-selling-adulterated-mustard-oil-in-ghaziabad/articleshow/122912688.cms,sent it for laboratory testing
News,Oil,fso:Analysis,isperformedon,Samples,1,1,0.85,https://www.businesstoday.in/bt-tv/whats-hot/video/holi-crackdown-30000-oil-packs-seized-tonnes-of-fake-paneer-destroyed-across-uttar-pradesh-518082-2026-02-26?utm_source=rssfeed,Samples have been sent for testing
News,Oil,fridge test,producesindicator,solidification behavior,1,1,0.85,https://economictimes.indiatimes.com/news/new-updates/coconut-oil-purity-test-fssai-shares-simple-trick-to-detect-adulteration-in-the-oil-you-use-for-hair-skin-and-food/articleshow/129389742.cms,will not behave the same way when chilled
News,Oil,refrigerator cooling test,producesindicator,uniform solidification,1,1,0.9,https://economictimes.indiatimes.com/news/new-updates/coconut-oil-purity-test-fssai-shares-simple-trick-to-detect-adulteration-in-the-oil-you-use-for-hair-skin-and-food/articleshow/129389742.cms,Pure coconut oil will solidify uniformly
News,Oil,coconut oil purity test,producesindicator,distinct layer on top,1,1,0.85,https://economictimes.indiatimes.com/news/new-updates/coconut-oil-purity-test-fssai-shares-simple-trick-to-detect-adulteration-in-the-oil-you-use-for-hair-skin-and-food/articleshow/129389742.cms,"If you see a distinct layer on top or uneven solidification, it may indicate the presence of other oils"
News,Oil,coconut oil purity test,producesindicator,uneven solidification,1,1,0.85,https://economictimes.indiatimes.com/news/new-updates/coconut-oil-purity-test-fssai-shares-simple-trick-to-detect-adulteration-in-the-oil-you-use-for-hair-skin-and-food/articleshow/129389742.cms,"uneven solidification, it may indicate the presence of other oils"
News,Oil,crude palm oil,inputto,RBD olein production,1,1,0.9,https://www.indiatoday.in/business/story/palm-oil-ban-indonesia-prepares-to-widen-palm-oil-export-ban-1942053-2022-04-26,"crude palm oil, which are used as raw materials to make RBD olein"
News,Oil,refined palm oil,inputto,RBD olein production,1,1,0.9,https://www.indiatoday.in/business/story/palm-oil-ban-indonesia-prepares-to-widen-palm-oil-export-ban-1942053-2022-04-26,refined palm oil ... used as raw materials to make RBD olein
News,Oil,re-analysis of oil samples,isperformedat,"Central Food Technological Research Institute, Mysore",1,1,0.95,https://www.freepressjournal.in/mumbai/maharashtra-news-rural-development-minister-jaikumar-gore-announces-suspension-of-2-engineers-over-irregular-payments,"sent to the Central Food Technological Research Institute, Mysore, for re-analysis"
News,Oil,chemical analysis,isperformedon,samples of oil,1,1,0.9,https://timesofindia.indiatimes.com/city/nagpur/fake-oil-other-items-worth-rs8-5-lakh-seized/articleshow/118285152.cms,sent samples of oil for chemical analysis
News,Oil,Bellier Turbidity Temperature Test,isperformedas,routine analysis,1,1,0.85,https://www.thehansindia.com/news/business/amid-widespread-adulteration-in-mustard-oilanjali-gold-passes-government-lab-test-with-highest-purity-score-966687,as part of routine analysis. Using the Bellier Turbidity Temperature Test
News,Oil,impurities,detectedby,Bellier Turbidity Temperature Test,1,1,0.85,https://www.thehansindia.com/news/business/amid-widespread-adulteration-in-mustard-oilanjali-gold-passes-government-lab-test-with-highest-purity-score-966687,The BTTT test remains a vital indicator in detecting such impurities
News,Oil,Analysis,isperformedon,93 food samples,1,1,0.9,https://www.thehindu.com/news/national/kerala/closure-notices-issued-to-110-food-joints-in-kerala/article65389326.ece,93 food samples were collected and sent for analysis
News,Oil,mustard oil,outputof,oil extraction,1,1,0.85,https://timesofindia.indiatimes.com/city/chandigarh/investigation-into-dropsy-deaths-in-nabha-new-committee-formed-to-probe-tainted-edible-oil/articleshow/115711329.cms,extracted oil from raw seeds
News,Oil,Sample testing for adulteration in Pilibhit,isperformedat,Lucknow-based government laboratory,1,1,0.9,https://timesofindia.indiatimes.com/city/bareilly/administrative-efforts-to-detect-adulteration-in-sweets-ahead-of-holi-prove-futile-in-pilibhit/articleshow/98434474.cms,samples are sent to Lucknow-based government laboratory for testing
News,Oil,LaboratoryTest: Government Lab Analysis,isperformedas,Analysis: Oil Sample Analysis,1,1,0.75,https://timesofindia.indiatimes.com/city/nagpur/fda-busts-fake-edible-oil-racket-1925-litres-seized/articleshow/93957827.cms,Samples of the oil seized during the raid would be sent to government laboratory for analysis
News,Oil,nitric acid test for argemone oil,producesindicator,orange yellow to red colour,1,1,0.95,https://timesofindia.indiatimes.com/life-style/food-news/adulterated-mustard-oil-seized-in-ghaziabad-how-to-check-oil-purity-at-home/articleshow/121774827.cms,An orange yellow to red colour will develop in the acidic layer in the adulterated mustard oil
News,Oil,nitric acid test for argemone oil,producesindicator,no colour change,1,1,0.95,https://timesofindia.indiatimes.com/life-style/food-news/adulterated-mustard-oil-seized-in-ghaziabad-how-to-check-oil-purity-at-home/articleshow/121774827.cms,unadulterated mustard oil will show no colour change in the acidic layer
News,Oil,Lab testing for food samples,isperformedon,"food samples from Ambedkar road, Ahinsa Khand-Indirapuram and Lajpat Nagar",1,1,0.85,https://timesofindia.indiatimes.com/city/ghaziabad/adulterated-food-items-with-false-labels-55-shops-fined-46l/articleshow/93445659.cms,which have been sent for lab testing
News,Oil,paneer adulteration finding,identifies,carbonate neutraliser,1,1,0.9,https://timesofindia.indiatimes.com/city/noida/paneer-seized-in-noida-from-aligarh-found-unsafe-case-filed-in-court/articleshow/122212904.cms,paneer was prepared using refined oil and a carbonate neutraliser
News,Oil,laboratory analysis,isperformedon,surveillance samples of various edible oils,1,1,0.85,https://www.newindianexpress.com/states/andhra-pradesh/2023/feb/11/food-safety-dept-to-check-on-oil-merchants-2546465.html,collect two surveillance samples of various edible oils and send them to laboratories
News,Oil,IncidentFinding at Sri Santosh Foods,identifies,reused oil,1,1,0.85,https://www.thehindu.com/news/national/telangana/food-safety-officials-flag-unhygienic-conditions-at-a-store-in-mahabubnagar-seize-60500-worth-snacks/article68991933.ece,observed the use of reused oil
News,Oil,IncidentFinding at Sri Santosh Foods,identifies,synthetic food colors,1,1,0.9,https://www.thehindu.com/news/national/telangana/food-safety-officials-flag-unhygienic-conditions-at-a-store-in-mahabubnagar-seize-60500-worth-snacks/article68991933.ece,observed the use of reused oil and synthetic food colors
News,Oil,Analysis of seized oil,isperformedon,Sample of seized sunflower oil,1,1,0.9,https://www.thehindu.com/news/cities/Hyderabad/2500-litres-of-suspected-adulterated-cooking-oil-seized/article66001879.ece,Samples of the seized oil were sent to the Food Laboratory for analysis
News,Oil,Analysis of seized oil,isperformedat,Food Laboratory,1,1,0.9,https://www.thehindu.com/news/cities/Hyderabad/2500-litres-of-suspected-adulterated-cooking-oil-seized/article66001879.ece,sent to the Food Laboratory for analysis
News,Oil,Analysis of meat samples,isperformedat,FSSAI lab in Salem,1,1,0.85,https://timesofindia.indiatimes.com/city/salem/namakkal-bans-shawarma-grilled-chicken/articleshow/103797498.cms,sent them to the FSSAI lab in Salem
News,Oil,SensoryTest,producesindicator,"no smell, light yellow, very chewy",1,1,0.85,https://indianexpress.com/article/cities/pune/dairy-unit-adulterated-paneer-chinchwad-goods-worth-8603405/,"Adulterated paneer has no smell, is light yellow and very chewy."
News,Oil,SensoryTest for adulterated paneer,producesindicator,light yellow color,1,1,0.9,https://indianexpress.com/article/cities/pune/dairy-unit-adulterated-paneer-chinchwad-goods-worth-8603405/,is light yellow
News,Oil,SensoryTest for adulterated paneer,producesindicator,very chewy texture,1,1,0.9,https://indianexpress.com/article/cities/pune/dairy-unit-adulterated-paneer-chinchwad-goods-worth-8603405/,and very chewy
News,Oil,SensoryTest for unadulterated paneer,producesindicator,bright white color,1,1,0.9,https://indianexpress.com/article/cities/pune/dairy-unit-adulterated-paneer-chinchwad-goods-worth-8603405/,is bright white
News,Oil,SensoryTest for unadulterated paneer,producesindicator,very soft texture,1,1,0.9,https://indianexpress.com/article/cities/pune/dairy-unit-adulterated-paneer-chinchwad-goods-worth-8603405/,and is very soft
News,Oil,Solidification Test,producesindicator,solidifies at temperatures below 76°F,1,1,0.9,https://timesofindia.indiatimes.com/life-style/food-news/how-to-check-the-purity-of-coconut-oil/articleshow/116632336.cms,Coconut oil naturally solidifies at temperatures below 76°F
News,Oil,Solidification Test,producesindicator,remains in liquid form at lower temperatures,1,1,0.9,https://timesofindia.indiatimes.com/life-style/food-news/how-to-check-the-purity-of-coconut-oil/articleshow/116632336.cms,"remains in liquid form even at lower temperatures, it may be adulterated"
News,Oil,Aroma and Taste Test,producesindicator,"distinct, pleasant coconut aroma and taste",1,1,0.9,https://timesofindia.indiatimes.com/life-style/food-news/how-to-check-the-purity-of-coconut-oil/articleshow/116632336.cms,"Pure coconut oil should have a distinct, pleasant coconut aroma and taste"
News,Oil,Aroma and Taste Test,producesindicator,neutral or bland taste or odor,1,1,0.85,https://timesofindia.indiatimes.com/life-style/food-news/how-to-check-the-purity-of-coconut-oil/articleshow/116632336.cms,"If the oil has a neutral or bland taste or odor, it could be refined"
News,Oil,transparency test,producesindicator,overly cloudy or contains visible particles,1,1,0.9,https://timesofindia.indiatimes.com/life-style/food-news/how-to-check-the-purity-of-coconut-oil/articleshow/116632336.cms,"If it appears overly cloudy or contains visible particles, it could be diluted"
News,Oil,refrigeration test,producesindicator,does not solidify or remains overly liquid,1,1,0.9,https://timesofindia.indiatimes.com/life-style/food-news/how-to-check-the-purity-of-coconut-oil/articleshow/116632336.cms,"If it does not solidify or remains overly liquid, it could be a sign of adulteration"
News,Oil,analysis of collected samples,isperformedat,state food testing laboratory in Ranchi,1,1,0.9,https://timesofindia.indiatimes.com/city/ranchi/14-students-of-a-government-school-in-hazaribag-take-ill-after-consuming-snacks-hospitalized/articleshow/124097235.cms,sent to the state food testing laboratory in Ranchi for analysis
News,Oil,chemical analysis,isperformedat,state food testing laboratory in Namkum,1,1,0.9,https://timesofindia.indiatimes.com/city/ranchi/expired-mustard-oil-seized-in-hazaribag-food-safety-raid/articleshow/130094279.cms,chemical analysis at the state food testing laboratory in Namkum
News,Oil,chemical analysis,isperformedon,samples of multiple brands,1,1,0.9,https://timesofindia.indiatimes.com/city/ranchi/expired-mustard-oil-seized-in-hazaribag-food-safety-raid/articleshow/130094279.cms,collected samples of multiple brands for chemical analysis
News,Oil,SensoryTest,producesindicator,"no smell, light yellow, and chewy",1,1,0.85,https://timesofindia.indiatimes.com/city/noida/168-food-samples-found-unsafe-paneer-tops-list/articleshow/108955679.cms,"Adulterated paneer has no smell, is light yellow, and chewy"
News,Oil,SensoryTest,producesindicator,chewy texture,1,1,0.85,https://timesofindia.indiatimes.com/city/noida/168-food-samples-found-unsafe-paneer-tops-list/articleshow/108955679.cms,"Adulterated paneer has no smell, is light yellow, and chewy"
News,Oil,SensoryTest,producesindicator,"smell of good quality milk cream, bright white color, soft texture",1,1,0.85,https://timesofindia.indiatimes.com/city/noida/168-food-samples-found-unsafe-paneer-tops-list/articleshow/108955679.cms,"unadulterated paneer traditionally smells of good quality milk cream, is bright white, and is very soft"
News,Oil,detailed analysis,isperformedat,state food testing laboratory,1,1,0.9,https://timesofindia.indiatimes.com/city/ranchi/ranchi-intensifies-food-safety-inspections-amid-festival-season/articleshow/114707880.cms,sent 28 food samples ... to the state food testing laboratory for a detailed analysis
News,Oil,on-the-spot testing,requireskit,mobile testing units,1,1,0.85,https://timesofindia.indiatimes.com/city/ranchi/ranchi-intensifies-food-safety-inspections-amid-festival-season/articleshow/114707880.cms,mobile testing units will also be deployed soon to conduct on-the-spot testing
News,Oil,testing of surveillance samples,isperformedon,surveillance samples,1,1,0.85,https://timesofindia.indiatimes.com/city/ranchi/ranchi-intensifies-food-safety-inspections-amid-festival-season/articleshow/114707880.cms,continuing to test surveillance samples
News,Oil,preliminary analysis of an oil sample,isperformedat,"PGIMER, Chandigarh",1,1,0.9,https://www.hindustantimes.com/cities/chandigarh-news/health-dept-seizes-352-boxes-of-refined-oil-after-6-hospitalised-101745259236048.html,preliminary analysis of an oil sample linked to the cases has revealed
News,Oil,preliminary analysis of an oil sample,isperformedon,refined soyabean oil,1,1,0.9,https://www.hindustantimes.com/cities/chandigarh-news/health-dept-seizes-352-boxes-of-refined-oil-after-6-hospitalised-101745259236048.html,preliminary analysis of an oil sample linked to the cases
News,Oil,preliminary analysis of an oil sample,identifies,Vitamin D,1,1,0.9,https://www.hindustantimes.com/cities/chandigarh-news/health-dept-seizes-352-boxes-of-refined-oil-after-6-hospitalised-101745259236048.html,preliminary analysis of an oil sample linked to the cases has revealed abnormally high levels of Vitamin D
News,Oil,Vitamin D,detectedby,fflo:LaboratoryTest,1,1,0.85,https://www.hindustantimes.com/cities/chandigarh-news/health-dept-seizes-352-boxes-of-refined-oil-after-6-hospitalised-101745259236048.html,preliminary analysis of an oil sample linked to the cases has revealed
News,Oil,laboratory analysis of seized refined oil samples,isperformedat,state food lab in Kharar,1,1,0.9,https://www.hindustantimes.com/cities/chandigarh-news/health-dept-seizes-352-boxes-of-refined-oil-after-6-hospitalised-101745259236048.html,sent for laboratory analysis to the state food lab in Kharar
News,Oil,laboratory analysis,isperformedon,seized refined oil samples,1,1,0.9,https://www.hindustantimes.com/cities/chandigarh-news/health-dept-seizes-352-boxes-of-refined-oil-after-6-hospitalised-101745259236048.html,Samples of the seized products have been collected and sent for laboratory analysis
News,Oil,detailed analysis,isperformedon,Oil samples,1,1,0.9,https://timesofindia.indiatimes.com/city/chennai/chennai-shop-with-4-3-tonnes-of-blended-cooking-oil-in-sump-sealed/articleshow/93741067.cms,samples were sent to food safety labs for detailed analysis
News,Oil,detailed analysis,isperformedat,recognised laboratories in Hyderabad,1,1,0.85,https://www.thehansindia.com/andhra-pradesh/ap-crackdown-after-milk-contamination-claims-5-lives-1052137,"sent 150 samples from various centres to recognised laboratories in Hyderabad, Chennai, and Kakinada for detailed analysis"
News,Oil,detailed analysis,isperformedat,"recognised laboratories in Hyderabad, Chennai, and Kakinada",1,1,0.85,https://www.thehansindia.com/andhra-pradesh/ap-crackdown-after-milk-contamination-claims-5-lives-1052137,"sent 150 samples from various centres to recognised laboratories in Hyderabad, Chennai, and Kakinada for detailed analysis"
News,Oil,detailed analysis,isperformedat,Kakinada,1,1,0.85,https://www.thehansindia.com/andhra-pradesh/ap-crackdown-after-milk-contamination-claims-5-lives-1052137,"sent 150 samples from various centres to recognised laboratories in Hyderabad, Chennai, and Kakinada for detailed analysis"
News,Oil,starch,detectedby,magic kits,1,1,0.9,https://www.thehansindia.com/andhra-pradesh/ap-crackdown-after-milk-contamination-claims-5-lives-1052137,"detect adulterants such as urea, starch and vegetable oil"
News,Oil,vegetable oil,detectedby,magic kits,1,1,0.85,https://www.thehansindia.com/andhra-pradesh/ap-crackdown-after-milk-contamination-claims-5-lives-1052137,"detect adulterants such as urea, starch and vegetable oil"
News,Oil,sesame seeds,inputto,edible oil factory,1,1,0.85,https://www.thehindu.com/news/cities/Madurai/55050-kg-of-sesame-seeds-seized-in-virudhunagar/article70104593.ece,brought for an edible oil factory
News,Oil,analysis of sesame seeds,isperformedon,sample of oil seeds,1,1,0.9,https://www.thehindu.com/news/cities/Madurai/55050-kg-of-sesame-seeds-seized-in-virudhunagar/article70104593.ece,The sample of oil seeds has been taken for analysis
News,Oil,serving cheese analogues in burgers and nuggets,identifies,cheese analogues,1,1,0.95,https://www.indiatoday.in/business/story/mcdonalds-responds-to-fake-cheese-crackdown-maharashtra-fda-2506260-2024-02-23?utm_source=rss,found McDonald's outlets serving cheese analogues
News,Oil,scientific examination,isperformedon,seized oil samples,1,1,0.9,https://www.hindustantimes.com/cities/chandigarh-news/fake-engine-oil-unit-busted-in-zirakpur-1-arrested-101767555523200.html,conduct a scientific examination of the seized oil samples
News,Oil,laboratory analysis,isperformedon,seized items,1,1,0.9,https://www.freepressjournal.in/pune/fda-destroys-102-litres-of-lassi-made-using-expired-ingredients-during-raids-in-beed,Samples of the seized items have been sent for laboratory analysis
News,Oil,test on seized items,isperformedat,laboratory,1,1,0.85,https://www.newindianexpress.com/states/odisha/2021/nov/03/sub-standard-bread-stale-crispy-chicken-seized-from-kfc-outlet-in-cuttack-2379146.html,samples have been sent to a laboratory for test
News,Oil,laboratory testing,isperformedon,food samples from Surabhi Restaurant,1,1,0.85,https://www.newindianexpress.com/cities/hyderabad/2024/Nov/09/unhygienic-conditions-of-hyderabad-hotels-greet-food-cops,collect food samples for testing in the laboratory
News,Oil,Refrigeration Test,producesindicator,Solidification of pure oil,1,1,0.9,https://timesofindia.indiatimes.com/life-style/health-fitness/health-news/how-to-identify-fake-cooking-oil-fssai-recommended-tips/articleshow/110694766.cms,"Pure oils will solidify, while adulterated oils may remain liquid"
News,Oil,Freezer Test,producesindicator,Solidification within 30 minutes,1,1,0.9,https://timesofindia.indiatimes.com/life-style/health-fitness/health-news/how-to-identify-fake-cooking-oil-fssai-recommended-tips/articleshow/110694766.cms,"Pure olive oil, for example, should start to solidify within 30 minutes"
News,Oil,Paper Spot Test,producesindicator,Even translucent spot without greasy ring,1,1,0.9,https://timesofindia.indiatimes.com/life-style/health-fitness/health-news/how-to-identify-fake-cooking-oil-fssai-recommended-tips/articleshow/110694766.cms,"Pure oil will leave an even, translucent spot without a greasy ring"
News,Oil,HCL Color Test,producesindicator,Red color change,1,1,0.9,https://timesofindia.indiatimes.com/life-style/health-fitness/health-news/how-to-identify-fake-cooking-oil-fssai-recommended-tips/articleshow/110694766.cms,if the oil is adulterated a red color will be seen
News,Oil,HCL Color Test,producesindicator,No color change,1,1,0.9,https://timesofindia.indiatimes.com/life-style/health-fitness/health-news/how-to-identify-fake-cooking-oil-fssai-recommended-tips/articleshow/110694766.cms,There will be no color change if the oil is unadulterated
News,Oil,refrigeration solidification test,producesindicator,separate layer on the top,1,1,0.85,https://timesofindia.indiatimes.com/life-style/health-fitness/health-news/how-to-identify-fake-cooking-oil-fssai-recommended-tips/articleshow/110694766.cms,adulterated oils will have a separate layer on the top
News,Oil,refrigeration solidification test,producesindicator,solidification of pure coconut oil,1,1,0.85,https://timesofindia.indiatimes.com/life-style/health-fitness/health-news/how-to-identify-fake-cooking-oil-fssai-recommended-tips/articleshow/110694766.cms,Pure coconut oil will solidify
News,Oil,refrigeration solidification test,producesindicator,separate layer on top,1,1,0.85,https://timesofindia.indiatimes.com/life-style/health-fitness/health-news/how-to-identify-fake-cooking-oil-fssai-recommended-tips/articleshow/110694766.cms,adulterated oils will have a separate layer on the top
News,Oil,refrigerator test for coconut oil,producesindicator,separate layer on top,1,1,0.85,https://timesofindia.indiatimes.com/life-style/health-fitness/health-news/how-to-identify-fake-cooking-oil-fssai-recommended-tips/articleshow/110694766.cms,adulterated oils will have a separate layer on the top
News,Oil,starch powder,detectedby,iodine and soybean powder methods,1,1,0.9,https://www.thehansindia.com/andhra-pradesh/milk-safety-under-scanner-in-tirupati-after-mps-warning-1051944,preliminary tests using iodine and soybean powder methods
News,Oil,detailed analysis,isperformedat,State Food Safety and Anti-Adulteration Laboratory,1,1,0.9,https://www.thehansindia.com/andhra-pradesh/milk-safety-under-scanner-in-tirupati-after-mps-warning-1051944,sent to the State Food Safety and Anti-Adulteration Laboratory for detailed analysis
News,Oil,examination of food samples,isperformedat,food analysis laboratory,1,1,0.85,https://garhwalpost.in/campaign-against-adulterated-food-items-to-continue-dr-rajesh-kumar/,sent to the food analysis laboratory for examination
News,Oil,examination,isperformedon,edible oil sample,1,1,0.85,https://www.freepressjournal.in/indore/indore-in-ongoing-war-against-adulteration-3k-lt-edible-oil-seizedfrom-two-units,samples have been sent for examination
News,Oil,visual inspection,producesindicator,cloudiness,1,1,0.9,https://timesofindia.indiatimes.com/life-style/beauty/signs-your-coconut-oil-is-fake-and-how-to-spot-the-real-one/photostory/124849847.cms,"visual inspection, in which, if you see ... cloudiness"
News,Oil,visual inspection,producesindicator,unnatural colouration,1,1,0.9,https://timesofindia.indiatimes.com/life-style/beauty/signs-your-coconut-oil-is-fake-and-how-to-spot-the-real-one/photostory/124849847.cms,"visual inspection, in which, if you see ... unnatural colouration"
News,Oil,olfactory test,producesindicator,stale smell,1,1,0.9,https://timesofindia.indiatimes.com/life-style/beauty/signs-your-coconut-oil-is-fake-and-how-to-spot-the-real-one/photostory/124849847.cms,if you feel that the oil smells stale
News,Oil,olfactory test,producesindicator,lack of coconut fragrance,1,1,0.9,https://timesofindia.indiatimes.com/life-style/beauty/signs-your-coconut-oil-is-fake-and-how-to-spot-the-real-one/photostory/124849847.cms,lacks the coconut fragrance
News,Oil,taste test,producesindicator,rancid taste,1,1,0.9,https://timesofindia.indiatimes.com/life-style/beauty/signs-your-coconut-oil-is-fake-and-how-to-spot-the-real-one/photostory/124849847.cms,if you feel there is a hint of rancid taste
News,Oil,SensoryTest,producesindicator,foaming,1,1,0.85,https://timesofindia.indiatimes.com/life-style/food-news/what-actually-happens-when-cooking-oil-is-reused-and-why-it-matters/articleshow/124779839.cms,discarding oil that shows any signs of foaming
News,Oil,SensoryTest,producesindicator,smoking,1,1,0.85,https://timesofindia.indiatimes.com/life-style/food-news/what-actually-happens-when-cooking-oil-is-reused-and-why-it-matters/articleshow/124779839.cms,"discarding oil that shows any signs of foaming, smoking, or off smell"
News,Oil,SensoryTest,producesindicator,off smell,1,1,0.85,https://timesofindia.indiatimes.com/life-style/food-news/what-actually-happens-when-cooking-oil-is-reused-and-why-it-matters/articleshow/124779839.cms,"discarding oil that shows any signs of foaming, smoking, or off smell"
News,Oil,oil-monitoring systems,producesindicator,total polar compounds,1,1,0.85,https://timesofindia.indiatimes.com/life-style/food-news/what-actually-happens-when-cooking-oil-is-reused-and-why-it-matters/articleshow/124779839.cms,"oil-monitoring systems that test ""total polar compounds"""
News,Oil,SensoryTest,producesindicator,"smell, appearance, and overall condition",1,1,0.9,https://indianexpress.com/article/cities/lucknow/fsda-diwali-drive-up-seizes-adulterated-unsafe-food-10310818/,"based on their smell, appearance, and overall condition"
News,Oil,re-analysis,isperformedat,Central Food Technological Research Institute,1,1,0.9,https://www.freepressjournal.in/mumbai/maharashtra-news-minister-narhari-zirwal-announces-suspension-of-2-fda-officials-closure-of-nandurbar-factory-over-oil-adulteration,samples have now been sent for re-analysis to Central Food Technological Research Institute
News,Oil,paneer sample analysis,isperformedat,FDA laboratory,1,1,0.85,https://www.indiatoday.in/cities/pune/story/maharashtra-fda-confiscates-adulterated-paneer-in-pune-1999987-2022-09-14?utm_source=rss,samples have been sent to the FDA laboratory for testing
News,Oil,palm oil,detectedby,mobile laboratory test,1,1,0.8,https://timesofindia.indiatimes.com/city/indore/massive-raids-uncover-10-quintals-of-contaminated-mawa-and-sweets-in-indore/articleshow/114380580.cms,"In the mobile laboratory, palm oil was found"
News,Oil,Sensory evaluation,producesindicator,unusual taste,1,1,0.9,https://indianexpress.com/article/lifestyle/food-wine/govt-seizes-fake-cooking-oil-harms-how-to-identify-9369475/,Sensory evaluation involves checking for unusual taste
News,Oil,Sensory evaluation,producesindicator,unusual colour,1,1,0.9,https://indianexpress.com/article/lifestyle/food-wine/govt-seizes-fake-cooking-oil-harms-how-to-identify-9369475/,"Sensory evaluation involves checking for unusual taste, colour"
News,Oil,Sensory evaluation,producesindicator,unusual odour,1,1,0.9,https://indianexpress.com/article/lifestyle/food-wine/govt-seizes-fake-cooking-oil-harms-how-to-identify-9369475/,"Sensory evaluation involves checking for unusual taste, colour, or odour"
News,Oil,adulterants,detectedby,fatty acid composition analysis,1,1,0.85,https://indianexpress.com/article/lifestyle/food-wine/govt-seizes-fake-cooking-oil-harms-how-to-identify-9369475/,fatty acid composition analysis ... can detect the presence of adulterants
News,Oil,adulterants,detectedby,chromatography,1,1,0.85,https://indianexpress.com/article/lifestyle/food-wine/govt-seizes-fake-cooking-oil-harms-how-to-identify-9369475/,"chromatography, can detect the presence of adulterants"
News,Oil,non-edible substances,detectedby,chromatography,1,1,0.85,https://indianexpress.com/article/lifestyle/food-wine/govt-seizes-fake-cooking-oil-harms-how-to-identify-9369475/,"chromatography, can detect the presence of adulterants or non-edible substances"
News,Oil,total polar compounds,detectedby,polarimeter devices,1,1,0.9,https://timesofindia.indiatimes.com/city/nagpur/fda-warns-outlets-against-repeated-use-of-edible-oil/articleshow/91821386.cms,spot-testing with polarimeter devices for total polar compounds
News,Oil,food safety analysis,isperformedon,91 samples,1,1,0.85,https://timesofindia.indiatimes.com/city/noida/expired-treats-worth-rs-22l-seized-in-ghaziabad/articleshow/118902898.cms,91 samples have been collected so far and sent for analysis
News,Oil,Tests,isperformedat,State Food Laboratory in Nacharam,1,1,0.95,https://www.thehindu.com/news/cities/Hyderabad/when-oil-and-opportunity-mix-to-beget-fraud/article65354086.ece,sent those to the State Food Laboratory in Nacharam. Tests were conducted
News,Oil,examination of mawa and paneer samples,isperformedat,State Food Testing Laboratory,1,1,0.9,https://www.freepressjournal.in/bhopal/bhopal-news-27-quintals-of-suspected-adulterated-mawa-seized-ahead-of-holi,sent to the State Food Testing Laboratory for examination
News,Oil,State Food Testing Laboratory examination,isperformedon,mawa sample,1,1,0.85,https://www.freepressjournal.in/bhopal/bhopal-news-27-quintals-of-suspected-adulterated-mawa-seized-ahead-of-holi,Five samples each of the seized mawa and paneer were collected and sent to the State Food Testing Laboratory for examination
News,Oil,examination of mawa and paneer samples,isperformedon,paneer sample,1,1,0.85,https://www.freepressjournal.in/bhopal/bhopal-news-27-quintals-of-suspected-adulterated-mawa-seized-ahead-of-holi,Five samples each of the seized mawa and paneer were collected and sent to the State Food Testing Laboratory for examination
News,Oil,butter colour change test,producesindicator,red colour change,1,1,0.9,https://indianexpress.com/article/lifestyle/food-wine/oil-adulteration-test-fssai-7513100/,changes colour and turns red
News,Oil,butter colour change test,producesindicator,no colour change,1,1,0.9,https://indianexpress.com/article/lifestyle/food-wine/oil-adulteration-test-fssai-7513100/,unadulterated oil remains unchanged
News,Oil,IncidentFinding_sweets_non_edible,identifies,non-edible food colours,1,1,0.9,https://timesofindia.indiatimes.com/city/ranchi/adulterated-sweets-seized-from-mela/articleshow/122282259.cms,The team found 24 kg of sweets in one shop prepared using non-edible food colours
News,Oil,paneer sample testing,isperformedat,SMC laboratory,1,1,0.85,https://indianexpress.com/article/cities/ahmedabad/surat-man-selling-substandard-paneer-search-dairy-sealed-10385749/,paneer samples were later sent to the SMC laboratory for testing
News,Oil,all-India sample survey,identifies,used motor oil,1,1,0.95,https://www.thehindu.com/archives/from-the-pages-of-the-hindu-july-4-1974-edible-oil-adulterated-with-used-motor-oil/article68364441.ece,An all-India sample survey... has revealed that used motor oil is being utilised
News,Oil,Edible oil analysis,isperformedat,State Food Laboratory in Nacharam,1,1,0.9,https://www.thehindu.com/news/cities/Hyderabad/oils-not-well-food-safety-teams-smell-fraud/article65290089.ece,sent to the State Food Laboratory in Nacharam
News,Oil,oil quality analysis,isperformedat,State Food Laboratory,1,1,0.85,https://www.thehindu.com/news/cities/Hyderabad/oils-not-well-food-safety-teams-smell-fraud/article65290089.ece,Senior scientific officer at the State Food Laboratory
News,Oil,refrigerator freezing test,producesindicator,oil freezes with white content,1,1,0.85,https://garhwalpost.in/specs-presents-report-on-adulteration-in-mustard-oil/,"If the oil freezes with some white content, then the oil contains adulteration."
News,Oil,refrigerator freezing test,producesindicator,freezing with white content,1,1,0.9,https://garhwalpost.in/specs-presents-report-on-adulteration-in-mustard-oil/,"If the oil freezes with some white content, then the oil contains adulteration."
News,Oil,rubbing test,producesindicator,traces of colour and chemical smell,1,1,0.9,https://garhwalpost.in/specs-presents-report-on-adulteration-in-mustard-oil/,"If there are any traces of colour and some chemical smell, then it means oil contains some spurious substance."
News,Oil,boiling test,producesindicator,effervescence in top layer,1,1,0.85,https://garhwalpost.in/specs-presents-report-on-adulteration-in-mustard-oil/,if the top layer is full of effervescence means adulteration
News,Oil,boiling test,producesindicator,top layer full of effervescence,1,1,0.9,https://garhwalpost.in/specs-presents-report-on-adulteration-in-mustard-oil/,if the top layer is full of effervescence means adulteration
News,Oil,lemon drop test,producesindicator,change in physical condition,1,1,0.9,https://garhwalpost.in/specs-presents-report-on-adulteration-in-mustard-oil/,"If the physical condition changes, it means adulteration."
News,Oil,coconut oil,inputto,packing in small containers,1,1,0.85,https://economictimes.indiatimes.com/news/india/supreme-court-rules-coconut-oil-as-edible-lowering-gst-tax-rates/articleshow/116442123.cms,received its coconut oil in bulk and sold the same after packing in small containers
News,Oil,Laboratory Testing,isperformedat,Laboratory,1,1,0.85,https://www.thehansindia.com/telangana/adulterated-food-threatens-public-health-in-gadwal-district-inspections-reduced-to-a-formality-966491,sent to a laboratory for testing
News,Oil,laboratory testing,isperformedon,sample of gulab jamun,1,1,0.9,https://www.hindustantimes.com/cities/noida-news/ahead-of-holi-food-safety-raids-net-unhygienic-sweets-mislabelled-oils-in-gb-nagar-101771877000656.html,sample was collected for laboratory testing
News,Oil,lab testing,isperformedon,milk sample,1,1,0.9,https://timesofindia.indiatimes.com/city/gurgaon/haryana-govt-tightens-food-safety-inspections-before-festive-rush/articleshow/123954497.cms,seized a milk sample for lab testing
News,Oil,detailed analysis,isperformedon,milk sample,1,1,0.9,https://www.deccanchronicle.com/southern-states/andhra-pradesh/6-held-for-supplying-mule-bank-accounts-to-cyber-fraud-syndicates-1939961,sent to the Nacharam laboratory for detailed analysis
News,Oil,Laboratory analysis of samples of both products,identifies,diethylene glycol,1,1,0.95,https://economictimes.indiatimes.com/industry/healthcare/biotech/pharmaceuticals/probe-into-uzbekistan-cough-syrup-deaths-3-employees-of-noida-based-marion-biotech-arrested/articleshow/98390422.cms,Laboratory analysis of samples of both products... found both products contained unacceptable amounts of diethylene glycol
News,Oil,diethylene glycol,detectedby,Laboratory analysis,1,1,0.9,https://economictimes.indiatimes.com/industry/healthcare/biotech/pharmaceuticals/probe-into-uzbekistan-cough-syrup-deaths-3-employees-of-noida-based-marion-biotech-arrested/articleshow/98390422.cms,Laboratory analysis of samples of both products... found both products contained unacceptable amounts of diethylene glycol
News,Oil,ethylene glycol,detectedby,Laboratory analysis,1,1,0.9,https://economictimes.indiatimes.com/industry/healthcare/biotech/pharmaceuticals/probe-into-uzbekistan-cough-syrup-deaths-3-employees-of-noida-based-marion-biotech-arrested/articleshow/98390422.cms,Laboratory analysis of samples ... found both products contained ... ethylene glycol
News,Oil,in-depth examination,producesindicator,mismatches in Batch Code details,1,1,0.95,https://economictimes.indiatimes.com/industry/cons-products/food/adani-wilmar-files-police-complaint-against-sale-of-counterfeit-fortune-brand-products/articleshow/102042295.cms,revealed significant mismatches in Batch Code details
News,Oil,in-depth examination,producesindicator,fake QR codes,1,1,0.95,https://economictimes.indiatimes.com/industry/cons-products/food/adani-wilmar-files-police-complaint-against-sale-of-counterfeit-fortune-brand-products/articleshow/102042295.cms,fake QR codes
News,Oil,laboratory testing,isperformedat,state-level laboratory,1,1,0.9,https://timesofindia.indiatimes.com/city/bhopal/over-100-food-samples-collected-ahead-of-diwali-to-combat-adulteration/articleshow/114633233.cms,sent to the state-level laboratory for testing
News,Oil,laboratory testing,isperformedat,state food testing laboratory in Bhopal,1,1,0.85,https://timesofindia.indiatimes.com/city/indore/beats-of-bhagoria-return-with-haats-in-barwani-khargone/articleshow/128761540.cms,samples were sent to state food testing laboratory in Bhopal
News,Oil,detailed analysis,isperformedat,"recognised laboratories in Hyderabad, Chennai and Kakinada",1,1,0.85,https://www.deccanchronicle.com/southern-states/andhra-pradesh/ap-govt-intensifies-crackdown-after-milk-contamination-claims-5-lives-1940073,"sent 150 samples from various centres to recognised laboratories in Hyderabad, Chennai and Kakinada for detailed analysis"
News,Oil,urea,detectedby,FieldTest,1,1,0.9,https://www.deccanchronicle.com/southern-states/andhra-pradesh/ap-govt-intensifies-crackdown-after-milk-contamination-claims-5-lives-1940073,detect adulterants such as urea
News,Oil,analysis,isperformedon,Samples from the oil mill,1,1,0.9,https://timesofindia.indiatimes.com/city/chandigarh/health-crisis-in-nabha-urgent-advisory-after-fatal-dropsy-cases/articleshow/114230683.cms,Samples from the oil mill have been collected and sent for analysis
News,Oil,argemone,detectedby,LaboratoryTest,1,1,0.85,https://timesofindia.indiatimes.com/city/chandigarh/health-crisis-in-nabha-urgent-advisory-after-fatal-dropsy-cases/articleshow/114230683.cms,Oil tested positive for argemone.
News,Oil,Testing of seized materials,isperformedat,State Food Testing Laboratory in Bhopal,1,1,0.9,https://www.freepressjournal.in/indore/mp-spice-grinding-unit-sealed-for-flouting-norms,undergo testing at the State Food Testing Laboratory in Bhopal
News,Oil,laboratory testing,isperformedon,13 food samples,1,1,0.9,https://www.hindustantimes.com/cities/noida-news/gautam-budh-nagar-admin-inspects-sweet-shops-ahead-of-raksha-bandhan-101754591416255.html,Samples have been sent for laboratory testing
News,Oil,gross violations,identifies,fungus contamination,1,1,0.85,https://www.hindustantimes.com/cities/noida-news/gautam-budh-nagar-admin-inspects-sweet-shops-ahead-of-raksha-bandhan-101754591416255.html,"gross violations were found, such as fungus contamination"
News,Oil,crude palm oil,outputof,crushing of oil palm kernel,1,1,0.9,https://www.sentinelassam.com/business/indias-series-of-interventions-arrest-domestic-spike-in-palm-oil-prices-569841,Oil palm kernel is crushed to extract crude palm oil
News,Oil,refined palm oil,outputof,processing of crude palm oil,1,1,0.9,https://www.sentinelassam.com/business/indias-series-of-interventions-arrest-domestic-spike-in-palm-oil-prices-569841,subsequently processed to make refined palm oil
News,Oil,crude palm oil,inputto,processing to make refined palm oil,1,1,0.9,https://www.sentinelassam.com/business/indias-series-of-interventions-arrest-domestic-spike-in-palm-oil-prices-569841,crude palm oil and subsequently processed to make refined palm oil
News,Oil,laboratory testing,isperformedon,seized products,1,1,0.9,https://timesofindia.indiatimes.com/city/lucknow/fsda-unearths-factory-making-fake-branded-fmcg-products/articleshow/118074245.cms,Samples of the seized products were sent to laboratory for testing
News,Oil,laboratory testing,isperformedon,55 food samples,1,1,0.9,https://thelogicalindian.com/festive-food-safety-drive-maharashtra-fda-destroys-218-kg-fake-paneer-478-litres-unsafe-milk-in-mumbai/,collection of 55 food samples for laboratory testing
News,Oil,mobile food testing labs,isperformedas,rapid on-site analysis,1,1,0.85,https://thelogicalindian.com/festive-food-safety-drive-maharashtra-fda-destroys-218-kg-fake-paneer-478-litres-unsafe-milk-in-mumbai/,deploy mobile food testing labs for rapid on-site analysis
News,Oil,fso:Analysis,isperformedon,fso:Sample,1,1,0.9,https://www.livemint.com/news/india/34-people-fall-ill-in-suspected-food-poisoning-case-after-eating-pizza-in-maharashtra-s-bhiwandi-11781889067823.html,samples of the food item consumed by the affected individuals have been collected and sent for laboratory testing
News,Oil,confirmation of argemone mexicana in mustard oil,identifies,argemone mexicana seeds,1,1,0.9,https://www.hindustantimes.com/cities/chandigarh-news/adulterated-mustard-oil-behind-3-dropsy-deaths-in-nabha-report-101728847891766.html,lab report has confirmed the Nabha family used mustard oil adulterated with argemone mexicana seed
News,Oil,laboratory analysis,isperformedon,enforcement samples,1,1,0.9,https://www.thehindu.com/news/cities/Hyderabad/food-safety-raids-at-hyderabad-bakery-brewery-uncover-expired-food-pest-infestation-hygiene-violations/article71003523.ece,Enforcement samples were collected from the establishments and sent for laboratory analysis
News,Oil,Tirupati laddu contamination finding,identifies,fish oil,1,1,0.85,https://www.freepressjournal.in/india/rajasthan-food-safety-department-to-launch-special-drive-for-prasad-quality-check-in-temples-after-tirupati-laddu-controversy,alleged controversy over animal fat and fish oil being found in the laddus
News,Oil,testing curry powders for adulteration,isperformedat,mobile food labs,1,1,0.85,https://www.thehindu.com/news/national/kerala/food-safety-wing-to-step-up-checks-on-curry-powders-in-kerala/article65700040.ece,mobile food labs of the department will also be used for testing curry powders
News,Oil,quality checks on paneer and curd,isperformedat,Environcare,1,1,0.9,https://timesofindia.indiatimes.com/city/goa/fda-seizes-500kg-of-substandard-paneer-curd/articleshow/111467865.cms,samples were sent to FSSAI-approved lab Environcare for quality checks
News,Oil,testing,isperformedat,laboratory,1,1,0.85,https://timesofindia.indiatimes.com/city/chandigarh/food-adulteration-barnala-admin-imposes-rs-2l-fine/articleshow/130198058.cms,all collected samples are sent to the laboratory for testing
News,Oil,Lab testing for food items,isperformedon,19 samples of food items,1,1,0.9,https://timesofindia.indiatimes.com/city/kanpur/food-dept-seizes-831l-mustard-oil/articleshow/98439612.cms,collected 19 samples of food items and sent them to lab for testing
News,Oil,quality testing,isperformedat,"Regional Agmark Laboratory, Amritsar",1,1,0.85,https://timesofindia.indiatimes.com/city/chandigarh/hc-questions-lack-of-local-testing-infra-for-mustard-oil-adulteration/articleshow/116327780.cms,send them for quality testing to the nearest laboratory
News,Oil,test for other miscible oils,isperformedat,"Central Agmark Laboratory, Nagpur",1,1,0.95,https://timesofindia.indiatimes.com/city/chandigarh/hc-questions-lack-of-local-testing-infra-for-mustard-oil-adulteration/articleshow/116327780.cms,"nearest laboratory where the test for other miscible oils can be conducted is the Central Agmark Laboratory, Nagpur"
News,Oil,Analysis of mawa and rasgulla,isperformedat,state food laboratory in Jaipur,1,1,0.85,https://timesofindia.indiatimes.com/city/jaipur/350kg-paneer-650kg-milk-cake-destroyed-in-jaipur-ahead-of-diwali-for-suspected-adulteration/articleshow/124434918.cms,sent to the state food laboratory in Jaipur for testing
News,Oil,on-the-spot tests of the cooking oil,producesindicator,total polar material (TPM) count,1,1,0.9,https://timesofindia.indiatimes.com/city/nagpur/fda-urges-big-hotels-to-hand-over-excess-edible-oil-for-bio-diesel/articleshow/88797263.cms,conduct on-the-spot tests of the cooking oil with total polar material (TPM) count meter
News,Oil,on-the-spot tests of the cooking oil,requireskit,total polar material (TPM) count meter,1,1,0.9,https://timesofindia.indiatimes.com/city/nagpur/fda-urges-big-hotels-to-hand-over-excess-edible-oil-for-bio-diesel/articleshow/88797263.cms,tests of the cooking oil with total polar material (TPM) count meter
News,Oil,sub-standard substance,detectedby,government laboratory analysis,1,1,0.85,https://timesofindia.indiatimes.com/city/nagpur/fda-urges-big-hotels-to-hand-over-excess-edible-oil-for-bio-diesel/articleshow/88797263.cms,found to be sub-standard by the government analyst
News,Oil,TOCP,detectedby,DART,1,1,0.95,https://timesofindia.indiatimes.com/etimes/wellness/this-toxic-adulterant-in-edible-oils-can-damage-your-nervous-system-heres-how-to-check-if-your-cooking-oil-is-safe/photostory/131653846.cms,"For TOCP specifically, the FSSAI-recommended test involves taking 2ml of the oil sample"
News,Oil,refrigerator test,producesindicator,separation into cloudy layers,1,1,0.85,https://timesofindia.indiatimes.com/etimes/wellness/this-toxic-adulterant-in-edible-oils-can-damage-your-nervous-system-heres-how-to-check-if-your-cooking-oil-is-safe/photostory/131653846.cms,adulterated oils often separate into cloudy layers
News,Oil,refrigerator test,producesindicator,uniform thickening,1,1,0.85,https://timesofindia.indiatimes.com/etimes/wellness/this-toxic-adulterant-in-edible-oils-can-damage-your-nervous-system-heres-how-to-check-if-your-cooking-oil-is-safe/photostory/131653846.cms,Pure oils show uniform thickening
News,Oil,visual clarity check,producesindicator,murky appearance,1,1,0.85,https://timesofindia.indiatimes.com/etimes/wellness/this-toxic-adulterant-in-edible-oils-can-damage-your-nervous-system-heres-how-to-check-if-your-cooking-oil-is-safe/photostory/131653846.cms,"Anything that looks murky, has an unusual odour, or separates unexpectedly warrants caution"
News,Oil,Samples of suspected food items,isperformedat,Laboratory in Lucknow,1,1,0.6,https://timesofindia.indiatimes.com/city/meerut/fsda-starts-drive-against-adulterated-food-items-in-meerut/articleshow/82037129.cms,Samples of suspected food items will be sent to the laboratory in Lucknow
News,Oil,lab analysis,isperformedon,samples collected from these stores,1,1,0.85,https://timesofindia.indiatimes.com/city/kolhapur/fda-urges-caution-while-buying-diwali-sweets/articleshow/87286991.cms,report of the samples collected from these stores is received from the lab
News,Oil,metanil yellow,detectedby,distilled water and HCL test,1,1,0.9,https://timesofindia.indiatimes.com/life-style/food-news/is-your-cooking-oil-adulterated-with-dangerous-metanil-yellow-colour/photostory/86060302.cms,test video on how to detect the use of a prohibited colour like metanil yellow in cooking oil
News,Oil,distilled water and HCL test,producesindicator,colour change in upper acid layer,1,1,0.95,https://timesofindia.indiatimes.com/life-style/food-news/is-your-cooking-oil-adulterated-with-dangerous-metanil-yellow-colour/photostory/86060302.cms,colour changes in the upper acid of adulterated oil
News,Oil,distilled water and HCL test,producesindicator,no colour change in upper layer,1,1,0.95,https://timesofindia.indiatimes.com/life-style/food-news/is-your-cooking-oil-adulterated-with-dangerous-metanil-yellow-colour/photostory/86060302.cms,No colour change will be observed in the upper layer of unadulterated oil
News,Oil,metanil yellow,detectedby,HCL acid extraction test,1,1,0.9,https://timesofindia.indiatimes.com/life-style/food-news/is-your-cooking-oil-adulterated-with-dangerous-metanil-yellow-colour/photostory/86060302.cms,"HCL acid extracts the prohibited colour, like metanil yellow"
News,Oil,HCL acid extraction test,producesindicator,colour change in the acid layer,1,1,0.9,https://timesofindia.indiatimes.com/life-style/food-news/is-your-cooking-oil-adulterated-with-dangerous-metanil-yellow-colour/photostory/86060302.cms,shows colour change in the acid layer
News,Oil,Total Polar Compounds,detectedby,AOAC Official Method 982.27,1,1,0.9,https://timesofindia.indiatimes.com/life-style/food-news/dark-discoloration-high-tpc-levels-found-in-cooking-oil-of-famous-fast-food-chain-what-fssai-says-about-the-health-risks/articleshow/130833701.cms,Total Polar Compounds can be measured in edible oils and fats using well established AOAC Official Method 982.27
News,Oil,Analysis of Sona Sikka groundnut oil,isperformedat,Central State Food Laboratory,1,1,0.85,https://timesofindia.indiatimes.com/city/jaipur/inspection-throws-up-health-scare-in-form-of-expired-foods-fake-oil/articleshow/125727900.cms,testing at the Central State Food Laboratory
News,Oil,detailed lab inspection,isperformedon,180 samples,1,1,0.95,https://www.thehindu.com/news/national/kerala/onam-vigil-five-special-squads-in-action-to-expose-low-quality-food-products/article70008118.ece,sent 180 samples for detailed lab inspection
News,Oil,lab inspection of coconut oil samples,isperformedat,Central Food Lab,1,1,0.9,https://www.thehindu.com/news/national/kerala/onam-vigil-five-special-squads-in-action-to-expose-low-quality-food-products/article70008118.ece,samples have been sent for further lab inspections at Central Food Lab
News,Oil,cotton ball test on watermelon,producesindicator,cotton ball turns red,1,1,0.95,https://www.siasat.com/adulterated-food-items-flood-hyderabad-markets-herere-some-safety-tips-2998471/,cotton ball rubbed on the adulterated watermelon turns red
News,Oil,cotton ball test on watermelon,producesindicator,cotton ball does not change color,1,1,0.95,https://www.siasat.com/adulterated-food-items-flood-hyderabad-markets-herere-some-safety-tips-2998471/,cotton ball rubbed on the unadulterated watermelon does not change color
News,Oil,Green vegetable test,producesindicator,cotton piece turns green,1,1,0.95,https://www.siasat.com/adulterated-food-items-flood-hyderabad-markets-herere-some-safety-tips-2998471/,"if the cotton piece turns green, the vegetable is adulterated"
News,Oil,Green vegetable test,requireskit,cotton piece soaked in liquid paraffin,1,1,0.9,https://www.siasat.com/adulterated-food-items-flood-hyderabad-markets-herere-some-safety-tips-2998471/,Take a cotton piece soaked in liquid paraffin
News,Oil,Tea leaves test,producesindicator,blackish-brown streaks,1,1,0.95,https://www.siasat.com/adulterated-food-items-flood-hyderabad-markets-herere-some-safety-tips-2998471/,filter paper with adulterated tea leaves will have blackish-brown streaks
News,Oil,Tea leaves test,requireskit,filter paper,1,1,0.9,https://www.siasat.com/adulterated-food-items-flood-hyderabad-markets-herere-some-safety-tips-2998471/,Tea leaves test - Take a filter paper
News,Oil,Sweet potato test,producesindicator,cotton ball will change color,1,1,0.9,https://www.siasat.com/adulterated-food-items-flood-hyderabad-markets-herere-some-safety-tips-2998471/,cotton ball rubbed on the adulterated sweet potato will change color
News,Oil,Sweet potato test,requireskit,cotton ball soaked in water or vegetable oil,1,1,0.9,https://www.siasat.com/adulterated-food-items-flood-hyderabad-markets-herere-some-safety-tips-2998471/,Take a cotton ball soaked in water or vegetable oil
News,Oil,Green peas test,producesindicator,water turns green,1,1,0.95,https://www.siasat.com/adulterated-food-items-flood-hyderabad-markets-herere-some-safety-tips-2998471/,adulterated green peas will always turn the water a green color
News,Oil,Analysis of mustard oil samples,isperformedat,"Regional Agmark Laboratory, Amritsar",1,1,0.85,https://www.hindustantimes.com/cities/chandigarh-news/punjab-haryana-high-court-asks-centre-if-there-are-plans-to-open-more-labs-to-check-cooking-oil-adulteration-101734204296975.html,"samples were sent for examination to the Regional Agmark Laboratory, Amritsar"
News,Oil,miscible oil,detectedby,test for other miscible oil,1,1,0.85,https://www.hindustantimes.com/cities/chandigarh-news/punjab-haryana-high-court-asks-centre-if-there-are-plans-to-open-more-labs-to-check-cooking-oil-adulteration-101734204296975.html,test for other miscible oil can be conducted
News,Oil,Food Safety on Wheels test,producesindicator,suspicious samples,1,1,0.9,https://timesofindia.indiatimes.com/city/kanpur/adulterated-edible-oil-worth-rs53l-seized-in-kanpur-raid/articleshow/124465364.cms,FSW test found the samples suspicious
News,Oil,on-the-spot food testing,requireskit,DOM machine,1,1,0.85,https://timesofindia.indiatimes.com/city/kanpur/adulterated-edible-oil-worth-rs53l-seized-in-kanpur-raid/articleshow/124465364.cms,deployed a mobile testing lab (FSW) and DOM machine to conduct on-the-spot food testing
News,Oil,palm oil,inputto,biodiesel manufacturing,1,1,0.8,https://indianexpress.com/article/cities/pune/edible-oil-industry-readies-for-tough-time-over-indonesian-ban-on-exports-7892515/,rising demand for palm oil for the manufacturing of biodiesel
News,Oil,Analysis of food samples,isperformedat,"State Food Testing Laboratory, Bhopal",1,1,0.9,https://www.freepressjournal.in/indore/madhya-pradesh-pulse-mills-hotels-and-grocery-shops-inspected-samples-collected-for-testing,"All the samples taken for testing have been sent to the food analyst, State Food Testing Laboratory, Bhopal."
News,Oil,"Testing of pulses, cooking oil, and ground spices",isperformedat,Food Testing Laboratory,1,1,0.9,https://www.freepressjournal.in/indore/madhya-pradesh-pulse-mills-hotels-and-grocery-shops-inspected-samples-collected-for-testing,"Fifty one samples of pulses, cooking oil, and ground spices were tested at Food Testing Laboratory."
News,Oil,"refined, bleached and deodorized palm oil",outputof,processing crude palm oil,1,1,0.9,https://www.livemint.com/market/commodities/indonesias-surprise-ban-of-cooking-oil-exports-will-not-be-strict-as-feared-11650879378335.html,"Processing crude palm oil produces refined, bleached and deodorized palm oil"
News,Oil,"refined, bleached and deodorized palm oil",inputto,further processing into RBD palm olein,1,1,0.85,https://www.livemint.com/market/commodities/indonesias-surprise-ban-of-cooking-oil-exports-will-not-be-strict-as-feared-11650879378335.html,which can be further processed into RBD palm olein
News,Oil,mustard oil,outputof,local mill,1,1,0.85,https://www.hindustantimes.com/cities/chandigarh-news/argemone-poisoning-claims-life-in-jawalamukhi-alert-sounded-in-hp-s-kangra-101668798072979.html,got its oil extracted in a local mill
News,Oil,testing of 25 samples,isperformedat,state food safety lab,1,1,0.9,https://timesofindia.indiatimes.com/city/ranchi/ahead-of-diwali-crackdown-on-adulterated-food-items-in-city/articleshow/124610900.cms,25 samples has been sent for testing at the state food safety lab
News,Oil,toxic oil syndrome outbreak of 1981,identifies,denatured rapeseed oil,1,1,0.95,https://www.hindustantimes.com/business/your-olive-oil-might-be-unfit-for-human-consumption-101727442635229.html,Caused by the consumption of denatured rapeseed oil for industrial use
News,Oil,Laboratory Analysis,isperformedon,14 samples,1,1,0.85,https://timesofindia.indiatimes.com/city/noida/dry-fruit-oil-traders-under-scanner-ahead-of-rakshabandhan/articleshow/123103360.cms,14 samples were taken and sent to the lab
News,Oil,freeze test,producesindicator,solidification in refrigerator,1,1,0.85,https://timesofindia.indiatimes.com/city/ranchi/daltonganj-police-seize-spurious-edible-oil/articleshow/131829588.cms,"If the oil solidifies in a refrigerator, it may indicate contamination"
News,Oil,freeze test,producesindicator,solidifies in a refrigerator,1,1,0.85,https://timesofindia.indiatimes.com/city/ranchi/daltonganj-police-seize-spurious-edible-oil/articleshow/131829588.cms,"If the oil solidifies in a refrigerator, it may indicate contamination or adulteration"
News,Oil,"testing of 5,166 food samples",isperformedat,State Public Health Laboratory,1,1,0.9,https://assamtribune.com/guwahati/assam-food-safety-raids-uncover-illegal-fruit-ripening-unsafe-food-products-1612781,"State Public Health Laboratory here tested some 5,166 food samples"
