food,adulterant_or_substitute,effect,chain_class,food_adulterant_news_articles,adulterant_effect_news_articles,same_article_direct_chain_articles,same_snippet_direct_chain_articles,same_article_context_articles,fssai_food_adulterant_rows,fssai_adulterant_effect_rows,mean_food_adulterant_confidence,mean_adulterant_effect_confidence,conservative_chain_confidence,chain_support_score,example_article_id,example_article_url,example_food_adulterant_evidence,example_adulterant_effect_evidence,interpretation
Milk,ethylene glycol,renal failure,directly joined in the same article,34,24,23,20,1,0,0,0.9315,0.9177,0.9177,4.2711,276e27ef-82bd-4911-a4df-9d2448b232fb,https://timesofindia.indiatimes.com/city/delhi/whats-cooking-in-pantry-bite-into-adulterated-truth/articleshow/130488415.cms,milk contaminated with ethylene glycol,acute renal failure after consuming milk contaminated with ethylene glycol,reported or repository-inferred association; not epidemiological proof of causation
Milk,ethylene glycol,multi-organ failure,directly joined in the same article,34,10,10,10,1,0,0,0.9315,0.9409,0.9315,3.8885,276e27ef-82bd-4911-a4df-9d2448b232fb,https://timesofindia.indiatimes.com/city/delhi/whats-cooking-in-pantry-bite-into-adulterated-truth/articleshow/130488415.cms,milk contaminated with ethylene glycol,died of multi-organ failure triggered by acute renal failure,reported or repository-inferred association; not epidemiological proof of causation
Milk,ethylene glycol,anuria,directly joined in the same article,34,10,10,9,0,0,0,0.9315,0.885,0.885,3.6943,milk-02f30a1fa97839ed,https://www.thenewsminute.com/andhra-pradesh/death-toll-due-to-adulterated-milk-in-andhra-pradesh-rises-to-12,milk adulterated with Ethylene Glycol,milk adulterated with Ethylene Glycol,reported or repository-inferred association; not epidemiological proof of causation
Milk,unknown adulterant,renal failure,directly joined in the same article,33,10,9,7,3,0,0,0.8397,0.865,0.8397,3.4656,milk-8298784b4cbbb469,https://www.deccanchronicle.com/southern-states/andhra-pradesh/death-toll-rises-to-12-in-rajamahendravaram-milk-adulteration-incident-1943119,consumption of adulterated milk,treatment for acute renal failure,reported or repository-inferred association; not epidemiological proof of causation
Milk,unknown adulterant,anuria,directly joined in the same article,33,8,7,6,2,0,0,0.8397,0.8438,0.8397,3.3801,milk-8298784b4cbbb469,https://www.deccanchronicle.com/southern-states/andhra-pradesh/death-toll-rises-to-12-in-rajamahendravaram-milk-adulteration-incident-1943119,consumption of adulterated milk,symptoms such as anuria,reported or repository-inferred association; not epidemiological proof of causation
Milk,ethylene glycol,vomiting,directly joined in the same article,34,6,6,5,1,0,0,0.9315,0.8875,0.8875,3.5236,milk-f27a9200b8298367,https://www.news18.com/cities/hyderabad-news/sweet-death-why-ethylene-glycol-an-antifreeze-chemical-is-lurking-in-andhras-milk-ws-l-9991605.html,confirmed the presence of a toxic substance — ethylene glycol — in the milk,"Early symptoms that occur within hours are nausea, vomiting, abdominal pain, and dizziness.",reported or repository-inferred association; not epidemiological proof of causation
Milk,ethylene glycol,death,directly joined in the same article,34,5,5,5,0,0,0,0.9315,0.8583,0.8583,3.3578,milk-707fe9b35c3112e1,https://timesofindia.indiatimes.com/life-style/food-news/15-die-after-drinking-milk-contaminated-with-ethylene-glycol-how-to-do-milk-purity-test-and-5-other-calcium-rich-foods-to-consume/photostory/129640071.cms,"mixed ethylene glycol, an industrial coolant, into milk","allegedly mixed ethylene glycol, an industrial coolant, into milk supplied to over a hundred families, resulting in a total of 15 deaths to date.",reported or repository-inferred association; not epidemiological proof of causation
Milk,ethylene glycol,urinary obstruction,directly joined in the same article,34,4,4,4,0,0,0,0.9315,0.9,0.9,3.4651,milk-24940830b0628e79,https://www.thehindubusinessline.com/news/national/andhra-pradesh-milk-contamination-tragedy-14-dead-after-consuming-toxic-milk/article70738522.ece,milk contaminated with ethylene glycol,"caused severe health complications among consumers, including urinary obstruction",reported or repository-inferred association; not epidemiological proof of causation
Milk,ethylene glycol,gastrointestinal illness,directly joined in the same article,34,3,3,2,0,0,0,0.9315,0.9167,0.9167,3.4688,milk-f27a9200b8298367,https://www.news18.com/cities/hyderabad-news/sweet-death-why-ethylene-glycol-an-antifreeze-chemical-is-lurking-in-andhras-milk-ws-l-9991605.html,confirmed the presence of a toxic substance — ethylene glycol — in the milk,"Early symptoms that occur within hours are nausea, vomiting, abdominal pain, and dizziness.",reported or repository-inferred association; not epidemiological proof of causation
Milk,unknown adulterant,gastrointestinal illness,directly joined in the same article,33,3,3,3,0,0,0,0.8397,0.8833,0.8397,3.1583,milk-f87ad907347c5ac8,https://uttarbangasambad.com/adulterated-milk-deaths-andhra-pradesh-adulterated-milk-tragedy-13-dead-east-godavari/,ভেজাল দুধ (Adulterated Milk Deaths) পান করে অন্তত ১৩ জনের মৃত্যু হয়েছে,তীব্র পেটে ব্যথা,reported or repository-inferred association; not epidemiological proof of causation
Milk,poison,death,directly joined in the same article,11,5,3,2,0,0,0,0.9192,0.86,0.86,2.6965,milk-0aaa3a5a5169112a,https://www.tribuneindia.com/news/jalandhar/poisoned-by-parents-villagers-perform-last-rites-of-3-minor-girls-550530,They offered poison-laced milk to their daughters,"Three girls, who were poisoned to death by their parents",reported or repository-inferred association; not epidemiological proof of causation
fruits,pesticide residue,cancer/carcinogenicity,directly joined in the same article,6,6,3,1,3,0,0,0.9,0.8812,0.8812,2.5948,milk-b993f201bb670e21,https://www.thehansindia.com/editors-desk/india-needs-to-grow-safe-food-curb-adulteration-879087,"Pesticide residues can be found in significant amounts in many foods, including fruits","Such residues, when consumed regularly, are found to cause serious health risks, including ... cancer",reported or repository-inferred association; not epidemiological proof of causation
Milk,formalin/formaldehyde,cancer/carcinogenicity,directly joined in the same article,6,4,3,2,1,0,0,0.9417,0.9,0.9,2.5499,milk-2d4c6eb27aa0b942,https://nagalandpost.com/unsafe-at-every-bite-indias-silent-food-safety-epidemic/,Common adulterants found in milk and milk-based products... include... formalin,"Formalin, recognised for its cancer-causing properties",reported or repository-inferred association; not epidemiological proof of causation
everest fish curry masala,ethylene oxide,cancer/carcinogenicity,directly joined in the same article,3,7,3,2,0,0,0,0.95,0.8885,0.8885,2.5172,milk-a7671d0c28676937,https://timesofindia.indiatimes.com/india/indian-spices-not-banned-in-singapore-and-hong-kong-govt/articleshow/112334804.cms,recalled 'Everest' fish curry masala due to the presence of ethylene oxide,"ethylene oxide, a pesticide classified as a carcinogen",reported or repository-inferred association; not epidemiological proof of causation
Milk,unknown contaminant,renal failure,directly joined in the same article,4,3,3,3,1,0,0,0.825,0.8833,0.825,2.1772,7d796579-8acb-4851-a31f-526034bb0b78,https://www.thehansindia.com/hans/opinion/news-analysis/adulterated-milk-spells-death-can-no-longer-be-ignored-1055769,consumed adulterated milk supplied by a single vendor,Nine people died of acute renal failure,reported or repository-inferred association; not epidemiological proof of causation
Milk,ethylene glycol,dizziness,directly joined in the same article,34,2,2,0,0,0,0,0.9315,0.925,0.925,3.4351,milk-f27a9200b8298367,https://www.news18.com/cities/hyderabad-news/sweet-death-why-ethylene-glycol-an-antifreeze-chemical-is-lurking-in-andhras-milk-ws-l-9991605.html,confirmed the presence of a toxic substance — ethylene glycol — in the milk,"Early symptoms that occur within hours are nausea, vomiting, abdominal pain, and dizziness",reported or repository-inferred association; not epidemiological proof of causation
Milk,urea,renal failure,directly joined in the same article,42,2,2,2,1,0,0,0.9286,0.875,0.875,3.4053,milk-fa44bcc5515bda60,https://www.thehindu.com/news/national/andhra-pradesh/hazardous-chemicals-found-in-milk-during-raids-across-east-godavari/article70823682.ece,one sample contained urea,Consumption of milk adulterated with urea involves risks including damage to the digestive system and renal failure,reported or repository-inferred association; not epidemiological proof of causation
Milk,ethylene glycol,nausea,directly joined in the same article,34,2,2,0,0,0,0,0.9315,0.9167,0.9167,3.4041,milk-f27a9200b8298367,https://www.news18.com/cities/hyderabad-news/sweet-death-why-ethylene-glycol-an-antifreeze-chemical-is-lurking-in-andhras-milk-ws-l-9991605.html,confirmed the presence of a toxic substance — ethylene glycol — in the milk,Early symptoms that occur within hours are nausea,reported or repository-inferred association; not epidemiological proof of causation
Milk,ethylene glycol,kidney related ailments,directly joined in the same article,34,2,2,2,0,0,0,0.9315,0.9,0.9,3.3422,milk-6a4e4e0b65eb5d9d,https://www.deccanherald.com/india/andhra-pradesh/andhra-pradesh-milk-adulteration-death-toll-reaches-14-several-hospitalised-in-east-godavari-3930401,milk contaminated with ethylene glycol,including urinary obstruction and kidney-related ailments,reported or repository-inferred association; not epidemiological proof of causation
Milk,urea,organ damage,directly joined in the same article,42,2,2,0,2,0,0,0.9286,0.85,0.85,3.308,1fc04845-1f82-4efa-80fc-80e8feefa6ed,https://indianexpress.com/article/health-wellness/fake-paneer-khoya-seized-up-holi-health-10561195/,Urea and detergent have also been found in milk,"Adulterants like urea and detergents can be toxic, causing damage to organs",reported or repository-inferred association; not epidemiological proof of causation
Milk,detergent,organ damage,directly joined in the same article,35,3,2,0,2,0,0,0.9231,0.85,0.85,3.197,1fc04845-1f82-4efa-80fc-80e8feefa6ed,https://indianexpress.com/article/health-wellness/fake-paneer-khoya-seized-up-holi-health-10561195/,Urea and detergent have also been found in milk,"Adulterants like urea and detergents can be toxic, causing damage to organs",reported or repository-inferred association; not epidemiological proof of causation
Khoya/mawa,starch,allergic reaction,directly joined in the same article,15,2,2,0,2,0,0,0.9029,0.85,0.85,2.6274,7984f772-8c6a-46cb-af36-a7df6ed37ecc,https://timesofindia.indiatimes.com/life-style/food-news/fake-mithai-alert-how-to-test-your-diwali-sweets-at-home-for-safety/articleshow/124693105.cms,Khoya is often mixed with starch,"adulterants like starch, artificial dyes, or metallic powders that can cause allergies",reported or repository-inferred association; not epidemiological proof of causation
Mustard oil,argemone oil,epidemic dropsy,directly joined in the same article,8,3,2,2,0,0,0,0.9333,0.95,0.9333,2.5877,milk-8a55933f0d5da63a,https://www.deccanchronicle.com/opinion/columnists/chandrakant-lahariya-the-adulteration-of-food-is-a-silent-assault-on-health-safety-of-indians-1937982,argemone oil mixed with mustard oil,argemone oil mixed with mustard oil has caused outbreaks of epidemic dropsy,reported or repository-inferred association; not epidemiological proof of causation
vegetables,pesticide residue,cancer/carcinogenicity,directly joined in the same article,6,6,2,0,3,0,0,0.9111,0.8812,0.8812,2.4968,milk-e0280fded4cae9e7,https://assamtribune.com/assam/whats-on-your-plate-assam-battles-surge-in-unsafe-foods-as-experts-sound-alarm-1575052,vegetables — many of which contained pesticide residues,terminal illnesses like cancer,reported or repository-inferred association; not epidemiological proof of causation
Milk,refined oil,serious health risk,directly joined in the same article,9,2,2,2,0,0,0,0.89,0.85,0.85,2.3567,milk-15b9c81a4418943c,https://timesofindia.indiatimes.com/city/noida/paneer-seized-in-noida-from-aligarh-found-unsafe-case-filed-in-court/articleshow/122212904.cms,prepared using refined oil and a carbonate neutraliser instead of milk,"paneer was prepared using refined oil and a carbonate neutraliser instead of milk, posing a serious health risk",reported or repository-inferred association; not epidemiological proof of causation
spice mixes,ethylene oxide,cancer/carcinogenicity,directly joined in the same article,2,7,2,2,0,0,0,0.91,0.8885,0.8885,2.3447,milk-b87ea04f3974c7d3,https://www.thehindu.com/news/national/why-mdh-everest-spices-are-under-international-scrutiny-explained/article68130961.ece,"presence of ethylene oxide, a toxic chemical used as a food stabiliser, beyond permissible limits",posing a cancer risk if exposed for too long,reported or repository-inferred association; not epidemiological proof of causation
madras curry powder,ethylene oxide,cancer/carcinogenicity,directly joined in the same article,2,7,2,2,0,0,0,0.95,0.8885,0.8885,2.3447,milk-b87ea04f3974c7d3,https://www.thehindu.com/news/national/why-mdh-everest-spices-are-under-international-scrutiny-explained/article68130961.ece,spice mixes contained high levels of ethylene oxide,posing a cancer risk if exposed for too long,reported or repository-inferred association; not epidemiological proof of causation
sambhar masala,ethylene oxide,cancer/carcinogenicity,directly joined in the same article,2,7,2,2,0,0,0,0.95,0.8885,0.8885,2.3447,milk-b87ea04f3974c7d3,https://www.thehindu.com/news/national/why-mdh-everest-spices-are-under-international-scrutiny-explained/article68130961.ece,spice mixes contained high levels of ethylene oxide,posing a cancer risk if exposed for too long,reported or repository-inferred association; not epidemiological proof of causation
curry powder masala,ethylene oxide,cancer/carcinogenicity,directly joined in the same article,2,7,2,2,0,0,0,0.95,0.8885,0.8885,2.3447,milk-b87ea04f3974c7d3,https://www.thehindu.com/news/national/why-mdh-everest-spices-are-under-international-scrutiny-explained/article68130961.ece,spice mixes contained high levels of ethylene oxide,posing a cancer risk if exposed for too long,reported or repository-inferred association; not epidemiological proof of causation
everest spice mix,ethylene oxide,cancer/carcinogenicity,directly joined in the same article,2,7,2,2,0,0,0,0.95,0.8885,0.8885,2.3447,milk-b87ea04f3974c7d3,https://www.thehindu.com/news/national/why-mdh-everest-spices-are-under-international-scrutiny-explained/article68130961.ece,"Singapore ordered a recall of the Everest spice mix, stating: Ethylene oxide is a pesticide",posing a cancer risk if exposed for too long,reported or repository-inferred association; not epidemiological proof of causation
guar gum,ethylene oxide,cancer/carcinogenicity,directly joined in the same article,2,7,2,2,0,0,0,0.9,0.8885,0.8885,2.3447,milk-b87ea04f3974c7d3,https://www.thehindu.com/news/national/why-mdh-everest-spices-are-under-international-scrutiny-explained/article68130961.ece,ethylene oxide in guar gum,posing a cancer risk if exposed for too long,reported or repository-inferred association; not epidemiological proof of causation
curry powder,ethylene oxide,cancer/carcinogenicity,directly joined in the same article,2,7,2,2,0,0,0,0.9,0.8885,0.8885,2.3447,milk-b87ea04f3974c7d3,https://www.thehindu.com/news/national/why-mdh-everest-spices-are-under-international-scrutiny-explained/article68130961.ece,ethylene oxide in guar gum and curry powder from India,posing a cancer risk if exposed for too long,reported or repository-inferred association; not epidemiological proof of causation
tea,pesticide residue,cancer/carcinogenicity,directly joined in the same article,3,6,2,0,2,0,0,0.9,0.8812,0.8812,2.3257,milk-e0280fded4cae9e7,https://assamtribune.com/assam/whats-on-your-plate-assam-battles-surge-in-unsafe-foods-as-experts-sound-alarm-1575052,"tea, fruits, and vegetables — many of which contained pesticide residues",terminal illnesses like cancer,reported or repository-inferred association; not epidemiological proof of causation
Paneer,urea,kidney damage,directly joined in the same article,6,2,2,2,1,0,0,0.9143,0.875,0.875,2.2443,milk-3860e6654d518030,https://www.freepressjournal.in/india/fake-paneer-racket-busted-toxic-chemicals-like-urea-detergent-used-in-up,fake paneer being produced using harmful chemicals such as urea,"They severely damage the liver, kidneys",reported or repository-inferred association; not epidemiological proof of causation
vegetables,pesticide residue,hepatitis,directly joined in the same article,6,2,2,0,2,0,0,0.9111,0.85,0.85,2.1802,milk-e0280fded4cae9e7,https://assamtribune.com/assam/whats-on-your-plate-assam-battles-surge-in-unsafe-foods-as-experts-sound-alarm-1575052,vegetables — many of which contained pesticide residues,"continued intake of such products may lead to a range of health issues, including typhoid, hepatitis",reported or repository-inferred association; not epidemiological proof of causation
fruits,pesticide residue,hepatitis,directly joined in the same article,6,2,2,0,2,0,0,0.9,0.85,0.85,2.1802,milk-e0280fded4cae9e7,https://assamtribune.com/assam/whats-on-your-plate-assam-battles-surge-in-unsafe-foods-as-experts-sound-alarm-1575052,"fruits, and vegetables — many of which contained pesticide residues","continued intake of such products may lead to a range of health issues, including typhoid, hepatitis",reported or repository-inferred association; not epidemiological proof of causation
Edible/cooking oil,total polar compounds,atherosclerosis,directly joined in the same article,3,4,2,2,0,0,0,0.875,0.875,0.875,2.1743,oil-3ef2550fc329c436,https://www.hindustantimes.com/cities/chandigarh-news/ludhiana-fast-food-joint-s-cooking-oil-fails-quality-test-say-health-dept-101764785730988.html,Tests showed the oil had Total Polar Compounds (TPC) above permissible limits,"Reports link excessive TPC to diseases such as hypertension, atherosclerosis",reported or repository-inferred association; not epidemiological proof of causation
mdh sambhar masala,salmonella,salmonellosis,directly joined in the same article,2,2,2,2,0,0,0,0.95,0.95,0.95,2.0874,milk-b87ea04f3974c7d3,https://www.thehindu.com/news/national/why-mdh-everest-spices-are-under-international-scrutiny-explained/article68130961.ece,MDH's Sambhar Masala was initiated in the US after FDA discovered the product was contaminated with Salmonella,Salmonella. These are agents known to cause salmonellosis,reported or repository-inferred association; not epidemiological proof of causation
olive oil,denatured rapeseed oil,toxic oil syndrome,directly joined in the same article,2,2,2,2,0,0,0,0.95,0.95,0.95,2.0874,oil-b697d96d9a9efcdd,https://economictimes.indiatimes.com/news/economy/agriculture/olive-oil-price-olive-oil-cooking-food-for-fraud-your-olive-oil-might-be-unfit-for-human-consumption/articleshow/113731643.cms,consumption of denatured rapeseed oil for industrial use that had been illegally sold as olive oil,Caused by the consumption of denatured rapeseed oil,reported or repository-inferred association; not epidemiological proof of causation
Edible/cooking oil,total polar compounds,hypertension,directly joined in the same article,3,4,2,2,0,0,0,0.875,0.8375,0.8375,2.0811,oil-d5e3fb8bdb8f3e49,https://timesofindia.indiatimes.com/life-style/food-news/dark-discoloration-high-tpc-levels-found-in-cooking-oil-of-famous-fast-food-chain-what-fssai-says-about-the-health-risks/articleshow/130833701.cms,TPC (Total Polar Compounds) levels in the cooking oil were found to be above permissible limits,Reports have related these compounds to several diseases such as hypertension,reported or repository-inferred association; not epidemiological proof of causation
vegetables,oxytocin,dizziness,directly joined in the same article,3,2,2,2,0,0,0,0.94,0.9,0.9,2.0723,milk-0bc625b573fb9e74,https://theshillongtimes.com/2026/02/04/raging-health-crisis-aap-mp-raises-alarm-in-rs-over-widespread-food-adulteration/,vegetables are injected with oxytocin,oxytocin — a chemical linked to dizziness,reported or repository-inferred association; not epidemiological proof of causation
vegetables,oxytocin,headaches,directly joined in the same article,3,2,2,2,0,0,0,0.94,0.9,0.9,2.0723,milk-0bc625b573fb9e74,https://theshillongtimes.com/2026/02/04/raging-health-crisis-aap-mp-raises-alarm-in-rs-over-widespread-food-adulteration/,vegetables are injected with oxytocin,"oxytocin — a chemical linked to dizziness, headaches",reported or repository-inferred association; not epidemiological proof of causation
vegetables,oxytocin,heart failure,directly joined in the same article,3,2,2,2,0,0,0,0.94,0.9,0.9,2.0723,milk-0bc625b573fb9e74,https://theshillongtimes.com/2026/02/04/raging-health-crisis-aap-mp-raises-alarm-in-rs-over-widespread-food-adulteration/,vegetables are injected with oxytocin,"oxytocin — a chemical linked to dizziness, headaches, heart failure",reported or repository-inferred association; not epidemiological proof of causation
vegetables,oxytocin,infertility,directly joined in the same article,3,2,2,2,0,0,0,0.94,0.9,0.9,2.0723,milk-0bc625b573fb9e74,https://theshillongtimes.com/2026/02/04/raging-health-crisis-aap-mp-raises-alarm-in-rs-over-widespread-food-adulteration/,vegetables are injected with oxytocin,"oxytocin — a chemical linked to dizziness, headaches, heart failure, infertility, and cancer",reported or repository-inferred association; not epidemiological proof of causation
everest fish curry masala,ethylene oxide,toxicity,directly joined in the same article,3,2,2,1,0,0,0,0.95,0.875,0.875,2.0148,milk-b87ea04f3974c7d3,https://www.thehindu.com/news/national/why-mdh-everest-spices-are-under-international-scrutiny-explained/article68130961.ece,Everest fish curry masala. The spice mixes contained high levels of ethylene oxide,"ethylene oxide, a toxic chemical",reported or repository-inferred association; not epidemiological proof of causation
silver vark,aluminium foil,digestive irritation,directly joined in the same article,2,2,2,2,0,0,0,0.95,0.9,0.9,1.9775,7984f772-8c6a-46cb-af36-a7df6ed37ecc,https://timesofindia.indiatimes.com/life-style/food-news/fake-mithai-alert-how-to-test-your-diwali-sweets-at-home-for-safety/articleshow/124693105.cms,"That shiny silver leaf on mithai may look festive, but it can be fake.",Avoid eating mithai with aluminium coating as it can cause digestive irritation,reported or repository-inferred association; not epidemiological proof of causation
everest garam masala,salmonella,salmonellosis,directly joined in the same article,2,2,2,2,0,0,0,0.9,0.95,0.9,1.9775,milk-b87ea04f3974c7d3,https://www.thehindu.com/news/national/why-mdh-everest-spices-are-under-international-scrutiny-explained/article68130961.ece,Another such recall involved Everest's Garam Masala and Sambhar Masala,Salmonella. These are agents known to cause salmonellosis,reported or repository-inferred association; not epidemiological proof of causation
sambhar masala,salmonella,salmonellosis,directly joined in the same article,2,2,2,2,0,0,0,0.9,0.95,0.9,1.9775,milk-b87ea04f3974c7d3,https://www.thehindu.com/news/national/why-mdh-everest-spices-are-under-international-scrutiny-explained/article68130961.ece,"Another such recall involved Everest's Garam Masala and Sambhar Masala, and Maggi's Masala-ae-Magic in June last year. Other than being contaminated with Salmonella.",Salmonella. These are agents known to cause salmonellosis,reported or repository-inferred association; not epidemiological proof of causation
maggi masala ae magic,salmonella,salmonellosis,directly joined in the same article,2,2,2,2,0,0,0,0.9,0.95,0.9,1.9775,milk-b87ea04f3974c7d3,https://www.thehindu.com/news/national/why-mdh-everest-spices-are-under-international-scrutiny-explained/article68130961.ece,Maggi's Masala-ae-Magic in June last year. Other than being contaminated with Salmonella,Salmonella. These are agents known to cause salmonellosis,reported or repository-inferred association; not epidemiological proof of causation
tea,pesticide residue,hepatitis,directly joined in the same article,3,2,2,0,2,0,0,0.9,0.85,0.85,1.9572,milk-e0280fded4cae9e7,https://assamtribune.com/assam/whats-on-your-plate-assam-battles-surge-in-unsafe-foods-as-experts-sound-alarm-1575052,"tea, fruits, and vegetables — many of which contained pesticide residues","continued intake of such products may lead to a range of health issues, including typhoid, hepatitis",reported or repository-inferred association; not epidemiological proof of causation
spice mixes,ethylene oxide,toxicity,directly joined in the same article,2,2,2,1,0,0,0,0.91,0.875,0.875,1.9226,milk-b87ea04f3974c7d3,https://www.thehindu.com/news/national/why-mdh-everest-spices-are-under-international-scrutiny-explained/article68130961.ece,"presence of ethylene oxide, a toxic chemical used as a food stabiliser, beyond permissible limits","ethylene oxide, a toxic chemical",reported or repository-inferred association; not epidemiological proof of causation
madras curry powder,ethylene oxide,toxicity,directly joined in the same article,2,2,2,1,0,0,0,0.95,0.875,0.875,1.9226,milk-b87ea04f3974c7d3,https://www.thehindu.com/news/national/why-mdh-everest-spices-are-under-international-scrutiny-explained/article68130961.ece,spice mixes contained high levels of ethylene oxide,"ethylene oxide, a toxic chemical",reported or repository-inferred association; not epidemiological proof of causation
sambhar masala,ethylene oxide,toxicity,directly joined in the same article,2,2,2,1,0,0,0,0.95,0.875,0.875,1.9226,milk-b87ea04f3974c7d3,https://www.thehindu.com/news/national/why-mdh-everest-spices-are-under-international-scrutiny-explained/article68130961.ece,spice mixes contained high levels of ethylene oxide,"ethylene oxide, a toxic chemical",reported or repository-inferred association; not epidemiological proof of causation
curry powder masala,ethylene oxide,toxicity,directly joined in the same article,2,2,2,2,0,0,0,0.95,0.875,0.875,1.9226,milk-b87ea04f3974c7d3,https://www.thehindu.com/news/national/why-mdh-everest-spices-are-under-international-scrutiny-explained/article68130961.ece,spice mixes contained high levels of ethylene oxide,"ethylene oxide, a toxic chemical",reported or repository-inferred association; not epidemiological proof of causation
everest spice mix,ethylene oxide,toxicity,directly joined in the same article,2,2,2,0,0,0,0,0.95,0.875,0.875,1.9226,milk-b87ea04f3974c7d3,https://www.thehindu.com/news/national/why-mdh-everest-spices-are-under-international-scrutiny-explained/article68130961.ece,"Singapore ordered a recall of the Everest spice mix, stating: Ethylene oxide is a pesticide","ethylene oxide, a toxic chemical",reported or repository-inferred association; not epidemiological proof of causation
guar gum,ethylene oxide,toxicity,directly joined in the same article,2,2,2,0,0,0,0,0.9,0.875,0.875,1.9226,milk-b87ea04f3974c7d3,https://www.thehindu.com/news/national/why-mdh-everest-spices-are-under-international-scrutiny-explained/article68130961.ece,ethylene oxide in guar gum,"ethylene oxide, a toxic chemical",reported or repository-inferred association; not epidemiological proof of causation
curry powder,ethylene oxide,toxicity,directly joined in the same article,2,2,2,0,0,0,0,0.9,0.875,0.875,1.9226,milk-b87ea04f3974c7d3,https://www.thehindu.com/news/national/why-mdh-everest-spices-are-under-international-scrutiny-explained/article68130961.ece,ethylene oxide in guar gum and curry powder from India,"ethylene oxide, a toxic chemical",reported or repository-inferred association; not epidemiological proof of causation
mithai,starch,allergic reaction,directly joined in the same article,2,2,2,2,1,0,0,0.9,0.85,0.85,1.8676,7984f772-8c6a-46cb-af36-a7df6ed37ecc,https://timesofindia.indiatimes.com/life-style/food-news/fake-mithai-alert-how-to-test-your-diwali-sweets-at-home-for-safety/articleshow/124693105.cms,many shop-bought mithai contain adulterants like starch,"adulterants like starch, artificial dyes, or metallic powders that can cause allergies",reported or repository-inferred association; not epidemiological proof of causation
honey,high fructose corn syrup,increases sugar level in the body,directly joined in the same article,3,2,2,2,0,0,0,0.8667,0.8,0.8,1.8421,384a803e-eb96-4abf-a0ea-3e3f98291e8e,https://timesofindia.indiatimes.com/city/nagpur/experts-sound-note-of-caution-as-fda-finds-52-of-86-honey-samples-adulterated/articleshow/85336798.cms,honey adulteration is done by using synthetic sugar syrups,"These sugar syrups like high fructose corn syrup and rice syrup have high fructose content, which can harm the body. At least jaggery mixed honey was natural, but honey having fructose content increases the sugar level in the body though honey is being consumed to control sugar",reported or repository-inferred association; not epidemiological proof of causation
Ghee,vegetable oil/fat,gastrointestinal illness,directly joined in the same article,73,1,1,1,0,0,0,0.9042,0.85,0.85,3.6922,40846a9f-f6bb-4e8c-a024-24aec3d65678,https://www.indiatoday.in/india/story/india-today-impact-sting-operation-fake-ghee-leads-to-raids-uttar-pradesh-hathras-2623207-2024-10-25?utm_source=rss,"combination of hydrogenated vegetable oil, refined oil, and some added fragrance","health risks posed by the regular consumption of hydrogenated oils and refined oils are well-documented, ranging from digestive issues",reported or repository-inferred association; not epidemiological proof of causation
Ghee,vegetable oil/fat,cardiovascular problems,directly joined in the same article,73,1,1,1,0,0,0,0.9042,0.85,0.85,3.6922,40846a9f-f6bb-4e8c-a024-24aec3d65678,https://www.indiatoday.in/india/story/india-today-impact-sting-operation-fake-ghee-leads-to-raids-uttar-pradesh-hathras-2623207-2024-10-25?utm_source=rss,"combination of hydrogenated vegetable oil, refined oil, and some added fragrance","health risks posed by the regular consumption of hydrogenated oils and refined oils are well-documented, ranging from digestive issues to long-term cardiovascular problems",reported or repository-inferred association; not epidemiological proof of causation
Milk,urea,stomach irritation,directly joined in the same article,42,1,1,0,1,0,0,0.9286,0.9,0.9,3.4458,2bc11203-0268-4c4a-9fe6-c168449ca3cf,https://www.livemint.com/economy/the-evolution-of-india-s-fake-milk-industry-11782121657013.html,adulterators frequently mixed in substances such as urea,Chemicals such as urea... can cause stomach irritation,reported or repository-inferred association; not epidemiological proof of causation
Milk,urea,multi-organ failure,directly joined in the same article,42,1,1,1,1,0,0,0.9286,0.9,0.9,3.4458,milk-2d4c6eb27aa0b942,https://nagalandpost.com/unsafe-at-every-bite-indias-silent-food-safety-epidemic/,"Common adulterants found in milk and milk-based products, such as paneer, curd, and sweets, include detergent, starch, urea, caustic soda, and formalin.",substances like urea and formalin... may lead to... organ failure,reported or repository-inferred association; not epidemiological proof of causation
Milk,urea,damage to the digestive system,directly joined in the same article,42,1,1,1,0,0,0,0.9286,0.9,0.9,3.4458,milk-fa44bcc5515bda60,https://www.thehindu.com/news/national/andhra-pradesh/hazardous-chemicals-found-in-milk-during-raids-across-east-godavari/article70823682.ece,one sample contained urea,Consumption of milk adulterated with urea involves risks including damage to the digestive system,reported or repository-inferred association; not epidemiological proof of causation
Milk,detergent,stomach irritation,directly joined in the same article,35,1,1,0,1,0,0,0.9231,0.9,0.9,3.2972,2bc11203-0268-4c4a-9fe6-c168449ca3cf,https://www.livemint.com/economy/the-evolution-of-india-s-fake-milk-industry-11782121657013.html,"adulterators frequently mixed in substances such as urea, detergent","Chemicals such as urea, detergents and caustic soda can cause stomach irritation",reported or repository-inferred association; not epidemiological proof of causation
Milk,detergent,vomiting,directly joined in the same article,35,1,1,0,4,0,0,0.9231,0.9,0.9,3.2972,2bc11203-0268-4c4a-9fe6-c168449ca3cf,https://www.livemint.com/economy/the-evolution-of-india-s-fake-milk-industry-11782121657013.html,"adulterators frequently mixed in substances such as urea, detergent","Chemicals such as urea, detergents and caustic soda can cause stomach irritation, vomiting and diarrhoea",reported or repository-inferred association; not epidemiological proof of causation
Milk,detergent,diarrhoea,directly joined in the same article,35,1,1,0,3,0,0,0.9231,0.9,0.9,3.2972,2bc11203-0268-4c4a-9fe6-c168449ca3cf,https://www.livemint.com/economy/the-evolution-of-india-s-fake-milk-industry-11782121657013.html,"adulterators frequently mixed in substances such as urea, detergent","Chemicals such as urea, detergents and caustic soda can cause stomach irritation, vomiting and diarrhoea",reported or repository-inferred association; not epidemiological proof of causation
Milk,detergent,irritate the digestive tract,directly joined in the same article,35,1,1,1,1,0,0,0.9231,0.9,0.9,3.2972,milk-2d4c6eb27aa0b942,https://nagalandpost.com/unsafe-at-every-bite-indias-silent-food-safety-epidemic/,"Common adulterants found in milk and milk-based products, such as paneer, curd, and sweets, include detergent",Detergents... can irritate the digestive tract,reported or repository-inferred association; not epidemiological proof of causation
Milk,ethylene glycol,hospitalising 15 persons,directly joined in the same article,34,1,1,1,0,0,0,0.9315,0.9,0.9,3.2738,53fc2aa4-9910-4f30-8573-76f088b6013f,https://www.deccanchronicle.com/southern-states/andhra-pradesh/forensics-lab-steps-in-over-adulterated-milk-tragedy-1939633,monoethylene glycol mixing with milk,monoethylene glycol mixing with milk and causing the death of four persons and hospitalising 15 persons,reported or repository-inferred association; not epidemiological proof of causation
Milk,ethylene glycol,kidney related problems,directly joined in the same article,34,1,1,1,0,0,0,0.9315,0.9,0.9,3.2738,milk-047fe14147939774,https://www.thehansindia.com/andhra-pradesh/nhrc-takes-serious-view-of-rights-violations-1059941,"milk was contaminated with ethylene glycol, a highly toxic industrial chemical","Investigations revealed that the milk was contaminated with ethylene glycol, a highly toxic industrial chemical. The victims included vulnerable groups such as children and senior citizens. As per official records, 20 people were admitted to various hospitals with Anuria and kidney-related problems.",reported or repository-inferred association; not epidemiological proof of causation
Milk,ethylene glycol,acute renal complications,directly joined in the same article,34,1,1,1,0,0,0,0.9315,0.9,0.9,3.2738,milk-4c3c21ca7e3edf72,https://www.deccanchronicle.com/southern-states/andhra-pradesh/nhrc-takes-suo-motu-cognisance-of-rajamahendravaram-milk-contamination-tragedy-1946419,milk supplied to more than 100 households had been contaminated with ethylene glycol,residents developed acute renal complications,reported or repository-inferred association; not epidemiological proof of causation
Milk,ethylene glycol,nervous system damage,directly joined in the same article,34,1,1,1,0,0,0,0.9315,0.9,0.9,3.2738,milk-bada5c236fb9c2ff,https://thelogicalindian.com/13-dead-after-consuming-toxic-milk-in-andhra-pradesh-dairy-supplying-106-families-under-investigation/,presence of ethylene glycol a toxic chemical commonly used in coolants in the milk supply,"Exposure to this chemical can lead to rapid organ damage, particularly affecting the kidneys and nervous system",reported or repository-inferred association; not epidemiological proof of causation
Milk,ethylene glycol,food poisoning,directly joined in the same article,34,1,1,1,1,0,0,0.9315,0.9,0.9,3.2738,milk-f15f75c19712ee99,https://www.hindustantimes.com/india-news/toll-from-adulterated-milk-in-andhra-pradesh-s-east-godavari-district-rises-to-6-101771989183570.html,"Varalakshmi Dairy was using ethylene glycol as the coolant at a refrigeration unit, which leaked and contaminated the milk supply",resulting in poisoning among consumers,reported or repository-inferred association; not epidemiological proof of causation
Milk,ethylene glycol,kidney damage,directly joined in the same article,34,1,1,1,0,0,0,0.9315,0.9,0.9,3.2738,milk-f27a9200b8298367,https://www.news18.com/cities/hyderabad-news/sweet-death-why-ethylene-glycol-an-antifreeze-chemical-is-lurking-in-andhras-milk-ws-l-9991605.html,confirmed the presence of a toxic substance — ethylene glycol — in the milk,deaths to multi-organ failure triggered by acute renal damage,reported or repository-inferred association; not epidemiological proof of causation
Milk,ethylene glycol,toxicity to humans if ingested,directly joined in the same article,34,1,1,1,0,0,0,0.9315,0.9,0.9,3.2738,milk-f27a9200b8298367,https://www.news18.com/cities/hyderabad-news/sweet-death-why-ethylene-glycol-an-antifreeze-chemical-is-lurking-in-andhras-milk-ws-l-9991605.html,confirmed the presence of a toxic substance — ethylene glycol — in the milk,it is highly toxic to humans if ingested,reported or repository-inferred association; not epidemiological proof of causation
Milk,ethylene glycol,metabolic acidosis,directly joined in the same article,34,1,1,0,0,0,0,0.9315,0.9,0.9,3.2738,milk-f27a9200b8298367,https://www.news18.com/cities/hyderabad-news/sweet-death-why-ethylene-glycol-an-antifreeze-chemical-is-lurking-in-andhras-milk-ws-l-9991605.html,confirmed the presence of a toxic substance — ethylene glycol — in the milk,"lead to metabolic acidosis, which means dangerously high acidity",reported or repository-inferred association; not epidemiological proof of causation
Milk,urea,gastrointestinal illness,directly joined in the same article,42,1,1,0,4,0,0,0.9286,0.85,0.85,3.2543,milk-3f1ab04360b80cfd,https://indianexpress.com/article/health-wellness/fake-paneer-khoya-seized-up-holi-health-10561195/,Urea and detergent have also been found in milk,Adulterants like urea and detergents can be toxic,reported or repository-inferred association; not epidemiological proof of causation
Milk,urea,severe health risks,directly joined in the same article,42,1,1,1,0,0,0,0.9286,0.85,0.85,3.2543,milk-90b61558dc2a44b6,https://thelogicalindian.com/detergent-powder-found-in-ice-cream-bone-weakening-chemicals-detected-in-soft-drinks-across-karnataka/,synthetic milk made from urea and starch,"Synthetic milk made from urea and starch was also discovered, posing severe health risks",reported or repository-inferred association; not epidemiological proof of causation
Milk,detergent,gastrointestinal discomfort,directly joined in the same article,35,1,1,1,0,0,0,0.9231,0.85,0.85,3.114,milk-2d4c6eb27aa0b942,https://nagalandpost.com/unsafe-at-every-bite-indias-silent-food-safety-epidemic/,"Common adulterants found in milk and milk-based products, such as paneer, curd, and sweets, include detergent",leading to issues such as gastrointestinal discomfort,reported or repository-inferred association; not epidemiological proof of causation
Milk,detergent,kidney damage,directly joined in the same article,35,1,1,1,2,0,0,0.9231,0.85,0.85,3.114,milk-601312c7904467a2,https://thelogicalindian.com/fssai-orders-nationwide-crackdown-on-adulterated-milk-paneer-and-khoya-amid-festive-season-health-fears/,adulterated milk ... targeting health risks from contaminants like detergents,"detergents for froth, urea for density, starch for thickness, and even formalin for preservation-each linked to severe health issues like kidney damage",reported or repository-inferred association; not epidemiological proof of causation
Milk,detergent,liver damage,directly joined in the same article,35,1,1,1,3,0,0,0.9231,0.85,0.85,3.114,oil-08739343ef4cafb5,https://www.freepressjournal.in/mumbai/detergent-urea-refined-oil-alleged-milk-adulteration-racket-busted-in-mumbais-andheri-viral-video-reveals-shocking-details,substances such as detergent powder... are being mixed to create milk-like liquid,"substances such as detergent powder, urea, soap solution, refined oil and other synthetic chemicals are being mixed to create milk-like liquid. Residents further claimed that one litre of original milk is allegedly diluted with water and chemicals to produce nearly double the quantity, which is then supplied daily to consumers. Supply Chain Under Scrutiny Locals alleged that milk packets do not reach consumers directly from authorised dairy centres. Instead, the original packets are reportedly diverted to private locations where adulteration takes place. The adulterated milk is then repackaged into fresh pouches and distributed in nearby areas. Health Risks Highlighted Medical experts warn that long-term consumption of adulterated milk can lead to serious health complications. These include kidney and liver damage, impaired growth in children, calcium deficiency in women, and chronic gastrointestinal, skin and eye-related disorders.",reported or repository-inferred association; not epidemiological proof of causation
Milk,ethylene glycol,health risks to diabetic patients,directly joined in the same article,34,1,1,1,0,0,0,0.9315,0.85,0.85,3.0919,milk-1242cdda07989a9a,https://www.deccanchronicle.com/southern-states/andhra-pradesh/rajamahendravaram-mp-urges-curb-on-hormone-injections-to-buffaloes-1939595,"ethylene glycol, may have leaked into the milk",ethylene glycol is particularly dangerous for diabetic patients,reported or repository-inferred association; not epidemiological proof of causation
Milk,ethylene glycol,inability to urinate,directly joined in the same article,34,1,1,1,0,0,0,0.9315,0.85,0.85,3.0919,milk-f27a9200b8298367,https://www.news18.com/cities/hyderabad-news/sweet-death-why-ethylene-glycol-an-antifreeze-chemical-is-lurking-in-andhras-milk-ws-l-9991605.html,confirmed the presence of a toxic substance — ethylene glycol — in the milk,reporting symptoms such as ... an inability to urinate,reported or repository-inferred association; not epidemiological proof of causation
Ghee,chemicals,serious health risks,directly joined in the same article,33,1,1,1,0,0,0,0.8485,0.85,0.8485,3.0638,5fa4530c-d60b-48c1-b6b2-371abff6d77a,https://www.deccanchronicle.com/southern-states/andhra-pradesh/ttd-chairman-refutes-ysrcs-claim-of-clean-chit-in-laddu-ghee-case-1933848,charge sheet explicitly mentions the use of chemicals in the ghee,chemicals allegedly had been highly hazardous and posed serious health risks,reported or repository-inferred association; not epidemiological proof of causation
syrup,ethylene glycol,renal failure,directly joined in the same article,1,24,1,0,1,0,0,0.95,0.9177,0.9177,3.0581,milk-6cf8b965d0dba773,https://indianexpress.com/article/world/when-children-take-toxic-cough-syrup-and-live-9080098/,syrups ... contained ethylene glycol,toxic byproducts that damage the organs,reported or repository-inferred association; not epidemiological proof of causation
pharmaceutical grade propylene glycol,ethylene glycol,renal failure,directly joined in the same article,1,24,1,0,1,0,0,0.95,0.9177,0.9177,3.0581,milk-6cf8b965d0dba773,https://indianexpress.com/article/world/when-children-take-toxic-cough-syrup-and-live-9080098/,labels stated the drums held pharmaceutical grade propylene glycol,toxic byproducts that damage the organs,reported or repository-inferred association; not epidemiological proof of causation
Milk,unknown adulterant,death,directly joined in the same article,33,1,1,1,2,0,0,0.8397,0.9,0.8397,3.0321,milk-59bc00e49808b943,https://www.deccanchronicle.com/southern-states/andhra-pradesh/death-toll-in-toxic-milk-case-rises-to-17-1945474,adulterated milk incident,death toll in the adulterated milk incident rose to 17,reported or repository-inferred association; not epidemiological proof of causation
Milk,unknown adulterant,vomiting,directly joined in the same article,33,1,1,1,2,0,0,0.8397,0.9,0.8397,3.0321,milk-f87ad907347c5ac8,https://uttarbangasambad.com/adulterated-milk-deaths-andhra-pradesh-adulterated-milk-tragedy-13-dead-east-godavari/,ভেজাল দুধ (Adulterated Milk Deaths) পান করে অন্তত ১৩ জনের মৃত্যু হয়েছে,তাঁদের প্রত্যেকেরই বমি বমি ভাব,reported or repository-inferred association; not epidemiological proof of causation
Milk,unknown adulterant,urination problems,directly joined in the same article,33,1,1,1,0,0,0,0.8397,0.9,0.8397,3.0321,milk-f87ad907347c5ac8,https://uttarbangasambad.com/adulterated-milk-deaths-andhra-pradesh-adulterated-milk-tragedy-13-dead-east-godavari/,ভেজাল দুধ (Adulterated Milk Deaths) পান করে অন্তত ১৩ জনের মৃত্যু হয়েছে,মূত্রত্যাগের সমস্যার মতো উপসর্গ দেখা দেয়,reported or repository-inferred association; not epidemiological proof of causation
Milk,water,death,directly joined in the same article,26,4,1,1,2,0,0,0.9176,0.8667,0.8667,3.0303,milk-c9d34ca0c97e2a93,https://thelogicalindian.com/indore-water-crisis-nine-dead-as-sewage-contaminated-water-sickens-hundreds-officials-dismissed-probe-on/,consuming milk mixed with the contaminated water,died after consuming milk mixed with the contaminated water,reported or repository-inferred association; not epidemiological proof of causation
propylene glycol,ethylene glycol,renal failure,directly joined in the same article,1,24,1,0,1,0,0,0.9,0.9177,0.9,2.999,milk-6cf8b965d0dba773,https://indianexpress.com/article/world/when-children-take-toxic-cough-syrup-and-live-9080098/,drums containing EG...stated the drums held pharmaceutical grade propylene glycol,toxic byproducts that damage the organs,reported or repository-inferred association; not epidemiological proof of causation
Ghee,chemicals,public health risks,directly joined in the same article,33,1,1,1,0,0,0,0.8485,0.8,0.8,2.8887,f1ba13f7-7414-47ce-9df3-a6aa0902c1b9,https://www.siasat.com/ttd-chief-rejects-ysrcps-clean-chit-claim-in-laddu-ghee-scam-3334108/,certain chemicals found in the adulterated ghee,"chemicals found in the adulterated ghee were highly dangerous, posing risks to public health",reported or repository-inferred association; not epidemiological proof of causation
Milk,unknown adulterant,acute renal dysfunction,directly joined in the same article,33,1,1,1,1,0,0,0.8397,0.8,0.8,2.8887,8d759d9a-4a98-4e31-8236-3283c7a70de7,https://www.indiatoday.in/india/andhra-pradesh/story/andhra-pradesh-east-godavari-milk-contamination-death-telangana-rajamahendravaram-2880782-2026-03-12,consuming adulterated milk in Andhra Pradesh,acute renal dysfunction requiring dialysis,reported or repository-inferred association; not epidemiological proof of causation
cough syrup,ethylene glycol,renal failure,directly joined in the same article,2,24,1,1,1,0,0,0.85,0.9177,0.85,2.8622,milk-6cf8b965d0dba773,https://indianexpress.com/article/world/when-children-take-toxic-cough-syrup-and-live-9080098/,detecting EG in the blood samples of patients,toxic byproducts that damage the organs,reported or repository-inferred association; not epidemiological proof of causation
Paneer,starch,gastrointestinal illness,directly joined in the same article,20,1,1,1,1,0,0,0.905,0.85,0.85,2.7013,08675130-4804-4198-9157-40e7f9a9d248,https://timesofindia.indiatimes.com/life-style/food-news/702-food-samples-revealed-paneer-as-the-most-adulterated-product/articleshow/120175050.cms,Most common adulterants used in paneer Starch,can lower nutritional value and cause digestive issues,reported or repository-inferred association; not epidemiological proof of causation
Ghee,adulterated ghee,vomiting,directly joined in the same article,16,1,1,1,0,0,0,0.8474,0.85,0.8474,2.5385,706f0136-7ae5-45f2-b804-e3a8c9a14d1c,https://www.freepressjournal.in/bhopal/bhandara-turns-nightmare-250-villagers-fall-ill-after-eating-halwa-made-with-adulterated-ghee-in-mps-shivpuri,Halwa was prepared in adulterated ghee,villagers began complaining of vomiting,reported or repository-inferred association; not epidemiological proof of causation
Khoya/mawa,starch,stomach pain and loose motions,directly joined in the same article,15,1,1,1,0,0,0,0.9029,0.85,0.85,2.5028,f3307bb9-ecd5-4da7-ab4d-7da66a93aee4,https://www.freepressjournal.in/bhopal/beware-before-buying-raksha-bandhan-sweets-over-400-places-making-adulterated-mawa-in-madhya-pradesh-check-how-to-test-real-vs-fake,starch and synthetic materials are added,"To increase weight, starch and synthetic materials are added. Health risks of fake mawa Food poisoning Stomach pain and loose motions",reported or repository-inferred association; not epidemiological proof of causation
Khoya/mawa,starch,nausea,directly joined in the same article,15,1,1,0,1,0,0,0.9029,0.85,0.85,2.5028,milk-d76c56c09e58067b,https://timesofindia.indiatimes.com/life-style/food-news/fake-mithai-alert-how-to-test-your-diwali-sweets-at-home-for-safety/articleshow/124693105.cms,Khoya is often mixed with starch,"adulterants like starch, artificial dyes, or metallic powders that can cause allergies, nausea",reported or repository-inferred association; not epidemiological proof of causation
Mustard oil,argemone oil,dropsy,directly joined in the same article,8,1,1,1,0,0,0,0.9333,0.95,0.9333,2.3192,oil-89e415114ffbdc77,https://garhwalpost.in/specs-presents-report-on-adulteration-in-mustard-oil/,Mustard oil is found adulterated with cheap argemone oil,argemone oil which causes dropsy,reported or repository-inferred association; not epidemiological proof of causation
Paneer,detergent,irritate the digestive tract,directly joined in the same article,9,1,1,1,1,0,0,0.905,0.9,0.9,2.3085,milk-2d4c6eb27aa0b942,https://nagalandpost.com/unsafe-at-every-bite-indias-silent-food-safety-epidemic/,"adulterants found in milk and milk-based products, such as paneer, curd, and sweets, include detergent",Detergents... can irritate the digestive tract,reported or repository-inferred association; not epidemiological proof of causation
Paneer,cheese analogue,food poisoning,directly joined in the same article,9,1,1,1,3,0,0,0.93,0.9,0.9,2.3085,oil-a19b93d5dda9f30e,https://indianexpress.com/article/cities/mumbai/mumbai-550-kg-fake-cheese-sold-as-paneer-seized-10213225/,"cheese analogue — a cheap, unhealthy substitute made using milk powder, palm oil, and chemicals — was being marketed as “malai paneer”",poses serious health risks including food poisoning,reported or repository-inferred association; not epidemiological proof of causation
Paneer,detergent,organ damage,directly joined in the same article,9,3,1,1,0,0,0,0.905,0.85,0.85,2.3018,08675130-4804-4198-9157-40e7f9a9d248,https://timesofindia.indiatimes.com/life-style/food-news/702-food-samples-revealed-paneer-as-the-most-adulterated-product/articleshow/120175050.cms,Detergents or Synthetic Milk: These are added in making low-quality or fake paneer,and long-term organ damage,reported or repository-inferred association; not epidemiological proof of causation
Milk,pesticide residue,cancer/carcinogenicity,directly joined in the same article,4,6,1,1,0,0,0,0.8875,0.8812,0.8812,2.2604,milk-b993f201bb670e21,https://www.thehansindia.com/editors-desk/india-needs-to-grow-safe-food-curb-adulteration-879087,"Pesticide residues can be found in significant amounts in many foods, including ... bovine milk","Such residues, when consumed regularly, are found to cause serious health risks, including ... cancer",reported or repository-inferred association; not epidemiological proof of causation
Milk,caustic soda,stomach irritation,directly joined in the same article,8,1,1,0,1,0,0,0.9312,0.9,0.9,2.2364,2bc11203-0268-4c4a-9fe6-c168449ca3cf,https://www.livemint.com/economy/the-evolution-of-india-s-fake-milk-industry-11782121657013.html,Caustic soda was often added to adjust pH levels,"Chemicals such as urea, detergents and caustic soda can cause stomach irritation",reported or repository-inferred association; not epidemiological proof of causation
Milk,caustic soda,vomiting,directly joined in the same article,8,1,1,0,1,0,0,0.9312,0.9,0.9,2.2364,2bc11203-0268-4c4a-9fe6-c168449ca3cf,https://www.livemint.com/economy/the-evolution-of-india-s-fake-milk-industry-11782121657013.html,Caustic soda was often added to adjust pH levels,"Chemicals such as urea, detergents and caustic soda can cause stomach irritation, vomiting and diarrhoea",reported or repository-inferred association; not epidemiological proof of causation
Milk,caustic soda,diarrhoea,directly joined in the same article,8,1,1,0,1,0,0,0.9312,0.9,0.9,2.2364,2bc11203-0268-4c4a-9fe6-c168449ca3cf,https://www.livemint.com/economy/the-evolution-of-india-s-fake-milk-industry-11782121657013.html,Caustic soda was often added to adjust pH levels,"Chemicals such as urea, detergents and caustic soda can cause stomach irritation, vomiting and diarrhoea",reported or repository-inferred association; not epidemiological proof of causation
Milk,caustic soda,irritate the digestive tract,directly joined in the same article,8,1,1,1,1,0,0,0.9312,0.9,0.9,2.2364,milk-2d4c6eb27aa0b942,https://nagalandpost.com/unsafe-at-every-bite-indias-silent-food-safety-epidemic/,"Common adulterants found in milk and milk-based products, such as paneer, curd, and sweets, include detergent, starch, urea, caustic soda, and formalin.",Detergents and caustic soda can irritate the digestive tract,reported or repository-inferred association; not epidemiological proof of causation
fish,formalin/formaldehyde,cancer/carcinogenicity,directly joined in the same article,5,4,1,1,2,0,0,0.93,0.9,0.9,2.2364,milk-2d4c6eb27aa0b942,https://nagalandpost.com/unsafe-at-every-bite-indias-silent-food-safety-epidemic/,used on fish to inhibit decay,"Formalin, recognised for its cancer-causing properties",reported or repository-inferred association; not epidemiological proof of causation
Paneer,detergent,gastrointestinal illness,directly joined in the same article,9,1,1,1,1,0,0,0.905,0.85,0.85,2.1802,08675130-4804-4198-9157-40e7f9a9d248,https://timesofindia.indiatimes.com/life-style/food-news/702-food-samples-revealed-paneer-as-the-most-adulterated-product/articleshow/120175050.cms,Detergents or Synthetic Milk: These are added in making low-quality or fake paneer,"can cause stomach cramps, nausea, vomiting",reported or repository-inferred association; not epidemiological proof of causation
Paneer,detergent,gastrointestinal discomfort,directly joined in the same article,9,1,1,1,0,0,0,0.905,0.85,0.85,2.1802,milk-2d4c6eb27aa0b942,https://nagalandpost.com/unsafe-at-every-bite-indias-silent-food-safety-epidemic/,"adulterants found in milk and milk-based products, such as paneer, curd, and sweets, include detergent",leading to issues such as gastrointestinal discomfort,reported or repository-inferred association; not epidemiological proof of causation
Paneer,detergent,kidney damage,directly joined in the same article,9,1,1,1,3,0,0,0.905,0.85,0.85,2.1802,milk-601312c7904467a2,https://thelogicalindian.com/fssai-orders-nationwide-crackdown-on-adulterated-milk-paneer-and-khoya-amid-festive-season-health-fears/,"adulterated milk, paneer, and khoya, targeting health risks from contaminants like detergents","detergents for froth, urea for density, starch for thickness, and even formalin for preservation-each linked to severe health issues like kidney damage",reported or repository-inferred association; not epidemiological proof of causation
Milk,formalin/formaldehyde,gastrointestinal toxicity,directly joined in the same article,6,1,1,1,0,0,0,0.9417,0.95,0.9417,2.1683,9849e210-d94b-448b-885e-7bdffe11cfe9,https://www.newindianexpress.com/cities/delhi/2025/Oct/18/police-seize-over-6800-units-of-fake-desi-ghee-sweets-across-delhi,use of sodium formaldehyde sulfoxylate in the sweet preparation,"known to cause severe health issues, including ... gastrointestinal toxicity",reported or repository-inferred association; not epidemiological proof of causation
Milk,formalin/formaldehyde,allergic reaction,directly joined in the same article,6,1,1,1,0,0,0,0.9417,0.95,0.9417,2.1683,9849e210-d94b-448b-885e-7bdffe11cfe9,https://www.newindianexpress.com/cities/delhi/2025/Oct/18/police-seize-over-6800-units-of-fake-desi-ghee-sweets-across-delhi,use of sodium formaldehyde sulfoxylate in the sweet preparation,"known to cause severe health issues, including ... allergic reactions",reported or repository-inferred association; not epidemiological proof of causation
Milk,formalin/formaldehyde,respiratory problems,directly joined in the same article,6,1,1,1,0,0,0,0.9417,0.95,0.9417,2.1683,9849e210-d94b-448b-885e-7bdffe11cfe9,https://www.newindianexpress.com/cities/delhi/2025/Oct/18/police-seize-over-6800-units-of-fake-desi-ghee-sweets-across-delhi,use of sodium formaldehyde sulfoxylate in the sweet preparation,"known to cause severe health issues, including ... respiratory problems",reported or repository-inferred association; not epidemiological proof of causation
fruits,pesticide residue,food poisoning,directly joined in the same article,6,3,1,1,0,0,0,0.9,0.8667,0.8667,2.1536,milk-b993f201bb670e21,https://www.thehansindia.com/editors-desk/india-needs-to-grow-safe-food-curb-adulteration-879087,"Pesticide residues can be found in significant amounts in many foods, including fruits","Such residues, when consumed regularly, are found to cause serious health risks, including: food poisoning",reported or repository-inferred association; not epidemiological proof of causation
spice products,ethylene oxide,cancer/carcinogenicity,directly joined in the same article,1,7,1,1,0,0,0,0.9,0.8885,0.8885,2.1304,9368fe71-a18d-4580-8063-8e3f17e6cec9,https://frontline.thehindu.com/the-nation/food-adulteration-diwali-crisis-contamination-spices-india-diseases-fssai/article70208651.ece,three spice products from India contained traces of ethylene oxide,"ethylene oxide, a known carcinogen",reported or repository-inferred association; not epidemiological proof of causation
spice blends,ethylene oxide,cancer/carcinogenicity,directly joined in the same article,1,7,1,1,0,0,0,0.9,0.8885,0.8885,2.1304,milk-04c06f12b8f68a2a,https://www.tribuneindia.com/news/business/fssai-to-inspect-all-manufacturers-in-its-crackdown-on-spurious-spices-617328,flagging high levels of ethylene oxide,"ethylene oxide, which is unfit for human consumption and a cancer risk",reported or repository-inferred association; not epidemiological proof of causation
peppercorns,ethylene oxide,cancer/carcinogenicity,directly joined in the same article,1,7,1,1,0,0,0,0.9,0.8885,0.8885,2.1304,milk-74d1d6aaa4ade7cf,https://indianexpress.com/article/upsc-current-affairs/upsc-key-indus-waters-treaty-food-adulteration-and-antitrust-laws-9963906/,presence of ethylene oxide in chilli peppers and peppercorns from India,"ethylene oxide, a cancer-causing pesticide",reported or repository-inferred association; not epidemiological proof of causation
fish curry masala,ethylene oxide,cancer/carcinogenicity,directly joined in the same article,1,7,1,0,0,0,0,0.95,0.8885,0.8885,2.1304,milk-b87ea04f3974c7d3,https://www.thehindu.com/news/national/why-mdh-everest-spices-are-under-international-scrutiny-explained/article68130961.ece,The spice mixes contained high levels of ethylene oxide,posing a cancer risk if exposed for too long,reported or repository-inferred association; not epidemiological proof of causation
protein powder,pesticide residue,cancer/carcinogenicity,directly joined in the same article,2,6,1,1,0,0,0,0.9,0.8812,0.8812,2.1131,milk-d2fe77bd3bfa3b48,https://timesofindia.indiatimes.com/etimes/wellness/taking-protein-powder-the-hidden-dangers-no-one-tells-you/photostory/131463925.cms,products also contained pesticides,contaminants linked to cancer,reported or repository-inferred association; not epidemiological proof of causation
Paneer,urea,liver damage,directly joined in the same article,6,2,1,1,1,0,0,0.9143,0.875,0.875,2.0982,milk-3860e6654d518030,https://www.freepressjournal.in/india/fake-paneer-racket-busted-toxic-chemicals-like-urea-detergent-used-in-up,fake paneer being produced using harmful chemicals such as urea,They severely damage the liver,reported or repository-inferred association; not epidemiological proof of causation
Paneer,urea,digestive system damage,directly joined in the same article,6,1,1,1,0,0,0,0.9143,0.9,0.9,2.0723,milk-3860e6654d518030,https://www.freepressjournal.in/india/fake-paneer-racket-busted-toxic-chemicals-like-urea-detergent-used-in-up,fake paneer being produced using harmful chemicals such as urea,"They severely damage the liver, kidneys, and digestive system",reported or repository-inferred association; not epidemiological proof of causation
Milk,formalin/formaldehyde,metabolic disturbances,directly joined in the same article,6,1,1,1,0,0,0,0.9417,0.9,0.9,2.0723,milk-2d4c6eb27aa0b942,https://nagalandpost.com/unsafe-at-every-bite-indias-silent-food-safety-epidemic/,Common adulterants found in milk and milk-based products... include... formalin,substances like urea and formalin... may lead to metabolic disturbances,reported or repository-inferred association; not epidemiological proof of causation
Milk,formalin/formaldehyde,multi-organ failure,directly joined in the same article,6,1,1,1,1,0,0,0.9417,0.9,0.9,2.0723,milk-2d4c6eb27aa0b942,https://nagalandpost.com/unsafe-at-every-bite-indias-silent-food-safety-epidemic/,Common adulterants found in milk and milk-based products... include... formalin,substances like urea and formalin... may lead to... organ failure,reported or repository-inferred association; not epidemiological proof of causation
Khoya/mawa,milk powder,poison,directly joined in the same article,7,1,1,1,0,0,0,0.8929,0.85,0.85,2.0382,6fca3d47-9acd-423e-854a-e6ad43d85fbe,https://www.dnaindia.com/analysis/report-dna-tv-show-uncovering-mafia-of-fake-diwali-sweets-that-can-poison-your-family-sourabh-raaj-jain-3067817,milk powder is added to making mawa,This mixture of low-quality milk powder is extremely harmful to your health and can prove to be poison if ingested in large quantities.,reported or repository-inferred association; not epidemiological proof of causation
Khoya/mawa,milk powder,harmful to health,directly joined in the same article,7,1,1,1,0,0,0,0.8929,0.85,0.85,2.0382,6fca3d47-9acd-423e-854a-e6ad43d85fbe,https://www.dnaindia.com/analysis/report-dna-tv-show-uncovering-mafia-of-fake-diwali-sweets-that-can-poison-your-family-sourabh-raaj-jain-3067817,milk powder is added to making mawa,This mixture of low-quality milk powder is extremely harmful to your health,reported or repository-inferred association; not epidemiological proof of causation
everest masala,ethylene oxide,cancer/carcinogenicity,directly joined in the same article,1,7,1,1,0,0,0,0.85,0.8885,0.85,2.0382,oil-b3f4745b17c73ffb,https://indianexpress.com/article/lifestyle/food-wine/indians-mustard-oil-spices-banned-us-west-why-9378439/,"Everest masala and MDH, popular spice brands, have also been under scrutiny these past few months. Following bans in EU, Singapore and Hong Kong, Nepal also recently joined the list by prohibiting the consumption and sale of these popular Indian brands due to potential contamination with ethylene oxide, a carcinogen.","ethylene oxide, a carcinogen",reported or repository-inferred association; not epidemiological proof of causation
mdh,ethylene oxide,cancer/carcinogenicity,directly joined in the same article,1,7,1,1,0,0,0,0.85,0.8885,0.85,2.0382,oil-b3f4745b17c73ffb,https://indianexpress.com/article/lifestyle/food-wine/indians-mustard-oil-spices-banned-us-west-why-9378439/,"Everest masala and MDH, popular spice brands, have also been under scrutiny these past few months. Following bans in EU, Singapore and Hong Kong, Nepal also recently joined the list by prohibiting the consumption and sale of these popular Indian brands due to potential contamination with ethylene oxide, a carcinogen.","ethylene oxide, a carcinogen",reported or repository-inferred association; not epidemiological proof of causation
wheat flour,pesticide residue,cancer/carcinogenicity,directly joined in the same article,1,6,1,1,0,0,0,0.9,0.8812,0.8812,2.0292,milk-b993f201bb670e21,https://www.thehansindia.com/editors-desk/india-needs-to-grow-safe-food-curb-adulteration-879087,"Pesticide residues can be found in significant amounts in many foods, including ... wheat flour","Such residues, when consumed regularly, are found to cause serious health risks, including ... cancer",reported or repository-inferred association; not epidemiological proof of causation
rice,pesticide residue,cancer/carcinogenicity,directly joined in the same article,1,6,1,0,0,0,0,0.9,0.8812,0.8812,2.0292,milk-b993f201bb670e21,https://www.thehansindia.com/editors-desk/india-needs-to-grow-safe-food-curb-adulteration-879087,pesticide residues in our rice exports,"Such residues, when consumed regularly, are found to cause serious health risks, including ... cancer",reported or repository-inferred association; not epidemiological proof of causation
Milk,pesticide residue,food poisoning,directly joined in the same article,4,3,1,1,0,0,0,0.8875,0.8667,0.8667,1.9956,milk-b993f201bb670e21,https://www.thehansindia.com/editors-desk/india-needs-to-grow-safe-food-curb-adulteration-879087,"Pesticide residues can be found in significant amounts in many foods, including ... bovine milk","Such residues, when consumed regularly, are found to cause serious health risks, including: food poisoning",reported or repository-inferred association; not epidemiological proof of causation
Milk,maltodextrin,spike in blood sugar,directly joined in the same article,5,1,1,1,0,0,0,0.91,0.9,0.9,1.9775,milk-fa44bcc5515bda60,https://www.thehindu.com/news/national/andhra-pradesh/hazardous-chemicals-found-in-milk-during-raids-across-east-godavari/article70823682.ece,Maltodextrin was found in two samples,Maltodextrin powder is reportedly extracted from the starch of corn and it leads to a spike in blood sugar,reported or repository-inferred association; not epidemiological proof of causation
Milk,maltodextrin,affecting gut health,directly joined in the same article,5,1,1,1,0,0,0,0.91,0.9,0.9,1.9775,milk-fa44bcc5515bda60,https://www.thehindu.com/news/national/andhra-pradesh/hazardous-chemicals-found-in-milk-during-raids-across-east-godavari/article70823682.ece,Maltodextrin was found in two samples,"Maltodextrin powder is reportedly extracted from the starch of corn and it leads to a spike in blood sugar, affecting gut health.",reported or repository-inferred association; not epidemiological proof of causation
turmeric,lead chromate,kidney damage,directly joined in the same article,5,1,1,1,0,0,0,0.95,0.9,0.9,1.9775,milk-2d4c6eb27aa0b942,https://nagalandpost.com/unsafe-at-every-bite-indias-silent-food-safety-epidemic/,"Lead chromate, which is used to give turmeric its bright yellow colour",Lead chromate... can seriously hurt the kidneys,reported or repository-inferred association; not epidemiological proof of causation
fish,formalin/formaldehyde,metabolic disturbances,directly joined in the same article,5,1,1,0,0,0,0,0.93,0.9,0.9,1.9775,milk-2d4c6eb27aa0b942,https://nagalandpost.com/unsafe-at-every-bite-indias-silent-food-safety-epidemic/,used on fish to inhibit decay,substances like urea and formalin... may lead to metabolic disturbances,reported or repository-inferred association; not epidemiological proof of causation
fish,formalin/formaldehyde,multi-organ failure,directly joined in the same article,5,1,1,0,1,0,0,0.93,0.9,0.9,1.9775,milk-2d4c6eb27aa0b942,https://nagalandpost.com/unsafe-at-every-bite-indias-silent-food-safety-epidemic/,used on fish to inhibit decay,substances like urea and formalin... may lead to... organ failure,reported or repository-inferred association; not epidemiological proof of causation
Paneer,urea,cancer/carcinogenicity,directly joined in the same article,6,1,1,1,2,0,0,0.9143,0.85,0.85,1.9572,milk-3860e6654d518030,https://www.freepressjournal.in/india/fake-paneer-racket-busted-toxic-chemicals-like-urea-detergent-used-in-up,fake paneer being produced using harmful chemicals such as urea,may even cause cancer in the long run,reported or repository-inferred association; not epidemiological proof of causation
Paneer,urea,stomach pain,directly joined in the same article,6,1,1,1,0,0,0,0.9143,0.85,0.85,1.9572,milk-3860e6654d518030,https://www.freepressjournal.in/india/fake-paneer-racket-busted-toxic-chemicals-like-urea-detergent-used-in-up,fake paneer being produced using harmful chemicals such as urea,"Urea, detergent, and Tinopal, when ingested... initial symptoms of consumption include stomach pain",reported or repository-inferred association; not epidemiological proof of causation
Paneer,urea,vomiting,directly joined in the same article,6,1,1,1,0,0,0,0.9143,0.85,0.85,1.9572,milk-3860e6654d518030,https://www.freepressjournal.in/india/fake-paneer-racket-busted-toxic-chemicals-like-urea-detergent-used-in-up,fake paneer being produced using harmful chemicals such as urea,"Urea, detergent, and Tinopal, when ingested, enter the bloodstream",reported or repository-inferred association; not epidemiological proof of causation
Paneer,refined oil,serious health risk,directly joined in the same article,5,2,1,1,0,0,0,0.93,0.85,0.85,1.9572,milk-15b9c81a4418943c,https://timesofindia.indiatimes.com/city/noida/paneer-seized-in-noida-from-aligarh-found-unsafe-case-filed-in-court/articleshow/122212904.cms,paneer was prepared using refined oil,"paneer was prepared using refined oil and a carbonate neutraliser instead of milk, posing a serious health risk",reported or repository-inferred association; not epidemiological proof of causation
Edible/cooking oil,total polar compounds,alzheimer s,directly joined in the same article,3,3,1,1,0,0,0,0.875,0.8667,0.8667,1.9043,oil-3ef2550fc329c436,https://www.hindustantimes.com/cities/chandigarh-news/ludhiana-fast-food-joint-s-cooking-oil-fails-quality-test-say-health-dept-101764785730988.html,Tests showed the oil had Total Polar Compounds (TPC) above permissible limits,"Reports link excessive TPC to diseases such as hypertension, atherosclerosis, Alzheimer's, and liver disorders",reported or repository-inferred association; not epidemiological proof of causation
cold drink,poison,death,directly joined in the same article,1,5,1,1,0,0,0,0.95,0.86,0.86,1.8896,milk-6917da6bccb6cce2,https://www.hindustantimes.com/india-news/father-poisons-three-children-then-dies-by-suicide-in-andhra-101767293359215.html,cold drink laced with poison,All three children seem to have died,reported or repository-inferred association; not epidemiological proof of causation
Curd/yoghurt,poison,death,directly joined in the same article,1,5,1,1,0,0,0,0.925,0.86,0.86,1.8896,milk-df00a55f8210de61,https://timesofindia.indiatimes.com/city/agra/woman-buys-poison-online-with-lovers-help-kills-hubby/articleshow/122910420.cms,spiked his curd,led to his death,reported or repository-inferred association; not epidemiological proof of causation
Paneer,formalin/formaldehyde,cancer/carcinogenicity,directly joined in the same article,1,4,1,1,0,0,0,0.9,0.9,0.9,1.8715,08675130-4804-4198-9157-40e7f9a9d248,https://timesofindia.indiatimes.com/life-style/food-news/702-food-samples-revealed-paneer-as-the-most-adulterated-product/articleshow/120175050.cms,Excessive Preservatives or Formalin: This is used to increase the shelf life of paneer,"can cause cancer, liver damage, or allergic reactions",reported or repository-inferred association; not epidemiological proof of causation
sweets,synthetic colours,health problems,directly joined in the same article,4,1,1,1,0,0,0,0.9,0.9,0.9,1.8715,milk-768bded20870f802,https://www.hindustantimes.com/cities/chandigarh-news/in-chandigarh-failed-food-samples-see-13-surge-in-a-year-101699040063114.html,using high-contrast synthetic colours in sweets,synthetic colours in sweets that can cause health problems,reported or repository-inferred association; not epidemiological proof of causation
Mustard oil,palm oil family,cardiovascular disease,directly joined in the same article,4,1,1,1,1,0,0,0.9,0.9,0.9,1.8715,af478a64-49c5-4253-b271-591bf8a3ce97,https://timesofindia.indiatimes.com/life-style/food-news/mustard-oil-adulterated-with-heart-unhealthy-palm-oil-3-simple-tests-to-find-out/photostory/120931401.cms,Mustard oil is said to be adulterated with cheap palm oil,"adulterated with cheap palm oil, which helps increase LDL bad cholesterol and cause heart attack",reported or repository-inferred association; not epidemiological proof of causation
kalakand,formalin/formaldehyde,cancer/carcinogenicity,directly joined in the same article,1,4,1,1,0,0,0,0.9,0.9,0.9,1.8715,9849e210-d94b-448b-885e-7bdffe11cfe9,https://www.newindianexpress.com/cities/delhi/2025/Oct/18/police-seize-over-6800-units-of-fake-desi-ghee-sweets-across-delhi,use of sodium formaldehyde sulfoxylate in the sweet preparation,"known to cause severe health issues, including carcinogenic effects",reported or repository-inferred association; not epidemiological proof of causation
Khoya/mawa,palm oil family,increased cholesterol level,directly joined in the same article,4,1,1,1,0,0,0,0.925,0.9,0.9,1.8715,oil-efa17f7ff744c18c,https://timesofindia.indiatimes.com/city/indore/300kg-of-adulterated-mawa-seized-in-ujjain-ahead-of-diwali/articleshow/114594281.cms,"Milk powder, palm oil, vegetable oil, and food colour were the adulterants in the seized mawa.",Addition of palm oil significantly increases cholesterol level in the human body,reported or repository-inferred association; not epidemiological proof of causation
mangoes,calcium carbide,gastrointestinal diseases,directly joined in the same article,4,1,1,1,1,0,0,0.9,0.9,0.9,1.8715,oil-8c664dba9516ee5f,https://www.thehansindia.com/telangana/adulterated-food-threatens-public-health-in-gadwal-district-inspections-reduced-to-a-formality-966491,mangoes and bananas are artificially ripened using dangerous chemicals like calcium carbide,chemicals used in the ripening process are harmful when ingested,reported or repository-inferred association; not epidemiological proof of causation
Khoya/mawa,formalin/formaldehyde,cancer/carcinogenicity,directly joined in the same article,1,4,1,0,0,0,0,0.95,0.9,0.9,1.8715,milk-601312c7904467a2,https://thelogicalindian.com/fssai-orders-nationwide-crackdown-on-adulterated-milk-paneer-and-khoya-amid-festive-season-health-fears/,uncovering formaldehye in khoya batches,"formalin for preservation-each linked to severe health issues like kidney damage, gastrointestinal distress, and cancer risks",reported or repository-inferred association; not epidemiological proof of causation
turmeric,metanil yellow,cancer/carcinogenicity,directly joined in the same article,3,2,1,1,2,0,0,0.95,0.9,0.9,1.8715,milk-d5b2611e75b60517,https://www.sentinelassam.com/more-news/editorial/food-adulteration,"turmeric and chilli powder may be easily mixed with lead chromate, brick powder, or non-permitted artificial dyes like metanil yellow","metanil yellow and Rhodamine B, both of which are said to be carcinogenic",reported or repository-inferred association; not epidemiological proof of causation
vegetables,pesticide residue,health issues,directly joined in the same article,6,1,1,0,0,0,0,0.9111,0.8,0.8,1.8421,milk-e0280fded4cae9e7,https://assamtribune.com/assam/whats-on-your-plate-assam-battles-surge-in-unsafe-foods-as-experts-sound-alarm-1575052,vegetables — many of which contained pesticide residues,Continued intake of food with pesticides may lead to a range of health issues,reported or repository-inferred association; not epidemiological proof of causation
fruits,pesticide residue,health issues,directly joined in the same article,6,1,1,0,0,0,0,0.9,0.8,0.8,1.8421,milk-e0280fded4cae9e7,https://assamtribune.com/assam/whats-on-your-plate-assam-battles-surge-in-unsafe-foods-as-experts-sound-alarm-1575052,"fruits, and vegetables — many of which contained pesticide residues",Continued intake of food with pesticides may lead to a range of health issues,reported or repository-inferred association; not epidemiological proof of causation
Edible/cooking oil,total polar compounds,liver disease,directly joined in the same article,3,2,1,1,0,0,0,0.875,0.875,0.875,1.8195,oil-d5e3fb8bdb8f3e49,https://timesofindia.indiatimes.com/life-style/food-news/dark-discoloration-high-tpc-levels-found-in-cooking-oil-of-famous-fast-food-chain-what-fssai-says-about-the-health-risks/articleshow/130833701.cms,TPC (Total Polar Compounds) levels in the cooking oil were found to be above permissible limits,Reports have related these compounds to several diseases such as ... liver disease,reported or repository-inferred association; not epidemiological proof of causation
Ghee,harmful chemicals,cancer/carcinogenicity,directly joined in the same article,2,3,1,1,0,0,0,0.8667,0.8667,0.8667,1.8022,ff092982-3b6e-4f4c-8194-6b8201ee1246,https://timesofindia.indiatimes.com/india/five-get-life-term-in-14-year-old-ghee-adulteration-case-in-up/articleshow/102686606.cms,converting vegetable oil into ghee using harmful chemicals,harmful chemicals which can cause cancer,reported or repository-inferred association; not epidemiological proof of causation
oil,total polar compounds,cancer/carcinogenicity,directly joined in the same article,1,4,1,1,0,0,0,0.9,0.8625,0.8625,1.7935,fdf1c95d-bda3-4130-a52e-6c3ed70ed7db,https://www.thehindu.com/news/national/andhra-pradesh/food-safety-officers-find-hygiene-violations-at-bakeries-in-vijayawada/article69089538.ece,high 'total polar compounds' in the oil,"high 'total polar compounds' in the oil, which can cause cancer",reported or repository-inferred association; not epidemiological proof of causation
Palm oil,total polar compounds,cancer/carcinogenicity,directly joined in the same article,1,4,1,1,0,0,0,0.9,0.8625,0.8625,1.7935,oil-fce8e94a4d2c92b5,https://www.freepressjournal.in/viral/mcdonalds-outlet-in-jaipur-under-scanner-after-food-safety-violations-found-during-surprise-check-40-liters-of-oil-40-kgs-rotten-tomatoes-destroyed,cooking oil used for frying food had crossed safe consumption limits,"increasing the formation of harmful substances, including carcinogenic compounds",reported or repository-inferred association; not epidemiological proof of causation
Paneer,analogue paneer,food poisoning,directly joined in the same article,4,1,1,1,2,0,0,0.925,0.85,0.85,1.7675,oil-9f16df2b7898747a,https://www.thehansindia.com/telangana/cops-crack-down-on-paneer-adulteration-1087770,analogue paneer— a substitute made from vegetable fats,"pose significant public health risks, including food poisoning",reported or repository-inferred association; not epidemiological proof of causation
Paneer,analogue paneer,allergic reaction,directly joined in the same article,4,1,1,1,2,0,0,0.925,0.85,0.85,1.7675,oil-9f16df2b7898747a,https://www.thehansindia.com/telangana/cops-crack-down-on-paneer-adulteration-1087770,analogue paneer— a substitute made from vegetable fats,including food poisoning and allergic reactions,reported or repository-inferred association; not epidemiological proof of causation
Mustard oil,palm oil family,cancer/carcinogenicity,directly joined in the same article,4,1,1,1,1,0,0,0.9,0.85,0.85,1.7675,af478a64-49c5-4253-b271-591bf8a3ce97,https://timesofindia.indiatimes.com/life-style/food-news/mustard-oil-adulterated-with-heart-unhealthy-palm-oil-3-simple-tests-to-find-out/photostory/120931401.cms,Mustard oil is said to be adulterated with cheap palm oil,"palm oil are also added to mustard oil, which can cause severe health issues including cancer",reported or repository-inferred association; not epidemiological proof of causation
Khoya/mawa,detergent,kidney damage,directly joined in the same article,4,1,1,0,0,0,0,0.89,0.85,0.85,1.7675,milk-601312c7904467a2,https://thelogicalindian.com/fssai-orders-nationwide-crackdown-on-adulterated-milk-paneer-and-khoya-amid-festive-season-health-fears/,"adulterated milk, paneer, and khoya, targeting health risks from contaminants like detergents","detergents for froth, urea for density, starch for thickness, and even formalin for preservation-each linked to severe health issues like kidney damage",reported or repository-inferred association; not epidemiological proof of causation
Milk,e coli,diarrhoea,directly joined in the same article,2,3,1,1,0,0,0,0.85,0.9167,0.85,1.7675,milk-893e648483b23dfc,https://timesofindia.indiatimes.com/life-style/health-fitness/health-news/st-louis-county-e-coli-outbreak-lettuce-tests-negative-investigation-continues/articleshow/115606666.cms,Drinking unpasteurized beverages: This includes milk,strains of E coli that cause watery diarrhea,reported or repository-inferred association; not epidemiological proof of causation
Ghee,hydrogenated fats,clogs arteries,directly joined in the same article,5,1,1,1,0,0,0,0.91,0.8,0.8,1.7578,f392755d-eeca-465c-a865-90cda923db62,https://timesofindia.indiatimes.com/life-style/food-news/fake-desi-ghee-factory-busted-in-punjab-how-exactly-is-fake-ghee-made-and-how-to-spot-it/articleshow/124737410.cms,melted down and thickened with hydrogenated fats,"it clogs arteries, raises bad cholesterol, and can damage the liver",reported or repository-inferred association; not epidemiological proof of causation
Ghee,hydrogenated fats,raises bad cholesterol,directly joined in the same article,5,1,1,1,0,0,0,0.91,0.8,0.8,1.7578,f392755d-eeca-465c-a865-90cda923db62,https://timesofindia.indiatimes.com/life-style/food-news/fake-desi-ghee-factory-busted-in-punjab-how-exactly-is-fake-ghee-made-and-how-to-spot-it/articleshow/124737410.cms,melted down and thickened with hydrogenated fats,"it clogs arteries, raises bad cholesterol, and can damage the liver",reported or repository-inferred association; not epidemiological proof of causation
fish,formalin/formaldehyde,health hazards,directly joined in the same article,5,1,1,1,1,0,0,0.93,0.8,0.8,1.7578,milk-af1ce0c3ea9cfd70,https://www.sentinelassam.com/editorial/food-safety-enforcement-and-awareness-652715,detection of formalin in fish,contaminated and adulterated food is posing health hazards to people,reported or repository-inferred association; not epidemiological proof of causation
vegetables,oxytocin,cancer/carcinogenicity,directly joined in the same article,3,1,1,1,0,0,0,0.94,0.9,0.9,1.7513,milk-a710297f02e308b8,https://www.thehansindia.com/news/national/raging-health-crisis-aap-mp-raises-alarm-in-rs-over-widespread-food-adulteration-1045436,vegetables are injected with oxytocin,"oxytocin -- a chemical linked to dizziness, headaches, heart failure, infertility, and cancer",reported or repository-inferred association; not epidemiological proof of causation
protein powder,lead,kidney damage,directly joined in the same article,2,2,1,1,0,0,0,0.9,0.9,0.9,1.7513,milk-d2fe77bd3bfa3b48,https://timesofindia.indiatimes.com/etimes/wellness/taking-protein-powder-the-hidden-dangers-no-one-tells-you/photostory/131463925.cms,protein powders... had dangerously high levels of the toxic heavy metal lead,long-term exposure to lead can result in kidney damage,reported or repository-inferred association; not epidemiological proof of causation
hamburgers,e coli,diarrhoea,directly joined in the same article,1,3,1,1,0,0,0,0.9,0.9167,0.9,1.7513,milk-893e648483b23dfc,https://timesofindia.indiatimes.com/life-style/health-fitness/health-news/st-louis-county-e-coli-outbreak-lettuce-tests-negative-investigation-continues/articleshow/115606666.cms,"hamburgers, and other meats that are not cooked thoroughly can contain E coli",strains of E coli that cause watery diarrhea,reported or repository-inferred association; not epidemiological proof of causation
Edible/cooking oil,argemone oil,epidemic dropsy,directly joined in the same article,1,3,1,1,0,0,0,0.9,0.95,0.9,1.7513,oil-3bd1cf9862ff569d,https://timesofindia.indiatimes.com/life-style/food-news/harmful-ingredients-in-fake-edible-oil/articleshow/110737364.cms,Argemone oil is another hazardous adulterant found in fake edible oil,this oil is toxic and can cause epidemic dropsy,reported or repository-inferred association; not epidemiological proof of causation
Edible/cooking oil,total polar compounds,heart problems,directly joined in the same article,3,1,1,1,0,0,0,0.875,0.9,0.875,1.7027,oil-3ef2550fc329c436,https://www.hindustantimes.com/cities/chandigarh-news/ludhiana-fast-food-joint-s-cooking-oil-fails-quality-test-say-health-dept-101764785730988.html,Tests showed the oil had Total Polar Compounds (TPC) above permissible limits,higher levels can lead to clogged arteries and heart problems,reported or repository-inferred association; not epidemiological proof of causation
Soybean oil,vitamin d,hypervitaminosis d,directly joined in the same article,1,2,1,1,0,0,0,0.95,0.95,0.95,1.7022,oil-4d6bfb72c0733299,https://www.hindustantimes.com/cities/chandigarh-news/health-dept-seizes-352-boxes-of-refined-oil-after-6-hospitalised-101745259236048.html,consumed refined soyabean oil with high levels of Vitamin D,"patients fell ill due to hypervitaminosis D, known as vitamin D toxicity",reported or repository-inferred association; not epidemiological proof of causation
oil,vitamin d,hypervitaminosis d,directly joined in the same article,1,2,1,1,0,0,0,0.95,0.95,0.95,1.7022,oil-fd16f7be050ea2b9,https://timesofindia.indiatimes.com/city/chandigarh/the-vitamin-d-trap-how-fortified-oil-poisoned-punjab-homes/articleshow/126219580.cms,"infused the oil with excessive, toxic concentrations of Vitamin D","life-threatening levels of Vitamin D, a condition known as Hypervitaminosis D",reported or repository-inferred association; not epidemiological proof of causation
fortified oil,vitamin d,hypervitaminosis d,directly joined in the same article,1,2,1,0,0,0,0,0.95,0.95,0.95,1.7022,oil-fd16f7be050ea2b9,https://timesofindia.indiatimes.com/city/chandigarh/the-vitamin-d-trap-how-fortified-oil-poisoned-punjab-homes/articleshow/126219580.cms,infused with excessive Vitamin D,"life-threatening levels of Vitamin D, a condition known as Hypervitaminosis D",reported or repository-inferred association; not epidemiological proof of causation
wheat flour,pesticide residue,food poisoning,directly joined in the same article,1,3,1,1,0,0,0,0.9,0.8667,0.8667,1.6865,milk-b993f201bb670e21,https://www.thehansindia.com/editors-desk/india-needs-to-grow-safe-food-curb-adulteration-879087,"Pesticide residues can be found in significant amounts in many foods, including ... wheat flour","Such residues, when consumed regularly, are found to cause serious health risks, including: food poisoning",reported or repository-inferred association; not epidemiological proof of causation
rice,pesticide residue,food poisoning,directly joined in the same article,1,3,1,0,0,0,0,0.9,0.8667,0.8667,1.6865,milk-b993f201bb670e21,https://www.thehansindia.com/editors-desk/india-needs-to-grow-safe-food-curb-adulteration-879087,pesticide residues in our rice exports,"Such residues, when consumed regularly, are found to cause serious health risks, including: food poisoning",reported or repository-inferred association; not epidemiological proof of causation
Mustard oil,palm oil family,harmful for health,directly joined in the same article,4,1,1,0,1,0,0,0.9,0.8,0.8,1.6636,69484d5a-63ba-4099-aa9b-77fa7ebc2c9f,https://timesofindia.indiatimes.com/city/patna/over-500kg-adulterated-paneer-seized-by-food-safety-and-drug-administration/articleshow/118985802.cms,mustard oil is mixed with palm oil,"palm oil, which can be harmful for health",reported or repository-inferred association; not epidemiological proof of causation
Khoya/mawa,detergent,serious health risks,directly joined in the same article,4,1,1,1,0,0,0,0.89,0.8,0.8,1.6636,7984f772-8c6a-46cb-af36-a7df6ed37ecc,https://timesofindia.indiatimes.com/life-style/food-news/fake-mithai-alert-how-to-test-your-diwali-sweets-at-home-for-safety/articleshow/124693105.cms,Khoya is often mixed with starch or detergent,"detergent, a harmful adulterant that poses serious health risks",reported or repository-inferred association; not epidemiological proof of causation
mangoes,calcium carbide,gastro intestinal diseases,directly joined in the same article,4,1,1,0,1,0,0,0.9,0.8,0.8,1.6636,oil-8c664dba9516ee5f,https://www.thehansindia.com/telangana/adulterated-food-threatens-public-health-in-gadwal-district-inspections-reduced-to-a-formality-966491,mangoes and bananas are artificially ripened using dangerous chemicals like calcium carbide,Consumption of these chemically ripened fruits has reportedly led to a spike in gastro-intestinal diseases,reported or repository-inferred association; not epidemiological proof of causation
water,arsenic,death,directly joined in the same article,2,1,1,1,1,0,0,0.925,0.95,0.925,1.6574,milk-a5df4da0189c780d,https://timesofindia.indiatimes.com/city/mumbai/santacruz-murder-woman-lover-wanted-to-give-poison-to-hubby-even-in-hospital/articleshow/98288207.cms,thallium and arsenic had been mixed with water,mixing thallium and arsenic in water to cause death by slow poisoning,reported or repository-inferred association; not epidemiological proof of causation
turmeric,rhodamine B,cancer/carcinogenicity,directly joined in the same article,1,2,1,1,1,0,0,0.95,0.925,0.925,1.6574,milk-d5b2611e75b60517,https://www.sentinelassam.com/more-news/editorial/food-adulteration,"turmeric and chilli powder may be easily mixed with lead chromate, brick powder, or non-permitted artificial dyes like metanil yellow and Rhodamine B","metanil yellow and Rhodamine B, both of which are said to be carcinogenic",reported or repository-inferred association; not epidemiological proof of causation
chilli powder,rhodamine B,cancer/carcinogenicity,directly joined in the same article,1,2,1,1,1,0,0,0.95,0.925,0.925,1.6574,milk-d5b2611e75b60517,https://www.sentinelassam.com/more-news/editorial/food-adulteration,"chilli powder may be easily mixed with lead chromate, brick powder, or non-permitted artificial dyes like metanil yellow and Rhodamine B","metanil yellow and Rhodamine B, both of which are said to be carcinogenic",reported or repository-inferred association; not epidemiological proof of causation
Ghee,soapstone,digestive system disturbance,directly joined in the same article,3,1,1,1,1,0,0,0.9,0.85,0.85,1.654,2dd59c23-06e9-4bf8-adbd-3aec6f6bfe0f,https://timesofindia.indiatimes.com/life-style/food-news/is-your-ghee-really-pure-7-ways-to-identify-fake-ghee-at-home/photostory/121319096.cms,Adulterants like starch or soapstone can disturb the digestive system,Adulterants like starch or soapstone can disturb the digestive system,reported or repository-inferred association; not epidemiological proof of causation
Milk,e coli,gastrointestinal illness,directly joined in the same article,2,2,1,1,0,0,0,0.85,0.925,0.85,1.654,milk-893e648483b23dfc,https://timesofindia.indiatimes.com/life-style/health-fitness/health-news/st-louis-county-e-coli-outbreak-lettuce-tests-negative-investigation-continues/articleshow/115606666.cms,Drinking unpasteurized beverages: This includes milk,"strains of E coli that cause watery diarrhea, stomach pain and other digestive symptoms (gastroenteritis)",reported or repository-inferred association; not epidemiological proof of causation
Milk,e coli,stomach pain,directly joined in the same article,2,2,1,1,0,0,0,0.85,0.925,0.85,1.654,milk-893e648483b23dfc,https://timesofindia.indiatimes.com/life-style/health-fitness/health-news/st-louis-county-e-coli-outbreak-lettuce-tests-negative-investigation-continues/articleshow/115606666.cms,Drinking unpasteurized beverages: This includes milk,"strains of E coli that cause watery diarrhea, stomach pain",reported or repository-inferred association; not epidemiological proof of causation
cider,e coli,diarrhoea,directly joined in the same article,1,3,1,1,0,0,0,0.85,0.9167,0.85,1.654,milk-893e648483b23dfc,https://timesofindia.indiatimes.com/life-style/health-fitness/health-news/st-louis-county-e-coli-outbreak-lettuce-tests-negative-investigation-continues/articleshow/115606666.cms,"Drinking unpasteurized beverages: This includes milk, cider or juice",strains of E coli that cause watery diarrhea,reported or repository-inferred association; not epidemiological proof of causation
juice,e coli,diarrhoea,directly joined in the same article,1,3,1,1,0,0,0,0.85,0.9167,0.85,1.654,milk-893e648483b23dfc,https://timesofindia.indiatimes.com/life-style/health-fitness/health-news/st-louis-county-e-coli-outbreak-lettuce-tests-negative-investigation-continues/articleshow/115606666.cms,"Drinking unpasteurized beverages: This includes milk, cider or juice",strains of E coli that cause watery diarrhea,reported or repository-inferred association; not epidemiological proof of causation
Cheese,e coli,diarrhoea,directly joined in the same article,1,3,1,1,0,0,0,0.85,0.9167,0.85,1.654,milk-893e648483b23dfc,https://timesofindia.indiatimes.com/life-style/health-fitness/health-news/st-louis-county-e-coli-outbreak-lettuce-tests-negative-investigation-continues/articleshow/115606666.cms,"foods made from them, like cheese",strains of E coli that cause watery diarrhea,reported or repository-inferred association; not epidemiological proof of causation
ice cream,e coli,diarrhoea,directly joined in the same article,1,3,1,1,0,0,0,0.85,0.9167,0.85,1.654,milk-893e648483b23dfc,https://timesofindia.indiatimes.com/life-style/health-fitness/health-news/st-louis-county-e-coli-outbreak-lettuce-tests-negative-investigation-continues/articleshow/115606666.cms,"foods made from them, like cheese or ice cream",strains of E coli that cause watery diarrhea,reported or repository-inferred association; not epidemiological proof of causation
edible oils,harmful chemicals,cancer/carcinogenicity,directly joined in the same article,1,3,1,1,0,0,0,0.85,0.8667,0.85,1.654,oil-39f81bacdf9fd353,https://www.newindianexpress.com/states/andhra-pradesh/2023/feb/11/food-safety-dept-to-check-on-oil-merchants-2546465.html,adulteration of any other oils and presence of harmful chemicals,Consumption of such adulterated oils can cause cancer,reported or repository-inferred association; not epidemiological proof of causation
Edible/cooking oil,total polar compounds,clogged arteries,directly joined in the same article,3,1,1,1,0,0,0,0.875,0.85,0.85,1.654,oil-3ef2550fc329c436,https://www.hindustantimes.com/cities/chandigarh-news/ludhiana-fast-food-joint-s-cooking-oil-fails-quality-test-say-health-dept-101764785730988.html,Tests showed the oil had Total Polar Compounds (TPC) above permissible limits,higher levels can lead to clogged arteries,reported or repository-inferred association; not epidemiological proof of causation
Edible/cooking oil,total polar compounds,alarming health issues,directly joined in the same article,3,1,1,1,0,0,0,0.875,0.85,0.85,1.654,oil-d5e3fb8bdb8f3e49,https://timesofindia.indiatimes.com/life-style/food-news/dark-discoloration-high-tpc-levels-found-in-cooking-oil-of-famous-fast-food-chain-what-fssai-says-about-the-health-risks/articleshow/130833701.cms,TPC (Total Polar Compounds) levels in the cooking oil were found to be above permissible limits,"reusing oil, which increases the risk of alarming health issues",reported or repository-inferred association; not epidemiological proof of causation
Edible/cooking oil,total polar compounds,alzheimer s disease,directly joined in the same article,3,1,1,1,0,0,0,0.875,0.85,0.85,1.654,oil-d5e3fb8bdb8f3e49,https://timesofindia.indiatimes.com/life-style/food-news/dark-discoloration-high-tpc-levels-found-in-cooking-oil-of-famous-fast-food-chain-what-fssai-says-about-the-health-risks/articleshow/130833701.cms,TPC (Total Polar Compounds) levels in the cooking oil were found to be above permissible limits,Reports have related these compounds to several diseases such as ... Alzheimer's disease,reported or repository-inferred association; not epidemiological proof of causation
fish,thallium,death,directly joined in the same article,1,2,1,0,0,0,0,0.95,0.9167,0.9167,1.6424,milk-65b91545cd207ac7,https://www.newindianexpress.com/cities/delhi/2021/mar/25/delhi-based-builder-arrested-tries-to-kill-in-laws-with-slow-poison-thallium-2281421.html,"mixed thallium, a slow poison","Priyanka Sharma, fell sick and later died",reported or repository-inferred association; not epidemiological proof of causation
Ghee,trans fatty acids,clog arteries,directly joined in the same article,2,1,1,1,0,0,0,0.9,0.9,0.9,1.6126,063c2206-d0d3-4b7c-9742-f14ecc04ea10,https://www.thehindu.com/news/national/after-oils-fssai-caps-transfats-in-foods/article33770655.ece,adulterated ghee which becomes solid at room temperature,they clog arteries,reported or repository-inferred association; not epidemiological proof of causation
Ghee,trans fatty acids,hypertension,directly joined in the same article,2,1,1,1,0,0,0,0.9,0.9,0.9,1.6126,063c2206-d0d3-4b7c-9742-f14ecc04ea10,https://www.thehindu.com/news/national/after-oils-fssai-caps-transfats-in-foods/article33770655.ece,adulterated ghee which becomes solid at room temperature,cause hypertension,reported or repository-inferred association; not epidemiological proof of causation
Ghee,trans fatty acids,cardiovascular disease,directly joined in the same article,2,1,1,1,1,0,0,0.9,0.9,0.9,1.6126,063c2206-d0d3-4b7c-9742-f14ecc04ea10,https://www.thehindu.com/news/national/after-oils-fssai-caps-transfats-in-foods/article33770655.ece,adulterated ghee which becomes solid at room temperature,"cause hypertension, heart attacks and other cardiovascular diseases",reported or repository-inferred association; not epidemiological proof of causation
spurious liquor,methanol,food poisoning,directly joined in the same article,2,1,1,1,0,0,0,0.9,0.95,0.9,1.6126,milk-0928ece56230062e,https://timesofindia.indiatimes.com/times-special/pure-milk-protein-shakes-how-dry-bihar-gets-its-high/articleshow/130621720.cms,hundreds have died from methanol poisoning,hundreds have died from methanol poisoning,reported or repository-inferred association; not epidemiological proof of causation
protein powder,lead,impaired brain development,directly joined in the same article,2,1,1,1,0,0,0,0.9,0.9,0.9,1.6126,milk-d2fe77bd3bfa3b48,https://timesofindia.indiatimes.com/etimes/wellness/taking-protein-powder-the-hidden-dangers-no-one-tells-you/photostory/131463925.cms,protein powders... had dangerously high levels of the toxic heavy metal lead,It can impair brain development,reported or repository-inferred association; not epidemiological proof of causation
protein powder,lead,impaired learning,directly joined in the same article,2,1,1,1,0,0,0,0.9,0.9,0.9,1.6126,milk-d2fe77bd3bfa3b48,https://timesofindia.indiatimes.com/etimes/wellness/taking-protein-powder-the-hidden-dangers-no-one-tells-you/photostory/131463925.cms,protein powders... had dangerously high levels of the toxic heavy metal lead,"In children, it can lead to impaired learning",reported or repository-inferred association; not epidemiological proof of causation
fish,rhodamine B,cancer/carcinogenicity,directly joined in the same article,1,2,1,0,1,0,0,0.9,0.925,0.9,1.6126,milk-2d4c6eb27aa0b942,https://nagalandpost.com/unsafe-at-every-bite-indias-silent-food-safety-epidemic/,synthetic dyes such as malachite green and Rhodamine B to preserve or improve the visual appeal of fish,This dye is recognised as a carcinogen,reported or repository-inferred association; not epidemiological proof of causation
vegetables,lead,kidney damage,directly joined in the same article,1,2,1,0,1,0,0,0.9,0.9,0.9,1.6126,milk-6d351923053915dc,https://www.news18.com/india/up-barabanki-6000-litres-of-fake-mustard-oil-seized-raises-food-safety-concerns-aa-ws-l-9927362.html,Bengaluru finds lead in vegetables,Heavy metals like lead in spices accumulate over time which can lead to liver and kidney failure,reported or repository-inferred association; not epidemiological proof of causation
Paneer,bacteria,food poisoning,directly joined in the same article,1,2,1,1,0,0,0,0.9,0.9,0.9,1.6126,milk-743614fce3b7e2f3,https://www.news18.com/lifestyle/food/starch-oil-and-bacteria-is-your-paneer-slowly-poisoning-you-9322651.html,"paneer, dahi, burfi, and mithai, often show high levels of bacteria",food poisoning has even resulted in death,reported or repository-inferred association; not epidemiological proof of causation
Milk,campylobacter jejuni,diarrhoea,directly joined in the same article,1,2,1,1,0,0,0,0.9,0.9,0.9,1.6126,milk-7ad5f827a3ae30fe,https://www.dnaindia.com/health/report-guillain-barre-syndrome-cases-surge-in-pune-know-its-causes-symptoms-and-more-3129263,caused by consuming ... unpasteurized milk,"bacteria infect the intestinal lining, causing diarrhea",reported or repository-inferred association; not epidemiological proof of causation
Milk,campylobacter jejuni,abdominal cramps,directly joined in the same article,1,2,1,1,0,0,0,0.9,0.9,0.9,1.6126,milk-7ad5f827a3ae30fe,https://www.dnaindia.com/health/report-guillain-barre-syndrome-cases-surge-in-pune-know-its-causes-symptoms-and-more-3129263,caused by consuming ... unpasteurized milk,"causing diarrhea, abdominal cramps, fever, and nausea",reported or repository-inferred association; not epidemiological proof of causation
Milk,campylobacter jejuni,fever,directly joined in the same article,1,2,1,1,0,0,0,0.9,0.9,0.9,1.6126,milk-7ad5f827a3ae30fe,https://www.dnaindia.com/health/report-guillain-barre-syndrome-cases-surge-in-pune-know-its-causes-symptoms-and-more-3129263,caused by consuming ... unpasteurized milk,"causing diarrhea, abdominal cramps, fever, and nausea",reported or repository-inferred association; not epidemiological proof of causation
hamburgers,e coli,gastrointestinal illness,directly joined in the same article,1,2,1,1,0,0,0,0.9,0.925,0.9,1.6126,milk-893e648483b23dfc,https://timesofindia.indiatimes.com/life-style/health-fitness/health-news/st-louis-county-e-coli-outbreak-lettuce-tests-negative-investigation-continues/articleshow/115606666.cms,"hamburgers, and other meats that are not cooked thoroughly can contain E coli","strains of E coli that cause watery diarrhea, stomach pain and other digestive symptoms (gastroenteritis)",reported or repository-inferred association; not epidemiological proof of causation
hamburgers,e coli,stomach pain,directly joined in the same article,1,2,1,1,0,0,0,0.9,0.925,0.9,1.6126,milk-893e648483b23dfc,https://timesofindia.indiatimes.com/life-style/health-fitness/health-news/st-louis-county-e-coli-outbreak-lettuce-tests-negative-investigation-continues/articleshow/115606666.cms,"hamburgers, and other meats that are not cooked thoroughly can contain E coli","strains of E coli that cause watery diarrhea, stomach pain",reported or repository-inferred association; not epidemiological proof of causation
eggs,salmonella,fever,directly joined in the same article,2,1,1,1,0,0,0,0.9,0.9,0.9,1.6126,milk-b9c90eeea91e54ae,https://indianexpress.com/article/lifestyle/food-wine/foodborne-illnesses-contamination-heat-summer-health-diet-india-9385491/,"Contaminated poultry, eggs, and unpasteurized milk products are popular sources","develop a fever, diarrhea, stomach cramps, and vomiting",reported or repository-inferred association; not epidemiological proof of causation
eggs,salmonella,diarrhoea,directly joined in the same article,2,1,1,1,0,0,0,0.9,0.9,0.9,1.6126,milk-b9c90eeea91e54ae,https://indianexpress.com/article/lifestyle/food-wine/foodborne-illnesses-contamination-heat-summer-health-diet-india-9385491/,"Contaminated poultry, eggs, and unpasteurized milk products are popular sources","develop a fever, diarrhea, stomach cramps, and vomiting",reported or repository-inferred association; not epidemiological proof of causation
chilli powder,metanil yellow,cancer/carcinogenicity,directly joined in the same article,1,2,1,1,1,0,0,0.95,0.9,0.9,1.6126,milk-d5b2611e75b60517,https://www.sentinelassam.com/more-news/editorial/food-adulteration,chilli powder may be easily mixed with ... metanil yellow,"metanil yellow and Rhodamine B, both of which are said to be carcinogenic",reported or repository-inferred association; not epidemiological proof of causation
Milk,milk powder,poison,directly joined in the same article,3,1,1,1,0,0,0,0.825,0.85,0.825,1.6054,6fca3d47-9acd-423e-854a-e6ad43d85fbe,https://www.dnaindia.com/analysis/report-dna-tv-show-uncovering-mafia-of-fake-diwali-sweets-that-can-poison-your-family-sourabh-raaj-jain-3067817,The pure formula for making mawa is milk,This mixture of low-quality milk powder is extremely harmful to your health and can prove to be poison if ingested in large quantities.,reported or repository-inferred association; not epidemiological proof of causation
Milk,milk powder,harmful to health,directly joined in the same article,3,1,1,1,0,0,0,0.825,0.85,0.825,1.6054,6fca3d47-9acd-423e-854a-e6ad43d85fbe,https://www.dnaindia.com/analysis/report-dna-tv-show-uncovering-mafia-of-fake-diwali-sweets-that-can-poison-your-family-sourabh-raaj-jain-3067817,The pure formula for making mawa is milk,This mixture of low-quality milk powder is extremely harmful to your health,reported or repository-inferred association; not epidemiological proof of causation
seafood,microplastics,cancer/carcinogenicity,directly joined in the same article,1,3,1,1,0,0,0,0.9,0.8167,0.8167,1.5892,milk-39bc1a13a79ae513,https://www.newindianexpress.com/states/tamil-nadu/2025/Feb/08/collective-efforts-needed-in-the-battle-against-plastic,"Microplastics contaminate drinking water, seafood","Exposure has been linked to oxidative stress, immune disorders, cancer",reported or repository-inferred association; not epidemiological proof of causation
poultry,microplastics,cancer/carcinogenicity,directly joined in the same article,1,3,1,1,0,0,0,0.9,0.8167,0.8167,1.5892,milk-39bc1a13a79ae513,https://www.newindianexpress.com/states/tamil-nadu/2025/Feb/08/collective-efforts-needed-in-the-battle-against-plastic,"Microplastics contaminate drinking water, seafood, poultry","Exposure has been linked to oxidative stress, immune disorders, cancer",reported or repository-inferred association; not epidemiological proof of causation
fruits,microplastics,cancer/carcinogenicity,directly joined in the same article,1,3,1,1,0,0,0,0.9,0.8167,0.8167,1.5892,milk-39bc1a13a79ae513,https://www.newindianexpress.com/states/tamil-nadu/2025/Feb/08/collective-efforts-needed-in-the-battle-against-plastic,"Microplastics contaminate drinking water, seafood, poultry, fruits","Exposure has been linked to oxidative stress, immune disorders, cancer",reported or repository-inferred association; not epidemiological proof of causation
vegetables,microplastics,cancer/carcinogenicity,directly joined in the same article,1,3,1,1,0,0,0,0.9,0.8167,0.8167,1.5892,milk-39bc1a13a79ae513,https://www.newindianexpress.com/states/tamil-nadu/2025/Feb/08/collective-efforts-needed-in-the-battle-against-plastic,"Microplastics contaminate drinking water, seafood, poultry, fruits, vegetables","Exposure has been linked to oxidative stress, immune disorders, cancer",reported or repository-inferred association; not epidemiological proof of causation
prepared foods,microplastics,cancer/carcinogenicity,directly joined in the same article,1,3,1,1,0,0,0,0.9,0.8167,0.8167,1.5892,milk-39bc1a13a79ae513,https://www.newindianexpress.com/states/tamil-nadu/2025/Feb/08/collective-efforts-needed-in-the-battle-against-plastic,"Microplastics contaminate drinking water, seafood, poultry, fruits, vegetables, and even prepared foods","Exposure has been linked to oxidative stress, immune disorders, cancer",reported or repository-inferred association; not epidemiological proof of causation
coffee,microplastics,cancer/carcinogenicity,directly joined in the same article,1,3,1,0,0,0,0,0.9,0.8167,0.8167,1.5892,milk-5fffa5696a978146,http://www.newindianexpress.com/magazine/2023/aug/13/you-are-always-eating-plastic-and-now-drowning-in-it-2604005.html,releasing MPs into the water,suspected to cause diseases such as cancer,reported or repository-inferred association; not epidemiological proof of causation
packaged table salt,microplastics,cancer/carcinogenicity,directly joined in the same article,1,3,1,0,0,0,0,0.9,0.8167,0.8167,1.5892,milk-5fffa5696a978146,http://www.newindianexpress.com/magazine/2023/aug/13/you-are-always-eating-plastic-and-now-drowning-in-it-2604005.html,"study on the use of packaged table salt found that every Indian ingested 1,700 MP particles",suspected to cause diseases such as cancer,reported or repository-inferred association; not epidemiological proof of causation
tea,microplastics,cancer/carcinogenicity,directly joined in the same article,1,3,1,0,0,0,0,0.9,0.8167,0.8167,1.5892,milk-5fffa5696a978146,http://www.newindianexpress.com/magazine/2023/aug/13/you-are-always-eating-plastic-and-now-drowning-in-it-2604005.html,presence of microplastics in tea cups,suspected to cause diseases such as cancer,reported or repository-inferred association; not epidemiological proof of causation
food,microplastics,cancer/carcinogenicity,directly joined in the same article,1,3,1,1,0,0,0,0.85,0.8167,0.8167,1.5892,milk-bc86bdbbc888626c,https://timesofindia.indiatimes.com/life-style/health-fitness/health-news/longevity-enthusiast-bryan-johnson-got-rid-of-85-of-microplastics-from-his-semen-heres-how-he-did-it/articleshow/124928129.cms,ingested through contaminated food,microplastics may be responsible for cancer,reported or repository-inferred association; not epidemiological proof of causation
fish curry masala,ethylene oxide,toxicity,directly joined in the same article,1,2,1,1,0,0,0,0.95,0.875,0.875,1.5678,milk-b87ea04f3974c7d3,https://www.thehindu.com/news/national/why-mdh-everest-spices-are-under-international-scrutiny-explained/article68130961.ece,The spice mixes contained high levels of ethylene oxide,"ethylene oxide, a toxic chemical",reported or repository-inferred association; not epidemiological proof of causation
Milk,pesticide residue,cell damage,directly joined in the same article,4,1,1,1,0,0,0,0.8875,0.75,0.75,1.5596,milk-5ba20116ba23e790,https://www.thehindu.com/archives/from-the-archives-march-10-1972-poisoned-food/article65208254.ece,milk and other animal products were all found contaminated with such poisonous impurities,cell damage and disorders in the biological regulatory systems are said to be among the hazards posed by these toxins,reported or repository-inferred association; not epidemiological proof of causation
Milk,pesticide residue,disorders in the biological regulatory systems,directly joined in the same article,4,1,1,1,0,0,0,0.8875,0.75,0.75,1.5596,milk-5ba20116ba23e790,https://www.thehindu.com/archives/from-the-archives-march-10-1972-poisoned-food/article65208254.ece,milk and other animal products were all found contaminated with such poisonous impurities,disorders in the biological regulatory systems are said to be among the hazards posed by these toxins,reported or repository-inferred association; not epidemiological proof of causation
tea,pesticide residue,health issues,directly joined in the same article,3,1,1,0,0,0,0,0.9,0.8,0.8,1.5567,milk-e0280fded4cae9e7,https://assamtribune.com/assam/whats-on-your-plate-assam-battles-surge-in-unsafe-foods-as-experts-sound-alarm-1575052,"tea, fruits, and vegetables — many of which contained pesticide residues",Continued intake of food with pesticides may lead to a range of health issues,reported or repository-inferred association; not epidemiological proof of causation
kodo millet,cyclopiazonic acid,food poisoning,directly joined in the same article,1,1,1,1,1,0,0,0.95,0.95,0.95,1.529,milk-4649faef76819529,https://indianexpress.com/article/upsc-current-affairs/upsc-key-cop29-kodo-millet-private-property-and-the-common-good-9664584/,Cyclopiazonic acid is one of the major mycotoxins associated with Kodo millet.,"Upon the consumption of the infected grain, the mycotoxin can cause Kodo poisoning",reported or repository-inferred association; not epidemiological proof of causation
medicinal syrups,deadly contaminants,death,directly joined in the same article,1,1,1,1,0,0,0,0.95,0.95,0.95,1.529,milk-b006729520a914df,https://www.sentinelassam.com/topheadlines/rapid-low-cost-tests-can-help-prevent-child-deaths-from-contaminated-syrups,detect deadly contaminants in medicinal syrups,contaminants that have tragically led to the deaths of hundreds of children,reported or repository-inferred association; not epidemiological proof of causation
Milk,tremetol,milk sickness,directly joined in the same article,1,1,1,1,0,0,0,0.95,0.95,0.95,1.529,milk-c2e0439ce17933d2,https://timesofindia.indiatimes.com/life-style/spotlight/web-stories/10-most-poisonous-plants-in-existence/photostory/123344537.cms,poison tremetol is passed into the milk of cows,"Causing ""milk sickness"" in the 19th century, its poison tremetol",reported or repository-inferred association; not epidemiological proof of causation
Mustard oil,argemone mexicana seeds,dropsy,directly joined in the same article,1,1,1,1,1,0,0,0.95,0.95,0.95,1.529,oil-aca35e8b9bccaa60,https://www.hindustantimes.com/cities/chandigarh-news/adulterated-mustard-oil-behind-3-dropsy-deaths-in-nabha-report-101728847891766.html,mustard oil adulterated with the poisonous argemone mexicana seeds,mustard oil adulterated with the poisonous argemone mexicana seeds led to the deaths,reported or repository-inferred association; not epidemiological proof of causation
Milk,adulterant,mucus formation,directly joined in the same article,3,1,1,1,0,0,0,0.7833,0.85,0.7833,1.5243,0d3d65f1-ed69-4173-8d2c-607947b89aca,https://timesofindia.indiatimes.com/city/nagpur/diwali-gift-hampers-under-fda-lens-during-special-drive/articleshow/94996448.cms,khoya and milk are often adulterated during Diwali,It is harmful for kids and even adults which may cause mucus formation,reported or repository-inferred association; not epidemiological proof of causation
mithai,starch,nausea,directly joined in the same article,2,1,1,1,1,0,0,0.9,0.85,0.85,1.523,milk-d76c56c09e58067b,https://timesofindia.indiatimes.com/life-style/food-news/fake-mithai-alert-how-to-test-your-diwali-sweets-at-home-for-safety/articleshow/124693105.cms,many shop-bought mithai contain adulterants like starch,"adulterants like starch, artificial dyes, or metallic powders that can cause allergies, nausea",reported or repository-inferred association; not epidemiological proof of causation
mithai,artificial dyes,nausea,directly joined in the same article,2,1,1,1,1,0,0,0.9,0.85,0.85,1.523,7984f772-8c6a-46cb-af36-a7df6ed37ecc,https://timesofindia.indiatimes.com/life-style/food-news/fake-mithai-alert-how-to-test-your-diwali-sweets-at-home-for-safety/articleshow/124693105.cms,"many shop-bought mithai contain adulterants like starch, artificial dyes","adulterants like starch, artificial dyes, or metallic powders that can cause allergies, nausea",reported or repository-inferred association; not epidemiological proof of causation
mithai,metallic powders,organ damage,directly joined in the same article,2,1,1,1,0,0,0,0.9,0.85,0.85,1.523,7984f772-8c6a-46cb-af36-a7df6ed37ecc,https://timesofindia.indiatimes.com/life-style/food-news/fake-mithai-alert-how-to-test-your-diwali-sweets-at-home-for-safety/articleshow/124693105.cms,"many shop-bought mithai contain adulterants like starch, artificial dyes, or metallic powders","adulterants like starch, artificial dyes, or metallic powders that can cause allergies, nausea, and even organ damage",reported or repository-inferred association; not epidemiological proof of causation
hydrogenated oils,trans fats,cardiovascular disease,directly joined in the same article,1,2,1,1,0,0,0,0.9,0.85,0.85,1.523,b86289f8-e1d8-468e-9c0b-9b3c6aa538d5,https://economictimes.indiatimes.com/magazines/panache/olive-mustard-ghee-or-coconut-oil-gurgaon-doctor-explains-which-oil-to-use-and-avoid-one-that-costs-5-lakh-lives-a-year/articleshow/125295490.cms,trans fats—commonly found in hydrogenated oils,"eliminating these trans fats could save up to 5,00,000 lives every year by reducing heart attacks",reported or repository-inferred association; not epidemiological proof of causation
Ghee,trans fats,cardiovascular disease,directly joined in the same article,1,2,1,1,0,0,0,0.9,0.85,0.85,1.523,b86289f8-e1d8-468e-9c0b-9b3c6aa538d5,https://economictimes.indiatimes.com/magazines/panache/olive-mustard-ghee-or-coconut-oil-gurgaon-doctor-explains-which-oil-to-use-and-avoid-one-that-costs-5-lakh-lives-a-year/articleshow/125295490.cms,trans fats—commonly found in hydrogenated oils like cheap vanaspati ghee,"eliminating these trans fats could save up to 5,00,000 lives every year by reducing heart attacks",reported or repository-inferred association; not epidemiological proof of causation
Milk,e coli,serious illnesses,directly joined in the same article,2,1,1,0,0,0,0,0.85,0.85,0.85,1.523,milk-893e648483b23dfc,https://timesofindia.indiatimes.com/life-style/health-fitness/health-news/st-louis-county-e-coli-outbreak-lettuce-tests-negative-investigation-continues/articleshow/115606666.cms,Drinking unpasteurized beverages: This includes milk,outbreak has resulted in two serious illnesses,reported or repository-inferred association; not epidemiological proof of causation
Milk,e coli,hospitalization,directly joined in the same article,2,1,1,0,0,0,0,0.85,0.85,0.85,1.523,milk-893e648483b23dfc,https://timesofindia.indiatimes.com/life-style/health-fitness/health-news/st-louis-county-e-coli-outbreak-lettuce-tests-negative-investigation-continues/articleshow/115606666.cms,Drinking unpasteurized beverages: This includes milk,one patient currently hospitalized,reported or repository-inferred association; not epidemiological proof of causation
cough syrup,ethylene glycol,organ damage,directly joined in the same article,2,1,1,1,1,0,0,0.85,0.85,0.85,1.523,milk-6cf8b965d0dba773,https://indianexpress.com/article/world/when-children-take-toxic-cough-syrup-and-live-9080098/,detecting EG in the blood samples of patients,the body has broken the ethylene and diethylene glycol down into toxic byproducts that damage the organs,reported or repository-inferred association; not epidemiological proof of causation
cough syrup,ethylene glycol,toxicity,directly joined in the same article,2,1,1,1,1,0,0,0.85,0.85,0.85,1.523,milk-fccd7cb21929e82a,https://www.financialexpress.com/healthcare/pharma-healthcare/poisoned-cough-syrup-killed-kids-authorities-cut-the-investigation-short/3164587/,The medicines sold in Gambia contained both,They are also toxic in small doses,reported or repository-inferred association; not epidemiological proof of causation
cough syrup,diethylene glycol,renal failure,directly joined in the same article,2,1,1,0,1,0,0,0.85,0.85,0.85,1.523,milk-6cf8b965d0dba773,https://indianexpress.com/article/world/when-children-take-toxic-cough-syrup-and-live-9080098/,broken the ethylene and diethylene glycol down,124 children in those regions had been diagnosed with Acute Kidney Injury,reported or repository-inferred association; not epidemiological proof of causation
cough syrup,diethylene glycol,toxicity,directly joined in the same article,2,1,1,1,1,0,0,0.85,0.85,0.85,1.523,milk-fccd7cb21929e82a,https://www.financialexpress.com/healthcare/pharma-healthcare/poisoned-cough-syrup-killed-kids-authorities-cut-the-investigation-short/3164587/,The medicines sold in Gambia contained both,They are also toxic in small doses,reported or repository-inferred association; not epidemiological proof of causation
Milk,oxytocin,health risk to young children,directly joined in the same article,2,1,1,0,0,0,0,0.9,0.85,0.85,1.523,milk-70dced0f5b9bc991,https://www.hindustantimes.com/cities/delhi-news/delhi-hc-slams-officials-over-failure-to-ensure-dairies-follow-norms-101715189838942.html,This is the sort of milk that is being used in the production of sweets and chocolates and they are today not being examined by any statutory authorities. Oxytocin is rampant over there which is a banned drug.,It may be affecting young children,reported or repository-inferred association; not epidemiological proof of causation
cider,e coli,gastrointestinal illness,directly joined in the same article,1,2,1,1,0,0,0,0.85,0.925,0.85,1.523,milk-893e648483b23dfc,https://timesofindia.indiatimes.com/life-style/health-fitness/health-news/st-louis-county-e-coli-outbreak-lettuce-tests-negative-investigation-continues/articleshow/115606666.cms,"Drinking unpasteurized beverages: This includes milk, cider or juice","strains of E coli that cause watery diarrhea, stomach pain and other digestive symptoms (gastroenteritis)",reported or repository-inferred association; not epidemiological proof of causation
cider,e coli,stomach pain,directly joined in the same article,1,2,1,1,0,0,0,0.85,0.925,0.85,1.523,milk-893e648483b23dfc,https://timesofindia.indiatimes.com/life-style/health-fitness/health-news/st-louis-county-e-coli-outbreak-lettuce-tests-negative-investigation-continues/articleshow/115606666.cms,"Drinking unpasteurized beverages: This includes milk, cider or juice","strains of E coli that cause watery diarrhea, stomach pain",reported or repository-inferred association; not epidemiological proof of causation
juice,e coli,gastrointestinal illness,directly joined in the same article,1,2,1,1,0,0,0,0.85,0.925,0.85,1.523,milk-893e648483b23dfc,https://timesofindia.indiatimes.com/life-style/health-fitness/health-news/st-louis-county-e-coli-outbreak-lettuce-tests-negative-investigation-continues/articleshow/115606666.cms,"Drinking unpasteurized beverages: This includes milk, cider or juice","strains of E coli that cause watery diarrhea, stomach pain and other digestive symptoms (gastroenteritis)",reported or repository-inferred association; not epidemiological proof of causation
juice,e coli,stomach pain,directly joined in the same article,1,2,1,1,0,0,0,0.85,0.925,0.85,1.523,milk-893e648483b23dfc,https://timesofindia.indiatimes.com/life-style/health-fitness/health-news/st-louis-county-e-coli-outbreak-lettuce-tests-negative-investigation-continues/articleshow/115606666.cms,"Drinking unpasteurized beverages: This includes milk, cider or juice","strains of E coli that cause watery diarrhea, stomach pain",reported or repository-inferred association; not epidemiological proof of causation
Cheese,e coli,gastrointestinal illness,directly joined in the same article,1,2,1,1,0,0,0,0.85,0.925,0.85,1.523,milk-893e648483b23dfc,https://timesofindia.indiatimes.com/life-style/health-fitness/health-news/st-louis-county-e-coli-outbreak-lettuce-tests-negative-investigation-continues/articleshow/115606666.cms,"foods made from them, like cheese","strains of E coli that cause watery diarrhea, stomach pain and other digestive symptoms (gastroenteritis)",reported or repository-inferred association; not epidemiological proof of causation
Cheese,e coli,stomach pain,directly joined in the same article,1,2,1,1,0,0,0,0.85,0.925,0.85,1.523,milk-893e648483b23dfc,https://timesofindia.indiatimes.com/life-style/health-fitness/health-news/st-louis-county-e-coli-outbreak-lettuce-tests-negative-investigation-continues/articleshow/115606666.cms,"foods made from them, like cheese","strains of E coli that cause watery diarrhea, stomach pain",reported or repository-inferred association; not epidemiological proof of causation
ice cream,e coli,gastrointestinal illness,directly joined in the same article,1,2,1,1,0,0,0,0.85,0.925,0.85,1.523,milk-893e648483b23dfc,https://timesofindia.indiatimes.com/life-style/health-fitness/health-news/st-louis-county-e-coli-outbreak-lettuce-tests-negative-investigation-continues/articleshow/115606666.cms,"foods made from them, like cheese or ice cream","strains of E coli that cause watery diarrhea, stomach pain and other digestive symptoms (gastroenteritis)",reported or repository-inferred association; not epidemiological proof of causation
ice cream,e coli,stomach pain,directly joined in the same article,1,2,1,1,0,0,0,0.85,0.925,0.85,1.523,milk-893e648483b23dfc,https://timesofindia.indiatimes.com/life-style/health-fitness/health-news/st-louis-county-e-coli-outbreak-lettuce-tests-negative-investigation-continues/articleshow/115606666.cms,"foods made from them, like cheese or ice cream","strains of E coli that cause watery diarrhea, stomach pain",reported or repository-inferred association; not epidemiological proof of causation
processed food,adulterant,cancer/carcinogenicity,directly joined in the same article,1,2,1,1,0,0,0,0.85,0.9,0.85,1.523,milk-ae0fa0b757ba21df,https://timesofindia.indiatimes.com/city/delhi/whats-cooking-in-pantry-bite-into-adulterated-truth/articleshow/130488415.cms,around 10% of processed food samples tested contained adulterants,Long-term exposure to certain adulterants can increase cancer risk,reported or repository-inferred association; not epidemiological proof of causation
processed food,adulterant,allergic reaction,directly joined in the same article,1,2,1,1,0,0,0,0.85,0.9,0.85,1.523,milk-ae0fa0b757ba21df,https://timesofindia.indiatimes.com/city/delhi/whats-cooking-in-pantry-bite-into-adulterated-truth/articleshow/130488415.cms,around 10% of processed food samples tested contained adulterants,Adulterants can also trigger allergic reactions,reported or repository-inferred association; not epidemiological proof of causation
processed food,adulterant,organ damage,directly joined in the same article,1,2,1,0,0,0,0,0.85,0.9,0.85,1.523,milk-ae0fa0b757ba21df,https://timesofindia.indiatimes.com/city/delhi/whats-cooking-in-pantry-bite-into-adulterated-truth/articleshow/130488415.cms,around 10% of processed food samples tested contained adulterants,"prolonged consumption of such food can harm organs like the kidneys, liver and heart",reported or repository-inferred association; not epidemiological proof of causation
fermented foods,toxins,food poisoning,directly joined in the same article,1,2,1,1,1,0,0,0.85,0.95,0.85,1.523,milk-c720835299992065,https://www.theweek.in/news/health/2026/05/05/why-fermented-foods-need-extra-caution-during-summer.html,generation of various toxins within these foods,toxic condition that frequently leads to food poisoning,reported or repository-inferred association; not epidemiological proof of causation
Milk,salmonella,acute diarrhoeal illness,directly joined in the same article,2,1,1,1,1,0,0,0.825,0.85,0.825,1.4782,milk-23a41dc5e4dfc0cc,https://indianexpress.com/article/lifestyle/health-specials/which-navratri-mithai-wont-give-me-stomach-infection-8174434/,Most milk-based sweets can easily get contaminated with bacteria like Salmonella,contaminated with bacteria like Salmonella and Shigella dysenteriae and the vulnerable can easily land at hospital emergencies with acute diarrhoeal illness,reported or repository-inferred association; not epidemiological proof of causation
Milk,salmonella,fever,directly joined in the same article,2,1,1,1,0,0,0,0.825,0.9,0.825,1.4782,milk-b9c90eeea91e54ae,https://indianexpress.com/article/lifestyle/food-wine/foodborne-illnesses-contamination-heat-summer-health-diet-india-9385491/,unpasteurized milk products are popular sources,"develop a fever, diarrhea, stomach cramps, and vomiting",reported or repository-inferred association; not epidemiological proof of causation
Milk,salmonella,diarrhoea,directly joined in the same article,2,1,1,1,0,0,0,0.825,0.9,0.825,1.4782,milk-b9c90eeea91e54ae,https://indianexpress.com/article/lifestyle/food-wine/foodborne-illnesses-contamination-heat-summer-health-diet-india-9385491/,unpasteurized milk products are popular sources,"develop a fever, diarrhea, stomach cramps, and vomiting",reported or repository-inferred association; not epidemiological proof of causation
food,microplastics,inflammation,directly joined in the same article,1,2,1,0,0,0,0,0.85,0.825,0.825,1.4782,milk-bc86bdbbc888626c,https://timesofindia.indiatimes.com/life-style/health-fitness/health-news/longevity-enthusiast-bryan-johnson-got-rid-of-85-of-microplastics-from-his-semen-heres-how-he-did-it/articleshow/124928129.cms,ingested through contaminated food,microplastics may contribute to inflammation,reported or repository-inferred association; not epidemiological proof of causation
cofset,diethylene glycol,death,directly joined in the same article,1,1,1,0,1,0,0,0.98,0.91,0.91,1.4646,milk-55b15d39d9bcb33e,https://www.livemint.com/politics/policy/how-weak-drug-laws-are-costing-lives-11632761831130.html,"The cause, the doctors said, was Cofset. Tests at the hospital had revealed that the cough syrup was tainted with a deadly chemical called diethylene glycol.",the drug had caused at least thirteen deaths,reported or repository-inferred association; not epidemiological proof of causation
hydrogenated vanaspati,trans fat,clog arteries,directly joined in the same article,1,1,1,1,0,0,0,0.95,0.9,0.9,1.4485,04d8af9a-ebb5-4e14-b630-f5fddc40afd4,https://economictimes.indiatimes.com/news/economy/policy/vanishing-vanaspati-still-plays-an-outsized-role-in-calculation-of-wpi/articleshow/110040827.cms,high levels of trans fats in hydrogenated vanaspati,trans fats that can clog arteries,reported or repository-inferred association; not epidemiological proof of causation
processed food,adulterants,cancer/carcinogenicity,directly joined in the same article,1,1,1,1,1,0,0,0.95,0.9,0.9,1.4485,276e27ef-82bd-4911-a4df-9d2448b232fb,https://timesofindia.indiatimes.com/city/delhi/whats-cooking-in-pantry-bite-into-adulterated-truth/articleshow/130488415.cms,around 10% of processed food samples tested contained adulterants,Long-term exposure to certain adulterants can increase cancer risk,reported or repository-inferred association; not epidemiological proof of causation
processed food,adulterants,allergic reaction,directly joined in the same article,1,1,1,1,1,0,0,0.95,0.9,0.9,1.4485,276e27ef-82bd-4911-a4df-9d2448b232fb,https://timesofindia.indiatimes.com/city/delhi/whats-cooking-in-pantry-bite-into-adulterated-truth/articleshow/130488415.cms,around 10% of processed food samples tested contained adulterants,Adulterants can also trigger allergic reactions,reported or repository-inferred association; not epidemiological proof of causation
processed food,adulterants,organ damage,directly joined in the same article,1,1,1,1,1,0,0,0.95,0.9,0.9,1.4485,276e27ef-82bd-4911-a4df-9d2448b232fb,https://timesofindia.indiatimes.com/city/delhi/whats-cooking-in-pantry-bite-into-adulterated-truth/articleshow/130488415.cms,around 10% of processed food samples tested contained adulterants,"prolonged consumption of such food can harm organs like the kidneys, liver and heart",reported or repository-inferred association; not epidemiological proof of causation
kalakand,formalin/formaldehyde,gastrointestinal toxicity,directly joined in the same article,1,1,1,1,0,0,0,0.9,0.95,0.9,1.4485,9849e210-d94b-448b-885e-7bdffe11cfe9,https://www.newindianexpress.com/cities/delhi/2025/Oct/18/police-seize-over-6800-units-of-fake-desi-ghee-sweets-across-delhi,use of sodium formaldehyde sulfoxylate in the sweet preparation,"known to cause severe health issues, including ... gastrointestinal toxicity",reported or repository-inferred association; not epidemiological proof of causation
kalakand,formalin/formaldehyde,allergic reaction,directly joined in the same article,1,1,1,1,0,0,0,0.9,0.95,0.9,1.4485,9849e210-d94b-448b-885e-7bdffe11cfe9,https://www.newindianexpress.com/cities/delhi/2025/Oct/18/police-seize-over-6800-units-of-fake-desi-ghee-sweets-across-delhi,use of sodium formaldehyde sulfoxylate in the sweet preparation,"known to cause severe health issues, including ... allergic reactions",reported or repository-inferred association; not epidemiological proof of causation
kalakand,formalin/formaldehyde,respiratory problems,directly joined in the same article,1,1,1,1,0,0,0,0.9,0.95,0.9,1.4485,9849e210-d94b-448b-885e-7bdffe11cfe9,https://www.newindianexpress.com/cities/delhi/2025/Oct/18/police-seize-over-6800-units-of-fake-desi-ghee-sweets-across-delhi,use of sodium formaldehyde sulfoxylate in the sweet preparation,"known to cause severe health issues, including ... respiratory problems",reported or repository-inferred association; not epidemiological proof of causation
biryani,reprocessed oils,cancer/carcinogenicity,directly joined in the same article,1,1,1,1,0,0,0,0.95,0.9,0.9,1.4485,b85e00e3-c751-478f-ace8-f6044e816d41,https://timesofindia.indiatimes.com/city/vijayawada/fssai-experts-warn-of-adulterated-biryani/articleshow/87229905.cms,adulterating biryani with prohibited food colours and reprocessed oils,reprocessed oils which are carcinogenic,reported or repository-inferred association; not epidemiological proof of causation
Milk,ammonium carbonate,adversely affects the metabolism,directly joined in the same article,1,1,1,1,0,0,0,0.95,0.9,0.9,1.4485,c4e8d784-4b3b-4425-b7b4-15f463acf7c4,https://timesofindia.indiatimes.com/city/jaipur/rcdf-starts-facility-to-test-milk-ghee-and-other-dairy-products/articleshow/120290200.cms,ammonium carbonate which is added to increase fat content,it adversely affects the metabolism,reported or repository-inferred association; not epidemiological proof of causation
turmeric powder,wood powder,obstruction in the intestine,directly joined in the same article,1,1,1,1,0,0,0,0.9,0.9,0.9,1.4485,c8ddee14-df38-49aa-9d85-a7c6b34273a6,https://www.newindianexpress.com/states/odisha/2021/jan/08/poison-on-the-plate-markets-see-rise-in-fake-food-products-2247212.html,Turmeric is often adulterated by mixing wood powder,mixing wood powder and can cause obstruction in the intestine,reported or repository-inferred association; not epidemiological proof of causation
Milk,embalming powder,severe damage to body parts,directly joined in the same article,1,1,1,0,0,0,0,0.9,0.9,0.9,1.4485,milk-1d6bd107ac18c5e2,https://indianexpress.com/article/cities/ahmedabad/woman-arrested-for-killing-3-year-old-son-in-ahmedabad-7452937/,mixed the powder in milk,Feeding fluid form of embalming powder can result in severe damage to body parts,reported or repository-inferred association; not epidemiological proof of causation
biscuits,embalming powder,severe damage to body parts,directly joined in the same article,1,1,1,0,0,0,0,0.9,0.9,0.9,1.4485,milk-1d6bd107ac18c5e2,https://indianexpress.com/article/cities/ahmedabad/woman-arrested-for-killing-3-year-old-son-in-ahmedabad-7452937/,mixed the powder in milk and biscuits,Feeding fluid form of embalming powder can result in severe damage to body parts,reported or repository-inferred association; not epidemiological proof of causation
rice cereal,arsenic,cancer/carcinogenicity,directly joined in the same article,1,1,1,0,0,0,0,0.95,0.9,0.9,1.4485,milk-29425e997318adaa,https://economictimes.indiatimes.com/magazines/panache/how-do-toxic-substances-like-lead-end-up-in-baby-food/articleshow/97399836.cms,concerning levels of arsenic in rice cereal,"arsenic, which is associated with cancer",reported or repository-inferred association; not epidemiological proof of causation
rice,arsenic,cancer/carcinogenicity,directly joined in the same article,1,1,1,1,0,0,0,0.9,0.9,0.9,1.4485,milk-29425e997318adaa,https://economictimes.indiatimes.com/magazines/panache/how-do-toxic-substances-like-lead-end-up-in-baby-food/articleshow/97399836.cms,Rice ... is consistently identified in studies as the food with the highest levels of arsenic,"arsenic, which is associated with cancer",reported or repository-inferred association; not epidemiological proof of causation
Curd/yoghurt,detergent,irritate the digestive tract,directly joined in the same article,1,1,1,1,1,0,0,0.9,0.9,0.9,1.4485,milk-2d4c6eb27aa0b942,https://nagalandpost.com/unsafe-at-every-bite-indias-silent-food-safety-epidemic/,"adulterants found in milk and milk-based products, such as paneer, curd, and sweets, include detergent",Detergents... can irritate the digestive tract,reported or repository-inferred association; not epidemiological proof of causation
sweets,detergent,irritate the digestive tract,directly joined in the same article,1,1,1,1,1,0,0,0.9,0.9,0.9,1.4485,milk-2d4c6eb27aa0b942,https://nagalandpost.com/unsafe-at-every-bite-indias-silent-food-safety-epidemic/,"adulterants found in milk and milk-based products, such as paneer, curd, and sweets, include detergent",Detergents... can irritate the digestive tract,reported or repository-inferred association; not epidemiological proof of causation
fish,rhodamine B,liver damage,directly joined in the same article,1,1,1,1,0,0,0,0.9,0.9,0.9,1.4485,milk-2d4c6eb27aa0b942,https://nagalandpost.com/unsafe-at-every-bite-indias-silent-food-safety-epidemic/,synthetic dyes such as malachite green and Rhodamine B to preserve or improve the visual appeal of fish,Rhodamine B is harmful to the liver,reported or repository-inferred association; not epidemiological proof of causation
chilli powder,sudan red,cancer/carcinogenicity,directly joined in the same article,1,1,1,1,1,0,0,0.9,0.95,0.9,1.4485,milk-2d4c6eb27aa0b942,https://nagalandpost.com/unsafe-at-every-bite-indias-silent-food-safety-epidemic/,Sudan Red... is often added to chilli powder,"Sudan Red, which is known to cause cancer",reported or repository-inferred association; not epidemiological proof of causation
kodo millet,ergot,food poisoning,directly joined in the same article,1,1,1,1,1,0,0,0.9,0.9,0.9,1.4485,milk-4649faef76819529,https://indianexpress.com/article/upsc-current-affairs/upsc-key-cop29-kodo-millet-private-property-and-the-common-good-9664584/,"Ergot is a parasitic fungal endophyte that grows in the ear heads of various blades of grass, most frequently on kodo millet.",Consumption of such kodo grains is often found to cause poisoning,reported or repository-inferred association; not epidemiological proof of causation
cofset,diethylene glycol,food poisoning,directly joined in the same article,1,1,1,0,0,0,0,0.98,0.9,0.9,1.4485,milk-55b15d39d9bcb33e,https://www.livemint.com/politics/policy/how-weak-drug-laws-are-costing-lives-11632761831130.html,"The cause, the doctors said, was Cofset. Tests at the hospital had revealed that the cough syrup was tainted with a deadly chemical called diethylene glycol.",The diethylene-glycol poisoning was likely the outcome,reported or repository-inferred association; not epidemiological proof of causation
fish,thallium,sudden hair fall,directly joined in the same article,1,1,1,0,0,0,0,0.95,0.9,0.9,1.4485,milk-65b91545cd207ac7,https://www.newindianexpress.com/cities/delhi/2021/mar/25/delhi-based-builder-arrested-tries-to-kill-in-laws-with-slow-poison-thallium-2281421.html,"mixed thallium, a slow poison",complain of sudden hair fall,reported or repository-inferred association; not epidemiological proof of causation
Milk,antibiotic residue,c difficile infection,directly joined in the same article,1,1,1,1,0,0,0,0.9,0.9,0.9,1.4485,milk-7500479cf94d3e8b,https://www.thehansindia.com/business/sids-farm-launches-awareness-campaign-on-pure-milk-730433,Significant portions of antibiotics are released through the milk of dairy animals,"exposed to antibiotics consumption, they are needlessly put at risk for health problems including C. difficile infection",reported or repository-inferred association; not epidemiological proof of causation
Milk,antibiotic residue,diarrhoea,directly joined in the same article,1,1,1,1,0,0,0,0.9,0.9,0.9,1.4485,milk-7500479cf94d3e8b,https://www.thehansindia.com/business/sids-farm-launches-awareness-campaign-on-pure-milk-730433,Significant portions of antibiotics are released through the milk of dairy animals,Dangerous antibiotic-resistant infections that can cause severe diarrhea,reported or repository-inferred association; not epidemiological proof of causation
Milk,hexachlorobenzene,liver damage,directly joined in the same article,1,1,1,1,0,0,0,0.95,0.9,0.9,1.4485,milk-7bdc0ed79b3ddaf6,http://www.indiasnews.net/news/271622410/trash-and-burn-big-brands-new-plastic-waste-plan,Cheese and milk sourced from cattle raised near that plant in southern Carinthia state were tainted,"HCB, which can damage the nervous system, liver and thyroid",reported or repository-inferred association; not epidemiological proof of causation
Milk,hexachlorobenzene,thyroid damage,directly joined in the same article,1,1,1,1,0,0,0,0.95,0.9,0.9,1.4485,milk-7bdc0ed79b3ddaf6,http://www.indiasnews.net/news/271622410/trash-and-burn-big-brands-new-plastic-waste-plan,Cheese and milk sourced from cattle raised near that plant in southern Carinthia state were tainted,"HCB, which can damage the nervous system, liver and thyroid",reported or repository-inferred association; not epidemiological proof of causation
Cheese,hexachlorobenzene,liver damage,directly joined in the same article,1,1,1,1,0,0,0,0.95,0.9,0.9,1.4485,milk-7bdc0ed79b3ddaf6,http://www.indiasnews.net/news/271622410/trash-and-burn-big-brands-new-plastic-waste-plan,Cheese and milk sourced from cattle raised near that plant in southern Carinthia state were tainted,"HCB, which can damage the nervous system, liver and thyroid",reported or repository-inferred association; not epidemiological proof of causation
Cheese,hexachlorobenzene,thyroid damage,directly joined in the same article,1,1,1,1,0,0,0,0.95,0.9,0.9,1.4485,milk-7bdc0ed79b3ddaf6,http://www.indiasnews.net/news/271622410/trash-and-burn-big-brands-new-plastic-waste-plan,Cheese and milk sourced from cattle raised near that plant in southern Carinthia state were tainted,"HCB, which can damage the nervous system, liver and thyroid",reported or repository-inferred association; not epidemiological proof of causation
cool drinks,phosphoric acid,bone weakening,directly joined in the same article,1,1,1,1,0,0,0,0.95,0.9,0.9,1.4485,milk-90b61558dc2a44b6,https://thelogicalindian.com/detergent-powder-found-in-ice-cream-bone-weakening-chemicals-detected-in-soft-drinks-across-karnataka/,bone-weakening phosphoric acid in cool drinks,bone-weakening phosphoric acid,reported or repository-inferred association; not epidemiological proof of causation
poultry,salmonella,fever,directly joined in the same article,1,1,1,1,0,0,0,0.9,0.9,0.9,1.4485,milk-b9c90eeea91e54ae,https://indianexpress.com/article/lifestyle/food-wine/foodborne-illnesses-contamination-heat-summer-health-diet-india-9385491/,"Contaminated poultry, eggs, and unpasteurized milk products are popular sources","develop a fever, diarrhea, stomach cramps, and vomiting",reported or repository-inferred association; not epidemiological proof of causation
poultry,salmonella,diarrhoea,directly joined in the same article,1,1,1,1,0,0,0,0.9,0.9,0.9,1.4485,milk-b9c90eeea91e54ae,https://indianexpress.com/article/lifestyle/food-wine/foodborne-illnesses-contamination-heat-summer-health-diet-india-9385491/,"Contaminated poultry, eggs, and unpasteurized milk products are popular sources","develop a fever, diarrhea, stomach cramps, and vomiting",reported or repository-inferred association; not epidemiological proof of causation
Milk,unknown toxin,anuria,directly joined in the same article,1,1,1,1,0,0,0,0.95,0.9,0.9,1.4485,milk-ba4f1457d110127f,https://www.thehindu.com/news/cities/Visakhapatnam/toxins-in-contaminated-milk-to-be-identified-soon-says-dr-ravi-raju/article70684241.ece,The toxin in the contaminated milk,led to anuria (lack of urine),reported or repository-inferred association; not epidemiological proof of causation
Milk,unknown toxin,gastrointestinal illness,directly joined in the same article,1,1,1,1,0,0,0,0.95,0.9,0.9,1.4485,milk-ba4f1457d110127f,https://www.thehindu.com/news/cities/Visakhapatnam/toxins-in-contaminated-milk-to-be-identified-soon-says-dr-ravi-raju/article70684241.ece,The toxin in the contaminated milk,suffered abdominal pain,reported or repository-inferred association; not epidemiological proof of causation
Milk,unknown toxin,breathlessness,directly joined in the same article,1,1,1,1,0,0,0,0.95,0.9,0.9,1.4485,milk-ba4f1457d110127f,https://www.thehindu.com/news/cities/Visakhapatnam/toxins-in-contaminated-milk-to-be-identified-soon-says-dr-ravi-raju/article70684241.ece,The toxin in the contaminated milk,suffered breathlessness,reported or repository-inferred association; not epidemiological proof of causation
Milk,listeria,listeriosis,directly joined in the same article,1,1,1,1,0,0,0,0.9,0.9,0.9,1.4485,milk-c8d247f8a136d400,https://economictimes.indiatimes.com/news/web-stories/8-bacteria-you-might-be-eating-every-day-but-shouldnt/slideshow/122494392.cms,"Found in: cold cuts, unpasteurised milk, soft cheeses",It can cause listeriosis,reported or repository-inferred association; not epidemiological proof of causation
Milk,campylobacter,guillain barré syndrome,directly joined in the same article,1,1,1,1,0,0,0,0.9,0.9,0.9,1.4485,milk-c8d247f8a136d400,https://economictimes.indiatimes.com/news/web-stories/8-bacteria-you-might-be-eating-every-day-but-shouldnt/slideshow/122494392.cms,"Found in: raw poultry, unpasteurised milk, untreated water",Sometimes even Guillain-Barré syndrome,reported or repository-inferred association; not epidemiological proof of causation
municipal water supply,sewage,gastrointestinal illness,directly joined in the same article,1,1,1,1,0,0,0,0.95,0.9,0.9,1.4485,milk-c9d34ca0c97e2a93,https://thelogicalindian.com/indore-water-crisis-nine-dead-as-sewage-contaminated-water-sickens-hundreds-officials-dismissed-probe-on/,municipal supply line that was mixed with sewage,sewage-contaminated water sickens hundreds,reported or repository-inferred association; not epidemiological proof of causation
Milk,aflatoxins,cancer/carcinogenicity,directly joined in the same article,1,1,1,1,1,0,0,0.95,0.9,0.9,1.4485,milk-d687a91102133179,https://timesofindia.indiatimes.com/city/ludhiana/study-at-ludhiana-veterinary-university-links-contaminated-cattle-feed-to-toxins-detected-in-milk-/articleshow/125939018.cms,harmful levels of aflatoxins in milk,classified as Group 1 human carcinogens,reported or repository-inferred association; not epidemiological proof of causation
maize,aflatoxin,immune suppression,directly joined in the same article,1,1,1,1,0,0,0,0.95,0.9,0.9,1.4485,milk-d687a91102133179,https://timesofindia.indiatimes.com/city/ludhiana/study-at-ludhiana-veterinary-university-links-contaminated-cattle-feed-to-toxins-detected-in-milk-/articleshow/125939018.cms,More than 80% of maize samples and approximately 38% of wheat samples tested positive for aflatoxins,"Aflatoxin M1 consumption, even in small amounts, is linked to liver damage, immune suppression",reported or repository-inferred association; not epidemiological proof of causation
maize,aflatoxin,growth impairment,directly joined in the same article,1,1,1,1,0,0,0,0.95,0.9,0.9,1.4485,milk-d687a91102133179,https://timesofindia.indiatimes.com/city/ludhiana/study-at-ludhiana-veterinary-university-links-contaminated-cattle-feed-to-toxins-detected-in-milk-/articleshow/125939018.cms,More than 80% of maize samples and approximately 38% of wheat samples tested positive for aflatoxins,"Aflatoxin M1 consumption, even in small amounts, is linked to liver damage, immune suppression, growth impairment in children",reported or repository-inferred association; not epidemiological proof of causation
maize,aflatoxin,cancer/carcinogenicity,directly joined in the same article,1,1,1,1,1,0,0,0.95,0.9,0.9,1.4485,milk-d687a91102133179,https://timesofindia.indiatimes.com/city/ludhiana/study-at-ludhiana-veterinary-university-links-contaminated-cattle-feed-to-toxins-detected-in-milk-/articleshow/125939018.cms,More than 80% of maize samples and approximately 38% of wheat samples tested positive for aflatoxins,"Aflatoxin M1 consumption, even in small amounts, is linked to liver damage, immune suppression, growth impairment in children, and increased cancer risk.",reported or repository-inferred association; not epidemiological proof of causation
wheat,aflatoxin,immune suppression,directly joined in the same article,1,1,1,1,0,0,0,0.95,0.9,0.9,1.4485,milk-d687a91102133179,https://timesofindia.indiatimes.com/city/ludhiana/study-at-ludhiana-veterinary-university-links-contaminated-cattle-feed-to-toxins-detected-in-milk-/articleshow/125939018.cms,approximately 38% of wheat samples tested positive for aflatoxins,"Aflatoxin M1 consumption, even in small amounts, is linked to liver damage, immune suppression",reported or repository-inferred association; not epidemiological proof of causation
wheat,aflatoxin,growth impairment,directly joined in the same article,1,1,1,1,0,0,0,0.95,0.9,0.9,1.4485,milk-d687a91102133179,https://timesofindia.indiatimes.com/city/ludhiana/study-at-ludhiana-veterinary-university-links-contaminated-cattle-feed-to-toxins-detected-in-milk-/articleshow/125939018.cms,approximately 38% of wheat samples tested positive for aflatoxins,"Aflatoxin M1 consumption, even in small amounts, is linked to liver damage, immune suppression, growth impairment in children",reported or repository-inferred association; not epidemiological proof of causation
wheat,aflatoxin,cancer/carcinogenicity,directly joined in the same article,1,1,1,1,1,0,0,0.95,0.9,0.9,1.4485,milk-d687a91102133179,https://timesofindia.indiatimes.com/city/ludhiana/study-at-ludhiana-veterinary-university-links-contaminated-cattle-feed-to-toxins-detected-in-milk-/articleshow/125939018.cms,approximately 38% of wheat samples tested positive for aflatoxins,"Aflatoxin M1 consumption, even in small amounts, is linked to liver damage, immune suppression, growth impairment in children, and increased cancer risk.",reported or repository-inferred association; not epidemiological proof of causation
Milk,aflatoxin,immune suppression,directly joined in the same article,1,1,1,1,0,0,0,0.95,0.9,0.9,1.4485,milk-d687a91102133179,https://timesofindia.indiatimes.com/city/ludhiana/study-at-ludhiana-veterinary-university-links-contaminated-cattle-feed-to-toxins-detected-in-milk-/articleshow/125939018.cms,"Aflatoxin M1, which is then excreted into the milk","Aflatoxin M1 consumption, even in small amounts, is linked to liver damage, immune suppression",reported or repository-inferred association; not epidemiological proof of causation
Milk,aflatoxin,growth impairment,directly joined in the same article,1,1,1,1,0,0,0,0.95,0.9,0.9,1.4485,milk-d687a91102133179,https://timesofindia.indiatimes.com/city/ludhiana/study-at-ludhiana-veterinary-university-links-contaminated-cattle-feed-to-toxins-detected-in-milk-/articleshow/125939018.cms,"Aflatoxin M1, which is then excreted into the milk","Aflatoxin M1 consumption, even in small amounts, is linked to liver damage, immune suppression, growth impairment in children",reported or repository-inferred association; not epidemiological proof of causation
Milk,aflatoxin,cancer/carcinogenicity,directly joined in the same article,1,1,1,1,1,0,0,0.95,0.9,0.9,1.4485,milk-d687a91102133179,https://timesofindia.indiatimes.com/city/ludhiana/study-at-ludhiana-veterinary-university-links-contaminated-cattle-feed-to-toxins-detected-in-milk-/articleshow/125939018.cms,"Aflatoxin M1, which is then excreted into the milk","Aflatoxin M1 consumption, even in small amounts, is linked to liver damage, immune suppression, growth impairment in children, and increased cancer risk.",reported or repository-inferred association; not epidemiological proof of causation
cough syrup,toxic industrial solvents,death,directly joined in the same article,1,1,1,1,1,0,0,0.95,0.9,0.9,1.4485,milk-fccd7cb21929e82a,https://www.financialexpress.com/healthcare/pharma-healthcare/poisoned-cough-syrup-killed-kids-authorities-cut-the-investigation-short/3164587/,syrups... were loaded with toxic industrial solvents,outbreak last summer would eventually kill more than 60 children,reported or repository-inferred association; not epidemiological proof of causation
cough syrup,toxic industrial solvents,ravaging internal organs,directly joined in the same article,1,1,1,1,0,0,0,0.95,0.9,0.9,1.4485,milk-fccd7cb21929e82a,https://www.financialexpress.com/healthcare/pharma-healthcare/poisoned-cough-syrup-killed-kids-authorities-cut-the-investigation-short/3164587/,syrups... were loaded with toxic industrial solvents,solvents that can ravage internal organs,reported or repository-inferred association; not epidemiological proof of causation
turmeric powder,metanil yellow,nausea,directly joined in the same article,1,1,1,1,0,0,0,0.95,0.9,0.9,1.4485,milk-fe1e3cc4f8fe0fc2,https://www.thehindu.com/children/what-is-adulteration-and-what-is-its-impact-on-our-daily-lives/article69210912.ece,detect Metanil Yellow in turmeric powder,"can cause nausea, stomach disorders, and food poisoning",reported or repository-inferred association; not epidemiological proof of causation
turmeric powder,metanil yellow,stomach disorders,directly joined in the same article,1,1,1,1,0,0,0,0.95,0.9,0.9,1.4485,milk-fe1e3cc4f8fe0fc2,https://www.thehindu.com/children/what-is-adulteration-and-what-is-its-impact-on-our-daily-lives/article69210912.ece,detect Metanil Yellow in turmeric powder,"can cause nausea, stomach disorders, and food poisoning",reported or repository-inferred association; not epidemiological proof of causation
turmeric powder,metanil yellow,food poisoning,directly joined in the same article,1,1,1,1,0,0,0,0.95,0.9,0.9,1.4485,milk-fe1e3cc4f8fe0fc2,https://www.thehindu.com/children/what-is-adulteration-and-what-is-its-impact-on-our-daily-lives/article69210912.ece,detect Metanil Yellow in turmeric powder,"can cause nausea, stomach disorders, and food poisoning",reported or repository-inferred association; not epidemiological proof of causation
Edible/cooking oil,argemone oil,glaucoma,directly joined in the same article,1,1,1,1,0,0,0,0.9,0.95,0.9,1.4485,oil-3bd1cf9862ff569d,https://timesofindia.indiatimes.com/life-style/food-news/harmful-ingredients-in-fake-edible-oil/articleshow/110737364.cms,Argemone oil is another hazardous adulterant found in fake edible oil,"characterised by swelling, glaucoma, and even heart failure",reported or repository-inferred association; not epidemiological proof of causation
Edible/cooking oil,argemone oil,heart failure,directly joined in the same article,1,1,1,1,0,0,0,0.9,0.95,0.9,1.4485,oil-3bd1cf9862ff569d,https://timesofindia.indiatimes.com/life-style/food-news/harmful-ingredients-in-fake-edible-oil/articleshow/110737364.cms,Argemone oil is another hazardous adulterant found in fake edible oil,"characterised by swelling, glaucoma, and even heart failure",reported or repository-inferred association; not epidemiological proof of causation
rapeseed oil,tri ortho cresyl phosphate,vomiting,directly joined in the same article,1,1,1,1,0,0,0,0.95,0.9,0.9,1.4485,oil-7c04299d13040735,https://indianexpress.com/article/lifestyle/food-wine/oil-adulteration-test-fssai-7513100/,sold rapeseed oil containing TOCP,symptoms started like food poisoning with vomiting,reported or repository-inferred association; not epidemiological proof of causation
rapeseed oil,tri ortho cresyl phosphate,diarrhoea,directly joined in the same article,1,1,1,1,0,0,0,0.95,0.9,0.9,1.4485,oil-7c04299d13040735,https://indianexpress.com/article/lifestyle/food-wine/oil-adulteration-test-fssai-7513100/,sold rapeseed oil containing TOCP,symptoms started like food poisoning with vomiting and diarrhea,reported or repository-inferred association; not epidemiological proof of causation
rapeseed oil,tri ortho cresyl phosphate,ascending motor paralysis,directly joined in the same article,1,1,1,1,0,0,0,0.95,0.9,0.9,1.4485,oil-7c04299d13040735,https://indianexpress.com/article/lifestyle/food-wine/oil-adulteration-test-fssai-7513100/,sold rapeseed oil containing TOCP,quickly escalated into ascending motor paralysis,reported or repository-inferred association; not epidemiological proof of causation
Edible/cooking oil,acrolein,cancer/carcinogenicity,directly joined in the same article,1,1,1,1,0,0,0,0.95,0.9,0.9,1.4485,oil-a32b2f6deb2e704c,https://www.newindianexpress.com/states/tamil-nadu/2024/Aug/03/collection-of-reused-cooking-oil-from-eateries-goes-up-three-fold-in-madurai,"releases Acrolein, which is a potential carcinogen","Acrolein, which is a potential carcinogen",reported or repository-inferred association; not epidemiological proof of causation
onions,e coli,death,directly joined in the same article,1,1,1,1,0,0,0,0.95,0.9,0.9,1.4485,oil-a84ecb87feb1a1b3,https://thelogicalindian.com/40-kg-rotten-tomatoes-jaipur-mcdonalds-food-safety-breach-raises-questions-over-fast-food-oversight/,contaminated onions,sickened over 100 people and resulted in at least one confirmed death,reported or repository-inferred association; not epidemiological proof of causation
edible oils,tri ortho cresyl phosphate,neurological effects,directly joined in the same article,1,1,1,1,1,0,0,0.9,0.9333,0.9,1.4485,oil-d276b566dce62194,https://timesofindia.indiatimes.com/etimes/wellness/this-toxic-adulterant-in-edible-oils-can-damage-your-nervous-system-heres-how-to-check-if-your-cooking-oil-is-safe/photostory/131653846.cms,has been found in edible oils in India,it causes a delayed neurodegenerative condition known as organophosphate-induced delayed neurotoxicity,reported or repository-inferred association; not epidemiological proof of causation
edible oils,tri ortho cresyl phosphate,reproductive toxicity,directly joined in the same article,1,1,1,1,0,0,0,0.9,0.95,0.9,1.4485,oil-d276b566dce62194,https://timesofindia.indiatimes.com/etimes/wellness/this-toxic-adulterant-in-edible-oils-can-damage-your-nervous-system-heres-how-to-check-if-your-cooking-oil-is-safe/photostory/131653846.cms,has been found in edible oils in India,"TOCP is highly toxic and can induce neurotoxicity, reproductive toxicity, and immunotoxicity.",reported or repository-inferred association; not epidemiological proof of causation
edible oils,tri ortho cresyl phosphate,immunotoxicity,directly joined in the same article,1,1,1,1,0,0,0,0.9,0.95,0.9,1.4485,oil-d276b566dce62194,https://timesofindia.indiatimes.com/etimes/wellness/this-toxic-adulterant-in-edible-oils-can-damage-your-nervous-system-heres-how-to-check-if-your-cooking-oil-is-safe/photostory/131653846.cms,has been found in edible oils in India,"TOCP is highly toxic and can induce neurotoxicity, reproductive toxicity, and immunotoxicity",reported or repository-inferred association; not epidemiological proof of causation
mustard seeds,argemone mexicana,epidemic dropsy,directly joined in the same article,1,1,1,1,0,0,0,0.9,0.95,0.9,1.4485,oil-e1aa62675070cacd,https://www.hindustantimes.com/cities/chandigarh-news/argemone-poisoning-claims-life-in-jawalamukhi-alert-sounded-in-hp-s-kangra-101668798072979.html,Its seeds resemble those of mustard,"epidemic dropsy, which is caused after one consumes edible oils contaminated with Argemone mexicana",reported or repository-inferred association; not epidemiological proof of causation
Mustard oil,argemone mexicana,epidemic dropsy,directly joined in the same article,1,1,1,1,0,0,0,0.9,0.95,0.9,1.4485,oil-e1aa62675070cacd,https://www.hindustantimes.com/cities/chandigarh-news/argemone-poisoning-claims-life-in-jawalamukhi-alert-sounded-in-hp-s-kangra-101668798072979.html,edible oils adulterated with Argemone mexicana,"epidemic dropsy, which is caused after one consumes edible oils contaminated with Argemone mexicana",reported or repository-inferred association; not epidemiological proof of causation
oil,vitamin d,acute kidney distress,directly joined in the same article,1,1,1,0,1,0,0,0.95,0.9,0.9,1.4485,oil-fd16f7be050ea2b9,https://timesofindia.indiatimes.com/city/chandigarh/the-vitamin-d-trap-how-fortified-oil-poisoned-punjab-homes/articleshow/126219580.cms,"infused the oil with excessive, toxic concentrations of Vitamin D",acute kidney distress,reported or repository-inferred association; not epidemiological proof of causation
oil,vitamin d,vomiting,directly joined in the same article,1,1,1,0,0,0,0,0.95,0.9,0.9,1.4485,oil-fd16f7be050ea2b9,https://timesofindia.indiatimes.com/city/chandigarh/the-vitamin-d-trap-how-fortified-oil-poisoned-punjab-homes/articleshow/126219580.cms,"infused the oil with excessive, toxic concentrations of Vitamin D",persistent vomiting,reported or repository-inferred association; not epidemiological proof of causation
oil,vitamin d,extreme weakness,directly joined in the same article,1,1,1,0,0,0,0,0.95,0.9,0.9,1.4485,oil-fd16f7be050ea2b9,https://timesofindia.indiatimes.com/city/chandigarh/the-vitamin-d-trap-how-fortified-oil-poisoned-punjab-homes/articleshow/126219580.cms,"infused the oil with excessive, toxic concentrations of Vitamin D",extreme weakness,reported or repository-inferred association; not epidemiological proof of causation
fortified oil,vitamin d,acute kidney distress,directly joined in the same article,1,1,1,0,1,0,0,0.95,0.9,0.9,1.4485,oil-fd16f7be050ea2b9,https://timesofindia.indiatimes.com/city/chandigarh/the-vitamin-d-trap-how-fortified-oil-poisoned-punjab-homes/articleshow/126219580.cms,infused with excessive Vitamin D,acute kidney distress,reported or repository-inferred association; not epidemiological proof of causation
fortified oil,vitamin d,vomiting,directly joined in the same article,1,1,1,0,0,0,0,0.95,0.9,0.9,1.4485,oil-fd16f7be050ea2b9,https://timesofindia.indiatimes.com/city/chandigarh/the-vitamin-d-trap-how-fortified-oil-poisoned-punjab-homes/articleshow/126219580.cms,infused with excessive Vitamin D,persistent vomiting,reported or repository-inferred association; not epidemiological proof of causation
fortified oil,vitamin d,extreme weakness,directly joined in the same article,1,1,1,0,0,0,0,0.95,0.9,0.9,1.4485,oil-fd16f7be050ea2b9,https://timesofindia.indiatimes.com/city/chandigarh/the-vitamin-d-trap-how-fortified-oil-poisoned-punjab-homes/articleshow/126219580.cms,infused with excessive Vitamin D,extreme weakness,reported or repository-inferred association; not epidemiological proof of causation
Ghee,trans fatty acids,pancreas damage,directly joined in the same article,2,1,1,1,0,0,0,0.9,0.8,0.8,1.4334,84b0a1fc-c258-4024-a387-a91e8d004707,https://indianexpress.com/article/lifestyle/health-specials/ghee-coconut-oil-mustard-oil-control-fat-diabetes-8081554/,"trans fatty acids, abundant in vegetable ghee","injurious to the heart, liver, pancreas",reported or repository-inferred association; not epidemiological proof of causation
Ghee,cheap oils,serious health risk,directly joined in the same article,2,1,1,1,0,0,0,0.85,0.8,0.8,1.4334,747266ac-7152-4364-9073-fb35b101266c,https://economictimes.indiatimes.com/news/new-updates/hyderabad-fake-ghee-raid-how-3000-kg-of-cow-buffalo-cream-were-mixed-with-cheap-substances-and-supplied-to-public/articleshow/129141501.cms,contain cheap oils and low-quality substances,"pose a serious health risk, as they contain cheap oils",reported or repository-inferred association; not epidemiological proof of causation
Edible/cooking oil,stale cooking oil,long term health issues,directly joined in the same article,1,2,1,0,0,0,0,0.8,0.825,0.8,1.4334,milk-998381f3381f9db4,https://timesofindia.indiatimes.com/life-style/food-news/110-kg-chicken-825-kg-fake-paneer-banned-colours-and-chemicals-seized-how-to-check-purity-at-home/articleshow/131873428.cms,evidence of the reuse of stale and hazardous cooking oil,Long-term health issues due to repeated consumption of reused oil,reported or repository-inferred association; not epidemiological proof of causation
binni refined oil,vitamin d,hypervitaminosis d,directly joined in the same article,1,2,1,1,0,0,0,0.8,0.95,0.8,1.4334,oil-4d6bfb72c0733299,https://www.hindustantimes.com/cities/chandigarh-news/health-dept-seizes-352-boxes-of-refined-oil-after-6-hospitalised-101745259236048.html,the refined oil reportedly had a high level of vitamin D,"patients fell ill due to hypervitaminosis D, known as vitamin D toxicity",reported or repository-inferred association; not epidemiological proof of causation
Milk,hexachlorobenzene,nervous system damage,directly joined in the same article,1,1,1,1,0,0,0,0.95,0.875,0.875,1.4083,milk-7bdc0ed79b3ddaf6,http://www.indiasnews.net/news/271622410/trash-and-burn-big-brands-new-plastic-waste-plan,Cheese and milk sourced from cattle raised near that plant in southern Carinthia state were tainted,"HCB, which can damage the nervous system",reported or repository-inferred association; not epidemiological proof of causation
Cheese,hexachlorobenzene,nervous system damage,directly joined in the same article,1,1,1,1,0,0,0,0.95,0.875,0.875,1.4083,milk-7bdc0ed79b3ddaf6,http://www.indiasnews.net/news/271622410/trash-and-burn-big-brands-new-plastic-waste-plan,Cheese and milk sourced from cattle raised near that plant in southern Carinthia state were tainted,"HCB, which can damage the nervous system",reported or repository-inferred association; not epidemiological proof of causation
processed food,adulterants,kidney harm,directly joined in the same article,1,1,1,1,0,0,0,0.95,0.85,0.85,1.368,276e27ef-82bd-4911-a4df-9d2448b232fb,https://timesofindia.indiatimes.com/city/delhi/whats-cooking-in-pantry-bite-into-adulterated-truth/articleshow/130488415.cms,around 10% of processed food samples tested contained adulterants,prolonged consumption of such food can harm organs like the kidneys,reported or repository-inferred association; not epidemiological proof of causation
processed food,adulterants,liver harm,directly joined in the same article,1,1,1,1,0,0,0,0.95,0.85,0.85,1.368,276e27ef-82bd-4911-a4df-9d2448b232fb,https://timesofindia.indiatimes.com/city/delhi/whats-cooking-in-pantry-bite-into-adulterated-truth/articleshow/130488415.cms,around 10% of processed food samples tested contained adulterants,"prolonged consumption of such food can harm organs like the kidneys, liver and heart",reported or repository-inferred association; not epidemiological proof of causation
processed foods,trans fat,heart diseases,directly joined in the same article,1,1,1,1,0,0,0,0.85,0.95,0.85,1.368,3c89f375-80cf-488a-a60f-6fc88846ceff,https://www.financialexpress.com/lifestyle/lifestyle-and-health-benefits-of-trans-fat-free-vanaspati-and-how-it-is-going-to-impact-the-market/2609701/,Processed foods and a lot of fried items have trans-fats in them.,"The more trans-fats consumed, the greater the risk of heart diseases.",reported or repository-inferred association; not epidemiological proof of causation
processed foods,trans fat,health hazards,directly joined in the same article,1,1,1,0,0,0,0,0.85,0.85,0.85,1.368,3c89f375-80cf-488a-a60f-6fc88846ceff,https://www.financialexpress.com/lifestyle/lifestyle-and-health-benefits-of-trans-fat-free-vanaspati-and-how-it-is-going-to-impact-the-market/2609701/,Processed foods and a lot of fried items have trans-fats in them.,hazards of trans-fat consumption,reported or repository-inferred association; not epidemiological proof of causation
fried items,trans fat,heart diseases,directly joined in the same article,1,1,1,1,0,0,0,0.85,0.95,0.85,1.368,3c89f375-80cf-488a-a60f-6fc88846ceff,https://www.financialexpress.com/lifestyle/lifestyle-and-health-benefits-of-trans-fat-free-vanaspati-and-how-it-is-going-to-impact-the-market/2609701/,Processed foods and a lot of fried items have trans-fats in them.,"The more trans-fats consumed, the greater the risk of heart diseases.",reported or repository-inferred association; not epidemiological proof of causation
fried items,trans fat,health hazards,directly joined in the same article,1,1,1,0,0,0,0,0.85,0.85,0.85,1.368,3c89f375-80cf-488a-a60f-6fc88846ceff,https://www.financialexpress.com/lifestyle/lifestyle-and-health-benefits-of-trans-fat-free-vanaspati-and-how-it-is-going-to-impact-the-market/2609701/,Processed foods and a lot of fried items have trans-fats in them.,hazards of trans-fat consumption,reported or repository-inferred association; not epidemiological proof of causation
red velvet cake,cancer causing ingredient,cancer/carcinogenicity,directly joined in the same article,1,1,1,1,0,0,0,0.85,0.9,0.85,1.368,40ab817e-11a0-4a57-8dcd-e13fef2fbad1,https://www.newindianexpress.com/cities/bengaluru/2024/Oct/05/karnataka-food-safety-dept-to-test-garlic-sweet-samples,popular varieties of cake like red velvet and black forest contain cancer-causing ingredients,contain cancer-causing ingredients,reported or repository-inferred association; not epidemiological proof of causation
black forest cake,cancer causing ingredient,cancer/carcinogenicity,directly joined in the same article,1,1,1,1,0,0,0,0.85,0.9,0.85,1.368,40ab817e-11a0-4a57-8dcd-e13fef2fbad1,https://www.newindianexpress.com/cities/bengaluru/2024/Oct/05/karnataka-food-safety-dept-to-test-garlic-sweet-samples,popular varieties of cake like red velvet and black forest contain cancer-causing ingredients,contain cancer-causing ingredients,reported or repository-inferred association; not epidemiological proof of causation
halwa,adulterated ghee,vomiting,directly joined in the same article,1,1,1,1,0,0,0,0.95,0.85,0.85,1.368,706f0136-7ae5-45f2-b804-e3a8c9a14d1c,https://www.freepressjournal.in/bhopal/bhandara-turns-nightmare-250-villagers-fall-ill-after-eating-halwa-made-with-adulterated-ghee-in-mps-shivpuri,Halwa was prepared in adulterated ghee,villagers began complaining of vomiting,reported or repository-inferred association; not epidemiological proof of causation
biryani,reprocessed oils,digestive system damage,directly joined in the same article,1,1,1,1,0,0,0,0.95,0.85,0.85,1.368,b85e00e3-c751-478f-ace8-f6044e816d41,https://timesofindia.indiatimes.com/city/vijayawada/fssai-experts-warn-of-adulterated-biryani/articleshow/87229905.cms,adulterating biryani with prohibited food colours and reprocessed oils,Most of these ingredients are carcinogenic in nature and also damage the digestive system,reported or repository-inferred association; not epidemiological proof of causation
hydrogenated oils,trans fats,strokes,directly joined in the same article,1,1,1,1,0,0,0,0.9,0.85,0.85,1.368,b86289f8-e1d8-468e-9c0b-9b3c6aa538d5,https://economictimes.indiatimes.com/magazines/panache/olive-mustard-ghee-or-coconut-oil-gurgaon-doctor-explains-which-oil-to-use-and-avoid-one-that-costs-5-lakh-lives-a-year/articleshow/125295490.cms,trans fats—commonly found in hydrogenated oils,"eliminating these trans fats could save up to 5,00,000 lives every year by reducing heart attacks and strokes",reported or repository-inferred association; not epidemiological proof of causation
Ghee,trans fats,strokes,directly joined in the same article,1,1,1,1,0,0,0,0.9,0.85,0.85,1.368,b86289f8-e1d8-468e-9c0b-9b3c6aa538d5,https://economictimes.indiatimes.com/magazines/panache/olive-mustard-ghee-or-coconut-oil-gurgaon-doctor-explains-which-oil-to-use-and-avoid-one-that-costs-5-lakh-lives-a-year/articleshow/125295490.cms,trans fats—commonly found in hydrogenated oils like cheap vanaspati ghee,"eliminating these trans fats could save up to 5,00,000 lives every year by reducing heart attacks and strokes",reported or repository-inferred association; not epidemiological proof of causation
Cheese,escherichia coli,gastrointestinal illness,directly joined in the same article,1,1,1,1,1,0,0,0.85,0.85,0.85,1.368,milk-0c708ad8d1a7a258,https://timesofindia.indiatimes.com/life-style/health-fitness/health-news/7-foods-that-can-put-you-at-risk-of-e-coli/articleshow/115495008.cms,"foods made from them, like cheese or ice cream",Many strains of E coli can cause diarrheagenic infections in your GI tract,reported or repository-inferred association; not epidemiological proof of causation
Paneer,prohibited synthetic ingredients,food poisoning,directly joined in the same article,1,1,1,1,0,0,0,0.85,0.9,0.85,1.368,milk-18cbe2e91f8e5d65,https://www.thehansindia.com/telangana/cops-crack-down-on-paneer-adulteration-1087770,prohibited synthetic ingredients used by adulterators,"pose significant public health risks, including food poisoning",reported or repository-inferred association; not epidemiological proof of causation
Paneer,prohibited synthetic ingredients,allergic reaction,directly joined in the same article,1,1,1,1,0,0,0,0.85,0.9,0.85,1.368,milk-18cbe2e91f8e5d65,https://www.thehansindia.com/telangana/cops-crack-down-on-paneer-adulteration-1087770,prohibited synthetic ingredients used by adulterators,"pose significant public health risks, including food poisoning and allergic reactions",reported or repository-inferred association; not epidemiological proof of causation
Milk,shigella dysenteriae,acute diarrhoeal illness,directly joined in the same article,1,1,1,1,1,0,0,0.85,0.85,0.85,1.368,milk-23a41dc5e4dfc0cc,https://indianexpress.com/article/lifestyle/health-specials/which-navratri-mithai-wont-give-me-stomach-infection-8174434/,Most milk-based sweets can easily get contaminated with bacteria like Salmonella and Shigella dysenteriae,contaminated with bacteria like Salmonella and Shigella dysenteriae and the vulnerable can easily land at hospital emergencies with acute diarrhoeal illness,reported or repository-inferred association; not epidemiological proof of causation
baby food,lead,behavioral changes,directly joined in the same article,1,1,1,0,0,0,0,0.95,0.85,0.85,1.368,milk-29425e997318adaa,https://economictimes.indiatimes.com/magazines/panache/how-do-toxic-substances-like-lead-end-up-in-baby-food/articleshow/97399836.cms,toxic substances like lead end up in baby food,"Small amounts of lead, for instance, have been found to affect behavior",reported or repository-inferred association; not epidemiological proof of causation
baby food,lead,iq reduction,directly joined in the same article,1,1,1,0,0,0,0,0.95,0.85,0.85,1.368,milk-29425e997318adaa,https://economictimes.indiatimes.com/magazines/panache/how-do-toxic-substances-like-lead-end-up-in-baby-food/articleshow/97399836.cms,toxic substances like lead end up in baby food,"Small amounts of lead, for instance, have been found to affect behavior, IQ",reported or repository-inferred association; not epidemiological proof of causation
mashed sweet potatoes,lead,behavioral changes,directly joined in the same article,1,1,1,0,0,0,0,0.85,0.85,0.85,1.368,milk-29425e997318adaa,https://economictimes.indiatimes.com/magazines/panache/how-do-toxic-substances-like-lead-end-up-in-baby-food/articleshow/97399836.cms,keep high levels of lead out of baby foods like mashed sweet potatoes,"Small amounts of lead, for instance, have been found to affect behavior",reported or repository-inferred association; not epidemiological proof of causation
mashed sweet potatoes,lead,iq reduction,directly joined in the same article,1,1,1,0,0,0,0,0.85,0.85,0.85,1.368,milk-29425e997318adaa,https://economictimes.indiatimes.com/magazines/panache/how-do-toxic-substances-like-lead-end-up-in-baby-food/articleshow/97399836.cms,keep high levels of lead out of baby foods like mashed sweet potatoes,"Small amounts of lead, for instance, have been found to affect behavior, IQ",reported or repository-inferred association; not epidemiological proof of causation
Curd/yoghurt,detergent,gastrointestinal discomfort,directly joined in the same article,1,1,1,1,0,0,0,0.9,0.85,0.85,1.368,milk-2d4c6eb27aa0b942,https://nagalandpost.com/unsafe-at-every-bite-indias-silent-food-safety-epidemic/,"adulterants found in milk and milk-based products, such as paneer, curd, and sweets, include detergent",leading to issues such as gastrointestinal discomfort,reported or repository-inferred association; not epidemiological proof of causation
sweets,detergent,gastrointestinal discomfort,directly joined in the same article,1,1,1,1,0,0,0,0.9,0.85,0.85,1.368,milk-2d4c6eb27aa0b942,https://nagalandpost.com/unsafe-at-every-bite-indias-silent-food-safety-epidemic/,"adulterants found in milk and milk-based products, such as paneer, curd, and sweets, include detergent",leading to issues such as gastrointestinal discomfort,reported or repository-inferred association; not epidemiological proof of causation
Milk,unidentified adulterant,renal failure,directly joined in the same article,1,1,1,1,0,0,0,0.85,0.85,0.85,1.368,milk-30fafb76f1c21fe2,https://www.hindustantimes.com/india-news/four-die-in-andhra-pradesh-rajamahendravaram-after-consuming-adulterated-milk-101771830100532.html,consuming adulterated milk supplied by an unauthorised vendor,contaminated milk caused kidney (renal) failure,reported or repository-inferred association; not epidemiological proof of causation
bottled water,microplastics,cardiovascular disease,directly joined in the same article,1,1,1,1,0,0,0,0.9,0.85,0.85,1.368,milk-33bdb7855037fe99,https://timesofindia.indiatimes.com/city/lucknow/world-environment-day-focus-on-sustainable-alternatives-to-combat-plastic-pollution/articleshow/121632466.cms,"a litre of bottled water contains in the range of 2,40,000 microplastics",they can increase the risk of heart attack,reported or repository-inferred association; not epidemiological proof of causation
grains,aflatoxins,long term health complications,directly joined in the same article,1,1,1,1,0,0,0,0.85,0.85,0.85,1.368,milk-3812e38befd121be,https://indianexpress.com/article/health-wellness/packaged-foods-children-diets-practices-meal-plans-10756755/,"Poorly stored grains, nuts and spices may develop moulds that produce aflatoxins","aflatoxins, harmful substances associated with long-term health complications",reported or repository-inferred association; not epidemiological proof of causation
Paneer,tinopal,liver damage,directly joined in the same article,1,1,1,1,1,0,0,0.95,0.85,0.85,1.368,milk-3860e6654d518030,https://www.freepressjournal.in/india/fake-paneer-racket-busted-toxic-chemicals-like-urea-detergent-used-in-up,"fake paneer (cottage cheese) being produced using harmful chemicals such as urea, detergent, and Tinopal","consumption of such toxic paneer could cause serious health hazards, including liver and kidney damage",reported or repository-inferred association; not epidemiological proof of causation
seafood,microplastics,oxidative stress,directly joined in the same article,1,1,1,1,0,0,0,0.9,0.85,0.85,1.368,milk-39bc1a13a79ae513,https://www.newindianexpress.com/states/tamil-nadu/2025/Feb/08/collective-efforts-needed-in-the-battle-against-plastic,"Microplastics contaminate drinking water, seafood",Exposure has been linked to oxidative stress,reported or repository-inferred association; not epidemiological proof of causation
seafood,microplastics,immune disorders,directly joined in the same article,1,1,1,1,0,0,0,0.9,0.85,0.85,1.368,milk-39bc1a13a79ae513,https://www.newindianexpress.com/states/tamil-nadu/2025/Feb/08/collective-efforts-needed-in-the-battle-against-plastic,"Microplastics contaminate drinking water, seafood","Exposure has been linked to oxidative stress, immune disorders",reported or repository-inferred association; not epidemiological proof of causation
poultry,microplastics,oxidative stress,directly joined in the same article,1,1,1,1,0,0,0,0.9,0.85,0.85,1.368,milk-39bc1a13a79ae513,https://www.newindianexpress.com/states/tamil-nadu/2025/Feb/08/collective-efforts-needed-in-the-battle-against-plastic,"Microplastics contaminate drinking water, seafood, poultry",Exposure has been linked to oxidative stress,reported or repository-inferred association; not epidemiological proof of causation
poultry,microplastics,immune disorders,directly joined in the same article,1,1,1,1,0,0,0,0.9,0.85,0.85,1.368,milk-39bc1a13a79ae513,https://www.newindianexpress.com/states/tamil-nadu/2025/Feb/08/collective-efforts-needed-in-the-battle-against-plastic,"Microplastics contaminate drinking water, seafood, poultry","Exposure has been linked to oxidative stress, immune disorders",reported or repository-inferred association; not epidemiological proof of causation
fruits,microplastics,oxidative stress,directly joined in the same article,1,1,1,1,0,0,0,0.9,0.85,0.85,1.368,milk-39bc1a13a79ae513,https://www.newindianexpress.com/states/tamil-nadu/2025/Feb/08/collective-efforts-needed-in-the-battle-against-plastic,"Microplastics contaminate drinking water, seafood, poultry, fruits",Exposure has been linked to oxidative stress,reported or repository-inferred association; not epidemiological proof of causation
fruits,microplastics,immune disorders,directly joined in the same article,1,1,1,1,0,0,0,0.9,0.85,0.85,1.368,milk-39bc1a13a79ae513,https://www.newindianexpress.com/states/tamil-nadu/2025/Feb/08/collective-efforts-needed-in-the-battle-against-plastic,"Microplastics contaminate drinking water, seafood, poultry, fruits","Exposure has been linked to oxidative stress, immune disorders",reported or repository-inferred association; not epidemiological proof of causation
vegetables,microplastics,oxidative stress,directly joined in the same article,1,1,1,1,0,0,0,0.9,0.85,0.85,1.368,milk-39bc1a13a79ae513,https://www.newindianexpress.com/states/tamil-nadu/2025/Feb/08/collective-efforts-needed-in-the-battle-against-plastic,"Microplastics contaminate drinking water, seafood, poultry, fruits, vegetables",Exposure has been linked to oxidative stress,reported or repository-inferred association; not epidemiological proof of causation
vegetables,microplastics,immune disorders,directly joined in the same article,1,1,1,1,0,0,0,0.9,0.85,0.85,1.368,milk-39bc1a13a79ae513,https://www.newindianexpress.com/states/tamil-nadu/2025/Feb/08/collective-efforts-needed-in-the-battle-against-plastic,"Microplastics contaminate drinking water, seafood, poultry, fruits, vegetables","Exposure has been linked to oxidative stress, immune disorders",reported or repository-inferred association; not epidemiological proof of causation
prepared foods,microplastics,oxidative stress,directly joined in the same article,1,1,1,1,0,0,0,0.9,0.85,0.85,1.368,milk-39bc1a13a79ae513,https://www.newindianexpress.com/states/tamil-nadu/2025/Feb/08/collective-efforts-needed-in-the-battle-against-plastic,"Microplastics contaminate drinking water, seafood, poultry, fruits, vegetables, and even prepared foods",Exposure has been linked to oxidative stress,reported or repository-inferred association; not epidemiological proof of causation
prepared foods,microplastics,immune disorders,directly joined in the same article,1,1,1,1,0,0,0,0.9,0.85,0.85,1.368,milk-39bc1a13a79ae513,https://www.newindianexpress.com/states/tamil-nadu/2025/Feb/08/collective-efforts-needed-in-the-battle-against-plastic,"Microplastics contaminate drinking water, seafood, poultry, fruits, vegetables, and even prepared foods","Exposure has been linked to oxidative stress, immune disorders",reported or repository-inferred association; not epidemiological proof of causation
Milk,plastic waste,digestive blockages,directly joined in the same article,1,1,1,1,0,0,0,0.85,0.9,0.85,1.368,milk-39bc1a13a79ae513,https://www.newindianexpress.com/states/tamil-nadu/2025/Feb/08/collective-efforts-needed-in-the-battle-against-plastic,ingestion of plastics by cows also contaminates milk,"Cows ingest plastic waste, mistaking it for food, which leads to digestive blockages",reported or repository-inferred association; not epidemiological proof of causation
Milk,plastic waste,intestinal perforations,directly joined in the same article,1,1,1,1,0,0,0,0.85,0.9,0.85,1.368,milk-39bc1a13a79ae513,https://www.newindianexpress.com/states/tamil-nadu/2025/Feb/08/collective-efforts-needed-in-the-battle-against-plastic,ingestion of plastics by cows also contaminates milk,"Cows ingest plastic waste, mistaking it for food, which leads to digestive blockages, intestinal perforations and death.",reported or repository-inferred association; not epidemiological proof of causation
meat,plastic waste,digestive blockages,directly joined in the same article,1,1,1,1,0,0,0,0.85,0.9,0.85,1.368,milk-39bc1a13a79ae513,https://www.newindianexpress.com/states/tamil-nadu/2025/Feb/08/collective-efforts-needed-in-the-battle-against-plastic,ingestion of plastics by cows also contaminates milk and meat,"Cows ingest plastic waste, mistaking it for food, which leads to digestive blockages",reported or repository-inferred association; not epidemiological proof of causation
meat,plastic waste,intestinal perforations,directly joined in the same article,1,1,1,1,0,0,0,0.85,0.9,0.85,1.368,milk-39bc1a13a79ae513,https://www.newindianexpress.com/states/tamil-nadu/2025/Feb/08/collective-efforts-needed-in-the-battle-against-plastic,ingestion of plastics by cows also contaminates milk and meat,"Cows ingest plastic waste, mistaking it for food, which leads to digestive blockages, intestinal perforations and death.",reported or repository-inferred association; not epidemiological proof of causation
powdered infant formula,harmful pathogens,death,directly joined in the same article,1,1,1,1,1,0,0,0.85,0.9,0.85,1.368,milk-41fa8a1322cd24cd,https://www.deccanherald.com/health/explained-why-this-ngo-urged-centre-to-alert-parents-on-formula-milk-4012521,"powdered formula feed may not be completely sterile, exposing babies to harmful pathogens",harmful pathogens which can cause infant death,reported or repository-inferred association; not epidemiological proof of causation
fish,thallium,coma,directly joined in the same article,1,1,1,0,0,0,0,0.95,0.85,0.85,1.368,milk-65b91545cd207ac7,https://www.newindianexpress.com/cities/delhi/2021/mar/25/delhi-based-builder-arrested-tries-to-kill-in-laws-with-slow-poison-thallium-2281421.html,"mixed thallium, a slow poison",elder daughter is in a coma for 22 days after Thallium was found in her body,reported or repository-inferred association; not epidemiological proof of causation
dark chocolate,lead,health issues,directly joined in the same article,1,1,1,1,1,0,0,0.9167,0.85,0.85,1.368,milk-681b94301c4f1a61,https://indianexpress.com/article/lifestyle/health/scientists-keep-finding-heavy-metals-in-dark-chocolate-should-you-worry-9492306/,43 percent contained higher levels of lead,Both metals are considered toxic and have been associated with a range of health issues,reported or repository-inferred association; not epidemiological proof of causation
dark chocolate,cadmium,health issues,directly joined in the same article,1,1,1,1,1,0,0,0.9167,0.85,0.85,1.368,milk-681b94301c4f1a61,https://indianexpress.com/article/lifestyle/health/scientists-keep-finding-heavy-metals-in-dark-chocolate-should-you-worry-9492306/,35 percent had higher concentrations of cadmium,Both metals are considered toxic and have been associated with a range of health issues,reported or repository-inferred association; not epidemiological proof of causation
Milk,mercury,harm to vital organs,directly joined in the same article,1,1,1,1,0,0,0,0.85,0.85,0.85,1.368,milk-6a40d919b8f492b6,https://www.dnaindia.com/viral/report-meet-india-first-child-superstar-master-madan-a-musical-genius-who-was-murdered-at-14-qala-movie-3139450,mercury mixed in milk,vital organs had been harmed by a slow poison,reported or repository-inferred association; not epidemiological proof of causation
syrup,ethylene glycol,organ damage,directly joined in the same article,1,1,1,0,1,0,0,0.95,0.85,0.85,1.368,milk-6cf8b965d0dba773,https://indianexpress.com/article/world/when-children-take-toxic-cough-syrup-and-live-9080098/,syrups ... contained ethylene glycol,the body has broken the ethylene and diethylene glycol down into toxic byproducts that damage the organs,reported or repository-inferred association; not epidemiological proof of causation
syrup,diethylene glycol,renal failure,directly joined in the same article,1,1,1,0,1,0,0,0.9,0.85,0.85,1.368,milk-6cf8b965d0dba773,https://indianexpress.com/article/world/when-children-take-toxic-cough-syrup-and-live-9080098/,"products ... contained dangerous levels of EG or a related toxin, diethylene glycol",124 children in those regions had been diagnosed with Acute Kidney Injury,reported or repository-inferred association; not epidemiological proof of causation
propylene glycol,ethylene glycol,organ damage,directly joined in the same article,1,1,1,0,1,0,0,0.9,0.85,0.85,1.368,milk-6cf8b965d0dba773,https://indianexpress.com/article/world/when-children-take-toxic-cough-syrup-and-live-9080098/,drums containing EG...stated the drums held pharmaceutical grade propylene glycol,the body has broken the ethylene and diethylene glycol down into toxic byproducts that damage the organs,reported or repository-inferred association; not epidemiological proof of causation
pharmaceutical grade propylene glycol,ethylene glycol,organ damage,directly joined in the same article,1,1,1,0,1,0,0,0.95,0.85,0.85,1.368,milk-6cf8b965d0dba773,https://indianexpress.com/article/world/when-children-take-toxic-cough-syrup-and-live-9080098/,labels stated the drums held pharmaceutical grade propylene glycol,the body has broken the ethylene and diethylene glycol down into toxic byproducts that damage the organs,reported or repository-inferred association; not epidemiological proof of causation
Paneer,bacteria,food borne illnesses,directly joined in the same article,1,1,1,1,0,0,0,0.9,0.85,0.85,1.368,milk-743614fce3b7e2f3,https://www.news18.com/lifestyle/food/starch-oil-and-bacteria-is-your-paneer-slowly-poisoning-you-9322651.html,"paneer, dahi, burfi, and mithai, often show high levels of bacteria",contaminated food can lead to food-borne illnesses,reported or repository-inferred association; not epidemiological proof of causation
Milk,antibiotic residue,serious harmful effects on human health,directly joined in the same article,1,1,1,1,0,0,0,0.9,0.85,0.85,1.368,milk-7500479cf94d3e8b,https://www.thehansindia.com/business/sids-farm-launches-awareness-campaign-on-pure-milk-730433,Significant portions of antibiotics are released through the milk of dairy animals,Significant portions of antibiotics are released through the milk of dairy animals unaltered and exert serious harmful effects on human health.,reported or repository-inferred association; not epidemiological proof of causation
tap water,harmful chemicals,cancerous changes,directly joined in the same article,1,1,1,1,0,0,0,0.9,0.85,0.85,1.368,milk-8525c631cb260a24,https://timesofindia.indiatimes.com/life-style/food-news/your-monsoon-cravings-for-chai-and-pakoda-could-be-cancer-traps-warns-a-specialist/articleshow/123502565.cms,"monsoon often contaminates it with bacteria, viruses, and harmful chemicals","Contaminated water may carry toxins that, with prolonged exposure, damage organs and potentially trigger cancerous changes",reported or repository-inferred association; not epidemiological proof of causation
hamburgers,e coli,serious illnesses,directly joined in the same article,1,1,1,0,0,0,0,0.9,0.85,0.85,1.368,milk-893e648483b23dfc,https://timesofindia.indiatimes.com/life-style/health-fitness/health-news/st-louis-county-e-coli-outbreak-lettuce-tests-negative-investigation-continues/articleshow/115606666.cms,"hamburgers, and other meats that are not cooked thoroughly can contain E coli",outbreak has resulted in two serious illnesses,reported or repository-inferred association; not epidemiological proof of causation
hamburgers,e coli,hospitalization,directly joined in the same article,1,1,1,0,0,0,0,0.9,0.85,0.85,1.368,milk-893e648483b23dfc,https://timesofindia.indiatimes.com/life-style/health-fitness/health-news/st-louis-county-e-coli-outbreak-lettuce-tests-negative-investigation-continues/articleshow/115606666.cms,"hamburgers, and other meats that are not cooked thoroughly can contain E coli",one patient currently hospitalized,reported or repository-inferred association; not epidemiological proof of causation
cider,e coli,serious illnesses,directly joined in the same article,1,1,1,0,0,0,0,0.85,0.85,0.85,1.368,milk-893e648483b23dfc,https://timesofindia.indiatimes.com/life-style/health-fitness/health-news/st-louis-county-e-coli-outbreak-lettuce-tests-negative-investigation-continues/articleshow/115606666.cms,"Drinking unpasteurized beverages: This includes milk, cider or juice",outbreak has resulted in two serious illnesses,reported or repository-inferred association; not epidemiological proof of causation
cider,e coli,hospitalization,directly joined in the same article,1,1,1,0,0,0,0,0.85,0.85,0.85,1.368,milk-893e648483b23dfc,https://timesofindia.indiatimes.com/life-style/health-fitness/health-news/st-louis-county-e-coli-outbreak-lettuce-tests-negative-investigation-continues/articleshow/115606666.cms,"Drinking unpasteurized beverages: This includes milk, cider or juice",one patient currently hospitalized,reported or repository-inferred association; not epidemiological proof of causation
juice,e coli,serious illnesses,directly joined in the same article,1,1,1,0,0,0,0,0.85,0.85,0.85,1.368,milk-893e648483b23dfc,https://timesofindia.indiatimes.com/life-style/health-fitness/health-news/st-louis-county-e-coli-outbreak-lettuce-tests-negative-investigation-continues/articleshow/115606666.cms,"Drinking unpasteurized beverages: This includes milk, cider or juice",outbreak has resulted in two serious illnesses,reported or repository-inferred association; not epidemiological proof of causation
juice,e coli,hospitalization,directly joined in the same article,1,1,1,0,0,0,0,0.85,0.85,0.85,1.368,milk-893e648483b23dfc,https://timesofindia.indiatimes.com/life-style/health-fitness/health-news/st-louis-county-e-coli-outbreak-lettuce-tests-negative-investigation-continues/articleshow/115606666.cms,"Drinking unpasteurized beverages: This includes milk, cider or juice",one patient currently hospitalized,reported or repository-inferred association; not epidemiological proof of causation
Cheese,e coli,serious illnesses,directly joined in the same article,1,1,1,0,0,0,0,0.85,0.85,0.85,1.368,milk-893e648483b23dfc,https://timesofindia.indiatimes.com/life-style/health-fitness/health-news/st-louis-county-e-coli-outbreak-lettuce-tests-negative-investigation-continues/articleshow/115606666.cms,"foods made from them, like cheese",outbreak has resulted in two serious illnesses,reported or repository-inferred association; not epidemiological proof of causation
Cheese,e coli,hospitalization,directly joined in the same article,1,1,1,0,0,0,0,0.85,0.85,0.85,1.368,milk-893e648483b23dfc,https://timesofindia.indiatimes.com/life-style/health-fitness/health-news/st-louis-county-e-coli-outbreak-lettuce-tests-negative-investigation-continues/articleshow/115606666.cms,"foods made from them, like cheese",one patient currently hospitalized,reported or repository-inferred association; not epidemiological proof of causation
ice cream,e coli,serious illnesses,directly joined in the same article,1,1,1,0,0,0,0,0.85,0.85,0.85,1.368,milk-893e648483b23dfc,https://timesofindia.indiatimes.com/life-style/health-fitness/health-news/st-louis-county-e-coli-outbreak-lettuce-tests-negative-investigation-continues/articleshow/115606666.cms,"foods made from them, like cheese or ice cream",outbreak has resulted in two serious illnesses,reported or repository-inferred association; not epidemiological proof of causation
ice cream,e coli,hospitalization,directly joined in the same article,1,1,1,0,0,0,0,0.85,0.85,0.85,1.368,milk-893e648483b23dfc,https://timesofindia.indiatimes.com/life-style/health-fitness/health-news/st-louis-county-e-coli-outbreak-lettuce-tests-negative-investigation-continues/articleshow/115606666.cms,"foods made from them, like cheese or ice cream",one patient currently hospitalized,reported or repository-inferred association; not epidemiological proof of causation
spices,artificial dyes,long term health risks,directly joined in the same article,1,1,1,1,0,0,0,0.9,0.85,0.85,1.368,milk-a1ae27d81f0013a5,https://thelogicalindian.com/is-indias-food-watchdog-failing-us-inside-the-gaps-in-fssais-safety-net/,When spices are contaminated with artificial dyes,"When spices are contaminated with artificial dyes, long term health risks increase.",reported or repository-inferred association; not epidemiological proof of causation
processed food,adulterant,kidney harm,directly joined in the same article,1,1,1,1,0,0,0,0.85,0.85,0.85,1.368,milk-ae0fa0b757ba21df,https://timesofindia.indiatimes.com/city/delhi/whats-cooking-in-pantry-bite-into-adulterated-truth/articleshow/130488415.cms,around 10% of processed food samples tested contained adulterants,prolonged consumption of such food can harm organs like the kidneys,reported or repository-inferred association; not epidemiological proof of causation
turmeric,auramine,liver damage,directly joined in the same article,1,1,1,1,0,0,0,0.85,0.9,0.85,1.368,milk-bb864d8d03055611,https://www.thehindu.com/sci-tech/health/auramine-in-indian-food-why-a-banned-dye-keeps-returning-explained/article70313811.ece,reports of auramine contamination have surfaced in turmeric consignments,"linked its ingestion to a range of health risks, including liver and kidney damage",reported or repository-inferred association; not epidemiological proof of causation
turmeric,auramine,kidney damage,directly joined in the same article,1,1,1,1,0,0,0,0.85,0.9,0.85,1.368,milk-bb864d8d03055611,https://www.thehindu.com/sci-tech/health/auramine-in-indian-food-why-a-banned-dye-keeps-returning-explained/article70313811.ece,reports of auramine contamination have surfaced in turmeric consignments,"linked its ingestion to a range of health risks, including liver and kidney damage",reported or repository-inferred association; not epidemiological proof of causation
turmeric,auramine,enlargement of the spleen,directly joined in the same article,1,1,1,1,0,0,0,0.85,0.9,0.85,1.368,milk-bb864d8d03055611,https://www.thehindu.com/sci-tech/health/auramine-in-indian-food-why-a-banned-dye-keeps-returning-explained/article70313811.ece,reports of auramine contamination have surfaced in turmeric consignments,"including liver and kidney damage, enlargement of the spleen",reported or repository-inferred association; not epidemiological proof of causation
turmeric,auramine,mutagenic effects,directly joined in the same article,1,1,1,1,0,0,0,0.85,0.9,0.85,1.368,milk-bb864d8d03055611,https://www.thehindu.com/sci-tech/health/auramine-in-indian-food-why-a-banned-dye-keeps-returning-explained/article70313811.ece,reports of auramine contamination have surfaced in turmeric consignments,mutagenic effects that can alter genetic material,reported or repository-inferred association; not epidemiological proof of causation
turmeric,auramine,cancer/carcinogenicity,directly joined in the same article,1,1,1,1,0,0,0,0.85,0.875,0.85,1.368,milk-bb864d8d03055611,https://www.thehindu.com/sci-tech/health/auramine-in-indian-food-why-a-banned-dye-keeps-returning-explained/article70313811.ece,reports of auramine contamination have surfaced in turmeric consignments,potential carcinogenic outcomes,reported or repository-inferred association; not epidemiological proof of causation
turmeric,auramine,physiological degeneration,directly joined in the same article,1,1,1,0,0,0,0,0.85,0.85,0.85,1.368,milk-bb864d8d03055611,https://www.thehindu.com/sci-tech/health/auramine-in-indian-food-why-a-banned-dye-keeps-returning-explained/article70313811.ece,reports of auramine contamination have surfaced in turmeric consignments,long-term ingestion of non-permitted dyes including auramine -- has been linked to physiological degeneration,reported or repository-inferred association; not epidemiological proof of causation
turmeric,auramine,organ pathology,directly joined in the same article,1,1,1,0,0,0,0,0.85,0.85,0.85,1.368,milk-bb864d8d03055611,https://www.thehindu.com/sci-tech/health/auramine-in-indian-food-why-a-banned-dye-keeps-returning-explained/article70313811.ece,reports of auramine contamination have surfaced in turmeric consignments,"long-term ingestion of non-permitted dyes including auramine -- has been linked to physiological degeneration, organ pathology",reported or repository-inferred association; not epidemiological proof of causation
turmeric,auramine,genetic damage,directly joined in the same article,1,1,1,0,0,0,0,0.85,0.85,0.85,1.368,milk-bb864d8d03055611,https://www.thehindu.com/sci-tech/health/auramine-in-indian-food-why-a-banned-dye-keeps-returning-explained/article70313811.ece,reports of auramine contamination have surfaced in turmeric consignments,"long-term ingestion of non-permitted dyes including auramine -- has been linked to physiological degeneration, organ pathology, and genetic damage",reported or repository-inferred association; not epidemiological proof of causation
food,microplastics,respiratory dysfunction,directly joined in the same article,1,1,1,1,0,0,0,0.85,0.85,0.85,1.368,milk-bc86bdbbc888626c,https://timesofindia.indiatimes.com/life-style/health-fitness/health-news/longevity-enthusiast-bryan-johnson-got-rid-of-85-of-microplastics-from-his-semen-heres-how-he-did-it/articleshow/124928129.cms,ingested through contaminated food,"microplastics may be responsible for cancer, infertility, respiratory dysfunction",reported or repository-inferred association; not epidemiological proof of causation
chilli powder,harmful colouring agents,risk to health,directly joined in the same article,1,1,1,1,0,0,0,0.95,0.85,0.85,1.368,milk-c4c85c2d91f17593,https://timesofindia.indiatimes.com/city/noida/60-food-samples-collected-from-noida-last-months-fail-quality-test/articleshow/121007869.cms,chilli powder that contained harmful colouring agents,"harmful colouring agents, which could pose a risk to health",reported or repository-inferred association; not epidemiological proof of causation
dry fruits,artificial colours,rashes,directly joined in the same article,1,1,1,1,0,0,0,0.85,0.9,0.85,1.368,milk-d76c56c09e58067b,https://timesofindia.indiatimes.com/life-style/food-news/fake-mithai-alert-how-to-test-your-diwali-sweets-at-home-for-safety/articleshow/124693105.cms,artificially coloured,Artificial colours can trigger rashes,reported or repository-inferred association; not epidemiological proof of causation
dry fruits,artificial colours,hyperactivity,directly joined in the same article,1,1,1,1,0,0,0,0.85,0.9,0.85,1.368,milk-d76c56c09e58067b,https://timesofindia.indiatimes.com/life-style/food-news/fake-mithai-alert-how-to-test-your-diwali-sweets-at-home-for-safety/articleshow/124693105.cms,artificially coloured,"Artificial colours can trigger rashes, hyperactivity in children, and long-term health risks if consumed frequently.",reported or repository-inferred association; not epidemiological proof of causation
dry fruits,artificial colours,long term health risks,directly joined in the same article,1,1,1,1,0,0,0,0.85,0.85,0.85,1.368,milk-d76c56c09e58067b,https://timesofindia.indiatimes.com/life-style/food-news/fake-mithai-alert-how-to-test-your-diwali-sweets-at-home-for-safety/articleshow/124693105.cms,artificially coloured,long-term health risks if consumed frequently,reported or repository-inferred association; not epidemiological proof of causation
Milk,dioxin,bioaccumulation,directly joined in the same article,1,1,1,1,0,0,0,0.85,0.85,0.85,1.368,milk-e7de144114acb0ad,https://www.hindustantimes.com/lifestyle/art-culture/tradeoffs-your-burning-trash-has-much-in-common-with-the-vietnam-war-says-mridula-ramesh-101720189463893.html,into the milk; into your body,where it builds up,reported or repository-inferred association; not epidemiological proof of causation
Milk,dioxin,chronic inflammatory markers,directly joined in the same article,1,1,1,0,0,0,0,0.85,0.85,0.85,1.368,milk-e7de144114acb0ad,https://www.hindustantimes.com/lifestyle/art-culture/tradeoffs-your-burning-trash-has-much-in-common-with-the-vietnam-war-says-mridula-ramesh-101720189463893.html,into the milk; into your body,"elevated levels of chronic inflammatory markers in their body fluids, the quiet fingerprint of dioxin exposure",reported or repository-inferred association; not epidemiological proof of causation
rice,bacillus cereus,food poisoning,directly joined in the same article,1,1,1,1,0,0,0,0.85,0.9,0.85,1.368,milk-fd2049abe5c1c74f,https://timesofindia.indiatimes.com/life-style/health-fitness/health-news/gbs-outbreak-avoid-paneer-cheese-rice-warns-doctor-as-deadly-gbs-infection-crosses-100-one-death-reported/articleshow/117591421.cms,Cooked rice can contain Bacillus cereus,"Bacillus cereus, which can produce toxins leading to food poisoning",reported or repository-inferred association; not epidemiological proof of causation
spurious oils,diglyceride,injurious to health,directly joined in the same article,1,1,1,1,0,0,0,0.9,0.85,0.85,1.368,oil-0b4af50364482622,https://www.thehindubusinessline.com/economy/agri-business/sea-cautions-processors-on-spurious-edible-oil-by-mixing-glycerine-with-fatty-acids/article65730930.ece,Oils obtained by this process is not vegetable oil but synthetic one that is diglyceride in nature,such material is injurious to health,reported or repository-inferred association; not epidemiological proof of causation
edible oils,liquid paraffin,obesity,directly joined in the same article,1,1,1,1,0,0,0,0.95,0.85,0.85,1.368,oil-196049b8667d294d,https://www.thehindu.com/news/national/karnataka/desi-oil-mela-to-be-held-in-mysuru-from-january-9-to-11/article70485199.ece,adulteration of edible oils with substances like liquid paraffin,"adulteration of edible oils with substances like liquid paraffin... raised serious health concerns, including... obesity",reported or repository-inferred association; not epidemiological proof of causation
edible oils,cottonseed oil,cardiovascular disease,directly joined in the same article,1,1,1,1,0,0,0,0.85,0.85,0.85,1.368,oil-196049b8667d294d,https://www.thehindu.com/news/national/karnataka/desi-oil-mela-to-be-held-in-mysuru-from-january-9-to-11/article70485199.ece,adulteration of edible oils with substances like liquid paraffin and the mixing of cottonseed oil,"mixing of cottonseed oil have raised serious health concerns, including heart disease",reported or repository-inferred association; not epidemiological proof of causation
Mustard oil,argemone mexicana seed oil,epidemic dropsy,directly joined in the same article,1,1,1,1,0,0,0,0.85,0.95,0.85,1.368,oil-9087ba5d7aa31b77,https://www.hindustantimes.com/cities/chandigarh-news/3-dropsy-deaths-patiala-health-officials-launch-probe-101728500333054.html,samples of the mustard oil consumed by the family had been sent to a laboratory for tests,Epidemic dropsy is a clinical state resulting from the use of edible oils adulterated with Argemone mexicana seed oil.,reported or repository-inferred association; not epidemiological proof of causation
everest masala,ethylene oxide,lymphoma,directly joined in the same article,1,1,1,0,0,0,0,0.85,0.95,0.85,1.368,oil-b3f4745b17c73ffb,https://indianexpress.com/article/lifestyle/food-wine/indians-mustard-oil-spices-banned-us-west-why-9378439/,"Everest masala and MDH, popular spice brands, have also been under scrutiny these past few months. Following bans in EU, Singapore and Hong Kong, Nepal also recently joined the list by prohibiting the consumption and sale of these popular Indian brands due to potential contamination with ethylene oxide, a carcinogen.","Exposure to ethylene oxide has been associated with an increased risk of various cancers, including lymphoma",reported or repository-inferred association; not epidemiological proof of causation
mdh,ethylene oxide,lymphoma,directly joined in the same article,1,1,1,0,0,0,0,0.85,0.95,0.85,1.368,oil-b3f4745b17c73ffb,https://indianexpress.com/article/lifestyle/food-wine/indians-mustard-oil-spices-banned-us-west-why-9378439/,"Everest masala and MDH, popular spice brands, have also been under scrutiny these past few months. Following bans in EU, Singapore and Hong Kong, Nepal also recently joined the list by prohibiting the consumption and sale of these popular Indian brands due to potential contamination with ethylene oxide, a carcinogen.","Exposure to ethylene oxide has been associated with an increased risk of various cancers, including lymphoma",reported or repository-inferred association; not epidemiological proof of causation
edible oils,tri ortho cresyl phosphate,permanent paralysis,directly joined in the same article,1,1,1,1,0,0,0,0.9,0.85,0.85,1.368,oil-d276b566dce62194,https://timesofindia.indiatimes.com/etimes/wellness/this-toxic-adulterant-in-edible-oils-can-damage-your-nervous-system-heres-how-to-check-if-your-cooking-oil-is-safe/photostory/131653846.cms,has been found in edible oils in India,partial permanent paralysis at higher doses,reported or repository-inferred association; not epidemiological proof of causation
Edible/cooking oil,metanil yellow,reduced ability to learn and grasp things,directly joined in the same article,1,1,1,0,0,0,0,0.95,0.85,0.85,1.368,oil-d459f1714fedec70,https://timesofindia.indiatimes.com/life-style/food-news/is-your-cooking-oil-adulterated-with-dangerous-metanil-yellow-colour/photostory/86060302.cms,detect the use of a prohibited colour like metanil yellow in cooking oil,reduces the brain's ability to learn and grasp things,reported or repository-inferred association; not epidemiological proof of causation
Edible/cooking oil,metanil yellow,altered levels of serotonin dopamine and noradrenaline,directly joined in the same article,1,1,1,0,0,0,0,0.95,0.85,0.85,1.368,oil-d459f1714fedec70,https://timesofindia.indiatimes.com/life-style/food-news/is-your-cooking-oil-adulterated-with-dangerous-metanil-yellow-colour/photostory/86060302.cms,detect the use of a prohibited colour like metanil yellow in cooking oil,"link between long-term consumption of metanil yellow and the levels of serotonin, dopamine and noradrenaline",reported or repository-inferred association; not epidemiological proof of causation
Edible/cooking oil,metanil yellow,reduced brain ability to learn,directly joined in the same article,1,1,1,0,0,0,0,0.95,0.85,0.85,1.368,oil-d459f1714fedec70,https://timesofindia.indiatimes.com/life-style/food-news/is-your-cooking-oil-adulterated-with-dangerous-metanil-yellow-colour/photostory/86060302.cms,detect the use of a prohibited colour like metanil yellow in cooking oil,"there is a link between long-term consumption of metanil yellow and the levels of serotonin, dopamine and noradrenaline in parts of the brain. It reduces the brain's ability to learn and grasp things.",reported or repository-inferred association; not epidemiological proof of causation
Palm oil,total polar compounds,cardiovascular disease,directly joined in the same article,1,1,1,1,0,0,0,0.9,0.85,0.85,1.368,oil-fce8e94a4d2c92b5,https://www.freepressjournal.in/viral/mcdonalds-outlet-in-jaipur-under-scanner-after-food-safety-violations-found-during-surprise-check-40-liters-of-oil-40-kgs-rotten-tomatoes-destroyed,cooking oil used for frying food had crossed safe consumption limits,significantly raises the risk of heart disease,reported or repository-inferred association; not epidemiological proof of causation
cough syrup,ethylene glycol,mobility impairment,directly joined in the same article,2,1,1,0,1,0,0,0.85,0.75,0.75,1.3438,milk-6cf8b965d0dba773,https://indianexpress.com/article/world/when-children-take-toxic-cough-syrup-and-live-9080098/,detecting EG in the blood samples of patients,unable to walk,reported or repository-inferred association; not epidemiological proof of causation
cough syrup,diethylene glycol,mobility impairment,directly joined in the same article,2,1,1,0,1,0,0,0.85,0.75,0.75,1.3438,milk-6cf8b965d0dba773,https://indianexpress.com/article/world/when-children-take-toxic-cough-syrup-and-live-9080098/,broken the ethylene and diethylene glycol down,unable to walk,reported or repository-inferred association; not epidemiological proof of causation
juice,human waste,severe consequences for public health,directly joined in the same article,1,1,1,1,0,0,0,0.85,0.8,0.8,1.2876,3401730f-3850-4c7d-884f-dcdb1d086c42,https://www.freepressjournal.in/india/up-government-mandates-nameplates-at-food-shops-enforces-stricter-food-safety-regulations,"juice, lentils, and bread being contaminated with human waste",such malicious actions have severe consequences for public health,reported or repository-inferred association; not epidemiological proof of causation
lentils,human waste,severe consequences for public health,directly joined in the same article,1,1,1,1,0,0,0,0.9,0.8,0.8,1.2876,3401730f-3850-4c7d-884f-dcdb1d086c42,https://www.freepressjournal.in/india/up-government-mandates-nameplates-at-food-shops-enforces-stricter-food-safety-regulations,"food items such as juice, lentils, and bread being contaminated with human waste",such malicious actions have severe consequences for public health,reported or repository-inferred association; not epidemiological proof of causation
bread,human waste,severe consequences for public health,directly joined in the same article,1,1,1,1,0,0,0,0.9,0.8,0.8,1.2876,3401730f-3850-4c7d-884f-dcdb1d086c42,https://www.freepressjournal.in/india/up-government-mandates-nameplates-at-food-shops-enforces-stricter-food-safety-regulations,bread being contaminated with human waste,such malicious actions have severe consequences for public health,reported or repository-inferred association; not epidemiological proof of causation
vanaspati,trans fatty acids,pancreas damage,directly joined in the same article,1,1,1,1,0,0,0,0.9,0.8,0.8,1.2876,84b0a1fc-c258-4024-a387-a91e8d004707,https://indianexpress.com/article/lifestyle/health-specials/ghee-coconut-oil-mustard-oil-control-fat-diabetes-8081554/,"trans fatty acids, abundant in vegetable ghee (vanaspati","injurious to the heart, liver, pancreas",reported or repository-inferred association; not epidemiological proof of causation
Ghee,hazardous chemicals,detrimental effects on health,directly joined in the same article,1,1,1,1,0,0,0,0.85,0.8,0.8,1.2876,91aa9ca8-e7d7-4036-a22f-5c8c8e7fc2ce,https://timesofindia.indiatimes.com/city/jaipur/2-5k-litre-of-spurious-ghee-seized-in-pali/articleshow/107572083.cms,production of ghee mixed with hazardous chemicals,"hazardous chemicals, posing potential detrimental effects on health",reported or repository-inferred association; not epidemiological proof of causation
Ghee,toxic chemicals,health problems,directly joined in the same article,1,1,1,1,0,0,0,0.85,0.8,0.8,1.2876,944709d1-19c5-461e-a509-d35f5314cc8e,https://timesofindia.indiatimes.com/city/jaipur/spurious-ghee-racket-busted-in-city-1-arrested/articleshow/102689895.cms,fake ghee was being produced using toxic chemicals,toxic chemicals that could potentially result in health problems,reported or repository-inferred association; not epidemiological proof of causation
Ghee,lethal chemicals,adverse human health effects,directly joined in the same article,1,1,1,1,0,0,0,0.85,0.8,0.8,1.2876,b4b614f7-a43d-4e57-9766-25f7fef90d68,https://www.thehindu.com/news/national/andhra-pradesh/ghee-adulteration-issue-ttd-chairman-seeks-deeper-sit-probe-into-money-trail/article70570737.ece,"The ghee supplied during the previous tenure contained hazardous substances, including certain lethal chemicals",lethal chemicals that could adversely affect human health,reported or repository-inferred association; not epidemiological proof of causation
Milk,intoxicating substance,loss of consciousness,directly joined in the same article,1,1,1,1,0,0,0,0.85,0.8,0.8,1.2876,milk-547877196dfc1ef7,https://economictimes.indiatimes.com/news/new-updates/how-an-iitian-turned-guru-built-a-following-through-youtube-and-exploited-women-through-gandhava-marriages-in-mathura/articleshow/131475760.cms,"Mishra served her milk as ""prasad"" and claimed it contained an intoxicating substance",lost consciousness after consuming it,reported or repository-inferred association; not epidemiological proof of causation
organic dark chocolate,lead,health issues,directly joined in the same article,1,1,1,1,1,0,0,0.8,0.85,0.8,1.2876,milk-681b94301c4f1a61,https://indianexpress.com/article/lifestyle/health/scientists-keep-finding-heavy-metals-in-dark-chocolate-should-you-worry-9492306/,organic products were more likely to have higher concentrations,Both metals are considered toxic and have been associated with a range of health issues,reported or repository-inferred association; not epidemiological proof of causation
street food,carcinogenic compounds,cancer/carcinogenicity,directly joined in the same article,1,1,1,1,1,0,0,0.8,0.9,0.8,1.2876,milk-8525c631cb260a24,https://timesofindia.indiatimes.com/life-style/food-news/your-monsoon-cravings-for-chai-and-pakoda-could-be-cancer-traps-warns-a-specialist/articleshow/123502565.cms,"consumption of contaminated street food are common during the monsoon, and these can all release carcinogenic compounds",such habits contribute to higher cancer risk if not addressed,reported or repository-inferred association; not epidemiological proof of causation
fruits and vegetables,harmful chemicals,health hazards,directly joined in the same article,1,1,1,1,1,0,0,0.85,0.8,0.8,1.2876,milk-af1ce0c3ea9cfd70,https://www.sentinelassam.com/editorial/food-safety-enforcement-and-awareness-652715,harmful chemicals in artificially ripened fruits and vegetables,contaminated and adulterated food is posing health hazards to people,reported or repository-inferred association; not epidemiological proof of causation
fish,cadmium,serious health risks,directly joined in the same article,1,1,1,1,0,0,0,0.9,0.8,0.8,1.2876,milk-b993f201bb670e21,https://www.thehansindia.com/editors-desk/india-needs-to-grow-safe-food-curb-adulteration-879087,use dangerous elements like mercury and cadmium in fish,"cadmium, which is a toxic heavy metal, and poses serious health risks",reported or repository-inferred association; not epidemiological proof of causation
octopus,cadmium,serious health risks,directly joined in the same article,1,1,1,1,0,0,0,0.9,0.8,0.8,1.2876,milk-b993f201bb670e21,https://www.thehansindia.com/editors-desk/india-needs-to-grow-safe-food-curb-adulteration-879087,21 products including octopus and squid had cadmium,"cadmium, which is a toxic heavy metal, and poses serious health risks",reported or repository-inferred association; not epidemiological proof of causation
squid,cadmium,serious health risks,directly joined in the same article,1,1,1,1,0,0,0,0.9,0.8,0.8,1.2876,milk-b993f201bb670e21,https://www.thehansindia.com/editors-desk/india-needs-to-grow-safe-food-curb-adulteration-879087,21 products including octopus and squid had cadmium,"cadmium, which is a toxic heavy metal, and poses serious health risks",reported or repository-inferred association; not epidemiological proof of causation
saffron,auramine,liver damage,directly joined in the same article,1,1,1,1,0,0,0,0.8,0.9,0.8,1.2876,milk-bb864d8d03055611,https://www.thehindu.com/sci-tech/health/auramine-in-indian-food-why-a-banned-dye-keeps-returning-explained/article70313811.ece,"mimics saffron, turmeric, or permitted synthetic colours","linked its ingestion to a range of health risks, including liver and kidney damage",reported or repository-inferred association; not epidemiological proof of causation
saffron,auramine,kidney damage,directly joined in the same article,1,1,1,1,0,0,0,0.8,0.9,0.8,1.2876,milk-bb864d8d03055611,https://www.thehindu.com/sci-tech/health/auramine-in-indian-food-why-a-banned-dye-keeps-returning-explained/article70313811.ece,"mimics saffron, turmeric, or permitted synthetic colours","linked its ingestion to a range of health risks, including liver and kidney damage",reported or repository-inferred association; not epidemiological proof of causation
saffron,auramine,enlargement of the spleen,directly joined in the same article,1,1,1,1,0,0,0,0.8,0.9,0.8,1.2876,milk-bb864d8d03055611,https://www.thehindu.com/sci-tech/health/auramine-in-indian-food-why-a-banned-dye-keeps-returning-explained/article70313811.ece,"mimics saffron, turmeric, or permitted synthetic colours","including liver and kidney damage, enlargement of the spleen",reported or repository-inferred association; not epidemiological proof of causation
saffron,auramine,mutagenic effects,directly joined in the same article,1,1,1,1,0,0,0,0.8,0.9,0.8,1.2876,milk-bb864d8d03055611,https://www.thehindu.com/sci-tech/health/auramine-in-indian-food-why-a-banned-dye-keeps-returning-explained/article70313811.ece,"mimics saffron, turmeric, or permitted synthetic colours",mutagenic effects that can alter genetic material,reported or repository-inferred association; not epidemiological proof of causation
saffron,auramine,cancer/carcinogenicity,directly joined in the same article,1,1,1,1,0,0,0,0.8,0.875,0.8,1.2876,milk-bb864d8d03055611,https://www.thehindu.com/sci-tech/health/auramine-in-indian-food-why-a-banned-dye-keeps-returning-explained/article70313811.ece,"mimics saffron, turmeric, or permitted synthetic colours",potential carcinogenic outcomes,reported or repository-inferred association; not epidemiological proof of causation
saffron,auramine,physiological degeneration,directly joined in the same article,1,1,1,0,0,0,0,0.8,0.85,0.8,1.2876,milk-bb864d8d03055611,https://www.thehindu.com/sci-tech/health/auramine-in-indian-food-why-a-banned-dye-keeps-returning-explained/article70313811.ece,"mimics saffron, turmeric, or permitted synthetic colours",long-term ingestion of non-permitted dyes including auramine -- has been linked to physiological degeneration,reported or repository-inferred association; not epidemiological proof of causation
saffron,auramine,organ pathology,directly joined in the same article,1,1,1,0,0,0,0,0.8,0.85,0.8,1.2876,milk-bb864d8d03055611,https://www.thehindu.com/sci-tech/health/auramine-in-indian-food-why-a-banned-dye-keeps-returning-explained/article70313811.ece,"mimics saffron, turmeric, or permitted synthetic colours","long-term ingestion of non-permitted dyes including auramine -- has been linked to physiological degeneration, organ pathology",reported or repository-inferred association; not epidemiological proof of causation
saffron,auramine,genetic damage,directly joined in the same article,1,1,1,0,0,0,0,0.8,0.85,0.8,1.2876,milk-bb864d8d03055611,https://www.thehindu.com/sci-tech/health/auramine-in-indian-food-why-a-banned-dye-keeps-returning-explained/article70313811.ece,"mimics saffron, turmeric, or permitted synthetic colours","long-term ingestion of non-permitted dyes including auramine -- has been linked to physiological degeneration, organ pathology, and genetic damage",reported or repository-inferred association; not epidemiological proof of causation
fish,tcdd,chronic inflammation,directly joined in the same article,1,1,1,0,0,0,0,0.8,0.95,0.8,1.2876,milk-e7de144114acb0ad,https://www.hindustantimes.com/lifestyle/art-culture/tradeoffs-your-burning-trash-has-much-in-common-with-the-vietnam-war-says-mridula-ramesh-101720189463893.html,when a person eats a fish tainted with it,"TCDD keeps it switched on for a long time, leading to chronic inflammation",reported or repository-inferred association; not epidemiological proof of causation
fish,tcdd,cancer/carcinogenicity,directly joined in the same article,1,1,1,0,0,0,0,0.8,0.95,0.8,1.2876,milk-e7de144114acb0ad,https://www.hindustantimes.com/lifestyle/art-culture/tradeoffs-your-burning-trash-has-much-in-common-with-the-vietnam-war-says-mridula-ramesh-101720189463893.html,when a person eats a fish tainted with it,The World Health Organization classifies TCDD as a carcinogen,reported or repository-inferred association; not epidemiological proof of causation
fish,tcdd,bioaccumulation in fat,directly joined in the same article,1,1,1,1,0,0,0,0.8,0.85,0.8,1.2876,milk-e7de144114acb0ad,https://www.hindustantimes.com/lifestyle/art-culture/tradeoffs-your-burning-trash-has-much-in-common-with-the-vietnam-war-says-mridula-ramesh-101720189463893.html,when a person eats a fish tainted with it,Dioxins bioaccumulate in fat,reported or repository-inferred association; not epidemiological proof of causation
Palm oil,total polar compound,unsafe for human consumption,directly joined in the same article,1,1,1,1,0,0,0,0.9,0.8,0.8,1.2876,oil-3667d1bf7abe81ff,https://www.deccanchronicle.com/southern-states/telangana/hyderabad-food-safety-dept-seizes-unsafe-cooking-oil-from-burger-king-outlet-1827348,palm oil used for frying non-vegetarian items were found with Total Polar Compound (TPC) value beyond the permissible limit,having more than 25% of TPC is not safe for human consumption,reported or repository-inferred association; not epidemiological proof of causation
fresh meat,decayed or spoiled meat,threatens public health,directly joined in the same article,1,1,1,1,0,0,0,0.95,0.8,0.8,1.2876,oil-8c664dba9516ee5f,https://www.thehansindia.com/telangana/adulterated-food-threatens-public-health-in-gadwal-district-inspections-reduced-to-a-formality-966491,sale of decayed or spoiled meat as fresh meat,threatens public health,reported or repository-inferred association; not epidemiological proof of causation
ground spices,lead,serious health risks,directly joined in the same article,1,1,1,1,0,0,0,0.9,0.8,0.8,1.2876,oil-e3fbe637ba51632f,https://zeenews.india.com/health/10-common-foods-that-might-be-deceiving-you-2828611,"Ground spices can be mixed with sand, starch, or even toxic substances like lead",Adding hazardous substances such as lead can pose serious health risks,reported or repository-inferred association; not epidemiological proof of causation
citrus fruits,pesticide residue,long lasting adverse effects on health,directly joined in the same article,1,1,1,1,0,0,0,0.85,0.8,0.8,1.2876,oil-e3fbe637ba51632f,https://zeenews.india.com/health/10-common-foods-that-might-be-deceiving-you-2828611,Non-organic citrus can be sold as organic or contain harmful pesticide levels,Consuming pesticides and chemicals can have long-lasting adverse effects on health,reported or repository-inferred association; not epidemiological proof of causation
namkeen,caustic soda,harmful to human beings,directly joined in the same article,1,1,1,1,0,0,0,0.95,0.8,0.8,1.2876,oil-fb165c7fab322cd4,https://www.freepressjournal.in/indore/ujjain-400-kg-substandard-namkeen-seized,The unit was using caustic soda (Sodium Hydroxide) which is used in manufacturing of detergents,Suryavanshi said caustic soda is very harmful for human beings,reported or repository-inferred association; not epidemiological proof of causation
eggs,nitrofurans,cancer/carcinogenicity,directly joined in the same article,1,1,1,1,0,0,0,0.75,0.8,0.75,1.2071,bb333e84-0a99-4253-b624-c903c70e742a,https://timesofindia.indiatimes.com/life-style/food-news/poor-quality-eggs-being-sold-online-fssai-seeks-detailed-explanation-from-e-commerce-and-how-it-is-going-to-help-customers/articleshow/131148889.cms,concerns about possible traces of nitrofurans,potentially cancerâlinked substance,reported or repository-inferred association; not epidemiological proof of causation
biscuits,sodium benzoate,cancer/carcinogenicity,directly joined in the same article,1,1,1,1,1,0,0,0.8,0.75,0.75,1.2071,ea51c75b-4b85-48fb-bbb7-8fde23c110aa,https://www.thehansindia.com/telangana/hyderabad-turning-into-capital-of-adulterated-food-1063581,biscuits were prepared using rotten eggs and including chemicals - sodium benzoate,flagged as a potential carcinogenic ingredient,reported or repository-inferred association; not epidemiological proof of causation
biscuits,sorbic acid,cancer/carcinogenicity,directly joined in the same article,1,1,1,1,1,0,0,0.8,0.75,0.75,1.2071,ea51c75b-4b85-48fb-bbb7-8fde23c110aa,https://www.thehansindia.com/telangana/hyderabad-turning-into-capital-of-adulterated-food-1063581,and sorbic acid,flagged as a potential carcinogenic ingredient,reported or repository-inferred association; not epidemiological proof of causation
water,bacteria,stomach infection,directly joined in the same article,1,1,1,1,0,0,0,0.75,0.8,0.75,1.2071,milk-5ecfbb31b7b63b64,https://indianexpress.com/article/lifestyle/health/doctors-monsoon-ailments-gut-health-constipation-diet-fibre-7424203/,water used to prepare it may contain bacteria,Having chaat or juice from the streets can lead to a stomach infection as the water used to prepare it may contain bacteria.,reported or repository-inferred association; not epidemiological proof of causation
water,bacteria,diarrhoea,directly joined in the same article,1,1,1,1,0,0,0,0.75,0.8,0.75,1.2071,milk-5ecfbb31b7b63b64,https://indianexpress.com/article/lifestyle/health/doctors-monsoon-ailments-gut-health-constipation-diet-fibre-7424203/,water used to prepare it may contain bacteria,suffer from diarrhea,reported or repository-inferred association; not epidemiological proof of causation
syrup,ethylene glycol,mobility impairment,directly joined in the same article,1,1,1,0,1,0,0,0.95,0.75,0.75,1.2071,milk-6cf8b965d0dba773,https://indianexpress.com/article/world/when-children-take-toxic-cough-syrup-and-live-9080098/,syrups ... contained ethylene glycol,unable to walk,reported or repository-inferred association; not epidemiological proof of causation
syrup,diethylene glycol,mobility impairment,directly joined in the same article,1,1,1,0,1,0,0,0.9,0.75,0.75,1.2071,milk-6cf8b965d0dba773,https://indianexpress.com/article/world/when-children-take-toxic-cough-syrup-and-live-9080098/,"products ... contained dangerous levels of EG or a related toxin, diethylene glycol",unable to walk,reported or repository-inferred association; not epidemiological proof of causation
propylene glycol,ethylene glycol,mobility impairment,directly joined in the same article,1,1,1,0,1,0,0,0.9,0.75,0.75,1.2071,milk-6cf8b965d0dba773,https://indianexpress.com/article/world/when-children-take-toxic-cough-syrup-and-live-9080098/,drums containing EG...stated the drums held pharmaceutical grade propylene glycol,unable to walk,reported or repository-inferred association; not epidemiological proof of causation
pharmaceutical grade propylene glycol,ethylene glycol,mobility impairment,directly joined in the same article,1,1,1,0,1,0,0,0.95,0.75,0.75,1.2071,milk-6cf8b965d0dba773,https://indianexpress.com/article/world/when-children-take-toxic-cough-syrup-and-live-9080098/,labels stated the drums held pharmaceutical grade propylene glycol,unable to walk,reported or repository-inferred association; not epidemiological proof of causation
saffron,auramine,long term harm,directly joined in the same article,1,1,1,0,0,0,0,0.8,0.75,0.75,1.2071,milk-bb864d8d03055611,https://www.thehindu.com/sci-tech/health/auramine-in-indian-food-why-a-banned-dye-keeps-returning-explained/article70313811.ece,"mimics saffron, turmeric, or permitted synthetic colours",Children ... are at increased risk of long-term harm,reported or repository-inferred association; not epidemiological proof of causation
turmeric,auramine,long term harm,directly joined in the same article,1,1,1,1,0,0,0,0.85,0.75,0.75,1.2071,milk-bb864d8d03055611,https://www.thehindu.com/sci-tech/health/auramine-in-indian-food-why-a-banned-dye-keeps-returning-explained/article70313811.ece,"mimics saffron, turmeric, or permitted synthetic colours",Children ... are at increased risk of long-term harm,reported or repository-inferred association; not epidemiological proof of causation
locally prepared snacks,auramine,liver damage,directly joined in the same article,1,1,1,0,0,0,0,0.75,0.9,0.75,1.2071,milk-bb864d8d03055611,https://www.thehindu.com/sci-tech/health/auramine-in-indian-food-why-a-banned-dye-keeps-returning-explained/article70313811.ece,locally prepared snacks in India can sometimes increase exposure to products that may contain industrial dyes,"linked its ingestion to a range of health risks, including liver and kidney damage",reported or repository-inferred association; not epidemiological proof of causation
locally prepared snacks,auramine,kidney damage,directly joined in the same article,1,1,1,0,0,0,0,0.75,0.9,0.75,1.2071,milk-bb864d8d03055611,https://www.thehindu.com/sci-tech/health/auramine-in-indian-food-why-a-banned-dye-keeps-returning-explained/article70313811.ece,locally prepared snacks in India can sometimes increase exposure to products that may contain industrial dyes,"linked its ingestion to a range of health risks, including liver and kidney damage",reported or repository-inferred association; not epidemiological proof of causation
locally prepared snacks,auramine,enlargement of the spleen,directly joined in the same article,1,1,1,0,0,0,0,0.75,0.9,0.75,1.2071,milk-bb864d8d03055611,https://www.thehindu.com/sci-tech/health/auramine-in-indian-food-why-a-banned-dye-keeps-returning-explained/article70313811.ece,locally prepared snacks in India can sometimes increase exposure to products that may contain industrial dyes,"including liver and kidney damage, enlargement of the spleen",reported or repository-inferred association; not epidemiological proof of causation
locally prepared snacks,auramine,mutagenic effects,directly joined in the same article,1,1,1,0,0,0,0,0.75,0.9,0.75,1.2071,milk-bb864d8d03055611,https://www.thehindu.com/sci-tech/health/auramine-in-indian-food-why-a-banned-dye-keeps-returning-explained/article70313811.ece,locally prepared snacks in India can sometimes increase exposure to products that may contain industrial dyes,mutagenic effects that can alter genetic material,reported or repository-inferred association; not epidemiological proof of causation
locally prepared snacks,auramine,cancer/carcinogenicity,directly joined in the same article,1,1,1,0,0,0,0,0.75,0.875,0.75,1.2071,milk-bb864d8d03055611,https://www.thehindu.com/sci-tech/health/auramine-in-indian-food-why-a-banned-dye-keeps-returning-explained/article70313811.ece,locally prepared snacks in India can sometimes increase exposure to products that may contain industrial dyes,potential carcinogenic outcomes,reported or repository-inferred association; not epidemiological proof of causation
locally prepared snacks,auramine,physiological degeneration,directly joined in the same article,1,1,1,0,0,0,0,0.75,0.85,0.75,1.2071,milk-bb864d8d03055611,https://www.thehindu.com/sci-tech/health/auramine-in-indian-food-why-a-banned-dye-keeps-returning-explained/article70313811.ece,locally prepared snacks in India can sometimes increase exposure to products that may contain industrial dyes,long-term ingestion of non-permitted dyes including auramine -- has been linked to physiological degeneration,reported or repository-inferred association; not epidemiological proof of causation
locally prepared snacks,auramine,organ pathology,directly joined in the same article,1,1,1,0,0,0,0,0.75,0.85,0.75,1.2071,milk-bb864d8d03055611,https://www.thehindu.com/sci-tech/health/auramine-in-indian-food-why-a-banned-dye-keeps-returning-explained/article70313811.ece,locally prepared snacks in India can sometimes increase exposure to products that may contain industrial dyes,"long-term ingestion of non-permitted dyes including auramine -- has been linked to physiological degeneration, organ pathology",reported or repository-inferred association; not epidemiological proof of causation
locally prepared snacks,auramine,genetic damage,directly joined in the same article,1,1,1,0,0,0,0,0.75,0.85,0.75,1.2071,milk-bb864d8d03055611,https://www.thehindu.com/sci-tech/health/auramine-in-indian-food-why-a-banned-dye-keeps-returning-explained/article70313811.ece,locally prepared snacks in India can sometimes increase exposure to products that may contain industrial dyes,"long-term ingestion of non-permitted dyes including auramine -- has been linked to physiological degeneration, organ pathology, and genetic damage",reported or repository-inferred association; not epidemiological proof of causation
locally prepared snacks,auramine,long term harm,directly joined in the same article,1,1,1,1,0,0,0,0.75,0.75,0.75,1.2071,milk-bb864d8d03055611,https://www.thehindu.com/sci-tech/health/auramine-in-indian-food-why-a-banned-dye-keeps-returning-explained/article70313811.ece,locally prepared snacks in India can sometimes increase exposure to products that may contain industrial dyes,Children ... are at increased risk of long-term harm,reported or repository-inferred association; not epidemiological proof of causation
Milk,dioxin,deadly health effects,directly joined in the same article,1,1,1,0,0,0,0,0.85,0.75,0.75,1.2071,milk-e7de144114acb0ad,https://www.hindustantimes.com/lifestyle/art-culture/tradeoffs-your-burning-trash-has-much-in-common-with-the-vietnam-war-says-mridula-ramesh-101720189463893.html,into the milk; into your body,"The dioxin problem, while deadly",reported or repository-inferred association; not epidemiological proof of causation
feed,toxins,impacts on animal health,directly joined in the same article,1,1,1,1,0,0,0,0.85,0.75,0.75,1.2071,milk-e904678556b70508,https://www.sentinelassam.com/more-news/editorial/sustaining-assams-dairy-growth,over 90% of Indian feed samples are contaminated with toxins,highlighting impacts on animal health,reported or repository-inferred association; not epidemiological proof of causation
Paneer,sulfuric acid,severe health risks,directly joined in the same article,1,1,1,1,0,0,0,0.9,0.75,0.75,1.2071,oil-50e40c8b74e2a126,https://www.hindustantimes.com/cities/others/ahead-of-festive-season-adulterated-paneer-milk-and-oil-raise-alarms-for-food-safety-in-lucknow-101693406351671.html,"harmful additives like detergent, bicarbonate of soda, and sulfuric acid","harmful additives like detergent, bicarbonate of soda, and sulfuric acid, posing severe health risks",reported or repository-inferred association; not epidemiological proof of causation
Ghee,carrot extract,masking adulteration,directly joined in the same article,1,1,1,0,0,0,0,0.85,0.6,0.6,0.9657,411b1d1a-7b18-4425-90f0-da2c296625eb,https://timesofindia.indiatimes.com/etimes/wellness/study-reveals-fake-ghee-from-carrot-extract-can-pass-quality-tests-but-is-it-really-healthier-than-real-ghee/articleshow/131433320.cms,carrot extract can help fake ghee pass certain quality tests,natural masking agent can throw off even reliable checks,reported or repository-inferred association; not epidemiological proof of causation
Ghee,palm oil family,cardiovascular disease,repository-inferred from separate sources,100,1,0,0,2,0,0,0.9117,0.9,0.9,4.1625,,,,,reported or repository-inferred association; not epidemiological proof of causation
Ghee,palm oil family,increased cholesterol level,repository-inferred from separate sources,100,1,0,0,0,0,0,0.9117,0.9,0.9,4.1625,,,,,reported or repository-inferred association; not epidemiological proof of causation
Ghee,palm oil family,cancer/carcinogenicity,repository-inferred from separate sources,100,1,0,0,2,0,0,0.9117,0.85,0.85,3.9312,,,,,reported or repository-inferred association; not epidemiological proof of causation
Ghee,palm oil family,harmful for health,repository-inferred from separate sources,100,1,0,0,0,0,0,0.9117,0.8,0.8,3.7,,,,,reported or repository-inferred association; not epidemiological proof of causation
Ghee,vegetable oil/fat,adverse effects in humans,repository-inferred from separate sources,73,1,0,0,0,0,0,0.9042,0.85,0.85,3.6699,,,,,reported or repository-inferred association; not epidemiological proof of causation
Ghee,vegetable oil/fat,heart lesions,repository-inferred from separate sources,73,1,0,0,0,0,0,0.9042,0.85,0.85,3.6699,,,,,reported or repository-inferred association; not epidemiological proof of causation
Ghee,vegetable oil/fat,liver related issues,repository-inferred from separate sources,73,1,0,0,0,0,0,0.9042,0.85,0.85,3.6699,,,,,reported or repository-inferred association; not epidemiological proof of causation
Ghee,vegetable oil/fat,complications in growth and behavioral development,repository-inferred from separate sources,73,1,0,0,0,0,0,0.9042,0.85,0.85,3.6699,,,,,reported or repository-inferred association; not epidemiological proof of causation
Ghee,vegetable oil/fat,memory loss,repository-inferred from separate sources,73,1,0,0,0,0,0,0.9042,0.85,0.85,3.6699,,,,,reported or repository-inferred association; not epidemiological proof of causation
Ghee,vegetable oil/fat,neurological symptoms,repository-inferred from separate sources,73,1,0,0,0,0,0,0.9042,0.85,0.85,3.6699,,,,,reported or repository-inferred association; not epidemiological proof of causation
Ghee,vegetable oil/fat,nerve problems,repository-inferred from separate sources,73,1,0,0,0,0,0,0.9042,0.85,0.85,3.6699,,,,,reported or repository-inferred association; not epidemiological proof of causation
Ghee,palm oil family,health harm,repository-inferred from separate sources,100,1,0,0,0,0,0,0.9117,0.75,0.75,3.4687,,,,,reported or repository-inferred association; not epidemiological proof of causation
Ghee,vegetable oil/fat,headaches,repository-inferred from separate sources,73,1,0,0,0,0,0,0.9042,0.8,0.8,3.454,,,,,reported or repository-inferred association; not epidemiological proof of causation
Milk,urea,digestive system damage,repository-inferred from separate sources,42,1,0,0,0,0,0,0.9286,0.9,0.9,3.4058,,,,,reported or repository-inferred association; not epidemiological proof of causation
Milk,urea,kidney damage,repository-inferred from separate sources,42,2,0,0,4,0,0,0.9286,0.875,0.875,3.3308,,,,,reported or repository-inferred association; not epidemiological proof of causation
Milk,urea,liver damage,repository-inferred from separate sources,42,2,0,0,5,0,0,0.9286,0.875,0.875,3.3308,,,,,reported or repository-inferred association; not epidemiological proof of causation
Milk,urea,cancer/carcinogenicity,repository-inferred from separate sources,42,1,0,0,10,0,0,0.9286,0.85,0.85,3.2166,,,,,reported or repository-inferred association; not epidemiological proof of causation
Milk,urea,stomach pain,repository-inferred from separate sources,42,1,0,0,0,0,0,0.9286,0.85,0.85,3.2166,,,,,reported or repository-inferred association; not epidemiological proof of causation
Milk,urea,vomiting,repository-inferred from separate sources,42,1,0,0,4,0,0,0.9286,0.85,0.85,3.2166,,,,,reported or repository-inferred association; not epidemiological proof of causation
Milk,water,diarrhoea,repository-inferred from separate sources,26,4,0,0,1,0,0,0.9176,0.9125,0.9125,3.1335,,,,,reported or repository-inferred association; not epidemiological proof of causation
Milk,detergent,gastrointestinal illness,repository-inferred from separate sources,35,1,0,0,5,0,0,0.9231,0.85,0.85,3.0693,,,,,reported or repository-inferred association; not epidemiological proof of causation
Milk,water,jaundice,repository-inferred from separate sources,26,1,0,0,0,0,0,0.9176,0.95,0.9176,3.0578,,,,,reported or repository-inferred association; not epidemiological proof of causation
Milk,ethylene glycol,organ damage,repository-inferred from separate sources,34,1,0,0,2,0,0,0.9315,0.85,0.85,3.046,,,,,reported or repository-inferred association; not epidemiological proof of causation
Milk,ethylene glycol,toxicity,repository-inferred from separate sources,34,1,0,0,0,0,0,0.9315,0.85,0.85,3.046,,,,,reported or repository-inferred association; not epidemiological proof of causation
Milk,urea,kidney ailments,repository-inferred from separate sources,42,1,0,0,0,0,0,0.9286,0.8,0.8,3.0274,,,,,reported or repository-inferred association; not epidemiological proof of causation
Ghee,chemicals,death,repository-inferred from separate sources,33,1,0,0,0,0,0,0.8485,0.85,0.8485,3.0167,,,,,reported or repository-inferred association; not epidemiological proof of causation
Milk,water,gastrointestinal illness,repository-inferred from separate sources,26,1,0,0,4,0,0,0.9176,0.9,0.9,2.999,,,,,reported or repository-inferred association; not epidemiological proof of causation
Milk,water,typhoid fever,repository-inferred from separate sources,26,1,0,0,0,0,0,0.9176,0.9,0.9,2.999,,,,,reported or repository-inferred association; not epidemiological proof of causation
Milk,water,vomiting,repository-inferred from separate sources,26,1,0,0,1,0,0,0.9176,0.9,0.9,2.999,,,,,reported or repository-inferred association; not epidemiological proof of causation
Milk,water,sudden collapse,repository-inferred from separate sources,26,1,0,0,0,0,0,0.9176,0.9,0.9,2.999,,,,,reported or repository-inferred association; not epidemiological proof of causation
Milk,water,cardiac arrest,repository-inferred from separate sources,26,1,0,0,0,0,0,0.9176,0.9,0.9,2.999,,,,,reported or repository-inferred association; not epidemiological proof of causation
Milk,water,illness,repository-inferred from separate sources,26,1,0,0,0,0,0,0.9176,0.9,0.9,2.999,,,,,reported or repository-inferred association; not epidemiological proof of causation
dok 1 max syrup,ethylene glycol,renal failure,repository-inferred from separate sources,1,24,0,0,0,0,0,0.95,0.9177,0.9177,2.9901,,,,,reported or repository-inferred association; not epidemiological proof of causation
Curd/yoghurt,ethylene glycol,renal failure,repository-inferred from separate sources,1,24,0,0,0,0,0,0.9,0.9177,0.9,2.9323,,,,,reported or repository-inferred association; not epidemiological proof of causation
Milk,starch,allergic reaction,repository-inferred from separate sources,28,2,0,0,2,0,0,0.9317,0.85,0.85,2.9189,,,,,reported or repository-inferred association; not epidemiological proof of causation
Milk,starch,gastrointestinal illness,repository-inferred from separate sources,28,1,0,0,2,0,0,0.9317,0.85,0.85,2.891,,,,,reported or repository-inferred association; not epidemiological proof of causation
Milk,starch,digestive system disturbance,repository-inferred from separate sources,28,1,0,0,0,0,0,0.9317,0.85,0.85,2.891,,,,,reported or repository-inferred association; not epidemiological proof of causation
Milk,starch,stomach pain and loose motions,repository-inferred from separate sources,28,1,0,0,0,0,0,0.9317,0.85,0.85,2.891,,,,,reported or repository-inferred association; not epidemiological proof of causation
Milk,starch,nausea,repository-inferred from separate sources,28,1,0,0,1,0,0,0.9317,0.85,0.85,2.891,,,,,reported or repository-inferred association; not epidemiological proof of causation
Milk,detergent,serious health risks,repository-inferred from separate sources,35,1,0,0,1,0,0,0.9231,0.8,0.8,2.8887,,,,,reported or repository-inferred association; not epidemiological proof of causation
Milk,water,illness in infants,repository-inferred from separate sources,26,1,0,0,0,0,0,0.9176,0.85,0.85,2.8324,,,,,reported or repository-inferred association; not epidemiological proof of causation
Milk,water,skin diseases,repository-inferred from separate sources,26,1,0,0,0,0,0,0.9176,0.85,0.85,2.8324,,,,,reported or repository-inferred association; not epidemiological proof of causation
Milk,water,digestion issues,repository-inferred from separate sources,26,1,0,0,0,0,0,0.9176,0.85,0.85,2.8324,,,,,reported or repository-inferred association; not epidemiological proof of causation
medicinal syrups,ethylene glycol,renal failure,repository-inferred from separate sources,1,24,0,0,0,0,0,0.85,0.9177,0.85,2.7694,,,,,reported or repository-inferred association; not epidemiological proof of causation
Milk,ethylene glycol,mobility impairment,repository-inferred from separate sources,34,1,0,0,0,0,0,0.9315,0.75,0.75,2.6876,,,,,reported or repository-inferred association; not epidemiological proof of causation
Milk,water,health hazards for cattle,repository-inferred from separate sources,26,1,0,0,0,0,0,0.9176,0.8,0.8,2.6658,,,,,reported or repository-inferred association; not epidemiological proof of causation
Paneer,starch,allergic reaction,repository-inferred from separate sources,20,2,0,0,2,0,0,0.905,0.85,0.85,2.6652,,,,,reported or repository-inferred association; not epidemiological proof of causation
Paneer,starch,digestive system disturbance,repository-inferred from separate sources,20,1,0,0,0,0,0,0.905,0.85,0.85,2.6274,,,,,reported or repository-inferred association; not epidemiological proof of causation
Paneer,starch,stomach pain and loose motions,repository-inferred from separate sources,20,1,0,0,0,0,0,0.905,0.85,0.85,2.6274,,,,,reported or repository-inferred association; not epidemiological proof of causation
Paneer,starch,nausea,repository-inferred from separate sources,20,1,0,0,0,0,0,0.905,0.85,0.85,2.6274,,,,,reported or repository-inferred association; not epidemiological proof of causation
Paneer,palm oil family,cardiovascular disease,repository-inferred from separate sources,14,1,0,0,1,0,0,0.9,0.9,0.9,2.4953,,,,,reported or repository-inferred association; not epidemiological proof of causation
Paneer,palm oil family,increased cholesterol level,repository-inferred from separate sources,14,1,0,0,0,0,0,0.9,0.9,0.9,2.4953,,,,,reported or repository-inferred association; not epidemiological proof of causation
Ghee,adulterated ghee,health risks,repository-inferred from separate sources,16,1,0,0,0,0,0,0.8474,0.85,0.8474,2.4492,,,,,reported or repository-inferred association; not epidemiological proof of causation
Khoya/mawa,starch,gastrointestinal illness,repository-inferred from separate sources,15,1,0,0,3,0,0,0.9029,0.85,0.85,2.4082,,,,,reported or repository-inferred association; not epidemiological proof of causation
Khoya/mawa,starch,digestive system disturbance,repository-inferred from separate sources,15,1,0,0,0,0,0,0.9029,0.85,0.85,2.4082,,,,,reported or repository-inferred association; not epidemiological proof of causation
Ghee,unknown adulterant,renal failure,repository-inferred from separate sources,13,10,0,0,0,0,0,0.7429,0.865,0.7429,2.3608,,,,,reported or repository-inferred association; not epidemiological proof of causation
Paneer,palm oil family,cancer/carcinogenicity,repository-inferred from separate sources,14,1,0,0,1,0,0,0.9,0.85,0.85,2.3567,,,,,reported or repository-inferred association; not epidemiological proof of causation
syrup,ethylene glycol,multi-organ failure,repository-inferred from separate sources,1,10,0,0,0,0,0,0.95,0.9409,0.9409,2.3381,,,,,reported or repository-inferred association; not epidemiological proof of causation
pharmaceutical grade propylene glycol,ethylene glycol,multi-organ failure,repository-inferred from separate sources,1,10,0,0,0,0,0,0.95,0.9409,0.9409,2.3381,,,,,reported or repository-inferred association; not epidemiological proof of causation
dok 1 max syrup,ethylene glycol,multi-organ failure,repository-inferred from separate sources,1,10,0,0,0,0,0,0.95,0.9409,0.9409,2.3381,,,,,reported or repository-inferred association; not epidemiological proof of causation
Milk,palm oil family,cardiovascular disease,repository-inferred from separate sources,12,1,0,0,0,0,0,0.8812,0.9,0.8812,2.3257,,,,,reported or repository-inferred association; not epidemiological proof of causation
Milk,palm oil family,increased cholesterol level,repository-inferred from separate sources,12,1,0,0,0,0,0,0.8812,0.9,0.8812,2.3257,,,,,reported or repository-inferred association; not epidemiological proof of causation
Ghee,unknown adulterant,anuria,repository-inferred from separate sources,13,8,0,0,0,0,0,0.7429,0.8438,0.7429,2.2962,,,,,reported or repository-inferred association; not epidemiological proof of causation
Ghee,starch,allergic reaction,repository-inferred from separate sources,11,2,0,0,1,0,0,0.8708,0.85,0.85,2.2432,,,,,reported or repository-inferred association; not epidemiological proof of causation
Milk,palm oil family,cancer/carcinogenicity,repository-inferred from separate sources,12,1,0,0,1,0,0,0.8812,0.85,0.85,2.2432,,,,,reported or repository-inferred association; not epidemiological proof of causation
Sunflower oil,palm oil family,cardiovascular disease,repository-inferred from separate sources,10,1,0,0,0,0,0,0.9,0.9,0.9,2.2364,,,,,reported or repository-inferred association; not epidemiological proof of causation
Sunflower oil,palm oil family,increased cholesterol level,repository-inferred from separate sources,10,1,0,0,0,0,0,0.9,0.9,0.9,2.2364,,,,,reported or repository-inferred association; not epidemiological proof of causation
Curd/yoghurt,ethylene glycol,multi-organ failure,repository-inferred from separate sources,1,10,0,0,0,0,0,0.9,0.9409,0.9,2.2364,,,,,reported or repository-inferred association; not epidemiological proof of causation
propylene glycol,ethylene glycol,multi-organ failure,repository-inferred from separate sources,1,10,0,0,0,0,0,0.9,0.9409,0.9,2.2364,,,,,reported or repository-inferred association; not epidemiological proof of causation
Paneer,palm oil family,harmful for health,repository-inferred from separate sources,14,1,0,0,0,0,0,0.9,0.8,0.8,2.2181,,,,,reported or repository-inferred association; not epidemiological proof of causation
Curd/yoghurt,ethylene glycol,anuria,repository-inferred from separate sources,1,10,0,0,0,0,0,0.9,0.885,0.885,2.1991,,,,,reported or repository-inferred association; not epidemiological proof of causation
syrup,ethylene glycol,anuria,repository-inferred from separate sources,1,10,0,0,0,0,0,0.95,0.885,0.885,2.1991,,,,,reported or repository-inferred association; not epidemiological proof of causation
propylene glycol,ethylene glycol,anuria,repository-inferred from separate sources,1,10,0,0,0,0,0,0.9,0.885,0.885,2.1991,,,,,reported or repository-inferred association; not epidemiological proof of causation
pharmaceutical grade propylene glycol,ethylene glycol,anuria,repository-inferred from separate sources,1,10,0,0,0,0,0,0.95,0.885,0.885,2.1991,,,,,reported or repository-inferred association; not epidemiological proof of causation
dok 1 max syrup,ethylene glycol,anuria,repository-inferred from separate sources,1,10,0,0,0,0,0,0.95,0.885,0.885,2.1991,,,,,reported or repository-inferred association; not epidemiological proof of causation
Ghee,starch,gastrointestinal illness,repository-inferred from separate sources,11,1,0,0,1,0,0,0.8708,0.85,0.85,2.1802,,,,,reported or repository-inferred association; not epidemiological proof of causation
Ghee,starch,digestive system disturbance,repository-inferred from separate sources,11,1,0,0,0,0,0,0.8708,0.85,0.85,2.1802,,,,,reported or repository-inferred association; not epidemiological proof of causation
Ghee,starch,stomach pain and loose motions,repository-inferred from separate sources,11,1,0,0,0,0,0,0.8708,0.85,0.85,2.1802,,,,,reported or repository-inferred association; not epidemiological proof of causation
Ghee,starch,nausea,repository-inferred from separate sources,11,1,0,0,1,0,0,0.8708,0.85,0.85,2.1802,,,,,reported or repository-inferred association; not epidemiological proof of causation
cough syrup,ethylene glycol,multi-organ failure,repository-inferred from separate sources,2,10,0,0,0,0,0,0.85,0.9409,0.85,2.1802,,,,,reported or repository-inferred association; not epidemiological proof of causation
cough syrup,ethylene glycol,anuria,repository-inferred from separate sources,2,10,0,0,0,0,0,0.85,0.885,0.85,2.1802,,,,,reported or repository-inferred association; not epidemiological proof of causation
Paneer,detergent,stomach irritation,repository-inferred from separate sources,9,1,0,0,0,0,0,0.905,0.9,0.9,2.1581,,,,,reported or repository-inferred association; not epidemiological proof of causation
Paneer,detergent,vomiting,repository-inferred from separate sources,9,1,0,0,1,0,0,0.905,0.9,0.9,2.1581,,,,,reported or repository-inferred association; not epidemiological proof of causation
Paneer,detergent,diarrhoea,repository-inferred from separate sources,9,1,0,0,0,0,0,0.905,0.9,0.9,2.1581,,,,,reported or repository-inferred association; not epidemiological proof of causation
tea powder,unknown adulterant,renal failure,repository-inferred from separate sources,1,10,0,0,0,0,0,0.9,0.865,0.865,2.1494,,,,,reported or repository-inferred association; not epidemiological proof of causation
Mustard oil,argemone oil,glaucoma,repository-inferred from separate sources,8,1,0,0,0,0,0,0.9333,0.95,0.9333,2.1491,,,,,reported or repository-inferred association; not epidemiological proof of causation
Mustard oil,argemone oil,heart failure,repository-inferred from separate sources,8,1,0,0,0,0,0,0.9333,0.95,0.9333,2.1491,,,,,reported or repository-inferred association; not epidemiological proof of causation
Paneer,water,diarrhoea,repository-inferred from separate sources,6,4,0,0,0,0,0,0.8833,0.9125,0.8833,2.1181,,,,,reported or repository-inferred association; not epidemiological proof of causation
Milk,vegetable oil/fat,gastrointestinal illness,repository-inferred from separate sources,10,1,0,0,0,0,0,0.8923,0.85,0.85,2.1122,,,,,reported or repository-inferred association; not epidemiological proof of causation
Milk,vegetable oil/fat,cardiovascular problems,repository-inferred from separate sources,10,1,0,0,0,0,0,0.8923,0.85,0.85,2.1122,,,,,reported or repository-inferred association; not epidemiological proof of causation
Milk,vegetable oil/fat,adverse effects in humans,repository-inferred from separate sources,10,1,0,0,0,0,0,0.8923,0.85,0.85,2.1122,,,,,reported or repository-inferred association; not epidemiological proof of causation
Milk,vegetable oil/fat,heart lesions,repository-inferred from separate sources,10,1,0,0,0,0,0,0.8923,0.85,0.85,2.1122,,,,,reported or repository-inferred association; not epidemiological proof of causation
Milk,vegetable oil/fat,liver related issues,repository-inferred from separate sources,10,1,0,0,0,0,0,0.8923,0.85,0.85,2.1122,,,,,reported or repository-inferred association; not epidemiological proof of causation
Milk,vegetable oil/fat,complications in growth and behavioral development,repository-inferred from separate sources,10,1,0,0,0,0,0,0.8923,0.85,0.85,2.1122,,,,,reported or repository-inferred association; not epidemiological proof of causation
Milk,vegetable oil/fat,memory loss,repository-inferred from separate sources,10,1,0,0,0,0,0,0.8923,0.85,0.85,2.1122,,,,,reported or repository-inferred association; not epidemiological proof of causation
Milk,vegetable oil/fat,neurological symptoms,repository-inferred from separate sources,10,1,0,0,0,0,0,0.8923,0.85,0.85,2.1122,,,,,reported or repository-inferred association; not epidemiological proof of causation
Milk,vegetable oil/fat,nerve problems,repository-inferred from separate sources,10,1,0,0,0,0,0,0.8923,0.85,0.85,2.1122,,,,,reported or repository-inferred association; not epidemiological proof of causation
Ghee,refined oil,serious health risk,repository-inferred from separate sources,9,2,0,0,0,0,0,0.92,0.85,0.85,2.1122,,,,,reported or repository-inferred association; not epidemiological proof of causation
Sunflower oil,palm oil family,cancer/carcinogenicity,repository-inferred from separate sources,10,1,0,0,0,0,0,0.9,0.85,0.85,2.1122,,,,,reported or repository-inferred association; not epidemiological proof of causation
medicinal syrups,ethylene glycol,multi-organ failure,repository-inferred from separate sources,1,10,0,0,0,0,0,0.85,0.9409,0.85,2.1122,,,,,reported or repository-inferred association; not epidemiological proof of causation
medicinal syrups,ethylene glycol,anuria,repository-inferred from separate sources,1,10,0,0,0,0,0,0.85,0.885,0.85,2.1122,,,,,reported or repository-inferred association; not epidemiological proof of causation
Milk,palm oil family,harmful for health,repository-inferred from separate sources,12,1,0,0,0,0,0,0.8812,0.8,0.8,2.1112,,,,,reported or repository-inferred association; not epidemiological proof of causation
Ghee,unknown adulterant,gastrointestinal illness,repository-inferred from separate sources,13,3,0,0,0,0,0,0.7429,0.8833,0.7429,2.1047,,,,,reported or repository-inferred association; not epidemiological proof of causation
Paneer,unknown adulterant,renal failure,repository-inferred from separate sources,4,10,0,0,0,0,0,0.77,0.865,0.77,2.0852,,,,,reported or repository-inferred association; not epidemiological proof of causation
Paneer,palm oil family,health harm,repository-inferred from separate sources,14,1,0,0,0,0,0,0.9,0.75,0.75,2.0794,,,,,reported or repository-inferred association; not epidemiological proof of causation
Paneer,water,death,repository-inferred from separate sources,6,4,0,0,0,0,0,0.8833,0.8667,0.8667,2.0782,,,,,reported or repository-inferred association; not epidemiological proof of causation
Paneer,detergent,liver damage,repository-inferred from separate sources,9,1,0,0,2,0,0,0.905,0.85,0.85,2.0382,,,,,reported or repository-inferred association; not epidemiological proof of causation
Tirupati laddu,adulterated ghee,vomiting,repository-inferred from separate sources,9,1,0,0,0,0,0,0.8778,0.85,0.85,2.0382,,,,,reported or repository-inferred association; not epidemiological proof of causation
Tirupati laddu,adulterated ghee,health risks,repository-inferred from separate sources,9,1,0,0,0,0,0,0.8778,0.85,0.85,2.0382,,,,,reported or repository-inferred association; not epidemiological proof of causation
Paneer,vegetable oil/fat,gastrointestinal illness,repository-inferred from separate sources,9,1,0,0,2,0,0,0.8929,0.85,0.85,2.0382,,,,,reported or repository-inferred association; not epidemiological proof of causation
Paneer,vegetable oil/fat,cardiovascular problems,repository-inferred from separate sources,9,1,0,0,0,0,0,0.8929,0.85,0.85,2.0382,,,,,reported or repository-inferred association; not epidemiological proof of causation
Paneer,vegetable oil/fat,adverse effects in humans,repository-inferred from separate sources,9,1,0,0,0,0,0,0.8929,0.85,0.85,2.0382,,,,,reported or repository-inferred association; not epidemiological proof of causation
Paneer,vegetable oil/fat,heart lesions,repository-inferred from separate sources,9,1,0,0,0,0,0,0.8929,0.85,0.85,2.0382,,,,,reported or repository-inferred association; not epidemiological proof of causation
Paneer,vegetable oil/fat,liver related issues,repository-inferred from separate sources,9,1,0,0,0,0,0,0.8929,0.85,0.85,2.0382,,,,,reported or repository-inferred association; not epidemiological proof of causation
Paneer,vegetable oil/fat,complications in growth and behavioral development,repository-inferred from separate sources,9,1,0,0,0,0,0,0.8929,0.85,0.85,2.0382,,,,,reported or repository-inferred association; not epidemiological proof of causation
Paneer,vegetable oil/fat,memory loss,repository-inferred from separate sources,9,1,0,0,0,0,0,0.8929,0.85,0.85,2.0382,,,,,reported or repository-inferred association; not epidemiological proof of causation
Paneer,vegetable oil/fat,neurological symptoms,repository-inferred from separate sources,9,1,0,0,0,0,0,0.8929,0.85,0.85,2.0382,,,,,reported or repository-inferred association; not epidemiological proof of causation
Paneer,vegetable oil/fat,nerve problems,repository-inferred from separate sources,9,1,0,0,0,0,0,0.8929,0.85,0.85,2.0382,,,,,reported or repository-inferred association; not epidemiological proof of causation
Ghee,unknown adulterant,acute renal dysfunction,repository-inferred from separate sources,13,1,0,0,0,0,0,0.7429,0.8,0.7429,2.0117,,,,,reported or repository-inferred association; not epidemiological proof of causation
Ghee,unknown adulterant,death,repository-inferred from separate sources,13,1,0,0,0,0,0,0.7429,0.9,0.7429,2.0117,,,,,reported or repository-inferred association; not epidemiological proof of causation
Ghee,unknown adulterant,vomiting,repository-inferred from separate sources,13,1,0,0,0,0,0,0.7429,0.9,0.7429,2.0117,,,,,reported or repository-inferred association; not epidemiological proof of causation
Ghee,unknown adulterant,urination problems,repository-inferred from separate sources,13,1,0,0,0,0,0,0.7429,0.9,0.7429,2.0117,,,,,reported or repository-inferred association; not epidemiological proof of causation
vegetables,pesticide residue,food poisoning,repository-inferred from separate sources,6,3,0,0,0,0,0,0.9111,0.8667,0.8667,1.9956,,,,,reported or repository-inferred association; not epidemiological proof of causation
Milk,vegetable oil/fat,headaches,repository-inferred from separate sources,10,1,0,0,0,0,0,0.8923,0.8,0.8,1.9879,,,,,reported or repository-inferred association; not epidemiological proof of causation
Sunflower oil,palm oil family,harmful for health,repository-inferred from separate sources,10,1,0,0,0,0,0,0.9,0.8,0.8,1.9879,,,,,reported or repository-inferred association; not epidemiological proof of causation
Milk,palm oil family,health harm,repository-inferred from separate sources,12,1,0,0,0,0,0,0.8812,0.75,0.75,1.9793,,,,,reported or repository-inferred association; not epidemiological proof of causation
Paneer,unknown adulterant,anuria,repository-inferred from separate sources,4,8,0,0,0,0,0,0.77,0.8438,0.77,1.975,,,,,reported or repository-inferred association; not epidemiological proof of causation
Milk,formalin/formaldehyde,food poisoning,repository-inferred from separate sources,6,1,0,0,0,0,0,0.9417,0.95,0.9417,1.9581,,,,,reported or repository-inferred association; not epidemiological proof of causation
spice mix,ethylene oxide,cancer/carcinogenicity,repository-inferred from separate sources,1,7,0,0,1,0,0,0.95,0.8885,0.8885,1.9521,,,,,reported or repository-inferred association; not epidemiological proof of causation
tea powder,unknown adulterant,anuria,repository-inferred from separate sources,1,8,0,0,0,0,0,0.9,0.8438,0.8438,1.9428,,,,,reported or repository-inferred association; not epidemiological proof of causation
fresh vegetables,pesticide residue,cancer/carcinogenicity,repository-inferred from separate sources,2,6,0,0,0,0,0,0.95,0.8812,0.8812,1.9363,,,,,reported or repository-inferred association; not epidemiological proof of causation
edible oils,pesticide residue,cancer/carcinogenicity,repository-inferred from separate sources,2,6,0,0,0,0,0,0.9,0.8812,0.8812,1.9363,,,,,reported or repository-inferred association; not epidemiological proof of causation
Paneer,urea,renal failure,repository-inferred from separate sources,6,2,0,0,0,0,0,0.9143,0.875,0.875,1.9226,,,,,reported or repository-inferred association; not epidemiological proof of causation
fruits and vegetables,pesticide residue,cancer/carcinogenicity,repository-inferred from separate sources,2,6,0,0,0,0,0,0.875,0.8812,0.875,1.9226,,,,,reported or repository-inferred association; not epidemiological proof of causation
Paneer,detergent,serious health risks,repository-inferred from separate sources,9,1,0,0,0,0,0,0.905,0.8,0.8,1.9183,,,,,reported or repository-inferred association; not epidemiological proof of causation
Paneer,vegetable oil/fat,headaches,repository-inferred from separate sources,9,1,0,0,0,0,0,0.8929,0.8,0.8,1.9183,,,,,reported or repository-inferred association; not epidemiological proof of causation
Khoya/mawa,unknown adulterant,renal failure,repository-inferred from separate sources,3,10,0,0,0,0,0,0.7167,0.865,0.7167,1.8913,,,,,reported or repository-inferred association; not epidemiological proof of causation
Paneer,urea,stomach irritation,repository-inferred from separate sources,6,1,0,0,0,0,0,0.9143,0.9,0.9,1.8715,,,,,reported or repository-inferred association; not epidemiological proof of causation
Paneer,urea,multi-organ failure,repository-inferred from separate sources,6,1,0,0,0,0,0,0.9143,0.9,0.9,1.8715,,,,,reported or repository-inferred association; not epidemiological proof of causation
Paneer,urea,damage to the digestive system,repository-inferred from separate sources,6,1,0,0,0,0,0,0.9143,0.9,0.9,1.8715,,,,,reported or repository-inferred association; not epidemiological proof of causation
vegetables,pesticide residue,birth defects,repository-inferred from separate sources,6,1,0,0,0,0,0,0.9111,0.9,0.9,1.8715,,,,,reported or repository-inferred association; not epidemiological proof of causation
vegetables,pesticide residue,diabetes,repository-inferred from separate sources,6,1,0,0,0,0,0,0.9111,0.9,0.9,1.8715,,,,,reported or repository-inferred association; not epidemiological proof of causation
vegetables,pesticide residue,reproductive failure,repository-inferred from separate sources,6,1,0,0,0,0,0,0.9111,0.9,0.9,1.8715,,,,,reported or repository-inferred association; not epidemiological proof of causation
vegetables,pesticide residue,devastating health harms,repository-inferred from separate sources,6,1,0,0,0,0,0,0.9111,0.9,0.9,1.8715,,,,,reported or repository-inferred association; not epidemiological proof of causation
fruits,pesticide residue,birth defects,repository-inferred from separate sources,6,1,0,0,0,0,0,0.9,0.9,0.9,1.8715,,,,,reported or repository-inferred association; not epidemiological proof of causation
fruits,pesticide residue,diabetes,repository-inferred from separate sources,6,1,0,0,0,0,0,0.9,0.9,0.9,1.8715,,,,,reported or repository-inferred association; not epidemiological proof of causation
fruits,pesticide residue,reproductive failure,repository-inferred from separate sources,6,1,0,0,0,0,0,0.9,0.9,0.9,1.8715,,,,,reported or repository-inferred association; not epidemiological proof of causation
fruits,pesticide residue,devastating health harms,repository-inferred from separate sources,6,1,0,0,0,0,0,0.9,0.9,0.9,1.8715,,,,,reported or repository-inferred association; not epidemiological proof of causation
Paneer,urea,organ damage,repository-inferred from separate sources,6,2,0,0,1,0,0,0.9143,0.85,0.85,1.8676,,,,,reported or repository-inferred association; not epidemiological proof of causation
cough syrup,ethylene glycol,vomiting,repository-inferred from separate sources,2,6,0,0,0,0,0,0.85,0.8875,0.85,1.8676,,,,,reported or repository-inferred association; not epidemiological proof of causation
Sunflower oil,palm oil family,health harm,repository-inferred from separate sources,10,1,0,0,0,0,0,0.9,0.75,0.75,1.8637,,,,,reported or repository-inferred association; not epidemiological proof of causation
refined oil,unknown adulterant,renal failure,repository-inferred from separate sources,1,10,0,0,0,0,0,0.75,0.865,0.75,1.8637,,,,,reported or repository-inferred association; not epidemiological proof of causation
Curd/yoghurt,ethylene glycol,vomiting,repository-inferred from separate sources,1,6,0,0,0,0,0,0.9,0.8875,0.8875,1.8455,,,,,reported or repository-inferred association; not epidemiological proof of causation
syrup,ethylene glycol,vomiting,repository-inferred from separate sources,1,6,0,0,0,0,0,0.95,0.8875,0.8875,1.8455,,,,,reported or repository-inferred association; not epidemiological proof of causation
propylene glycol,ethylene glycol,vomiting,repository-inferred from separate sources,1,6,0,0,0,0,0,0.9,0.8875,0.8875,1.8455,,,,,reported or repository-inferred association; not epidemiological proof of causation
pharmaceutical grade propylene glycol,ethylene glycol,vomiting,repository-inferred from separate sources,1,6,0,0,0,0,0,0.95,0.8875,0.8875,1.8455,,,,,reported or repository-inferred association; not epidemiological proof of causation
dok 1 max syrup,ethylene glycol,vomiting,repository-inferred from separate sources,1,6,0,0,0,0,0,0.95,0.8875,0.8875,1.8455,,,,,reported or repository-inferred association; not epidemiological proof of causation
Milk,caustic soda,harmful to human beings,repository-inferred from separate sources,8,1,0,0,0,0,0,0.9312,0.8,0.8,1.8421,,,,,reported or repository-inferred association; not epidemiological proof of causation
Paneer,water,gastrointestinal illness,repository-inferred from separate sources,6,1,0,0,0,0,0,0.8833,0.9,0.8833,1.8368,,,,,reported or repository-inferred association; not epidemiological proof of causation
Paneer,water,typhoid fever,repository-inferred from separate sources,6,1,0,0,0,0,0,0.8833,0.9,0.8833,1.8368,,,,,reported or repository-inferred association; not epidemiological proof of causation
Paneer,water,vomiting,repository-inferred from separate sources,6,1,0,0,0,0,0,0.8833,0.9,0.8833,1.8368,,,,,reported or repository-inferred association; not epidemiological proof of causation
Paneer,water,sudden collapse,repository-inferred from separate sources,6,1,0,0,0,0,0,0.8833,0.9,0.8833,1.8368,,,,,reported or repository-inferred association; not epidemiological proof of causation
Paneer,water,cardiac arrest,repository-inferred from separate sources,6,1,0,0,0,0,0,0.8833,0.9,0.8833,1.8368,,,,,reported or repository-inferred association; not epidemiological proof of causation
Paneer,water,illness,repository-inferred from separate sources,6,1,0,0,0,0,0,0.8833,0.9,0.8833,1.8368,,,,,reported or repository-inferred association; not epidemiological proof of causation
Paneer,water,jaundice,repository-inferred from separate sources,6,1,0,0,0,0,0,0.8833,0.95,0.8833,1.8368,,,,,reported or repository-inferred association; not epidemiological proof of causation
chinese garlic,pesticide residue,cancer/carcinogenicity,repository-inferred from separate sources,1,6,0,0,1,0,0,0.9,0.8812,0.8812,1.8325,,,,,reported or repository-inferred association; not epidemiological proof of causation
Edible/cooking oil,pesticide residue,cancer/carcinogenicity,repository-inferred from separate sources,1,6,0,0,0,0,0,0.9,0.8812,0.8812,1.8325,,,,,reported or repository-inferred association; not epidemiological proof of causation
Ghee,adulterant,cancer/carcinogenicity,repository-inferred from separate sources,7,2,0,0,0,0,0,0.7929,0.9,0.7929,1.8256,,,,,reported or repository-inferred association; not epidemiological proof of causation
Ghee,adulterant,allergic reaction,repository-inferred from separate sources,7,2,0,0,0,0,0,0.7929,0.9,0.7929,1.8256,,,,,reported or repository-inferred association; not epidemiological proof of causation
Ghee,adulterant,organ damage,repository-inferred from separate sources,7,2,0,0,0,0,0,0.7929,0.9,0.7929,1.8256,,,,,reported or repository-inferred association; not epidemiological proof of causation
fish,formalin/formaldehyde,gastrointestinal toxicity,repository-inferred from separate sources,5,1,0,0,0,0,0,0.93,0.95,0.93,1.8097,,,,,reported or repository-inferred association; not epidemiological proof of causation
fish,formalin/formaldehyde,allergic reaction,repository-inferred from separate sources,5,1,0,0,0,0,0,0.93,0.95,0.93,1.8097,,,,,reported or repository-inferred association; not epidemiological proof of causation
fish,formalin/formaldehyde,respiratory problems,repository-inferred from separate sources,5,1,0,0,0,0,0,0.93,0.95,0.93,1.8097,,,,,reported or repository-inferred association; not epidemiological proof of causation
fish,formalin/formaldehyde,food poisoning,repository-inferred from separate sources,5,1,0,0,0,0,0,0.93,0.95,0.93,1.8097,,,,,reported or repository-inferred association; not epidemiological proof of causation
Edible/cooking oil,total polar compounds,cancer/carcinogenicity,repository-inferred from separate sources,3,4,0,0,0,0,0,0.875,0.8625,0.8625,1.7935,,,,,reported or repository-inferred association; not epidemiological proof of causation
Khoya/mawa,unknown adulterant,anuria,repository-inferred from separate sources,3,8,0,0,0,0,0,0.7167,0.8438,0.7167,1.7808,,,,,reported or repository-inferred association; not epidemiological proof of causation
Paneer,urea,gastrointestinal illness,repository-inferred from separate sources,6,1,0,0,1,0,0,0.9143,0.85,0.85,1.7675,,,,,reported or repository-inferred association; not epidemiological proof of causation
Paneer,urea,severe health risks,repository-inferred from separate sources,6,1,0,0,0,0,0,0.9143,0.85,0.85,1.7675,,,,,reported or repository-inferred association; not epidemiological proof of causation
Paneer,water,illness in infants,repository-inferred from separate sources,6,1,0,0,0,0,0,0.8833,0.85,0.85,1.7675,,,,,reported or repository-inferred association; not epidemiological proof of causation
Paneer,water,skin diseases,repository-inferred from separate sources,6,1,0,0,0,0,0,0.8833,0.85,0.85,1.7675,,,,,reported or repository-inferred association; not epidemiological proof of causation
Paneer,water,digestion issues,repository-inferred from separate sources,6,1,0,0,0,0,0,0.8833,0.85,0.85,1.7675,,,,,reported or repository-inferred association; not epidemiological proof of causation
Khoya/mawa,detergent,organ damage,repository-inferred from separate sources,4,3,0,0,1,0,0,0.89,0.85,0.85,1.7675,,,,,reported or repository-inferred association; not epidemiological proof of causation
vegetables,pesticide residue,toxic exposure,repository-inferred from separate sources,6,1,0,0,0,0,0,0.9111,0.85,0.85,1.7675,,,,,reported or repository-inferred association; not epidemiological proof of causation
vegetables,pesticide residue,health harms,repository-inferred from separate sources,6,1,0,0,0,0,0,0.9111,0.85,0.85,1.7675,,,,,reported or repository-inferred association; not epidemiological proof of causation
vegetables,pesticide residue,brain development impairment,repository-inferred from separate sources,6,1,0,0,0,0,0,0.9111,0.85,0.85,1.7675,,,,,reported or repository-inferred association; not epidemiological proof of causation
vegetables,pesticide residue,toxic food,repository-inferred from separate sources,6,1,0,0,0,0,0,0.9111,0.85,0.85,1.7675,,,,,reported or repository-inferred association; not epidemiological proof of causation
vegetables,pesticide residue,weakening our immune system,repository-inferred from separate sources,6,1,0,0,0,0,0,0.9111,0.85,0.85,1.7675,,,,,reported or repository-inferred association; not epidemiological proof of causation
ice cream,detergent,organ damage,repository-inferred from separate sources,4,3,0,0,0,0,0,0.95,0.85,0.85,1.7675,,,,,reported or repository-inferred association; not epidemiological proof of causation
cough syrup,ethylene glycol,death,repository-inferred from separate sources,2,5,0,0,1,0,0,0.85,0.8583,0.85,1.7675,,,,,reported or repository-inferred association; not epidemiological proof of causation
fruits,pesticide residue,toxic exposure,repository-inferred from separate sources,6,1,0,0,0,0,0,0.9,0.85,0.85,1.7675,,,,,reported or repository-inferred association; not epidemiological proof of causation
fruits,pesticide residue,health harms,repository-inferred from separate sources,6,1,0,0,0,0,0,0.9,0.85,0.85,1.7675,,,,,reported or repository-inferred association; not epidemiological proof of causation
fruits,pesticide residue,brain development impairment,repository-inferred from separate sources,6,1,0,0,0,0,0,0.9,0.85,0.85,1.7675,,,,,reported or repository-inferred association; not epidemiological proof of causation
fruits,pesticide residue,toxic food,repository-inferred from separate sources,6,1,0,0,0,0,0,0.9,0.85,0.85,1.7675,,,,,reported or repository-inferred association; not epidemiological proof of causation
fruits,pesticide residue,weakening our immune system,repository-inferred from separate sources,6,1,0,0,0,0,0,0.9,0.85,0.85,1.7675,,,,,reported or repository-inferred association; not epidemiological proof of causation
medicinal syrups,ethylene glycol,vomiting,repository-inferred from separate sources,1,6,0,0,0,0,0,0.85,0.8875,0.85,1.7675,,,,,reported or repository-inferred association; not epidemiological proof of causation
citrus fruits,pesticide residue,cancer/carcinogenicity,repository-inferred from separate sources,1,6,0,0,0,0,0,0.85,0.8812,0.85,1.7675,,,,,reported or repository-inferred association; not epidemiological proof of causation
Tirupati laddu,palm oil family,cardiovascular disease,repository-inferred from separate sources,5,1,0,0,0,0,0,0.9222,0.9,0.9,1.7513,,,,,reported or repository-inferred association; not epidemiological proof of causation
Tirupati laddu,palm oil family,increased cholesterol level,repository-inferred from separate sources,5,1,0,0,0,0,0,0.9222,0.9,0.9,1.7513,,,,,reported or repository-inferred association; not epidemiological proof of causation
Ghee,adulterant,mucus formation,repository-inferred from separate sources,7,1,0,0,0,0,0,0.7929,0.85,0.7929,1.7421,,,,,reported or repository-inferred association; not epidemiological proof of causation
Ghee,adulterant,kidney harm,repository-inferred from separate sources,7,1,0,0,0,0,0,0.7929,0.85,0.7929,1.7421,,,,,reported or repository-inferred association; not epidemiological proof of causation
Butter,unknown adulterant,renal failure,repository-inferred from separate sources,1,10,0,0,0,0,0,0.7,0.865,0.7,1.7394,,,,,reported or repository-inferred association; not epidemiological proof of causation
refined oil,unknown adulterant,anuria,repository-inferred from separate sources,1,8,0,0,0,0,0,0.75,0.8438,0.75,1.7269,,,,,reported or repository-inferred association; not epidemiological proof of causation
Paneer,harmful chemicals,cancer/carcinogenicity,repository-inferred from separate sources,3,3,0,0,1,0,0,0.8667,0.8667,0.8667,1.6865,,,,,reported or repository-inferred association; not epidemiological proof of causation
tea,pesticide residue,food poisoning,repository-inferred from separate sources,3,3,0,0,0,0,0,0.9,0.8667,0.8667,1.6865,,,,,reported or repository-inferred association; not epidemiological proof of causation
Curd/yoghurt,ethylene glycol,death,repository-inferred from separate sources,1,5,0,0,0,0,0,0.9,0.8583,0.8583,1.6702,,,,,reported or repository-inferred association; not epidemiological proof of causation
syrup,ethylene glycol,death,repository-inferred from separate sources,1,5,0,0,0,0,0,0.95,0.8583,0.8583,1.6702,,,,,reported or repository-inferred association; not epidemiological proof of causation
propylene glycol,ethylene glycol,death,repository-inferred from separate sources,1,5,0,0,0,0,0,0.9,0.8583,0.8583,1.6702,,,,,reported or repository-inferred association; not epidemiological proof of causation
pharmaceutical grade propylene glycol,ethylene glycol,death,repository-inferred from separate sources,1,5,0,0,0,0,0,0.95,0.8583,0.8583,1.6702,,,,,reported or repository-inferred association; not epidemiological proof of causation
dok 1 max syrup,ethylene glycol,death,repository-inferred from separate sources,1,5,0,0,0,0,0,0.95,0.8583,0.8583,1.6702,,,,,reported or repository-inferred association; not epidemiological proof of causation
Paneer,urea,kidney ailments,repository-inferred from separate sources,6,1,0,0,0,0,0,0.9143,0.8,0.8,1.6636,,,,,reported or repository-inferred association; not epidemiological proof of causation
Milk,formalin/formaldehyde,health hazards,repository-inferred from separate sources,6,1,0,0,0,0,0,0.9417,0.8,0.8,1.6636,,,,,reported or repository-inferred association; not epidemiological proof of causation
Paneer,water,health hazards for cattle,repository-inferred from separate sources,6,1,0,0,0,0,0,0.8833,0.8,0.8,1.6636,,,,,reported or repository-inferred association; not epidemiological proof of causation
vegetables,pesticide residue,hazards to human health,repository-inferred from separate sources,6,1,0,0,0,0,0,0.9111,0.8,0.8,1.6636,,,,,reported or repository-inferred association; not epidemiological proof of causation
vegetables,pesticide residue,long lasting adverse effects on health,repository-inferred from separate sources,6,1,0,0,0,0,0,0.9111,0.8,0.8,1.6636,,,,,reported or repository-inferred association; not epidemiological proof of causation
fruits,pesticide residue,hazards to human health,repository-inferred from separate sources,6,1,0,0,0,0,0,0.9,0.8,0.8,1.6636,,,,,reported or repository-inferred association; not epidemiological proof of causation
fruits,pesticide residue,long lasting adverse effects on health,repository-inferred from separate sources,6,1,0,0,0,0,0,0.9,0.8,0.8,1.6636,,,,,reported or repository-inferred association; not epidemiological proof of causation
Ghee,hydrogenated fats,heart risks,repository-inferred from separate sources,5,1,0,0,0,0,0,0.91,0.85,0.85,1.654,,,,,reported or repository-inferred association; not epidemiological proof of causation
Tirupati laddu,palm oil family,cancer/carcinogenicity,repository-inferred from separate sources,5,1,0,0,0,0,0,0.9222,0.85,0.85,1.654,,,,,reported or repository-inferred association; not epidemiological proof of causation
Milk,maltodextrin,harmful effects,repository-inferred from separate sources,5,1,0,0,0,0,0,0.91,0.85,0.85,1.654,,,,,reported or repository-inferred association; not epidemiological proof of causation
Milk,pesticide residue,hepatitis,repository-inferred from separate sources,4,2,0,0,0,0,0,0.8875,0.85,0.85,1.654,,,,,reported or repository-inferred association; not epidemiological proof of causation
Cheese,vegetable oil/fat,gastrointestinal illness,repository-inferred from separate sources,5,1,0,0,0,0,0,0.8944,0.85,0.85,1.654,,,,,reported or repository-inferred association; not epidemiological proof of causation
Cheese,vegetable oil/fat,cardiovascular problems,repository-inferred from separate sources,5,1,0,0,0,0,0,0.8944,0.85,0.85,1.654,,,,,reported or repository-inferred association; not epidemiological proof of causation
Cheese,vegetable oil/fat,adverse effects in humans,repository-inferred from separate sources,5,1,0,0,0,0,0,0.8944,0.85,0.85,1.654,,,,,reported or repository-inferred association; not epidemiological proof of causation
Cheese,vegetable oil/fat,heart lesions,repository-inferred from separate sources,5,1,0,0,0,0,0,0.8944,0.85,0.85,1.654,,,,,reported or repository-inferred association; not epidemiological proof of causation
Cheese,vegetable oil/fat,liver related issues,repository-inferred from separate sources,5,1,0,0,0,0,0,0.8944,0.85,0.85,1.654,,,,,reported or repository-inferred association; not epidemiological proof of causation
Cheese,vegetable oil/fat,complications in growth and behavioral development,repository-inferred from separate sources,5,1,0,0,0,0,0,0.8944,0.85,0.85,1.654,,,,,reported or repository-inferred association; not epidemiological proof of causation
Cheese,vegetable oil/fat,memory loss,repository-inferred from separate sources,5,1,0,0,0,0,0,0.8944,0.85,0.85,1.654,,,,,reported or repository-inferred association; not epidemiological proof of causation
Cheese,vegetable oil/fat,neurological symptoms,repository-inferred from separate sources,5,1,0,0,0,0,0,0.8944,0.85,0.85,1.654,,,,,reported or repository-inferred association; not epidemiological proof of causation
Cheese,vegetable oil/fat,nerve problems,repository-inferred from separate sources,5,1,0,0,0,0,0,0.8944,0.85,0.85,1.654,,,,,reported or repository-inferred association; not epidemiological proof of causation
cough syrup,ethylene glycol,urinary obstruction,repository-inferred from separate sources,2,4,0,0,0,0,0,0.85,0.9,0.85,1.654,,,,,reported or repository-inferred association; not epidemiological proof of causation
medicinal syrups,ethylene glycol,death,repository-inferred from separate sources,1,5,0,0,1,0,0,0.85,0.8583,0.85,1.654,,,,,reported or repository-inferred association; not epidemiological proof of causation
Mustard oil,palm oil family,increased cholesterol level,repository-inferred from separate sources,4,1,0,0,0,0,0,0.9,0.9,0.9,1.6126,,,,,reported or repository-inferred association; not epidemiological proof of causation
honey,water,diarrhoea,repository-inferred from separate sources,1,4,0,0,0,0,0,0.9,0.9125,0.9,1.6126,,,,,reported or repository-inferred association; not epidemiological proof of causation
Soybean oil,palm oil family,cardiovascular disease,repository-inferred from separate sources,4,1,0,0,0,0,0,0.94,0.9,0.9,1.6126,,,,,reported or repository-inferred association; not epidemiological proof of causation
Soybean oil,palm oil family,increased cholesterol level,repository-inferred from separate sources,4,1,0,0,0,0,0,0.94,0.9,0.9,1.6126,,,,,reported or repository-inferred association; not epidemiological proof of causation
Khoya/mawa,palm oil family,cardiovascular disease,repository-inferred from separate sources,4,1,0,0,0,0,0,0.925,0.9,0.9,1.6126,,,,,reported or repository-inferred association; not epidemiological proof of causation
ice cream,detergent,stomach irritation,repository-inferred from separate sources,4,1,0,0,0,0,0,0.95,0.9,0.9,1.6126,,,,,reported or repository-inferred association; not epidemiological proof of causation
ice cream,detergent,vomiting,repository-inferred from separate sources,4,1,0,0,0,0,0,0.95,0.9,0.9,1.6126,,,,,reported or repository-inferred association; not epidemiological proof of causation
ice cream,detergent,diarrhoea,repository-inferred from separate sources,4,1,0,0,0,0,0,0.95,0.9,0.9,1.6126,,,,,reported or repository-inferred association; not epidemiological proof of causation
ice cream,detergent,irritate the digestive tract,repository-inferred from separate sources,4,1,0,0,0,0,0,0.95,0.9,0.9,1.6126,,,,,reported or repository-inferred association; not epidemiological proof of causation
Curd/yoghurt,ethylene glycol,urinary obstruction,repository-inferred from separate sources,1,4,0,0,0,0,0,0.9,0.9,0.9,1.6126,,,,,reported or repository-inferred association; not epidemiological proof of causation
mangoes,calcium carbide,nausea,repository-inferred from separate sources,4,1,0,0,0,0,0,0.9,0.9,0.9,1.6126,,,,,reported or repository-inferred association; not epidemiological proof of causation
mangoes,calcium carbide,vomiting,repository-inferred from separate sources,4,1,0,0,0,0,0,0.9,0.9,0.9,1.6126,,,,,reported or repository-inferred association; not epidemiological proof of causation
mangoes,calcium carbide,gastrointestinal illness,repository-inferred from separate sources,4,1,0,0,0,0,0,0.9,0.9,0.9,1.6126,,,,,reported or repository-inferred association; not epidemiological proof of causation
mangoes,calcium carbide,diarrhoea,repository-inferred from separate sources,4,1,0,0,0,0,0,0.9,0.9,0.9,1.6126,,,,,reported or repository-inferred association; not epidemiological proof of causation
cool drinks,water,diarrhoea,repository-inferred from separate sources,1,4,0,0,0,0,0,0.9,0.9125,0.9,1.6126,,,,,reported or repository-inferred association; not epidemiological proof of causation
syrup,ethylene glycol,urinary obstruction,repository-inferred from separate sources,1,4,0,0,0,0,0,0.95,0.9,0.9,1.6126,,,,,reported or repository-inferred association; not epidemiological proof of causation
propylene glycol,ethylene glycol,urinary obstruction,repository-inferred from separate sources,1,4,0,0,0,0,0,0.9,0.9,0.9,1.6126,,,,,reported or repository-inferred association; not epidemiological proof of causation
pharmaceutical grade propylene glycol,ethylene glycol,urinary obstruction,repository-inferred from separate sources,1,4,0,0,0,0,0,0.95,0.9,0.9,1.6126,,,,,reported or repository-inferred association; not epidemiological proof of causation
dok 1 max syrup,ethylene glycol,urinary obstruction,repository-inferred from separate sources,1,4,0,0,0,0,0,0.95,0.9,0.9,1.6126,,,,,reported or repository-inferred association; not epidemiological proof of causation
Butter,unknown adulterant,anuria,repository-inferred from separate sources,1,8,0,0,0,0,0,0.7,0.8438,0.7,1.6118,,,,,reported or repository-inferred association; not epidemiological proof of causation
Paneer,unknown adulterant,gastrointestinal illness,repository-inferred from separate sources,4,3,0,0,0,0,0,0.77,0.8833,0.77,1.6012,,,,,reported or repository-inferred association; not epidemiological proof of causation
Khoya/mawa,detergent,stomach irritation,repository-inferred from separate sources,4,1,0,0,0,0,0,0.89,0.9,0.89,1.5947,,,,,reported or repository-inferred association; not epidemiological proof of causation
Khoya/mawa,detergent,vomiting,repository-inferred from separate sources,4,1,0,0,0,0,0,0.89,0.9,0.89,1.5947,,,,,reported or repository-inferred association; not epidemiological proof of causation
Khoya/mawa,detergent,diarrhoea,repository-inferred from separate sources,4,1,0,0,0,0,0,0.89,0.9,0.89,1.5947,,,,,reported or repository-inferred association; not epidemiological proof of causation
Khoya/mawa,detergent,irritate the digestive tract,repository-inferred from separate sources,4,1,0,0,0,0,0,0.89,0.9,0.89,1.5947,,,,,reported or repository-inferred association; not epidemiological proof of causation
Ghee,water,diarrhoea,repository-inferred from separate sources,3,4,0,0,0,0,0,0.7667,0.9125,0.7667,1.5942,,,,,reported or repository-inferred association; not epidemiological proof of causation
Ghee,water,death,repository-inferred from separate sources,3,4,0,0,0,0,0,0.7667,0.8667,0.7667,1.5942,,,,,reported or repository-inferred association; not epidemiological proof of causation
Milk,pesticide residue,birth defects,repository-inferred from separate sources,4,1,0,0,0,0,0,0.8875,0.9,0.8875,1.5902,,,,,reported or repository-inferred association; not epidemiological proof of causation
Milk,pesticide residue,diabetes,repository-inferred from separate sources,4,1,0,0,0,0,0,0.8875,0.9,0.8875,1.5902,,,,,reported or repository-inferred association; not epidemiological proof of causation
Milk,pesticide residue,reproductive failure,repository-inferred from separate sources,4,1,0,0,0,0,0,0.8875,0.9,0.8875,1.5902,,,,,reported or repository-inferred association; not epidemiological proof of causation
Milk,pesticide residue,devastating health harms,repository-inferred from separate sources,4,1,0,0,0,0,0,0.8875,0.9,0.8875,1.5902,,,,,reported or repository-inferred association; not epidemiological proof of causation
Ghee,adulterated substance,death,repository-inferred from separate sources,5,1,0,0,0,0,0,0.81,0.85,0.81,1.5762,,,,,reported or repository-inferred association; not epidemiological proof of causation
Ghee,urea,kidney damage,repository-inferred from separate sources,3,2,0,0,0,0,0,0.9,0.875,0.875,1.5678,,,,,reported or repository-inferred association; not epidemiological proof of causation
Ghee,urea,liver damage,repository-inferred from separate sources,3,2,0,0,0,0,0,0.9,0.875,0.875,1.5678,,,,,reported or repository-inferred association; not epidemiological proof of causation
Ghee,urea,renal failure,repository-inferred from separate sources,3,2,0,0,0,0,0,0.9,0.875,0.875,1.5678,,,,,reported or repository-inferred association; not epidemiological proof of causation
oil,total polar compounds,atherosclerosis,repository-inferred from separate sources,1,4,0,0,0,0,0,0.9,0.875,0.875,1.5678,,,,,reported or repository-inferred association; not epidemiological proof of causation
Palm oil,total polar compounds,atherosclerosis,repository-inferred from separate sources,1,4,0,0,0,0,0,0.9,0.875,0.875,1.5678,,,,,reported or repository-inferred association; not epidemiological proof of causation
Milk,formalin/formaldehyde,neurological damage,repository-inferred from separate sources,6,1,0,0,0,0,0,0.9417,0.75,0.75,1.5596,,,,,reported or repository-inferred association; not epidemiological proof of causation
vegetables,pesticide residue,cell damage,repository-inferred from separate sources,6,1,0,0,0,0,0,0.9111,0.75,0.75,1.5596,,,,,reported or repository-inferred association; not epidemiological proof of causation
vegetables,pesticide residue,disorders in the biological regulatory systems,repository-inferred from separate sources,6,1,0,0,0,0,0,0.9111,0.75,0.75,1.5596,,,,,reported or repository-inferred association; not epidemiological proof of causation
vegetables,pesticide residue,health consequences,repository-inferred from separate sources,6,1,0,0,0,0,0,0.9111,0.75,0.75,1.5596,,,,,reported or repository-inferred association; not epidemiological proof of causation
vegetables,pesticide residue,weakening immune system,repository-inferred from separate sources,6,1,0,0,0,0,0,0.9111,0.75,0.75,1.5596,,,,,reported or repository-inferred association; not epidemiological proof of causation
fruits,pesticide residue,cell damage,repository-inferred from separate sources,6,1,0,0,0,0,0,0.9,0.75,0.75,1.5596,,,,,reported or repository-inferred association; not epidemiological proof of causation
fruits,pesticide residue,disorders in the biological regulatory systems,repository-inferred from separate sources,6,1,0,0,0,0,0,0.9,0.75,0.75,1.5596,,,,,reported or repository-inferred association; not epidemiological proof of causation
fruits,pesticide residue,health consequences,repository-inferred from separate sources,6,1,0,0,0,0,0,0.9,0.75,0.75,1.5596,,,,,reported or repository-inferred association; not epidemiological proof of causation
fruits,pesticide residue,weakening immune system,repository-inferred from separate sources,6,1,0,0,0,0,0,0.9,0.75,0.75,1.5596,,,,,reported or repository-inferred association; not epidemiological proof of causation
Tirupati laddu,ghee,harmful for health,repository-inferred from separate sources,5,1,0,0,0,0,0,0.81,0.8,0.8,1.5567,,,,,reported or repository-inferred association; not epidemiological proof of causation
Ghee,hydrogenated fats,health issues,repository-inferred from separate sources,5,1,0,0,0,0,0,0.91,0.8,0.8,1.5567,,,,,reported or repository-inferred association; not epidemiological proof of causation
Tirupati laddu,palm oil family,harmful for health,repository-inferred from separate sources,5,1,0,0,0,0,0,0.9222,0.8,0.8,1.5567,,,,,reported or repository-inferred association; not epidemiological proof of causation
Cheese,vegetable oil/fat,headaches,repository-inferred from separate sources,5,1,0,0,0,0,0,0.8944,0.8,0.8,1.5567,,,,,reported or repository-inferred association; not epidemiological proof of causation
honey,water,death,repository-inferred from separate sources,1,4,0,0,0,0,0,0.9,0.8667,0.8667,1.5529,,,,,reported or repository-inferred association; not epidemiological proof of causation
protein powder,pesticide residue,food poisoning,repository-inferred from separate sources,2,3,0,0,0,0,0,0.9,0.8667,0.8667,1.5529,,,,,reported or repository-inferred association; not epidemiological proof of causation
fresh vegetables,pesticide residue,food poisoning,repository-inferred from separate sources,2,3,0,0,0,0,0,0.95,0.8667,0.8667,1.5529,,,,,reported or repository-inferred association; not epidemiological proof of causation
fruits and vegetables,pesticide residue,food poisoning,repository-inferred from separate sources,2,3,0,0,0,0,0,0.875,0.8667,0.8667,1.5529,,,,,reported or repository-inferred association; not epidemiological proof of causation
cool drinks,water,death,repository-inferred from separate sources,1,4,0,0,0,0,0,0.9,0.8667,0.8667,1.5529,,,,,reported or repository-inferred association; not epidemiological proof of causation
edible oils,pesticide residue,food poisoning,repository-inferred from separate sources,2,3,0,0,0,0,0,0.9,0.8667,0.8667,1.5529,,,,,reported or repository-inferred association; not epidemiological proof of causation
Coconut oil,palm oil family,cardiovascular disease,repository-inferred from separate sources,4,1,0,0,0,0,0,0.8667,0.9,0.8667,1.5529,,,,,reported or repository-inferred association; not epidemiological proof of causation
Coconut oil,palm oil family,increased cholesterol level,repository-inferred from separate sources,4,1,0,0,0,0,0,0.8667,0.9,0.8667,1.5529,,,,,reported or repository-inferred association; not epidemiological proof of causation
everest fish curry masala,ethylene oxide,lymphoma,repository-inferred from separate sources,3,1,0,0,0,0,0,0.95,0.95,0.95,1.529,,,,,reported or repository-inferred association; not epidemiological proof of causation
laddu prasadam,adulterated ghee,vomiting,repository-inferred from separate sources,4,1,0,0,0,0,0,0.875,0.85,0.85,1.523,,,,,reported or repository-inferred association; not epidemiological proof of causation
laddu prasadam,adulterated ghee,health risks,repository-inferred from separate sources,4,1,0,0,0,0,0,0.875,0.85,0.85,1.523,,,,,reported or repository-inferred association; not epidemiological proof of causation
Ghee,urea,organ damage,repository-inferred from separate sources,3,2,0,0,0,0,0,0.9,0.85,0.85,1.523,,,,,reported or repository-inferred association; not epidemiological proof of causation
Khoya/mawa,detergent,gastrointestinal illness,repository-inferred from separate sources,4,1,0,0,3,0,0,0.89,0.85,0.85,1.523,,,,,reported or repository-inferred association; not epidemiological proof of causation
Khoya/mawa,detergent,gastrointestinal discomfort,repository-inferred from separate sources,4,1,0,0,0,0,0,0.89,0.85,0.85,1.523,,,,,reported or repository-inferred association; not epidemiological proof of causation
Khoya/mawa,detergent,liver damage,repository-inferred from separate sources,4,1,0,0,0,0,0,0.89,0.85,0.85,1.523,,,,,reported or repository-inferred association; not epidemiological proof of causation
Milk,pesticide residue,toxic exposure,repository-inferred from separate sources,4,1,0,0,0,0,0,0.8875,0.85,0.85,1.523,,,,,reported or repository-inferred association; not epidemiological proof of causation
Milk,pesticide residue,health harms,repository-inferred from separate sources,4,1,0,0,0,0,0,0.8875,0.85,0.85,1.523,,,,,reported or repository-inferred association; not epidemiological proof of causation
Milk,pesticide residue,brain development impairment,repository-inferred from separate sources,4,1,0,0,0,0,0,0.8875,0.85,0.85,1.523,,,,,reported or repository-inferred association; not epidemiological proof of causation
Milk,pesticide residue,toxic food,repository-inferred from separate sources,4,1,0,0,0,0,0,0.8875,0.85,0.85,1.523,,,,,reported or repository-inferred association; not epidemiological proof of causation
Milk,pesticide residue,weakening our immune system,repository-inferred from separate sources,4,1,0,0,0,0,0,0.8875,0.85,0.85,1.523,,,,,reported or repository-inferred association; not epidemiological proof of causation
Soybean oil,palm oil family,cancer/carcinogenicity,repository-inferred from separate sources,4,1,0,0,0,0,0,0.94,0.85,0.85,1.523,,,,,reported or repository-inferred association; not epidemiological proof of causation
Khoya/mawa,palm oil family,cancer/carcinogenicity,repository-inferred from separate sources,4,1,0,0,0,0,0,0.925,0.85,0.85,1.523,,,,,reported or repository-inferred association; not epidemiological proof of causation
ice cream,detergent,gastrointestinal illness,repository-inferred from separate sources,4,1,0,0,0,0,0,0.95,0.85,0.85,1.523,,,,,reported or repository-inferred association; not epidemiological proof of causation
ice cream,detergent,gastrointestinal discomfort,repository-inferred from separate sources,4,1,0,0,0,0,0,0.95,0.85,0.85,1.523,,,,,reported or repository-inferred association; not epidemiological proof of causation
ice cream,detergent,kidney damage,repository-inferred from separate sources,4,1,0,0,0,0,0,0.95,0.85,0.85,1.523,,,,,reported or repository-inferred association; not epidemiological proof of causation
ice cream,detergent,liver damage,repository-inferred from separate sources,4,1,0,0,0,0,0,0.95,0.85,0.85,1.523,,,,,reported or repository-inferred association; not epidemiological proof of causation
mangoes,calcium carbide,neurological effects,repository-inferred from separate sources,4,1,0,0,0,0,0,0.9,0.85,0.85,1.523,,,,,reported or repository-inferred association; not epidemiological proof of causation
mangoes,calcium carbide,respiratory tract irritation,repository-inferred from separate sources,4,1,0,0,0,0,0,0.9,0.85,0.85,1.523,,,,,reported or repository-inferred association; not epidemiological proof of causation
mangoes,calcium carbide,rashes,repository-inferred from separate sources,4,1,0,0,0,0,0,0.9,0.85,0.85,1.523,,,,,reported or repository-inferred association; not epidemiological proof of causation
mangoes,calcium carbide,hazardous to health,repository-inferred from separate sources,4,1,0,0,0,0,0,0.9,0.85,0.85,1.523,,,,,reported or repository-inferred association; not epidemiological proof of causation
cough syrup,ethylene glycol,gastrointestinal illness,repository-inferred from separate sources,2,3,0,0,0,0,0,0.85,0.9167,0.85,1.523,,,,,reported or repository-inferred association; not epidemiological proof of causation
Milk,harmful chemicals,cancer/carcinogenicity,repository-inferred from separate sources,2,3,0,0,0,0,0,0.85,0.8667,0.85,1.523,,,,,reported or repository-inferred association; not epidemiological proof of causation
medicinal syrups,ethylene glycol,urinary obstruction,repository-inferred from separate sources,1,4,0,0,0,0,0,0.85,0.9,0.85,1.523,,,,,reported or repository-inferred association; not epidemiological proof of causation
pakoras,water,diarrhoea,repository-inferred from separate sources,1,4,0,0,0,0,0,0.85,0.9125,0.85,1.523,,,,,reported or repository-inferred association; not epidemiological proof of causation
pakoras,water,death,repository-inferred from separate sources,1,4,0,0,0,0,0,0.85,0.8667,0.85,1.523,,,,,reported or repository-inferred association; not epidemiological proof of causation
golgappas,water,diarrhoea,repository-inferred from separate sources,1,4,0,0,0,0,0,0.85,0.9125,0.85,1.523,,,,,reported or repository-inferred association; not epidemiological proof of causation
golgappas,water,death,repository-inferred from separate sources,1,4,0,0,0,0,0,0.85,0.8667,0.85,1.523,,,,,reported or repository-inferred association; not epidemiological proof of causation
Coconut oil,palm oil family,cancer/carcinogenicity,repository-inferred from separate sources,4,1,0,0,0,0,0,0.8667,0.85,0.85,1.523,,,,,reported or repository-inferred association; not epidemiological proof of causation
oil,total polar compounds,hypertension,repository-inferred from separate sources,1,4,0,0,0,0,0,0.9,0.8375,0.8375,1.5006,,,,,reported or repository-inferred association; not epidemiological proof of causation
Palm oil,total polar compounds,hypertension,repository-inferred from separate sources,1,4,0,0,0,0,0,0.9,0.8375,0.8375,1.5006,,,,,reported or repository-inferred association; not epidemiological proof of causation
Khoya/mawa,refined oil,serious health risk,repository-inferred from separate sources,3,2,0,0,0,0,0,0.8333,0.85,0.8333,1.4931,,,,,reported or repository-inferred association; not epidemiological proof of causation
syrup,ethylene glycol,gastrointestinal illness,repository-inferred from separate sources,1,3,0,0,0,0,0,0.95,0.9167,0.9167,1.4753,,,,,reported or repository-inferred association; not epidemiological proof of causation
pharmaceutical grade propylene glycol,ethylene glycol,gastrointestinal illness,repository-inferred from separate sources,1,3,0,0,0,0,0,0.95,0.9167,0.9167,1.4753,,,,,reported or repository-inferred association; not epidemiological proof of causation
eggs,e coli,diarrhoea,repository-inferred from separate sources,1,3,0,0,0,0,0,0.95,0.9167,0.9167,1.4753,,,,,reported or repository-inferred association; not epidemiological proof of causation
dok 1 max syrup,ethylene glycol,gastrointestinal illness,repository-inferred from separate sources,1,3,0,0,0,0,0,0.95,0.9167,0.9167,1.4753,,,,,reported or repository-inferred association; not epidemiological proof of causation
onions,e coli,diarrhoea,repository-inferred from separate sources,1,3,0,0,0,0,0,0.95,0.9167,0.9167,1.4753,,,,,reported or repository-inferred association; not epidemiological proof of causation
Tirupati laddu,palm oil family,health harm,repository-inferred from separate sources,5,1,0,0,0,0,0,0.9222,0.75,0.75,1.4594,,,,,reported or repository-inferred association; not epidemiological proof of causation
fish,formalin/formaldehyde,neurological damage,repository-inferred from separate sources,5,1,0,0,0,0,0,0.93,0.75,0.75,1.4594,,,,,reported or repository-inferred association; not epidemiological proof of causation
Milk,adulterated milk,death,repository-inferred from separate sources,1,5,0,0,0,0,0,0.75,0.8833,0.75,1.4594,,,,,reported or repository-inferred association; not epidemiological proof of causation
Ghee,adulterants,cancer/carcinogenicity,repository-inferred from separate sources,3,1,0,0,0,0,0,0.9333,0.9,0.9,1.4485,,,,,reported or repository-inferred association; not epidemiological proof of causation
Ghee,adulterants,allergic reaction,repository-inferred from separate sources,3,1,0,0,0,0,0,0.9333,0.9,0.9,1.4485,,,,,reported or repository-inferred association; not epidemiological proof of causation
Ghee,adulterants,organ damage,repository-inferred from separate sources,3,1,0,0,0,0,0,0.9333,0.9,0.9,1.4485,,,,,reported or repository-inferred association; not epidemiological proof of causation
Ghee,urea,stomach irritation,repository-inferred from separate sources,3,1,0,0,0,0,0,0.9,0.9,0.9,1.4485,,,,,reported or repository-inferred association; not epidemiological proof of causation
Ghee,urea,multi-organ failure,repository-inferred from separate sources,3,1,0,0,0,0,0,0.9,0.9,0.9,1.4485,,,,,reported or repository-inferred association; not epidemiological proof of causation
Ghee,urea,digestive system damage,repository-inferred from separate sources,3,1,0,0,0,0,0,0.9,0.9,0.9,1.4485,,,,,reported or repository-inferred association; not epidemiological proof of causation
Ghee,urea,damage to the digestive system,repository-inferred from separate sources,3,1,0,0,0,0,0,0.9,0.9,0.9,1.4485,,,,,reported or repository-inferred association; not epidemiological proof of causation
honey,sugar,obesity,repository-inferred from separate sources,3,1,0,0,0,0,0,0.9,0.9,0.9,1.4485,,,,,reported or repository-inferred association; not epidemiological proof of causation
Curd/yoghurt,ethylene glycol,gastrointestinal illness,repository-inferred from separate sources,1,3,0,0,0,0,0,0.9,0.9167,0.9,1.4485,,,,,reported or repository-inferred association; not epidemiological proof of causation
propylene glycol,ethylene glycol,gastrointestinal illness,repository-inferred from separate sources,1,3,0,0,0,0,0,0.9,0.9167,0.9,1.4485,,,,,reported or repository-inferred association; not epidemiological proof of causation
Milk,oxytocin,dizziness,repository-inferred from separate sources,2,2,0,0,0,0,0,0.9,0.9,0.9,1.4485,,,,,reported or repository-inferred association; not epidemiological proof of causation
Milk,oxytocin,headaches,repository-inferred from separate sources,2,2,0,0,0,0,0,0.9,0.9,0.9,1.4485,,,,,reported or repository-inferred association; not epidemiological proof of causation
Milk,oxytocin,heart failure,repository-inferred from separate sources,2,2,0,0,0,0,0,0.9,0.9,0.9,1.4485,,,,,reported or repository-inferred association; not epidemiological proof of causation
Milk,oxytocin,infertility,repository-inferred from separate sources,2,2,0,0,0,0,0,0.9,0.9,0.9,1.4485,,,,,reported or repository-inferred association; not epidemiological proof of causation
turmeric,metanil yellow,nausea,repository-inferred from separate sources,3,1,0,0,0,0,0,0.95,0.9,0.9,1.4485,,,,,reported or repository-inferred association; not epidemiological proof of causation
turmeric,metanil yellow,stomach disorders,repository-inferred from separate sources,3,1,0,0,0,0,0,0.95,0.9,0.9,1.4485,,,,,reported or repository-inferred association; not epidemiological proof of causation
turmeric,metanil yellow,food poisoning,repository-inferred from separate sources,3,1,0,0,0,0,0,0.95,0.9,0.9,1.4485,,,,,reported or repository-inferred association; not epidemiological proof of causation
eggs,salmonella,salmonellosis,repository-inferred from separate sources,2,2,0,0,0,0,0,0.9,0.95,0.9,1.4485,,,,,reported or repository-inferred association; not epidemiological proof of causation
undercooked beef,e coli,diarrhoea,repository-inferred from separate sources,1,3,0,0,0,0,0,0.9,0.9167,0.9,1.4485,,,,,reported or repository-inferred association; not epidemiological proof of causation
tea,pesticide residue,birth defects,repository-inferred from separate sources,3,1,0,0,0,0,0,0.9,0.9,0.9,1.4485,,,,,reported or repository-inferred association; not epidemiological proof of causation
tea,pesticide residue,diabetes,repository-inferred from separate sources,3,1,0,0,0,0,0,0.9,0.9,0.9,1.4485,,,,,reported or repository-inferred association; not epidemiological proof of causation
tea,pesticide residue,reproductive failure,repository-inferred from separate sources,3,1,0,0,0,0,0,0.9,0.9,0.9,1.4485,,,,,reported or repository-inferred association; not epidemiological proof of causation
tea,pesticide residue,devastating health harms,repository-inferred from separate sources,3,1,0,0,0,0,0,0.9,0.9,0.9,1.4485,,,,,reported or repository-inferred association; not epidemiological proof of causation
edible oils,heavy metals,kidney damage,repository-inferred from separate sources,2,2,0,0,0,0,0,0.9,0.925,0.9,1.4485,,,,,reported or repository-inferred association; not epidemiological proof of causation
sweets,synthetic colours,stomach infections,repository-inferred from separate sources,4,1,0,0,0,0,0,0.9,0.8,0.8,1.4334,,,,,reported or repository-inferred association; not epidemiological proof of causation
sweets,synthetic colours,skin infections,repository-inferred from separate sources,4,1,0,0,0,0,0,0.9,0.8,0.8,1.4334,,,,,reported or repository-inferred association; not epidemiological proof of causation
Milk,pesticide residue,hazards to human health,repository-inferred from separate sources,4,1,0,0,0,0,0,0.8875,0.8,0.8,1.4334,,,,,reported or repository-inferred association; not epidemiological proof of causation
Milk,pesticide residue,health issues,repository-inferred from separate sources,4,1,0,0,0,0,0,0.8875,0.8,0.8,1.4334,,,,,reported or repository-inferred association; not epidemiological proof of causation
Milk,pesticide residue,long lasting adverse effects on health,repository-inferred from separate sources,4,1,0,0,0,0,0,0.8875,0.8,0.8,1.4334,,,,,reported or repository-inferred association; not epidemiological proof of causation
Soybean oil,palm oil family,harmful for health,repository-inferred from separate sources,4,1,0,0,0,0,0,0.94,0.8,0.8,1.4334,,,,,reported or repository-inferred association; not epidemiological proof of causation
Khoya/mawa,palm oil family,harmful for health,repository-inferred from separate sources,4,1,0,0,0,0,0,0.925,0.8,0.8,1.4334,,,,,reported or repository-inferred association; not epidemiological proof of causation
ice cream,detergent,serious health risks,repository-inferred from separate sources,4,1,0,0,0,0,0,0.95,0.8,0.8,1.4334,,,,,reported or repository-inferred association; not epidemiological proof of causation
mangoes,calcium carbide,cancer/carcinogenicity,repository-inferred from separate sources,4,1,0,0,1,0,0,0.9,0.8,0.8,1.4334,,,,,reported or repository-inferred association; not epidemiological proof of causation
mangoes,calcium carbide,hormonal imbalances,repository-inferred from separate sources,4,1,0,0,0,0,0,0.9,0.8,0.8,1.4334,,,,,reported or repository-inferred association; not epidemiological proof of causation
Coconut oil,palm oil family,harmful for health,repository-inferred from separate sources,4,1,0,0,0,0,0,0.8667,0.8,0.8,1.4334,,,,,reported or repository-inferred association; not epidemiological proof of causation
tea powder,unknown adulterant,gastrointestinal illness,repository-inferred from separate sources,1,3,0,0,0,0,0,0.9,0.8833,0.8833,1.4217,,,,,reported or repository-inferred association; not epidemiological proof of causation
Milk,bacteria,food poisoning,repository-inferred from separate sources,2,2,0,0,0,0,0,0.875,0.9,0.875,1.4083,,,,,reported or repository-inferred association; not epidemiological proof of causation
Edible/cooking oil,total polar compounds,healtheffect_tpc_injury,repository-inferred from separate sources,3,1,0,0,0,0,0,0.875,0.9,0.875,1.4083,,,,,reported or repository-inferred association; not epidemiological proof of causation
Edible/cooking oil,total polar compounds,liver ailments,repository-inferred from separate sources,3,1,0,0,0,0,0,0.875,0.9,0.875,1.4083,,,,,reported or repository-inferred association; not epidemiological proof of causation
Milk,adulterant,cancer/carcinogenicity,repository-inferred from separate sources,3,2,0,0,0,0,0,0.7833,0.9,0.7833,1.4035,,,,,reported or repository-inferred association; not epidemiological proof of causation
Milk,adulterant,allergic reaction,repository-inferred from separate sources,3,2,0,0,0,0,0,0.7833,0.9,0.7833,1.4035,,,,,reported or repository-inferred association; not epidemiological proof of causation
Milk,adulterant,organ damage,repository-inferred from separate sources,3,2,0,0,0,0,0,0.7833,0.9,0.7833,1.4035,,,,,reported or repository-inferred association; not epidemiological proof of causation
Ghee,preservatives,ca colon,repository-inferred from separate sources,3,2,0,0,0,0,0,0.7833,0.85,0.7833,1.4035,,,,,reported or repository-inferred association; not epidemiological proof of causation
Ghee,preservatives,cardiovascular disease,repository-inferred from separate sources,3,2,0,0,0,0,0,0.7833,0.9,0.7833,1.4035,,,,,reported or repository-inferred association; not epidemiological proof of causation
Paneer,harmful chemicals,cardiac troubles,repository-inferred from separate sources,3,1,0,0,0,0,0,0.8667,0.9,0.8667,1.3948,,,,,reported or repository-inferred association; not epidemiological proof of causation
Paneer,harmful chemicals,respiratory troubles,repository-inferred from separate sources,3,1,0,0,0,0,0,0.8667,0.9,0.8667,1.3948,,,,,reported or repository-inferred association; not epidemiological proof of causation
chinese garlic,pesticide residue,food poisoning,repository-inferred from separate sources,1,3,0,0,0,0,0,0.9,0.8667,0.8667,1.3948,,,,,reported or repository-inferred association; not epidemiological proof of causation
oil,total polar compounds,alzheimer s,repository-inferred from separate sources,1,3,0,0,0,0,0,0.9,0.8667,0.8667,1.3948,,,,,reported or repository-inferred association; not epidemiological proof of causation
tap water,harmful chemicals,cancer/carcinogenicity,repository-inferred from separate sources,1,3,0,0,1,0,0,0.9,0.8667,0.8667,1.3948,,,,,reported or repository-inferred association; not epidemiological proof of causation
edible oils,heavy metals,cancer/carcinogenicity,repository-inferred from separate sources,2,2,0,0,0,0,0,0.9,0.8667,0.8667,1.3948,,,,,reported or repository-inferred association; not epidemiological proof of causation
Edible/cooking oil,pesticide residue,food poisoning,repository-inferred from separate sources,1,3,0,0,0,0,0,0.9,0.8667,0.8667,1.3948,,,,,reported or repository-inferred association; not epidemiological proof of causation
Palm oil,total polar compounds,alzheimer s,repository-inferred from separate sources,1,3,0,0,0,0,0,0.9,0.8667,0.8667,1.3948,,,,,reported or repository-inferred association; not epidemiological proof of causation
Khoya/mawa,unknown adulterant,gastrointestinal illness,repository-inferred from separate sources,3,3,0,0,0,0,0,0.7167,0.8833,0.7167,1.3946,,,,,reported or repository-inferred association; not epidemiological proof of causation
Paneer,unknown adulterant,acute renal dysfunction,repository-inferred from separate sources,4,1,0,0,0,0,0,0.77,0.8,0.77,1.3797,,,,,reported or repository-inferred association; not epidemiological proof of causation
Paneer,unknown adulterant,death,repository-inferred from separate sources,4,1,0,0,0,0,0,0.77,0.9,0.77,1.3797,,,,,reported or repository-inferred association; not epidemiological proof of causation
Paneer,unknown adulterant,vomiting,repository-inferred from separate sources,4,1,0,0,0,0,0,0.77,0.9,0.77,1.3797,,,,,reported or repository-inferred association; not epidemiological proof of causation
Paneer,unknown adulterant,urination problems,repository-inferred from separate sources,4,1,0,0,0,0,0,0.77,0.9,0.77,1.3797,,,,,reported or repository-inferred association; not epidemiological proof of causation
Paneer,harmful chemicals,cancerous changes,repository-inferred from separate sources,3,1,0,0,0,0,0,0.8667,0.85,0.85,1.368,,,,,reported or repository-inferred association; not epidemiological proof of causation
Paneer,harmful chemicals,serious health problems,repository-inferred from separate sources,3,1,0,0,0,0,0,0.8667,0.85,0.85,1.368,,,,,reported or repository-inferred association; not epidemiological proof of causation
Paneer,harmful chemicals,food poisoning,repository-inferred from separate sources,3,1,0,0,0,0,0,0.8667,0.85,0.85,1.368,,,,,reported or repository-inferred association; not epidemiological proof of causation
Paneer,harmful chemicals,gastrointestinal illness,repository-inferred from separate sources,3,1,0,0,1,0,0,0.8667,0.85,0.85,1.368,,,,,reported or repository-inferred association; not epidemiological proof of causation
laddu,adulterated ghee,vomiting,repository-inferred from separate sources,3,1,0,0,0,0,0,0.95,0.85,0.85,1.368,,,,,reported or repository-inferred association; not epidemiological proof of causation
laddu,adulterated ghee,health risks,repository-inferred from separate sources,3,1,0,0,0,0,0,0.95,0.85,0.85,1.368,,,,,reported or repository-inferred association; not epidemiological proof of causation
Ghee,chemical additives,allergic reaction,repository-inferred from separate sources,2,2,0,0,0,0,0,0.9,0.85,0.85,1.368,,,,,reported or repository-inferred association; not epidemiological proof of causation
Ghee,adulterants,kidney harm,repository-inferred from separate sources,3,1,0,0,0,0,0,0.9333,0.85,0.85,1.368,,,,,reported or repository-inferred association; not epidemiological proof of causation
Ghee,adulterants,liver harm,repository-inferred from separate sources,3,1,0,0,0,0,0,0.9333,0.85,0.85,1.368,,,,,reported or repository-inferred association; not epidemiological proof of causation
khowa,starch,allergic reaction,repository-inferred from separate sources,2,2,0,0,0,0,0,0.95,0.85,0.85,1.368,,,,,reported or repository-inferred association; not epidemiological proof of causation
Ghee,cottonseed oil,cardiovascular disease,repository-inferred from separate sources,3,1,0,0,0,0,0,0.8667,0.85,0.85,1.368,,,,,reported or repository-inferred association; not epidemiological proof of causation
Ghee,urea,cancer/carcinogenicity,repository-inferred from separate sources,3,1,0,0,0,0,0,0.9,0.85,0.85,1.368,,,,,reported or repository-inferred association; not epidemiological proof of causation
Ghee,urea,stomach pain,repository-inferred from separate sources,3,1,0,0,0,0,0,0.9,0.85,0.85,1.368,,,,,reported or repository-inferred association; not epidemiological proof of causation
Ghee,urea,vomiting,repository-inferred from separate sources,3,1,0,0,0,0,0,0.9,0.85,0.85,1.368,,,,,reported or repository-inferred association; not epidemiological proof of causation
Ghee,urea,gastrointestinal illness,repository-inferred from separate sources,3,1,0,0,0,0,0,0.9,0.85,0.85,1.368,,,,,reported or repository-inferred association; not epidemiological proof of causation
Ghee,urea,severe health risks,repository-inferred from separate sources,3,1,0,0,0,0,0,0.9,0.85,0.85,1.368,,,,,reported or repository-inferred association; not epidemiological proof of causation
Butter,starch,allergic reaction,repository-inferred from separate sources,2,2,0,0,0,0,0,0.875,0.85,0.85,1.368,,,,,reported or repository-inferred association; not epidemiological proof of causation
Ghee,detergent,organ damage,repository-inferred from separate sources,1,3,0,0,0,0,0,0.9,0.85,0.85,1.368,,,,,reported or repository-inferred association; not epidemiological proof of causation
osmania biscuits,harmful chemicals,cancer/carcinogenicity,repository-inferred from separate sources,1,3,0,0,0,0,0,0.85,0.8667,0.85,1.368,,,,,reported or repository-inferred association; not epidemiological proof of causation
fish,mercury,harm to vital organs,repository-inferred from separate sources,3,1,0,0,0,0,0,0.9,0.85,0.85,1.368,,,,,reported or repository-inferred association; not epidemiological proof of causation
Paneer,milk powder,poison,repository-inferred from separate sources,3,1,0,0,0,0,0,0.8667,0.85,0.85,1.368,,,,,reported or repository-inferred association; not epidemiological proof of causation
Paneer,milk powder,harmful to health,repository-inferred from separate sources,3,1,0,0,0,0,0,0.8667,0.85,0.85,1.368,,,,,reported or repository-inferred association; not epidemiological proof of causation
mithai,detergent,organ damage,repository-inferred from separate sources,1,3,0,0,0,0,0,0.85,0.85,0.85,1.368,,,,,reported or repository-inferred association; not epidemiological proof of causation
vegetables,oxytocin,health risk to young children,repository-inferred from separate sources,3,1,0,0,0,0,0,0.94,0.85,0.85,1.368,,,,,reported or repository-inferred association; not epidemiological proof of causation
vegetables,oxytocin,renal failure,repository-inferred from separate sources,3,1,0,0,0,0,0,0.94,0.85,0.85,1.368,,,,,reported or repository-inferred association; not epidemiological proof of causation
vegetables,oxytocin,excessive blood loss,repository-inferred from separate sources,3,1,0,0,0,0,0,0.94,0.85,0.85,1.368,,,,,reported or repository-inferred association; not epidemiological proof of causation
vegetables,oxytocin,serious harm to consumers,repository-inferred from separate sources,3,1,0,0,0,0,0,0.94,0.85,0.85,1.368,,,,,reported or repository-inferred association; not epidemiological proof of causation
watermelon,e coli,diarrhoea,repository-inferred from separate sources,1,3,0,0,0,0,0,0.85,0.9167,0.85,1.368,,,,,reported or repository-inferred association; not epidemiological proof of causation
protein powder,pesticide residue,hepatitis,repository-inferred from separate sources,2,2,0,0,0,0,0,0.9,0.85,0.85,1.368,,,,,reported or repository-inferred association; not epidemiological proof of causation
Curd/yoghurt,detergent,organ damage,repository-inferred from separate sources,1,3,0,0,0,0,0,0.9,0.85,0.85,1.368,,,,,reported or repository-inferred association; not epidemiological proof of causation
sweets,detergent,organ damage,repository-inferred from separate sources,1,3,0,0,0,0,0,0.9,0.85,0.85,1.368,,,,,reported or repository-inferred association; not epidemiological proof of causation
fresh vegetables,pesticide residue,hepatitis,repository-inferred from separate sources,2,2,0,0,0,0,0,0.95,0.85,0.85,1.368,,,,,reported or repository-inferred association; not epidemiological proof of causation
fruits and vegetables,pesticide residue,hepatitis,repository-inferred from separate sources,2,2,0,0,0,0,0,0.875,0.85,0.85,1.368,,,,,reported or repository-inferred association; not epidemiological proof of causation
cough syrup,ethylene glycol,kidney related ailments,repository-inferred from separate sources,2,2,0,0,0,0,0,0.85,0.9,0.85,1.368,,,,,reported or repository-inferred association; not epidemiological proof of causation
cough syrup,ethylene glycol,nausea,repository-inferred from separate sources,2,2,0,0,0,0,0,0.85,0.9167,0.85,1.368,,,,,reported or repository-inferred association; not epidemiological proof of causation
cough syrup,ethylene glycol,dizziness,repository-inferred from separate sources,2,2,0,0,0,0,0,0.85,0.925,0.85,1.368,,,,,reported or repository-inferred association; not epidemiological proof of causation
eggs,antibiotic residue,evolution of drug resistant superbugs,repository-inferred from separate sources,2,2,0,0,0,0,0,0.925,0.85,0.85,1.368,,,,,reported or repository-inferred association; not epidemiological proof of causation
turmeric,metanil yellow,reduced ability to learn and grasp things,repository-inferred from separate sources,3,1,0,0,0,0,0,0.95,0.85,0.85,1.368,,,,,reported or repository-inferred association; not epidemiological proof of causation
turmeric,metanil yellow,altered levels of serotonin dopamine and noradrenaline,repository-inferred from separate sources,3,1,0,0,0,0,0,0.95,0.85,0.85,1.368,,,,,reported or repository-inferred association; not epidemiological proof of causation
turmeric,metanil yellow,reduced brain ability to learn,repository-inferred from separate sources,3,1,0,0,0,0,0,0.95,0.85,0.85,1.368,,,,,reported or repository-inferred association; not epidemiological proof of causation
fruits and vegetables,harmful chemicals,cancer/carcinogenicity,repository-inferred from separate sources,1,3,0,0,0,0,0,0.85,0.8667,0.85,1.368,,,,,reported or repository-inferred association; not epidemiological proof of causation
medicinal syrups,ethylene glycol,gastrointestinal illness,repository-inferred from separate sources,1,3,0,0,0,0,0,0.85,0.9167,0.85,1.368,,,,,reported or repository-inferred association; not epidemiological proof of causation
raw sprouts,e coli,diarrhoea,repository-inferred from separate sources,1,3,0,0,0,0,0,0.85,0.9167,0.85,1.368,,,,,reported or repository-inferred association; not epidemiological proof of causation
leafy greens,e coli,diarrhoea,repository-inferred from separate sources,1,3,0,0,0,0,0,0.85,0.9167,0.85,1.368,,,,,reported or repository-inferred association; not epidemiological proof of causation
pre cut fruits,e coli,diarrhoea,repository-inferred from separate sources,1,3,0,0,0,0,0,0.85,0.9167,0.85,1.368,,,,,reported or repository-inferred association; not epidemiological proof of causation
tea,pesticide residue,toxic exposure,repository-inferred from separate sources,3,1,0,0,0,0,0,0.9,0.85,0.85,1.368,,,,,reported or repository-inferred association; not epidemiological proof of causation
tea,pesticide residue,health harms,repository-inferred from separate sources,3,1,0,0,0,0,0,0.9,0.85,0.85,1.368,,,,,reported or repository-inferred association; not epidemiological proof of causation
tea,pesticide residue,brain development impairment,repository-inferred from separate sources,3,1,0,0,0,0,0,0.9,0.85,0.85,1.368,,,,,reported or repository-inferred association; not epidemiological proof of causation
tea,pesticide residue,toxic food,repository-inferred from separate sources,3,1,0,0,0,0,0,0.9,0.85,0.85,1.368,,,,,reported or repository-inferred association; not epidemiological proof of causation
tea,pesticide residue,weakening our immune system,repository-inferred from separate sources,3,1,0,0,0,0,0,0.9,0.85,0.85,1.368,,,,,reported or repository-inferred association; not epidemiological proof of causation
Paneer,e coli,diarrhoea,repository-inferred from separate sources,1,3,0,0,1,0,0,0.85,0.9167,0.85,1.368,,,,,reported or repository-inferred association; not epidemiological proof of causation
edible oils,pesticide residue,hepatitis,repository-inferred from separate sources,2,2,0,0,0,0,0,0.9,0.85,0.85,1.368,,,,,reported or repository-inferred association; not epidemiological proof of causation
Edible/cooking oil,used cooking oil,cancer/carcinogenicity,repository-inferred from separate sources,3,1,0,0,0,0,0,0.8833,0.85,0.85,1.368,,,,,reported or repository-inferred association; not epidemiological proof of causation
Edible/cooking oil,used cooking oil,liver disorders,repository-inferred from separate sources,3,1,0,0,0,0,0,0.8833,0.85,0.85,1.368,,,,,reported or repository-inferred association; not epidemiological proof of causation
Edible/cooking oil,total polar compounds,cardiovascular disease,repository-inferred from separate sources,3,1,0,0,0,0,0,0.875,0.85,0.85,1.368,,,,,reported or repository-inferred association; not epidemiological proof of causation
Edible/cooking oil,total polar compounds,potential health risks,repository-inferred from separate sources,3,1,0,0,0,0,0,0.875,0.85,0.85,1.368,,,,,reported or repository-inferred association; not epidemiological proof of causation
citrus fruits,pesticide residue,food poisoning,repository-inferred from separate sources,1,3,0,0,1,0,0,0.85,0.8667,0.85,1.368,,,,,reported or repository-inferred association; not epidemiological proof of causation
Mustard oil,palm oil family,health harm,repository-inferred from separate sources,4,1,0,0,0,0,0,0.9,0.75,0.75,1.3438,,,,,reported or repository-inferred association; not epidemiological proof of causation
Milk,pesticide residue,health consequences,repository-inferred from separate sources,4,1,0,0,0,0,0,0.8875,0.75,0.75,1.3438,,,,,reported or repository-inferred association; not epidemiological proof of causation
Milk,pesticide residue,weakening immune system,repository-inferred from separate sources,4,1,0,0,0,0,0,0.8875,0.75,0.75,1.3438,,,,,reported or repository-inferred association; not epidemiological proof of causation
Soybean oil,palm oil family,health harm,repository-inferred from separate sources,4,1,0,0,0,0,0,0.94,0.75,0.75,1.3438,,,,,reported or repository-inferred association; not epidemiological proof of causation
Khoya/mawa,palm oil family,health harm,repository-inferred from separate sources,4,1,0,0,0,0,0,0.925,0.75,0.75,1.3438,,,,,reported or repository-inferred association; not epidemiological proof of causation
Coconut oil,palm oil family,health harm,repository-inferred from separate sources,4,1,0,0,0,0,0,0.8667,0.75,0.75,1.3438,,,,,reported or repository-inferred association; not epidemiological proof of causation
Milk,chemicals,serious health risks,repository-inferred from separate sources,3,1,0,0,0,0,0,0.8333,0.85,0.8333,1.3412,,,,,reported or repository-inferred association; not epidemiological proof of causation
Milk,chemicals,death,repository-inferred from separate sources,3,1,0,0,0,0,0,0.8333,0.85,0.8333,1.3412,,,,,reported or repository-inferred association; not epidemiological proof of causation
Milk,salmonella,salmonellosis,repository-inferred from separate sources,2,2,0,0,0,0,0,0.825,0.95,0.825,1.3278,,,,,reported or repository-inferred association; not epidemiological proof of causation
almond oil,argemone oil,epidemic dropsy,repository-inferred from separate sources,0,3,0,0,0,1,0,0.95,0.95,0.95,1.317,,,,,reported or repository-inferred association; not epidemiological proof of causation
Coconut oil,argemone oil,epidemic dropsy,repository-inferred from separate sources,0,3,0,0,0,1,0,0.95,0.95,0.95,1.317,,,,,reported or repository-inferred association; not epidemiological proof of causation
rapeseed oil,argemone oil,epidemic dropsy,repository-inferred from separate sources,0,3,0,0,0,1,0,0.95,0.95,0.95,1.317,,,,,reported or repository-inferred association; not epidemiological proof of causation
flaxseed oil,argemone oil,epidemic dropsy,repository-inferred from separate sources,0,3,0,0,0,1,0,0.95,0.95,0.95,1.317,,,,,reported or repository-inferred association; not epidemiological proof of causation
safflower seed oil,argemone oil,epidemic dropsy,repository-inferred from separate sources,0,3,0,0,0,1,0,0.95,0.95,0.95,1.317,,,,,reported or repository-inferred association; not epidemiological proof of causation
Sesame oil,argemone oil,epidemic dropsy,repository-inferred from separate sources,0,3,0,0,0,1,0,0.95,0.95,0.95,1.317,,,,,reported or repository-inferred association; not epidemiological proof of causation
niger seed oil,argemone oil,epidemic dropsy,repository-inferred from separate sources,0,3,0,0,0,1,0,0.95,0.95,0.95,1.317,,,,,reported or repository-inferred association; not epidemiological proof of causation
maize corn oil,argemone oil,epidemic dropsy,repository-inferred from separate sources,0,3,0,0,0,1,0,0.95,0.95,0.95,1.317,,,,,reported or repository-inferred association; not epidemiological proof of causation
madras curry powder,ethylene oxide,lymphoma,repository-inferred from separate sources,2,1,0,0,0,0,0,0.95,0.95,0.95,1.317,,,,,reported or repository-inferred association; not epidemiological proof of causation
sambhar masala,ethylene oxide,lymphoma,repository-inferred from separate sources,2,1,0,0,0,0,0,0.95,0.95,0.95,1.317,,,,,reported or repository-inferred association; not epidemiological proof of causation
curry powder masala,ethylene oxide,lymphoma,repository-inferred from separate sources,2,1,0,0,0,0,0,0.95,0.95,0.95,1.317,,,,,reported or repository-inferred association; not epidemiological proof of causation
everest spice mix,ethylene oxide,lymphoma,repository-inferred from separate sources,2,1,0,0,0,0,0,0.95,0.95,0.95,1.317,,,,,reported or repository-inferred association; not epidemiological proof of causation
Paneer,chemicals,serious health risks,repository-inferred from separate sources,3,1,0,0,0,0,0,0.8167,0.85,0.8167,1.3144,,,,,reported or repository-inferred association; not epidemiological proof of causation
Paneer,chemicals,death,repository-inferred from separate sources,3,1,0,0,0,0,0,0.8167,0.85,0.8167,1.3144,,,,,reported or repository-inferred association; not epidemiological proof of causation
bottled water,microplastics,cancer/carcinogenicity,repository-inferred from separate sources,1,3,0,0,0,0,0,0.9,0.8167,0.8167,1.3144,,,,,reported or repository-inferred association; not epidemiological proof of causation
Milk,contaminant,death,repository-inferred from separate sources,3,1,0,0,1,0,0,0.8167,0.9,0.8167,1.3144,,,,,reported or repository-inferred association; not epidemiological proof of causation
Paneer,harmful chemicals,health hazards,repository-inferred from separate sources,3,1,0,0,0,0,0,0.8667,0.8,0.8,1.2876,,,,,reported or repository-inferred association; not epidemiological proof of causation
Paneer,chemicals,public health risks,repository-inferred from separate sources,3,1,0,0,0,0,0,0.8167,0.8,0.8,1.2876,,,,,reported or repository-inferred association; not epidemiological proof of causation
Ghee,urea,kidney ailments,repository-inferred from separate sources,3,1,0,0,0,0,0,0.9,0.8,0.8,1.2876,,,,,reported or repository-inferred association; not epidemiological proof of causation
Milk,chemicals,public health risks,repository-inferred from separate sources,3,1,0,0,0,0,0,0.8333,0.8,0.8,1.2876,,,,,reported or repository-inferred association; not epidemiological proof of causation
vegetables,oxytocin,side effects on humans,repository-inferred from separate sources,3,1,0,0,0,0,0,0.94,0.8,0.8,1.2876,,,,,reported or repository-inferred association; not epidemiological proof of causation
tea,pesticide residue,hazards to human health,repository-inferred from separate sources,3,1,0,0,0,0,0,0.9,0.8,0.8,1.2876,,,,,reported or repository-inferred association; not epidemiological proof of causation
tea,pesticide residue,long lasting adverse effects on health,repository-inferred from separate sources,3,1,0,0,0,0,0,0.9,0.8,0.8,1.2876,,,,,reported or repository-inferred association; not epidemiological proof of causation
Edible/cooking oil,harmful chemicals,cancer/carcinogenicity,repository-inferred from separate sources,1,3,0,0,0,0,0,0.8,0.8667,0.8,1.2876,,,,,reported or repository-inferred association; not epidemiological proof of causation
illicit liquor,methanol,food poisoning,repository-inferred from separate sources,2,1,0,0,0,0,0,0.925,0.95,0.925,1.2823,,,,,reported or repository-inferred association; not epidemiological proof of causation
syrup,ethylene glycol,dizziness,repository-inferred from separate sources,1,2,0,0,0,0,0,0.95,0.925,0.925,1.2823,,,,,reported or repository-inferred association; not epidemiological proof of causation
pharmaceutical grade propylene glycol,ethylene glycol,dizziness,repository-inferred from separate sources,1,2,0,0,0,0,0,0.95,0.925,0.925,1.2823,,,,,reported or repository-inferred association; not epidemiological proof of causation
eggs,e coli,gastrointestinal illness,repository-inferred from separate sources,1,2,0,0,0,0,0,0.95,0.925,0.925,1.2823,,,,,reported or repository-inferred association; not epidemiological proof of causation
eggs,e coli,stomach pain,repository-inferred from separate sources,1,2,0,0,0,0,0,0.95,0.925,0.925,1.2823,,,,,reported or repository-inferred association; not epidemiological proof of causation
cotton candy,rhodamine B,cancer/carcinogenicity,repository-inferred from separate sources,1,2,0,0,1,0,0,0.95,0.925,0.925,1.2823,,,,,reported or repository-inferred association; not epidemiological proof of causation
dok 1 max syrup,ethylene glycol,dizziness,repository-inferred from separate sources,1,2,0,0,0,0,0,0.95,0.925,0.925,1.2823,,,,,reported or repository-inferred association; not epidemiological proof of causation
onions,e coli,gastrointestinal illness,repository-inferred from separate sources,1,2,0,0,0,0,0,0.95,0.925,0.925,1.2823,,,,,reported or repository-inferred association; not epidemiological proof of causation
onions,e coli,stomach pain,repository-inferred from separate sources,1,2,0,0,0,0,0,0.95,0.925,0.925,1.2823,,,,,reported or repository-inferred association; not epidemiological proof of causation
protein powder,arsenic,death,repository-inferred from separate sources,2,1,0,0,0,0,0,0.9167,0.95,0.9167,1.2708,,,,,reported or repository-inferred association; not epidemiological proof of causation
syrup,ethylene glycol,nausea,repository-inferred from separate sources,1,2,0,0,0,0,0,0.95,0.9167,0.9167,1.2708,,,,,reported or repository-inferred association; not epidemiological proof of causation
pharmaceutical grade propylene glycol,ethylene glycol,nausea,repository-inferred from separate sources,1,2,0,0,0,0,0,0.95,0.9167,0.9167,1.2708,,,,,reported or repository-inferred association; not epidemiological proof of causation
Milk,thallium,death,repository-inferred from separate sources,1,2,0,0,0,0,0,0.95,0.9167,0.9167,1.2708,,,,,reported or repository-inferred association; not epidemiological proof of causation
dok 1 max syrup,ethylene glycol,nausea,repository-inferred from separate sources,1,2,0,0,0,0,0,0.95,0.9167,0.9167,1.2708,,,,,reported or repository-inferred association; not epidemiological proof of causation
spice mixes,ethylene oxide,lymphoma,repository-inferred from separate sources,2,1,0,0,0,0,0,0.91,0.95,0.91,1.2615,,,,,reported or repository-inferred association; not epidemiological proof of causation
Milk,adulterant,kidney harm,repository-inferred from separate sources,3,1,0,0,0,0,0,0.7833,0.85,0.7833,1.2607,,,,,reported or repository-inferred association; not epidemiological proof of causation
Mustard oil,artificial colours,rashes,repository-inferred from separate sources,2,1,0,0,0,0,0,0.95,0.9,0.9,1.2477,,,,,reported or repository-inferred association; not epidemiological proof of causation
Mustard oil,artificial colours,hyperactivity,repository-inferred from separate sources,2,1,0,0,0,0,0,0.95,0.9,0.9,1.2477,,,,,reported or repository-inferred association; not epidemiological proof of causation
counterfeit mysore sandal soap,heavy metals,kidney damage,repository-inferred from separate sources,1,2,0,0,0,0,0,0.9,0.925,0.9,1.2477,,,,,reported or repository-inferred association; not epidemiological proof of causation
Paneer,caustic soda,stomach irritation,repository-inferred from separate sources,2,1,0,0,0,0,0,0.95,0.9,0.9,1.2477,,,,,reported or repository-inferred association; not epidemiological proof of causation
Paneer,caustic soda,vomiting,repository-inferred from separate sources,2,1,0,0,0,0,0,0.95,0.9,0.9,1.2477,,,,,reported or repository-inferred association; not epidemiological proof of causation
Paneer,caustic soda,diarrhoea,repository-inferred from separate sources,2,1,0,0,0,0,0,0.95,0.9,0.9,1.2477,,,,,reported or repository-inferred association; not epidemiological proof of causation
Paneer,caustic soda,irritate the digestive tract,repository-inferred from separate sources,2,1,0,0,0,0,0,0.95,0.9,0.9,1.2477,,,,,reported or repository-inferred association; not epidemiological proof of causation
fruit juices,artificial colours,rashes,repository-inferred from separate sources,2,1,0,0,0,0,0,0.95,0.9,0.9,1.2477,,,,,reported or repository-inferred association; not epidemiological proof of causation
fruit juices,artificial colours,hyperactivity,repository-inferred from separate sources,2,1,0,0,0,0,0,0.95,0.9,0.9,1.2477,,,,,reported or repository-inferred association; not epidemiological proof of causation
protein powder,pesticide residue,birth defects,repository-inferred from separate sources,2,1,0,0,0,0,0,0.9,0.9,0.9,1.2477,,,,,reported or repository-inferred association; not epidemiological proof of causation
protein powder,pesticide residue,diabetes,repository-inferred from separate sources,2,1,0,0,0,0,0,0.9,0.9,0.9,1.2477,,,,,reported or repository-inferred association; not epidemiological proof of causation
protein powder,pesticide residue,reproductive failure,repository-inferred from separate sources,2,1,0,0,0,0,0,0.9,0.9,0.9,1.2477,,,,,reported or repository-inferred association; not epidemiological proof of causation
protein powder,pesticide residue,devastating health harms,repository-inferred from separate sources,2,1,0,0,0,0,0,0.9,0.9,0.9,1.2477,,,,,reported or repository-inferred association; not epidemiological proof of causation
protein powder,arsenic,cancer/carcinogenicity,repository-inferred from separate sources,2,1,0,0,1,0,0,0.9167,0.9,0.9,1.2477,,,,,reported or repository-inferred association; not epidemiological proof of causation
Curd/yoghurt,ethylene glycol,kidney related ailments,repository-inferred from separate sources,1,2,0,0,0,0,0,0.9,0.9,0.9,1.2477,,,,,reported or repository-inferred association; not epidemiological proof of causation
Curd/yoghurt,ethylene glycol,nausea,repository-inferred from separate sources,1,2,0,0,0,0,0,0.9,0.9167,0.9,1.2477,,,,,reported or repository-inferred association; not epidemiological proof of causation
Curd/yoghurt,ethylene glycol,dizziness,repository-inferred from separate sources,1,2,0,0,0,0,0,0.9,0.925,0.9,1.2477,,,,,reported or repository-inferred association; not epidemiological proof of causation
baby food,lead,kidney damage,repository-inferred from separate sources,1,2,0,0,0,0,0,0.95,0.9,0.9,1.2477,,,,,reported or repository-inferred association; not epidemiological proof of causation
leafy greens,heavy metals,kidney damage,repository-inferred from separate sources,1,2,0,0,0,0,0,0.9,0.925,0.9,1.2477,,,,,reported or repository-inferred association; not epidemiological proof of causation
baby food,heavy metals,kidney damage,repository-inferred from separate sources,1,2,0,0,0,0,0,0.9,0.925,0.9,1.2477,,,,,reported or repository-inferred association; not epidemiological proof of causation
fresh vegetables,pesticide residue,birth defects,repository-inferred from separate sources,2,1,0,0,0,0,0,0.95,0.9,0.9,1.2477,,,,,reported or repository-inferred association; not epidemiological proof of causation
fresh vegetables,pesticide residue,diabetes,repository-inferred from separate sources,2,1,0,0,0,0,0,0.95,0.9,0.9,1.2477,,,,,reported or repository-inferred association; not epidemiological proof of causation
fresh vegetables,pesticide residue,reproductive failure,repository-inferred from separate sources,2,1,0,0,0,0,0,0.95,0.9,0.9,1.2477,,,,,reported or repository-inferred association; not epidemiological proof of causation
fresh vegetables,pesticide residue,devastating health harms,repository-inferred from separate sources,2,1,0,0,0,0,0,0.95,0.9,0.9,1.2477,,,,,reported or repository-inferred association; not epidemiological proof of causation
Milk,sugar,obesity,repository-inferred from separate sources,2,1,0,0,0,0,0,0.95,0.9,0.9,1.2477,,,,,reported or repository-inferred association; not epidemiological proof of causation
food,thallium,death,repository-inferred from separate sources,1,2,0,0,0,0,0,0.9,0.9167,0.9,1.2477,,,,,reported or repository-inferred association; not epidemiological proof of causation
dark chocolate,lead,kidney damage,repository-inferred from separate sources,1,2,0,0,0,0,0,0.9167,0.9,0.9,1.2477,,,,,reported or repository-inferred association; not epidemiological proof of causation
syrup,ethylene glycol,kidney related ailments,repository-inferred from separate sources,1,2,0,0,0,0,0,0.95,0.9,0.9,1.2477,,,,,reported or repository-inferred association; not epidemiological proof of causation
propylene glycol,ethylene glycol,kidney related ailments,repository-inferred from separate sources,1,2,0,0,0,0,0,0.9,0.9,0.9,1.2477,,,,,reported or repository-inferred association; not epidemiological proof of causation
propylene glycol,ethylene glycol,nausea,repository-inferred from separate sources,1,2,0,0,0,0,0,0.9,0.9167,0.9,1.2477,,,,,reported or repository-inferred association; not epidemiological proof of causation
propylene glycol,ethylene glycol,dizziness,repository-inferred from separate sources,1,2,0,0,0,0,0,0.9,0.925,0.9,1.2477,,,,,reported or repository-inferred association; not epidemiological proof of causation
pharmaceutical grade propylene glycol,ethylene glycol,kidney related ailments,repository-inferred from separate sources,1,2,0,0,0,0,0,0.95,0.9,0.9,1.2477,,,,,reported or repository-inferred association; not epidemiological proof of causation
Milk,oxytocin,cancer/carcinogenicity,repository-inferred from separate sources,2,1,0,0,0,0,0,0.9,0.9,0.9,1.2477,,,,,reported or repository-inferred association; not epidemiological proof of causation
Milk,lead,kidney damage,repository-inferred from separate sources,1,2,0,0,0,0,0,0.95,0.9,0.9,1.2477,,,,,reported or repository-inferred association; not epidemiological proof of causation
eggs,antibiotic residue,c difficile infection,repository-inferred from separate sources,2,1,0,0,0,0,0,0.925,0.9,0.9,1.2477,,,,,reported or repository-inferred association; not epidemiological proof of causation
eggs,antibiotic residue,diarrhoea,repository-inferred from separate sources,2,1,0,0,0,0,0,0.925,0.9,0.9,1.2477,,,,,reported or repository-inferred association; not epidemiological proof of causation
tap water,bacteria,food poisoning,repository-inferred from separate sources,1,2,0,0,0,0,0,0.9,0.9,0.9,1.2477,,,,,reported or repository-inferred association; not epidemiological proof of causation
protein supplements,lead,kidney damage,repository-inferred from separate sources,1,2,0,0,0,0,0,0.9,0.9,0.9,1.2477,,,,,reported or repository-inferred association; not epidemiological proof of causation
eggs,salmonella,intestinal infections,repository-inferred from separate sources,2,1,0,0,0,0,0,0.9,0.9,0.9,1.2477,,,,,reported or repository-inferred association; not epidemiological proof of causation
maggi noodles,lead,kidney damage,repository-inferred from separate sources,1,2,0,0,0,0,0,0.9,0.9,0.9,1.2477,,,,,reported or repository-inferred association; not epidemiological proof of causation
water,arsenic,cancer/carcinogenicity,repository-inferred from separate sources,2,1,0,0,0,0,0,0.925,0.9,0.9,1.2477,,,,,reported or repository-inferred association; not epidemiological proof of causation
fruits,heavy metals,kidney damage,repository-inferred from separate sources,1,2,0,0,0,0,0,0.9,0.925,0.9,1.2477,,,,,reported or repository-inferred association; not epidemiological proof of causation
guar gum,ethylene oxide,lymphoma,repository-inferred from separate sources,2,1,0,0,0,0,0,0.9,0.95,0.9,1.2477,,,,,reported or repository-inferred association; not epidemiological proof of causation
curry powder,ethylene oxide,lymphoma,repository-inferred from separate sources,2,1,0,0,0,0,0,0.9,0.95,0.9,1.2477,,,,,reported or repository-inferred association; not epidemiological proof of causation
mdh sambhar masala,salmonella,intestinal infections,repository-inferred from separate sources,2,1,0,0,0,0,0,0.95,0.9,0.9,1.2477,,,,,reported or repository-inferred association; not epidemiological proof of causation
mdh sambhar masala,salmonella,fever,repository-inferred from separate sources,2,1,0,0,0,0,0,0.95,0.9,0.9,1.2477,,,,,reported or repository-inferred association; not epidemiological proof of causation
mdh sambhar masala,salmonella,diarrhoea,repository-inferred from separate sources,2,1,0,0,0,0,0,0.95,0.9,0.9,1.2477,,,,,reported or repository-inferred association; not epidemiological proof of causation
everest garam masala,salmonella,intestinal infections,repository-inferred from separate sources,2,1,0,0,0,0,0,0.9,0.9,0.9,1.2477,,,,,reported or repository-inferred association; not epidemiological proof of causation
everest garam masala,salmonella,fever,repository-inferred from separate sources,2,1,0,0,0,0,0,0.9,0.9,0.9,1.2477,,,,,reported or repository-inferred association; not epidemiological proof of causation
everest garam masala,salmonella,diarrhoea,repository-inferred from separate sources,2,1,0,0,0,0,0,0.9,0.9,0.9,1.2477,,,,,reported or repository-inferred association; not epidemiological proof of causation
sambhar masala,salmonella,intestinal infections,repository-inferred from separate sources,2,1,0,0,0,0,0,0.9,0.9,0.9,1.2477,,,,,reported or repository-inferred association; not epidemiological proof of causation
sambhar masala,salmonella,fever,repository-inferred from separate sources,2,1,0,0,0,0,0,0.9,0.9,0.9,1.2477,,,,,reported or repository-inferred association; not epidemiological proof of causation
sambhar masala,salmonella,diarrhoea,repository-inferred from separate sources,2,1,0,0,0,0,0,0.9,0.9,0.9,1.2477,,,,,reported or repository-inferred association; not epidemiological proof of causation
maggi masala ae magic,salmonella,intestinal infections,repository-inferred from separate sources,2,1,0,0,0,0,0,0.9,0.9,0.9,1.2477,,,,,reported or repository-inferred association; not epidemiological proof of causation
maggi masala ae magic,salmonella,fever,repository-inferred from separate sources,2,1,0,0,0,0,0,0.9,0.9,0.9,1.2477,,,,,reported or repository-inferred association; not epidemiological proof of causation
maggi masala ae magic,salmonella,diarrhoea,repository-inferred from separate sources,2,1,0,0,0,0,0,0.9,0.9,0.9,1.2477,,,,,reported or repository-inferred association; not epidemiological proof of causation
poultry,salmonella,salmonellosis,repository-inferred from separate sources,1,2,0,0,0,0,0,0.9,0.95,0.9,1.2477,,,,,reported or repository-inferred association; not epidemiological proof of causation
sweets,metanil yellow,cancer/carcinogenicity,repository-inferred from separate sources,1,2,0,0,1,0,0,0.9,0.9,0.9,1.2477,,,,,reported or repository-inferred association; not epidemiological proof of causation
sweets,rhodamine B,cancer/carcinogenicity,repository-inferred from separate sources,1,2,0,0,1,0,0,0.9,0.925,0.9,1.2477,,,,,reported or repository-inferred association; not epidemiological proof of causation
undercooked beef,e coli,gastrointestinal illness,repository-inferred from separate sources,1,2,0,0,0,0,0,0.9,0.925,0.9,1.2477,,,,,reported or repository-inferred association; not epidemiological proof of causation
undercooked beef,e coli,stomach pain,repository-inferred from separate sources,1,2,0,0,0,0,0,0.9,0.925,0.9,1.2477,,,,,reported or repository-inferred association; not epidemiological proof of causation
drinking water,lead,kidney damage,repository-inferred from separate sources,1,2,0,0,0,0,0,0.9,0.9,0.9,1.2477,,,,,reported or repository-inferred association; not epidemiological proof of causation
water,thallium,death,repository-inferred from separate sources,1,2,0,0,0,0,0,0.9,0.9167,0.9,1.2477,,,,,reported or repository-inferred association; not epidemiological proof of causation
tender coconut,thallium,death,repository-inferred from separate sources,1,2,0,0,0,0,0,0.9,0.9167,0.9,1.2477,,,,,reported or repository-inferred association; not epidemiological proof of causation
fish curry,thallium,death,repository-inferred from separate sources,1,2,0,0,0,0,0,0.9,0.9167,0.9,1.2477,,,,,reported or repository-inferred association; not epidemiological proof of causation
Milk,preservatives,cardiovascular disease,repository-inferred from separate sources,1,2,0,0,0,0,0,0.9,0.9,0.9,1.2477,,,,,reported or repository-inferred association; not epidemiological proof of causation
turmeric powder,metanil yellow,cancer/carcinogenicity,repository-inferred from separate sources,1,2,0,0,0,0,0,0.95,0.9,0.9,1.2477,,,,,reported or repository-inferred association; not epidemiological proof of causation
edible oils,pesticide residue,birth defects,repository-inferred from separate sources,2,1,0,0,0,0,0,0.9,0.9,0.9,1.2477,,,,,reported or repository-inferred association; not epidemiological proof of causation
edible oils,pesticide residue,diabetes,repository-inferred from separate sources,2,1,0,0,0,0,0,0.9,0.9,0.9,1.2477,,,,,reported or repository-inferred association; not epidemiological proof of causation
edible oils,pesticide residue,reproductive failure,repository-inferred from separate sources,2,1,0,0,0,0,0,0.9,0.9,0.9,1.2477,,,,,reported or repository-inferred association; not epidemiological proof of causation
edible oils,pesticide residue,devastating health harms,repository-inferred from separate sources,2,1,0,0,0,0,0,0.9,0.9,0.9,1.2477,,,,,reported or repository-inferred association; not epidemiological proof of causation
edible oils,heavy metals,neurological effects,repository-inferred from separate sources,2,1,0,0,0,0,0,0.9,0.9,0.9,1.2477,,,,,reported or repository-inferred association; not epidemiological proof of causation
edible oils,heavy metals,chronic kidney disease,repository-inferred from separate sources,2,1,0,0,0,0,0,0.9,0.9,0.9,1.2477,,,,,reported or repository-inferred association; not epidemiological proof of causation
edible oils,heavy metals,neurological problems,repository-inferred from separate sources,2,1,0,0,0,0,0,0.9,0.9,0.9,1.2477,,,,,reported or repository-inferred association; not epidemiological proof of causation
edible oils,heavy metals,kidney issues,repository-inferred from separate sources,2,1,0,0,0,0,0,0.9,0.9,0.9,1.2477,,,,,reported or repository-inferred association; not epidemiological proof of causation
Groundnut oil,palm oil family,cardiovascular disease,repository-inferred from separate sources,2,1,0,0,0,0,0,0.9333,0.9,0.9,1.2477,,,,,reported or repository-inferred association; not epidemiological proof of causation
Groundnut oil,palm oil family,increased cholesterol level,repository-inferred from separate sources,2,1,0,0,0,0,0,0.9333,0.9,0.9,1.2477,,,,,reported or repository-inferred association; not epidemiological proof of causation
Edible/cooking oil,heavy metals,kidney damage,repository-inferred from separate sources,1,2,0,0,0,0,0,0.9,0.925,0.9,1.2477,,,,,reported or repository-inferred association; not epidemiological proof of causation
Mustard oil,metanil yellow,cancer/carcinogenicity,repository-inferred from separate sources,1,2,0,0,0,0,0,0.95,0.9,0.9,1.2477,,,,,reported or repository-inferred association; not epidemiological proof of causation
dok 1 max syrup,ethylene glycol,kidney related ailments,repository-inferred from separate sources,1,2,0,0,0,0,0,0.95,0.9,0.9,1.2477,,,,,reported or repository-inferred association; not epidemiological proof of causation
Edible/cooking oil,metanil yellow,cancer/carcinogenicity,repository-inferred from separate sources,1,2,0,0,0,0,0,0.95,0.9,0.9,1.2477,,,,,reported or repository-inferred association; not epidemiological proof of causation
ground spices,lead,kidney damage,repository-inferred from separate sources,1,2,0,0,0,0,0,0.9,0.9,0.9,1.2477,,,,,reported or repository-inferred association; not epidemiological proof of causation
Ghee,water,gastrointestinal illness,repository-inferred from separate sources,3,1,0,0,0,0,0,0.7667,0.9,0.7667,1.2339,,,,,reported or repository-inferred association; not epidemiological proof of causation
Ghee,water,typhoid fever,repository-inferred from separate sources,3,1,0,0,0,0,0,0.7667,0.9,0.7667,1.2339,,,,,reported or repository-inferred association; not epidemiological proof of causation
Ghee,water,vomiting,repository-inferred from separate sources,3,1,0,0,0,0,0,0.7667,0.9,0.7667,1.2339,,,,,reported or repository-inferred association; not epidemiological proof of causation
Ghee,water,sudden collapse,repository-inferred from separate sources,3,1,0,0,0,0,0,0.7667,0.9,0.7667,1.2339,,,,,reported or repository-inferred association; not epidemiological proof of causation
Ghee,water,cardiac arrest,repository-inferred from separate sources,3,1,0,0,0,0,0,0.7667,0.9,0.7667,1.2339,,,,,reported or repository-inferred association; not epidemiological proof of causation
Ghee,water,illness,repository-inferred from separate sources,3,1,0,0,0,0,0,0.7667,0.9,0.7667,1.2339,,,,,reported or repository-inferred association; not epidemiological proof of causation
Ghee,water,illness in infants,repository-inferred from separate sources,3,1,0,0,0,0,0,0.7667,0.85,0.7667,1.2339,,,,,reported or repository-inferred association; not epidemiological proof of causation
Ghee,water,jaundice,repository-inferred from separate sources,3,1,0,0,0,0,0,0.7667,0.95,0.7667,1.2339,,,,,reported or repository-inferred association; not epidemiological proof of causation
Ghee,water,skin diseases,repository-inferred from separate sources,3,1,0,0,0,0,0,0.7667,0.85,0.7667,1.2339,,,,,reported or repository-inferred association; not epidemiological proof of causation
Ghee,water,digestion issues,repository-inferred from separate sources,3,1,0,0,0,0,0,0.7667,0.85,0.7667,1.2339,,,,,reported or repository-inferred association; not epidemiological proof of causation
Ghee,water,health hazards for cattle,repository-inferred from separate sources,3,1,0,0,0,0,0,0.7667,0.8,0.7667,1.2339,,,,,reported or repository-inferred association; not epidemiological proof of causation
Ghee,artificial flavouring agents,gastrointestinal illness,repository-inferred from separate sources,2,1,0,0,0,0,0,0.875,0.9,0.875,1.213,,,,,reported or repository-inferred association; not epidemiological proof of causation
dry fruits,mineral oil,gastrointestinal problems,repository-inferred from separate sources,2,1,0,0,0,0,0,0.875,0.9,0.875,1.213,,,,,reported or repository-inferred association; not epidemiological proof of causation
dry fruits,mineral oil,liver damage,repository-inferred from separate sources,2,1,0,0,0,0,0,0.875,0.9,0.875,1.213,,,,,reported or repository-inferred association; not epidemiological proof of causation
spice products,ethylene oxide,toxicity,repository-inferred from separate sources,1,2,0,0,0,0,0,0.9,0.875,0.875,1.213,,,,,reported or repository-inferred association; not epidemiological proof of causation
oil,total polar compounds,liver disease,repository-inferred from separate sources,1,2,0,0,0,0,0,0.9,0.875,0.875,1.213,,,,,reported or repository-inferred association; not epidemiological proof of causation
spice blends,ethylene oxide,toxicity,repository-inferred from separate sources,1,2,0,0,0,0,0,0.9,0.875,0.875,1.213,,,,,reported or repository-inferred association; not epidemiological proof of causation
Milk,bacteria,death,repository-inferred from separate sources,2,1,0,0,0,0,0,0.875,0.9,0.875,1.213,,,,,reported or repository-inferred association; not epidemiological proof of causation
fruits and vegetables,pesticide residue,birth defects,repository-inferred from separate sources,2,1,0,0,0,0,0,0.875,0.9,0.875,1.213,,,,,reported or repository-inferred association; not epidemiological proof of causation
fruits and vegetables,pesticide residue,diabetes,repository-inferred from separate sources,2,1,0,0,0,0,0,0.875,0.9,0.875,1.213,,,,,reported or repository-inferred association; not epidemiological proof of causation
fruits and vegetables,pesticide residue,reproductive failure,repository-inferred from separate sources,2,1,0,0,0,0,0,0.875,0.9,0.875,1.213,,,,,reported or repository-inferred association; not epidemiological proof of causation
fruits and vegetables,pesticide residue,devastating health harms,repository-inferred from separate sources,2,1,0,0,0,0,0,0.875,0.9,0.875,1.213,,,,,reported or repository-inferred association; not epidemiological proof of causation
peppercorns,ethylene oxide,toxicity,repository-inferred from separate sources,1,2,0,0,0,0,0,0.9,0.875,0.875,1.213,,,,,reported or repository-inferred association; not epidemiological proof of causation
spices,artificial colours,rashes,repository-inferred from separate sources,2,1,0,0,0,0,0,0.875,0.9,0.875,1.213,,,,,reported or repository-inferred association; not epidemiological proof of causation
spices,artificial colours,hyperactivity,repository-inferred from separate sources,2,1,0,0,0,0,0,0.875,0.9,0.875,1.213,,,,,reported or repository-inferred association; not epidemiological proof of causation
spice mix,ethylene oxide,toxicity,repository-inferred from separate sources,1,2,0,0,0,0,0,0.95,0.875,0.875,1.213,,,,,reported or repository-inferred association; not epidemiological proof of causation
Palm oil,total polar compounds,liver disease,repository-inferred from separate sources,1,2,0,0,0,0,0,0.9,0.875,0.875,1.213,,,,,reported or repository-inferred association; not epidemiological proof of causation
Paneer,unknown contaminant,renal failure,repository-inferred from separate sources,1,3,0,0,0,0,0,0.75,0.8833,0.75,1.2071,,,,,reported or repository-inferred association; not epidemiological proof of causation
Tirupati laddu,adulterant,cancer/carcinogenicity,repository-inferred from separate sources,2,2,0,0,0,0,0,0.75,0.9,0.75,1.2071,,,,,reported or repository-inferred association; not epidemiological proof of causation
Tirupati laddu,adulterant,allergic reaction,repository-inferred from separate sources,2,2,0,0,0,0,0,0.75,0.9,0.75,1.2071,,,,,reported or repository-inferred association; not epidemiological proof of causation
Tirupati laddu,adulterant,organ damage,repository-inferred from separate sources,2,2,0,0,0,0,0,0.75,0.9,0.75,1.2071,,,,,reported or repository-inferred association; not epidemiological proof of causation
fish,mercury,neurological damage,repository-inferred from separate sources,3,1,0,0,0,0,0,0.9,0.75,0.75,1.2071,,,,,reported or repository-inferred association; not epidemiological proof of causation
vegetables,oxytocin,health effects on young children and babies,repository-inferred from separate sources,3,1,0,0,0,0,0,0.94,0.75,0.75,1.2071,,,,,reported or repository-inferred association; not epidemiological proof of causation
eggs,antibiotic residue,toxicities,repository-inferred from separate sources,2,2,0,0,0,0,0,0.925,0.75,0.75,1.2071,,,,,reported or repository-inferred association; not epidemiological proof of causation
tea,pesticide residue,cell damage,repository-inferred from separate sources,3,1,0,0,0,0,0,0.9,0.75,0.75,1.2071,,,,,reported or repository-inferred association; not epidemiological proof of causation
tea,pesticide residue,disorders in the biological regulatory systems,repository-inferred from separate sources,3,1,0,0,0,0,0,0.9,0.75,0.75,1.2071,,,,,reported or repository-inferred association; not epidemiological proof of causation
tea,pesticide residue,health consequences,repository-inferred from separate sources,3,1,0,0,0,0,0,0.9,0.75,0.75,1.2071,,,,,reported or repository-inferred association; not epidemiological proof of causation
tea,pesticide residue,weakening immune system,repository-inferred from separate sources,3,1,0,0,0,0,0,0.9,0.75,0.75,1.2071,,,,,reported or repository-inferred association; not epidemiological proof of causation
refined oil,unknown adulterant,gastrointestinal illness,repository-inferred from separate sources,1,3,0,0,0,0,0,0.75,0.8833,0.75,1.2071,,,,,reported or repository-inferred association; not epidemiological proof of causation
Soybean oil,argemone oil,epidemic dropsy,repository-inferred from separate sources,1,3,0,0,0,0,0,0.75,0.95,0.75,1.2071,,,,,reported or repository-inferred association; not epidemiological proof of causation
counterfeit mysore sandal soap,heavy metals,cancer/carcinogenicity,repository-inferred from separate sources,1,2,0,0,0,0,0,0.9,0.8667,0.8667,1.2015,,,,,reported or repository-inferred association; not epidemiological proof of causation
Ghee,harmful chemicals,cardiac troubles,repository-inferred from separate sources,2,1,0,0,0,0,0,0.8667,0.9,0.8667,1.2015,,,,,reported or repository-inferred association; not epidemiological proof of causation
Ghee,harmful chemicals,respiratory troubles,repository-inferred from separate sources,2,1,0,0,0,0,0,0.8667,0.9,0.8667,1.2015,,,,,reported or repository-inferred association; not epidemiological proof of causation
leafy greens,heavy metals,cancer/carcinogenicity,repository-inferred from separate sources,1,2,0,0,1,0,0,0.9,0.8667,0.8667,1.2015,,,,,reported or repository-inferred association; not epidemiological proof of causation
baby food,heavy metals,cancer/carcinogenicity,repository-inferred from separate sources,1,2,0,0,1,0,0,0.9,0.8667,0.8667,1.2015,,,,,reported or repository-inferred association; not epidemiological proof of causation
fruits,heavy metals,cancer/carcinogenicity,repository-inferred from separate sources,1,2,0,0,0,0,0,0.9,0.8667,0.8667,1.2015,,,,,reported or repository-inferred association; not epidemiological proof of causation
Edible/cooking oil,heavy metals,cancer/carcinogenicity,repository-inferred from separate sources,1,2,0,0,0,0,0,0.9,0.8667,0.8667,1.2015,,,,,reported or repository-inferred association; not epidemiological proof of causation
Tirupati laddu,vegetable oil/fat,gastrointestinal illness,repository-inferred from separate sources,2,1,0,0,0,0,0,0.9,0.85,0.85,1.1784,,,,,reported or repository-inferred association; not epidemiological proof of causation
Tirupati laddu,vegetable oil/fat,cardiovascular problems,repository-inferred from separate sources,2,1,0,0,0,0,0,0.9,0.85,0.85,1.1784,,,,,reported or repository-inferred association; not epidemiological proof of causation
Tirupati laddu,vegetable oil/fat,adverse effects in humans,repository-inferred from separate sources,2,1,0,0,0,0,0,0.9,0.85,0.85,1.1784,,,,,reported or repository-inferred association; not epidemiological proof of causation
Tirupati laddu,vegetable oil/fat,heart lesions,repository-inferred from separate sources,2,1,0,0,0,0,0,0.9,0.85,0.85,1.1784,,,,,reported or repository-inferred association; not epidemiological proof of causation
Tirupati laddu,vegetable oil/fat,liver related issues,repository-inferred from separate sources,2,1,0,0,0,0,0,0.9,0.85,0.85,1.1784,,,,,reported or repository-inferred association; not epidemiological proof of causation
Tirupati laddu,vegetable oil/fat,complications in growth and behavioral development,repository-inferred from separate sources,2,1,0,0,0,0,0,0.9,0.85,0.85,1.1784,,,,,reported or repository-inferred association; not epidemiological proof of causation
Tirupati laddu,vegetable oil/fat,memory loss,repository-inferred from separate sources,2,1,0,0,0,0,0,0.9,0.85,0.85,1.1784,,,,,reported or repository-inferred association; not epidemiological proof of causation
Tirupati laddu,vegetable oil/fat,neurological symptoms,repository-inferred from separate sources,2,1,0,0,0,0,0,0.9,0.85,0.85,1.1784,,,,,reported or repository-inferred association; not epidemiological proof of causation
Tirupati laddu,vegetable oil/fat,nerve problems,repository-inferred from separate sources,2,1,0,0,0,0,0,0.9,0.85,0.85,1.1784,,,,,reported or repository-inferred association; not epidemiological proof of causation
Paneer,adulterants,cancer/carcinogenicity,repository-inferred from separate sources,2,1,0,0,2,0,0,0.85,0.9,0.85,1.1784,,,,,reported or repository-inferred association; not epidemiological proof of causation
Paneer,adulterants,allergic reaction,repository-inferred from separate sources,2,1,0,0,2,0,0,0.85,0.9,0.85,1.1784,,,,,reported or repository-inferred association; not epidemiological proof of causation
Paneer,adulterants,kidney harm,repository-inferred from separate sources,2,1,0,0,0,0,0,0.85,0.85,0.85,1.1784,,,,,reported or repository-inferred association; not epidemiological proof of causation
Paneer,adulterants,liver harm,repository-inferred from separate sources,2,1,0,0,0,0,0,0.85,0.85,0.85,1.1784,,,,,reported or repository-inferred association; not epidemiological proof of causation
Paneer,adulterants,organ damage,repository-inferred from separate sources,2,1,0,0,2,0,0,0.85,0.9,0.85,1.1784,,,,,reported or repository-inferred association; not epidemiological proof of causation
Paneer,industrial grade acetic acid,tissue damage,repository-inferred from separate sources,2,1,0,0,0,0,0,0.85,0.9,0.85,1.1784,,,,,reported or repository-inferred association; not epidemiological proof of causation
Paneer,industrial grade acetic acid,permanent damage to internal organs,repository-inferred from separate sources,2,1,0,0,0,0,0,0.85,0.85,0.85,1.1784,,,,,reported or repository-inferred association; not epidemiological proof of causation
Paneer,industrial grade acetic acid,breathing difficulties,repository-inferred from separate sources,2,1,0,0,0,0,0,0.85,0.85,0.85,1.1784,,,,,reported or repository-inferred association; not epidemiological proof of causation
Paneer,industrial grade acetic acid,throat irritation,repository-inferred from separate sources,2,1,0,0,0,0,0,0.85,0.9,0.85,1.1784,,,,,reported or repository-inferred association; not epidemiological proof of causation
Paneer,industrial grade acetic acid,lung damage,repository-inferred from separate sources,2,1,0,0,0,0,0,0.85,0.9,0.85,1.1784,,,,,reported or repository-inferred association; not epidemiological proof of causation
Paneer,industrial grade acetic acid,asthma attacks,repository-inferred from separate sources,2,1,0,0,0,0,0,0.85,0.85,0.85,1.1784,,,,,reported or repository-inferred association; not epidemiological proof of causation
Paneer,industrial grade acetic acid,nausea,repository-inferred from separate sources,2,1,0,0,0,0,0,0.85,0.85,0.85,1.1784,,,,,reported or repository-inferred association; not epidemiological proof of causation
Paneer,industrial grade acetic acid,vomiting,repository-inferred from separate sources,2,1,0,0,1,0,0,0.85,0.9,0.85,1.1784,,,,,reported or repository-inferred association; not epidemiological proof of causation
Paneer,industrial grade acetic acid,diarrhoea,repository-inferred from separate sources,2,1,0,0,0,0,0,0.85,0.9,0.85,1.1784,,,,,reported or repository-inferred association; not epidemiological proof of causation
Paneer,industrial grade acetic acid,internal bleeding,repository-inferred from separate sources,2,1,0,0,0,0,0,0.85,0.9,0.85,1.1784,,,,,reported or repository-inferred association; not epidemiological proof of causation
Paneer,industrial grade acetic acid,ulcers,repository-inferred from separate sources,2,1,0,0,0,0,0,0.85,0.85,0.85,1.1784,,,,,reported or repository-inferred association; not epidemiological proof of causation
Paneer,industrial grade acetic acid,severe acid reflux,repository-inferred from separate sources,2,1,0,0,0,0,0,0.85,0.85,0.85,1.1784,,,,,reported or repository-inferred association; not epidemiological proof of causation
Curd/yoghurt,milk powder,poison,repository-inferred from separate sources,2,1,0,0,0,0,0,0.95,0.85,0.85,1.1784,,,,,reported or repository-inferred association; not epidemiological proof of causation
Curd/yoghurt,milk powder,harmful to health,repository-inferred from separate sources,2,1,0,0,0,0,0,0.95,0.85,0.85,1.1784,,,,,reported or repository-inferred association; not epidemiological proof of causation
khowa,starch,gastrointestinal illness,repository-inferred from separate sources,2,1,0,0,0,0,0,0.95,0.85,0.85,1.1784,,,,,reported or repository-inferred association; not epidemiological proof of causation
khowa,starch,digestive system disturbance,repository-inferred from separate sources,2,1,0,0,0,0,0,0.95,0.85,0.85,1.1784,,,,,reported or repository-inferred association; not epidemiological proof of causation
khowa,starch,stomach pain and loose motions,repository-inferred from separate sources,2,1,0,0,0,0,0,0.95,0.85,0.85,1.1784,,,,,reported or repository-inferred association; not epidemiological proof of causation
khowa,starch,nausea,repository-inferred from separate sources,2,1,0,0,0,0,0,0.95,0.85,0.85,1.1784,,,,,reported or repository-inferred association; not epidemiological proof of causation
chhena,starch,allergic reaction,repository-inferred from separate sources,1,2,0,0,0,0,0,0.9,0.85,0.85,1.1784,,,,,reported or repository-inferred association; not epidemiological proof of causation
Mustard oil,artificial colours,long term health risks,repository-inferred from separate sources,2,1,0,0,0,0,0,0.95,0.85,0.85,1.1784,,,,,reported or repository-inferred association; not epidemiological proof of causation
chinese garlic,pesticide residue,hepatitis,repository-inferred from separate sources,1,2,0,0,0,0,0,0.9,0.85,0.85,1.1784,,,,,reported or repository-inferred association; not epidemiological proof of causation
garlic,heavy metals,kidney damage,repository-inferred from separate sources,1,2,0,0,0,0,0,0.85,0.925,0.85,1.1784,,,,,reported or repository-inferred association; not epidemiological proof of causation
garlic,heavy metals,cancer/carcinogenicity,repository-inferred from separate sources,1,2,0,0,1,0,0,0.85,0.8667,0.85,1.1784,,,,,reported or repository-inferred association; not epidemiological proof of causation
laddu,palm oil family,cardiovascular disease,repository-inferred from separate sources,2,1,0,0,0,0,0,0.85,0.9,0.85,1.1784,,,,,reported or repository-inferred association; not epidemiological proof of causation
laddu,palm oil family,cancer/carcinogenicity,repository-inferred from separate sources,2,1,0,0,0,0,0,0.85,0.85,0.85,1.1784,,,,,reported or repository-inferred association; not epidemiological proof of causation
laddu,palm oil family,increased cholesterol level,repository-inferred from separate sources,2,1,0,0,0,0,0,0.85,0.9,0.85,1.1784,,,,,reported or repository-inferred association; not epidemiological proof of causation
Butter,starch,gastrointestinal illness,repository-inferred from separate sources,2,1,0,0,0,0,0,0.875,0.85,0.85,1.1784,,,,,reported or repository-inferred association; not epidemiological proof of causation
Butter,starch,digestive system disturbance,repository-inferred from separate sources,2,1,0,0,0,0,0,0.875,0.85,0.85,1.1784,,,,,reported or repository-inferred association; not epidemiological proof of causation
Butter,starch,stomach pain and loose motions,repository-inferred from separate sources,2,1,0,0,0,0,0,0.875,0.85,0.85,1.1784,,,,,reported or repository-inferred association; not epidemiological proof of causation
Butter,starch,nausea,repository-inferred from separate sources,2,1,0,0,0,0,0,0.875,0.85,0.85,1.1784,,,,,reported or repository-inferred association; not epidemiological proof of causation
srivari laddu prasadam,adulterated ghee,vomiting,repository-inferred from separate sources,2,1,0,0,0,0,0,0.95,0.85,0.85,1.1784,,,,,reported or repository-inferred association; not epidemiological proof of causation
srivari laddu prasadam,adulterated ghee,health risks,repository-inferred from separate sources,2,1,0,0,0,0,0,0.95,0.85,0.85,1.1784,,,,,reported or repository-inferred association; not epidemiological proof of causation
chenna,starch,allergic reaction,repository-inferred from separate sources,1,2,0,0,0,0,0,0.95,0.85,0.85,1.1784,,,,,reported or repository-inferred association; not epidemiological proof of causation
mithai,starch,gastrointestinal illness,repository-inferred from separate sources,2,1,0,0,2,0,0,0.9,0.85,0.85,1.1784,,,,,reported or repository-inferred association; not epidemiological proof of causation
mithai,starch,digestive system disturbance,repository-inferred from separate sources,2,1,0,0,0,0,0,0.9,0.85,0.85,1.1784,,,,,reported or repository-inferred association; not epidemiological proof of causation
mithai,starch,stomach pain and loose motions,repository-inferred from separate sources,2,1,0,0,0,0,0,0.9,0.85,0.85,1.1784,,,,,reported or repository-inferred association; not epidemiological proof of causation
mithai,artificial dyes,long term health risks,repository-inferred from separate sources,2,1,0,0,1,0,0,0.9,0.85,0.85,1.1784,,,,,reported or repository-inferred association; not epidemiological proof of causation
dry fruits,mineral oil,cancer/carcinogenicity,repository-inferred from separate sources,2,1,0,0,0,0,0,0.875,0.85,0.85,1.1784,,,,,reported or repository-inferred association; not epidemiological proof of causation
Milk,heavy metals,kidney damage,repository-inferred from separate sources,1,2,0,0,0,0,0,0.85,0.925,0.85,1.1784,,,,,reported or repository-inferred association; not epidemiological proof of causation
Milk,heavy metals,cancer/carcinogenicity,repository-inferred from separate sources,1,2,0,0,0,0,0,0.85,0.8667,0.85,1.1784,,,,,reported or repository-inferred association; not epidemiological proof of causation
ginger garlic paste,adulterant,cancer/carcinogenicity,repository-inferred from separate sources,1,2,0,0,0,0,0,0.85,0.9,0.85,1.1784,,,,,reported or repository-inferred association; not epidemiological proof of causation
ginger garlic paste,adulterant,allergic reaction,repository-inferred from separate sources,1,2,0,0,0,0,0,0.85,0.9,0.85,1.1784,,,,,reported or repository-inferred association; not epidemiological proof of causation
ginger garlic paste,adulterant,organ damage,repository-inferred from separate sources,1,2,0,0,0,0,0,0.85,0.9,0.85,1.1784,,,,,reported or repository-inferred association; not epidemiological proof of causation
laddu,chemical additives,allergic reaction,repository-inferred from separate sources,1,2,0,0,0,0,0,0.85,0.85,0.85,1.1784,,,,,reported or repository-inferred association; not epidemiological proof of causation
Ghee,hydrogenated oils,heart problems,repository-inferred from separate sources,2,1,0,0,0,0,0,0.875,0.85,0.85,1.1784,,,,,reported or repository-inferred association; not epidemiological proof of causation
seafood,antibiotic residue,evolution of drug resistant superbugs,repository-inferred from separate sources,1,2,0,0,0,0,0,0.9,0.85,0.85,1.1784,,,,,reported or repository-inferred association; not epidemiological proof of causation
Ghee,antibiotic residue,evolution of drug resistant superbugs,repository-inferred from separate sources,1,2,0,0,0,0,0,0.85,0.85,0.85,1.1784,,,,,reported or repository-inferred association; not epidemiological proof of causation
Ghee,heavy metals,kidney damage,repository-inferred from separate sources,1,2,0,0,0,0,0,0.85,0.925,0.85,1.1784,,,,,reported or repository-inferred association; not epidemiological proof of causation
Ghee,heavy metals,cancer/carcinogenicity,repository-inferred from separate sources,1,2,0,0,0,0,0,0.85,0.8667,0.85,1.1784,,,,,reported or repository-inferred association; not epidemiological proof of causation
Tirupati laddu,chemical additives,allergic reaction,repository-inferred from separate sources,1,2,0,0,0,0,0,0.85,0.85,0.85,1.1784,,,,,reported or repository-inferred association; not epidemiological proof of causation
Ghee,harmful chemicals,cancerous changes,repository-inferred from separate sources,2,1,0,0,0,0,0,0.8667,0.85,0.85,1.1784,,,,,reported or repository-inferred association; not epidemiological proof of causation
Ghee,harmful chemicals,serious health problems,repository-inferred from separate sources,2,1,0,0,0,0,0,0.8667,0.85,0.85,1.1784,,,,,reported or repository-inferred association; not epidemiological proof of causation
Ghee,harmful chemicals,food poisoning,repository-inferred from separate sources,2,1,0,0,0,0,0,0.8667,0.85,0.85,1.1784,,,,,reported or repository-inferred association; not epidemiological proof of causation
Ghee,harmful chemicals,gastrointestinal illness,repository-inferred from separate sources,2,1,0,0,0,0,0,0.8667,0.85,0.85,1.1784,,,,,reported or repository-inferred association; not epidemiological proof of causation
Milk,bacteria,food borne illnesses,repository-inferred from separate sources,2,1,0,0,0,0,0,0.875,0.85,0.85,1.1784,,,,,reported or repository-inferred association; not epidemiological proof of causation
fruit juices,artificial colours,long term health risks,repository-inferred from separate sources,2,1,0,0,0,0,0,0.95,0.85,0.85,1.1784,,,,,reported or repository-inferred association; not epidemiological proof of causation
watermelon,salmonella,salmonellosis,repository-inferred from separate sources,1,2,0,0,0,0,0,0.85,0.95,0.85,1.1784,,,,,reported or repository-inferred association; not epidemiological proof of causation
watermelon,e coli,gastrointestinal illness,repository-inferred from separate sources,1,2,0,0,0,0,0,0.85,0.925,0.85,1.1784,,,,,reported or repository-inferred association; not epidemiological proof of causation
watermelon,e coli,stomach pain,repository-inferred from separate sources,1,2,0,0,0,0,0,0.85,0.925,0.85,1.1784,,,,,reported or repository-inferred association; not epidemiological proof of causation
protein powder,pesticide residue,toxic exposure,repository-inferred from separate sources,2,1,0,0,0,0,0,0.9,0.85,0.85,1.1784,,,,,reported or repository-inferred association; not epidemiological proof of causation
protein powder,pesticide residue,health harms,repository-inferred from separate sources,2,1,0,0,0,0,0,0.9,0.85,0.85,1.1784,,,,,reported or repository-inferred association; not epidemiological proof of causation
protein powder,pesticide residue,brain development impairment,repository-inferred from separate sources,2,1,0,0,0,0,0,0.9,0.85,0.85,1.1784,,,,,reported or repository-inferred association; not epidemiological proof of causation
protein powder,pesticide residue,toxic food,repository-inferred from separate sources,2,1,0,0,0,0,0,0.9,0.85,0.85,1.1784,,,,,reported or repository-inferred association; not epidemiological proof of causation
protein powder,pesticide residue,weakening our immune system,repository-inferred from separate sources,2,1,0,0,0,0,0,0.9,0.85,0.85,1.1784,,,,,reported or repository-inferred association; not epidemiological proof of causation
protein powder,lead,behavioral changes,repository-inferred from separate sources,2,1,0,0,0,0,0,0.9,0.85,0.85,1.1784,,,,,reported or repository-inferred association; not epidemiological proof of causation
protein powder,lead,iq reduction,repository-inferred from separate sources,2,1,0,0,0,0,0,0.9,0.85,0.85,1.1784,,,,,reported or repository-inferred association; not epidemiological proof of causation
protein powder,lead,health issues,repository-inferred from separate sources,2,1,0,0,0,0,0,0.9,0.85,0.85,1.1784,,,,,reported or repository-inferred association; not epidemiological proof of causation
Khoya/mawa,vegetable oil/fat,gastrointestinal illness,repository-inferred from separate sources,2,1,0,0,0,0,0,0.9,0.85,0.85,1.1784,,,,,reported or repository-inferred association; not epidemiological proof of causation
Khoya/mawa,vegetable oil/fat,cardiovascular problems,repository-inferred from separate sources,2,1,0,0,0,0,0,0.9,0.85,0.85,1.1784,,,,,reported or repository-inferred association; not epidemiological proof of causation
Khoya/mawa,vegetable oil/fat,adverse effects in humans,repository-inferred from separate sources,2,1,0,0,0,0,0,0.9,0.85,0.85,1.1784,,,,,reported or repository-inferred association; not epidemiological proof of causation
Khoya/mawa,vegetable oil/fat,heart lesions,repository-inferred from separate sources,2,1,0,0,0,0,0,0.9,0.85,0.85,1.1784,,,,,reported or repository-inferred association; not epidemiological proof of causation
Khoya/mawa,vegetable oil/fat,liver related issues,repository-inferred from separate sources,2,1,0,0,0,0,0,0.9,0.85,0.85,1.1784,,,,,reported or repository-inferred association; not epidemiological proof of causation
Khoya/mawa,vegetable oil/fat,complications in growth and behavioral development,repository-inferred from separate sources,2,1,0,0,0,0,0,0.9,0.85,0.85,1.1784,,,,,reported or repository-inferred association; not epidemiological proof of causation
Khoya/mawa,vegetable oil/fat,memory loss,repository-inferred from separate sources,2,1,0,0,0,0,0,0.9,0.85,0.85,1.1784,,,,,reported or repository-inferred association; not epidemiological proof of causation
Khoya/mawa,vegetable oil/fat,neurological symptoms,repository-inferred from separate sources,2,1,0,0,0,0,0,0.9,0.85,0.85,1.1784,,,,,reported or repository-inferred association; not epidemiological proof of causation
Khoya/mawa,vegetable oil/fat,nerve problems,repository-inferred from separate sources,2,1,0,0,0,0,0,0.9,0.85,0.85,1.1784,,,,,reported or repository-inferred association; not epidemiological proof of causation
mashed sweet potatoes,lead,kidney damage,repository-inferred from separate sources,1,2,0,0,0,0,0,0.85,0.9,0.85,1.1784,,,,,reported or repository-inferred association; not epidemiological proof of causation
fresh vegetables,pesticide residue,toxic exposure,repository-inferred from separate sources,2,1,0,0,0,0,0,0.95,0.85,0.85,1.1784,,,,,reported or repository-inferred association; not epidemiological proof of causation
fresh vegetables,pesticide residue,health harms,repository-inferred from separate sources,2,1,0,0,0,0,0,0.95,0.85,0.85,1.1784,,,,,reported or repository-inferred association; not epidemiological proof of causation
fresh vegetables,pesticide residue,brain development impairment,repository-inferred from separate sources,2,1,0,0,0,0,0,0.95,0.85,0.85,1.1784,,,,,reported or repository-inferred association; not epidemiological proof of causation
fresh vegetables,pesticide residue,toxic food,repository-inferred from separate sources,2,1,0,0,0,0,0,0.95,0.85,0.85,1.1784,,,,,reported or repository-inferred association; not epidemiological proof of causation
fresh vegetables,pesticide residue,weakening our immune system,repository-inferred from separate sources,2,1,0,0,0,0,0,0.95,0.85,0.85,1.1784,,,,,reported or repository-inferred association; not epidemiological proof of causation
Milk,e coli,kidney damage,repository-inferred from separate sources,2,1,0,0,0,0,0,0.85,0.9,0.85,1.1784,,,,,reported or repository-inferred association; not epidemiological proof of causation
Milk,e coli,hemolytic uremic syndrome,repository-inferred from separate sources,2,1,0,0,0,0,0,0.85,0.95,0.85,1.1784,,,,,reported or repository-inferred association; not epidemiological proof of causation
Milk,e coli,vomiting,repository-inferred from separate sources,2,1,0,0,0,0,0,0.85,0.95,0.85,1.1784,,,,,reported or repository-inferred association; not epidemiological proof of causation
Milk,e coli,low fever,repository-inferred from separate sources,2,1,0,0,0,0,0,0.85,0.95,0.85,1.1784,,,,,reported or repository-inferred association; not epidemiological proof of causation
Milk,e coli,uti,repository-inferred from separate sources,2,1,0,0,0,0,0,0.85,0.9,0.85,1.1784,,,,,reported or repository-inferred association; not epidemiological proof of causation
Milk,e coli,renal failure,repository-inferred from separate sources,2,1,0,0,0,0,0,0.85,0.85,0.85,1.1784,,,,,reported or repository-inferred association; not epidemiological proof of causation
Milk,e coli,foodborne illness,repository-inferred from separate sources,2,1,0,0,0,0,0,0.85,0.85,0.85,1.1784,,,,,reported or repository-inferred association; not epidemiological proof of causation
Milk,e coli,death,repository-inferred from separate sources,2,1,0,0,0,0,0,0.85,0.9,0.85,1.1784,,,,,reported or repository-inferred association; not epidemiological proof of causation
fruits and vegetables,pesticide residue,toxic exposure,repository-inferred from separate sources,2,1,0,0,0,0,0,0.875,0.85,0.85,1.1784,,,,,reported or repository-inferred association; not epidemiological proof of causation
fruits and vegetables,pesticide residue,health harms,repository-inferred from separate sources,2,1,0,0,0,0,0,0.875,0.85,0.85,1.1784,,,,,reported or repository-inferred association; not epidemiological proof of causation
fruits and vegetables,pesticide residue,brain development impairment,repository-inferred from separate sources,2,1,0,0,0,0,0,0.875,0.85,0.85,1.1784,,,,,reported or repository-inferred association; not epidemiological proof of causation
fruits and vegetables,pesticide residue,toxic food,repository-inferred from separate sources,2,1,0,0,0,0,0,0.875,0.85,0.85,1.1784,,,,,reported or repository-inferred association; not epidemiological proof of causation
fruits and vegetables,pesticide residue,weakening our immune system,repository-inferred from separate sources,2,1,0,0,0,0,0,0.875,0.85,0.85,1.1784,,,,,reported or repository-inferred association; not epidemiological proof of causation
Khoya/mawa,urea,kidney damage,repository-inferred from separate sources,1,2,0,0,1,0,0,0.85,0.875,0.85,1.1784,,,,,reported or repository-inferred association; not epidemiological proof of causation
Khoya/mawa,urea,organ damage,repository-inferred from separate sources,1,2,0,0,0,0,0,0.85,0.85,0.85,1.1784,,,,,reported or repository-inferred association; not epidemiological proof of causation
Khoya/mawa,urea,liver damage,repository-inferred from separate sources,1,2,0,0,0,0,0,0.85,0.875,0.85,1.1784,,,,,reported or repository-inferred association; not epidemiological proof of causation
Khoya/mawa,urea,renal failure,repository-inferred from separate sources,1,2,0,0,0,0,0,0.85,0.875,0.85,1.1784,,,,,reported or repository-inferred association; not epidemiological proof of causation
cough syrup,ethylene glycol,hospitalising 15 persons,repository-inferred from separate sources,2,1,0,0,0,0,0,0.85,0.9,0.85,1.1784,,,,,reported or repository-inferred association; not epidemiological proof of causation
cough syrup,ethylene glycol,kidney related problems,repository-inferred from separate sources,2,1,0,0,0,0,0,0.85,0.9,0.85,1.1784,,,,,reported or repository-inferred association; not epidemiological proof of causation
cough syrup,ethylene glycol,health risks to diabetic patients,repository-inferred from separate sources,2,1,0,0,0,0,0,0.85,0.85,0.85,1.1784,,,,,reported or repository-inferred association; not epidemiological proof of causation
cough syrup,ethylene glycol,acute renal complications,repository-inferred from separate sources,2,1,0,0,0,0,0,0.85,0.9,0.85,1.1784,,,,,reported or repository-inferred association; not epidemiological proof of causation
cough syrup,ethylene glycol,nervous system damage,repository-inferred from separate sources,2,1,0,0,0,0,0,0.85,0.9,0.85,1.1784,,,,,reported or repository-inferred association; not epidemiological proof of causation
cough syrup,ethylene glycol,food poisoning,repository-inferred from separate sources,2,1,0,0,0,0,0,0.85,0.9,0.85,1.1784,,,,,reported or repository-inferred association; not epidemiological proof of causation
cough syrup,ethylene glycol,kidney damage,repository-inferred from separate sources,2,1,0,0,0,0,0,0.85,0.9,0.85,1.1784,,,,,reported or repository-inferred association; not epidemiological proof of causation
cough syrup,ethylene glycol,inability to urinate,repository-inferred from separate sources,2,1,0,0,0,0,0,0.85,0.85,0.85,1.1784,,,,,reported or repository-inferred association; not epidemiological proof of causation
cough syrup,ethylene glycol,toxicity to humans if ingested,repository-inferred from separate sources,2,1,0,0,0,0,0,0.85,0.9,0.85,1.1784,,,,,reported or repository-inferred association; not epidemiological proof of causation
cough syrup,ethylene glycol,metabolic acidosis,repository-inferred from separate sources,2,1,0,0,0,0,0,0.85,0.9,0.85,1.1784,,,,,reported or repository-inferred association; not epidemiological proof of causation
cough syrup,diethylene glycol,food poisoning,repository-inferred from separate sources,2,1,0,0,0,0,0,0.85,0.9,0.85,1.1784,,,,,reported or repository-inferred association; not epidemiological proof of causation
cough syrup,diethylene glycol,death,repository-inferred from separate sources,2,1,0,0,1,0,0,0.85,0.91,0.85,1.1784,,,,,reported or repository-inferred association; not epidemiological proof of causation
Milk,oxytocin,renal failure,repository-inferred from separate sources,2,1,0,0,0,0,0,0.9,0.85,0.85,1.1784,,,,,reported or repository-inferred association; not epidemiological proof of causation
Milk,oxytocin,excessive blood loss,repository-inferred from separate sources,2,1,0,0,0,0,0,0.9,0.85,0.85,1.1784,,,,,reported or repository-inferred association; not epidemiological proof of causation
Milk,oxytocin,serious harm to consumers,repository-inferred from separate sources,2,1,0,0,0,0,0,0.9,0.85,0.85,1.1784,,,,,reported or repository-inferred association; not epidemiological proof of causation
chicken,bacterial contamination,food poisoning,repository-inferred from separate sources,1,2,0,0,0,0,0,0.85,0.875,0.85,1.1784,,,,,reported or repository-inferred association; not epidemiological proof of causation
Curd/yoghurt,starch,allergic reaction,repository-inferred from separate sources,1,2,0,0,0,0,0,0.9,0.85,0.85,1.1784,,,,,reported or repository-inferred association; not epidemiological proof of causation
Milk,antibiotic residue,evolution of drug resistant superbugs,repository-inferred from separate sources,1,2,0,0,0,0,0,0.9,0.85,0.85,1.1784,,,,,reported or repository-inferred association; not epidemiological proof of causation
eggs,antibiotic residue,serious harmful effects on human health,repository-inferred from separate sources,2,1,0,0,0,0,0,0.925,0.85,0.85,1.1784,,,,,reported or repository-inferred association; not epidemiological proof of causation
dairy products,salmonella,salmonellosis,repository-inferred from separate sources,1,2,0,0,0,0,0,0.85,0.95,0.85,1.1784,,,,,reported or repository-inferred association; not epidemiological proof of causation
spices,artificial colours,long term health risks,repository-inferred from separate sources,2,1,0,0,0,0,0,0.875,0.85,0.85,1.1784,,,,,reported or repository-inferred association; not epidemiological proof of causation
eggs,salmonella,acute diarrhoeal illness,repository-inferred from separate sources,2,1,0,0,0,0,0,0.9,0.85,0.85,1.1784,,,,,reported or repository-inferred association; not epidemiological proof of causation
poultry,antibiotic residue,evolution of drug resistant superbugs,repository-inferred from separate sources,1,2,0,0,0,0,0,0.9,0.85,0.85,1.1784,,,,,reported or repository-inferred association; not epidemiological proof of causation
food left at room temperature,bacteria,food poisoning,repository-inferred from separate sources,1,2,0,0,1,0,0,0.85,0.9,0.85,1.1784,,,,,reported or repository-inferred association; not epidemiological proof of causation
Milk,harmful chemicals,cancerous changes,repository-inferred from separate sources,2,1,0,0,0,0,0,0.85,0.85,0.85,1.1784,,,,,reported or repository-inferred association; not epidemiological proof of causation
Milk,harmful chemicals,cardiac troubles,repository-inferred from separate sources,2,1,0,0,0,0,0,0.85,0.9,0.85,1.1784,,,,,reported or repository-inferred association; not epidemiological proof of causation
Milk,harmful chemicals,respiratory troubles,repository-inferred from separate sources,2,1,0,0,0,0,0,0.85,0.9,0.85,1.1784,,,,,reported or repository-inferred association; not epidemiological proof of causation
Milk,harmful chemicals,serious health problems,repository-inferred from separate sources,2,1,0,0,0,0,0,0.85,0.85,0.85,1.1784,,,,,reported or repository-inferred association; not epidemiological proof of causation
Milk,harmful chemicals,food poisoning,repository-inferred from separate sources,2,1,0,0,0,0,0,0.85,0.85,0.85,1.1784,,,,,reported or repository-inferred association; not epidemiological proof of causation
Milk,harmful chemicals,gastrointestinal illness,repository-inferred from separate sources,2,1,0,0,0,0,0,0.85,0.85,0.85,1.1784,,,,,reported or repository-inferred association; not epidemiological proof of causation
medicinal syrups,ethylene glycol,kidney related ailments,repository-inferred from separate sources,1,2,0,0,0,0,0,0.85,0.9,0.85,1.1784,,,,,reported or repository-inferred association; not epidemiological proof of causation
medicinal syrups,ethylene glycol,nausea,repository-inferred from separate sources,1,2,0,0,0,0,0,0.85,0.9167,0.85,1.1784,,,,,reported or repository-inferred association; not epidemiological proof of causation
medicinal syrups,ethylene glycol,dizziness,repository-inferred from separate sources,1,2,0,0,0,0,0,0.85,0.925,0.85,1.1784,,,,,reported or repository-inferred association; not epidemiological proof of causation
mdh sambhar masala,salmonella,acute diarrhoeal illness,repository-inferred from separate sources,2,1,0,0,0,0,0,0.95,0.85,0.85,1.1784,,,,,reported or repository-inferred association; not epidemiological proof of causation
everest garam masala,salmonella,acute diarrhoeal illness,repository-inferred from separate sources,2,1,0,0,0,0,0,0.9,0.85,0.85,1.1784,,,,,reported or repository-inferred association; not epidemiological proof of causation
sambhar masala,salmonella,acute diarrhoeal illness,repository-inferred from separate sources,2,1,0,0,0,0,0,0.9,0.85,0.85,1.1784,,,,,reported or repository-inferred association; not epidemiological proof of causation
maggi masala ae magic,salmonella,acute diarrhoeal illness,repository-inferred from separate sources,2,1,0,0,0,0,0,0.9,0.85,0.85,1.1784,,,,,reported or repository-inferred association; not epidemiological proof of causation
wheat flour,pesticide residue,hepatitis,repository-inferred from separate sources,1,2,0,0,0,0,0,0.9,0.85,0.85,1.1784,,,,,reported or repository-inferred association; not epidemiological proof of causation
rice,pesticide residue,hepatitis,repository-inferred from separate sources,1,2,0,0,0,0,0,0.9,0.85,0.85,1.1784,,,,,reported or repository-inferred association; not epidemiological proof of causation
raw sprouts,e coli,gastrointestinal illness,repository-inferred from separate sources,1,2,0,0,0,0,0,0.85,0.925,0.85,1.1784,,,,,reported or repository-inferred association; not epidemiological proof of causation
raw sprouts,e coli,stomach pain,repository-inferred from separate sources,1,2,0,0,0,0,0,0.85,0.925,0.85,1.1784,,,,,reported or repository-inferred association; not epidemiological proof of causation
raw sprouts,salmonella,salmonellosis,repository-inferred from separate sources,1,2,0,0,0,0,0,0.85,0.95,0.85,1.1784,,,,,reported or repository-inferred association; not epidemiological proof of causation
leafy greens,e coli,gastrointestinal illness,repository-inferred from separate sources,1,2,0,0,0,0,0,0.85,0.925,0.85,1.1784,,,,,reported or repository-inferred association; not epidemiological proof of causation
leafy greens,e coli,stomach pain,repository-inferred from separate sources,1,2,0,0,0,0,0,0.85,0.925,0.85,1.1784,,,,,reported or repository-inferred association; not epidemiological proof of causation
leafy greens,salmonella,salmonellosis,repository-inferred from separate sources,1,2,0,0,0,0,0,0.85,0.95,0.85,1.1784,,,,,reported or repository-inferred association; not epidemiological proof of causation
pre cut fruits,e coli,gastrointestinal illness,repository-inferred from separate sources,1,2,0,0,0,0,0,0.85,0.925,0.85,1.1784,,,,,reported or repository-inferred association; not epidemiological proof of causation
pre cut fruits,e coli,stomach pain,repository-inferred from separate sources,1,2,0,0,0,0,0,0.85,0.925,0.85,1.1784,,,,,reported or repository-inferred association; not epidemiological proof of causation
pre cut fruits,salmonella,salmonellosis,repository-inferred from separate sources,1,2,0,0,0,0,0,0.85,0.95,0.85,1.1784,,,,,reported or repository-inferred association; not epidemiological proof of causation
adulterated turmeric,starch,allergic reaction,repository-inferred from separate sources,1,2,0,0,0,0,0,0.85,0.85,0.85,1.1784,,,,,reported or repository-inferred association; not epidemiological proof of causation
food grains,lead,kidney damage,repository-inferred from separate sources,1,2,0,0,0,0,0,0.85,0.9,0.85,1.1784,,,,,reported or repository-inferred association; not epidemiological proof of causation
protein powders,heavy metals,kidney damage,repository-inferred from separate sources,1,2,0,0,0,0,0,0.85,0.925,0.85,1.1784,,,,,reported or repository-inferred association; not epidemiological proof of causation
protein powders,heavy metals,cancer/carcinogenicity,repository-inferred from separate sources,1,2,0,0,0,0,0,0.85,0.8667,0.85,1.1784,,,,,reported or repository-inferred association; not epidemiological proof of causation
feed,toxins,food poisoning,repository-inferred from separate sources,1,2,0,0,0,0,0,0.85,0.95,0.85,1.1784,,,,,reported or repository-inferred association; not epidemiological proof of causation
Milk,preservatives,ca colon,repository-inferred from separate sources,1,2,0,0,0,0,0,0.9,0.85,0.85,1.1784,,,,,reported or repository-inferred association; not epidemiological proof of causation
Paneer,e coli,gastrointestinal illness,repository-inferred from separate sources,1,2,0,0,1,0,0,0.85,0.925,0.85,1.1784,,,,,reported or repository-inferred association; not epidemiological proof of causation
Paneer,e coli,stomach pain,repository-inferred from separate sources,1,2,0,0,0,0,0,0.85,0.925,0.85,1.1784,,,,,reported or repository-inferred association; not epidemiological proof of causation
edible oils,pesticide residue,toxic exposure,repository-inferred from separate sources,2,1,0,0,0,0,0,0.9,0.85,0.85,1.1784,,,,,reported or repository-inferred association; not epidemiological proof of causation
edible oils,pesticide residue,health harms,repository-inferred from separate sources,2,1,0,0,0,0,0,0.9,0.85,0.85,1.1784,,,,,reported or repository-inferred association; not epidemiological proof of causation
edible oils,pesticide residue,brain development impairment,repository-inferred from separate sources,2,1,0,0,0,0,0,0.9,0.85,0.85,1.1784,,,,,reported or repository-inferred association; not epidemiological proof of causation
edible oils,pesticide residue,toxic food,repository-inferred from separate sources,2,1,0,0,0,0,0,0.9,0.85,0.85,1.1784,,,,,reported or repository-inferred association; not epidemiological proof of causation
edible oils,pesticide residue,weakening our immune system,repository-inferred from separate sources,2,1,0,0,0,0,0,0.9,0.85,0.85,1.1784,,,,,reported or repository-inferred association; not epidemiological proof of causation
edible oils,heavy metals,long term exposure to heavy metals,repository-inferred from separate sources,2,1,0,0,0,0,0,0.9,0.85,0.85,1.1784,,,,,reported or repository-inferred association; not epidemiological proof of causation
Groundnut oil,palm oil family,cancer/carcinogenicity,repository-inferred from separate sources,2,1,0,0,0,0,0,0.9333,0.85,0.85,1.1784,,,,,reported or repository-inferred association; not epidemiological proof of causation
Edible/cooking oil,pesticide residue,hepatitis,repository-inferred from separate sources,1,2,0,0,0,0,0,0.9,0.85,0.85,1.1784,,,,,reported or repository-inferred association; not epidemiological proof of causation
olive oil,palm oil family,cardiovascular disease,repository-inferred from separate sources,2,1,0,0,0,0,0,0.85,0.9,0.85,1.1784,,,,,reported or repository-inferred association; not epidemiological proof of causation
olive oil,palm oil family,cancer/carcinogenicity,repository-inferred from separate sources,2,1,0,0,0,0,0,0.85,0.85,0.85,1.1784,,,,,reported or repository-inferred association; not epidemiological proof of causation
olive oil,palm oil family,increased cholesterol level,repository-inferred from separate sources,2,1,0,0,0,0,0,0.85,0.9,0.85,1.1784,,,,,reported or repository-inferred association; not epidemiological proof of causation
everest masala,ethylene oxide,toxicity,repository-inferred from separate sources,1,2,0,0,0,0,0,0.85,0.875,0.85,1.1784,,,,,reported or repository-inferred association; not epidemiological proof of causation
mdh,ethylene oxide,toxicity,repository-inferred from separate sources,1,2,0,0,0,0,0,0.85,0.875,0.85,1.1784,,,,,reported or repository-inferred association; not epidemiological proof of causation
ground spices,starch,allergic reaction,repository-inferred from separate sources,1,2,0,0,0,0,0,0.85,0.85,0.85,1.1784,,,,,reported or repository-inferred association; not epidemiological proof of causation
citrus fruits,pesticide residue,hepatitis,repository-inferred from separate sources,1,2,0,0,0,0,0,0.85,0.85,0.85,1.1784,,,,,reported or repository-inferred association; not epidemiological proof of causation
Khoya/mawa,unknown adulterant,acute renal dysfunction,repository-inferred from separate sources,3,1,0,0,0,0,0,0.7167,0.8,0.7167,1.1534,,,,,reported or repository-inferred association; not epidemiological proof of causation
Khoya/mawa,unknown adulterant,death,repository-inferred from separate sources,3,1,0,0,0,0,0,0.7167,0.9,0.7167,1.1534,,,,,reported or repository-inferred association; not epidemiological proof of causation
Khoya/mawa,unknown adulterant,vomiting,repository-inferred from separate sources,3,1,0,0,0,0,0,0.7167,0.9,0.7167,1.1534,,,,,reported or repository-inferred association; not epidemiological proof of causation
Khoya/mawa,unknown adulterant,urination problems,repository-inferred from separate sources,3,1,0,0,0,0,0,0.7167,0.9,0.7167,1.1534,,,,,reported or repository-inferred association; not epidemiological proof of causation
Milk,salmonella,intestinal infections,repository-inferred from separate sources,2,1,0,0,0,0,0,0.825,0.9,0.825,1.1437,,,,,reported or repository-inferred association; not epidemiological proof of causation
bottled water,microplastics,inflammation,repository-inferred from separate sources,1,2,0,0,0,0,0,0.9,0.825,0.825,1.1437,,,,,reported or repository-inferred association; not epidemiological proof of causation
seafood,microplastics,inflammation,repository-inferred from separate sources,1,2,0,0,0,0,0,0.9,0.825,0.825,1.1437,,,,,reported or repository-inferred association; not epidemiological proof of causation
poultry,microplastics,inflammation,repository-inferred from separate sources,1,2,0,0,0,0,0,0.9,0.825,0.825,1.1437,,,,,reported or repository-inferred association; not epidemiological proof of causation
fruits,microplastics,inflammation,repository-inferred from separate sources,1,2,0,0,0,0,0,0.9,0.825,0.825,1.1437,,,,,reported or repository-inferred association; not epidemiological proof of causation
vegetables,microplastics,inflammation,repository-inferred from separate sources,1,2,0,0,0,0,0,0.9,0.825,0.825,1.1437,,,,,reported or repository-inferred association; not epidemiological proof of causation
prepared foods,microplastics,inflammation,repository-inferred from separate sources,1,2,0,0,0,0,0,0.9,0.825,0.825,1.1437,,,,,reported or repository-inferred association; not epidemiological proof of causation
coffee,microplastics,inflammation,repository-inferred from separate sources,1,2,0,0,0,0,0,0.9,0.825,0.825,1.1437,,,,,reported or repository-inferred association; not epidemiological proof of causation
packaged table salt,microplastics,inflammation,repository-inferred from separate sources,1,2,0,0,0,0,0,0.9,0.825,0.825,1.1437,,,,,reported or repository-inferred association; not epidemiological proof of causation
tea,microplastics,inflammation,repository-inferred from separate sources,1,2,0,0,0,0,0,0.9,0.825,0.825,1.1437,,,,,reported or repository-inferred association; not epidemiological proof of causation
Butter,unknown adulterant,gastrointestinal illness,repository-inferred from separate sources,1,3,0,0,0,0,0,0.7,0.8833,0.7,1.1266,,,,,reported or repository-inferred association; not epidemiological proof of causation
Tirupati laddu,vegetable oil/fat,headaches,repository-inferred from separate sources,2,1,0,0,0,0,0,0.9,0.8,0.8,1.109,,,,,reported or repository-inferred association; not epidemiological proof of causation
tirupati laddus,adulterated ghee,vomiting,repository-inferred from separate sources,2,1,0,0,0,0,0,0.8,0.85,0.8,1.109,,,,,reported or repository-inferred association; not epidemiological proof of causation
tirupati laddus,adulterated ghee,health risks,repository-inferred from separate sources,2,1,0,0,0,0,0,0.8,0.85,0.8,1.109,,,,,reported or repository-inferred association; not epidemiological proof of causation
Milk,cheap oils,serious health risk,repository-inferred from separate sources,2,1,0,0,0,0,0,0.9,0.8,0.8,1.109,,,,,reported or repository-inferred association; not epidemiological proof of causation
laddu,palm oil family,harmful for health,repository-inferred from separate sources,2,1,0,0,0,0,0,0.85,0.8,0.8,1.109,,,,,reported or repository-inferred association; not epidemiological proof of causation
srivari laddu prasadam,ghee,harmful for health,repository-inferred from separate sources,2,1,0,0,0,0,0,0.9,0.8,0.8,1.109,,,,,reported or repository-inferred association; not epidemiological proof of causation
Ghee,harmful chemicals,health hazards,repository-inferred from separate sources,2,1,0,0,0,0,0,0.8667,0.8,0.8,1.109,,,,,reported or repository-inferred association; not epidemiological proof of causation
Milk,bacteria,stomach infection,repository-inferred from separate sources,2,1,0,0,0,0,0,0.875,0.8,0.8,1.109,,,,,reported or repository-inferred association; not epidemiological proof of causation
Milk,bacteria,diarrhoea,repository-inferred from separate sources,2,1,0,0,0,0,0,0.875,0.8,0.8,1.109,,,,,reported or repository-inferred association; not epidemiological proof of causation
Paneer,caustic soda,harmful to human beings,repository-inferred from separate sources,2,1,0,0,0,0,0,0.95,0.8,0.8,1.109,,,,,reported or repository-inferred association; not epidemiological proof of causation
protein powder,pesticide residue,hazards to human health,repository-inferred from separate sources,2,1,0,0,0,0,0,0.9,0.8,0.8,1.109,,,,,reported or repository-inferred association; not epidemiological proof of causation
protein powder,pesticide residue,health issues,repository-inferred from separate sources,2,1,0,0,0,0,0,0.9,0.8,0.8,1.109,,,,,reported or repository-inferred association; not epidemiological proof of causation
protein powder,pesticide residue,long lasting adverse effects on health,repository-inferred from separate sources,2,1,0,0,0,0,0,0.9,0.8,0.8,1.109,,,,,reported or repository-inferred association; not epidemiological proof of causation
protein powder,lead,risks affecting growth,repository-inferred from separate sources,2,1,0,0,0,0,0,0.9,0.8,0.8,1.109,,,,,reported or repository-inferred association; not epidemiological proof of causation
protein powder,lead,serious health risks,repository-inferred from separate sources,2,1,0,0,0,0,0,0.9,0.8,0.8,1.109,,,,,reported or repository-inferred association; not epidemiological proof of causation
protein powder,arsenic,toxicity,repository-inferred from separate sources,2,1,0,0,0,0,0,0.9167,0.8,0.8,1.109,,,,,reported or repository-inferred association; not epidemiological proof of causation
Khoya/mawa,vegetable oil/fat,headaches,repository-inferred from separate sources,2,1,0,0,0,0,0,0.9,0.8,0.8,1.109,,,,,reported or repository-inferred association; not epidemiological proof of causation
fresh vegetables,pesticide residue,hazards to human health,repository-inferred from separate sources,2,1,0,0,0,0,0,0.95,0.8,0.8,1.109,,,,,reported or repository-inferred association; not epidemiological proof of causation
fresh vegetables,pesticide residue,health issues,repository-inferred from separate sources,2,1,0,0,0,0,0,0.95,0.8,0.8,1.109,,,,,reported or repository-inferred association; not epidemiological proof of causation
fresh vegetables,pesticide residue,long lasting adverse effects on health,repository-inferred from separate sources,2,1,0,0,0,0,0,0.95,0.8,0.8,1.109,,,,,reported or repository-inferred association; not epidemiological proof of causation
fruits and vegetables,pesticide residue,hazards to human health,repository-inferred from separate sources,2,1,0,0,0,0,0,0.875,0.8,0.8,1.109,,,,,reported or repository-inferred association; not epidemiological proof of causation
fruits and vegetables,pesticide residue,health issues,repository-inferred from separate sources,2,1,0,0,0,0,0,0.875,0.8,0.8,1.109,,,,,reported or repository-inferred association; not epidemiological proof of causation
fruits and vegetables,pesticide residue,long lasting adverse effects on health,repository-inferred from separate sources,2,1,0,0,0,0,0,0.875,0.8,0.8,1.109,,,,,reported or repository-inferred association; not epidemiological proof of causation
Paneer,adulterant,cancer/carcinogenicity,repository-inferred from separate sources,1,2,0,0,0,0,0,0.8,0.9,0.8,1.109,,,,,reported or repository-inferred association; not epidemiological proof of causation
Paneer,adulterant,allergic reaction,repository-inferred from separate sources,1,2,0,0,0,0,0,0.8,0.9,0.8,1.109,,,,,reported or repository-inferred association; not epidemiological proof of causation
Paneer,adulterant,organ damage,repository-inferred from separate sources,1,2,0,0,0,0,0,0.8,0.9,0.8,1.109,,,,,reported or repository-inferred association; not epidemiological proof of causation
organic dark chocolate,lead,kidney damage,repository-inferred from separate sources,1,2,0,0,0,0,0,0.8,0.9,0.8,1.109,,,,,reported or repository-inferred association; not epidemiological proof of causation
Milk,oxytocin,side effects on humans,repository-inferred from separate sources,2,1,0,0,0,0,0,0.9,0.8,0.8,1.109,,,,,reported or repository-inferred association; not epidemiological proof of causation
water,arsenic,toxicity,repository-inferred from separate sources,2,1,0,0,0,0,0,0.925,0.8,0.8,1.109,,,,,reported or repository-inferred association; not epidemiological proof of causation
Milk,harmful chemicals,health hazards,repository-inferred from separate sources,2,1,0,0,0,0,0,0.85,0.8,0.8,1.109,,,,,reported or repository-inferred association; not epidemiological proof of causation
edible oils,pesticide residue,hazards to human health,repository-inferred from separate sources,2,1,0,0,0,0,0,0.9,0.8,0.8,1.109,,,,,reported or repository-inferred association; not epidemiological proof of causation
edible oils,pesticide residue,health issues,repository-inferred from separate sources,2,1,0,0,0,0,0,0.9,0.8,0.8,1.109,,,,,reported or repository-inferred association; not epidemiological proof of causation
edible oils,pesticide residue,long lasting adverse effects on health,repository-inferred from separate sources,2,1,0,0,0,0,0,0.9,0.8,0.8,1.109,,,,,reported or repository-inferred association; not epidemiological proof of causation
Groundnut oil,palm oil family,harmful for health,repository-inferred from separate sources,2,1,0,0,0,0,0,0.9333,0.8,0.8,1.109,,,,,reported or repository-inferred association; not epidemiological proof of causation
olive oil,palm oil family,harmful for health,repository-inferred from separate sources,2,1,0,0,0,0,0,0.85,0.8,0.8,1.109,,,,,reported or repository-inferred association; not epidemiological proof of causation
Cheese,adulterant,cancer/carcinogenicity,repository-inferred from separate sources,1,2,0,0,0,0,0,0.8,0.9,0.8,1.109,,,,,reported or repository-inferred association; not epidemiological proof of causation
Cheese,adulterant,allergic reaction,repository-inferred from separate sources,1,2,0,0,0,0,0,0.8,0.9,0.8,1.109,,,,,reported or repository-inferred association; not epidemiological proof of causation
Cheese,adulterant,organ damage,repository-inferred from separate sources,1,2,0,0,0,0,0,0.8,0.9,0.8,1.109,,,,,reported or repository-inferred association; not epidemiological proof of causation
hydrogenated vanaspati,trans fat,heart diseases,repository-inferred from separate sources,1,1,0,0,0,0,0,0.95,0.95,0.95,1.0437,,,,,reported or repository-inferred association; not epidemiological proof of causation
rice cereal,arsenic,death,repository-inferred from separate sources,1,1,0,0,0,0,0,0.95,0.95,0.95,1.0437,,,,,reported or repository-inferred association; not epidemiological proof of causation
Khoya/mawa,formalin/formaldehyde,gastrointestinal toxicity,repository-inferred from separate sources,1,1,0,0,0,0,0,0.95,0.95,0.95,1.0437,,,,,reported or repository-inferred association; not epidemiological proof of causation
Khoya/mawa,formalin/formaldehyde,allergic reaction,repository-inferred from separate sources,1,1,0,0,0,0,0,0.95,0.95,0.95,1.0437,,,,,reported or repository-inferred association; not epidemiological proof of causation
Khoya/mawa,formalin/formaldehyde,respiratory problems,repository-inferred from separate sources,1,1,0,0,0,0,0,0.95,0.95,0.95,1.0437,,,,,reported or repository-inferred association; not epidemiological proof of causation
Khoya/mawa,formalin/formaldehyde,food poisoning,repository-inferred from separate sources,1,1,0,0,0,0,0,0.95,0.95,0.95,1.0437,,,,,reported or repository-inferred association; not epidemiological proof of causation
eggs,e coli,hemolytic uremic syndrome,repository-inferred from separate sources,1,1,0,0,0,0,0,0.95,0.95,0.95,1.0437,,,,,reported or repository-inferred association; not epidemiological proof of causation
eggs,e coli,vomiting,repository-inferred from separate sources,1,1,0,0,0,0,0,0.95,0.95,0.95,1.0437,,,,,reported or repository-inferred association; not epidemiological proof of causation
eggs,e coli,low fever,repository-inferred from separate sources,1,1,0,0,0,0,0,0.95,0.95,0.95,1.0437,,,,,reported or repository-inferred association; not epidemiological proof of causation
fish curry masala,ethylene oxide,lymphoma,repository-inferred from separate sources,1,1,0,0,0,0,0,0.95,0.95,0.95,1.0437,,,,,reported or repository-inferred association; not epidemiological proof of causation
spice mix,ethylene oxide,lymphoma,repository-inferred from separate sources,1,1,0,0,0,0,0,0.95,0.95,0.95,1.0437,,,,,reported or repository-inferred association; not epidemiological proof of causation
Milk,arsenic,death,repository-inferred from separate sources,1,1,0,0,0,0,0,0.95,0.95,0.95,1.0437,,,,,reported or repository-inferred association; not epidemiological proof of causation
rapeseed oil,tri ortho cresyl phosphate,reproductive toxicity,repository-inferred from separate sources,1,1,0,0,0,0,0,0.95,0.95,0.95,1.0437,,,,,reported or repository-inferred association; not epidemiological proof of causation
rapeseed oil,tri ortho cresyl phosphate,immunotoxicity,repository-inferred from separate sources,1,1,0,0,0,0,0,0.95,0.95,0.95,1.0437,,,,,reported or repository-inferred association; not epidemiological proof of causation
onions,e coli,hemolytic uremic syndrome,repository-inferred from separate sources,1,1,0,0,0,0,0,0.95,0.95,0.95,1.0437,,,,,reported or repository-inferred association; not epidemiological proof of causation
onions,e coli,vomiting,repository-inferred from separate sources,1,1,0,0,0,0,0,0.95,0.95,0.95,1.0437,,,,,reported or repository-inferred association; not epidemiological proof of causation
onions,e coli,low fever,repository-inferred from separate sources,1,1,0,0,0,0,0,0.95,0.95,0.95,1.0437,,,,,reported or repository-inferred association; not epidemiological proof of causation
ginger garlic paste,preservatives,ca colon,repository-inferred from separate sources,1,2,0,0,0,0,0,0.75,0.85,0.75,1.0397,,,,,reported or repository-inferred association; not epidemiological proof of causation
ginger garlic paste,preservatives,cardiovascular disease,repository-inferred from separate sources,1,2,0,0,0,0,0,0.75,0.9,0.75,1.0397,,,,,reported or repository-inferred association; not epidemiological proof of causation
laddu,palm oil family,health harm,repository-inferred from separate sources,2,1,0,0,0,0,0,0.85,0.75,0.75,1.0397,,,,,reported or repository-inferred association; not epidemiological proof of causation
Tirupati laddu,adulterant,mucus formation,repository-inferred from separate sources,2,1,0,0,0,0,0,0.75,0.85,0.75,1.0397,,,,,reported or repository-inferred association; not epidemiological proof of causation
Tirupati laddu,adulterant,kidney harm,repository-inferred from separate sources,2,1,0,0,0,0,0,0.75,0.85,0.75,1.0397,,,,,reported or repository-inferred association; not epidemiological proof of causation
cakes and buns,sodium benzoate,cancer/carcinogenicity,repository-inferred from separate sources,2,1,0,0,0,0,0,0.825,0.75,0.75,1.0397,,,,,reported or repository-inferred association; not epidemiological proof of causation
cakes and buns,sorbic acid,cancer/carcinogenicity,repository-inferred from separate sources,2,1,0,0,0,0,0,0.875,0.75,0.75,1.0397,,,,,reported or repository-inferred association; not epidemiological proof of causation
Tirupati laddu,chemicals,serious health risks,repository-inferred from separate sources,2,1,0,0,0,0,0,0.75,0.85,0.75,1.0397,,,,,reported or repository-inferred association; not epidemiological proof of causation
Tirupati laddu,chemicals,public health risks,repository-inferred from separate sources,2,1,0,0,0,0,0,0.75,0.8,0.75,1.0397,,,,,reported or repository-inferred association; not epidemiological proof of causation
Tirupati laddu,chemicals,death,repository-inferred from separate sources,2,1,0,0,0,0,0,0.75,0.85,0.75,1.0397,,,,,reported or repository-inferred association; not epidemiological proof of causation
hydrogenated oils,trans fats,cancer/carcinogenicity,repository-inferred from separate sources,1,2,0,0,0,0,0,0.9,0.75,0.75,1.0397,,,,,reported or repository-inferred association; not epidemiological proof of causation
Ghee,trans fats,cancer/carcinogenicity,repository-inferred from separate sources,1,2,0,0,0,0,0,0.9,0.75,0.75,1.0397,,,,,reported or repository-inferred association; not epidemiological proof of causation
seafood,antibiotic residue,toxicities,repository-inferred from separate sources,1,2,0,0,0,0,0,0.9,0.75,0.75,1.0397,,,,,reported or repository-inferred association; not epidemiological proof of causation
Ghee,antibiotic residue,toxicities,repository-inferred from separate sources,1,2,0,0,0,0,0,0.85,0.75,0.75,1.0397,,,,,reported or repository-inferred association; not epidemiological proof of causation
protein powder,pesticide residue,cell damage,repository-inferred from separate sources,2,1,0,0,0,0,0,0.9,0.75,0.75,1.0397,,,,,reported or repository-inferred association; not epidemiological proof of causation
protein powder,pesticide residue,disorders in the biological regulatory systems,repository-inferred from separate sources,2,1,0,0,0,0,0,0.9,0.75,0.75,1.0397,,,,,reported or repository-inferred association; not epidemiological proof of causation
protein powder,pesticide residue,health consequences,repository-inferred from separate sources,2,1,0,0,0,0,0,0.9,0.75,0.75,1.0397,,,,,reported or repository-inferred association; not epidemiological proof of causation
protein powder,pesticide residue,weakening immune system,repository-inferred from separate sources,2,1,0,0,0,0,0,0.9,0.75,0.75,1.0397,,,,,reported or repository-inferred association; not epidemiological proof of causation
fish,ammonia,neurological damage,repository-inferred from separate sources,2,1,0,0,0,0,0,0.925,0.75,0.75,1.0397,,,,,reported or repository-inferred association; not epidemiological proof of causation
fresh vegetables,pesticide residue,cell damage,repository-inferred from separate sources,2,1,0,0,0,0,0,0.95,0.75,0.75,1.0397,,,,,reported or repository-inferred association; not epidemiological proof of causation
fresh vegetables,pesticide residue,disorders in the biological regulatory systems,repository-inferred from separate sources,2,1,0,0,0,0,0,0.95,0.75,0.75,1.0397,,,,,reported or repository-inferred association; not epidemiological proof of causation
fresh vegetables,pesticide residue,health consequences,repository-inferred from separate sources,2,1,0,0,0,0,0,0.95,0.75,0.75,1.0397,,,,,reported or repository-inferred association; not epidemiological proof of causation
fresh vegetables,pesticide residue,weakening immune system,repository-inferred from separate sources,2,1,0,0,0,0,0,0.95,0.75,0.75,1.0397,,,,,reported or repository-inferred association; not epidemiological proof of causation
fruits and vegetables,pesticide residue,cell damage,repository-inferred from separate sources,2,1,0,0,0,0,0,0.875,0.75,0.75,1.0397,,,,,reported or repository-inferred association; not epidemiological proof of causation
fruits and vegetables,pesticide residue,disorders in the biological regulatory systems,repository-inferred from separate sources,2,1,0,0,0,0,0,0.875,0.75,0.75,1.0397,,,,,reported or repository-inferred association; not epidemiological proof of causation
fruits and vegetables,pesticide residue,health consequences,repository-inferred from separate sources,2,1,0,0,0,0,0,0.875,0.75,0.75,1.0397,,,,,reported or repository-inferred association; not epidemiological proof of causation
fruits and vegetables,pesticide residue,weakening immune system,repository-inferred from separate sources,2,1,0,0,0,0,0,0.875,0.75,0.75,1.0397,,,,,reported or repository-inferred association; not epidemiological proof of causation
water,bacteria,food poisoning,repository-inferred from separate sources,1,2,0,0,0,0,0,0.75,0.9,0.75,1.0397,,,,,reported or repository-inferred association; not epidemiological proof of causation
spices,adulterant,cancer/carcinogenicity,repository-inferred from separate sources,1,2,0,0,0,0,0,0.75,0.9,0.75,1.0397,,,,,reported or repository-inferred association; not epidemiological proof of causation
spices,adulterant,allergic reaction,repository-inferred from separate sources,1,2,0,0,0,0,0,0.75,0.9,0.75,1.0397,,,,,reported or repository-inferred association; not epidemiological proof of causation
spices,adulterant,organ damage,repository-inferred from separate sources,1,2,0,0,0,0,0,0.75,0.9,0.75,1.0397,,,,,reported or repository-inferred association; not epidemiological proof of causation
Milk,oxytocin,health effects on young children and babies,repository-inferred from separate sources,2,1,0,0,0,0,0,0.9,0.75,0.75,1.0397,,,,,reported or repository-inferred association; not epidemiological proof of causation
Milk,antibiotic residue,toxicities,repository-inferred from separate sources,1,2,0,0,0,0,0,0.9,0.75,0.75,1.0397,,,,,reported or repository-inferred association; not epidemiological proof of causation
poultry,antibiotic residue,toxicities,repository-inferred from separate sources,1,2,0,0,0,0,0,0.9,0.75,0.75,1.0397,,,,,reported or repository-inferred association; not epidemiological proof of causation
Milk,toxins,food poisoning,repository-inferred from separate sources,1,2,0,0,0,0,0,0.75,0.95,0.75,1.0397,,,,,reported or repository-inferred association; not epidemiological proof of causation
edible oils,pesticide residue,cell damage,repository-inferred from separate sources,2,1,0,0,0,0,0,0.9,0.75,0.75,1.0397,,,,,reported or repository-inferred association; not epidemiological proof of causation
edible oils,pesticide residue,disorders in the biological regulatory systems,repository-inferred from separate sources,2,1,0,0,0,0,0,0.9,0.75,0.75,1.0397,,,,,reported or repository-inferred association; not epidemiological proof of causation
edible oils,pesticide residue,health consequences,repository-inferred from separate sources,2,1,0,0,0,0,0,0.9,0.75,0.75,1.0397,,,,,reported or repository-inferred association; not epidemiological proof of causation
edible oils,pesticide residue,weakening immune system,repository-inferred from separate sources,2,1,0,0,0,0,0,0.9,0.75,0.75,1.0397,,,,,reported or repository-inferred association; not epidemiological proof of causation
Groundnut oil,palm oil family,health harm,repository-inferred from separate sources,2,1,0,0,0,0,0,0.9333,0.75,0.75,1.0397,,,,,reported or repository-inferred association; not epidemiological proof of causation
olive oil,palm oil family,health harm,repository-inferred from separate sources,2,1,0,0,0,0,0,0.85,0.75,0.75,1.0397,,,,,reported or repository-inferred association; not epidemiological proof of causation
Edible/cooking oil,reused cooking oil,cardiovascular disease,repository-inferred from separate sources,1,2,0,0,0,0,0,0.75,0.825,0.75,1.0397,,,,,reported or repository-inferred association; not epidemiological proof of causation
Mustard oil,adulterant,cancer/carcinogenicity,repository-inferred from separate sources,1,2,0,0,0,0,0,0.75,0.9,0.75,1.0397,,,,,reported or repository-inferred association; not epidemiological proof of causation
Mustard oil,adulterant,allergic reaction,repository-inferred from separate sources,1,2,0,0,0,0,0,0.75,0.9,0.75,1.0397,,,,,reported or repository-inferred association; not epidemiological proof of causation
Mustard oil,adulterant,organ damage,repository-inferred from separate sources,1,2,0,0,0,0,0,0.75,0.9,0.75,1.0397,,,,,reported or repository-inferred association; not epidemiological proof of causation
rapeseed oil,tri ortho cresyl phosphate,neurological effects,repository-inferred from separate sources,1,1,0,0,0,0,0,0.95,0.9333,0.9333,1.0254,,,,,reported or repository-inferred association; not epidemiological proof of causation
article of food,adulterant,cancer/carcinogenicity,repository-inferred from separate sources,0,2,0,0,0,1,0,0.9,0.9,0.9,0.9888,,,,,reported or repository-inferred association; not epidemiological proof of causation
article of food,adulterant,allergic reaction,repository-inferred from separate sources,0,2,0,0,0,1,0,0.9,0.9,0.9,0.9888,,,,,reported or repository-inferred association; not epidemiological proof of causation
article of food,adulterant,organ damage,repository-inferred from separate sources,0,2,0,0,0,1,0,0.9,0.9,0.9,0.9888,,,,,reported or repository-inferred association; not epidemiological proof of causation
hydrogenated vanaspati,trans fat,cardiovascular disease,repository-inferred from separate sources,1,1,0,0,0,0,0,0.95,0.9,0.9,0.9888,,,,,reported or repository-inferred association; not epidemiological proof of causation
hydrogenated vanaspati,trans fat,cancer/carcinogenicity,repository-inferred from separate sources,1,1,0,0,0,0,0,0.95,0.9,0.9,0.9888,,,,,reported or repository-inferred association; not epidemiological proof of causation
Paneer,formalin/formaldehyde,gastrointestinal toxicity,repository-inferred from separate sources,1,1,0,0,0,0,0,0.9,0.95,0.9,0.9888,,,,,reported or repository-inferred association; not epidemiological proof of causation
Paneer,formalin/formaldehyde,allergic reaction,repository-inferred from separate sources,1,1,0,0,0,0,0,0.9,0.95,0.9,0.9888,,,,,reported or repository-inferred association; not epidemiological proof of causation
Paneer,formalin/formaldehyde,respiratory problems,repository-inferred from separate sources,1,1,0,0,0,0,0,0.9,0.95,0.9,0.9888,,,,,reported or repository-inferred association; not epidemiological proof of causation
Paneer,formalin/formaldehyde,metabolic disturbances,repository-inferred from separate sources,1,1,0,0,0,0,0,0.9,0.9,0.9,0.9888,,,,,reported or repository-inferred association; not epidemiological proof of causation
Paneer,formalin/formaldehyde,multi-organ failure,repository-inferred from separate sources,1,1,0,0,0,0,0,0.9,0.9,0.9,0.9888,,,,,reported or repository-inferred association; not epidemiological proof of causation
Paneer,formalin/formaldehyde,food poisoning,repository-inferred from separate sources,1,1,0,0,0,0,0,0.9,0.95,0.9,0.9888,,,,,reported or repository-inferred association; not epidemiological proof of causation
Ghee,artificial flavouring,allergic reaction,repository-inferred from separate sources,1,1,0,0,0,0,0,0.9,0.9,0.9,0.9888,,,,,reported or repository-inferred association; not epidemiological proof of causation
chinese garlic,pesticide residue,birth defects,repository-inferred from separate sources,1,1,0,0,0,0,0,0.9,0.9,0.9,0.9888,,,,,reported or repository-inferred association; not epidemiological proof of causation
chinese garlic,pesticide residue,diabetes,repository-inferred from separate sources,1,1,0,0,0,0,0,0.9,0.9,0.9,0.9888,,,,,reported or repository-inferred association; not epidemiological proof of causation
chinese garlic,pesticide residue,reproductive failure,repository-inferred from separate sources,1,1,0,0,0,0,0,0.9,0.9,0.9,0.9888,,,,,reported or repository-inferred association; not epidemiological proof of causation
chinese garlic,pesticide residue,devastating health harms,repository-inferred from separate sources,1,1,0,0,0,0,0,0.9,0.9,0.9,0.9888,,,,,reported or repository-inferred association; not epidemiological proof of causation
dairy fat,palm oil family,cardiovascular disease,repository-inferred from separate sources,1,1,0,0,0,0,0,0.9,0.9,0.9,0.9888,,,,,reported or repository-inferred association; not epidemiological proof of causation
dairy fat,palm oil family,increased cholesterol level,repository-inferred from separate sources,1,1,0,0,0,0,0,0.9,0.9,0.9,0.9888,,,,,reported or repository-inferred association; not epidemiological proof of causation
counterfeit mysore sandal soap,heavy metals,neurological effects,repository-inferred from separate sources,1,1,0,0,0,0,0,0.9,0.9,0.9,0.9888,,,,,reported or repository-inferred association; not epidemiological proof of causation
counterfeit mysore sandal soap,heavy metals,chronic kidney disease,repository-inferred from separate sources,1,1,0,0,0,0,0,0.9,0.9,0.9,0.9888,,,,,reported or repository-inferred association; not epidemiological proof of causation
counterfeit mysore sandal soap,heavy metals,neurological problems,repository-inferred from separate sources,1,1,0,0,0,0,0,0.9,0.9,0.9,0.9888,,,,,reported or repository-inferred association; not epidemiological proof of causation
counterfeit mysore sandal soap,heavy metals,kidney issues,repository-inferred from separate sources,1,1,0,0,0,0,0,0.9,0.9,0.9,0.9888,,,,,reported or repository-inferred association; not epidemiological proof of causation
tirupati laddus,palm oil family,cardiovascular disease,repository-inferred from separate sources,1,1,0,0,0,0,0,0.9,0.9,0.9,0.9888,,,,,reported or repository-inferred association; not epidemiological proof of causation
tirupati laddus,palm oil family,increased cholesterol level,repository-inferred from separate sources,1,1,0,0,0,0,0,0.9,0.9,0.9,0.9888,,,,,reported or repository-inferred association; not epidemiological proof of causation
doughnuts,artificial colouring,allergic reaction,repository-inferred from separate sources,1,1,0,0,1,0,0,0.95,0.9,0.9,0.9888,,,,,reported or repository-inferred association; not epidemiological proof of causation
tea powder,unknown adulterant,death,repository-inferred from separate sources,1,1,0,0,0,0,0,0.9,0.9,0.9,0.9888,,,,,reported or repository-inferred association; not epidemiological proof of causation
tea powder,unknown adulterant,vomiting,repository-inferred from separate sources,1,1,0,0,0,0,0,0.9,0.9,0.9,0.9888,,,,,reported or repository-inferred association; not epidemiological proof of causation
tea powder,unknown adulterant,urination problems,repository-inferred from separate sources,1,1,0,0,0,0,0,0.9,0.9,0.9,0.9888,,,,,reported or repository-inferred association; not epidemiological proof of causation
Ghee,detergent,stomach irritation,repository-inferred from separate sources,1,1,0,0,0,0,0,0.9,0.9,0.9,0.9888,,,,,reported or repository-inferred association; not epidemiological proof of causation
Ghee,detergent,vomiting,repository-inferred from separate sources,1,1,0,0,0,0,0,0.9,0.9,0.9,0.9888,,,,,reported or repository-inferred association; not epidemiological proof of causation
Ghee,detergent,diarrhoea,repository-inferred from separate sources,1,1,0,0,1,0,0,0.9,0.9,0.9,0.9888,,,,,reported or repository-inferred association; not epidemiological proof of causation
Ghee,detergent,irritate the digestive tract,repository-inferred from separate sources,1,1,0,0,0,0,0,0.9,0.9,0.9,0.9888,,,,,reported or repository-inferred association; not epidemiological proof of causation
vanaspati,trans fatty acids,clog arteries,repository-inferred from separate sources,1,1,0,0,0,0,0,0.9,0.9,0.9,0.9888,,,,,reported or repository-inferred association; not epidemiological proof of causation
vanaspati,trans fatty acids,hypertension,repository-inferred from separate sources,1,1,0,0,0,0,0,0.9,0.9,0.9,0.9888,,,,,reported or repository-inferred association; not epidemiological proof of causation
vanaspati,trans fatty acids,cardiovascular disease,repository-inferred from separate sources,1,1,0,0,1,0,0,0.9,0.9,0.9,0.9888,,,,,reported or repository-inferred association; not epidemiological proof of causation
spice products,ethylene oxide,lymphoma,repository-inferred from separate sources,1,1,0,0,0,0,0,0.9,0.95,0.9,0.9888,,,,,reported or repository-inferred association; not epidemiological proof of causation
kalakand,formalin/formaldehyde,metabolic disturbances,repository-inferred from separate sources,1,1,0,0,0,0,0,0.9,0.9,0.9,0.9888,,,,,reported or repository-inferred association; not epidemiological proof of causation
kalakand,formalin/formaldehyde,multi-organ failure,repository-inferred from separate sources,1,1,0,0,0,0,0,0.9,0.9,0.9,0.9888,,,,,reported or repository-inferred association; not epidemiological proof of causation
kalakand,formalin/formaldehyde,food poisoning,repository-inferred from separate sources,1,1,0,0,0,0,0,0.9,0.95,0.9,0.9888,,,,,reported or repository-inferred association; not epidemiological proof of causation
Ghee,synthetic colours,health problems,repository-inferred from separate sources,1,1,0,0,0,0,0,0.95,0.9,0.9,0.9888,,,,,reported or repository-inferred association; not epidemiological proof of causation
Mustard oil,mineral oil,gastrointestinal problems,repository-inferred from separate sources,1,1,0,0,0,0,0,0.9,0.9,0.9,0.9888,,,,,reported or repository-inferred association; not epidemiological proof of causation
Mustard oil,mineral oil,liver damage,repository-inferred from separate sources,1,1,0,0,0,0,0,0.9,0.9,0.9,0.9888,,,,,reported or repository-inferred association; not epidemiological proof of causation
honey,water,gastrointestinal illness,repository-inferred from separate sources,1,1,0,0,1,0,0,0.9,0.9,0.9,0.9888,,,,,reported or repository-inferred association; not epidemiological proof of causation
honey,water,typhoid fever,repository-inferred from separate sources,1,1,0,0,0,0,0,0.9,0.9,0.9,0.9888,,,,,reported or repository-inferred association; not epidemiological proof of causation
honey,water,vomiting,repository-inferred from separate sources,1,1,0,0,0,0,0,0.9,0.9,0.9,0.9888,,,,,reported or repository-inferred association; not epidemiological proof of causation
honey,water,sudden collapse,repository-inferred from separate sources,1,1,0,0,0,0,0,0.9,0.9,0.9,0.9888,,,,,reported or repository-inferred association; not epidemiological proof of causation
honey,water,cardiac arrest,repository-inferred from separate sources,1,1,0,0,0,0,0,0.9,0.9,0.9,0.9888,,,,,reported or repository-inferred association; not epidemiological proof of causation
honey,water,illness,repository-inferred from separate sources,1,1,0,0,0,0,0,0.9,0.9,0.9,0.9888,,,,,reported or repository-inferred association; not epidemiological proof of causation
honey,water,jaundice,repository-inferred from separate sources,1,1,0,0,0,0,0,0.9,0.95,0.9,0.9888,,,,,reported or repository-inferred association; not epidemiological proof of causation
seafood,antibiotic residue,c difficile infection,repository-inferred from separate sources,1,1,0,0,0,0,0,0.9,0.9,0.9,0.9888,,,,,reported or repository-inferred association; not epidemiological proof of causation
seafood,antibiotic residue,diarrhoea,repository-inferred from separate sources,1,1,0,0,0,0,0,0.9,0.9,0.9,0.9888,,,,,reported or repository-inferred association; not epidemiological proof of causation
srivari laddu,palm oil family,cardiovascular disease,repository-inferred from separate sources,1,1,0,0,0,0,0,0.95,0.9,0.9,0.9888,,,,,reported or repository-inferred association; not epidemiological proof of causation
srivari laddu,palm oil family,increased cholesterol level,repository-inferred from separate sources,1,1,0,0,0,0,0,0.95,0.9,0.9,0.9888,,,,,reported or repository-inferred association; not epidemiological proof of causation
cake,synthetic colours,health problems,repository-inferred from separate sources,1,1,0,0,0,0,0,0.95,0.9,0.9,0.9888,,,,,reported or repository-inferred association; not epidemiological proof of causation
oil,total polar compounds,healtheffect_tpc_injury,repository-inferred from separate sources,1,1,0,0,0,0,0,0.9,0.9,0.9,0.9888,,,,,reported or repository-inferred association; not epidemiological proof of causation
oil,total polar compounds,liver ailments,repository-inferred from separate sources,1,1,0,0,0,0,0,0.9,0.9,0.9,0.9888,,,,,reported or repository-inferred association; not epidemiological proof of causation
oil,total polar compounds,heart problems,repository-inferred from separate sources,1,1,0,0,0,0,0,0.9,0.9,0.9,0.9888,,,,,reported or repository-inferred association; not epidemiological proof of causation
spice blends,ethylene oxide,lymphoma,repository-inferred from separate sources,1,1,0,0,0,0,0,0.9,0.95,0.9,0.9888,,,,,reported or repository-inferred association; not epidemiological proof of causation
Curd/yoghurt,ethylene glycol,hospitalising 15 persons,repository-inferred from separate sources,1,1,0,0,0,0,0,0.9,0.9,0.9,0.9888,,,,,reported or repository-inferred association; not epidemiological proof of causation
Curd/yoghurt,ethylene glycol,kidney related problems,repository-inferred from separate sources,1,1,0,0,0,0,0,0.9,0.9,0.9,0.9888,,,,,reported or repository-inferred association; not epidemiological proof of causation
Curd/yoghurt,ethylene glycol,acute renal complications,repository-inferred from separate sources,1,1,0,0,0,0,0,0.9,0.9,0.9,0.9888,,,,,reported or repository-inferred association; not epidemiological proof of causation
Curd/yoghurt,ethylene glycol,nervous system damage,repository-inferred from separate sources,1,1,0,0,0,0,0,0.9,0.9,0.9,0.9888,,,,,reported or repository-inferred association; not epidemiological proof of causation
Curd/yoghurt,ethylene glycol,food poisoning,repository-inferred from separate sources,1,1,0,0,0,0,0,0.9,0.9,0.9,0.9888,,,,,reported or repository-inferred association; not epidemiological proof of causation
Curd/yoghurt,ethylene glycol,kidney damage,repository-inferred from separate sources,1,1,0,0,0,0,0,0.9,0.9,0.9,0.9888,,,,,reported or repository-inferred association; not epidemiological proof of causation
Curd/yoghurt,ethylene glycol,toxicity to humans if ingested,repository-inferred from separate sources,1,1,0,0,0,0,0,0.9,0.9,0.9,0.9888,,,,,reported or repository-inferred association; not epidemiological proof of causation
Curd/yoghurt,ethylene glycol,metabolic acidosis,repository-inferred from separate sources,1,1,0,0,0,0,0,0.9,0.9,0.9,0.9888,,,,,reported or repository-inferred association; not epidemiological proof of causation
baby food,lead,impaired brain development,repository-inferred from separate sources,1,1,0,0,0,0,0,0.95,0.9,0.9,0.9888,,,,,reported or repository-inferred association; not epidemiological proof of causation
baby food,lead,impaired learning,repository-inferred from separate sources,1,1,0,0,0,0,0,0.95,0.9,0.9,0.9888,,,,,reported or repository-inferred association; not epidemiological proof of causation
leafy greens,heavy metals,neurological effects,repository-inferred from separate sources,1,1,0,0,0,0,0,0.9,0.9,0.9,0.9888,,,,,reported or repository-inferred association; not epidemiological proof of causation
leafy greens,heavy metals,chronic kidney disease,repository-inferred from separate sources,1,1,0,0,0,0,0,0.9,0.9,0.9,0.9888,,,,,reported or repository-inferred association; not epidemiological proof of causation
leafy greens,heavy metals,neurological problems,repository-inferred from separate sources,1,1,0,0,0,0,0,0.9,0.9,0.9,0.9888,,,,,reported or repository-inferred association; not epidemiological proof of causation
leafy greens,heavy metals,kidney issues,repository-inferred from separate sources,1,1,0,0,0,0,0,0.9,0.9,0.9,0.9888,,,,,reported or repository-inferred association; not epidemiological proof of causation
baby food,heavy metals,neurological effects,repository-inferred from separate sources,1,1,0,0,0,0,0,0.9,0.9,0.9,0.9888,,,,,reported or repository-inferred association; not epidemiological proof of causation
baby food,heavy metals,chronic kidney disease,repository-inferred from separate sources,1,1,0,0,0,0,0,0.9,0.9,0.9,0.9888,,,,,reported or repository-inferred association; not epidemiological proof of causation
baby food,heavy metals,neurological problems,repository-inferred from separate sources,1,1,0,0,0,0,0,0.9,0.9,0.9,0.9888,,,,,reported or repository-inferred association; not epidemiological proof of causation
baby food,heavy metals,kidney issues,repository-inferred from separate sources,1,1,0,0,0,0,0,0.9,0.9,0.9,0.9888,,,,,reported or repository-inferred association; not epidemiological proof of causation
rice,arsenic,death,repository-inferred from separate sources,1,1,0,0,0,0,0,0.9,0.95,0.9,0.9888,,,,,reported or repository-inferred association; not epidemiological proof of causation
Curd/yoghurt,detergent,stomach irritation,repository-inferred from separate sources,1,1,0,0,0,0,0,0.9,0.9,0.9,0.9888,,,,,reported or repository-inferred association; not epidemiological proof of causation
Curd/yoghurt,detergent,vomiting,repository-inferred from separate sources,1,1,0,0,0,0,0,0.9,0.9,0.9,0.9888,,,,,reported or repository-inferred association; not epidemiological proof of causation
Curd/yoghurt,detergent,diarrhoea,repository-inferred from separate sources,1,1,0,0,0,0,0,0.9,0.9,0.9,0.9888,,,,,reported or repository-inferred association; not epidemiological proof of causation
sweets,detergent,stomach irritation,repository-inferred from separate sources,1,1,0,0,0,0,0,0.9,0.9,0.9,0.9888,,,,,reported or repository-inferred association; not epidemiological proof of causation
sweets,detergent,vomiting,repository-inferred from separate sources,1,1,0,0,0,0,0,0.9,0.9,0.9,0.9888,,,,,reported or repository-inferred association; not epidemiological proof of causation
sweets,detergent,diarrhoea,repository-inferred from separate sources,1,1,0,0,0,0,0,0.9,0.9,0.9,0.9888,,,,,reported or repository-inferred association; not epidemiological proof of causation
fish,malachite green,cancer/carcinogenicity,repository-inferred from separate sources,1,1,0,0,1,0,0,0.9,0.9,0.9,0.9888,,,,,reported or repository-inferred association; not epidemiological proof of causation
bottled water,microplastics,gastrointestinal illness,repository-inferred from separate sources,1,1,0,0,0,0,0,0.9,0.9,0.9,0.9888,,,,,reported or repository-inferred association; not epidemiological proof of causation
bottled water,microplastics,disrupt nutrient absorption,repository-inferred from separate sources,1,1,0,0,0,0,0,0.9,0.9,0.9,0.9888,,,,,reported or repository-inferred association; not epidemiological proof of causation
bottled water,microplastics,developmental delay,repository-inferred from separate sources,1,1,0,0,0,0,0,0.9,0.9,0.9,0.9888,,,,,reported or repository-inferred association; not epidemiological proof of causation
seafood,microplastics,gastrointestinal illness,repository-inferred from separate sources,1,1,0,0,0,0,0,0.9,0.9,0.9,0.9888,,,,,reported or repository-inferred association; not epidemiological proof of causation
seafood,microplastics,disrupt nutrient absorption,repository-inferred from separate sources,1,1,0,0,0,0,0,0.9,0.9,0.9,0.9888,,,,,reported or repository-inferred association; not epidemiological proof of causation
seafood,microplastics,developmental delay,repository-inferred from separate sources,1,1,0,0,0,0,0,0.9,0.9,0.9,0.9888,,,,,reported or repository-inferred association; not epidemiological proof of causation
poultry,microplastics,gastrointestinal illness,repository-inferred from separate sources,1,1,0,0,0,0,0,0.9,0.9,0.9,0.9888,,,,,reported or repository-inferred association; not epidemiological proof of causation
poultry,microplastics,disrupt nutrient absorption,repository-inferred from separate sources,1,1,0,0,0,0,0,0.9,0.9,0.9,0.9888,,,,,reported or repository-inferred association; not epidemiological proof of causation
poultry,microplastics,developmental delay,repository-inferred from separate sources,1,1,0,0,0,0,0,0.9,0.9,0.9,0.9888,,,,,reported or repository-inferred association; not epidemiological proof of causation
fruits,microplastics,gastrointestinal illness,repository-inferred from separate sources,1,1,0,0,0,0,0,0.9,0.9,0.9,0.9888,,,,,reported or repository-inferred association; not epidemiological proof of causation
fruits,microplastics,disrupt nutrient absorption,repository-inferred from separate sources,1,1,0,0,0,0,0,0.9,0.9,0.9,0.9888,,,,,reported or repository-inferred association; not epidemiological proof of causation
fruits,microplastics,developmental delay,repository-inferred from separate sources,1,1,0,0,0,0,0,0.9,0.9,0.9,0.9888,,,,,reported or repository-inferred association; not epidemiological proof of causation
vegetables,microplastics,gastrointestinal illness,repository-inferred from separate sources,1,1,0,0,0,0,0,0.9,0.9,0.9,0.9888,,,,,reported or repository-inferred association; not epidemiological proof of causation
vegetables,microplastics,disrupt nutrient absorption,repository-inferred from separate sources,1,1,0,0,0,0,0,0.9,0.9,0.9,0.9888,,,,,reported or repository-inferred association; not epidemiological proof of causation
vegetables,microplastics,developmental delay,repository-inferred from separate sources,1,1,0,0,0,0,0,0.9,0.9,0.9,0.9888,,,,,reported or repository-inferred association; not epidemiological proof of causation
prepared foods,microplastics,gastrointestinal illness,repository-inferred from separate sources,1,1,0,0,0,0,0,0.9,0.9,0.9,0.9888,,,,,reported or repository-inferred association; not epidemiological proof of causation
prepared foods,microplastics,disrupt nutrient absorption,repository-inferred from separate sources,1,1,0,0,0,0,0,0.9,0.9,0.9,0.9888,,,,,reported or repository-inferred association; not epidemiological proof of causation
prepared foods,microplastics,developmental delay,repository-inferred from separate sources,1,1,0,0,0,0,0,0.9,0.9,0.9,0.9888,,,,,reported or repository-inferred association; not epidemiological proof of causation
food,thallium,sudden hair fall,repository-inferred from separate sources,1,1,0,0,0,0,0,0.9,0.9,0.9,0.9888,,,,,reported or repository-inferred association; not epidemiological proof of causation
food,arsenic,cancer/carcinogenicity,repository-inferred from separate sources,1,1,0,0,0,0,0,0.9,0.9,0.9,0.9888,,,,,reported or repository-inferred association; not epidemiological proof of causation
food,arsenic,death,repository-inferred from separate sources,1,1,0,0,0,0,0,0.9,0.95,0.9,0.9888,,,,,reported or repository-inferred association; not epidemiological proof of causation
cool drinks,water,gastrointestinal illness,repository-inferred from separate sources,1,1,0,0,0,0,0,0.9,0.9,0.9,0.9888,,,,,reported or repository-inferred association; not epidemiological proof of causation
cool drinks,water,typhoid fever,repository-inferred from separate sources,1,1,0,0,0,0,0,0.9,0.9,0.9,0.9888,,,,,reported or repository-inferred association; not epidemiological proof of causation
cool drinks,water,vomiting,repository-inferred from separate sources,1,1,0,0,0,0,0,0.9,0.9,0.9,0.9888,,,,,reported or repository-inferred association; not epidemiological proof of causation
cool drinks,water,sudden collapse,repository-inferred from separate sources,1,1,0,0,0,0,0,0.9,0.9,0.9,0.9888,,,,,reported or repository-inferred association; not epidemiological proof of causation
cool drinks,water,cardiac arrest,repository-inferred from separate sources,1,1,0,0,0,0,0,0.9,0.9,0.9,0.9888,,,,,reported or repository-inferred association; not epidemiological proof of causation
cool drinks,water,illness,repository-inferred from separate sources,1,1,0,0,0,0,0,0.9,0.9,0.9,0.9888,,,,,reported or repository-inferred association; not epidemiological proof of causation
cool drinks,water,jaundice,repository-inferred from separate sources,1,1,0,0,0,0,0,0.9,0.95,0.9,0.9888,,,,,reported or repository-inferred association; not epidemiological proof of causation
coffee,microplastics,gastrointestinal illness,repository-inferred from separate sources,1,1,0,0,0,0,0,0.9,0.9,0.9,0.9888,,,,,reported or repository-inferred association; not epidemiological proof of causation
coffee,microplastics,disrupt nutrient absorption,repository-inferred from separate sources,1,1,0,0,0,0,0,0.9,0.9,0.9,0.9888,,,,,reported or repository-inferred association; not epidemiological proof of causation
coffee,microplastics,developmental delay,repository-inferred from separate sources,1,1,0,0,0,0,0,0.9,0.9,0.9,0.9888,,,,,reported or repository-inferred association; not epidemiological proof of causation
packaged table salt,microplastics,gastrointestinal illness,repository-inferred from separate sources,1,1,0,0,0,0,0,0.9,0.9,0.9,0.9888,,,,,reported or repository-inferred association; not epidemiological proof of causation
packaged table salt,microplastics,disrupt nutrient absorption,repository-inferred from separate sources,1,1,0,0,0,0,0,0.9,0.9,0.9,0.9888,,,,,reported or repository-inferred association; not epidemiological proof of causation
packaged table salt,microplastics,developmental delay,repository-inferred from separate sources,1,1,0,0,0,0,0,0.9,0.9,0.9,0.9888,,,,,reported or repository-inferred association; not epidemiological proof of causation
tea,microplastics,gastrointestinal illness,repository-inferred from separate sources,1,1,0,0,0,0,0,0.9,0.9,0.9,0.9888,,,,,reported or repository-inferred association; not epidemiological proof of causation
tea,microplastics,disrupt nutrient absorption,repository-inferred from separate sources,1,1,0,0,0,0,0,0.9,0.9,0.9,0.9888,,,,,reported or repository-inferred association; not epidemiological proof of causation
tea,microplastics,developmental delay,repository-inferred from separate sources,1,1,0,0,0,0,0,0.9,0.9,0.9,0.9888,,,,,reported or repository-inferred association; not epidemiological proof of causation
Khoya/mawa,formalin/formaldehyde,metabolic disturbances,repository-inferred from separate sources,1,1,0,0,0,0,0,0.95,0.9,0.9,0.9888,,,,,reported or repository-inferred association; not epidemiological proof of causation
Khoya/mawa,formalin/formaldehyde,multi-organ failure,repository-inferred from separate sources,1,1,0,0,0,0,0,0.95,0.9,0.9,0.9888,,,,,reported or repository-inferred association; not epidemiological proof of causation
dark chocolate,lead,impaired brain development,repository-inferred from separate sources,1,1,0,0,0,0,0,0.9167,0.9,0.9,0.9888,,,,,reported or repository-inferred association; not epidemiological proof of causation
dark chocolate,lead,impaired learning,repository-inferred from separate sources,1,1,0,0,0,0,0,0.9167,0.9,0.9,0.9888,,,,,reported or repository-inferred association; not epidemiological proof of causation
syrup,ethylene glycol,hospitalising 15 persons,repository-inferred from separate sources,1,1,0,0,0,0,0,0.95,0.9,0.9,0.9888,,,,,reported or repository-inferred association; not epidemiological proof of causation
syrup,ethylene glycol,kidney related problems,repository-inferred from separate sources,1,1,0,0,0,0,0,0.95,0.9,0.9,0.9888,,,,,reported or repository-inferred association; not epidemiological proof of causation
syrup,ethylene glycol,acute renal complications,repository-inferred from separate sources,1,1,0,0,0,0,0,0.95,0.9,0.9,0.9888,,,,,reported or repository-inferred association; not epidemiological proof of causation
syrup,ethylene glycol,nervous system damage,repository-inferred from separate sources,1,1,0,0,0,0,0,0.95,0.9,0.9,0.9888,,,,,reported or repository-inferred association; not epidemiological proof of causation
syrup,ethylene glycol,food poisoning,repository-inferred from separate sources,1,1,0,0,0,0,0,0.95,0.9,0.9,0.9888,,,,,reported or repository-inferred association; not epidemiological proof of causation
syrup,ethylene glycol,kidney damage,repository-inferred from separate sources,1,1,0,0,0,0,0,0.95,0.9,0.9,0.9888,,,,,reported or repository-inferred association; not epidemiological proof of causation
syrup,ethylene glycol,toxicity to humans if ingested,repository-inferred from separate sources,1,1,0,0,0,0,0,0.95,0.9,0.9,0.9888,,,,,reported or repository-inferred association; not epidemiological proof of causation
syrup,ethylene glycol,metabolic acidosis,repository-inferred from separate sources,1,1,0,0,0,0,0,0.95,0.9,0.9,0.9888,,,,,reported or repository-inferred association; not epidemiological proof of causation
syrup,diethylene glycol,food poisoning,repository-inferred from separate sources,1,1,0,0,0,0,0,0.9,0.9,0.9,0.9888,,,,,reported or repository-inferred association; not epidemiological proof of causation
syrup,diethylene glycol,death,repository-inferred from separate sources,1,1,0,0,0,0,0,0.9,0.91,0.9,0.9888,,,,,reported or repository-inferred association; not epidemiological proof of causation
propylene glycol,ethylene glycol,hospitalising 15 persons,repository-inferred from separate sources,1,1,0,0,0,0,0,0.9,0.9,0.9,0.9888,,,,,reported or repository-inferred association; not epidemiological proof of causation
propylene glycol,ethylene glycol,kidney related problems,repository-inferred from separate sources,1,1,0,0,0,0,0,0.9,0.9,0.9,0.9888,,,,,reported or repository-inferred association; not epidemiological proof of causation
propylene glycol,ethylene glycol,acute renal complications,repository-inferred from separate sources,1,1,0,0,0,0,0,0.9,0.9,0.9,0.9888,,,,,reported or repository-inferred association; not epidemiological proof of causation
propylene glycol,ethylene glycol,nervous system damage,repository-inferred from separate sources,1,1,0,0,0,0,0,0.9,0.9,0.9,0.9888,,,,,reported or repository-inferred association; not epidemiological proof of causation
propylene glycol,ethylene glycol,food poisoning,repository-inferred from separate sources,1,1,0,0,0,0,0,0.9,0.9,0.9,0.9888,,,,,reported or repository-inferred association; not epidemiological proof of causation
propylene glycol,ethylene glycol,kidney damage,repository-inferred from separate sources,1,1,0,0,0,0,0,0.9,0.9,0.9,0.9888,,,,,reported or repository-inferred association; not epidemiological proof of causation
propylene glycol,ethylene glycol,toxicity to humans if ingested,repository-inferred from separate sources,1,1,0,0,0,0,0,0.9,0.9,0.9,0.9888,,,,,reported or repository-inferred association; not epidemiological proof of causation
propylene glycol,ethylene glycol,metabolic acidosis,repository-inferred from separate sources,1,1,0,0,0,0,0,0.9,0.9,0.9,0.9888,,,,,reported or repository-inferred association; not epidemiological proof of causation
pharmaceutical grade propylene glycol,ethylene glycol,hospitalising 15 persons,repository-inferred from separate sources,1,1,0,0,0,0,0,0.95,0.9,0.9,0.9888,,,,,reported or repository-inferred association; not epidemiological proof of causation
pharmaceutical grade propylene glycol,ethylene glycol,kidney related problems,repository-inferred from separate sources,1,1,0,0,0,0,0,0.95,0.9,0.9,0.9888,,,,,reported or repository-inferred association; not epidemiological proof of causation
pharmaceutical grade propylene glycol,ethylene glycol,acute renal complications,repository-inferred from separate sources,1,1,0,0,0,0,0,0.95,0.9,0.9,0.9888,,,,,reported or repository-inferred association; not epidemiological proof of causation
pharmaceutical grade propylene glycol,ethylene glycol,nervous system damage,repository-inferred from separate sources,1,1,0,0,0,0,0,0.95,0.9,0.9,0.9888,,,,,reported or repository-inferred association; not epidemiological proof of causation
pharmaceutical grade propylene glycol,ethylene glycol,food poisoning,repository-inferred from separate sources,1,1,0,0,0,0,0,0.95,0.9,0.9,0.9888,,,,,reported or repository-inferred association; not epidemiological proof of causation
pharmaceutical grade propylene glycol,ethylene glycol,kidney damage,repository-inferred from separate sources,1,1,0,0,0,0,0,0.95,0.9,0.9,0.9888,,,,,reported or repository-inferred association; not epidemiological proof of causation
pharmaceutical grade propylene glycol,ethylene glycol,toxicity to humans if ingested,repository-inferred from separate sources,1,1,0,0,0,0,0,0.95,0.9,0.9,0.9888,,,,,reported or repository-inferred association; not epidemiological proof of causation
pharmaceutical grade propylene glycol,ethylene glycol,metabolic acidosis,repository-inferred from separate sources,1,1,0,0,0,0,0,0.95,0.9,0.9,0.9888,,,,,reported or repository-inferred association; not epidemiological proof of causation
vegetables,lead,impaired brain development,repository-inferred from separate sources,1,1,0,0,0,0,0,0.9,0.9,0.9,0.9888,,,,,reported or repository-inferred association; not epidemiological proof of causation
vegetables,lead,impaired learning,repository-inferred from separate sources,1,1,0,0,0,0,0,0.9,0.9,0.9,0.9888,,,,,reported or repository-inferred association; not epidemiological proof of causation
Paneer,bacteria,death,repository-inferred from separate sources,1,1,0,0,0,0,0,0.9,0.9,0.9,0.9888,,,,,reported or repository-inferred association; not epidemiological proof of causation
peppercorns,ethylene oxide,lymphoma,repository-inferred from separate sources,1,1,0,0,0,0,0,0.9,0.95,0.9,0.9888,,,,,reported or repository-inferred association; not epidemiological proof of causation
Milk,lead,impaired brain development,repository-inferred from separate sources,1,1,0,0,0,0,0,0.95,0.9,0.9,0.9888,,,,,reported or repository-inferred association; not epidemiological proof of causation
Milk,lead,impaired learning,repository-inferred from separate sources,1,1,0,0,0,0,0,0.95,0.9,0.9,0.9888,,,,,reported or repository-inferred association; not epidemiological proof of causation
Milk,campylobacter jejuni,guillain barre syndrome,repository-inferred from separate sources,1,1,0,0,0,0,0,0.9,0.95,0.9,0.9888,,,,,reported or repository-inferred association; not epidemiological proof of causation
Milk,campylobacter jejuni,nausea,repository-inferred from separate sources,1,1,0,0,0,0,0,0.9,0.9,0.9,0.9888,,,,,reported or repository-inferred association; not epidemiological proof of causation
Milk,campylobacter jejuni,gastrointestinal illness,repository-inferred from separate sources,1,1,0,0,0,0,0,0.9,0.95,0.9,0.9888,,,,,reported or repository-inferred association; not epidemiological proof of causation
fruits,calcium carbide,nausea,repository-inferred from separate sources,1,1,0,0,0,0,0,0.95,0.9,0.9,0.9888,,,,,reported or repository-inferred association; not epidemiological proof of causation
fruits,calcium carbide,vomiting,repository-inferred from separate sources,1,1,0,0,0,0,0,0.95,0.9,0.9,0.9888,,,,,reported or repository-inferred association; not epidemiological proof of causation
fruits,calcium carbide,gastrointestinal illness,repository-inferred from separate sources,1,1,0,0,0,0,0,0.95,0.9,0.9,0.9888,,,,,reported or repository-inferred association; not epidemiological proof of causation
fruits,calcium carbide,diarrhoea,repository-inferred from separate sources,1,1,0,0,0,0,0,0.95,0.9,0.9,0.9888,,,,,reported or repository-inferred association; not epidemiological proof of causation
fruits,calcium carbide,gastrointestinal diseases,repository-inferred from separate sources,1,1,0,0,0,0,0,0.95,0.9,0.9,0.9888,,,,,reported or repository-inferred association; not epidemiological proof of causation
tap water,bacteria,death,repository-inferred from separate sources,1,1,0,0,0,0,0,0.9,0.9,0.9,0.9888,,,,,reported or repository-inferred association; not epidemiological proof of causation
tap water,viruses,food poisoning,repository-inferred from separate sources,1,1,0,0,0,0,0,0.9,0.95,0.9,0.9888,,,,,reported or repository-inferred association; not epidemiological proof of causation
tap water,harmful chemicals,cardiac troubles,repository-inferred from separate sources,1,1,0,0,0,0,0,0.9,0.9,0.9,0.9888,,,,,reported or repository-inferred association; not epidemiological proof of causation
tap water,harmful chemicals,respiratory troubles,repository-inferred from separate sources,1,1,0,0,0,0,0,0.9,0.9,0.9,0.9888,,,,,reported or repository-inferred association; not epidemiological proof of causation
hamburgers,e coli,kidney damage,repository-inferred from separate sources,1,1,0,0,0,0,0,0.9,0.9,0.9,0.9888,,,,,reported or repository-inferred association; not epidemiological proof of causation
hamburgers,e coli,hemolytic uremic syndrome,repository-inferred from separate sources,1,1,0,0,0,0,0,0.9,0.95,0.9,0.9888,,,,,reported or repository-inferred association; not epidemiological proof of causation
hamburgers,e coli,vomiting,repository-inferred from separate sources,1,1,0,0,0,0,0,0.9,0.95,0.9,0.9888,,,,,reported or repository-inferred association; not epidemiological proof of causation
hamburgers,e coli,low fever,repository-inferred from separate sources,1,1,0,0,0,0,0,0.9,0.95,0.9,0.9888,,,,,reported or repository-inferred association; not epidemiological proof of causation
hamburgers,e coli,uti,repository-inferred from separate sources,1,1,0,0,0,0,0,0.9,0.9,0.9,0.9888,,,,,reported or repository-inferred association; not epidemiological proof of causation
hamburgers,e coli,death,repository-inferred from separate sources,1,1,0,0,0,0,0,0.9,0.9,0.9,0.9888,,,,,reported or repository-inferred association; not epidemiological proof of causation
protein supplements,lead,impaired brain development,repository-inferred from separate sources,1,1,0,0,0,0,0,0.9,0.9,0.9,0.9888,,,,,reported or repository-inferred association; not epidemiological proof of causation
protein supplements,lead,impaired learning,repository-inferred from separate sources,1,1,0,0,0,0,0,0.9,0.9,0.9,0.9888,,,,,reported or repository-inferred association; not epidemiological proof of causation
protein supplements,arsenic,cancer/carcinogenicity,repository-inferred from separate sources,1,1,0,0,0,0,0,0.9,0.9,0.9,0.9888,,,,,reported or repository-inferred association; not epidemiological proof of causation
protein supplements,arsenic,death,repository-inferred from separate sources,1,1,0,0,0,0,0,0.9,0.95,0.9,0.9888,,,,,reported or repository-inferred association; not epidemiological proof of causation
Paneer,synthetic colours,health problems,repository-inferred from separate sources,1,1,0,0,0,0,0,0.9,0.9,0.9,0.9888,,,,,reported or repository-inferred association; not epidemiological proof of causation
eggs,e coli,kidney damage,repository-inferred from separate sources,1,1,0,0,0,0,0,0.95,0.9,0.9,0.9888,,,,,reported or repository-inferred association; not epidemiological proof of causation
eggs,e coli,uti,repository-inferred from separate sources,1,1,0,0,0,0,0,0.95,0.9,0.9,0.9888,,,,,reported or repository-inferred association; not epidemiological proof of causation
eggs,e coli,death,repository-inferred from separate sources,1,1,0,0,0,0,0,0.95,0.9,0.9,0.9888,,,,,reported or repository-inferred association; not epidemiological proof of causation
poultry,antibiotic residue,c difficile infection,repository-inferred from separate sources,1,1,0,0,0,0,0,0.9,0.9,0.9,0.9888,,,,,reported or repository-inferred association; not epidemiological proof of causation
poultry,antibiotic residue,diarrhoea,repository-inferred from separate sources,1,1,0,0,0,0,0,0.9,0.9,0.9,0.9888,,,,,reported or repository-inferred association; not epidemiological proof of causation
cool drinks,phosphoric acid,weakens bones,repository-inferred from separate sources,1,1,0,0,0,0,0,0.95,0.9,0.9,0.9888,,,,,reported or repository-inferred association; not epidemiological proof of causation
ginger garlic paste,synthetic colours,health problems,repository-inferred from separate sources,1,1,0,0,0,0,0,0.95,0.9,0.9,0.9888,,,,,reported or repository-inferred association; not epidemiological proof of causation
maggi noodles,lead,impaired brain development,repository-inferred from separate sources,1,1,0,0,0,0,0,0.9,0.9,0.9,0.9888,,,,,reported or repository-inferred association; not epidemiological proof of causation
maggi noodles,lead,impaired learning,repository-inferred from separate sources,1,1,0,0,0,0,0,0.9,0.9,0.9,0.9888,,,,,reported or repository-inferred association; not epidemiological proof of causation
fruits,heavy metals,neurological effects,repository-inferred from separate sources,1,1,0,0,0,0,0,0.9,0.9,0.9,0.9888,,,,,reported or repository-inferred association; not epidemiological proof of causation
fruits,heavy metals,chronic kidney disease,repository-inferred from separate sources,1,1,0,0,0,0,0,0.9,0.9,0.9,0.9888,,,,,reported or repository-inferred association; not epidemiological proof of causation
fruits,heavy metals,neurological problems,repository-inferred from separate sources,1,1,0,0,0,0,0,0.9,0.9,0.9,0.9888,,,,,reported or repository-inferred association; not epidemiological proof of causation
fruits,heavy metals,kidney issues,repository-inferred from separate sources,1,1,0,0,0,0,0,0.9,0.9,0.9,0.9888,,,,,reported or repository-inferred association; not epidemiological proof of causation
wheat flour,pesticide residue,birth defects,repository-inferred from separate sources,1,1,0,0,0,0,0,0.9,0.9,0.9,0.9888,,,,,reported or repository-inferred association; not epidemiological proof of causation
wheat flour,pesticide residue,diabetes,repository-inferred from separate sources,1,1,0,0,0,0,0,0.9,0.9,0.9,0.9888,,,,,reported or repository-inferred association; not epidemiological proof of causation
wheat flour,pesticide residue,reproductive failure,repository-inferred from separate sources,1,1,0,0,0,0,0,0.9,0.9,0.9,0.9888,,,,,reported or repository-inferred association; not epidemiological proof of causation
wheat flour,pesticide residue,devastating health harms,repository-inferred from separate sources,1,1,0,0,0,0,0,0.9,0.9,0.9,0.9888,,,,,reported or repository-inferred association; not epidemiological proof of causation
rice,pesticide residue,birth defects,repository-inferred from separate sources,1,1,0,0,0,0,0,0.9,0.9,0.9,0.9888,,,,,reported or repository-inferred association; not epidemiological proof of causation
rice,pesticide residue,diabetes,repository-inferred from separate sources,1,1,0,0,0,0,0,0.9,0.9,0.9,0.9888,,,,,reported or repository-inferred association; not epidemiological proof of causation
rice,pesticide residue,reproductive failure,repository-inferred from separate sources,1,1,0,0,0,0,0,0.9,0.9,0.9,0.9888,,,,,reported or repository-inferred association; not epidemiological proof of causation
rice,pesticide residue,devastating health harms,repository-inferred from separate sources,1,1,0,0,0,0,0,0.9,0.9,0.9,0.9888,,,,,reported or repository-inferred association; not epidemiological proof of causation
poultry,salmonella,intestinal infections,repository-inferred from separate sources,1,1,0,0,0,0,0,0.9,0.9,0.9,0.9888,,,,,reported or repository-inferred association; not epidemiological proof of causation
cotton candy,rhodamine B,liver damage,repository-inferred from separate sources,1,1,0,0,1,0,0,0.95,0.9,0.9,0.9888,,,,,reported or repository-inferred association; not epidemiological proof of causation
sweets,metanil yellow,nausea,repository-inferred from separate sources,1,1,0,0,0,0,0,0.9,0.9,0.9,0.9888,,,,,reported or repository-inferred association; not epidemiological proof of causation
sweets,metanil yellow,stomach disorders,repository-inferred from separate sources,1,1,0,0,0,0,0,0.9,0.9,0.9,0.9888,,,,,reported or repository-inferred association; not epidemiological proof of causation
sweets,metanil yellow,food poisoning,repository-inferred from separate sources,1,1,0,0,0,0,0,0.9,0.9,0.9,0.9888,,,,,reported or repository-inferred association; not epidemiological proof of causation
sweets,rhodamine B,liver damage,repository-inferred from separate sources,1,1,0,0,1,0,0,0.9,0.9,0.9,0.9888,,,,,reported or repository-inferred association; not epidemiological proof of causation
sweets,malachite green,cancer/carcinogenicity,repository-inferred from separate sources,1,1,0,0,1,0,0,0.9,0.9,0.9,0.9888,,,,,reported or repository-inferred association; not epidemiological proof of causation
undercooked beef,e coli,kidney damage,repository-inferred from separate sources,1,1,0,0,0,0,0,0.9,0.9,0.9,0.9888,,,,,reported or repository-inferred association; not epidemiological proof of causation
undercooked beef,e coli,hemolytic uremic syndrome,repository-inferred from separate sources,1,1,0,0,0,0,0,0.9,0.95,0.9,0.9888,,,,,reported or repository-inferred association; not epidemiological proof of causation
undercooked beef,e coli,vomiting,repository-inferred from separate sources,1,1,0,0,0,0,0,0.9,0.95,0.9,0.9888,,,,,reported or repository-inferred association; not epidemiological proof of causation
undercooked beef,e coli,low fever,repository-inferred from separate sources,1,1,0,0,0,0,0,0.9,0.95,0.9,0.9888,,,,,reported or repository-inferred association; not epidemiological proof of causation
undercooked beef,e coli,uti,repository-inferred from separate sources,1,1,0,0,0,0,0,0.9,0.9,0.9,0.9888,,,,,reported or repository-inferred association; not epidemiological proof of causation
undercooked beef,e coli,death,repository-inferred from separate sources,1,1,0,0,0,0,0,0.9,0.9,0.9,0.9888,,,,,reported or repository-inferred association; not epidemiological proof of causation
cooked rice,bacillus cereus,food poisoning,repository-inferred from separate sources,1,1,0,0,0,0,0,0.9,0.9,0.9,0.9888,,,,,reported or repository-inferred association; not epidemiological proof of causation
pasta,bacillus cereus,food poisoning,repository-inferred from separate sources,1,1,0,0,0,0,0,0.9,0.9,0.9,0.9888,,,,,reported or repository-inferred association; not epidemiological proof of causation
protein powder,bisphenol a,hormone level disruption,repository-inferred from separate sources,1,1,0,0,0,0,0,0.9,0.9,0.9,0.9888,,,,,reported or repository-inferred association; not epidemiological proof of causation
chilli powder,lead chromate,kidney damage,repository-inferred from separate sources,1,1,0,0,0,0,0,0.95,0.9,0.9,0.9888,,,,,reported or repository-inferred association; not epidemiological proof of causation
chilli powder,metanil yellow,nausea,repository-inferred from separate sources,1,1,0,0,0,0,0,0.95,0.9,0.9,0.9888,,,,,reported or repository-inferred association; not epidemiological proof of causation
chilli powder,metanil yellow,stomach disorders,repository-inferred from separate sources,1,1,0,0,0,0,0,0.95,0.9,0.9,0.9888,,,,,reported or repository-inferred association; not epidemiological proof of causation
chilli powder,metanil yellow,food poisoning,repository-inferred from separate sources,1,1,0,0,0,0,0,0.95,0.9,0.9,0.9888,,,,,reported or repository-inferred association; not epidemiological proof of causation
turmeric,rhodamine B,liver damage,repository-inferred from separate sources,1,1,0,0,0,0,0,0.95,0.9,0.9,0.9888,,,,,reported or repository-inferred association; not epidemiological proof of causation
chilli powder,rhodamine B,liver damage,repository-inferred from separate sources,1,1,0,0,0,0,0,0.95,0.9,0.9,0.9888,,,,,reported or repository-inferred association; not epidemiological proof of causation
edible oils,artificial colours,rashes,repository-inferred from separate sources,1,1,0,0,0,0,0,0.9,0.9,0.9,0.9888,,,,,reported or repository-inferred association; not epidemiological proof of causation
edible oils,artificial colours,hyperactivity,repository-inferred from separate sources,1,1,0,0,0,0,0,0.9,0.9,0.9,0.9888,,,,,reported or repository-inferred association; not epidemiological proof of causation
adulterated chilli powder,artificial colours,rashes,repository-inferred from separate sources,1,1,0,0,0,0,0,0.9,0.9,0.9,0.9888,,,,,reported or repository-inferred association; not epidemiological proof of causation
adulterated chilli powder,artificial colours,hyperactivity,repository-inferred from separate sources,1,1,0,0,0,0,0,0.9,0.9,0.9,0.9888,,,,,reported or repository-inferred association; not epidemiological proof of causation
drinking water,arsenic,cancer/carcinogenicity,repository-inferred from separate sources,1,1,0,0,0,0,0,0.9,0.9,0.9,0.9888,,,,,reported or repository-inferred association; not epidemiological proof of causation
drinking water,arsenic,death,repository-inferred from separate sources,1,1,0,0,0,0,0,0.9,0.95,0.9,0.9888,,,,,reported or repository-inferred association; not epidemiological proof of causation
drinking water,lead,impaired brain development,repository-inferred from separate sources,1,1,0,0,0,0,0,0.9,0.9,0.9,0.9888,,,,,reported or repository-inferred association; not epidemiological proof of causation
drinking water,lead,impaired learning,repository-inferred from separate sources,1,1,0,0,0,0,0,0.9,0.9,0.9,0.9888,,,,,reported or repository-inferred association; not epidemiological proof of causation
drinking water,sewage,gastrointestinal illness,repository-inferred from separate sources,1,1,0,0,0,0,0,0.9,0.9,0.9,0.9888,,,,,reported or repository-inferred association; not epidemiological proof of causation
water,thallium,sudden hair fall,repository-inferred from separate sources,1,1,0,0,0,0,0,0.9,0.9,0.9,0.9888,,,,,reported or repository-inferred association; not epidemiological proof of causation
tender coconut,arsenic,cancer/carcinogenicity,repository-inferred from separate sources,1,1,0,0,0,0,0,0.9,0.9,0.9,0.9888,,,,,reported or repository-inferred association; not epidemiological proof of causation
tender coconut,arsenic,death,repository-inferred from separate sources,1,1,0,0,0,0,0,0.9,0.95,0.9,0.9888,,,,,reported or repository-inferred association; not epidemiological proof of causation
tender coconut,thallium,sudden hair fall,repository-inferred from separate sources,1,1,0,0,0,0,0,0.9,0.9,0.9,0.9888,,,,,reported or repository-inferred association; not epidemiological proof of causation
Milk,arsenic,cancer/carcinogenicity,repository-inferred from separate sources,1,1,0,0,0,0,0,0.95,0.9,0.9,0.9888,,,,,reported or repository-inferred association; not epidemiological proof of causation
Milk,thallium,sudden hair fall,repository-inferred from separate sources,1,1,0,0,0,0,0,0.95,0.9,0.9,0.9888,,,,,reported or repository-inferred association; not epidemiological proof of causation
fish curry,thallium,sudden hair fall,repository-inferred from separate sources,1,1,0,0,0,0,0,0.9,0.9,0.9,0.9888,,,,,reported or repository-inferred association; not epidemiological proof of causation
turmeric powder,lead chromate,kidney damage,repository-inferred from separate sources,1,1,0,0,0,0,0,0.9,0.9,0.9,0.9888,,,,,reported or repository-inferred association; not epidemiological proof of causation
green veggies,malachite green,cancer/carcinogenicity,repository-inferred from separate sources,1,1,0,0,0,0,0,0.9,0.9,0.9,0.9888,,,,,reported or repository-inferred association; not epidemiological proof of causation
tea leaves,artificial colouring,allergic reaction,repository-inferred from separate sources,1,1,0,0,0,0,0,0.95,0.9,0.9,0.9888,,,,,reported or repository-inferred association; not epidemiological proof of causation
edible oils,aflatoxins,cancer/carcinogenicity,repository-inferred from separate sources,1,1,0,0,0,0,0,0.9,0.9,0.9,0.9888,,,,,reported or repository-inferred association; not epidemiological proof of causation
motichoor laddu,artificial colours,rashes,repository-inferred from separate sources,1,1,0,0,0,0,0,0.9,0.9,0.9,0.9888,,,,,reported or repository-inferred association; not epidemiological proof of causation
motichoor laddu,artificial colours,hyperactivity,repository-inferred from separate sources,1,1,0,0,0,0,0,0.9,0.9,0.9,0.9888,,,,,reported or repository-inferred association; not epidemiological proof of causation
channa bhujia,palm oil family,cardiovascular disease,repository-inferred from separate sources,1,1,0,0,0,0,0,0.9,0.9,0.9,0.9888,,,,,reported or repository-inferred association; not epidemiological proof of causation
channa bhujia,palm oil family,increased cholesterol level,repository-inferred from separate sources,1,1,0,0,0,0,0,0.9,0.9,0.9,0.9888,,,,,reported or repository-inferred association; not epidemiological proof of causation
sun flower oil,palm oil family,cardiovascular disease,repository-inferred from separate sources,1,1,0,0,0,0,0,0.9,0.9,0.9,0.9888,,,,,reported or repository-inferred association; not epidemiological proof of causation
sun flower oil,palm oil family,increased cholesterol level,repository-inferred from separate sources,1,1,0,0,0,0,0,0.9,0.9,0.9,0.9888,,,,,reported or repository-inferred association; not epidemiological proof of causation
Edible/cooking oil,argemone oil,dropsy,repository-inferred from separate sources,1,1,0,0,0,0,0,0.9,0.95,0.9,0.9888,,,,,reported or repository-inferred association; not epidemiological proof of causation
Soybean oil,vitamin d,acute kidney distress,repository-inferred from separate sources,1,1,0,0,0,0,0,0.95,0.9,0.9,0.9888,,,,,reported or repository-inferred association; not epidemiological proof of causation
Soybean oil,vitamin d,vomiting,repository-inferred from separate sources,1,1,0,0,0,0,0,0.95,0.9,0.9,0.9888,,,,,reported or repository-inferred association; not epidemiological proof of causation
Soybean oil,vitamin d,extreme weakness,repository-inferred from separate sources,1,1,0,0,0,0,0,0.95,0.9,0.9,0.9888,,,,,reported or repository-inferred association; not epidemiological proof of causation
Edible/cooking oil,aflatoxins,cancer/carcinogenicity,repository-inferred from separate sources,1,1,0,0,0,0,0,0.9,0.9,0.9,0.9888,,,,,reported or repository-inferred association; not epidemiological proof of causation
Edible/cooking oil,pesticide residue,birth defects,repository-inferred from separate sources,1,1,0,0,0,0,0,0.9,0.9,0.9,0.9888,,,,,reported or repository-inferred association; not epidemiological proof of causation
Edible/cooking oil,pesticide residue,diabetes,repository-inferred from separate sources,1,1,0,0,0,0,0,0.9,0.9,0.9,0.9888,,,,,reported or repository-inferred association; not epidemiological proof of causation
Edible/cooking oil,pesticide residue,reproductive failure,repository-inferred from separate sources,1,1,0,0,0,0,0,0.9,0.9,0.9,0.9888,,,,,reported or repository-inferred association; not epidemiological proof of causation
Edible/cooking oil,pesticide residue,devastating health harms,repository-inferred from separate sources,1,1,0,0,0,0,0,0.9,0.9,0.9,0.9888,,,,,reported or repository-inferred association; not epidemiological proof of causation
Edible/cooking oil,heavy metals,neurological effects,repository-inferred from separate sources,1,1,0,0,0,0,0,0.9,0.9,0.9,0.9888,,,,,reported or repository-inferred association; not epidemiological proof of causation
Edible/cooking oil,heavy metals,chronic kidney disease,repository-inferred from separate sources,1,1,0,0,0,0,0,0.9,0.9,0.9,0.9888,,,,,reported or repository-inferred association; not epidemiological proof of causation
Edible/cooking oil,heavy metals,neurological problems,repository-inferred from separate sources,1,1,0,0,0,0,0,0.9,0.9,0.9,0.9888,,,,,reported or repository-inferred association; not epidemiological proof of causation
Edible/cooking oil,heavy metals,kidney issues,repository-inferred from separate sources,1,1,0,0,0,0,0,0.9,0.9,0.9,0.9888,,,,,reported or repository-inferred association; not epidemiological proof of causation
fast food,artificial colours,rashes,repository-inferred from separate sources,1,1,0,0,0,0,0,0.9,0.9,0.9,0.9888,,,,,reported or repository-inferred association; not epidemiological proof of causation
fast food,artificial colours,hyperactivity,repository-inferred from separate sources,1,1,0,0,0,0,0,0.9,0.9,0.9,0.9888,,,,,reported or repository-inferred association; not epidemiological proof of causation
Cheese,cheese analogue,food poisoning,repository-inferred from separate sources,1,1,0,0,0,0,0,0.9,0.9,0.9,0.9888,,,,,reported or repository-inferred association; not epidemiological proof of causation
Mustard oil,metanil yellow,nausea,repository-inferred from separate sources,1,1,0,0,0,0,0,0.95,0.9,0.9,0.9888,,,,,reported or repository-inferred association; not epidemiological proof of causation
Mustard oil,metanil yellow,stomach disorders,repository-inferred from separate sources,1,1,0,0,0,0,0,0.95,0.9,0.9,0.9888,,,,,reported or repository-inferred association; not epidemiological proof of causation
Mustard oil,metanil yellow,food poisoning,repository-inferred from separate sources,1,1,0,0,0,0,0,0.95,0.9,0.9,0.9888,,,,,reported or repository-inferred association; not epidemiological proof of causation
Mustard oil,castor oil,severe gastrointestinal issues,repository-inferred from separate sources,1,1,0,0,0,0,0,0.95,0.9,0.9,0.9888,,,,,reported or repository-inferred association; not epidemiological proof of causation
dok 1 max syrup,ethylene glycol,hospitalising 15 persons,repository-inferred from separate sources,1,1,0,0,0,0,0,0.95,0.9,0.9,0.9888,,,,,reported or repository-inferred association; not epidemiological proof of causation
dok 1 max syrup,ethylene glycol,kidney related problems,repository-inferred from separate sources,1,1,0,0,0,0,0,0.95,0.9,0.9,0.9888,,,,,reported or repository-inferred association; not epidemiological proof of causation
dok 1 max syrup,ethylene glycol,acute renal complications,repository-inferred from separate sources,1,1,0,0,0,0,0,0.95,0.9,0.9,0.9888,,,,,reported or repository-inferred association; not epidemiological proof of causation
dok 1 max syrup,ethylene glycol,nervous system damage,repository-inferred from separate sources,1,1,0,0,0,0,0,0.95,0.9,0.9,0.9888,,,,,reported or repository-inferred association; not epidemiological proof of causation
dok 1 max syrup,ethylene glycol,food poisoning,repository-inferred from separate sources,1,1,0,0,0,0,0,0.95,0.9,0.9,0.9888,,,,,reported or repository-inferred association; not epidemiological proof of causation
dok 1 max syrup,ethylene glycol,kidney damage,repository-inferred from separate sources,1,1,0,0,0,0,0,0.95,0.9,0.9,0.9888,,,,,reported or repository-inferred association; not epidemiological proof of causation
dok 1 max syrup,ethylene glycol,toxicity to humans if ingested,repository-inferred from separate sources,1,1,0,0,0,0,0,0.95,0.9,0.9,0.9888,,,,,reported or repository-inferred association; not epidemiological proof of causation
dok 1 max syrup,ethylene glycol,metabolic acidosis,repository-inferred from separate sources,1,1,0,0,0,0,0,0.95,0.9,0.9,0.9888,,,,,reported or repository-inferred association; not epidemiological proof of causation
balushahi,synthetic colours,health problems,repository-inferred from separate sources,1,1,0,0,0,0,0,0.9,0.9,0.9,0.9888,,,,,reported or repository-inferred association; not epidemiological proof of causation
onions,e coli,kidney damage,repository-inferred from separate sources,1,1,0,0,0,0,0,0.95,0.9,0.9,0.9888,,,,,reported or repository-inferred association; not epidemiological proof of causation
onions,e coli,uti,repository-inferred from separate sources,1,1,0,0,0,0,0,0.95,0.9,0.9,0.9888,,,,,reported or repository-inferred association; not epidemiological proof of causation
edible oils,tri ortho cresyl phosphate,vomiting,repository-inferred from separate sources,1,1,0,0,0,0,0,0.9,0.9,0.9,0.9888,,,,,reported or repository-inferred association; not epidemiological proof of causation
edible oils,tri ortho cresyl phosphate,diarrhoea,repository-inferred from separate sources,1,1,0,0,0,0,0,0.9,0.9,0.9,0.9888,,,,,reported or repository-inferred association; not epidemiological proof of causation
edible oils,tri ortho cresyl phosphate,ascending motor paralysis,repository-inferred from separate sources,1,1,0,0,0,0,0,0.9,0.9,0.9,0.9888,,,,,reported or repository-inferred association; not epidemiological proof of causation
Edible/cooking oil,metanil yellow,nausea,repository-inferred from separate sources,1,1,0,0,0,0,0,0.95,0.9,0.9,0.9888,,,,,reported or repository-inferred association; not epidemiological proof of causation
Edible/cooking oil,metanil yellow,stomach disorders,repository-inferred from separate sources,1,1,0,0,0,0,0,0.95,0.9,0.9,0.9888,,,,,reported or repository-inferred association; not epidemiological proof of causation
Edible/cooking oil,metanil yellow,food poisoning,repository-inferred from separate sources,1,1,0,0,0,0,0,0.95,0.9,0.9,0.9888,,,,,reported or repository-inferred association; not epidemiological proof of causation
ground spices,lead,impaired brain development,repository-inferred from separate sources,1,1,0,0,0,0,0,0.9,0.9,0.9,0.9888,,,,,reported or repository-inferred association; not epidemiological proof of causation
ground spices,lead,impaired learning,repository-inferred from separate sources,1,1,0,0,0,0,0,0.9,0.9,0.9,0.9888,,,,,reported or repository-inferred association; not epidemiological proof of causation
namkeen,caustic soda,stomach irritation,repository-inferred from separate sources,1,1,0,0,0,0,0,0.95,0.9,0.9,0.9888,,,,,reported or repository-inferred association; not epidemiological proof of causation
namkeen,caustic soda,vomiting,repository-inferred from separate sources,1,1,0,0,0,0,0,0.95,0.9,0.9,0.9888,,,,,reported or repository-inferred association; not epidemiological proof of causation
namkeen,caustic soda,diarrhoea,repository-inferred from separate sources,1,1,0,0,0,0,0,0.95,0.9,0.9,0.9888,,,,,reported or repository-inferred association; not epidemiological proof of causation
namkeen,caustic soda,irritate the digestive tract,repository-inferred from separate sources,1,1,0,0,0,0,0,0.95,0.9,0.9,0.9888,,,,,reported or repository-inferred association; not epidemiological proof of causation
Palm oil,total polar compounds,healtheffect_tpc_injury,repository-inferred from separate sources,1,1,0,0,0,0,0,0.9,0.9,0.9,0.9888,,,,,reported or repository-inferred association; not epidemiological proof of causation
Palm oil,total polar compounds,liver ailments,repository-inferred from separate sources,1,1,0,0,0,0,0,0.9,0.9,0.9,0.9888,,,,,reported or repository-inferred association; not epidemiological proof of causation
Palm oil,total polar compounds,heart problems,repository-inferred from separate sources,1,1,0,0,0,0,0,0.9,0.9,0.9,0.9888,,,,,reported or repository-inferred association; not epidemiological proof of causation
osmania biscuits,adulterated ingredients,public health threat,repository-inferred from separate sources,2,1,0,0,0,0,0,0.85,0.7,0.7,0.9704,,,,,reported or repository-inferred association; not epidemiological proof of causation
Butter,vegetable oil/fat,gastrointestinal illness,repository-inferred from separate sources,1,1,0,0,0,1,0,0.95,0.85,0.85,0.9338,,,,,reported or repository-inferred association; not epidemiological proof of causation
Butter,vegetable oil/fat,cardiovascular problems,repository-inferred from separate sources,1,1,0,0,0,1,0,0.95,0.85,0.85,0.9338,,,,,reported or repository-inferred association; not epidemiological proof of causation
Butter,vegetable oil/fat,adverse effects in humans,repository-inferred from separate sources,1,1,0,0,0,1,0,0.95,0.85,0.85,0.9338,,,,,reported or repository-inferred association; not epidemiological proof of causation
Butter,vegetable oil/fat,heart lesions,repository-inferred from separate sources,1,1,0,0,0,1,0,0.95,0.85,0.85,0.9338,,,,,reported or repository-inferred association; not epidemiological proof of causation
Butter,vegetable oil/fat,liver related issues,repository-inferred from separate sources,1,1,0,0,0,1,0,0.95,0.85,0.85,0.9338,,,,,reported or repository-inferred association; not epidemiological proof of causation
Butter,vegetable oil/fat,complications in growth and behavioral development,repository-inferred from separate sources,1,1,0,0,0,1,0,0.95,0.85,0.85,0.9338,,,,,reported or repository-inferred association; not epidemiological proof of causation
Butter,vegetable oil/fat,memory loss,repository-inferred from separate sources,1,1,0,0,0,1,0,0.95,0.85,0.85,0.9338,,,,,reported or repository-inferred association; not epidemiological proof of causation
Butter,vegetable oil/fat,neurological symptoms,repository-inferred from separate sources,1,1,0,0,0,1,0,0.95,0.85,0.85,0.9338,,,,,reported or repository-inferred association; not epidemiological proof of causation
Butter,vegetable oil/fat,nerve problems,repository-inferred from separate sources,1,1,0,0,0,1,0,0.95,0.85,0.85,0.9338,,,,,reported or repository-inferred association; not epidemiological proof of causation
ginger garlic paste,artificial colours,rashes,repository-inferred from separate sources,1,1,0,0,0,0,0,0.85,0.9,0.85,0.9338,,,,,reported or repository-inferred association; not epidemiological proof of causation
ginger garlic paste,artificial colours,hyperactivity,repository-inferred from separate sources,1,1,0,0,0,0,0,0.85,0.9,0.85,0.9338,,,,,reported or repository-inferred association; not epidemiological proof of causation
ginger garlic paste,artificial colours,long term health risks,repository-inferred from separate sources,1,1,0,0,0,0,0,0.85,0.85,0.85,0.9338,,,,,reported or repository-inferred association; not epidemiological proof of causation
hydrogenated vanaspati,trans fat,health hazards,repository-inferred from separate sources,1,1,0,0,0,0,0,0.95,0.85,0.85,0.9338,,,,,reported or repository-inferred association; not epidemiological proof of causation
hydrogenated vanaspati,trans fat,heart blockage,repository-inferred from separate sources,1,1,0,0,0,0,0,0.95,0.85,0.85,0.9338,,,,,reported or repository-inferred association; not epidemiological proof of causation
Ghee,artificial flavouring,neurological effects,repository-inferred from separate sources,1,1,0,0,0,0,0,0.9,0.85,0.85,0.9338,,,,,reported or repository-inferred association; not epidemiological proof of causation
ginger garlic paste,chemicals,serious health risks,repository-inferred from separate sources,1,1,0,0,0,0,0,0.85,0.85,0.85,0.9338,,,,,reported or repository-inferred association; not epidemiological proof of causation
ginger garlic paste,chemicals,death,repository-inferred from separate sources,1,1,0,0,0,0,0,0.85,0.85,0.85,0.9338,,,,,reported or repository-inferred association; not epidemiological proof of causation
Khoya/mawa,adulterants,cancer/carcinogenicity,repository-inferred from separate sources,1,1,0,0,1,0,0,0.85,0.9,0.85,0.9338,,,,,reported or repository-inferred association; not epidemiological proof of causation
Khoya/mawa,adulterants,allergic reaction,repository-inferred from separate sources,1,1,0,0,1,0,0,0.85,0.9,0.85,0.9338,,,,,reported or repository-inferred association; not epidemiological proof of causation
Khoya/mawa,adulterants,kidney harm,repository-inferred from separate sources,1,1,0,0,0,0,0,0.85,0.85,0.85,0.9338,,,,,reported or repository-inferred association; not epidemiological proof of causation
Khoya/mawa,adulterants,liver harm,repository-inferred from separate sources,1,1,0,0,0,0,0,0.85,0.85,0.85,0.9338,,,,,reported or repository-inferred association; not epidemiological proof of causation
Khoya/mawa,adulterants,organ damage,repository-inferred from separate sources,1,1,0,0,1,0,0,0.85,0.9,0.85,0.9338,,,,,reported or repository-inferred association; not epidemiological proof of causation
fake nandini pouches,adulterated ghee,vomiting,repository-inferred from separate sources,1,1,0,0,0,0,0,0.9,0.85,0.85,0.9338,,,,,reported or repository-inferred association; not epidemiological proof of causation
fake nandini pouches,adulterated ghee,health risks,repository-inferred from separate sources,1,1,0,0,0,0,0,0.9,0.85,0.85,0.9338,,,,,reported or repository-inferred association; not epidemiological proof of causation
Ghee,milk powder,poison,repository-inferred from separate sources,1,1,0,0,0,0,0,0.85,0.85,0.85,0.9338,,,,,reported or repository-inferred association; not epidemiological proof of causation
Ghee,milk powder,harmful to health,repository-inferred from separate sources,1,1,0,0,0,0,0,0.85,0.85,0.85,0.9338,,,,,reported or repository-inferred association; not epidemiological proof of causation
prasad,adulterated ghee,vomiting,repository-inferred from separate sources,1,1,0,0,0,0,0,0.9,0.85,0.85,0.9338,,,,,reported or repository-inferred association; not epidemiological proof of causation
prasad,adulterated ghee,health risks,repository-inferred from separate sources,1,1,0,0,0,0,0,0.9,0.85,0.85,0.9338,,,,,reported or repository-inferred association; not epidemiological proof of causation
chhena,starch,gastrointestinal illness,repository-inferred from separate sources,1,1,0,0,0,0,0,0.9,0.85,0.85,0.9338,,,,,reported or repository-inferred association; not epidemiological proof of causation
chhena,starch,digestive system disturbance,repository-inferred from separate sources,1,1,0,0,0,0,0,0.9,0.85,0.85,0.9338,,,,,reported or repository-inferred association; not epidemiological proof of causation
chhena,starch,stomach pain and loose motions,repository-inferred from separate sources,1,1,0,0,0,0,0,0.9,0.85,0.85,0.9338,,,,,reported or repository-inferred association; not epidemiological proof of causation
chhena,starch,nausea,repository-inferred from separate sources,1,1,0,0,0,0,0,0.9,0.85,0.85,0.9338,,,,,reported or repository-inferred association; not epidemiological proof of causation
processed foods,trans fat,clog arteries,repository-inferred from separate sources,1,1,0,0,0,0,0,0.85,0.9,0.85,0.9338,,,,,reported or repository-inferred association; not epidemiological proof of causation
processed foods,trans fat,heart blockage,repository-inferred from separate sources,1,1,0,0,0,0,0,0.85,0.85,0.85,0.9338,,,,,reported or repository-inferred association; not epidemiological proof of causation
processed foods,trans fat,cardiovascular disease,repository-inferred from separate sources,1,1,0,0,0,0,0,0.85,0.9,0.85,0.9338,,,,,reported or repository-inferred association; not epidemiological proof of causation
processed foods,trans fat,cancer/carcinogenicity,repository-inferred from separate sources,1,1,0,0,0,0,0,0.85,0.9,0.85,0.9338,,,,,reported or repository-inferred association; not epidemiological proof of causation
fried items,trans fat,clog arteries,repository-inferred from separate sources,1,1,0,0,0,0,0,0.85,0.9,0.85,0.9338,,,,,reported or repository-inferred association; not epidemiological proof of causation
fried items,trans fat,heart blockage,repository-inferred from separate sources,1,1,0,0,0,0,0,0.85,0.85,0.85,0.9338,,,,,reported or repository-inferred association; not epidemiological proof of causation
fried items,trans fat,cardiovascular disease,repository-inferred from separate sources,1,1,0,0,0,0,0,0.85,0.9,0.85,0.9338,,,,,reported or repository-inferred association; not epidemiological proof of causation
fried items,trans fat,cancer/carcinogenicity,repository-inferred from separate sources,1,1,0,0,0,0,0,0.85,0.9,0.85,0.9338,,,,,reported or repository-inferred association; not epidemiological proof of causation
chinese garlic,pesticide residue,toxic exposure,repository-inferred from separate sources,1,1,0,0,0,0,0,0.9,0.85,0.85,0.9338,,,,,reported or repository-inferred association; not epidemiological proof of causation
chinese garlic,pesticide residue,health harms,repository-inferred from separate sources,1,1,0,0,0,0,0,0.9,0.85,0.85,0.9338,,,,,reported or repository-inferred association; not epidemiological proof of causation
chinese garlic,pesticide residue,brain development impairment,repository-inferred from separate sources,1,1,0,0,0,0,0,0.9,0.85,0.85,0.9338,,,,,reported or repository-inferred association; not epidemiological proof of causation
chinese garlic,pesticide residue,toxic food,repository-inferred from separate sources,1,1,0,0,0,0,0,0.9,0.85,0.85,0.9338,,,,,reported or repository-inferred association; not epidemiological proof of causation
chinese garlic,pesticide residue,weakening our immune system,repository-inferred from separate sources,1,1,0,0,0,0,0,0.9,0.85,0.85,0.9338,,,,,reported or repository-inferred association; not epidemiological proof of causation
garlic,heavy metals,neurological effects,repository-inferred from separate sources,1,1,0,0,0,0,0,0.85,0.9,0.85,0.9338,,,,,reported or repository-inferred association; not epidemiological proof of causation
garlic,heavy metals,chronic kidney disease,repository-inferred from separate sources,1,1,0,0,0,0,0,0.85,0.9,0.85,0.9338,,,,,reported or repository-inferred association; not epidemiological proof of causation
garlic,heavy metals,neurological problems,repository-inferred from separate sources,1,1,0,0,0,0,0,0.85,0.9,0.85,0.9338,,,,,reported or repository-inferred association; not epidemiological proof of causation
garlic,heavy metals,kidney issues,repository-inferred from separate sources,1,1,0,0,0,0,0,0.85,0.9,0.85,0.9338,,,,,reported or repository-inferred association; not epidemiological proof of causation
garlic,heavy metals,long term exposure to heavy metals,repository-inferred from separate sources,1,1,0,0,0,0,0,0.85,0.85,0.85,0.9338,,,,,reported or repository-inferred association; not epidemiological proof of causation
dairy fat,palm oil family,cancer/carcinogenicity,repository-inferred from separate sources,1,1,0,0,0,0,0,0.9,0.85,0.85,0.9338,,,,,reported or repository-inferred association; not epidemiological proof of causation
counterfeit mysore sandal soap,heavy metals,long term exposure to heavy metals,repository-inferred from separate sources,1,1,0,0,0,0,0,0.9,0.85,0.85,0.9338,,,,,reported or repository-inferred association; not epidemiological proof of causation
laddus,palm oil family,cardiovascular disease,repository-inferred from separate sources,1,1,0,0,0,0,0,0.85,0.9,0.85,0.9338,,,,,reported or repository-inferred association; not epidemiological proof of causation
laddus,palm oil family,cancer/carcinogenicity,repository-inferred from separate sources,1,1,0,0,0,0,0,0.85,0.85,0.85,0.9338,,,,,reported or repository-inferred association; not epidemiological proof of causation
laddus,palm oil family,increased cholesterol level,repository-inferred from separate sources,1,1,0,0,0,0,0,0.85,0.9,0.85,0.9338,,,,,reported or repository-inferred association; not epidemiological proof of causation
sweets,harmful colouring agents,risk to health,repository-inferred from separate sources,1,1,0,0,0,0,0,0.85,0.85,0.85,0.9338,,,,,reported or repository-inferred association; not epidemiological proof of causation
animal fat,vegetable oil/fat,gastrointestinal illness,repository-inferred from separate sources,1,1,0,0,0,0,0,0.9,0.85,0.85,0.9338,,,,,reported or repository-inferred association; not epidemiological proof of causation
animal fat,vegetable oil/fat,cardiovascular problems,repository-inferred from separate sources,1,1,0,0,0,0,0,0.9,0.85,0.85,0.9338,,,,,reported or repository-inferred association; not epidemiological proof of causation
animal fat,vegetable oil/fat,adverse effects in humans,repository-inferred from separate sources,1,1,0,0,0,0,0,0.9,0.85,0.85,0.9338,,,,,reported or repository-inferred association; not epidemiological proof of causation
animal fat,vegetable oil/fat,heart lesions,repository-inferred from separate sources,1,1,0,0,0,0,0,0.9,0.85,0.85,0.9338,,,,,reported or repository-inferred association; not epidemiological proof of causation
animal fat,vegetable oil/fat,liver related issues,repository-inferred from separate sources,1,1,0,0,0,0,0,0.9,0.85,0.85,0.9338,,,,,reported or repository-inferred association; not epidemiological proof of causation
animal fat,vegetable oil/fat,complications in growth and behavioral development,repository-inferred from separate sources,1,1,0,0,0,0,0,0.9,0.85,0.85,0.9338,,,,,reported or repository-inferred association; not epidemiological proof of causation
animal fat,vegetable oil/fat,memory loss,repository-inferred from separate sources,1,1,0,0,0,0,0,0.9,0.85,0.85,0.9338,,,,,reported or repository-inferred association; not epidemiological proof of causation
animal fat,vegetable oil/fat,neurological symptoms,repository-inferred from separate sources,1,1,0,0,0,0,0,0.9,0.85,0.85,0.9338,,,,,reported or repository-inferred association; not epidemiological proof of causation
animal fat,vegetable oil/fat,nerve problems,repository-inferred from separate sources,1,1,0,0,0,0,0,0.9,0.85,0.85,0.9338,,,,,reported or repository-inferred association; not epidemiological proof of causation
tirupati laddus,palm oil family,cancer/carcinogenicity,repository-inferred from separate sources,1,1,0,0,0,0,0,0.9,0.85,0.85,0.9338,,,,,reported or repository-inferred association; not epidemiological proof of causation
doughnuts,artificial colouring,neurological effects,repository-inferred from separate sources,1,1,0,0,0,0,0,0.95,0.85,0.85,0.9338,,,,,reported or repository-inferred association; not epidemiological proof of causation
tirumala laddus,adulterated ghee,vomiting,repository-inferred from separate sources,1,1,0,0,0,0,0,0.9,0.85,0.85,0.9338,,,,,reported or repository-inferred association; not epidemiological proof of causation
tirumala laddus,adulterated ghee,health risks,repository-inferred from separate sources,1,1,0,0,0,0,0,0.9,0.85,0.85,0.9338,,,,,reported or repository-inferred association; not epidemiological proof of causation
chenna,starch,gastrointestinal illness,repository-inferred from separate sources,1,1,0,0,0,0,0,0.95,0.85,0.85,0.9338,,,,,reported or repository-inferred association; not epidemiological proof of causation
chenna,starch,digestive system disturbance,repository-inferred from separate sources,1,1,0,0,0,0,0,0.95,0.85,0.85,0.9338,,,,,reported or repository-inferred association; not epidemiological proof of causation
chenna,starch,stomach pain and loose motions,repository-inferred from separate sources,1,1,0,0,0,0,0,0.95,0.85,0.85,0.9338,,,,,reported or repository-inferred association; not epidemiological proof of causation
chenna,starch,nausea,repository-inferred from separate sources,1,1,0,0,0,0,0,0.95,0.85,0.85,0.9338,,,,,reported or repository-inferred association; not epidemiological proof of causation
Ghee,detergent,gastrointestinal illness,repository-inferred from separate sources,1,1,0,0,0,0,0,0.9,0.85,0.85,0.9338,,,,,reported or repository-inferred association; not epidemiological proof of causation
Ghee,detergent,gastrointestinal discomfort,repository-inferred from separate sources,1,1,0,0,0,0,0,0.9,0.85,0.85,0.9338,,,,,reported or repository-inferred association; not epidemiological proof of causation
Ghee,detergent,kidney damage,repository-inferred from separate sources,1,1,0,0,1,0,0,0.9,0.85,0.85,0.9338,,,,,reported or repository-inferred association; not epidemiological proof of causation
Ghee,detergent,liver damage,repository-inferred from separate sources,1,1,0,0,1,0,0,0.9,0.85,0.85,0.9338,,,,,reported or repository-inferred association; not epidemiological proof of causation
halwa,adulterated ghee,health risks,repository-inferred from separate sources,1,1,0,0,0,0,0,0.95,0.85,0.85,0.9338,,,,,reported or repository-inferred association; not epidemiological proof of causation
Ghee,contaminated ghee,localized infection,repository-inferred from separate sources,1,1,0,0,0,0,0,0.85,0.9,0.85,0.9338,,,,,reported or repository-inferred association; not epidemiological proof of causation
Milk,heavy metals,neurological effects,repository-inferred from separate sources,1,1,0,0,0,0,0,0.85,0.9,0.85,0.9338,,,,,reported or repository-inferred association; not epidemiological proof of causation
Milk,heavy metals,chronic kidney disease,repository-inferred from separate sources,1,1,0,0,0,0,0,0.85,0.9,0.85,0.9338,,,,,reported or repository-inferred association; not epidemiological proof of causation
Milk,heavy metals,neurological problems,repository-inferred from separate sources,1,1,0,0,0,0,0,0.85,0.9,0.85,0.9338,,,,,reported or repository-inferred association; not epidemiological proof of causation
Milk,heavy metals,kidney issues,repository-inferred from separate sources,1,1,0,0,0,0,0,0.85,0.9,0.85,0.9338,,,,,reported or repository-inferred association; not epidemiological proof of causation
Milk,heavy metals,long term exposure to heavy metals,repository-inferred from separate sources,1,1,0,0,0,0,0,0.85,0.85,0.85,0.9338,,,,,reported or repository-inferred association; not epidemiological proof of causation
ginger garlic paste,adulterant,mucus formation,repository-inferred from separate sources,1,1,0,0,0,0,0,0.85,0.85,0.85,0.9338,,,,,reported or repository-inferred association; not epidemiological proof of causation
ginger garlic paste,adulterant,kidney harm,repository-inferred from separate sources,1,1,0,0,0,0,0,0.85,0.85,0.85,0.9338,,,,,reported or repository-inferred association; not epidemiological proof of causation
ice candies,chemicals,serious health risks,repository-inferred from separate sources,1,1,0,0,0,0,0,0.85,0.85,0.85,0.9338,,,,,reported or repository-inferred association; not epidemiological proof of causation
ice candies,chemicals,death,repository-inferred from separate sources,1,1,0,0,0,0,0,0.85,0.85,0.85,0.9338,,,,,reported or repository-inferred association; not epidemiological proof of causation
lassi,chemicals,serious health risks,repository-inferred from separate sources,1,1,0,0,0,0,0,0.85,0.85,0.85,0.9338,,,,,reported or repository-inferred association; not epidemiological proof of causation
lassi,chemicals,death,repository-inferred from separate sources,1,1,0,0,0,0,0,0.85,0.85,0.85,0.9338,,,,,reported or repository-inferred association; not epidemiological proof of causation
osmania biscuits,harmful chemicals,cancerous changes,repository-inferred from separate sources,1,1,0,0,0,0,0,0.85,0.85,0.85,0.9338,,,,,reported or repository-inferred association; not epidemiological proof of causation
osmania biscuits,harmful chemicals,cardiac troubles,repository-inferred from separate sources,1,1,0,0,0,0,0,0.85,0.9,0.85,0.9338,,,,,reported or repository-inferred association; not epidemiological proof of causation
osmania biscuits,harmful chemicals,respiratory troubles,repository-inferred from separate sources,1,1,0,0,0,0,0,0.85,0.9,0.85,0.9338,,,,,reported or repository-inferred association; not epidemiological proof of causation
osmania biscuits,harmful chemicals,serious health problems,repository-inferred from separate sources,1,1,0,0,0,0,0,0.85,0.85,0.85,0.9338,,,,,reported or repository-inferred association; not epidemiological proof of causation
osmania biscuits,harmful chemicals,food poisoning,repository-inferred from separate sources,1,1,0,0,0,0,0,0.85,0.85,0.85,0.9338,,,,,reported or repository-inferred association; not epidemiological proof of causation
osmania biscuits,harmful chemicals,gastrointestinal illness,repository-inferred from separate sources,1,1,0,0,0,0,0,0.85,0.85,0.85,0.9338,,,,,reported or repository-inferred association; not epidemiological proof of causation
tirupati laddoo,adulterated ghee,vomiting,repository-inferred from separate sources,1,1,0,0,0,0,0,0.95,0.85,0.85,0.9338,,,,,reported or repository-inferred association; not epidemiological proof of causation
tirupati laddoo,adulterated ghee,health risks,repository-inferred from separate sources,1,1,0,0,0,0,0,0.95,0.85,0.85,0.9338,,,,,reported or repository-inferred association; not epidemiological proof of causation
mithai,detergent,gastrointestinal illness,repository-inferred from separate sources,1,1,0,0,0,0,0,0.85,0.85,0.85,0.9338,,,,,reported or repository-inferred association; not epidemiological proof of causation
mithai,detergent,stomach irritation,repository-inferred from separate sources,1,1,0,0,0,0,0,0.85,0.9,0.85,0.9338,,,,,reported or repository-inferred association; not epidemiological proof of causation
mithai,detergent,vomiting,repository-inferred from separate sources,1,1,0,0,0,0,0,0.85,0.9,0.85,0.9338,,,,,reported or repository-inferred association; not epidemiological proof of causation
mithai,detergent,diarrhoea,repository-inferred from separate sources,1,1,0,0,0,0,0,0.85,0.9,0.85,0.9338,,,,,reported or repository-inferred association; not epidemiological proof of causation
mithai,detergent,gastrointestinal discomfort,repository-inferred from separate sources,1,1,0,0,0,0,0,0.85,0.85,0.85,0.9338,,,,,reported or repository-inferred association; not epidemiological proof of causation
mithai,detergent,irritate the digestive tract,repository-inferred from separate sources,1,1,0,0,0,0,0,0.85,0.9,0.85,0.9338,,,,,reported or repository-inferred association; not epidemiological proof of causation
mithai,detergent,kidney damage,repository-inferred from separate sources,1,1,0,0,0,0,0,0.85,0.85,0.85,0.9338,,,,,reported or repository-inferred association; not epidemiological proof of causation
mithai,detergent,liver damage,repository-inferred from separate sources,1,1,0,0,0,0,0,0.85,0.85,0.85,0.9338,,,,,reported or repository-inferred association; not epidemiological proof of causation
Mustard oil,mineral oil,cancer/carcinogenicity,repository-inferred from separate sources,1,1,0,0,1,0,0,0.9,0.85,0.85,0.9338,,,,,reported or repository-inferred association; not epidemiological proof of causation
hydrogenated oils,trans fats,disruption of blood brain barrier,repository-inferred from separate sources,1,1,0,0,0,0,0,0.9,0.85,0.85,0.9338,,,,,reported or repository-inferred association; not epidemiological proof of causation
Ghee,trans fats,disruption of blood brain barrier,repository-inferred from separate sources,1,1,0,0,0,0,0,0.9,0.85,0.85,0.9338,,,,,reported or repository-inferred association; not epidemiological proof of causation
Milk,synthetic colours,health problems,repository-inferred from separate sources,1,1,0,0,0,0,0,0.85,0.9,0.85,0.9338,,,,,reported or repository-inferred association; not epidemiological proof of causation
sweets,adulterated ghee,vomiting,repository-inferred from separate sources,1,1,0,0,0,0,0,0.85,0.85,0.85,0.9338,,,,,reported or repository-inferred association; not epidemiological proof of causation
sweets,adulterated ghee,health risks,repository-inferred from separate sources,1,1,0,0,0,0,0,0.85,0.85,0.85,0.9338,,,,,reported or repository-inferred association; not epidemiological proof of causation
honey,water,illness in infants,repository-inferred from separate sources,1,1,0,0,0,0,0,0.9,0.85,0.85,0.9338,,,,,reported or repository-inferred association; not epidemiological proof of causation
honey,water,skin diseases,repository-inferred from separate sources,1,1,0,0,1,0,0,0.9,0.85,0.85,0.9338,,,,,reported or repository-inferred association; not epidemiological proof of causation
honey,water,digestion issues,repository-inferred from separate sources,1,1,0,0,0,0,0,0.9,0.85,0.85,0.9338,,,,,reported or repository-inferred association; not epidemiological proof of causation
seafood,antibiotic residue,serious harmful effects on human health,repository-inferred from separate sources,1,1,0,0,0,0,0,0.9,0.85,0.85,0.9338,,,,,reported or repository-inferred association; not epidemiological proof of causation
Ghee,antibiotic residue,c difficile infection,repository-inferred from separate sources,1,1,0,0,0,0,0,0.85,0.9,0.85,0.9338,,,,,reported or repository-inferred association; not epidemiological proof of causation
Ghee,antibiotic residue,diarrhoea,repository-inferred from separate sources,1,1,0,0,0,0,0,0.85,0.9,0.85,0.9338,,,,,reported or repository-inferred association; not epidemiological proof of causation
Ghee,antibiotic residue,serious harmful effects on human health,repository-inferred from separate sources,1,1,0,0,0,0,0,0.85,0.85,0.85,0.9338,,,,,reported or repository-inferred association; not epidemiological proof of causation
Ghee,heavy metals,neurological effects,repository-inferred from separate sources,1,1,0,0,0,0,0,0.85,0.9,0.85,0.9338,,,,,reported or repository-inferred association; not epidemiological proof of causation
Ghee,heavy metals,chronic kidney disease,repository-inferred from separate sources,1,1,0,0,0,0,0,0.85,0.9,0.85,0.9338,,,,,reported or repository-inferred association; not epidemiological proof of causation
Ghee,heavy metals,neurological problems,repository-inferred from separate sources,1,1,0,0,0,0,0,0.85,0.9,0.85,0.9338,,,,,reported or repository-inferred association; not epidemiological proof of causation
Ghee,heavy metals,kidney issues,repository-inferred from separate sources,1,1,0,0,0,0,0,0.85,0.9,0.85,0.9338,,,,,reported or repository-inferred association; not epidemiological proof of causation
Ghee,heavy metals,long term exposure to heavy metals,repository-inferred from separate sources,1,1,0,0,0,0,0,0.85,0.85,0.85,0.9338,,,,,reported or repository-inferred association; not epidemiological proof of causation
ar dairy,adulterated ghee,vomiting,repository-inferred from separate sources,1,1,0,0,0,0,0,0.85,0.85,0.85,0.9338,,,,,reported or repository-inferred association; not epidemiological proof of causation
ar dairy,adulterated ghee,health risks,repository-inferred from separate sources,1,1,0,0,0,0,0,0.85,0.85,0.85,0.9338,,,,,reported or repository-inferred association; not epidemiological proof of causation
Ghee,toxic substances,severe dehydration,repository-inferred from separate sources,1,1,0,0,0,0,0,0.85,0.85,0.85,0.9338,,,,,reported or repository-inferred association; not epidemiological proof of causation
Ghee,toxic substances,dizziness,repository-inferred from separate sources,1,1,0,0,0,0,0,0.85,0.85,0.85,0.9338,,,,,reported or repository-inferred association; not epidemiological proof of causation
Ghee,toxic substances,headaches,repository-inferred from separate sources,1,1,0,0,0,0,0,0.85,0.85,0.85,0.9338,,,,,reported or repository-inferred association; not epidemiological proof of causation
Ghee,toxic substances,blurred vision,repository-inferred from separate sources,1,1,0,0,0,0,0,0.85,0.85,0.85,0.9338,,,,,reported or repository-inferred association; not epidemiological proof of causation
tirupati laddus,chemicals,serious health risks,repository-inferred from separate sources,1,1,0,0,0,0,0,0.85,0.85,0.85,0.9338,,,,,reported or repository-inferred association; not epidemiological proof of causation
tirupati laddus,chemicals,death,repository-inferred from separate sources,1,1,0,0,0,0,0,0.85,0.85,0.85,0.9338,,,,,reported or repository-inferred association; not epidemiological proof of causation
tirumala srivari laddu,adulterated ghee,vomiting,repository-inferred from separate sources,1,1,0,0,0,0,0,0.85,0.85,0.85,0.9338,,,,,reported or repository-inferred association; not epidemiological proof of causation
tirumala srivari laddu,adulterated ghee,health risks,repository-inferred from separate sources,1,1,0,0,0,0,0,0.85,0.85,0.85,0.9338,,,,,reported or repository-inferred association; not epidemiological proof of causation
tirumala srivari laddu,palm oil family,cardiovascular disease,repository-inferred from separate sources,1,1,0,0,0,0,0,0.85,0.9,0.85,0.9338,,,,,reported or repository-inferred association; not epidemiological proof of causation
tirumala srivari laddu,palm oil family,cancer/carcinogenicity,repository-inferred from separate sources,1,1,0,0,0,0,0,0.85,0.85,0.85,0.9338,,,,,reported or repository-inferred association; not epidemiological proof of causation
tirumala srivari laddu,palm oil family,increased cholesterol level,repository-inferred from separate sources,1,1,0,0,0,0,0,0.85,0.9,0.85,0.9338,,,,,reported or repository-inferred association; not epidemiological proof of causation
unsafe pickle,chemicals,serious health risks,repository-inferred from separate sources,1,1,0,0,0,0,0,0.85,0.85,0.85,0.9338,,,,,reported or repository-inferred association; not epidemiological proof of causation
unsafe pickle,chemicals,death,repository-inferred from separate sources,1,1,0,0,0,0,0,0.85,0.85,0.85,0.9338,,,,,reported or repository-inferred association; not epidemiological proof of causation
srivari laddu,palm oil family,cancer/carcinogenicity,repository-inferred from separate sources,1,1,0,0,0,0,0,0.95,0.85,0.85,0.9338,,,,,reported or repository-inferred association; not epidemiological proof of causation
Ghee,synthetic substances,serious health risks,repository-inferred from separate sources,1,1,0,0,0,0,0,0.95,0.85,0.85,0.9338,,,,,reported or repository-inferred association; not epidemiological proof of causation
cream,palm oil family,cardiovascular disease,repository-inferred from separate sources,1,1,0,0,0,0,0,0.85,0.9,0.85,0.9338,,,,,reported or repository-inferred association; not epidemiological proof of causation
cream,palm oil family,cancer/carcinogenicity,repository-inferred from separate sources,1,1,0,0,0,0,0,0.85,0.85,0.85,0.9338,,,,,reported or repository-inferred association; not epidemiological proof of causation
cream,palm oil family,increased cholesterol level,repository-inferred from separate sources,1,1,0,0,0,0,0,0.85,0.9,0.85,0.9338,,,,,reported or repository-inferred association; not epidemiological proof of causation
oil,total polar compounds,clogged arteries,repository-inferred from separate sources,1,1,0,0,0,0,0,0.9,0.85,0.85,0.9338,,,,,reported or repository-inferred association; not epidemiological proof of causation
oil,total polar compounds,alarming health issues,repository-inferred from separate sources,1,1,0,0,0,0,0,0.9,0.85,0.85,0.9338,,,,,reported or repository-inferred association; not epidemiological proof of causation
oil,total polar compounds,alzheimer s disease,repository-inferred from separate sources,1,1,0,0,0,0,0,0.9,0.85,0.85,0.9338,,,,,reported or repository-inferred association; not epidemiological proof of causation
oil,total polar compounds,cardiovascular disease,repository-inferred from separate sources,1,1,0,0,0,0,0,0.9,0.85,0.85,0.9338,,,,,reported or repository-inferred association; not epidemiological proof of causation
oil,total polar compounds,potential health risks,repository-inferred from separate sources,1,1,0,0,0,0,0,0.9,0.85,0.85,0.9338,,,,,reported or repository-inferred association; not epidemiological proof of causation
watermelon,salmonella,acute diarrhoeal illness,repository-inferred from separate sources,1,1,0,0,0,0,0,0.85,0.85,0.85,0.9338,,,,,reported or repository-inferred association; not epidemiological proof of causation
watermelon,salmonella,intestinal infections,repository-inferred from separate sources,1,1,0,0,0,0,0,0.85,0.9,0.85,0.9338,,,,,reported or repository-inferred association; not epidemiological proof of causation
watermelon,salmonella,fever,repository-inferred from separate sources,1,1,0,0,0,0,0,0.85,0.9,0.85,0.9338,,,,,reported or repository-inferred association; not epidemiological proof of causation
watermelon,salmonella,diarrhoea,repository-inferred from separate sources,1,1,0,0,0,0,0,0.85,0.9,0.85,0.9338,,,,,reported or repository-inferred association; not epidemiological proof of causation
watermelon,e coli,kidney damage,repository-inferred from separate sources,1,1,0,0,0,0,0,0.85,0.9,0.85,0.9338,,,,,reported or repository-inferred association; not epidemiological proof of causation
watermelon,e coli,hemolytic uremic syndrome,repository-inferred from separate sources,1,1,0,0,0,0,0,0.85,0.95,0.85,0.9338,,,,,reported or repository-inferred association; not epidemiological proof of causation
watermelon,e coli,vomiting,repository-inferred from separate sources,1,1,0,0,0,0,0,0.85,0.95,0.85,0.9338,,,,,reported or repository-inferred association; not epidemiological proof of causation
watermelon,e coli,low fever,repository-inferred from separate sources,1,1,0,0,0,0,0,0.85,0.95,0.85,0.9338,,,,,reported or repository-inferred association; not epidemiological proof of causation
watermelon,e coli,uti,repository-inferred from separate sources,1,1,0,0,0,0,0,0.85,0.9,0.85,0.9338,,,,,reported or repository-inferred association; not epidemiological proof of causation
watermelon,e coli,renal failure,repository-inferred from separate sources,1,1,0,0,0,0,0,0.85,0.85,0.85,0.9338,,,,,reported or repository-inferred association; not epidemiological proof of causation
watermelon,e coli,serious illnesses,repository-inferred from separate sources,1,1,0,0,0,0,0,0.85,0.85,0.85,0.9338,,,,,reported or repository-inferred association; not epidemiological proof of causation
watermelon,e coli,hospitalization,repository-inferred from separate sources,1,1,0,0,0,0,0,0.85,0.85,0.85,0.9338,,,,,reported or repository-inferred association; not epidemiological proof of causation
watermelon,e coli,foodborne illness,repository-inferred from separate sources,1,1,0,0,0,0,0,0.85,0.85,0.85,0.9338,,,,,reported or repository-inferred association; not epidemiological proof of causation
watermelon,e coli,death,repository-inferred from separate sources,1,1,0,0,0,0,0,0.85,0.9,0.85,0.9338,,,,,reported or repository-inferred association; not epidemiological proof of causation
buckwheat flour,contaminant,death,repository-inferred from separate sources,1,1,0,0,0,0,0,0.85,0.9,0.85,0.9338,,,,,reported or repository-inferred association; not epidemiological proof of causation
Curd/yoghurt,ethylene glycol,health risks to diabetic patients,repository-inferred from separate sources,1,1,0,0,0,0,0,0.9,0.85,0.85,0.9338,,,,,reported or repository-inferred association; not epidemiological proof of causation
Curd/yoghurt,ethylene glycol,organ damage,repository-inferred from separate sources,1,1,0,0,0,0,0,0.9,0.85,0.85,0.9338,,,,,reported or repository-inferred association; not epidemiological proof of causation
Curd/yoghurt,ethylene glycol,inability to urinate,repository-inferred from separate sources,1,1,0,0,0,0,0,0.9,0.85,0.85,0.9338,,,,,reported or repository-inferred association; not epidemiological proof of causation
Curd/yoghurt,ethylene glycol,toxicity,repository-inferred from separate sources,1,1,0,0,0,0,0,0.9,0.85,0.85,0.9338,,,,,reported or repository-inferred association; not epidemiological proof of causation
baby food,lead,health issues,repository-inferred from separate sources,1,1,0,0,0,0,0,0.95,0.85,0.85,0.9338,,,,,reported or repository-inferred association; not epidemiological proof of causation
mashed sweet potatoes,lead,health issues,repository-inferred from separate sources,1,1,0,0,0,0,0,0.85,0.85,0.85,0.9338,,,,,reported or repository-inferred association; not epidemiological proof of causation
mashed sweet potatoes,lead,impaired brain development,repository-inferred from separate sources,1,1,0,0,0,0,0,0.85,0.9,0.85,0.9338,,,,,reported or repository-inferred association; not epidemiological proof of causation
mashed sweet potatoes,lead,impaired learning,repository-inferred from separate sources,1,1,0,0,0,0,0,0.85,0.9,0.85,0.9338,,,,,reported or repository-inferred association; not epidemiological proof of causation
leafy greens,heavy metals,long term exposure to heavy metals,repository-inferred from separate sources,1,1,0,0,0,0,0,0.9,0.85,0.85,0.9338,,,,,reported or repository-inferred association; not epidemiological proof of causation
baby food,heavy metals,long term exposure to heavy metals,repository-inferred from separate sources,1,1,0,0,0,0,0,0.9,0.85,0.85,0.9338,,,,,reported or repository-inferred association; not epidemiological proof of causation
Curd/yoghurt,detergent,gastrointestinal illness,repository-inferred from separate sources,1,1,0,0,0,0,0,0.9,0.85,0.85,0.9338,,,,,reported or repository-inferred association; not epidemiological proof of causation
Curd/yoghurt,detergent,kidney damage,repository-inferred from separate sources,1,1,0,0,1,0,0,0.9,0.85,0.85,0.9338,,,,,reported or repository-inferred association; not epidemiological proof of causation
Curd/yoghurt,detergent,liver damage,repository-inferred from separate sources,1,1,0,0,1,0,0,0.9,0.85,0.85,0.9338,,,,,reported or repository-inferred association; not epidemiological proof of causation
sweets,detergent,gastrointestinal illness,repository-inferred from separate sources,1,1,0,0,0,0,0,0.9,0.85,0.85,0.9338,,,,,reported or repository-inferred association; not epidemiological proof of causation
sweets,detergent,kidney damage,repository-inferred from separate sources,1,1,0,0,1,0,0,0.9,0.85,0.85,0.9338,,,,,reported or repository-inferred association; not epidemiological proof of causation
sweets,detergent,liver damage,repository-inferred from separate sources,1,1,0,0,1,0,0,0.9,0.85,0.85,0.9338,,,,,reported or repository-inferred association; not epidemiological proof of causation
bottled water,microplastics,oxidative stress,repository-inferred from separate sources,1,1,0,0,0,0,0,0.9,0.85,0.85,0.9338,,,,,reported or repository-inferred association; not epidemiological proof of causation
bottled water,microplastics,immune disorders,repository-inferred from separate sources,1,1,0,0,0,0,0,0.9,0.85,0.85,0.9338,,,,,reported or repository-inferred association; not epidemiological proof of causation
bottled water,microplastics,endocrine disruption,repository-inferred from separate sources,1,1,0,0,0,0,0,0.9,0.85,0.85,0.9338,,,,,reported or repository-inferred association; not epidemiological proof of causation
bottled water,microplastics,respiratory dysfunction,repository-inferred from separate sources,1,1,0,0,0,0,0,0.9,0.85,0.85,0.9338,,,,,reported or repository-inferred association; not epidemiological proof of causation
bottled water,microplastics,reproductive problems,repository-inferred from separate sources,1,1,0,0,0,0,0,0.9,0.85,0.85,0.9338,,,,,reported or repository-inferred association; not epidemiological proof of causation
bottled water,microplastics,developmental delays,repository-inferred from separate sources,1,1,0,0,0,0,0,0.9,0.85,0.85,0.9338,,,,,reported or repository-inferred association; not epidemiological proof of causation
bottled water,microplastics,immune system alteration,repository-inferred from separate sources,1,1,0,0,0,0,0,0.9,0.85,0.85,0.9338,,,,,reported or repository-inferred association; not epidemiological proof of causation
bottled water,microplastics,detrimental health effects,repository-inferred from separate sources,1,1,0,0,0,0,0,0.9,0.85,0.85,0.9338,,,,,reported or repository-inferred association; not epidemiological proof of causation
large fish species,mercury,harm to vital organs,repository-inferred from separate sources,1,1,0,0,0,0,0,0.9,0.85,0.85,0.9338,,,,,reported or repository-inferred association; not epidemiological proof of causation
grains,aflatoxins,cancer/carcinogenicity,repository-inferred from separate sources,1,1,0,0,0,0,0,0.85,0.9,0.85,0.9338,,,,,reported or repository-inferred association; not epidemiological proof of causation
Milk,plastic,bloating,repository-inferred from separate sources,1,1,0,0,0,0,0,0.85,0.85,0.85,0.9338,,,,,reported or repository-inferred association; not epidemiological proof of causation
Milk,plastic,reduced digestion capacity,repository-inferred from separate sources,1,1,0,0,0,0,0,0.85,0.85,0.85,0.9338,,,,,reported or repository-inferred association; not epidemiological proof of causation
meat,plastic,bloating,repository-inferred from separate sources,1,1,0,0,0,0,0,0.85,0.85,0.85,0.9338,,,,,reported or repository-inferred association; not epidemiological proof of causation
meat,plastic,reduced digestion capacity,repository-inferred from separate sources,1,1,0,0,0,0,0,0.85,0.85,0.85,0.9338,,,,,reported or repository-inferred association; not epidemiological proof of causation
seafood,microplastics,cardiovascular disease,repository-inferred from separate sources,1,1,0,0,0,0,0,0.9,0.85,0.85,0.9338,,,,,reported or repository-inferred association; not epidemiological proof of causation
seafood,microplastics,endocrine disruption,repository-inferred from separate sources,1,1,0,0,0,0,0,0.9,0.85,0.85,0.9338,,,,,reported or repository-inferred association; not epidemiological proof of causation
seafood,microplastics,respiratory dysfunction,repository-inferred from separate sources,1,1,0,0,0,0,0,0.9,0.85,0.85,0.9338,,,,,reported or repository-inferred association; not epidemiological proof of causation
seafood,microplastics,reproductive problems,repository-inferred from separate sources,1,1,0,0,0,0,0,0.9,0.85,0.85,0.9338,,,,,reported or repository-inferred association; not epidemiological proof of causation
seafood,microplastics,developmental delays,repository-inferred from separate sources,1,1,0,0,0,0,0,0.9,0.85,0.85,0.9338,,,,,reported or repository-inferred association; not epidemiological proof of causation
seafood,microplastics,immune system alteration,repository-inferred from separate sources,1,1,0,0,0,0,0,0.9,0.85,0.85,0.9338,,,,,reported or repository-inferred association; not epidemiological proof of causation
seafood,microplastics,detrimental health effects,repository-inferred from separate sources,1,1,0,0,0,0,0,0.9,0.85,0.85,0.9338,,,,,reported or repository-inferred association; not epidemiological proof of causation
poultry,microplastics,cardiovascular disease,repository-inferred from separate sources,1,1,0,0,0,0,0,0.9,0.85,0.85,0.9338,,,,,reported or repository-inferred association; not epidemiological proof of causation
poultry,microplastics,endocrine disruption,repository-inferred from separate sources,1,1,0,0,0,0,0,0.9,0.85,0.85,0.9338,,,,,reported or repository-inferred association; not epidemiological proof of causation
poultry,microplastics,respiratory dysfunction,repository-inferred from separate sources,1,1,0,0,0,0,0,0.9,0.85,0.85,0.9338,,,,,reported or repository-inferred association; not epidemiological proof of causation
poultry,microplastics,reproductive problems,repository-inferred from separate sources,1,1,0,0,0,0,0,0.9,0.85,0.85,0.9338,,,,,reported or repository-inferred association; not epidemiological proof of causation
poultry,microplastics,developmental delays,repository-inferred from separate sources,1,1,0,0,0,0,0,0.9,0.85,0.85,0.9338,,,,,reported or repository-inferred association; not epidemiological proof of causation
poultry,microplastics,immune system alteration,repository-inferred from separate sources,1,1,0,0,0,0,0,0.9,0.85,0.85,0.9338,,,,,reported or repository-inferred association; not epidemiological proof of causation
poultry,microplastics,detrimental health effects,repository-inferred from separate sources,1,1,0,0,0,0,0,0.9,0.85,0.85,0.9338,,,,,reported or repository-inferred association; not epidemiological proof of causation
fruits,microplastics,cardiovascular disease,repository-inferred from separate sources,1,1,0,0,0,0,0,0.9,0.85,0.85,0.9338,,,,,reported or repository-inferred association; not epidemiological proof of causation
fruits,microplastics,endocrine disruption,repository-inferred from separate sources,1,1,0,0,0,0,0,0.9,0.85,0.85,0.9338,,,,,reported or repository-inferred association; not epidemiological proof of causation
fruits,microplastics,respiratory dysfunction,repository-inferred from separate sources,1,1,0,0,0,0,0,0.9,0.85,0.85,0.9338,,,,,reported or repository-inferred association; not epidemiological proof of causation
fruits,microplastics,reproductive problems,repository-inferred from separate sources,1,1,0,0,0,0,0,0.9,0.85,0.85,0.9338,,,,,reported or repository-inferred association; not epidemiological proof of causation
fruits,microplastics,developmental delays,repository-inferred from separate sources,1,1,0,0,0,0,0,0.9,0.85,0.85,0.9338,,,,,reported or repository-inferred association; not epidemiological proof of causation
fruits,microplastics,immune system alteration,repository-inferred from separate sources,1,1,0,0,0,0,0,0.9,0.85,0.85,0.9338,,,,,reported or repository-inferred association; not epidemiological proof of causation
fruits,microplastics,detrimental health effects,repository-inferred from separate sources,1,1,0,0,0,0,0,0.9,0.85,0.85,0.9338,,,,,reported or repository-inferred association; not epidemiological proof of causation
vegetables,microplastics,cardiovascular disease,repository-inferred from separate sources,1,1,0,0,0,0,0,0.9,0.85,0.85,0.9338,,,,,reported or repository-inferred association; not epidemiological proof of causation
vegetables,microplastics,endocrine disruption,repository-inferred from separate sources,1,1,0,0,0,0,0,0.9,0.85,0.85,0.9338,,,,,reported or repository-inferred association; not epidemiological proof of causation
vegetables,microplastics,respiratory dysfunction,repository-inferred from separate sources,1,1,0,0,0,0,0,0.9,0.85,0.85,0.9338,,,,,reported or repository-inferred association; not epidemiological proof of causation
vegetables,microplastics,reproductive problems,repository-inferred from separate sources,1,1,0,0,0,0,0,0.9,0.85,0.85,0.9338,,,,,reported or repository-inferred association; not epidemiological proof of causation
vegetables,microplastics,developmental delays,repository-inferred from separate sources,1,1,0,0,0,0,0,0.9,0.85,0.85,0.9338,,,,,reported or repository-inferred association; not epidemiological proof of causation
vegetables,microplastics,immune system alteration,repository-inferred from separate sources,1,1,0,0,0,0,0,0.9,0.85,0.85,0.9338,,,,,reported or repository-inferred association; not epidemiological proof of causation
vegetables,microplastics,detrimental health effects,repository-inferred from separate sources,1,1,0,0,0,0,0,0.9,0.85,0.85,0.9338,,,,,reported or repository-inferred association; not epidemiological proof of causation
prepared foods,microplastics,cardiovascular disease,repository-inferred from separate sources,1,1,0,0,0,0,0,0.9,0.85,0.85,0.9338,,,,,reported or repository-inferred association; not epidemiological proof of causation
prepared foods,microplastics,endocrine disruption,repository-inferred from separate sources,1,1,0,0,0,0,0,0.9,0.85,0.85,0.9338,,,,,reported or repository-inferred association; not epidemiological proof of causation
prepared foods,microplastics,respiratory dysfunction,repository-inferred from separate sources,1,1,0,0,0,0,0,0.9,0.85,0.85,0.9338,,,,,reported or repository-inferred association; not epidemiological proof of causation
prepared foods,microplastics,reproductive problems,repository-inferred from separate sources,1,1,0,0,0,0,0,0.9,0.85,0.85,0.9338,,,,,reported or repository-inferred association; not epidemiological proof of causation
prepared foods,microplastics,developmental delays,repository-inferred from separate sources,1,1,0,0,0,0,0,0.9,0.85,0.85,0.9338,,,,,reported or repository-inferred association; not epidemiological proof of causation
prepared foods,microplastics,immune system alteration,repository-inferred from separate sources,1,1,0,0,0,0,0,0.9,0.85,0.85,0.9338,,,,,reported or repository-inferred association; not epidemiological proof of causation
prepared foods,microplastics,detrimental health effects,repository-inferred from separate sources,1,1,0,0,0,0,0,0.9,0.85,0.85,0.9338,,,,,reported or repository-inferred association; not epidemiological proof of causation
food,thallium,coma,repository-inferred from separate sources,1,1,0,0,0,0,0,0.9,0.85,0.85,0.9338,,,,,reported or repository-inferred association; not epidemiological proof of causation
wall s frozen products,vegetable oil/fat,gastrointestinal illness,repository-inferred from separate sources,1,1,0,0,0,0,0,0.85,0.85,0.85,0.9338,,,,,reported or repository-inferred association; not epidemiological proof of causation
wall s frozen products,vegetable oil/fat,cardiovascular problems,repository-inferred from separate sources,1,1,0,0,0,0,0,0.85,0.85,0.85,0.9338,,,,,reported or repository-inferred association; not epidemiological proof of causation
wall s frozen products,vegetable oil/fat,adverse effects in humans,repository-inferred from separate sources,1,1,0,0,0,0,0,0.85,0.85,0.85,0.9338,,,,,reported or repository-inferred association; not epidemiological proof of causation
wall s frozen products,vegetable oil/fat,heart lesions,repository-inferred from separate sources,1,1,0,0,0,0,0,0.85,0.85,0.85,0.9338,,,,,reported or repository-inferred association; not epidemiological proof of causation
wall s frozen products,vegetable oil/fat,liver related issues,repository-inferred from separate sources,1,1,0,0,0,0,0,0.85,0.85,0.85,0.9338,,,,,reported or repository-inferred association; not epidemiological proof of causation
wall s frozen products,vegetable oil/fat,complications in growth and behavioral development,repository-inferred from separate sources,1,1,0,0,0,0,0,0.85,0.85,0.85,0.9338,,,,,reported or repository-inferred association; not epidemiological proof of causation
wall s frozen products,vegetable oil/fat,memory loss,repository-inferred from separate sources,1,1,0,0,0,0,0,0.85,0.85,0.85,0.9338,,,,,reported or repository-inferred association; not epidemiological proof of causation
wall s frozen products,vegetable oil/fat,neurological symptoms,repository-inferred from separate sources,1,1,0,0,0,0,0,0.85,0.85,0.85,0.9338,,,,,reported or repository-inferred association; not epidemiological proof of causation
wall s frozen products,vegetable oil/fat,nerve problems,repository-inferred from separate sources,1,1,0,0,0,0,0,0.85,0.85,0.85,0.9338,,,,,reported or repository-inferred association; not epidemiological proof of causation
cool drinks,water,illness in infants,repository-inferred from separate sources,1,1,0,0,0,0,0,0.9,0.85,0.85,0.9338,,,,,reported or repository-inferred association; not epidemiological proof of causation
cool drinks,water,skin diseases,repository-inferred from separate sources,1,1,0,0,0,0,0,0.9,0.85,0.85,0.9338,,,,,reported or repository-inferred association; not epidemiological proof of causation
cool drinks,water,digestion issues,repository-inferred from separate sources,1,1,0,0,0,0,0,0.9,0.85,0.85,0.9338,,,,,reported or repository-inferred association; not epidemiological proof of causation
cofset,diethylene glycol,renal failure,repository-inferred from separate sources,1,1,0,0,0,0,0,0.98,0.85,0.85,0.9338,,,,,reported or repository-inferred association; not epidemiological proof of causation
cofset,diethylene glycol,toxicity,repository-inferred from separate sources,1,1,0,0,0,0,0,0.98,0.85,0.85,0.9338,,,,,reported or repository-inferred association; not epidemiological proof of causation
coffee,microplastics,cardiovascular disease,repository-inferred from separate sources,1,1,0,0,0,0,0,0.9,0.85,0.85,0.9338,,,,,reported or repository-inferred association; not epidemiological proof of causation
coffee,microplastics,oxidative stress,repository-inferred from separate sources,1,1,0,0,0,0,0,0.9,0.85,0.85,0.9338,,,,,reported or repository-inferred association; not epidemiological proof of causation
coffee,microplastics,immune disorders,repository-inferred from separate sources,1,1,0,0,0,0,0,0.9,0.85,0.85,0.9338,,,,,reported or repository-inferred association; not epidemiological proof of causation
coffee,microplastics,endocrine disruption,repository-inferred from separate sources,1,1,0,0,0,0,0,0.9,0.85,0.85,0.9338,,,,,reported or repository-inferred association; not epidemiological proof of causation
coffee,microplastics,respiratory dysfunction,repository-inferred from separate sources,1,1,0,0,0,0,0,0.9,0.85,0.85,0.9338,,,,,reported or repository-inferred association; not epidemiological proof of causation
coffee,microplastics,reproductive problems,repository-inferred from separate sources,1,1,0,0,0,0,0,0.9,0.85,0.85,0.9338,,,,,reported or repository-inferred association; not epidemiological proof of causation
coffee,microplastics,developmental delays,repository-inferred from separate sources,1,1,0,0,0,0,0,0.9,0.85,0.85,0.9338,,,,,reported or repository-inferred association; not epidemiological proof of causation
coffee,microplastics,immune system alteration,repository-inferred from separate sources,1,1,0,0,0,0,0,0.9,0.85,0.85,0.9338,,,,,reported or repository-inferred association; not epidemiological proof of causation
coffee,microplastics,detrimental health effects,repository-inferred from separate sources,1,1,0,0,0,0,0,0.9,0.85,0.85,0.9338,,,,,reported or repository-inferred association; not epidemiological proof of causation
packaged table salt,microplastics,cardiovascular disease,repository-inferred from separate sources,1,1,0,0,0,0,0,0.9,0.85,0.85,0.9338,,,,,reported or repository-inferred association; not epidemiological proof of causation
packaged table salt,microplastics,oxidative stress,repository-inferred from separate sources,1,1,0,0,0,0,0,0.9,0.85,0.85,0.9338,,,,,reported or repository-inferred association; not epidemiological proof of causation
packaged table salt,microplastics,immune disorders,repository-inferred from separate sources,1,1,0,0,0,0,0,0.9,0.85,0.85,0.9338,,,,,reported or repository-inferred association; not epidemiological proof of causation
packaged table salt,microplastics,endocrine disruption,repository-inferred from separate sources,1,1,0,0,0,0,0,0.9,0.85,0.85,0.9338,,,,,reported or repository-inferred association; not epidemiological proof of causation
packaged table salt,microplastics,respiratory dysfunction,repository-inferred from separate sources,1,1,0,0,0,0,0,0.9,0.85,0.85,0.9338,,,,,reported or repository-inferred association; not epidemiological proof of causation
packaged table salt,microplastics,reproductive problems,repository-inferred from separate sources,1,1,0,0,0,0,0,0.9,0.85,0.85,0.9338,,,,,reported or repository-inferred association; not epidemiological proof of causation
packaged table salt,microplastics,developmental delays,repository-inferred from separate sources,1,1,0,0,0,0,0,0.9,0.85,0.85,0.9338,,,,,reported or repository-inferred association; not epidemiological proof of causation
packaged table salt,microplastics,immune system alteration,repository-inferred from separate sources,1,1,0,0,0,0,0,0.9,0.85,0.85,0.9338,,,,,reported or repository-inferred association; not epidemiological proof of causation
packaged table salt,microplastics,detrimental health effects,repository-inferred from separate sources,1,1,0,0,0,0,0,0.9,0.85,0.85,0.9338,,,,,reported or repository-inferred association; not epidemiological proof of causation
tea,microplastics,cardiovascular disease,repository-inferred from separate sources,1,1,0,0,0,0,0,0.9,0.85,0.85,0.9338,,,,,reported or repository-inferred association; not epidemiological proof of causation
tea,microplastics,oxidative stress,repository-inferred from separate sources,1,1,0,0,0,0,0,0.9,0.85,0.85,0.9338,,,,,reported or repository-inferred association; not epidemiological proof of causation
tea,microplastics,immune disorders,repository-inferred from separate sources,1,1,0,0,0,0,0,0.9,0.85,0.85,0.9338,,,,,reported or repository-inferred association; not epidemiological proof of causation
tea,microplastics,endocrine disruption,repository-inferred from separate sources,1,1,0,0,0,0,0,0.9,0.85,0.85,0.9338,,,,,reported or repository-inferred association; not epidemiological proof of causation
tea,microplastics,respiratory dysfunction,repository-inferred from separate sources,1,1,0,0,0,0,0,0.9,0.85,0.85,0.9338,,,,,reported or repository-inferred association; not epidemiological proof of causation
tea,microplastics,reproductive problems,repository-inferred from separate sources,1,1,0,0,0,0,0,0.9,0.85,0.85,0.9338,,,,,reported or repository-inferred association; not epidemiological proof of causation
tea,microplastics,developmental delays,repository-inferred from separate sources,1,1,0,0,0,0,0,0.9,0.85,0.85,0.9338,,,,,reported or repository-inferred association; not epidemiological proof of causation
tea,microplastics,immune system alteration,repository-inferred from separate sources,1,1,0,0,0,0,0,0.9,0.85,0.85,0.9338,,,,,reported or repository-inferred association; not epidemiological proof of causation
tea,microplastics,detrimental health effects,repository-inferred from separate sources,1,1,0,0,0,0,0,0.9,0.85,0.85,0.9338,,,,,reported or repository-inferred association; not epidemiological proof of causation
Khoya/mawa,urea,stomach irritation,repository-inferred from separate sources,1,1,0,0,0,0,0,0.85,0.9,0.85,0.9338,,,,,reported or repository-inferred association; not epidemiological proof of causation
Khoya/mawa,urea,multi-organ failure,repository-inferred from separate sources,1,1,0,0,0,0,0,0.85,0.9,0.85,0.9338,,,,,reported or repository-inferred association; not epidemiological proof of causation
Khoya/mawa,urea,digestive system damage,repository-inferred from separate sources,1,1,0,0,0,0,0,0.85,0.9,0.85,0.9338,,,,,reported or repository-inferred association; not epidemiological proof of causation
Khoya/mawa,urea,cancer/carcinogenicity,repository-inferred from separate sources,1,1,0,0,1,0,0,0.85,0.85,0.85,0.9338,,,,,reported or repository-inferred association; not epidemiological proof of causation
Khoya/mawa,urea,stomach pain,repository-inferred from separate sources,1,1,0,0,0,0,0,0.85,0.85,0.85,0.9338,,,,,reported or repository-inferred association; not epidemiological proof of causation
Khoya/mawa,urea,vomiting,repository-inferred from separate sources,1,1,0,0,0,0,0,0.85,0.85,0.85,0.9338,,,,,reported or repository-inferred association; not epidemiological proof of causation
Khoya/mawa,urea,gastrointestinal illness,repository-inferred from separate sources,1,1,0,0,0,0,0,0.85,0.85,0.85,0.9338,,,,,reported or repository-inferred association; not epidemiological proof of causation
Khoya/mawa,urea,severe health risks,repository-inferred from separate sources,1,1,0,0,0,0,0,0.85,0.85,0.85,0.9338,,,,,reported or repository-inferred association; not epidemiological proof of causation
Khoya/mawa,urea,damage to the digestive system,repository-inferred from separate sources,1,1,0,0,0,0,0,0.85,0.9,0.85,0.9338,,,,,reported or repository-inferred association; not epidemiological proof of causation
dark chocolate,lead,behavioral changes,repository-inferred from separate sources,1,1,0,0,0,0,0,0.9167,0.85,0.85,0.9338,,,,,reported or repository-inferred association; not epidemiological proof of causation
dark chocolate,lead,iq reduction,repository-inferred from separate sources,1,1,0,0,0,0,0,0.9167,0.85,0.85,0.9338,,,,,reported or repository-inferred association; not epidemiological proof of causation
dark chocolate,cadmium,food poisoning,repository-inferred from separate sources,1,1,0,0,0,0,0,0.9167,0.85,0.85,0.9338,,,,,reported or repository-inferred association; not epidemiological proof of causation
syrup,ethylene glycol,health risks to diabetic patients,repository-inferred from separate sources,1,1,0,0,0,0,0,0.95,0.85,0.85,0.9338,,,,,reported or repository-inferred association; not epidemiological proof of causation
syrup,ethylene glycol,inability to urinate,repository-inferred from separate sources,1,1,0,0,0,0,0,0.95,0.85,0.85,0.9338,,,,,reported or repository-inferred association; not epidemiological proof of causation
syrup,ethylene glycol,toxicity,repository-inferred from separate sources,1,1,0,0,0,0,0,0.95,0.85,0.85,0.9338,,,,,reported or repository-inferred association; not epidemiological proof of causation
syrup,diethylene glycol,toxicity,repository-inferred from separate sources,1,1,0,0,0,0,0,0.9,0.85,0.85,0.9338,,,,,reported or repository-inferred association; not epidemiological proof of causation
propylene glycol,ethylene glycol,health risks to diabetic patients,repository-inferred from separate sources,1,1,0,0,0,0,0,0.9,0.85,0.85,0.9338,,,,,reported or repository-inferred association; not epidemiological proof of causation
propylene glycol,ethylene glycol,inability to urinate,repository-inferred from separate sources,1,1,0,0,0,0,0,0.9,0.85,0.85,0.9338,,,,,reported or repository-inferred association; not epidemiological proof of causation
propylene glycol,ethylene glycol,toxicity,repository-inferred from separate sources,1,1,0,0,0,0,0,0.9,0.85,0.85,0.9338,,,,,reported or repository-inferred association; not epidemiological proof of causation
pharmaceutical grade propylene glycol,ethylene glycol,health risks to diabetic patients,repository-inferred from separate sources,1,1,0,0,0,0,0,0.95,0.85,0.85,0.9338,,,,,reported or repository-inferred association; not epidemiological proof of causation
pharmaceutical grade propylene glycol,ethylene glycol,inability to urinate,repository-inferred from separate sources,1,1,0,0,0,0,0,0.95,0.85,0.85,0.9338,,,,,reported or repository-inferred association; not epidemiological proof of causation
pharmaceutical grade propylene glycol,ethylene glycol,toxicity,repository-inferred from separate sources,1,1,0,0,0,0,0,0.95,0.85,0.85,0.9338,,,,,reported or repository-inferred association; not epidemiological proof of causation
vegetables,lead,behavioral changes,repository-inferred from separate sources,1,1,0,0,0,0,0,0.9,0.85,0.85,0.9338,,,,,reported or repository-inferred association; not epidemiological proof of causation
vegetables,lead,iq reduction,repository-inferred from separate sources,1,1,0,0,0,0,0,0.9,0.85,0.85,0.9338,,,,,reported or repository-inferred association; not epidemiological proof of causation
vegetables,lead,health issues,repository-inferred from separate sources,1,1,0,0,0,0,0,0.9,0.85,0.85,0.9338,,,,,reported or repository-inferred association; not epidemiological proof of causation
chicken,bacterial contamination,gastrointestinal infections,repository-inferred from separate sources,1,1,0,0,0,0,0,0.85,0.9,0.85,0.9338,,,,,reported or repository-inferred association; not epidemiological proof of causation
chicken,bacterial contamination,typhoid,repository-inferred from separate sources,1,1,0,0,0,0,0,0.85,0.85,0.85,0.9338,,,,,reported or repository-inferred association; not epidemiological proof of causation
chicken,bacterial contamination,hepatitis,repository-inferred from separate sources,1,1,0,0,0,0,0,0.85,0.85,0.85,0.9338,,,,,reported or repository-inferred association; not epidemiological proof of causation
chicken,bacterial contamination,leptospirosis,repository-inferred from separate sources,1,1,0,0,0,0,0,0.85,0.85,0.85,0.9338,,,,,reported or repository-inferred association; not epidemiological proof of causation
Curd/yoghurt,starch,gastrointestinal illness,repository-inferred from separate sources,1,1,0,0,0,0,0,0.9,0.85,0.85,0.9338,,,,,reported or repository-inferred association; not epidemiological proof of causation
Curd/yoghurt,starch,digestive system disturbance,repository-inferred from separate sources,1,1,0,0,0,0,0,0.9,0.85,0.85,0.9338,,,,,reported or repository-inferred association; not epidemiological proof of causation
Curd/yoghurt,starch,stomach pain and loose motions,repository-inferred from separate sources,1,1,0,0,0,0,0,0.9,0.85,0.85,0.9338,,,,,reported or repository-inferred association; not epidemiological proof of causation
Curd/yoghurt,starch,nausea,repository-inferred from separate sources,1,1,0,0,0,0,0,0.9,0.85,0.85,0.9338,,,,,reported or repository-inferred association; not epidemiological proof of causation
soft drinks,vegetable oil/fat,gastrointestinal illness,repository-inferred from separate sources,1,1,0,0,0,0,0,0.85,0.85,0.85,0.9338,,,,,reported or repository-inferred association; not epidemiological proof of causation
soft drinks,vegetable oil/fat,cardiovascular problems,repository-inferred from separate sources,1,1,0,0,0,0,0,0.85,0.85,0.85,0.9338,,,,,reported or repository-inferred association; not epidemiological proof of causation
soft drinks,vegetable oil/fat,adverse effects in humans,repository-inferred from separate sources,1,1,0,0,0,0,0,0.85,0.85,0.85,0.9338,,,,,reported or repository-inferred association; not epidemiological proof of causation
soft drinks,vegetable oil/fat,heart lesions,repository-inferred from separate sources,1,1,0,0,0,0,0,0.85,0.85,0.85,0.9338,,,,,reported or repository-inferred association; not epidemiological proof of causation
soft drinks,vegetable oil/fat,liver related issues,repository-inferred from separate sources,1,1,0,0,0,0,0,0.85,0.85,0.85,0.9338,,,,,reported or repository-inferred association; not epidemiological proof of causation
soft drinks,vegetable oil/fat,complications in growth and behavioral development,repository-inferred from separate sources,1,1,0,0,0,0,0,0.85,0.85,0.85,0.9338,,,,,reported or repository-inferred association; not epidemiological proof of causation
soft drinks,vegetable oil/fat,memory loss,repository-inferred from separate sources,1,1,0,0,0,0,0,0.85,0.85,0.85,0.9338,,,,,reported or repository-inferred association; not epidemiological proof of causation
soft drinks,vegetable oil/fat,neurological symptoms,repository-inferred from separate sources,1,1,0,0,0,0,0,0.85,0.85,0.85,0.9338,,,,,reported or repository-inferred association; not epidemiological proof of causation
soft drinks,vegetable oil/fat,nerve problems,repository-inferred from separate sources,1,1,0,0,0,0,0,0.85,0.85,0.85,0.9338,,,,,reported or repository-inferred association; not epidemiological proof of causation
Milk,lead,behavioral changes,repository-inferred from separate sources,1,1,0,0,0,0,0,0.95,0.85,0.85,0.9338,,,,,reported or repository-inferred association; not epidemiological proof of causation
Milk,lead,iq reduction,repository-inferred from separate sources,1,1,0,0,0,0,0,0.95,0.85,0.85,0.9338,,,,,reported or repository-inferred association; not epidemiological proof of causation
Milk,lead,health issues,repository-inferred from separate sources,1,1,0,0,0,0,0,0.95,0.85,0.85,0.9338,,,,,reported or repository-inferred association; not epidemiological proof of causation
dairy products,salmonella,acute diarrhoeal illness,repository-inferred from separate sources,1,1,0,0,0,0,0,0.85,0.85,0.85,0.9338,,,,,reported or repository-inferred association; not epidemiological proof of causation
dairy products,salmonella,intestinal infections,repository-inferred from separate sources,1,1,0,0,0,0,0,0.85,0.9,0.85,0.9338,,,,,reported or repository-inferred association; not epidemiological proof of causation
dairy products,salmonella,fever,repository-inferred from separate sources,1,1,0,0,1,0,0,0.85,0.9,0.85,0.9338,,,,,reported or repository-inferred association; not epidemiological proof of causation
dairy products,salmonella,diarrhoea,repository-inferred from separate sources,1,1,0,0,1,0,0,0.85,0.9,0.85,0.9338,,,,,reported or repository-inferred association; not epidemiological proof of causation
fruits,calcium carbide,neurological effects,repository-inferred from separate sources,1,1,0,0,0,0,0,0.95,0.85,0.85,0.9338,,,,,reported or repository-inferred association; not epidemiological proof of causation
fruits,calcium carbide,respiratory tract irritation,repository-inferred from separate sources,1,1,0,0,0,0,0,0.95,0.85,0.85,0.9338,,,,,reported or repository-inferred association; not epidemiological proof of causation
fruits,calcium carbide,rashes,repository-inferred from separate sources,1,1,0,0,0,0,0,0.95,0.85,0.85,0.9338,,,,,reported or repository-inferred association; not epidemiological proof of causation
fruits,calcium carbide,hazardous to health,repository-inferred from separate sources,1,1,0,0,0,0,0,0.95,0.85,0.85,0.9338,,,,,reported or repository-inferred association; not epidemiological proof of causation
tap water,bacteria,food borne illnesses,repository-inferred from separate sources,1,1,0,0,0,0,0,0.9,0.85,0.85,0.9338,,,,,reported or repository-inferred association; not epidemiological proof of causation
tap water,harmful chemicals,serious health problems,repository-inferred from separate sources,1,1,0,0,0,0,0,0.9,0.85,0.85,0.9338,,,,,reported or repository-inferred association; not epidemiological proof of causation
tap water,harmful chemicals,food poisoning,repository-inferred from separate sources,1,1,0,0,0,0,0,0.9,0.85,0.85,0.9338,,,,,reported or repository-inferred association; not epidemiological proof of causation
tap water,harmful chemicals,gastrointestinal illness,repository-inferred from separate sources,1,1,0,0,0,0,0,0.9,0.85,0.85,0.9338,,,,,reported or repository-inferred association; not epidemiological proof of causation
hamburgers,e coli,renal failure,repository-inferred from separate sources,1,1,0,0,0,0,0,0.9,0.85,0.85,0.9338,,,,,reported or repository-inferred association; not epidemiological proof of causation
hamburgers,e coli,foodborne illness,repository-inferred from separate sources,1,1,0,0,0,0,0,0.9,0.85,0.85,0.9338,,,,,reported or repository-inferred association; not epidemiological proof of causation
cider,e coli,kidney damage,repository-inferred from separate sources,1,1,0,0,0,0,0,0.85,0.9,0.85,0.9338,,,,,reported or repository-inferred association; not epidemiological proof of causation
cider,e coli,hemolytic uremic syndrome,repository-inferred from separate sources,1,1,0,0,0,0,0,0.85,0.95,0.85,0.9338,,,,,reported or repository-inferred association; not epidemiological proof of causation
cider,e coli,vomiting,repository-inferred from separate sources,1,1,0,0,0,0,0,0.85,0.95,0.85,0.9338,,,,,reported or repository-inferred association; not epidemiological proof of causation
cider,e coli,low fever,repository-inferred from separate sources,1,1,0,0,0,0,0,0.85,0.95,0.85,0.9338,,,,,reported or repository-inferred association; not epidemiological proof of causation
cider,e coli,uti,repository-inferred from separate sources,1,1,0,0,0,0,0,0.85,0.9,0.85,0.9338,,,,,reported or repository-inferred association; not epidemiological proof of causation
cider,e coli,renal failure,repository-inferred from separate sources,1,1,0,0,0,0,0,0.85,0.85,0.85,0.9338,,,,,reported or repository-inferred association; not epidemiological proof of causation
cider,e coli,foodborne illness,repository-inferred from separate sources,1,1,0,0,0,0,0,0.85,0.85,0.85,0.9338,,,,,reported or repository-inferred association; not epidemiological proof of causation
cider,e coli,death,repository-inferred from separate sources,1,1,0,0,0,0,0,0.85,0.9,0.85,0.9338,,,,,reported or repository-inferred association; not epidemiological proof of causation
juice,e coli,kidney damage,repository-inferred from separate sources,1,1,0,0,0,0,0,0.85,0.9,0.85,0.9338,,,,,reported or repository-inferred association; not epidemiological proof of causation
juice,e coli,hemolytic uremic syndrome,repository-inferred from separate sources,1,1,0,0,0,0,0,0.85,0.95,0.85,0.9338,,,,,reported or repository-inferred association; not epidemiological proof of causation
juice,e coli,vomiting,repository-inferred from separate sources,1,1,0,0,0,0,0,0.85,0.95,0.85,0.9338,,,,,reported or repository-inferred association; not epidemiological proof of causation
juice,e coli,low fever,repository-inferred from separate sources,1,1,0,0,0,0,0,0.85,0.95,0.85,0.9338,,,,,reported or repository-inferred association; not epidemiological proof of causation
juice,e coli,uti,repository-inferred from separate sources,1,1,0,0,0,0,0,0.85,0.9,0.85,0.9338,,,,,reported or repository-inferred association; not epidemiological proof of causation
juice,e coli,renal failure,repository-inferred from separate sources,1,1,0,0,0,0,0,0.85,0.85,0.85,0.9338,,,,,reported or repository-inferred association; not epidemiological proof of causation
juice,e coli,foodborne illness,repository-inferred from separate sources,1,1,0,0,0,0,0,0.85,0.85,0.85,0.9338,,,,,reported or repository-inferred association; not epidemiological proof of causation
juice,e coli,death,repository-inferred from separate sources,1,1,0,0,0,0,0,0.85,0.9,0.85,0.9338,,,,,reported or repository-inferred association; not epidemiological proof of causation
Cheese,e coli,kidney damage,repository-inferred from separate sources,1,1,0,0,0,0,0,0.85,0.9,0.85,0.9338,,,,,reported or repository-inferred association; not epidemiological proof of causation
Cheese,e coli,hemolytic uremic syndrome,repository-inferred from separate sources,1,1,0,0,0,0,0,0.85,0.95,0.85,0.9338,,,,,reported or repository-inferred association; not epidemiological proof of causation
Cheese,e coli,vomiting,repository-inferred from separate sources,1,1,0,0,0,0,0,0.85,0.95,0.85,0.9338,,,,,reported or repository-inferred association; not epidemiological proof of causation
Cheese,e coli,low fever,repository-inferred from separate sources,1,1,0,0,0,0,0,0.85,0.95,0.85,0.9338,,,,,reported or repository-inferred association; not epidemiological proof of causation
Cheese,e coli,uti,repository-inferred from separate sources,1,1,0,0,0,0,0,0.85,0.9,0.85,0.9338,,,,,reported or repository-inferred association; not epidemiological proof of causation
Cheese,e coli,renal failure,repository-inferred from separate sources,1,1,0,0,0,0,0,0.85,0.85,0.85,0.9338,,,,,reported or repository-inferred association; not epidemiological proof of causation
Cheese,e coli,foodborne illness,repository-inferred from separate sources,1,1,0,0,0,0,0,0.85,0.85,0.85,0.9338,,,,,reported or repository-inferred association; not epidemiological proof of causation
Cheese,e coli,death,repository-inferred from separate sources,1,1,0,0,0,0,0,0.85,0.9,0.85,0.9338,,,,,reported or repository-inferred association; not epidemiological proof of causation
ice cream,e coli,kidney damage,repository-inferred from separate sources,1,1,0,0,0,0,0,0.85,0.9,0.85,0.9338,,,,,reported or repository-inferred association; not epidemiological proof of causation
ice cream,e coli,hemolytic uremic syndrome,repository-inferred from separate sources,1,1,0,0,0,0,0,0.85,0.95,0.85,0.9338,,,,,reported or repository-inferred association; not epidemiological proof of causation
ice cream,e coli,vomiting,repository-inferred from separate sources,1,1,0,0,0,0,0,0.85,0.95,0.85,0.9338,,,,,reported or repository-inferred association; not epidemiological proof of causation
ice cream,e coli,low fever,repository-inferred from separate sources,1,1,0,0,0,0,0,0.85,0.95,0.85,0.9338,,,,,reported or repository-inferred association; not epidemiological proof of causation
ice cream,e coli,uti,repository-inferred from separate sources,1,1,0,0,0,0,0,0.85,0.9,0.85,0.9338,,,,,reported or repository-inferred association; not epidemiological proof of causation
ice cream,e coli,renal failure,repository-inferred from separate sources,1,1,0,0,0,0,0,0.85,0.85,0.85,0.9338,,,,,reported or repository-inferred association; not epidemiological proof of causation
ice cream,e coli,foodborne illness,repository-inferred from separate sources,1,1,0,0,0,0,0,0.85,0.85,0.85,0.9338,,,,,reported or repository-inferred association; not epidemiological proof of causation
ice cream,e coli,death,repository-inferred from separate sources,1,1,0,0,0,0,0,0.85,0.9,0.85,0.9338,,,,,reported or repository-inferred association; not epidemiological proof of causation
protein supplements,lead,behavioral changes,repository-inferred from separate sources,1,1,0,0,0,0,0,0.9,0.85,0.85,0.9338,,,,,reported or repository-inferred association; not epidemiological proof of causation
protein supplements,lead,iq reduction,repository-inferred from separate sources,1,1,0,0,0,0,0,0.9,0.85,0.85,0.9338,,,,,reported or repository-inferred association; not epidemiological proof of causation
protein supplements,lead,health issues,repository-inferred from separate sources,1,1,0,0,0,0,0,0.9,0.85,0.85,0.9338,,,,,reported or repository-inferred association; not epidemiological proof of causation
protein supplements,mercury,harm to vital organs,repository-inferred from separate sources,1,1,0,0,0,0,0,0.9,0.85,0.85,0.9338,,,,,reported or repository-inferred association; not epidemiological proof of causation
protein supplements,cadmium,health issues,repository-inferred from separate sources,1,1,0,0,0,0,0,0.9,0.85,0.85,0.9338,,,,,reported or repository-inferred association; not epidemiological proof of causation
protein supplements,cadmium,food poisoning,repository-inferred from separate sources,1,1,0,0,0,0,0,0.9,0.85,0.85,0.9338,,,,,reported or repository-inferred association; not epidemiological proof of causation
protein supplements,hydrogenated oils,heart problems,repository-inferred from separate sources,1,1,0,0,0,0,0,0.85,0.85,0.85,0.9338,,,,,reported or repository-inferred association; not epidemiological proof of causation
eggs,e coli,renal failure,repository-inferred from separate sources,1,1,0,0,0,0,0,0.95,0.85,0.85,0.9338,,,,,reported or repository-inferred association; not epidemiological proof of causation
eggs,e coli,serious illnesses,repository-inferred from separate sources,1,1,0,0,0,0,0,0.95,0.85,0.85,0.9338,,,,,reported or repository-inferred association; not epidemiological proof of causation
eggs,e coli,hospitalization,repository-inferred from separate sources,1,1,0,0,0,0,0,0.95,0.85,0.85,0.9338,,,,,reported or repository-inferred association; not epidemiological proof of causation
eggs,e coli,foodborne illness,repository-inferred from separate sources,1,1,0,0,0,0,0,0.95,0.85,0.85,0.9338,,,,,reported or repository-inferred association; not epidemiological proof of causation
poultry,antibiotic residue,serious harmful effects on human health,repository-inferred from separate sources,1,1,0,0,0,0,0,0.9,0.85,0.85,0.9338,,,,,reported or repository-inferred association; not epidemiological proof of causation
vanaspati,palm oil family,cardiovascular disease,repository-inferred from separate sources,1,1,0,0,0,0,0,0.85,0.9,0.85,0.9338,,,,,reported or repository-inferred association; not epidemiological proof of causation
vanaspati,palm oil family,cancer/carcinogenicity,repository-inferred from separate sources,1,1,0,0,0,0,0,0.85,0.85,0.85,0.9338,,,,,reported or repository-inferred association; not epidemiological proof of causation
vanaspati,palm oil family,increased cholesterol level,repository-inferred from separate sources,1,1,0,0,0,0,0,0.85,0.9,0.85,0.9338,,,,,reported or repository-inferred association; not epidemiological proof of causation
maggi noodles,lead,behavioral changes,repository-inferred from separate sources,1,1,0,0,0,0,0,0.9,0.85,0.85,0.9338,,,,,reported or repository-inferred association; not epidemiological proof of causation
maggi noodles,lead,iq reduction,repository-inferred from separate sources,1,1,0,0,0,0,0,0.9,0.85,0.85,0.9338,,,,,reported or repository-inferred association; not epidemiological proof of causation
maggi noodles,lead,health issues,repository-inferred from separate sources,1,1,0,0,0,0,0,0.9,0.85,0.85,0.9338,,,,,reported or repository-inferred association; not epidemiological proof of causation
spices,artificial dyes,nausea,repository-inferred from separate sources,1,1,0,0,0,0,0,0.9,0.85,0.85,0.9338,,,,,reported or repository-inferred association; not epidemiological proof of causation
food left at room temperature,bacteria,food borne illnesses,repository-inferred from separate sources,1,1,0,0,0,0,0,0.85,0.85,0.85,0.9338,,,,,reported or repository-inferred association; not epidemiological proof of causation
food left at room temperature,bacteria,death,repository-inferred from separate sources,1,1,0,0,0,0,0,0.85,0.9,0.85,0.9338,,,,,reported or repository-inferred association; not epidemiological proof of causation
processed food,adulterant,mucus formation,repository-inferred from separate sources,1,1,0,0,0,0,0,0.85,0.85,0.85,0.9338,,,,,reported or repository-inferred association; not epidemiological proof of causation
fruits and vegetables,harmful chemicals,cancerous changes,repository-inferred from separate sources,1,1,0,0,0,0,0,0.85,0.85,0.85,0.9338,,,,,reported or repository-inferred association; not epidemiological proof of causation
fruits and vegetables,harmful chemicals,cardiac troubles,repository-inferred from separate sources,1,1,0,0,0,0,0,0.85,0.9,0.85,0.9338,,,,,reported or repository-inferred association; not epidemiological proof of causation
fruits and vegetables,harmful chemicals,respiratory troubles,repository-inferred from separate sources,1,1,0,0,0,0,0,0.85,0.9,0.85,0.9338,,,,,reported or repository-inferred association; not epidemiological proof of causation
fruits and vegetables,harmful chemicals,serious health problems,repository-inferred from separate sources,1,1,0,0,0,0,0,0.85,0.85,0.85,0.9338,,,,,reported or repository-inferred association; not epidemiological proof of causation
fruits and vegetables,harmful chemicals,food poisoning,repository-inferred from separate sources,1,1,0,0,0,0,0,0.85,0.85,0.85,0.9338,,,,,reported or repository-inferred association; not epidemiological proof of causation
fruits and vegetables,harmful chemicals,gastrointestinal illness,repository-inferred from separate sources,1,1,0,0,0,0,0,0.85,0.85,0.85,0.9338,,,,,reported or repository-inferred association; not epidemiological proof of causation
medicinal syrups,ethylene glycol,hospitalising 15 persons,repository-inferred from separate sources,1,1,0,0,0,0,0,0.85,0.9,0.85,0.9338,,,,,reported or repository-inferred association; not epidemiological proof of causation
medicinal syrups,ethylene glycol,kidney related problems,repository-inferred from separate sources,1,1,0,0,0,0,0,0.85,0.9,0.85,0.9338,,,,,reported or repository-inferred association; not epidemiological proof of causation
medicinal syrups,ethylene glycol,health risks to diabetic patients,repository-inferred from separate sources,1,1,0,0,0,0,0,0.85,0.85,0.85,0.9338,,,,,reported or repository-inferred association; not epidemiological proof of causation
medicinal syrups,ethylene glycol,acute renal complications,repository-inferred from separate sources,1,1,0,0,0,0,0,0.85,0.9,0.85,0.9338,,,,,reported or repository-inferred association; not epidemiological proof of causation
medicinal syrups,ethylene glycol,organ damage,repository-inferred from separate sources,1,1,0,0,0,0,0,0.85,0.85,0.85,0.9338,,,,,reported or repository-inferred association; not epidemiological proof of causation
medicinal syrups,ethylene glycol,nervous system damage,repository-inferred from separate sources,1,1,0,0,0,0,0,0.85,0.9,0.85,0.9338,,,,,reported or repository-inferred association; not epidemiological proof of causation
medicinal syrups,ethylene glycol,food poisoning,repository-inferred from separate sources,1,1,0,0,0,0,0,0.85,0.9,0.85,0.9338,,,,,reported or repository-inferred association; not epidemiological proof of causation
medicinal syrups,ethylene glycol,kidney damage,repository-inferred from separate sources,1,1,0,0,0,0,0,0.85,0.9,0.85,0.9338,,,,,reported or repository-inferred association; not epidemiological proof of causation
medicinal syrups,ethylene glycol,inability to urinate,repository-inferred from separate sources,1,1,0,0,0,0,0,0.85,0.85,0.85,0.9338,,,,,reported or repository-inferred association; not epidemiological proof of causation
medicinal syrups,ethylene glycol,toxicity to humans if ingested,repository-inferred from separate sources,1,1,0,0,0,0,0,0.85,0.9,0.85,0.9338,,,,,reported or repository-inferred association; not epidemiological proof of causation
medicinal syrups,ethylene glycol,metabolic acidosis,repository-inferred from separate sources,1,1,0,0,0,0,0,0.85,0.9,0.85,0.9338,,,,,reported or repository-inferred association; not epidemiological proof of causation
medicinal syrups,ethylene glycol,toxicity,repository-inferred from separate sources,1,1,0,0,0,0,0,0.85,0.85,0.85,0.9338,,,,,reported or repository-inferred association; not epidemiological proof of causation
medicinal syrups,diethylene glycol,food poisoning,repository-inferred from separate sources,1,1,0,0,0,0,0,0.85,0.9,0.85,0.9338,,,,,reported or repository-inferred association; not epidemiological proof of causation
medicinal syrups,diethylene glycol,death,repository-inferred from separate sources,1,1,0,0,1,0,0,0.85,0.91,0.85,0.9338,,,,,reported or repository-inferred association; not epidemiological proof of causation
medicinal syrups,diethylene glycol,renal failure,repository-inferred from separate sources,1,1,0,0,0,0,0,0.85,0.85,0.85,0.9338,,,,,reported or repository-inferred association; not epidemiological proof of causation
medicinal syrups,diethylene glycol,toxicity,repository-inferred from separate sources,1,1,0,0,0,0,0,0.85,0.85,0.85,0.9338,,,,,reported or repository-inferred association; not epidemiological proof of causation
fruits,heavy metals,long term exposure to heavy metals,repository-inferred from separate sources,1,1,0,0,0,0,0,0.9,0.85,0.85,0.9338,,,,,reported or repository-inferred association; not epidemiological proof of causation
wheat flour,pesticide residue,toxic exposure,repository-inferred from separate sources,1,1,0,0,0,0,0,0.9,0.85,0.85,0.9338,,,,,reported or repository-inferred association; not epidemiological proof of causation
wheat flour,pesticide residue,health harms,repository-inferred from separate sources,1,1,0,0,0,0,0,0.9,0.85,0.85,0.9338,,,,,reported or repository-inferred association; not epidemiological proof of causation
wheat flour,pesticide residue,brain development impairment,repository-inferred from separate sources,1,1,0,0,0,0,0,0.9,0.85,0.85,0.9338,,,,,reported or repository-inferred association; not epidemiological proof of causation
wheat flour,pesticide residue,toxic food,repository-inferred from separate sources,1,1,0,0,0,0,0,0.9,0.85,0.85,0.9338,,,,,reported or repository-inferred association; not epidemiological proof of causation
wheat flour,pesticide residue,weakening our immune system,repository-inferred from separate sources,1,1,0,0,0,0,0,0.9,0.85,0.85,0.9338,,,,,reported or repository-inferred association; not epidemiological proof of causation
fish,cadmium,health issues,repository-inferred from separate sources,1,1,0,0,0,0,0,0.9,0.85,0.85,0.9338,,,,,reported or repository-inferred association; not epidemiological proof of causation
fish,cadmium,food poisoning,repository-inferred from separate sources,1,1,0,0,1,0,0,0.9,0.85,0.85,0.9338,,,,,reported or repository-inferred association; not epidemiological proof of causation
octopus,cadmium,health issues,repository-inferred from separate sources,1,1,0,0,0,0,0,0.9,0.85,0.85,0.9338,,,,,reported or repository-inferred association; not epidemiological proof of causation
octopus,cadmium,food poisoning,repository-inferred from separate sources,1,1,0,0,1,0,0,0.9,0.85,0.85,0.9338,,,,,reported or repository-inferred association; not epidemiological proof of causation
squid,cadmium,health issues,repository-inferred from separate sources,1,1,0,0,0,0,0,0.9,0.85,0.85,0.9338,,,,,reported or repository-inferred association; not epidemiological proof of causation
squid,cadmium,food poisoning,repository-inferred from separate sources,1,1,0,0,1,0,0,0.9,0.85,0.85,0.9338,,,,,reported or repository-inferred association; not epidemiological proof of causation
rice,pesticide residue,toxic exposure,repository-inferred from separate sources,1,1,0,0,0,0,0,0.9,0.85,0.85,0.9338,,,,,reported or repository-inferred association; not epidemiological proof of causation
rice,pesticide residue,health harms,repository-inferred from separate sources,1,1,0,0,0,0,0,0.9,0.85,0.85,0.9338,,,,,reported or repository-inferred association; not epidemiological proof of causation
rice,pesticide residue,brain development impairment,repository-inferred from separate sources,1,1,0,0,0,0,0,0.9,0.85,0.85,0.9338,,,,,reported or repository-inferred association; not epidemiological proof of causation
rice,pesticide residue,toxic food,repository-inferred from separate sources,1,1,0,0,0,0,0,0.9,0.85,0.85,0.9338,,,,,reported or repository-inferred association; not epidemiological proof of causation
rice,pesticide residue,weakening our immune system,repository-inferred from separate sources,1,1,0,0,0,0,0,0.9,0.85,0.85,0.9338,,,,,reported or repository-inferred association; not epidemiological proof of causation
poultry,salmonella,acute diarrhoeal illness,repository-inferred from separate sources,1,1,0,0,0,0,0,0.9,0.85,0.85,0.9338,,,,,reported or repository-inferred association; not epidemiological proof of causation
sweets,metanil yellow,reduced ability to learn and grasp things,repository-inferred from separate sources,1,1,0,0,0,0,0,0.9,0.85,0.85,0.9338,,,,,reported or repository-inferred association; not epidemiological proof of causation
sweets,metanil yellow,altered levels of serotonin dopamine and noradrenaline,repository-inferred from separate sources,1,1,0,0,0,0,0,0.9,0.85,0.85,0.9338,,,,,reported or repository-inferred association; not epidemiological proof of causation
sweets,metanil yellow,reduced brain ability to learn,repository-inferred from separate sources,1,1,0,0,0,0,0,0.9,0.85,0.85,0.9338,,,,,reported or repository-inferred association; not epidemiological proof of causation
food,microplastics,cardiovascular disease,repository-inferred from separate sources,1,1,0,0,0,0,0,0.85,0.85,0.85,0.9338,,,,,reported or repository-inferred association; not epidemiological proof of causation
food,microplastics,oxidative stress,repository-inferred from separate sources,1,1,0,0,0,0,0,0.85,0.85,0.85,0.9338,,,,,reported or repository-inferred association; not epidemiological proof of causation
food,microplastics,immune disorders,repository-inferred from separate sources,1,1,0,0,0,0,0,0.85,0.85,0.85,0.9338,,,,,reported or repository-inferred association; not epidemiological proof of causation
food,microplastics,endocrine disruption,repository-inferred from separate sources,1,1,0,0,0,0,0,0.85,0.85,0.85,0.9338,,,,,reported or repository-inferred association; not epidemiological proof of causation
food,microplastics,gastrointestinal illness,repository-inferred from separate sources,1,1,0,0,0,0,0,0.85,0.9,0.85,0.9338,,,,,reported or repository-inferred association; not epidemiological proof of causation
food,microplastics,disrupt nutrient absorption,repository-inferred from separate sources,1,1,0,0,0,0,0,0.85,0.9,0.85,0.9338,,,,,reported or repository-inferred association; not epidemiological proof of causation
food,microplastics,developmental delay,repository-inferred from separate sources,1,1,0,0,0,0,0,0.85,0.9,0.85,0.9338,,,,,reported or repository-inferred association; not epidemiological proof of causation
food,microplastics,reproductive problems,repository-inferred from separate sources,1,1,0,0,0,0,0,0.85,0.85,0.85,0.9338,,,,,reported or repository-inferred association; not epidemiological proof of causation
food,microplastics,developmental delays,repository-inferred from separate sources,1,1,0,0,0,0,0,0.85,0.85,0.85,0.9338,,,,,reported or repository-inferred association; not epidemiological proof of causation
food,microplastics,immune system alteration,repository-inferred from separate sources,1,1,0,0,0,0,0,0.85,0.85,0.85,0.9338,,,,,reported or repository-inferred association; not epidemiological proof of causation
food,microplastics,detrimental health effects,repository-inferred from separate sources,1,1,0,0,0,0,0,0.85,0.85,0.85,0.9338,,,,,reported or repository-inferred association; not epidemiological proof of causation
fermented foods,toxins,gastrointestinal illness,repository-inferred from separate sources,1,1,0,0,0,0,0,0.85,0.85,0.85,0.9338,,,,,reported or repository-inferred association; not epidemiological proof of causation
Milk,listeria,foodborne illness,repository-inferred from separate sources,1,1,0,0,0,0,0,0.9,0.85,0.85,0.9338,,,,,reported or repository-inferred association; not epidemiological proof of causation
undercooked beef,e coli,renal failure,repository-inferred from separate sources,1,1,0,0,0,0,0,0.9,0.85,0.85,0.9338,,,,,reported or repository-inferred association; not epidemiological proof of causation
undercooked beef,e coli,serious illnesses,repository-inferred from separate sources,1,1,0,0,0,0,0,0.9,0.85,0.85,0.9338,,,,,reported or repository-inferred association; not epidemiological proof of causation
undercooked beef,e coli,hospitalization,repository-inferred from separate sources,1,1,0,0,0,0,0,0.9,0.85,0.85,0.9338,,,,,reported or repository-inferred association; not epidemiological proof of causation
undercooked beef,e coli,foodborne illness,repository-inferred from separate sources,1,1,0,0,0,0,0,0.9,0.85,0.85,0.9338,,,,,reported or repository-inferred association; not epidemiological proof of causation
pakoras,water,gastrointestinal illness,repository-inferred from separate sources,1,1,0,0,0,0,0,0.85,0.9,0.85,0.9338,,,,,reported or repository-inferred association; not epidemiological proof of causation
pakoras,water,typhoid fever,repository-inferred from separate sources,1,1,0,0,0,0,0,0.85,0.9,0.85,0.9338,,,,,reported or repository-inferred association; not epidemiological proof of causation
pakoras,water,vomiting,repository-inferred from separate sources,1,1,0,0,0,0,0,0.85,0.9,0.85,0.9338,,,,,reported or repository-inferred association; not epidemiological proof of causation
pakoras,water,sudden collapse,repository-inferred from separate sources,1,1,0,0,0,0,0,0.85,0.9,0.85,0.9338,,,,,reported or repository-inferred association; not epidemiological proof of causation
pakoras,water,cardiac arrest,repository-inferred from separate sources,1,1,0,0,0,0,0,0.85,0.9,0.85,0.9338,,,,,reported or repository-inferred association; not epidemiological proof of causation
pakoras,water,illness,repository-inferred from separate sources,1,1,0,0,0,0,0,0.85,0.9,0.85,0.9338,,,,,reported or repository-inferred association; not epidemiological proof of causation
pakoras,water,illness in infants,repository-inferred from separate sources,1,1,0,0,0,0,0,0.85,0.85,0.85,0.9338,,,,,reported or repository-inferred association; not epidemiological proof of causation
pakoras,water,jaundice,repository-inferred from separate sources,1,1,0,0,0,0,0,0.85,0.95,0.85,0.9338,,,,,reported or repository-inferred association; not epidemiological proof of causation
pakoras,water,skin diseases,repository-inferred from separate sources,1,1,0,0,0,0,0,0.85,0.85,0.85,0.9338,,,,,reported or repository-inferred association; not epidemiological proof of causation
pakoras,water,digestion issues,repository-inferred from separate sources,1,1,0,0,0,0,0,0.85,0.85,0.85,0.9338,,,,,reported or repository-inferred association; not epidemiological proof of causation
golgappas,water,gastrointestinal illness,repository-inferred from separate sources,1,1,0,0,0,0,0,0.85,0.9,0.85,0.9338,,,,,reported or repository-inferred association; not epidemiological proof of causation
golgappas,water,typhoid fever,repository-inferred from separate sources,1,1,0,0,0,0,0,0.85,0.9,0.85,0.9338,,,,,reported or repository-inferred association; not epidemiological proof of causation
golgappas,water,vomiting,repository-inferred from separate sources,1,1,0,0,0,0,0,0.85,0.9,0.85,0.9338,,,,,reported or repository-inferred association; not epidemiological proof of causation
golgappas,water,sudden collapse,repository-inferred from separate sources,1,1,0,0,0,0,0,0.85,0.9,0.85,0.9338,,,,,reported or repository-inferred association; not epidemiological proof of causation
golgappas,water,cardiac arrest,repository-inferred from separate sources,1,1,0,0,0,0,0,0.85,0.9,0.85,0.9338,,,,,reported or repository-inferred association; not epidemiological proof of causation
golgappas,water,illness,repository-inferred from separate sources,1,1,0,0,0,0,0,0.85,0.9,0.85,0.9338,,,,,reported or repository-inferred association; not epidemiological proof of causation
golgappas,water,illness in infants,repository-inferred from separate sources,1,1,0,0,0,0,0,0.85,0.85,0.85,0.9338,,,,,reported or repository-inferred association; not epidemiological proof of causation
golgappas,water,jaundice,repository-inferred from separate sources,1,1,0,0,0,0,0,0.85,0.95,0.85,0.9338,,,,,reported or repository-inferred association; not epidemiological proof of causation
golgappas,water,skin diseases,repository-inferred from separate sources,1,1,0,0,0,0,0,0.85,0.85,0.85,0.9338,,,,,reported or repository-inferred association; not epidemiological proof of causation
golgappas,water,digestion issues,repository-inferred from separate sources,1,1,0,0,0,0,0,0.85,0.85,0.85,0.9338,,,,,reported or repository-inferred association; not epidemiological proof of causation
raw sprouts,e coli,kidney damage,repository-inferred from separate sources,1,1,0,0,0,0,0,0.85,0.9,0.85,0.9338,,,,,reported or repository-inferred association; not epidemiological proof of causation
raw sprouts,e coli,hemolytic uremic syndrome,repository-inferred from separate sources,1,1,0,0,0,0,0,0.85,0.95,0.85,0.9338,,,,,reported or repository-inferred association; not epidemiological proof of causation
raw sprouts,e coli,vomiting,repository-inferred from separate sources,1,1,0,0,0,0,0,0.85,0.95,0.85,0.9338,,,,,reported or repository-inferred association; not epidemiological proof of causation
raw sprouts,e coli,low fever,repository-inferred from separate sources,1,1,0,0,0,0,0,0.85,0.95,0.85,0.9338,,,,,reported or repository-inferred association; not epidemiological proof of causation
raw sprouts,e coli,uti,repository-inferred from separate sources,1,1,0,0,0,0,0,0.85,0.9,0.85,0.9338,,,,,reported or repository-inferred association; not epidemiological proof of causation
raw sprouts,e coli,renal failure,repository-inferred from separate sources,1,1,0,0,0,0,0,0.85,0.85,0.85,0.9338,,,,,reported or repository-inferred association; not epidemiological proof of causation
raw sprouts,e coli,serious illnesses,repository-inferred from separate sources,1,1,0,0,0,0,0,0.85,0.85,0.85,0.9338,,,,,reported or repository-inferred association; not epidemiological proof of causation
raw sprouts,e coli,hospitalization,repository-inferred from separate sources,1,1,0,0,0,0,0,0.85,0.85,0.85,0.9338,,,,,reported or repository-inferred association; not epidemiological proof of causation
raw sprouts,e coli,foodborne illness,repository-inferred from separate sources,1,1,0,0,0,0,0,0.85,0.85,0.85,0.9338,,,,,reported or repository-inferred association; not epidemiological proof of causation
raw sprouts,e coli,death,repository-inferred from separate sources,1,1,0,0,0,0,0,0.85,0.9,0.85,0.9338,,,,,reported or repository-inferred association; not epidemiological proof of causation
raw sprouts,salmonella,acute diarrhoeal illness,repository-inferred from separate sources,1,1,0,0,0,0,0,0.85,0.85,0.85,0.9338,,,,,reported or repository-inferred association; not epidemiological proof of causation
raw sprouts,salmonella,intestinal infections,repository-inferred from separate sources,1,1,0,0,0,0,0,0.85,0.9,0.85,0.9338,,,,,reported or repository-inferred association; not epidemiological proof of causation
raw sprouts,salmonella,fever,repository-inferred from separate sources,1,1,0,0,0,0,0,0.85,0.9,0.85,0.9338,,,,,reported or repository-inferred association; not epidemiological proof of causation
raw sprouts,salmonella,diarrhoea,repository-inferred from separate sources,1,1,0,0,0,0,0,0.85,0.9,0.85,0.9338,,,,,reported or repository-inferred association; not epidemiological proof of causation
leafy greens,e coli,kidney damage,repository-inferred from separate sources,1,1,0,0,0,0,0,0.85,0.9,0.85,0.9338,,,,,reported or repository-inferred association; not epidemiological proof of causation
leafy greens,e coli,hemolytic uremic syndrome,repository-inferred from separate sources,1,1,0,0,0,0,0,0.85,0.95,0.85,0.9338,,,,,reported or repository-inferred association; not epidemiological proof of causation
leafy greens,e coli,vomiting,repository-inferred from separate sources,1,1,0,0,0,0,0,0.85,0.95,0.85,0.9338,,,,,reported or repository-inferred association; not epidemiological proof of causation
leafy greens,e coli,low fever,repository-inferred from separate sources,1,1,0,0,0,0,0,0.85,0.95,0.85,0.9338,,,,,reported or repository-inferred association; not epidemiological proof of causation
leafy greens,e coli,uti,repository-inferred from separate sources,1,1,0,0,0,0,0,0.85,0.9,0.85,0.9338,,,,,reported or repository-inferred association; not epidemiological proof of causation
leafy greens,e coli,renal failure,repository-inferred from separate sources,1,1,0,0,0,0,0,0.85,0.85,0.85,0.9338,,,,,reported or repository-inferred association; not epidemiological proof of causation
leafy greens,e coli,serious illnesses,repository-inferred from separate sources,1,1,0,0,0,0,0,0.85,0.85,0.85,0.9338,,,,,reported or repository-inferred association; not epidemiological proof of causation
leafy greens,e coli,hospitalization,repository-inferred from separate sources,1,1,0,0,0,0,0,0.85,0.85,0.85,0.9338,,,,,reported or repository-inferred association; not epidemiological proof of causation
leafy greens,e coli,foodborne illness,repository-inferred from separate sources,1,1,0,0,0,0,0,0.85,0.85,0.85,0.9338,,,,,reported or repository-inferred association; not epidemiological proof of causation
leafy greens,e coli,death,repository-inferred from separate sources,1,1,0,0,0,0,0,0.85,0.9,0.85,0.9338,,,,,reported or repository-inferred association; not epidemiological proof of causation
leafy greens,listeria,foodborne illness,repository-inferred from separate sources,1,1,0,0,0,0,0,0.85,0.85,0.85,0.9338,,,,,reported or repository-inferred association; not epidemiological proof of causation
leafy greens,listeria,listeriosis,repository-inferred from separate sources,1,1,0,0,0,0,0,0.85,0.9,0.85,0.9338,,,,,reported or repository-inferred association; not epidemiological proof of causation
leafy greens,salmonella,acute diarrhoeal illness,repository-inferred from separate sources,1,1,0,0,0,0,0,0.85,0.85,0.85,0.9338,,,,,reported or repository-inferred association; not epidemiological proof of causation
leafy greens,salmonella,intestinal infections,repository-inferred from separate sources,1,1,0,0,0,0,0,0.85,0.9,0.85,0.9338,,,,,reported or repository-inferred association; not epidemiological proof of causation
leafy greens,salmonella,fever,repository-inferred from separate sources,1,1,0,0,0,0,0,0.85,0.9,0.85,0.9338,,,,,reported or repository-inferred association; not epidemiological proof of causation
leafy greens,salmonella,diarrhoea,repository-inferred from separate sources,1,1,0,0,0,0,0,0.85,0.9,0.85,0.9338,,,,,reported or repository-inferred association; not epidemiological proof of causation
pre cut fruits,e coli,kidney damage,repository-inferred from separate sources,1,1,0,0,0,0,0,0.85,0.9,0.85,0.9338,,,,,reported or repository-inferred association; not epidemiological proof of causation
pre cut fruits,e coli,hemolytic uremic syndrome,repository-inferred from separate sources,1,1,0,0,0,0,0,0.85,0.95,0.85,0.9338,,,,,reported or repository-inferred association; not epidemiological proof of causation
pre cut fruits,e coli,vomiting,repository-inferred from separate sources,1,1,0,0,0,0,0,0.85,0.95,0.85,0.9338,,,,,reported or repository-inferred association; not epidemiological proof of causation
pre cut fruits,e coli,low fever,repository-inferred from separate sources,1,1,0,0,0,0,0,0.85,0.95,0.85,0.9338,,,,,reported or repository-inferred association; not epidemiological proof of causation
pre cut fruits,e coli,uti,repository-inferred from separate sources,1,1,0,0,0,0,0,0.85,0.9,0.85,0.9338,,,,,reported or repository-inferred association; not epidemiological proof of causation
pre cut fruits,e coli,renal failure,repository-inferred from separate sources,1,1,0,0,0,0,0,0.85,0.85,0.85,0.9338,,,,,reported or repository-inferred association; not epidemiological proof of causation
pre cut fruits,e coli,serious illnesses,repository-inferred from separate sources,1,1,0,0,0,0,0,0.85,0.85,0.85,0.9338,,,,,reported or repository-inferred association; not epidemiological proof of causation
pre cut fruits,e coli,hospitalization,repository-inferred from separate sources,1,1,0,0,0,0,0,0.85,0.85,0.85,0.9338,,,,,reported or repository-inferred association; not epidemiological proof of causation
pre cut fruits,e coli,foodborne illness,repository-inferred from separate sources,1,1,0,0,0,0,0,0.85,0.85,0.85,0.9338,,,,,reported or repository-inferred association; not epidemiological proof of causation
pre cut fruits,e coli,death,repository-inferred from separate sources,1,1,0,0,0,0,0,0.85,0.9,0.85,0.9338,,,,,reported or repository-inferred association; not epidemiological proof of causation
pre cut fruits,listeria,foodborne illness,repository-inferred from separate sources,1,1,0,0,0,0,0,0.85,0.85,0.85,0.9338,,,,,reported or repository-inferred association; not epidemiological proof of causation
pre cut fruits,listeria,listeriosis,repository-inferred from separate sources,1,1,0,0,0,0,0,0.85,0.9,0.85,0.9338,,,,,reported or repository-inferred association; not epidemiological proof of causation
pre cut fruits,salmonella,acute diarrhoeal illness,repository-inferred from separate sources,1,1,0,0,0,0,0,0.85,0.85,0.85,0.9338,,,,,reported or repository-inferred association; not epidemiological proof of causation
pre cut fruits,salmonella,intestinal infections,repository-inferred from separate sources,1,1,0,0,0,0,0,0.85,0.9,0.85,0.9338,,,,,reported or repository-inferred association; not epidemiological proof of causation
pre cut fruits,salmonella,fever,repository-inferred from separate sources,1,1,0,0,0,0,0,0.85,0.9,0.85,0.9338,,,,,reported or repository-inferred association; not epidemiological proof of causation
pre cut fruits,salmonella,diarrhoea,repository-inferred from separate sources,1,1,0,0,0,0,0,0.85,0.9,0.85,0.9338,,,,,reported or repository-inferred association; not epidemiological proof of causation
protein powder,cadmium,health issues,repository-inferred from separate sources,1,1,0,0,0,0,0,0.9,0.85,0.85,0.9338,,,,,reported or repository-inferred association; not epidemiological proof of causation
protein powder,cadmium,food poisoning,repository-inferred from separate sources,1,1,0,0,0,0,0,0.9,0.85,0.85,0.9338,,,,,reported or repository-inferred association; not epidemiological proof of causation
protein powder,mercury,harm to vital organs,repository-inferred from separate sources,1,1,0,0,0,0,0,0.9,0.85,0.85,0.9338,,,,,reported or repository-inferred association; not epidemiological proof of causation
protein powder,bisphenol a,obesity,repository-inferred from separate sources,1,1,0,0,0,0,0,0.9,0.85,0.85,0.9338,,,,,reported or repository-inferred association; not epidemiological proof of causation
chilli powder,metanil yellow,reduced ability to learn and grasp things,repository-inferred from separate sources,1,1,0,0,0,0,0,0.95,0.85,0.85,0.9338,,,,,reported or repository-inferred association; not epidemiological proof of causation
chilli powder,metanil yellow,altered levels of serotonin dopamine and noradrenaline,repository-inferred from separate sources,1,1,0,0,0,0,0,0.95,0.85,0.85,0.9338,,,,,reported or repository-inferred association; not epidemiological proof of causation
chilli powder,metanil yellow,reduced brain ability to learn,repository-inferred from separate sources,1,1,0,0,0,0,0,0.95,0.85,0.85,0.9338,,,,,reported or repository-inferred association; not epidemiological proof of causation
edible oils,artificial colours,long term health risks,repository-inferred from separate sources,1,1,0,0,0,0,0,0.9,0.85,0.85,0.9338,,,,,reported or repository-inferred association; not epidemiological proof of causation
Milk,aflatoxins,long term health complications,repository-inferred from separate sources,1,1,0,0,0,0,0,0.95,0.85,0.85,0.9338,,,,,reported or repository-inferred association; not epidemiological proof of causation
adulterated chilli powder,artificial colours,long term health risks,repository-inferred from separate sources,1,1,0,0,0,0,0,0.9,0.85,0.85,0.9338,,,,,reported or repository-inferred association; not epidemiological proof of causation
adulterated turmeric,starch,gastrointestinal illness,repository-inferred from separate sources,1,1,0,0,0,0,0,0.85,0.85,0.85,0.9338,,,,,reported or repository-inferred association; not epidemiological proof of causation
adulterated turmeric,starch,digestive system disturbance,repository-inferred from separate sources,1,1,0,0,0,0,0,0.85,0.85,0.85,0.9338,,,,,reported or repository-inferred association; not epidemiological proof of causation
adulterated turmeric,starch,stomach pain and loose motions,repository-inferred from separate sources,1,1,0,0,0,0,0,0.85,0.85,0.85,0.9338,,,,,reported or repository-inferred association; not epidemiological proof of causation
adulterated turmeric,starch,nausea,repository-inferred from separate sources,1,1,0,0,0,0,0,0.85,0.85,0.85,0.9338,,,,,reported or repository-inferred association; not epidemiological proof of causation
turmeric,chemicals,serious health risks,repository-inferred from separate sources,1,1,0,0,0,0,0,0.85,0.85,0.85,0.9338,,,,,reported or repository-inferred association; not epidemiological proof of causation
turmeric,chemicals,death,repository-inferred from separate sources,1,1,0,0,0,0,0,0.85,0.85,0.85,0.9338,,,,,reported or repository-inferred association; not epidemiological proof of causation
drinking water,lead,behavioral changes,repository-inferred from separate sources,1,1,0,0,0,0,0,0.9,0.85,0.85,0.9338,,,,,reported or repository-inferred association; not epidemiological proof of causation
drinking water,lead,iq reduction,repository-inferred from separate sources,1,1,0,0,0,0,0,0.9,0.85,0.85,0.9338,,,,,reported or repository-inferred association; not epidemiological proof of causation
drinking water,lead,health issues,repository-inferred from separate sources,1,1,0,0,0,0,0,0.9,0.85,0.85,0.9338,,,,,reported or repository-inferred association; not epidemiological proof of causation
drinking water,cadmium,health issues,repository-inferred from separate sources,1,1,0,0,0,0,0,0.9,0.85,0.85,0.9338,,,,,reported or repository-inferred association; not epidemiological proof of causation
drinking water,cadmium,food poisoning,repository-inferred from separate sources,1,1,0,0,0,0,0,0.9,0.85,0.85,0.9338,,,,,reported or repository-inferred association; not epidemiological proof of causation
food grains,cadmium,health issues,repository-inferred from separate sources,1,1,0,0,0,0,0,0.85,0.85,0.85,0.9338,,,,,reported or repository-inferred association; not epidemiological proof of causation
food grains,cadmium,food poisoning,repository-inferred from separate sources,1,1,0,0,0,0,0,0.85,0.85,0.85,0.9338,,,,,reported or repository-inferred association; not epidemiological proof of causation
food grains,lead,behavioral changes,repository-inferred from separate sources,1,1,0,0,0,0,0,0.85,0.85,0.85,0.9338,,,,,reported or repository-inferred association; not epidemiological proof of causation
food grains,lead,iq reduction,repository-inferred from separate sources,1,1,0,0,0,0,0,0.85,0.85,0.85,0.9338,,,,,reported or repository-inferred association; not epidemiological proof of causation
food grains,lead,health issues,repository-inferred from separate sources,1,1,0,0,0,0,0,0.85,0.85,0.85,0.9338,,,,,reported or repository-inferred association; not epidemiological proof of causation
food grains,lead,impaired brain development,repository-inferred from separate sources,1,1,0,0,0,0,0,0.85,0.9,0.85,0.9338,,,,,reported or repository-inferred association; not epidemiological proof of causation
food grains,lead,impaired learning,repository-inferred from separate sources,1,1,0,0,0,0,0,0.85,0.9,0.85,0.9338,,,,,reported or repository-inferred association; not epidemiological proof of causation
protein powders,heavy metals,neurological effects,repository-inferred from separate sources,1,1,0,0,0,0,0,0.85,0.9,0.85,0.9338,,,,,reported or repository-inferred association; not epidemiological proof of causation
protein powders,heavy metals,chronic kidney disease,repository-inferred from separate sources,1,1,0,0,0,0,0,0.85,0.9,0.85,0.9338,,,,,reported or repository-inferred association; not epidemiological proof of causation
protein powders,heavy metals,neurological problems,repository-inferred from separate sources,1,1,0,0,0,0,0,0.85,0.9,0.85,0.9338,,,,,reported or repository-inferred association; not epidemiological proof of causation
protein powders,heavy metals,kidney issues,repository-inferred from separate sources,1,1,0,0,0,0,0,0.85,0.9,0.85,0.9338,,,,,reported or repository-inferred association; not epidemiological proof of causation
protein powders,heavy metals,long term exposure to heavy metals,repository-inferred from separate sources,1,1,0,0,0,0,0,0.85,0.85,0.85,0.9338,,,,,reported or repository-inferred association; not epidemiological proof of causation
feed,toxins,gastrointestinal illness,repository-inferred from separate sources,1,1,0,0,0,0,0,0.85,0.85,0.85,0.9338,,,,,reported or repository-inferred association; not epidemiological proof of causation
water,thallium,coma,repository-inferred from separate sources,1,1,0,0,0,0,0,0.9,0.85,0.85,0.9338,,,,,reported or repository-inferred association; not epidemiological proof of causation
tender coconut,thallium,coma,repository-inferred from separate sources,1,1,0,0,0,0,0,0.9,0.85,0.85,0.9338,,,,,reported or repository-inferred association; not epidemiological proof of causation
Milk,thallium,coma,repository-inferred from separate sources,1,1,0,0,0,0,0,0.95,0.85,0.85,0.9338,,,,,reported or repository-inferred association; not epidemiological proof of causation
fish curry,thallium,coma,repository-inferred from separate sources,1,1,0,0,0,0,0,0.9,0.85,0.85,0.9338,,,,,reported or repository-inferred association; not epidemiological proof of causation
jam,artificial colours,rashes,repository-inferred from separate sources,1,1,0,0,0,0,0,0.85,0.9,0.85,0.9338,,,,,reported or repository-inferred association; not epidemiological proof of causation
jam,artificial colours,hyperactivity,repository-inferred from separate sources,1,1,0,0,0,0,0,0.85,0.9,0.85,0.9338,,,,,reported or repository-inferred association; not epidemiological proof of causation
jam,artificial colours,long term health risks,repository-inferred from separate sources,1,1,0,0,0,0,0,0.85,0.85,0.85,0.9338,,,,,reported or repository-inferred association; not epidemiological proof of causation
sweets,artificial dyes,nausea,repository-inferred from separate sources,1,1,0,0,0,0,0,0.95,0.85,0.85,0.9338,,,,,reported or repository-inferred association; not epidemiological proof of causation
sweets,artificial dyes,long term health risks,repository-inferred from separate sources,1,1,0,0,0,0,0,0.95,0.85,0.85,0.9338,,,,,reported or repository-inferred association; not epidemiological proof of causation
Paneer,e coli,kidney damage,repository-inferred from separate sources,1,1,0,0,0,0,0,0.85,0.9,0.85,0.9338,,,,,reported or repository-inferred association; not epidemiological proof of causation
Paneer,e coli,hemolytic uremic syndrome,repository-inferred from separate sources,1,1,0,0,0,0,0,0.85,0.95,0.85,0.9338,,,,,reported or repository-inferred association; not epidemiological proof of causation
Paneer,e coli,vomiting,repository-inferred from separate sources,1,1,0,0,0,0,0,0.85,0.95,0.85,0.9338,,,,,reported or repository-inferred association; not epidemiological proof of causation
Paneer,e coli,low fever,repository-inferred from separate sources,1,1,0,0,0,0,0,0.85,0.95,0.85,0.9338,,,,,reported or repository-inferred association; not epidemiological proof of causation
Paneer,e coli,uti,repository-inferred from separate sources,1,1,0,0,0,0,0,0.85,0.9,0.85,0.9338,,,,,reported or repository-inferred association; not epidemiological proof of causation
Paneer,e coli,renal failure,repository-inferred from separate sources,1,1,0,0,0,0,0,0.85,0.85,0.85,0.9338,,,,,reported or repository-inferred association; not epidemiological proof of causation
Paneer,e coli,serious illnesses,repository-inferred from separate sources,1,1,0,0,0,0,0,0.85,0.85,0.85,0.9338,,,,,reported or repository-inferred association; not epidemiological proof of causation
Paneer,e coli,hospitalization,repository-inferred from separate sources,1,1,0,0,0,0,0,0.85,0.85,0.85,0.9338,,,,,reported or repository-inferred association; not epidemiological proof of causation
Paneer,e coli,foodborne illness,repository-inferred from separate sources,1,1,0,0,0,0,0,0.85,0.85,0.85,0.9338,,,,,reported or repository-inferred association; not epidemiological proof of causation
Paneer,e coli,death,repository-inferred from separate sources,1,1,0,0,0,0,0,0.85,0.9,0.85,0.9338,,,,,reported or repository-inferred association; not epidemiological proof of causation
turmeric powder,metanil yellow,reduced ability to learn and grasp things,repository-inferred from separate sources,1,1,0,0,0,0,0,0.95,0.85,0.85,0.9338,,,,,reported or repository-inferred association; not epidemiological proof of causation
turmeric powder,metanil yellow,altered levels of serotonin dopamine and noradrenaline,repository-inferred from separate sources,1,1,0,0,0,0,0,0.95,0.85,0.85,0.9338,,,,,reported or repository-inferred association; not epidemiological proof of causation
turmeric powder,metanil yellow,reduced brain ability to learn,repository-inferred from separate sources,1,1,0,0,0,0,0,0.95,0.85,0.85,0.9338,,,,,reported or repository-inferred association; not epidemiological proof of causation
rice,plastic,bloating,repository-inferred from separate sources,1,1,0,0,0,0,0,0.95,0.85,0.85,0.9338,,,,,reported or repository-inferred association; not epidemiological proof of causation
rice,plastic,reduced digestion capacity,repository-inferred from separate sources,1,1,0,0,0,0,0,0.95,0.85,0.85,0.9338,,,,,reported or repository-inferred association; not epidemiological proof of causation
tea leaves,artificial colouring,neurological effects,repository-inferred from separate sources,1,1,0,0,0,0,0,0.95,0.85,0.85,0.9338,,,,,reported or repository-inferred association; not epidemiological proof of causation
edible oils,aflatoxins,long term health complications,repository-inferred from separate sources,1,1,0,0,0,0,0,0.9,0.85,0.85,0.9338,,,,,reported or repository-inferred association; not epidemiological proof of causation
motichoor laddu,artificial colours,long term health risks,repository-inferred from separate sources,1,1,0,0,0,0,0,0.9,0.85,0.85,0.9338,,,,,reported or repository-inferred association; not epidemiological proof of causation
packaged drinking water,contaminant,death,repository-inferred from separate sources,1,1,0,0,0,0,0,0.85,0.9,0.85,0.9338,,,,,reported or repository-inferred association; not epidemiological proof of causation
channa bhujia,palm oil family,cancer/carcinogenicity,repository-inferred from separate sources,1,1,0,0,0,0,0,0.9,0.85,0.85,0.9338,,,,,reported or repository-inferred association; not epidemiological proof of causation
sun flower oil,palm oil family,cancer/carcinogenicity,repository-inferred from separate sources,1,1,0,0,0,0,0,0.9,0.85,0.85,0.9338,,,,,reported or repository-inferred association; not epidemiological proof of causation
edible oils,harmful chemicals,cancerous changes,repository-inferred from separate sources,1,1,0,0,0,0,0,0.85,0.85,0.85,0.9338,,,,,reported or repository-inferred association; not epidemiological proof of causation
edible oils,harmful chemicals,cardiac troubles,repository-inferred from separate sources,1,1,0,0,0,0,0,0.85,0.9,0.85,0.9338,,,,,reported or repository-inferred association; not epidemiological proof of causation
edible oils,harmful chemicals,respiratory troubles,repository-inferred from separate sources,1,1,0,0,0,0,0,0.85,0.9,0.85,0.9338,,,,,reported or repository-inferred association; not epidemiological proof of causation
edible oils,harmful chemicals,serious health problems,repository-inferred from separate sources,1,1,0,0,0,0,0,0.85,0.85,0.85,0.9338,,,,,reported or repository-inferred association; not epidemiological proof of causation
edible oils,harmful chemicals,food poisoning,repository-inferred from separate sources,1,1,0,0,0,0,0,0.85,0.85,0.85,0.9338,,,,,reported or repository-inferred association; not epidemiological proof of causation
edible oils,harmful chemicals,gastrointestinal illness,repository-inferred from separate sources,1,1,0,0,0,0,0,0.85,0.85,0.85,0.9338,,,,,reported or repository-inferred association; not epidemiological proof of causation
Paneer,chemical adulterants,allergic reaction,repository-inferred from separate sources,1,1,0,0,0,0,0,0.85,0.9,0.85,0.9338,,,,,reported or repository-inferred association; not epidemiological proof of causation
Paneer,chemical adulterants,skin problems,repository-inferred from separate sources,1,1,0,0,0,0,0,0.85,0.9,0.85,0.9338,,,,,reported or repository-inferred association; not epidemiological proof of causation
Paneer,chemical adulterants,respiratory issues,repository-inferred from separate sources,1,1,0,0,0,0,0,0.85,0.9,0.85,0.9338,,,,,reported or repository-inferred association; not epidemiological proof of causation
hydrogenated oils,trans fatty acids,clog arteries,repository-inferred from separate sources,1,1,0,0,0,0,0,0.85,0.9,0.85,0.9338,,,,,reported or repository-inferred association; not epidemiological proof of causation
hydrogenated oils,trans fatty acids,hypertension,repository-inferred from separate sources,1,1,0,0,0,0,0,0.85,0.9,0.85,0.9338,,,,,reported or repository-inferred association; not epidemiological proof of causation
hydrogenated oils,trans fatty acids,cardiovascular disease,repository-inferred from separate sources,1,1,0,0,0,0,0,0.85,0.9,0.85,0.9338,,,,,reported or repository-inferred association; not epidemiological proof of causation
Edible/cooking oil,reused oil,serious illnesses affecting the liver,repository-inferred from separate sources,1,1,0,0,0,0,0,0.85,0.85,0.85,0.9338,,,,,reported or repository-inferred association; not epidemiological proof of causation
Edible/cooking oil,reused oil,cardiovascular risks,repository-inferred from separate sources,1,1,0,0,0,0,0,0.85,0.9,0.85,0.9338,,,,,reported or repository-inferred association; not epidemiological proof of causation
Edible/cooking oil,reused oil,elevated ldl cholesterol,repository-inferred from separate sources,1,1,0,0,0,0,0,0.85,0.85,0.85,0.9338,,,,,reported or repository-inferred association; not epidemiological proof of causation
Edible/cooking oil,reused oil,dna damage,repository-inferred from separate sources,1,1,0,0,0,0,0,0.85,0.85,0.85,0.9338,,,,,reported or repository-inferred association; not epidemiological proof of causation
Edible/cooking oil,reused oil,cardiovascular disease,repository-inferred from separate sources,1,1,0,0,0,0,0,0.85,0.85,0.85,0.9338,,,,,reported or repository-inferred association; not epidemiological proof of causation
Coconut oil,hydrogenated fats,heart risks,repository-inferred from separate sources,1,1,0,0,0,0,0,0.9,0.85,0.85,0.9338,,,,,reported or repository-inferred association; not epidemiological proof of causation
Edible/cooking oil,aflatoxins,long term health complications,repository-inferred from separate sources,1,1,0,0,0,0,0,0.9,0.85,0.85,0.9338,,,,,reported or repository-inferred association; not epidemiological proof of causation
Edible/cooking oil,pesticide residue,toxic exposure,repository-inferred from separate sources,1,1,0,0,0,0,0,0.9,0.85,0.85,0.9338,,,,,reported or repository-inferred association; not epidemiological proof of causation
Edible/cooking oil,pesticide residue,health harms,repository-inferred from separate sources,1,1,0,0,0,0,0,0.9,0.85,0.85,0.9338,,,,,reported or repository-inferred association; not epidemiological proof of causation
Edible/cooking oil,pesticide residue,brain development impairment,repository-inferred from separate sources,1,1,0,0,0,0,0,0.9,0.85,0.85,0.9338,,,,,reported or repository-inferred association; not epidemiological proof of causation
Edible/cooking oil,pesticide residue,toxic food,repository-inferred from separate sources,1,1,0,0,0,0,0,0.9,0.85,0.85,0.9338,,,,,reported or repository-inferred association; not epidemiological proof of causation
Edible/cooking oil,pesticide residue,weakening our immune system,repository-inferred from separate sources,1,1,0,0,0,0,0,0.9,0.85,0.85,0.9338,,,,,reported or repository-inferred association; not epidemiological proof of causation
Edible/cooking oil,heavy metals,long term exposure to heavy metals,repository-inferred from separate sources,1,1,0,0,0,0,0,0.9,0.85,0.85,0.9338,,,,,reported or repository-inferred association; not epidemiological proof of causation
Mustard oil,chemicals,serious health risks,repository-inferred from separate sources,1,1,0,0,0,0,0,0.95,0.85,0.85,0.9338,,,,,reported or repository-inferred association; not epidemiological proof of causation
Mustard oil,chemicals,death,repository-inferred from separate sources,1,1,0,0,0,0,0,0.95,0.85,0.85,0.9338,,,,,reported or repository-inferred association; not epidemiological proof of causation
rapeseed oil,tri ortho cresyl phosphate,permanent paralysis,repository-inferred from separate sources,1,1,0,0,0,0,0,0.95,0.85,0.85,0.9338,,,,,reported or repository-inferred association; not epidemiological proof of causation
Cheese,palm oil family,cardiovascular disease,repository-inferred from separate sources,1,1,0,0,0,0,0,0.85,0.9,0.85,0.9338,,,,,reported or repository-inferred association; not epidemiological proof of causation
Cheese,palm oil family,cancer/carcinogenicity,repository-inferred from separate sources,1,1,0,0,0,0,0,0.85,0.85,0.85,0.9338,,,,,reported or repository-inferred association; not epidemiological proof of causation
Cheese,palm oil family,increased cholesterol level,repository-inferred from separate sources,1,1,0,0,0,0,0,0.85,0.9,0.85,0.9338,,,,,reported or repository-inferred association; not epidemiological proof of causation
fast food,artificial colours,long term health risks,repository-inferred from separate sources,1,1,0,0,0,0,0,0.9,0.85,0.85,0.9338,,,,,reported or repository-inferred association; not epidemiological proof of causation
Mustard oil,metanil yellow,reduced ability to learn and grasp things,repository-inferred from separate sources,1,1,0,0,0,0,0,0.95,0.85,0.85,0.9338,,,,,reported or repository-inferred association; not epidemiological proof of causation
Mustard oil,metanil yellow,altered levels of serotonin dopamine and noradrenaline,repository-inferred from separate sources,1,1,0,0,0,0,0,0.95,0.85,0.85,0.9338,,,,,reported or repository-inferred association; not epidemiological proof of causation
Mustard oil,metanil yellow,reduced brain ability to learn,repository-inferred from separate sources,1,1,0,0,0,0,0,0.95,0.85,0.85,0.9338,,,,,reported or repository-inferred association; not epidemiological proof of causation
Mustard oil,argemone mexicana seed oil,dropsy,repository-inferred from separate sources,1,1,0,0,0,0,0,0.85,0.95,0.85,0.9338,,,,,reported or repository-inferred association; not epidemiological proof of causation
dok 1 max syrup,ethylene glycol,health risks to diabetic patients,repository-inferred from separate sources,1,1,0,0,0,0,0,0.95,0.85,0.85,0.9338,,,,,reported or repository-inferred association; not epidemiological proof of causation
dok 1 max syrup,ethylene glycol,organ damage,repository-inferred from separate sources,1,1,0,0,0,0,0,0.95,0.85,0.85,0.9338,,,,,reported or repository-inferred association; not epidemiological proof of causation
dok 1 max syrup,ethylene glycol,inability to urinate,repository-inferred from separate sources,1,1,0,0,0,0,0,0.95,0.85,0.85,0.9338,,,,,reported or repository-inferred association; not epidemiological proof of causation
dok 1 max syrup,ethylene glycol,toxicity,repository-inferred from separate sources,1,1,0,0,0,0,0,0.95,0.85,0.85,0.9338,,,,,reported or repository-inferred association; not epidemiological proof of causation
Edible/cooking oil,acrylamide,cancer/carcinogenicity,repository-inferred from separate sources,1,1,0,0,1,0,0,0.95,0.85,0.85,0.9338,,,,,reported or repository-inferred association; not epidemiological proof of causation
Edible/cooking oil,acrolein,oxidative stress,repository-inferred from separate sources,1,1,0,0,0,0,0,0.95,0.85,0.85,0.9338,,,,,reported or repository-inferred association; not epidemiological proof of causation
Edible/cooking oil,acrolein,inflammation,repository-inferred from separate sources,1,1,0,0,0,0,0,0.95,0.85,0.85,0.9338,,,,,reported or repository-inferred association; not epidemiological proof of causation
onions,e coli,renal failure,repository-inferred from separate sources,1,1,0,0,0,0,0,0.95,0.85,0.85,0.9338,,,,,reported or repository-inferred association; not epidemiological proof of causation
onions,e coli,serious illnesses,repository-inferred from separate sources,1,1,0,0,0,0,0,0.95,0.85,0.85,0.9338,,,,,reported or repository-inferred association; not epidemiological proof of causation
onions,e coli,hospitalization,repository-inferred from separate sources,1,1,0,0,0,0,0,0.95,0.85,0.85,0.9338,,,,,reported or repository-inferred association; not epidemiological proof of causation
onions,e coli,foodborne illness,repository-inferred from separate sources,1,1,0,0,0,0,0,0.95,0.85,0.85,0.9338,,,,,reported or repository-inferred association; not epidemiological proof of causation
adulterated mangoes,chemicals,serious health risks,repository-inferred from separate sources,1,1,0,0,0,0,0,0.9,0.85,0.85,0.9338,,,,,reported or repository-inferred association; not epidemiological proof of causation
adulterated mangoes,chemicals,death,repository-inferred from separate sources,1,1,0,0,0,0,0,0.9,0.85,0.85,0.9338,,,,,reported or repository-inferred association; not epidemiological proof of causation
ground spices,starch,gastrointestinal illness,repository-inferred from separate sources,1,1,0,0,1,0,0,0.85,0.85,0.85,0.9338,,,,,reported or repository-inferred association; not epidemiological proof of causation
ground spices,starch,digestive system disturbance,repository-inferred from separate sources,1,1,0,0,0,0,0,0.85,0.85,0.85,0.9338,,,,,reported or repository-inferred association; not epidemiological proof of causation
ground spices,starch,stomach pain and loose motions,repository-inferred from separate sources,1,1,0,0,0,0,0,0.85,0.85,0.85,0.9338,,,,,reported or repository-inferred association; not epidemiological proof of causation
ground spices,starch,nausea,repository-inferred from separate sources,1,1,0,0,0,0,0,0.85,0.85,0.85,0.9338,,,,,reported or repository-inferred association; not epidemiological proof of causation
ground spices,lead,behavioral changes,repository-inferred from separate sources,1,1,0,0,0,0,0,0.9,0.85,0.85,0.9338,,,,,reported or repository-inferred association; not epidemiological proof of causation
ground spices,lead,iq reduction,repository-inferred from separate sources,1,1,0,0,0,0,0,0.9,0.85,0.85,0.9338,,,,,reported or repository-inferred association; not epidemiological proof of causation
ground spices,lead,health issues,repository-inferred from separate sources,1,1,0,0,0,0,0,0.9,0.85,0.85,0.9338,,,,,reported or repository-inferred association; not epidemiological proof of causation
citrus fruits,pesticide residue,toxic exposure,repository-inferred from separate sources,1,1,0,0,0,0,0,0.85,0.85,0.85,0.9338,,,,,reported or repository-inferred association; not epidemiological proof of causation
citrus fruits,pesticide residue,birth defects,repository-inferred from separate sources,1,1,0,0,0,0,0,0.85,0.9,0.85,0.9338,,,,,reported or repository-inferred association; not epidemiological proof of causation
citrus fruits,pesticide residue,diabetes,repository-inferred from separate sources,1,1,0,0,0,0,0,0.85,0.9,0.85,0.9338,,,,,reported or repository-inferred association; not epidemiological proof of causation
citrus fruits,pesticide residue,reproductive failure,repository-inferred from separate sources,1,1,0,0,0,0,0,0.85,0.9,0.85,0.9338,,,,,reported or repository-inferred association; not epidemiological proof of causation
citrus fruits,pesticide residue,devastating health harms,repository-inferred from separate sources,1,1,0,0,0,0,0,0.85,0.9,0.85,0.9338,,,,,reported or repository-inferred association; not epidemiological proof of causation
citrus fruits,pesticide residue,health harms,repository-inferred from separate sources,1,1,0,0,0,0,0,0.85,0.85,0.85,0.9338,,,,,reported or repository-inferred association; not epidemiological proof of causation
citrus fruits,pesticide residue,brain development impairment,repository-inferred from separate sources,1,1,0,0,0,0,0,0.85,0.85,0.85,0.9338,,,,,reported or repository-inferred association; not epidemiological proof of causation
citrus fruits,pesticide residue,toxic food,repository-inferred from separate sources,1,1,0,0,0,0,0,0.85,0.85,0.85,0.9338,,,,,reported or repository-inferred association; not epidemiological proof of causation
citrus fruits,pesticide residue,weakening our immune system,repository-inferred from separate sources,1,1,0,0,0,0,0,0.85,0.85,0.85,0.9338,,,,,reported or repository-inferred association; not epidemiological proof of causation
fried items,artificial food colours,gastrointestinal infections,repository-inferred from separate sources,1,1,0,0,0,0,0,0.85,0.85,0.85,0.9338,,,,,reported or repository-inferred association; not epidemiological proof of causation
fried items,artificial food colours,food poisoning,repository-inferred from separate sources,1,1,0,0,0,0,0,0.85,0.85,0.85,0.9338,,,,,reported or repository-inferred association; not epidemiological proof of causation
Palm oil,total polar compounds,clogged arteries,repository-inferred from separate sources,1,1,0,0,0,0,0,0.9,0.85,0.85,0.9338,,,,,reported or repository-inferred association; not epidemiological proof of causation
Palm oil,total polar compounds,alarming health issues,repository-inferred from separate sources,1,1,0,0,0,0,0,0.9,0.85,0.85,0.9338,,,,,reported or repository-inferred association; not epidemiological proof of causation
Palm oil,total polar compounds,alzheimer s disease,repository-inferred from separate sources,1,1,0,0,0,0,0,0.9,0.85,0.85,0.9338,,,,,reported or repository-inferred association; not epidemiological proof of causation
Palm oil,total polar compounds,potential health risks,repository-inferred from separate sources,1,1,0,0,0,0,0,0.9,0.85,0.85,0.9338,,,,,reported or repository-inferred association; not epidemiological proof of causation
Butter,vegetable oil/fat,headaches,repository-inferred from separate sources,1,1,0,0,0,1,0,0.95,0.8,0.8,0.8789,,,,,reported or repository-inferred association; not epidemiological proof of causation
Paneer,formalin/formaldehyde,health hazards,repository-inferred from separate sources,1,1,0,0,0,0,0,0.9,0.8,0.8,0.8789,,,,,reported or repository-inferred association; not epidemiological proof of causation
Ghee,artificial flavouring,cancer/carcinogenicity,repository-inferred from separate sources,1,1,0,0,0,0,0,0.9,0.8,0.8,0.8789,,,,,reported or repository-inferred association; not epidemiological proof of causation
ginger garlic paste,chemicals,public health risks,repository-inferred from separate sources,1,1,0,0,0,0,0,0.85,0.8,0.8,0.8789,,,,,reported or repository-inferred association; not epidemiological proof of causation
laddu prasadam,ghee,harmful for health,repository-inferred from separate sources,1,1,0,0,0,0,0,0.95,0.8,0.8,0.8789,,,,,reported or repository-inferred association; not epidemiological proof of causation
laddu,ghee,harmful for health,repository-inferred from separate sources,1,1,0,0,0,0,0,0.85,0.8,0.8,0.8789,,,,,reported or repository-inferred association; not epidemiological proof of causation
chinese garlic,pesticide residue,hazards to human health,repository-inferred from separate sources,1,1,0,0,0,0,0,0.9,0.8,0.8,0.8789,,,,,reported or repository-inferred association; not epidemiological proof of causation
chinese garlic,pesticide residue,health issues,repository-inferred from separate sources,1,1,0,0,0,0,0,0.9,0.8,0.8,0.8789,,,,,reported or repository-inferred association; not epidemiological proof of causation
chinese garlic,pesticide residue,long lasting adverse effects on health,repository-inferred from separate sources,1,1,0,0,0,0,0,0.9,0.8,0.8,0.8789,,,,,reported or repository-inferred association; not epidemiological proof of causation
dairy fat,palm oil family,harmful for health,repository-inferred from separate sources,1,1,0,0,0,0,0,0.9,0.8,0.8,0.8789,,,,,reported or repository-inferred association; not epidemiological proof of causation
laddus,palm oil family,harmful for health,repository-inferred from separate sources,1,1,0,0,0,0,0,0.85,0.8,0.8,0.8789,,,,,reported or repository-inferred association; not epidemiological proof of causation
animal fat,vegetable oil/fat,headaches,repository-inferred from separate sources,1,1,0,0,0,0,0,0.9,0.8,0.8,0.8789,,,,,reported or repository-inferred association; not epidemiological proof of causation
tirupati laddus,palm oil family,harmful for health,repository-inferred from separate sources,1,1,0,0,0,0,0,0.9,0.8,0.8,0.8789,,,,,reported or repository-inferred association; not epidemiological proof of causation
doughnuts,artificial colouring,cancer/carcinogenicity,repository-inferred from separate sources,1,1,0,0,0,0,0,0.95,0.8,0.8,0.8789,,,,,reported or repository-inferred association; not epidemiological proof of causation
tea powder,unknown adulterant,acute renal dysfunction,repository-inferred from separate sources,1,1,0,0,0,0,0,0.9,0.8,0.8,0.8789,,,,,reported or repository-inferred association; not epidemiological proof of causation
Ghee,detergent,serious health risks,repository-inferred from separate sources,1,1,0,0,0,0,0,0.9,0.8,0.8,0.8789,,,,,reported or repository-inferred association; not epidemiological proof of causation
special barfi,milk powder,poison,repository-inferred from separate sources,1,1,0,0,0,0,0,0.8,0.85,0.8,0.8789,,,,,reported or repository-inferred association; not epidemiological proof of causation
special barfi,milk powder,harmful to health,repository-inferred from separate sources,1,1,0,0,0,0,0,0.8,0.85,0.8,0.8789,,,,,reported or repository-inferred association; not epidemiological proof of causation
beta sitosterol,ghee,harmful for health,repository-inferred from separate sources,1,1,0,0,0,0,0,0.95,0.8,0.8,0.8789,,,,,reported or repository-inferred association; not epidemiological proof of causation
ice candies,chemicals,public health risks,repository-inferred from separate sources,1,1,0,0,0,0,0,0.85,0.8,0.8,0.8789,,,,,reported or repository-inferred association; not epidemiological proof of causation
lassi,chemicals,public health risks,repository-inferred from separate sources,1,1,0,0,0,0,0,0.85,0.8,0.8,0.8789,,,,,reported or repository-inferred association; not epidemiological proof of causation
osmania biscuits,harmful chemicals,health hazards,repository-inferred from separate sources,1,1,0,0,0,0,0,0.85,0.8,0.8,0.8789,,,,,reported or repository-inferred association; not epidemiological proof of causation
mithai,detergent,serious health risks,repository-inferred from separate sources,1,1,0,0,0,0,0,0.85,0.8,0.8,0.8789,,,,,reported or repository-inferred association; not epidemiological proof of causation
kalakand,formalin/formaldehyde,health hazards,repository-inferred from separate sources,1,1,0,0,0,0,0,0.9,0.8,0.8,0.8789,,,,,reported or repository-inferred association; not epidemiological proof of causation
Ghee,synthetic colours,stomach infections,repository-inferred from separate sources,1,1,0,0,0,0,0,0.95,0.8,0.8,0.8789,,,,,reported or repository-inferred association; not epidemiological proof of causation
Ghee,synthetic colours,skin infections,repository-inferred from separate sources,1,1,0,0,0,0,0,0.95,0.8,0.8,0.8789,,,,,reported or repository-inferred association; not epidemiological proof of causation
Mustard oil,cottonseed oil,cardiovascular disease,repository-inferred from separate sources,1,1,0,0,1,0,0,0.8,0.85,0.8,0.8789,,,,,reported or repository-inferred association; not epidemiological proof of causation
Milk,synthetic colours,stomach infections,repository-inferred from separate sources,1,1,0,0,0,0,0,0.85,0.8,0.8,0.8789,,,,,reported or repository-inferred association; not epidemiological proof of causation
Milk,synthetic colours,skin infections,repository-inferred from separate sources,1,1,0,0,0,0,0,0.85,0.8,0.8,0.8789,,,,,reported or repository-inferred association; not epidemiological proof of causation
honey,water,health hazards for cattle,repository-inferred from separate sources,1,1,0,0,0,0,0,0.9,0.8,0.8,0.8789,,,,,reported or repository-inferred association; not epidemiological proof of causation
Ghee,edible oils,gastrointestinal problems,repository-inferred from separate sources,1,1,0,0,0,0,0,0.9,0.8,0.8,0.8789,,,,,reported or repository-inferred association; not epidemiological proof of causation
Ghee,toxic substances,health risks,repository-inferred from separate sources,1,1,0,0,0,0,0,0.85,0.8,0.8,0.8789,,,,,reported or repository-inferred association; not epidemiological proof of causation
tirupati laddus,chemicals,public health risks,repository-inferred from separate sources,1,1,0,0,0,0,0,0.85,0.8,0.8,0.8789,,,,,reported or repository-inferred association; not epidemiological proof of causation
tirumala srivari laddu,palm oil family,harmful for health,repository-inferred from separate sources,1,1,0,0,0,0,0,0.85,0.8,0.8,0.8789,,,,,reported or repository-inferred association; not epidemiological proof of causation
unsafe pickle,chemicals,public health risks,repository-inferred from separate sources,1,1,0,0,0,0,0,0.85,0.8,0.8,0.8789,,,,,reported or repository-inferred association; not epidemiological proof of causation
srivari laddu,palm oil family,harmful for health,repository-inferred from separate sources,1,1,0,0,0,0,0,0.95,0.8,0.8,0.8789,,,,,reported or repository-inferred association; not epidemiological proof of causation
tirumala srivari laddu,ghee,harmful for health,repository-inferred from separate sources,1,1,0,0,0,0,0,0.9,0.8,0.8,0.8789,,,,,reported or repository-inferred association; not epidemiological proof of causation
cream,palm oil family,harmful for health,repository-inferred from separate sources,1,1,0,0,0,0,0,0.85,0.8,0.8,0.8789,,,,,reported or repository-inferred association; not epidemiological proof of causation
cake,synthetic colours,stomach infections,repository-inferred from separate sources,1,1,0,0,0,0,0,0.95,0.8,0.8,0.8789,,,,,reported or repository-inferred association; not epidemiological proof of causation
cake,synthetic colours,skin infections,repository-inferred from separate sources,1,1,0,0,0,0,0,0.95,0.8,0.8,0.8789,,,,,reported or repository-inferred association; not epidemiological proof of causation
Milk,adulterants,cancer/carcinogenicity,repository-inferred from separate sources,1,1,0,0,0,0,0,0.8,0.9,0.8,0.8789,,,,,reported or repository-inferred association; not epidemiological proof of causation
Milk,adulterants,allergic reaction,repository-inferred from separate sources,1,1,0,0,0,0,0,0.8,0.9,0.8,0.8789,,,,,reported or repository-inferred association; not epidemiological proof of causation
Milk,adulterants,kidney harm,repository-inferred from separate sources,1,1,0,0,0,0,0,0.8,0.85,0.8,0.8789,,,,,reported or repository-inferred association; not epidemiological proof of causation
Milk,adulterants,liver harm,repository-inferred from separate sources,1,1,0,0,0,0,0,0.8,0.85,0.8,0.8789,,,,,reported or repository-inferred association; not epidemiological proof of causation
Milk,adulterants,organ damage,repository-inferred from separate sources,1,1,0,0,0,0,0,0.8,0.9,0.8,0.8789,,,,,reported or repository-inferred association; not epidemiological proof of causation
baby food,lead,risks affecting growth,repository-inferred from separate sources,1,1,0,0,0,0,0,0.95,0.8,0.8,0.8789,,,,,reported or repository-inferred association; not epidemiological proof of causation
baby food,lead,serious health risks,repository-inferred from separate sources,1,1,0,0,0,0,0,0.95,0.8,0.8,0.8789,,,,,reported or repository-inferred association; not epidemiological proof of causation
rice cereal,arsenic,toxicity,repository-inferred from separate sources,1,1,0,0,0,0,0,0.95,0.8,0.8,0.8789,,,,,reported or repository-inferred association; not epidemiological proof of causation
mashed sweet potatoes,lead,risks affecting growth,repository-inferred from separate sources,1,1,0,0,0,0,0,0.85,0.8,0.8,0.8789,,,,,reported or repository-inferred association; not epidemiological proof of causation
mashed sweet potatoes,lead,serious health risks,repository-inferred from separate sources,1,1,0,0,0,0,0,0.85,0.8,0.8,0.8789,,,,,reported or repository-inferred association; not epidemiological proof of causation
rice,arsenic,toxicity,repository-inferred from separate sources,1,1,0,0,0,0,0,0.9,0.8,0.8,0.8789,,,,,reported or repository-inferred association; not epidemiological proof of causation
Curd/yoghurt,detergent,serious health risks,repository-inferred from separate sources,1,1,0,0,0,0,0,0.9,0.8,0.8,0.8789,,,,,reported or repository-inferred association; not epidemiological proof of causation
sweets,detergent,serious health risks,repository-inferred from separate sources,1,1,0,0,0,0,0,0.9,0.8,0.8,0.8789,,,,,reported or repository-inferred association; not epidemiological proof of causation
bottled water,microplastics,harm to health of children,repository-inferred from separate sources,1,1,0,0,0,0,0,0.9,0.8,0.8,0.8789,,,,,reported or repository-inferred association; not epidemiological proof of causation
Paneer,adulterant,mucus formation,repository-inferred from separate sources,1,1,0,0,0,0,0,0.8,0.85,0.8,0.8789,,,,,reported or repository-inferred association; not epidemiological proof of causation
Paneer,adulterant,kidney harm,repository-inferred from separate sources,1,1,0,0,0,0,0,0.8,0.85,0.8,0.8789,,,,,reported or repository-inferred association; not epidemiological proof of causation
Milk,plastic,internal organ damage,repository-inferred from separate sources,1,1,0,0,0,0,0,0.85,0.8,0.8,0.8789,,,,,reported or repository-inferred association; not epidemiological proof of causation
Milk,plastic,cessation of regular food intake,repository-inferred from separate sources,1,1,0,0,0,0,0,0.85,0.8,0.8,0.8789,,,,,reported or repository-inferred association; not epidemiological proof of causation
Milk,plastic,inability to give milk,repository-inferred from separate sources,1,1,0,0,0,0,0,0.85,0.8,0.8,0.8789,,,,,reported or repository-inferred association; not epidemiological proof of causation
meat,plastic,internal organ damage,repository-inferred from separate sources,1,1,0,0,0,0,0,0.85,0.8,0.8,0.8789,,,,,reported or repository-inferred association; not epidemiological proof of causation
meat,plastic,cessation of regular food intake,repository-inferred from separate sources,1,1,0,0,0,0,0,0.85,0.8,0.8,0.8789,,,,,reported or repository-inferred association; not epidemiological proof of causation
meat,plastic,inability to give milk,repository-inferred from separate sources,1,1,0,0,0,0,0,0.85,0.8,0.8,0.8789,,,,,reported or repository-inferred association; not epidemiological proof of causation
seafood,microplastics,harm to health of children,repository-inferred from separate sources,1,1,0,0,0,0,0,0.9,0.8,0.8,0.8789,,,,,reported or repository-inferred association; not epidemiological proof of causation
poultry,microplastics,harm to health of children,repository-inferred from separate sources,1,1,0,0,0,0,0,0.9,0.8,0.8,0.8789,,,,,reported or repository-inferred association; not epidemiological proof of causation
fruits,microplastics,harm to health of children,repository-inferred from separate sources,1,1,0,0,0,0,0,0.9,0.8,0.8,0.8789,,,,,reported or repository-inferred association; not epidemiological proof of causation
vegetables,microplastics,harm to health of children,repository-inferred from separate sources,1,1,0,0,0,0,0,0.9,0.8,0.8,0.8789,,,,,reported or repository-inferred association; not epidemiological proof of causation
prepared foods,microplastics,harm to health of children,repository-inferred from separate sources,1,1,0,0,0,0,0,0.9,0.8,0.8,0.8789,,,,,reported or repository-inferred association; not epidemiological proof of causation
food,arsenic,toxicity,repository-inferred from separate sources,1,1,0,0,0,0,0,0.9,0.8,0.8,0.8789,,,,,reported or repository-inferred association; not epidemiological proof of causation
wall s frozen products,vegetable oil/fat,headaches,repository-inferred from separate sources,1,1,0,0,0,0,0,0.85,0.8,0.8,0.8789,,,,,reported or repository-inferred association; not epidemiological proof of causation
cool drinks,water,health hazards for cattle,repository-inferred from separate sources,1,1,0,0,0,0,0,0.9,0.8,0.8,0.8789,,,,,reported or repository-inferred association; not epidemiological proof of causation
coffee,microplastics,harm to health of children,repository-inferred from separate sources,1,1,0,0,0,0,0,0.9,0.8,0.8,0.8789,,,,,reported or repository-inferred association; not epidemiological proof of causation
packaged table salt,microplastics,harm to health of children,repository-inferred from separate sources,1,1,0,0,0,0,0,0.9,0.8,0.8,0.8789,,,,,reported or repository-inferred association; not epidemiological proof of causation
tea,microplastics,harm to health of children,repository-inferred from separate sources,1,1,0,0,0,0,0,0.9,0.8,0.8,0.8789,,,,,reported or repository-inferred association; not epidemiological proof of causation
Khoya/mawa,urea,kidney ailments,repository-inferred from separate sources,1,1,0,0,0,0,0,0.85,0.8,0.8,0.8789,,,,,reported or repository-inferred association; not epidemiological proof of causation
Khoya/mawa,formalin/formaldehyde,health hazards,repository-inferred from separate sources,1,1,0,0,0,0,0,0.95,0.8,0.8,0.8789,,,,,reported or repository-inferred association; not epidemiological proof of causation
dark chocolate,lead,risks affecting growth,repository-inferred from separate sources,1,1,0,0,0,0,0,0.9167,0.8,0.8,0.8789,,,,,reported or repository-inferred association; not epidemiological proof of causation
dark chocolate,lead,serious health risks,repository-inferred from separate sources,1,1,0,0,0,0,0,0.9167,0.8,0.8,0.8789,,,,,reported or repository-inferred association; not epidemiological proof of causation
dark chocolate,cadmium,toxicity,repository-inferred from separate sources,1,1,0,0,0,0,0,0.9167,0.8,0.8,0.8789,,,,,reported or repository-inferred association; not epidemiological proof of causation
dark chocolate,cadmium,serious health risks,repository-inferred from separate sources,1,1,0,0,0,0,0,0.9167,0.8,0.8,0.8789,,,,,reported or repository-inferred association; not epidemiological proof of causation
organic dark chocolate,lead,behavioral changes,repository-inferred from separate sources,1,1,0,0,0,0,0,0.8,0.85,0.8,0.8789,,,,,reported or repository-inferred association; not epidemiological proof of causation
organic dark chocolate,lead,iq reduction,repository-inferred from separate sources,1,1,0,0,0,0,0,0.8,0.85,0.8,0.8789,,,,,reported or repository-inferred association; not epidemiological proof of causation
organic dark chocolate,lead,risks affecting growth,repository-inferred from separate sources,1,1,0,0,0,0,0,0.8,0.8,0.8,0.8789,,,,,reported or repository-inferred association; not epidemiological proof of causation
organic dark chocolate,lead,impaired brain development,repository-inferred from separate sources,1,1,0,0,0,0,0,0.8,0.9,0.8,0.8789,,,,,reported or repository-inferred association; not epidemiological proof of causation
organic dark chocolate,lead,impaired learning,repository-inferred from separate sources,1,1,0,0,0,0,0,0.8,0.9,0.8,0.8789,,,,,reported or repository-inferred association; not epidemiological proof of causation
organic dark chocolate,lead,serious health risks,repository-inferred from separate sources,1,1,0,0,0,0,0,0.8,0.8,0.8,0.8789,,,,,reported or repository-inferred association; not epidemiological proof of causation
vegetables,lead,risks affecting growth,repository-inferred from separate sources,1,1,0,0,0,0,0,0.9,0.8,0.8,0.8789,,,,,reported or repository-inferred association; not epidemiological proof of causation
vegetables,lead,serious health risks,repository-inferred from separate sources,1,1,0,0,0,0,0,0.9,0.8,0.8,0.8789,,,,,reported or repository-inferred association; not epidemiological proof of causation
chicken,bacterial contamination,medical issues,repository-inferred from separate sources,1,1,0,0,0,0,0,0.85,0.8,0.8,0.8789,,,,,reported or repository-inferred association; not epidemiological proof of causation
Paneer,bacteria,stomach infection,repository-inferred from separate sources,1,1,0,0,0,0,0,0.9,0.8,0.8,0.8789,,,,,reported or repository-inferred association; not epidemiological proof of causation
Paneer,bacteria,diarrhoea,repository-inferred from separate sources,1,1,0,0,0,0,0,0.9,0.8,0.8,0.8789,,,,,reported or repository-inferred association; not epidemiological proof of causation
soft drinks,vegetable oil/fat,headaches,repository-inferred from separate sources,1,1,0,0,0,0,0,0.85,0.8,0.8,0.8789,,,,,reported or repository-inferred association; not epidemiological proof of causation
Milk,lead,risks affecting growth,repository-inferred from separate sources,1,1,0,0,0,0,0,0.95,0.8,0.8,0.8789,,,,,reported or repository-inferred association; not epidemiological proof of causation
Milk,lead,serious health risks,repository-inferred from separate sources,1,1,0,0,0,0,0,0.95,0.8,0.8,0.8789,,,,,reported or repository-inferred association; not epidemiological proof of causation
fruits,calcium carbide,cancer/carcinogenicity,repository-inferred from separate sources,1,1,0,0,0,0,0,0.95,0.8,0.8,0.8789,,,,,reported or repository-inferred association; not epidemiological proof of causation
fruits,calcium carbide,hormonal imbalances,repository-inferred from separate sources,1,1,0,0,0,0,0,0.95,0.8,0.8,0.8789,,,,,reported or repository-inferred association; not epidemiological proof of causation
fruits,calcium carbide,gastro intestinal diseases,repository-inferred from separate sources,1,1,0,0,0,0,0,0.95,0.8,0.8,0.8789,,,,,reported or repository-inferred association; not epidemiological proof of causation
tap water,bacteria,stomach infection,repository-inferred from separate sources,1,1,0,0,0,0,0,0.9,0.8,0.8,0.8789,,,,,reported or repository-inferred association; not epidemiological proof of causation
tap water,bacteria,diarrhoea,repository-inferred from separate sources,1,1,0,0,0,0,0,0.9,0.8,0.8,0.8789,,,,,reported or repository-inferred association; not epidemiological proof of causation
tap water,harmful chemicals,health hazards,repository-inferred from separate sources,1,1,0,0,0,0,0,0.9,0.8,0.8,0.8789,,,,,reported or repository-inferred association; not epidemiological proof of causation
Milk,synthetic chemicals,nervous system effects,repository-inferred from separate sources,1,1,0,0,0,0,0,0.85,0.8,0.8,0.8789,,,,,reported or repository-inferred association; not epidemiological proof of causation
protein supplements,lead,risks affecting growth,repository-inferred from separate sources,1,1,0,0,0,0,0,0.9,0.8,0.8,0.8789,,,,,reported or repository-inferred association; not epidemiological proof of causation
protein supplements,lead,serious health risks,repository-inferred from separate sources,1,1,0,0,0,0,0,0.9,0.8,0.8,0.8789,,,,,reported or repository-inferred association; not epidemiological proof of causation
protein supplements,cadmium,toxicity,repository-inferred from separate sources,1,1,0,0,0,0,0,0.9,0.8,0.8,0.8789,,,,,reported or repository-inferred association; not epidemiological proof of causation
protein supplements,cadmium,serious health risks,repository-inferred from separate sources,1,1,0,0,0,0,0,0.9,0.8,0.8,0.8789,,,,,reported or repository-inferred association; not epidemiological proof of causation
protein supplements,arsenic,toxicity,repository-inferred from separate sources,1,1,0,0,0,0,0,0.9,0.8,0.8,0.8789,,,,,reported or repository-inferred association; not epidemiological proof of causation
Paneer,synthetic colours,stomach infections,repository-inferred from separate sources,1,1,0,0,0,0,0,0.9,0.8,0.8,0.8789,,,,,reported or repository-inferred association; not epidemiological proof of causation
Paneer,synthetic colours,skin infections,repository-inferred from separate sources,1,1,0,0,0,0,0,0.9,0.8,0.8,0.8789,,,,,reported or repository-inferred association; not epidemiological proof of causation
vanaspati,palm oil family,harmful for health,repository-inferred from separate sources,1,1,0,0,0,0,0,0.85,0.8,0.8,0.8789,,,,,reported or repository-inferred association; not epidemiological proof of causation
ginger garlic paste,synthetic colours,stomach infections,repository-inferred from separate sources,1,1,0,0,0,0,0,0.95,0.8,0.8,0.8789,,,,,reported or repository-inferred association; not epidemiological proof of causation
ginger garlic paste,synthetic colours,skin infections,repository-inferred from separate sources,1,1,0,0,0,0,0,0.95,0.8,0.8,0.8789,,,,,reported or repository-inferred association; not epidemiological proof of causation
maggi noodles,lead,risks affecting growth,repository-inferred from separate sources,1,1,0,0,0,0,0,0.9,0.8,0.8,0.8789,,,,,reported or repository-inferred association; not epidemiological proof of causation
maggi noodles,lead,serious health risks,repository-inferred from separate sources,1,1,0,0,0,0,0,0.9,0.8,0.8,0.8789,,,,,reported or repository-inferred association; not epidemiological proof of causation
food left at room temperature,bacteria,stomach infection,repository-inferred from separate sources,1,1,0,0,0,0,0,0.85,0.8,0.8,0.8789,,,,,reported or repository-inferred association; not epidemiological proof of causation
food left at room temperature,bacteria,diarrhoea,repository-inferred from separate sources,1,1,0,0,0,0,0,0.85,0.8,0.8,0.8789,,,,,reported or repository-inferred association; not epidemiological proof of causation
wheat flour,pesticide residue,hazards to human health,repository-inferred from separate sources,1,1,0,0,0,0,0,0.9,0.8,0.8,0.8789,,,,,reported or repository-inferred association; not epidemiological proof of causation
wheat flour,pesticide residue,health issues,repository-inferred from separate sources,1,1,0,0,0,0,0,0.9,0.8,0.8,0.8789,,,,,reported or repository-inferred association; not epidemiological proof of causation
wheat flour,pesticide residue,long lasting adverse effects on health,repository-inferred from separate sources,1,1,0,0,0,0,0,0.9,0.8,0.8,0.8789,,,,,reported or repository-inferred association; not epidemiological proof of causation
fish,cadmium,toxicity,repository-inferred from separate sources,1,1,0,0,0,0,0,0.9,0.8,0.8,0.8789,,,,,reported or repository-inferred association; not epidemiological proof of causation
octopus,cadmium,toxicity,repository-inferred from separate sources,1,1,0,0,0,0,0,0.9,0.8,0.8,0.8789,,,,,reported or repository-inferred association; not epidemiological proof of causation
squid,cadmium,toxicity,repository-inferred from separate sources,1,1,0,0,0,0,0,0.9,0.8,0.8,0.8789,,,,,reported or repository-inferred association; not epidemiological proof of causation
rice,pesticide residue,hazards to human health,repository-inferred from separate sources,1,1,0,0,0,0,0,0.9,0.8,0.8,0.8789,,,,,reported or repository-inferred association; not epidemiological proof of causation
rice,pesticide residue,health issues,repository-inferred from separate sources,1,1,0,0,0,0,0,0.9,0.8,0.8,0.8789,,,,,reported or repository-inferred association; not epidemiological proof of causation
rice,pesticide residue,long lasting adverse effects on health,repository-inferred from separate sources,1,1,0,0,0,0,0,0.9,0.8,0.8,0.8789,,,,,reported or repository-inferred association; not epidemiological proof of causation
laddus,adulterated ghee,vomiting,repository-inferred from separate sources,1,1,0,0,0,0,0,0.8,0.85,0.8,0.8789,,,,,reported or repository-inferred association; not epidemiological proof of causation
laddus,adulterated ghee,health risks,repository-inferred from separate sources,1,1,0,0,0,0,0,0.8,0.85,0.8,0.8789,,,,,reported or repository-inferred association; not epidemiological proof of causation
food,microplastics,harm to health of children,repository-inferred from separate sources,1,1,0,0,0,0,0,0.85,0.8,0.8,0.8789,,,,,reported or repository-inferred association; not epidemiological proof of causation
prawns,contaminants,allergic reaction,repository-inferred from separate sources,1,1,0,0,0,0,0,0.8,0.9,0.8,0.8789,,,,,reported or repository-inferred association; not epidemiological proof of causation
prawns,contaminants,impaired physical growth,repository-inferred from separate sources,1,1,0,0,0,0,0,0.8,0.8,0.8,0.8789,,,,,reported or repository-inferred association; not epidemiological proof of causation
pakoras,water,health hazards for cattle,repository-inferred from separate sources,1,1,0,0,0,0,0,0.85,0.8,0.8,0.8789,,,,,reported or repository-inferred association; not epidemiological proof of causation
golgappas,water,health hazards for cattle,repository-inferred from separate sources,1,1,0,0,0,0,0,0.85,0.8,0.8,0.8789,,,,,reported or repository-inferred association; not epidemiological proof of causation
protein powder,cadmium,toxicity,repository-inferred from separate sources,1,1,0,0,0,0,0,0.9,0.8,0.8,0.8789,,,,,reported or repository-inferred association; not epidemiological proof of causation
protein powder,cadmium,serious health risks,repository-inferred from separate sources,1,1,0,0,0,0,0,0.9,0.8,0.8,0.8789,,,,,reported or repository-inferred association; not epidemiological proof of causation
turmeric,chemicals,public health risks,repository-inferred from separate sources,1,1,0,0,0,0,0,0.85,0.8,0.8,0.8789,,,,,reported or repository-inferred association; not epidemiological proof of causation
drinking water,arsenic,toxicity,repository-inferred from separate sources,1,1,0,0,0,0,0,0.9,0.8,0.8,0.8789,,,,,reported or repository-inferred association; not epidemiological proof of causation
drinking water,lead,risks affecting growth,repository-inferred from separate sources,1,1,0,0,0,0,0,0.9,0.8,0.8,0.8789,,,,,reported or repository-inferred association; not epidemiological proof of causation
drinking water,lead,serious health risks,repository-inferred from separate sources,1,1,0,0,0,0,0,0.9,0.8,0.8,0.8789,,,,,reported or repository-inferred association; not epidemiological proof of causation
drinking water,cadmium,toxicity,repository-inferred from separate sources,1,1,0,0,0,0,0,0.9,0.8,0.8,0.8789,,,,,reported or repository-inferred association; not epidemiological proof of causation
drinking water,cadmium,serious health risks,repository-inferred from separate sources,1,1,0,0,0,0,0,0.9,0.8,0.8,0.8789,,,,,reported or repository-inferred association; not epidemiological proof of causation
food grains,cadmium,toxicity,repository-inferred from separate sources,1,1,0,0,0,0,0,0.85,0.8,0.8,0.8789,,,,,reported or repository-inferred association; not epidemiological proof of causation
food grains,cadmium,serious health risks,repository-inferred from separate sources,1,1,0,0,0,0,0,0.85,0.8,0.8,0.8789,,,,,reported or repository-inferred association; not epidemiological proof of causation
food grains,lead,risks affecting growth,repository-inferred from separate sources,1,1,0,0,0,0,0,0.85,0.8,0.8,0.8789,,,,,reported or repository-inferred association; not epidemiological proof of causation
food grains,lead,serious health risks,repository-inferred from separate sources,1,1,0,0,0,0,0,0.85,0.8,0.8,0.8789,,,,,reported or repository-inferred association; not epidemiological proof of causation
tender coconut,arsenic,toxicity,repository-inferred from separate sources,1,1,0,0,0,0,0,0.9,0.8,0.8,0.8789,,,,,reported or repository-inferred association; not epidemiological proof of causation
Milk,arsenic,toxicity,repository-inferred from separate sources,1,1,0,0,0,0,0,0.95,0.8,0.8,0.8789,,,,,reported or repository-inferred association; not epidemiological proof of causation
rice,plastic,internal organ damage,repository-inferred from separate sources,1,1,0,0,0,0,0,0.95,0.8,0.8,0.8789,,,,,reported or repository-inferred association; not epidemiological proof of causation
rice,plastic,cessation of regular food intake,repository-inferred from separate sources,1,1,0,0,0,0,0,0.95,0.8,0.8,0.8789,,,,,reported or repository-inferred association; not epidemiological proof of causation
rice,plastic,inability to give milk,repository-inferred from separate sources,1,1,0,0,0,0,0,0.95,0.8,0.8,0.8789,,,,,reported or repository-inferred association; not epidemiological proof of causation
tea leaves,artificial colouring,cancer/carcinogenicity,repository-inferred from separate sources,1,1,0,0,0,0,0,0.95,0.8,0.8,0.8789,,,,,reported or repository-inferred association; not epidemiological proof of causation
Palm oil,harmful substances,chronic disease,repository-inferred from separate sources,1,1,0,0,0,0,0,0.85,0.8,0.8,0.8789,,,,,reported or repository-inferred association; not epidemiological proof of causation
channa bhujia,palm oil family,harmful for health,repository-inferred from separate sources,1,1,0,0,0,0,0,0.9,0.8,0.8,0.8789,,,,,reported or repository-inferred association; not epidemiological proof of causation
sun flower oil,palm oil family,harmful for health,repository-inferred from separate sources,1,1,0,0,0,0,0,0.9,0.8,0.8,0.8789,,,,,reported or repository-inferred association; not epidemiological proof of causation
edible oils,harmful chemicals,health hazards,repository-inferred from separate sources,1,1,0,0,0,0,0,0.85,0.8,0.8,0.8789,,,,,reported or repository-inferred association; not epidemiological proof of causation
binni refined oil,vitamin d,acute kidney distress,repository-inferred from separate sources,1,1,0,0,0,0,0,0.8,0.9,0.8,0.8789,,,,,reported or repository-inferred association; not epidemiological proof of causation
binni refined oil,vitamin d,vomiting,repository-inferred from separate sources,1,1,0,0,0,0,0,0.8,0.9,0.8,0.8789,,,,,reported or repository-inferred association; not epidemiological proof of causation
binni refined oil,vitamin d,extreme weakness,repository-inferred from separate sources,1,1,0,0,0,0,0,0.8,0.9,0.8,0.8789,,,,,reported or repository-inferred association; not epidemiological proof of causation
hydrogenated oils,trans fatty acids,pancreas damage,repository-inferred from separate sources,1,1,0,0,0,0,0,0.85,0.8,0.8,0.8789,,,,,reported or repository-inferred association; not epidemiological proof of causation
Edible/cooking oil,harmful chemicals,cancerous changes,repository-inferred from separate sources,1,1,0,0,0,0,0,0.8,0.85,0.8,0.8789,,,,,reported or repository-inferred association; not epidemiological proof of causation
Edible/cooking oil,harmful chemicals,health hazards,repository-inferred from separate sources,1,1,0,0,0,0,0,0.8,0.8,0.8,0.8789,,,,,reported or repository-inferred association; not epidemiological proof of causation
Edible/cooking oil,harmful chemicals,cardiac troubles,repository-inferred from separate sources,1,1,0,0,0,0,0,0.8,0.9,0.8,0.8789,,,,,reported or repository-inferred association; not epidemiological proof of causation
Edible/cooking oil,harmful chemicals,respiratory troubles,repository-inferred from separate sources,1,1,0,0,0,0,0,0.8,0.9,0.8,0.8789,,,,,reported or repository-inferred association; not epidemiological proof of causation
Edible/cooking oil,harmful chemicals,serious health problems,repository-inferred from separate sources,1,1,0,0,0,0,0,0.8,0.85,0.8,0.8789,,,,,reported or repository-inferred association; not epidemiological proof of causation
Edible/cooking oil,harmful chemicals,food poisoning,repository-inferred from separate sources,1,1,0,0,0,0,0,0.8,0.85,0.8,0.8789,,,,,reported or repository-inferred association; not epidemiological proof of causation
Edible/cooking oil,harmful chemicals,gastrointestinal illness,repository-inferred from separate sources,1,1,0,0,0,0,0,0.8,0.85,0.8,0.8789,,,,,reported or repository-inferred association; not epidemiological proof of causation
Coconut oil,hydrogenated fats,health issues,repository-inferred from separate sources,1,1,0,0,0,0,0,0.9,0.8,0.8,0.8789,,,,,reported or repository-inferred association; not epidemiological proof of causation
Coconut oil,hydrogenated fats,clogs arteries,repository-inferred from separate sources,1,1,0,0,0,0,0,0.9,0.8,0.8,0.8789,,,,,reported or repository-inferred association; not epidemiological proof of causation
Coconut oil,hydrogenated fats,raises bad cholesterol,repository-inferred from separate sources,1,1,0,0,0,0,0,0.9,0.8,0.8,0.8789,,,,,reported or repository-inferred association; not epidemiological proof of causation
Edible/cooking oil,pesticide residue,hazards to human health,repository-inferred from separate sources,1,1,0,0,0,0,0,0.9,0.8,0.8,0.8789,,,,,reported or repository-inferred association; not epidemiological proof of causation
Edible/cooking oil,pesticide residue,health issues,repository-inferred from separate sources,1,1,0,0,0,0,0,0.9,0.8,0.8,0.8789,,,,,reported or repository-inferred association; not epidemiological proof of causation
Edible/cooking oil,pesticide residue,long lasting adverse effects on health,repository-inferred from separate sources,1,1,0,0,0,0,0,0.9,0.8,0.8,0.8789,,,,,reported or repository-inferred association; not epidemiological proof of causation
Mustard oil,chemicals,public health risks,repository-inferred from separate sources,1,1,0,0,0,0,0,0.95,0.8,0.8,0.8789,,,,,reported or repository-inferred association; not epidemiological proof of causation
Cheese,palm oil family,harmful for health,repository-inferred from separate sources,1,1,0,0,0,0,0,0.85,0.8,0.8,0.8789,,,,,reported or repository-inferred association; not epidemiological proof of causation
balushahi,synthetic colours,stomach infections,repository-inferred from separate sources,1,1,0,0,0,0,0,0.9,0.8,0.8,0.8789,,,,,reported or repository-inferred association; not epidemiological proof of causation
balushahi,synthetic colours,skin infections,repository-inferred from separate sources,1,1,0,0,0,0,0,0.9,0.8,0.8,0.8789,,,,,reported or repository-inferred association; not epidemiological proof of causation
Cheese,adulterant,mucus formation,repository-inferred from separate sources,1,1,0,0,0,0,0,0.8,0.85,0.8,0.8789,,,,,reported or repository-inferred association; not epidemiological proof of causation
Cheese,adulterant,kidney harm,repository-inferred from separate sources,1,1,0,0,0,0,0,0.8,0.85,0.8,0.8789,,,,,reported or repository-inferred association; not epidemiological proof of causation
adulterated mangoes,chemicals,public health risks,repository-inferred from separate sources,1,1,0,0,0,0,0,0.9,0.8,0.8,0.8789,,,,,reported or repository-inferred association; not epidemiological proof of causation
Edible/cooking oil,palm oil family,harmful for health,repository-inferred from separate sources,1,1,0,0,0,0,0,0.8,0.8,0.8,0.8789,,,,,reported or repository-inferred association; not epidemiological proof of causation
Edible/cooking oil,palm oil family,cardiovascular disease,repository-inferred from separate sources,1,1,0,0,0,0,0,0.8,0.9,0.8,0.8789,,,,,reported or repository-inferred association; not epidemiological proof of causation
Edible/cooking oil,palm oil family,cancer/carcinogenicity,repository-inferred from separate sources,1,1,0,0,0,0,0,0.8,0.85,0.8,0.8789,,,,,reported or repository-inferred association; not epidemiological proof of causation
Edible/cooking oil,palm oil family,increased cholesterol level,repository-inferred from separate sources,1,1,0,0,0,0,0,0.8,0.9,0.8,0.8789,,,,,reported or repository-inferred association; not epidemiological proof of causation
ground spices,lead,risks affecting growth,repository-inferred from separate sources,1,1,0,0,0,0,0,0.9,0.8,0.8,0.8789,,,,,reported or repository-inferred association; not epidemiological proof of causation
citrus fruits,pesticide residue,hazards to human health,repository-inferred from separate sources,1,1,0,0,0,0,0,0.85,0.8,0.8,0.8789,,,,,reported or repository-inferred association; not epidemiological proof of causation
citrus fruits,pesticide residue,health issues,repository-inferred from separate sources,1,1,0,0,0,0,0,0.85,0.8,0.8,0.8789,,,,,reported or repository-inferred association; not epidemiological proof of causation
Palm oil,cottonseed oil,cardiovascular disease,repository-inferred from separate sources,1,1,0,0,0,0,0,0.8,0.85,0.8,0.8789,,,,,reported or repository-inferred association; not epidemiological proof of causation
Khoya/mawa,adulterant,cancer/carcinogenicity,repository-inferred from separate sources,1,2,0,0,0,0,0,0.6,0.9,0.6,0.8318,,,,,reported or repository-inferred association; not epidemiological proof of causation
Khoya/mawa,adulterant,allergic reaction,repository-inferred from separate sources,1,2,0,0,0,0,0,0.6,0.9,0.6,0.8318,,,,,reported or repository-inferred association; not epidemiological proof of causation
Khoya/mawa,adulterant,organ damage,repository-inferred from separate sources,1,2,0,0,0,0,0,0.6,0.9,0.6,0.8318,,,,,reported or repository-inferred association; not epidemiological proof of causation
Paneer,formalin/formaldehyde,neurological damage,repository-inferred from separate sources,1,1,0,0,0,0,0,0.9,0.75,0.75,0.824,,,,,reported or repository-inferred association; not epidemiological proof of causation
srivari laddu,ghee,harmful for health,repository-inferred from separate sources,1,1,0,0,0,0,0,0.75,0.8,0.75,0.824,,,,,reported or repository-inferred association; not epidemiological proof of causation
chinese garlic,pesticide residue,cell damage,repository-inferred from separate sources,1,1,0,0,0,0,0,0.9,0.75,0.75,0.824,,,,,reported or repository-inferred association; not epidemiological proof of causation
chinese garlic,pesticide residue,disorders in the biological regulatory systems,repository-inferred from separate sources,1,1,0,0,0,0,0,0.9,0.75,0.75,0.824,,,,,reported or repository-inferred association; not epidemiological proof of causation
chinese garlic,pesticide residue,health consequences,repository-inferred from separate sources,1,1,0,0,0,0,0,0.9,0.75,0.75,0.824,,,,,reported or repository-inferred association; not epidemiological proof of causation
chinese garlic,pesticide residue,weakening immune system,repository-inferred from separate sources,1,1,0,0,0,0,0,0.9,0.75,0.75,0.824,,,,,reported or repository-inferred association; not epidemiological proof of causation
tirumala srivari laddu prasadam,adulterated ghee,vomiting,repository-inferred from separate sources,1,1,0,0,0,0,0,0.75,0.85,0.75,0.824,,,,,reported or repository-inferred association; not epidemiological proof of causation
tirumala srivari laddu prasadam,adulterated ghee,health risks,repository-inferred from separate sources,1,1,0,0,0,0,0,0.75,0.85,0.75,0.824,,,,,reported or repository-inferred association; not epidemiological proof of causation
dairy fat,palm oil family,health harm,repository-inferred from separate sources,1,1,0,0,0,0,0,0.9,0.75,0.75,0.824,,,,,reported or repository-inferred association; not epidemiological proof of causation
laddus,palm oil family,health harm,repository-inferred from separate sources,1,1,0,0,0,0,0,0.85,0.75,0.75,0.824,,,,,reported or repository-inferred association; not epidemiological proof of causation
tirupati laddus,palm oil family,health harm,repository-inferred from separate sources,1,1,0,0,0,0,0,0.9,0.75,0.75,0.824,,,,,reported or repository-inferred association; not epidemiological proof of causation
ttd laddu,ghee,harmful for health,repository-inferred from separate sources,1,1,0,0,0,0,0,0.75,0.8,0.75,0.824,,,,,reported or repository-inferred association; not epidemiological proof of causation
dairy products,chemicals,serious health risks,repository-inferred from separate sources,1,1,0,0,0,0,0,0.75,0.85,0.75,0.824,,,,,reported or repository-inferred association; not epidemiological proof of causation
dairy products,chemicals,public health risks,repository-inferred from separate sources,1,1,0,0,0,0,0,0.75,0.8,0.75,0.824,,,,,reported or repository-inferred association; not epidemiological proof of causation
dairy products,chemicals,death,repository-inferred from separate sources,1,1,0,0,0,0,0,0.75,0.85,0.75,0.824,,,,,reported or repository-inferred association; not epidemiological proof of causation
Ghee,toxic chemicals,cancer/carcinogenicity,repository-inferred from separate sources,1,1,0,0,0,0,0,0.85,0.75,0.75,0.824,,,,,reported or repository-inferred association; not epidemiological proof of causation
kalakand,formalin/formaldehyde,neurological damage,repository-inferred from separate sources,1,1,0,0,0,0,0,0.9,0.75,0.75,0.824,,,,,reported or repository-inferred association; not epidemiological proof of causation
Paneer,adulterated substance,death,repository-inferred from separate sources,1,1,0,0,0,0,0,0.75,0.85,0.75,0.824,,,,,reported or repository-inferred association; not epidemiological proof of causation
colour infused sweets,synthetic colours,health problems,repository-inferred from separate sources,1,1,0,0,0,0,0,0.75,0.9,0.75,0.824,,,,,reported or repository-inferred association; not epidemiological proof of causation
colour infused sweets,synthetic colours,stomach infections,repository-inferred from separate sources,1,1,0,0,0,0,0,0.75,0.8,0.75,0.824,,,,,reported or repository-inferred association; not epidemiological proof of causation
colour infused sweets,synthetic colours,skin infections,repository-inferred from separate sources,1,1,0,0,0,0,0,0.75,0.8,0.75,0.824,,,,,reported or repository-inferred association; not epidemiological proof of causation
Khoya/mawa,ghee,harmful for health,repository-inferred from separate sources,1,1,0,0,0,0,0,0.75,0.8,0.75,0.824,,,,,reported or repository-inferred association; not epidemiological proof of causation
tirumala srivari laddu,palm oil family,health harm,repository-inferred from separate sources,1,1,0,0,0,0,0,0.85,0.75,0.75,0.824,,,,,reported or repository-inferred association; not epidemiological proof of causation
srivari laddu,palm oil family,health harm,repository-inferred from separate sources,1,1,0,0,0,0,0,0.95,0.75,0.75,0.824,,,,,reported or repository-inferred association; not epidemiological proof of causation
cream,palm oil family,health harm,repository-inferred from separate sources,1,1,0,0,0,0,0,0.85,0.75,0.75,0.824,,,,,reported or repository-inferred association; not epidemiological proof of causation
Curd/yoghurt,ethylene glycol,mobility impairment,repository-inferred from separate sources,1,1,0,0,0,0,0,0.9,0.75,0.75,0.824,,,,,reported or repository-inferred association; not epidemiological proof of causation
large fish species,mercury,neurological damage,repository-inferred from separate sources,1,1,0,0,0,0,0,0.9,0.75,0.75,0.824,,,,,reported or repository-inferred association; not epidemiological proof of causation
Milk,plastic,various ailments,repository-inferred from separate sources,1,1,0,0,0,0,0,0.85,0.75,0.75,0.824,,,,,reported or repository-inferred association; not epidemiological proof of causation
meat,plastic,various ailments,repository-inferred from separate sources,1,1,0,0,0,0,0,0.85,0.75,0.75,0.824,,,,,reported or repository-inferred association; not epidemiological proof of causation
cofset,diethylene glycol,mobility impairment,repository-inferred from separate sources,1,1,0,0,0,0,0,0.98,0.75,0.75,0.824,,,,,reported or repository-inferred association; not epidemiological proof of causation
adulterated toddy,chemicals,serious health risks,repository-inferred from separate sources,1,1,0,0,0,0,0,0.75,0.85,0.75,0.824,,,,,reported or repository-inferred association; not epidemiological proof of causation
adulterated toddy,chemicals,public health risks,repository-inferred from separate sources,1,1,0,0,0,0,0,0.75,0.8,0.75,0.824,,,,,reported or repository-inferred association; not epidemiological proof of causation
adulterated toddy,chemicals,death,repository-inferred from separate sources,1,1,0,0,0,0,0,0.75,0.85,0.75,0.824,,,,,reported or repository-inferred association; not epidemiological proof of causation
water,bacteria,food borne illnesses,repository-inferred from separate sources,1,1,0,0,0,0,0,0.75,0.85,0.75,0.824,,,,,reported or repository-inferred association; not epidemiological proof of causation
water,bacteria,death,repository-inferred from separate sources,1,1,0,0,0,0,0,0.75,0.9,0.75,0.824,,,,,reported or repository-inferred association; not epidemiological proof of causation
Khoya/mawa,formalin/formaldehyde,neurological damage,repository-inferred from separate sources,1,1,0,0,0,0,0,0.95,0.75,0.75,0.824,,,,,reported or repository-inferred association; not epidemiological proof of causation
spices,adulterant,mucus formation,repository-inferred from separate sources,1,1,0,0,0,0,0,0.75,0.85,0.75,0.824,,,,,reported or repository-inferred association; not epidemiological proof of causation
spices,adulterant,kidney harm,repository-inferred from separate sources,1,1,0,0,0,0,0,0.75,0.85,0.75,0.824,,,,,reported or repository-inferred association; not epidemiological proof of causation
Milk,mercury,neurological damage,repository-inferred from separate sources,1,1,0,0,0,0,0,0.85,0.75,0.75,0.824,,,,,reported or repository-inferred association; not epidemiological proof of causation
protein supplements,mercury,neurological damage,repository-inferred from separate sources,1,1,0,0,0,0,0,0.9,0.75,0.75,0.824,,,,,reported or repository-inferred association; not epidemiological proof of causation
vanaspati,palm oil family,health harm,repository-inferred from separate sources,1,1,0,0,0,0,0,0.85,0.75,0.75,0.824,,,,,reported or repository-inferred association; not epidemiological proof of causation
Milk,adulterated milk,hospitalisation,repository-inferred from separate sources,1,1,0,0,0,0,0,0.75,0.9,0.75,0.824,,,,,reported or repository-inferred association; not epidemiological proof of causation
Milk,adulterated milk,renal failure,repository-inferred from separate sources,1,1,0,0,0,0,0,0.75,0.85,0.75,0.824,,,,,reported or repository-inferred association; not epidemiological proof of causation
Milk,adulterated milk,illness,repository-inferred from separate sources,1,1,0,0,0,0,0,0.75,0.85,0.75,0.824,,,,,reported or repository-inferred association; not epidemiological proof of causation
Milk,toxins,gastrointestinal illness,repository-inferred from separate sources,1,1,0,0,0,0,0,0.75,0.85,0.75,0.824,,,,,reported or repository-inferred association; not epidemiological proof of causation
Milk,toxins,impacts on animal health,repository-inferred from separate sources,1,1,0,0,0,0,0,0.75,0.75,0.75,0.824,,,,,reported or repository-inferred association; not epidemiological proof of causation
medicinal syrups,ethylene glycol,mobility impairment,repository-inferred from separate sources,1,1,0,0,0,0,0,0.85,0.75,0.75,0.824,,,,,reported or repository-inferred association; not epidemiological proof of causation
medicinal syrups,diethylene glycol,mobility impairment,repository-inferred from separate sources,1,1,0,0,0,0,0,0.85,0.75,0.75,0.824,,,,,reported or repository-inferred association; not epidemiological proof of causation
wheat flour,pesticide residue,cell damage,repository-inferred from separate sources,1,1,0,0,0,0,0,0.9,0.75,0.75,0.824,,,,,reported or repository-inferred association; not epidemiological proof of causation
wheat flour,pesticide residue,disorders in the biological regulatory systems,repository-inferred from separate sources,1,1,0,0,0,0,0,0.9,0.75,0.75,0.824,,,,,reported or repository-inferred association; not epidemiological proof of causation
wheat flour,pesticide residue,health consequences,repository-inferred from separate sources,1,1,0,0,0,0,0,0.9,0.75,0.75,0.824,,,,,reported or repository-inferred association; not epidemiological proof of causation
wheat flour,pesticide residue,weakening immune system,repository-inferred from separate sources,1,1,0,0,0,0,0,0.9,0.75,0.75,0.824,,,,,reported or repository-inferred association; not epidemiological proof of causation
rice,pesticide residue,cell damage,repository-inferred from separate sources,1,1,0,0,0,0,0,0.9,0.75,0.75,0.824,,,,,reported or repository-inferred association; not epidemiological proof of causation
rice,pesticide residue,disorders in the biological regulatory systems,repository-inferred from separate sources,1,1,0,0,0,0,0,0.9,0.75,0.75,0.824,,,,,reported or repository-inferred association; not epidemiological proof of causation
rice,pesticide residue,health consequences,repository-inferred from separate sources,1,1,0,0,0,0,0,0.9,0.75,0.75,0.824,,,,,reported or repository-inferred association; not epidemiological proof of causation
rice,pesticide residue,weakening immune system,repository-inferred from separate sources,1,1,0,0,0,0,0,0.9,0.75,0.75,0.824,,,,,reported or repository-inferred association; not epidemiological proof of causation
fermented foods,toxins,impacts on animal health,repository-inferred from separate sources,1,1,0,0,0,0,0,0.85,0.75,0.75,0.824,,,,,reported or repository-inferred association; not epidemiological proof of causation
groundnut,contaminant,death,repository-inferred from separate sources,1,1,0,0,0,0,0,0.75,0.9,0.75,0.824,,,,,reported or repository-inferred association; not epidemiological proof of causation
protein powder,mercury,neurological damage,repository-inferred from separate sources,1,1,0,0,0,0,0,0.9,0.75,0.75,0.824,,,,,reported or repository-inferred association; not epidemiological proof of causation
Palm oil,palm oil family,harmful for health,repository-inferred from separate sources,1,1,0,0,0,0,0,0.75,0.8,0.75,0.824,,,,,reported or repository-inferred association; not epidemiological proof of causation
Palm oil,palm oil family,cardiovascular disease,repository-inferred from separate sources,1,1,0,0,0,0,0,0.75,0.9,0.75,0.824,,,,,reported or repository-inferred association; not epidemiological proof of causation
Palm oil,palm oil family,cancer/carcinogenicity,repository-inferred from separate sources,1,1,0,0,0,0,0,0.75,0.85,0.75,0.824,,,,,reported or repository-inferred association; not epidemiological proof of causation
Palm oil,palm oil family,health harm,repository-inferred from separate sources,1,1,0,0,0,0,0,0.75,0.75,0.75,0.824,,,,,reported or repository-inferred association; not epidemiological proof of causation
Palm oil,palm oil family,increased cholesterol level,repository-inferred from separate sources,1,1,0,0,0,0,0,0.75,0.9,0.75,0.824,,,,,reported or repository-inferred association; not epidemiological proof of causation
Paneer,listeria,foodborne illness,repository-inferred from separate sources,1,1,0,0,0,0,0,0.75,0.85,0.75,0.824,,,,,reported or repository-inferred association; not epidemiological proof of causation
Paneer,listeria,listeriosis,repository-inferred from separate sources,1,1,0,0,0,0,0,0.75,0.9,0.75,0.824,,,,,reported or repository-inferred association; not epidemiological proof of causation
Cheese,listeria,foodborne illness,repository-inferred from separate sources,1,1,0,0,0,0,0,0.75,0.85,0.75,0.824,,,,,reported or repository-inferred association; not epidemiological proof of causation
Cheese,listeria,listeriosis,repository-inferred from separate sources,1,1,0,0,0,0,0,0.75,0.9,0.75,0.824,,,,,reported or repository-inferred association; not epidemiological proof of causation
rice,plastic,various ailments,repository-inferred from separate sources,1,1,0,0,0,0,0,0.95,0.75,0.75,0.824,,,,,reported or repository-inferred association; not epidemiological proof of causation
refined oil,unknown adulterant,acute renal dysfunction,repository-inferred from separate sources,1,1,0,0,0,0,0,0.75,0.8,0.75,0.824,,,,,reported or repository-inferred association; not epidemiological proof of causation
refined oil,unknown adulterant,death,repository-inferred from separate sources,1,1,0,0,0,0,0,0.75,0.9,0.75,0.824,,,,,reported or repository-inferred association; not epidemiological proof of causation
refined oil,unknown adulterant,vomiting,repository-inferred from separate sources,1,1,0,0,0,0,0,0.75,0.9,0.75,0.824,,,,,reported or repository-inferred association; not epidemiological proof of causation
refined oil,unknown adulterant,urination problems,repository-inferred from separate sources,1,1,0,0,0,0,0,0.75,0.9,0.75,0.824,,,,,reported or repository-inferred association; not epidemiological proof of causation
channa bhujia,palm oil family,health harm,repository-inferred from separate sources,1,1,0,0,0,0,0,0.9,0.75,0.75,0.824,,,,,reported or repository-inferred association; not epidemiological proof of causation
sun flower oil,palm oil family,health harm,repository-inferred from separate sources,1,1,0,0,0,0,0,0.9,0.75,0.75,0.824,,,,,reported or repository-inferred association; not epidemiological proof of causation
soyoil,palm oil family,harmful for health,repository-inferred from separate sources,1,1,0,0,0,0,0,0.75,0.8,0.75,0.824,,,,,reported or repository-inferred association; not epidemiological proof of causation
soyoil,palm oil family,cardiovascular disease,repository-inferred from separate sources,1,1,0,0,0,0,0,0.75,0.9,0.75,0.824,,,,,reported or repository-inferred association; not epidemiological proof of causation
soyoil,palm oil family,cancer/carcinogenicity,repository-inferred from separate sources,1,1,0,0,0,0,0,0.75,0.85,0.75,0.824,,,,,reported or repository-inferred association; not epidemiological proof of causation
soyoil,palm oil family,health harm,repository-inferred from separate sources,1,1,0,0,0,0,0,0.75,0.75,0.75,0.824,,,,,reported or repository-inferred association; not epidemiological proof of causation
soyoil,palm oil family,increased cholesterol level,repository-inferred from separate sources,1,1,0,0,0,0,0,0.75,0.9,0.75,0.824,,,,,reported or repository-inferred association; not epidemiological proof of causation
Coconut oil,chemicals,serious health risks,repository-inferred from separate sources,1,1,0,0,0,0,0,0.75,0.85,0.75,0.824,,,,,reported or repository-inferred association; not epidemiological proof of causation
Coconut oil,chemicals,public health risks,repository-inferred from separate sources,1,1,0,0,0,0,0,0.75,0.8,0.75,0.824,,,,,reported or repository-inferred association; not epidemiological proof of causation
Coconut oil,chemicals,death,repository-inferred from separate sources,1,1,0,0,0,0,0,0.75,0.85,0.75,0.824,,,,,reported or repository-inferred association; not epidemiological proof of causation
ethanol,methanol,food poisoning,repository-inferred from separate sources,1,1,0,0,0,0,0,0.75,0.95,0.75,0.824,,,,,reported or repository-inferred association; not epidemiological proof of causation
Edible/cooking oil,pesticide residue,cell damage,repository-inferred from separate sources,1,1,0,0,0,0,0,0.9,0.75,0.75,0.824,,,,,reported or repository-inferred association; not epidemiological proof of causation
Edible/cooking oil,pesticide residue,disorders in the biological regulatory systems,repository-inferred from separate sources,1,1,0,0,0,0,0,0.9,0.75,0.75,0.824,,,,,reported or repository-inferred association; not epidemiological proof of causation
Edible/cooking oil,pesticide residue,health consequences,repository-inferred from separate sources,1,1,0,0,0,0,0,0.9,0.75,0.75,0.824,,,,,reported or repository-inferred association; not epidemiological proof of causation
Edible/cooking oil,pesticide residue,weakening immune system,repository-inferred from separate sources,1,1,0,0,0,0,0,0.9,0.75,0.75,0.824,,,,,reported or repository-inferred association; not epidemiological proof of causation
Soybean oil,argemone oil,glaucoma,repository-inferred from separate sources,1,1,0,0,0,0,0,0.75,0.95,0.75,0.824,,,,,reported or repository-inferred association; not epidemiological proof of causation
Soybean oil,argemone oil,heart failure,repository-inferred from separate sources,1,1,0,0,0,0,0,0.75,0.95,0.75,0.824,,,,,reported or repository-inferred association; not epidemiological proof of causation
Soybean oil,argemone oil,dropsy,repository-inferred from separate sources,1,1,0,0,0,0,0,0.75,0.95,0.75,0.824,,,,,reported or repository-inferred association; not epidemiological proof of causation
Cheese,palm oil family,health harm,repository-inferred from separate sources,1,1,0,0,0,0,0,0.85,0.75,0.75,0.824,,,,,reported or repository-inferred association; not epidemiological proof of causation
ginger and garlic paste,sodium benzoate,cancer/carcinogenicity,repository-inferred from separate sources,1,1,0,0,0,0,0,0.9,0.75,0.75,0.824,,,,,reported or repository-inferred association; not epidemiological proof of causation
dok 1 max syrup,ethylene glycol,mobility impairment,repository-inferred from separate sources,1,1,0,0,0,0,0,0.95,0.75,0.75,0.824,,,,,reported or repository-inferred association; not epidemiological proof of causation
Coconut oil,adulterated coconut oil,health risk,repository-inferred from separate sources,1,1,0,0,0,0,0,0.85,0.75,0.75,0.824,,,,,reported or repository-inferred association; not epidemiological proof of causation
Edible/cooking oil,reused cooking oil,high blood pressure,repository-inferred from separate sources,1,1,0,0,0,0,0,0.75,0.9,0.75,0.824,,,,,reported or repository-inferred association; not epidemiological proof of causation
Edible/cooking oil,reused cooking oil,diabetes,repository-inferred from separate sources,1,1,0,0,0,0,0,0.75,0.9,0.75,0.824,,,,,reported or repository-inferred association; not epidemiological proof of causation
Edible/cooking oil,reused cooking oil,liver damage,repository-inferred from separate sources,1,1,0,0,0,0,0,0.75,0.9,0.75,0.824,,,,,reported or repository-inferred association; not epidemiological proof of causation
Edible/cooking oil,reused cooking oil,hazardous for health,repository-inferred from separate sources,1,1,0,0,0,0,0,0.75,0.8,0.75,0.824,,,,,reported or repository-inferred association; not epidemiological proof of causation
Edible/cooking oil,reused cooking oil,cancer/carcinogenicity,repository-inferred from separate sources,1,1,0,0,0,0,0,0.75,0.85,0.75,0.824,,,,,reported or repository-inferred association; not epidemiological proof of causation
Edible/cooking oil,reused cooking oil,heart diseases,repository-inferred from separate sources,1,1,0,0,0,0,0,0.75,0.85,0.75,0.824,,,,,reported or repository-inferred association; not epidemiological proof of causation
Edible/cooking oil,reused cooking oil,liver disorders,repository-inferred from separate sources,1,1,0,0,0,0,0,0.75,0.9,0.75,0.824,,,,,reported or repository-inferred association; not epidemiological proof of causation
rasgullas,contaminant,death,repository-inferred from separate sources,1,1,0,0,0,0,0,0.75,0.9,0.75,0.824,,,,,reported or repository-inferred association; not epidemiological proof of causation
Edible/cooking oil,contaminants,allergic reaction,repository-inferred from separate sources,1,1,0,0,0,0,0,0.75,0.9,0.75,0.824,,,,,reported or repository-inferred association; not epidemiological proof of causation
Edible/cooking oil,contaminants,impaired physical growth,repository-inferred from separate sources,1,1,0,0,0,0,0,0.75,0.8,0.75,0.824,,,,,reported or repository-inferred association; not epidemiological proof of causation
Mustard oil,adulterant,mucus formation,repository-inferred from separate sources,1,1,0,0,0,0,0,0.75,0.85,0.75,0.824,,,,,reported or repository-inferred association; not epidemiological proof of causation
Mustard oil,adulterant,kidney harm,repository-inferred from separate sources,1,1,0,0,0,0,0,0.75,0.85,0.75,0.824,,,,,reported or repository-inferred association; not epidemiological proof of causation
Edible/cooking oil,palm oil family,health harm,repository-inferred from separate sources,1,1,0,0,0,0,0,0.8,0.75,0.75,0.824,,,,,reported or repository-inferred association; not epidemiological proof of causation
citrus fruits,pesticide residue,cell damage,repository-inferred from separate sources,1,1,0,0,0,0,0,0.85,0.75,0.75,0.824,,,,,reported or repository-inferred association; not epidemiological proof of causation
citrus fruits,pesticide residue,disorders in the biological regulatory systems,repository-inferred from separate sources,1,1,0,0,0,0,0,0.85,0.75,0.75,0.824,,,,,reported or repository-inferred association; not epidemiological proof of causation
citrus fruits,pesticide residue,health consequences,repository-inferred from separate sources,1,1,0,0,0,0,0,0.85,0.75,0.75,0.824,,,,,reported or repository-inferred association; not epidemiological proof of causation
citrus fruits,pesticide residue,weakening immune system,repository-inferred from separate sources,1,1,0,0,0,0,0,0.85,0.75,0.75,0.824,,,,,reported or repository-inferred association; not epidemiological proof of causation
Ghee,harmful substances,chronic disease,repository-inferred from separate sources,1,1,0,0,0,0,0,0.7,0.8,0.7,0.769,,,,,reported or repository-inferred association; not epidemiological proof of causation
Butter,unknown adulterant,acute renal dysfunction,repository-inferred from separate sources,1,1,0,0,0,0,0,0.7,0.8,0.7,0.769,,,,,reported or repository-inferred association; not epidemiological proof of causation
Butter,unknown adulterant,death,repository-inferred from separate sources,1,1,0,0,0,0,0,0.7,0.9,0.7,0.769,,,,,reported or repository-inferred association; not epidemiological proof of causation
Butter,unknown adulterant,vomiting,repository-inferred from separate sources,1,1,0,0,0,0,0,0.7,0.9,0.7,0.769,,,,,reported or repository-inferred association; not epidemiological proof of causation
Butter,unknown adulterant,urination problems,repository-inferred from separate sources,1,1,0,0,0,0,0,0.7,0.9,0.7,0.769,,,,,reported or repository-inferred association; not epidemiological proof of causation
Milk,sucrose,addiction,repository-inferred from separate sources,1,1,0,0,0,0,0,0.9,0.7,0.7,0.769,,,,,reported or repository-inferred association; not epidemiological proof of causation
Paneer,sucrose,addiction,repository-inferred from separate sources,1,1,0,0,0,0,0,0.95,0.7,0.7,0.769,,,,,reported or repository-inferred association; not epidemiological proof of causation
sweets,adulterated sweets,gastrointestinal illness,repository-inferred from separate sources,1,1,0,0,0,0,0,0.65,0.9,0.65,0.7141,,,,,reported or repository-inferred association; not epidemiological proof of causation
sweets,adulterated sweets,food poisoning,repository-inferred from separate sources,1,1,0,0,0,0,0,0.65,0.9,0.65,0.7141,,,,,reported or repository-inferred association; not epidemiological proof of causation
lard,carrot extract,masking adulteration,repository-inferred from separate sources,1,1,0,0,0,0,0,0.9,0.6,0.6,0.6592,,,,,reported or repository-inferred association; not epidemiological proof of causation
Palm oil,carrot extract,masking adulteration,repository-inferred from separate sources,1,1,0,0,0,0,0,0.9,0.6,0.6,0.6592,,,,,reported or repository-inferred association; not epidemiological proof of causation
Khoya/mawa,adulterant,mucus formation,repository-inferred from separate sources,1,1,0,0,0,0,0,0.6,0.85,0.6,0.6592,,,,,reported or repository-inferred association; not epidemiological proof of causation
Khoya/mawa,adulterant,kidney harm,repository-inferred from separate sources,1,1,0,0,0,0,0,0.6,0.85,0.6,0.6592,,,,,reported or repository-inferred association; not epidemiological proof of causation
almond oil,argemone oil,glaucoma,repository-inferred from separate sources,0,1,0,0,0,1,0,0.95,0.95,0.95,0.6585,,,,,reported or repository-inferred association; not epidemiological proof of causation
almond oil,argemone oil,heart failure,repository-inferred from separate sources,0,1,0,0,0,1,0,0.95,0.95,0.95,0.6585,,,,,reported or repository-inferred association; not epidemiological proof of causation
almond oil,argemone oil,dropsy,repository-inferred from separate sources,0,1,0,0,0,1,0,0.95,0.95,0.95,0.6585,,,,,reported or repository-inferred association; not epidemiological proof of causation
Coconut oil,argemone oil,glaucoma,repository-inferred from separate sources,0,1,0,0,0,1,0,0.95,0.95,0.95,0.6585,,,,,reported or repository-inferred association; not epidemiological proof of causation
Coconut oil,argemone oil,heart failure,repository-inferred from separate sources,0,1,0,0,0,1,0,0.95,0.95,0.95,0.6585,,,,,reported or repository-inferred association; not epidemiological proof of causation
Coconut oil,argemone oil,dropsy,repository-inferred from separate sources,0,1,0,0,0,1,0,0.95,0.95,0.95,0.6585,,,,,reported or repository-inferred association; not epidemiological proof of causation
rapeseed oil,argemone oil,glaucoma,repository-inferred from separate sources,0,1,0,0,0,1,0,0.95,0.95,0.95,0.6585,,,,,reported or repository-inferred association; not epidemiological proof of causation
rapeseed oil,argemone oil,heart failure,repository-inferred from separate sources,0,1,0,0,0,1,0,0.95,0.95,0.95,0.6585,,,,,reported or repository-inferred association; not epidemiological proof of causation
rapeseed oil,argemone oil,dropsy,repository-inferred from separate sources,0,1,0,0,0,1,0,0.95,0.95,0.95,0.6585,,,,,reported or repository-inferred association; not epidemiological proof of causation
flaxseed oil,argemone oil,glaucoma,repository-inferred from separate sources,0,1,0,0,0,1,0,0.95,0.95,0.95,0.6585,,,,,reported or repository-inferred association; not epidemiological proof of causation
flaxseed oil,argemone oil,heart failure,repository-inferred from separate sources,0,1,0,0,0,1,0,0.95,0.95,0.95,0.6585,,,,,reported or repository-inferred association; not epidemiological proof of causation
flaxseed oil,argemone oil,dropsy,repository-inferred from separate sources,0,1,0,0,0,1,0,0.95,0.95,0.95,0.6585,,,,,reported or repository-inferred association; not epidemiological proof of causation
safflower seed oil,argemone oil,glaucoma,repository-inferred from separate sources,0,1,0,0,0,1,0,0.95,0.95,0.95,0.6585,,,,,reported or repository-inferred association; not epidemiological proof of causation
safflower seed oil,argemone oil,heart failure,repository-inferred from separate sources,0,1,0,0,0,1,0,0.95,0.95,0.95,0.6585,,,,,reported or repository-inferred association; not epidemiological proof of causation
safflower seed oil,argemone oil,dropsy,repository-inferred from separate sources,0,1,0,0,0,1,0,0.95,0.95,0.95,0.6585,,,,,reported or repository-inferred association; not epidemiological proof of causation
Sesame oil,argemone oil,glaucoma,repository-inferred from separate sources,0,1,0,0,0,1,0,0.95,0.95,0.95,0.6585,,,,,reported or repository-inferred association; not epidemiological proof of causation
Sesame oil,argemone oil,heart failure,repository-inferred from separate sources,0,1,0,0,0,1,0,0.95,0.95,0.95,0.6585,,,,,reported or repository-inferred association; not epidemiological proof of causation
Sesame oil,argemone oil,dropsy,repository-inferred from separate sources,0,1,0,0,0,1,0,0.95,0.95,0.95,0.6585,,,,,reported or repository-inferred association; not epidemiological proof of causation
niger seed oil,argemone oil,glaucoma,repository-inferred from separate sources,0,1,0,0,0,1,0,0.95,0.95,0.95,0.6585,,,,,reported or repository-inferred association; not epidemiological proof of causation
niger seed oil,argemone oil,heart failure,repository-inferred from separate sources,0,1,0,0,0,1,0,0.95,0.95,0.95,0.6585,,,,,reported or repository-inferred association; not epidemiological proof of causation
niger seed oil,argemone oil,dropsy,repository-inferred from separate sources,0,1,0,0,0,1,0,0.95,0.95,0.95,0.6585,,,,,reported or repository-inferred association; not epidemiological proof of causation
maize corn oil,argemone oil,glaucoma,repository-inferred from separate sources,0,1,0,0,0,1,0,0.95,0.95,0.95,0.6585,,,,,reported or repository-inferred association; not epidemiological proof of causation
maize corn oil,argemone oil,heart failure,repository-inferred from separate sources,0,1,0,0,0,1,0,0.95,0.95,0.95,0.6585,,,,,reported or repository-inferred association; not epidemiological proof of causation
maize corn oil,argemone oil,dropsy,repository-inferred from separate sources,0,1,0,0,0,1,0,0.95,0.95,0.95,0.6585,,,,,reported or repository-inferred association; not epidemiological proof of causation
food articles,mineral oil,gastrointestinal problems,repository-inferred from separate sources,0,1,0,0,0,1,0,0.95,0.9,0.9,0.6238,,,,,reported or repository-inferred association; not epidemiological proof of causation
food articles,mineral oil,liver damage,repository-inferred from separate sources,0,1,0,0,0,1,0,0.95,0.9,0.9,0.6238,,,,,reported or repository-inferred association; not epidemiological proof of causation
fruits,acetylene gas,gastrointestinal diseases,repository-inferred from separate sources,0,1,0,0,0,1,0,0.95,0.9,0.9,0.6238,,,,,reported or repository-inferred association; not epidemiological proof of causation
article of food,contaminant,death,repository-inferred from separate sources,0,1,0,0,0,1,0,0.9,0.9,0.9,0.6238,,,,,reported or repository-inferred association; not epidemiological proof of causation
almond oil,mineral oil,gastrointestinal problems,repository-inferred from separate sources,0,1,0,0,0,1,0,0.95,0.9,0.9,0.6238,,,,,reported or repository-inferred association; not epidemiological proof of causation
almond oil,mineral oil,liver damage,repository-inferred from separate sources,0,1,0,0,0,1,0,0.95,0.9,0.9,0.6238,,,,,reported or repository-inferred association; not epidemiological proof of causation
chicory,artificial colouring,allergic reaction,repository-inferred from separate sources,0,1,0,0,0,1,0,0.95,0.9,0.9,0.6238,,,,,reported or repository-inferred association; not epidemiological proof of causation
Coconut oil,mineral oil,gastrointestinal problems,repository-inferred from separate sources,0,1,0,0,0,1,0,0.95,0.9,0.9,0.6238,,,,,reported or repository-inferred association; not epidemiological proof of causation
Coconut oil,mineral oil,liver damage,repository-inferred from separate sources,0,1,0,0,0,1,0,0.95,0.9,0.9,0.6238,,,,,reported or repository-inferred association; not epidemiological proof of causation
olive oil,mineral oil,gastrointestinal problems,repository-inferred from separate sources,0,1,0,0,0,1,0,0.95,0.9,0.9,0.6238,,,,,reported or repository-inferred association; not epidemiological proof of causation
olive oil,mineral oil,liver damage,repository-inferred from separate sources,0,1,0,0,0,1,0,0.95,0.9,0.9,0.6238,,,,,reported or repository-inferred association; not epidemiological proof of causation
food articles,mineral oil,cancer/carcinogenicity,repository-inferred from separate sources,0,1,0,0,0,1,0,0.95,0.85,0.85,0.5892,,,,,reported or repository-inferred association; not epidemiological proof of causation
article of food,adulterant,mucus formation,repository-inferred from separate sources,0,1,0,0,0,1,0,0.9,0.85,0.85,0.5892,,,,,reported or repository-inferred association; not epidemiological proof of causation
article of food,adulterant,kidney harm,repository-inferred from separate sources,0,1,0,0,0,1,0,0.9,0.85,0.85,0.5892,,,,,reported or repository-inferred association; not epidemiological proof of causation
almond oil,mineral oil,cancer/carcinogenicity,repository-inferred from separate sources,0,1,0,0,0,1,0,0.95,0.85,0.85,0.5892,,,,,reported or repository-inferred association; not epidemiological proof of causation
chicory,artificial colouring,neurological effects,repository-inferred from separate sources,0,1,0,0,0,1,0,0.95,0.85,0.85,0.5892,,,,,reported or repository-inferred association; not epidemiological proof of causation
Coconut oil,mineral oil,cancer/carcinogenicity,repository-inferred from separate sources,0,1,0,0,0,1,0,0.95,0.85,0.85,0.5892,,,,,reported or repository-inferred association; not epidemiological proof of causation
olive oil,mineral oil,cancer/carcinogenicity,repository-inferred from separate sources,0,1,0,0,0,1,0,0.95,0.85,0.85,0.5892,,,,,reported or repository-inferred association; not epidemiological proof of causation
fruits,acetylene gas,gastro intestinal diseases,repository-inferred from separate sources,0,1,0,0,0,1,0,0.95,0.8,0.8,0.5545,,,,,reported or repository-inferred association; not epidemiological proof of causation
chicory,artificial colouring,cancer/carcinogenicity,repository-inferred from separate sources,0,1,0,0,0,1,0,0.95,0.8,0.8,0.5545,,,,,reported or repository-inferred association; not epidemiological proof of causation
