corpus,food,adulterant_or_substitute,specific_candidate,triplet_rows,distinct_sources,mean_confidence,median_confidence,minimum_confidence,maximum_confidence,confidence_weighted_source_support,rows_confidence_ge_0_80,rows_confidence_ge_0_90,surface_forms,example_source_id,example_url,example_evidence
FSSAI baseline,Butter,vegetable oil/fat,True,1,1,0.95,0.95,0.95,0.95,0.95,1,1,vegetable fat (1),src_pdf_015,markdown/chapter_2_7_sweets_and_confectionary.md,vegetable fat... may be used... as cocoa butter equivalent
FSSAI baseline,Coconut oil,argemone oil,True,1,1,0.95,0.95,0.95,0.95,0.95,1,1,argemone oil (1),src_pdf_010,markdown/chapter_2_2_fats_oils_and_fat_emulsions.md,Test for argemone oil shall be negative
FSSAI baseline,Coconut oil,flavouring substances,True,1,1,0.95,0.95,0.95,0.95,0.95,1,1,flavouring substances (1),src_pdf_010,markdown/chapter_2_2_fats_oils_and_fat_emulsions.md,free from ... flavouring substances
FSSAI baseline,Coconut oil,mineral oil,True,1,1,0.95,0.95,0.95,0.95,0.95,1,1,mineral oil (1),src_pdf_010,markdown/chapter_2_2_fats_oils_and_fat_emulsions.md,free from ... mineral oil
FSSAI baseline,Edible/cooking oil,chemical agent,True,1,1,0.95,0.95,0.95,0.95,0.95,1,1,chemical agent (1),src_pdf_010,markdown/chapter_2_2_fats_oils_and_fat_emulsions.md,No other chemical agent shall be used
FSSAI baseline,Edible/cooking oil,harmful colouring,True,1,1,0.95,0.95,0.95,0.95,0.95,1,1,harmful colouring (1),src_pdf_019,markdown/comp_prohibition_and_restrcition_of_sales_xi_01042025.md,No vegetable oil shall contain any harmful colouring
FSSAI baseline,Edible/cooking oil,matter deleterious to health,True,1,1,0.95,0.95,0.95,0.95,0.95,1,1,matter deleterious to health (1),src_pdf_019,markdown/comp_prohibition_and_restrcition_of_sales_xi_01042025.md,No vegetable oil shall contain any... matter deleterious to health
FSSAI baseline,Edible/cooking oil,rancidity,True,1,1,0.95,0.95,0.95,0.95,0.95,1,1,rancidity (1),src_pdf_010,markdown/chapter_2_2_fats_oils_and_fat_emulsions.md,free from rancidity
FSSAI baseline,Milk,constituent not derived from milk,True,2,1,0.95,0.95,0.95,0.95,0.95,2,2,constituent not derived from milk (2),src_pdf_009,markdown/chapter_2_1_dairy_products_and_analogues.md,takes place of a milk constituent
FSSAI baseline,Milk,curd,True,1,1,0.95,0.95,0.95,0.95,0.95,1,1,Curd (1),src_pdf_009,markdown/chapter_2_1_dairy_products_and_analogues.md,name 'Fermented Milk' may be replaced with designations ... Curd
FSSAI baseline,Milk,dahi,True,1,1,0.95,0.95,0.95,0.95,0.95,1,1,Dahi (1),src_pdf_009,markdown/chapter_2_1_dairy_products_and_analogues.md,name 'Fermented Milk' may be replaced with designations Dahi
FSSAI baseline,Milk,non dairy based beverage whitener,True,1,1,0.95,0.95,0.95,0.95,0.95,1,1,Non-Dairy based beverage whitener (1),src_pdf_005,markdown/appendix_a_4.md,Milk or cream substitute
FSSAI baseline,Milk,yoghurt,True,1,1,0.95,0.95,0.95,0.95,0.95,1,1,Yoghurt (1),src_pdf_009,markdown/chapter_2_1_dairy_products_and_analogues.md,name 'Fermented Milk' may be replaced with designations ... Yoghurt
FSSAI baseline,Sesame oil,argemone oil,True,1,1,0.95,0.95,0.95,0.95,0.95,1,1,Argemone oil (1),src_pdf_010,markdown/chapter_2_2_fats_oils_and_fat_emulsions.md,Test for argemone oil shall be negative
FSSAI baseline,Sesame oil,hexane,True,1,1,0.95,0.95,0.95,0.95,0.95,1,1,Hexane (1),src_pdf_010,markdown/chapter_2_2_fats_oils_and_fat_emulsions.md,oil obtained by expelled pressed method shall be free from hexane residues
FSSAI baseline,almond oil,argemone oil,True,1,1,0.95,0.95,0.95,0.95,0.95,1,1,argemone oil (1),src_pdf_010,markdown/chapter_2_2_fats_oils_and_fat_emulsions.md,Test for argemone oil shall be negative
FSSAI baseline,almond oil,mineral oil,True,1,1,0.95,0.95,0.95,0.95,0.95,1,1,mineral oil (1),src_pdf_010,markdown/chapter_2_2_fats_oils_and_fat_emulsions.md,or mineral oil
FSSAI baseline,aniseed saunf whole,living and dead insects,True,1,1,0.95,0.95,0.95,0.95,0.95,1,1,living and dead insects (1),src_pdf_017,markdown/chapter_2_9_salt_spices_condiments_and_related_products.md,free from ... living and dead insects
FSSAI baseline,aniseed saunf whole,mould,True,1,1,0.95,0.95,0.95,0.95,0.95,1,1,mould (1),src_pdf_017,markdown/chapter_2_9_salt_spices_condiments_and_related_products.md,free from mould
FSSAI baseline,arecanuts,insect infestation,True,1,1,0.95,0.95,0.95,0.95,0.95,1,1,insect infestation (1),src_pdf_011,markdown/chapter_2_3_fruit_vegetable_products.md,free from insect infestation
FSSAI baseline,arecanuts,off flavour,True,1,1,0.95,0.95,0.95,0.95,0.95,1,1,off flavour (1),src_pdf_011,markdown/chapter_2_3_fruit_vegetable_products.md,shall not have any off flavour
FSSAI baseline,beer,coliforms,True,1,1,0.95,0.95,0.95,0.95,0.95,1,1,coliforms (1),src_pdf_018,markdown/comp_alcoholic_beverages_iii_28_08_2023.md,free from coliforms and other pathogenic microorganisms
FSSAI baseline,beer,pathogenic microorganisms,True,1,1,0.95,0.95,0.95,0.95,0.95,1,1,pathogenic microorganisms (1),src_pdf_018,markdown/comp_alcoholic_beverages_iii_28_08_2023.md,free from coliforms and other pathogenic microorganisms
FSSAI baseline,canned tomatoes,flavouring agents,True,1,1,0.95,0.95,0.95,0.95,0.95,1,1,flavouring agents (1),src_pdf_011,markdown/chapter_2_3_fruit_vegetable_products.md,free from ... flavouring agents
FSSAI baseline,catechu edible,earth,True,1,1,0.95,0.95,0.95,0.95,0.95,1,1,earth (1),src_pdf_001,markdown/12_chapter_2_11_other_food_product_and_ingredients.md,"free from infestation, sand, earth or other dirt"
FSSAI baseline,catechu edible,sand,True,1,1,0.95,0.95,0.95,0.95,0.95,1,1,sand (1),src_pdf_001,markdown/12_chapter_2_11_other_food_product_and_ingredients.md,"free from infestation, sand, earth or other dirt"
FSSAI baseline,caviar,texturising agents,True,1,1,0.95,0.95,0.95,0.95,0.95,1,1,texturising agents (1),src_pdf_014,markdown/chapter_2_6_fish_and_fish_products.md,The use of colours and texturising agents is not allowed
FSSAI baseline,chicory,artificial colouring,True,1,1,0.95,0.95,0.95,0.95,0.95,1,1,artificial colouring (1),src_pdf_008,markdown/chapter_2_10_beverages_other_than_dairy_and_fruits_vegetables_based.md,free from... artificial colouring and flavouring agents
FSSAI baseline,chocolate,carob chips,True,1,1,0.95,0.95,0.95,0.95,0.95,1,1,carob chips (1),src_pdf_005,markdown/appendix_a_4.md,chocolate-like products ... such as carob chips
FSSAI baseline,chocolate,cocoa based products,True,1,1,0.95,0.95,0.95,0.95,0.95,1,1,cocoa-based products (1),src_pdf_005,markdown/appendix_a_4.md,cocoa-based products ... excluded from the scope of the Standard for Chocolate
FSSAI baseline,cocoa bean,any other seeds,True,1,1,0.95,0.95,0.95,0.95,0.95,1,1,any other seeds (1),src_pdf_011,markdown/chapter_2_3_fruit_vegetable_products.md,free from ... admixture of any other seeds
FSSAI baseline,cocoa bean,broken beans,True,1,1,0.95,0.95,0.95,0.95,0.95,1,1,broken beans (1),src_pdf_011,markdown/chapter_2_3_fruit_vegetable_products.md,reasonably free from broken beans
FSSAI baseline,cocoa bean,fragments,True,1,1,0.95,0.95,0.95,0.95,0.95,1,1,fragments (1),src_pdf_011,markdown/chapter_2_3_fruit_vegetable_products.md,reasonably free from ... fragments
FSSAI baseline,cocoa bean,living insects,True,1,1,0.95,0.95,0.95,0.95,0.95,1,1,living insects (1),src_pdf_011,markdown/chapter_2_3_fruit_vegetable_products.md,free from living insects
FSSAI baseline,cocoa bean,pieces of shell,True,1,1,0.95,0.95,0.95,0.95,0.95,1,1,pieces of shell (1),src_pdf_011,markdown/chapter_2_3_fruit_vegetable_products.md,reasonably free from ... pieces of shell
FSSAI baseline,coffee chicory mixture,added substance,True,1,1,0.95,0.95,0.95,0.95,0.95,1,1,added substance (1),src_pdf_008,markdown/chapter_2_10_beverages_other_than_dairy_and_fruits_vegetables_based.md,shall not contain any other added substance
FSSAI baseline,colostrum,food additives,True,1,1,0.95,0.95,0.95,0.95,0.95,1,1,food additives (1),src_pdf_009,markdown/chapter_2_1_dairy_products_and_analogues.md,Colostrum shall not contain any food additives
FSSAI baseline,cream,non dairy based beverage whitener,True,1,1,0.95,0.95,0.95,0.95,0.95,1,1,Non-Dairy based beverage whitener (1),src_pdf_005,markdown/appendix_a_4.md,Milk or cream substitute
FSSAI baseline,cupric gluconate,copper,True,1,1,0.95,0.95,0.95,0.95,0.95,1,1,Copper (1),src_pdf_021,markdown/compendium_nutra_29_09_2021.md,Chloride: — | (i): (iii) | Calcium chloride: Cupric gluconate
FSSAI baseline,decaffeinated soluble coffee powder,added substances,True,1,1,0.95,0.95,0.95,0.95,0.95,1,1,added substances (1),src_pdf_008,markdown/chapter_2_10_beverages_other_than_dairy_and_fruits_vegetables_based.md,shall not contain chicory or any other added substances
FSSAI baseline,dried sweet marjoram,added colouring matters,True,1,1,0.95,0.95,0.95,0.95,0.95,1,1,added colouring matters (1),src_pdf_017,markdown/chapter_2_9_salt_spices_condiments_and_related_products.md,free from ... added colouring matters
FSSAI baseline,dried sweet marjoram,foreign odours,True,1,1,0.95,0.95,0.95,0.95,0.95,1,1,foreign odours (1),src_pdf_017,markdown/chapter_2_9_salt_spices_condiments_and_related_products.md,free from foreign odours
FSSAI baseline,dried sweet marjoram,rodent contamination,True,1,1,0.95,0.95,0.95,0.95,0.95,1,1,rodent contamination (1),src_pdf_017,markdown/chapter_2_9_salt_spices_condiments_and_related_products.md,free from ... rodent contamination
FSSAI baseline,dried sweet marjoram,visible moulds,True,1,1,0.95,0.95,0.95,0.95,0.95,1,1,visible moulds (1),src_pdf_017,markdown/chapter_2_9_salt_spices_condiments_and_related_products.md,free from visible moulds
FSSAI baseline,flaxseed oil,argemone oil,True,1,1,0.95,0.95,0.95,0.95,0.95,1,1,Argemone oil (1),src_pdf_010,markdown/chapter_2_2_fats_oils_and_fat_emulsions.md,Test for argemone oil shall be negative
FSSAI baseline,flaxseed oil,hexane,True,1,1,0.95,0.95,0.95,0.95,0.95,1,1,Hexane (1),src_pdf_010,markdown/chapter_2_2_fats_oils_and_fat_emulsions.md,oil obtained by expelled pressed method shall be free from hexane residues
FSSAI baseline,food articles,mineral oil,True,1,1,0.95,0.95,0.95,0.95,0.95,1,1,mineral oil (1),src_pdf_019,markdown/comp_prohibition_and_restrcition_of_sales_xi_01042025.md,food articles which have been coated with mineral oil
FSSAI baseline,fresh fruits and vegetables,colours,True,1,1,0.95,0.95,0.95,0.95,0.95,1,1,colours (1),src_pdf_019,markdown/comp_prohibition_and_restrcition_of_sales_xi_01042025.md,free from coating of ... colours
FSSAI baseline,fresh fruits and vegetables,waxes,True,1,1,0.95,0.95,0.95,0.95,0.95,1,1,waxes (1),src_pdf_019,markdown/comp_prohibition_and_restrcition_of_sales_xi_01042025.md,free from coating of waxes
FSSAI baseline,frozen minced fish meat,finishing agents,True,1,1,0.95,0.95,0.95,0.95,0.95,1,1,finishing agents (1),src_pdf_014,markdown/chapter_2_6_fish_and_fish_products.md,free from foreign matter and finishing agents
FSSAI baseline,fruits,acetylene gas,True,1,1,0.95,0.95,0.95,0.95,0.95,1,1,Acetylene gas (1),src_pdf_019,markdown/comp_prohibition_and_restrcition_of_sales_xi_01042025.md,fruits which have been artificially ripened by use of acetylene gas
FSSAI baseline,green tea,extraneous matter,True,1,1,0.95,0.95,0.95,0.95,0.95,1,1,extraneous matter (1),src_pdf_008,markdown/chapter_2_10_beverages_other_than_dairy_and_fruits_vegetables_based.md,free from extraneous matter
FSSAI baseline,green tea,insect fragments,True,1,1,0.95,0.95,0.95,0.95,0.95,1,1,insect fragments (1),src_pdf_008,markdown/chapter_2_10_beverages_other_than_dairy_and_fruits_vegetables_based.md,free from... insect fragments
FSSAI baseline,green tea,moulds,True,1,1,0.95,0.95,0.95,0.95,0.95,1,1,moulds (1),src_pdf_008,markdown/chapter_2_10_beverages_other_than_dairy_and_fruits_vegetables_based.md,free from... moulds
FSSAI baseline,instant tea in solid form,added colours,True,1,1,0.95,0.95,0.95,0.95,0.95,1,1,added colours (1),src_pdf_008,markdown/chapter_2_10_beverages_other_than_dairy_and_fruits_vegetables_based.md,free from... added colours
FSSAI baseline,instant tea in solid form,non permitted flavours,True,1,1,0.95,0.95,0.95,0.95,0.95,1,1,non-permitted flavours (1),src_pdf_008,markdown/chapter_2_10_beverages_other_than_dairy_and_fruits_vegetables_based.md,free from... non-permitted flavours
FSSAI baseline,maize corn oil,argemone oil,True,1,1,0.95,0.95,0.95,0.95,0.95,1,1,Argemone oil (1),src_pdf_010,markdown/chapter_2_2_fats_oils_and_fat_emulsions.md,Test for argemone oil shall be negative
FSSAI baseline,maize corn oil,hexane,True,1,1,0.95,0.95,0.95,0.95,0.95,1,1,hexane (1),src_pdf_010,markdown/chapter_2_2_fats_oils_and_fat_emulsions.md,shall not contain hexane more than 5.0 ppm
FSSAI baseline,niger seed oil,argemone oil,True,1,1,0.95,0.95,0.95,0.95,0.95,1,1,Argemone oil (1),src_pdf_010,markdown/chapter_2_2_fats_oils_and_fat_emulsions.md,Test for argemone oil shall be negative
FSSAI baseline,niger seed oil,hexane,True,1,1,0.95,0.95,0.95,0.95,0.95,1,1,Hexane (1),src_pdf_010,markdown/chapter_2_2_fats_oils_and_fat_emulsions.md,oil obtained by expelled pressed method shall be free from hexane residues
FSSAI baseline,olive oil,mineral oil,True,1,1,0.95,0.95,0.95,0.95,0.95,1,1,mineral oil (1),src_pdf_010,markdown/chapter_2_2_fats_oils_and_fat_emulsions.md,free from... mineral oil
FSSAI baseline,olive oil,rancidity,True,1,1,0.95,0.95,0.95,0.95,0.95,1,1,rancidity (1),src_pdf_010,markdown/chapter_2_2_fats_oils_and_fat_emulsions.md,free from rancidity
FSSAI baseline,olive oil,re esterification processes,True,1,1,0.95,0.95,0.95,0.95,0.95,1,1,re-esterification processes (1),src_pdf_010,markdown/chapter_2_2_fats_oils_and_fat_emulsions.md,to the exclusion of... re-esterification processes
FSSAI baseline,olive oil,solvents,True,1,1,0.95,0.95,0.95,0.95,0.95,1,1,solvents (1),src_pdf_010,markdown/chapter_2_2_fats_oils_and_fat_emulsions.md,to the exclusion of oils obtained using solvents
FSSAI baseline,olive oil,suspended or other foreign matter,True,1,1,0.95,0.95,0.95,0.95,0.95,1,1,suspended or other foreign matter (1),src_pdf_010,markdown/chapter_2_2_fats_oils_and_fat_emulsions.md,free from... suspended or other foreign matter
FSSAI baseline,processed roots and tubers,caramel,True,1,1,0.95,0.95,0.95,0.95,0.95,1,1,Caramel (1),src_pdf_005,markdown/appendix_a_4.md,Processed roots | Caramel
FSSAI baseline,rapeseed oil,argemone oil,True,1,1,0.95,0.95,0.95,0.95,0.95,1,1,Argemone oil (1),src_pdf_010,markdown/chapter_2_2_fats_oils_and_fat_emulsions.md,Test for Argemone oil shall be negative
FSSAI baseline,raw material,added flavour,True,1,1,0.95,0.95,0.95,0.95,0.95,1,1,added flavour (1),src_pdf_009,markdown/chapter_2_1_dairy_products_and_analogues.md,free from added flavour
FSSAI baseline,rolled flaked oats,added colours,True,1,1,0.95,0.95,0.95,0.95,0.95,1,1,added colours (1),src_pdf_012,markdown/chapter_2_4_cereals_and_cereal_products.md,free from added colours
FSSAI baseline,safflower seed oil,argemone oil,True,1,1,0.95,0.95,0.95,0.95,0.95,1,1,argemone oil (1),src_pdf_010,markdown/chapter_2_2_fats_oils_and_fat_emulsions.md,Test for argemone oil shall be negative
FSSAI baseline,salt,salt substitutes,True,1,1,0.95,0.95,0.95,0.95,0.95,1,1,Salt substitutes (1),src_pdf_005,markdown/appendix_a_4.md,used on food in place of salt
FSSAI baseline,sample unit,soft and mushy texture,True,1,1,0.95,0.95,0.95,0.95,0.95,1,1,Soft and mushy texture (1),src_pdf_014,markdown/chapter_2_6_fish_and_fish_products.md,Soft and mushy texture
FSSAI baseline,tea,added colouring matter,True,1,1,0.95,0.95,0.95,0.95,0.95,1,1,added colouring matter (1),src_pdf_008,markdown/chapter_2_10_beverages_other_than_dairy_and_fruits_vegetables_based.md,added colouring matter
FSSAI baseline,tea,dead insects,True,1,1,0.95,0.95,0.95,0.95,0.95,1,1,dead insects (1),src_pdf_008,markdown/chapter_2_10_beverages_other_than_dairy_and_fruits_vegetables_based.md,dead insects
FSSAI baseline,tea,extraneous matter,True,1,1,0.95,0.95,0.95,0.95,0.95,1,1,extraneous matter (1),src_pdf_008,markdown/chapter_2_10_beverages_other_than_dairy_and_fruits_vegetables_based.md,free from extraneous matter
FSSAI baseline,tea,moulds,True,1,1,0.95,0.95,0.95,0.95,0.95,1,1,moulds (1),src_pdf_008,markdown/chapter_2_10_beverages_other_than_dairy_and_fruits_vegetables_based.md,"free from living insects, moulds"
FSSAI baseline,water melon seed oil,added colouring,True,1,1,0.95,0.95,0.95,0.95,0.95,1,1,added colouring (1),src_pdf_010,markdown/chapter_2_2_fats_oils_and_fat_emulsions.md,added colouring and flavouring substances
FSSAI baseline,wine,coliforms,True,1,1,0.95,0.95,0.95,0.95,0.95,1,1,coliforms (1),src_pdf_018,markdown/comp_alcoholic_beverages_iii_28_08_2023.md,shall be free from coliforms
FSSAI baseline,Milk,constituents not derived from milk,True,1,1,0.9,0.9,0.9,0.9,0.9,1,1,constituents not derived from milk (1),src_pdf_009,markdown/chapter_2_1_dairy_products_and_analogues.md,constituents not derived from milk are not intended to take the place
FSSAI baseline,Milk,edible lactose,True,1,1,0.9,0.9,0.9,0.9,0.9,1,1,Edible Lactose (1),src_pdf_009,markdown/chapter_2_1_dairy_products_and_analogues.md,disaccharide sugar found in milk
FSSAI baseline,Milk,final product,True,3,1,0.9,0.9,0.9,0.9,0.9,3,3,final product (3),src_pdf_009,markdown/chapter_2_1_dairy_products_and_analogues.md,if the final product is intended to substitute milk
FSSAI baseline,article of food,adulterant,False,1,1,0.9,0.9,0.9,0.9,0.9,1,1,Adulterant (1),src_pdf_024,markdown/fss_rules_2011.md,finding of the report is to the effect that the article of food is adulterated
FSSAI baseline,article of food,contaminant,True,1,1,0.9,0.9,0.9,0.9,0.9,1,1,Contaminant (1),src_pdf_024,markdown/fss_rules_2011.md,finding of the report is to the effect that the article of food is ... contaminated
FSSAI baseline,caviar substitutes,lumpfish caviar,True,1,1,0.9,0.9,0.9,0.9,0.9,1,1,lumpfish caviar (1),src_pdf_005,markdown/appendix_a_4.md,"cod roe, salted cod roe and lumpfish caviar"
FSSAI baseline,articles of food,adulteratedfood,True,1,1,0.85,0.85,0.85,0.85,0.85,1,0,AdulteratedFood (1),src_pdf_023,markdown/fss_gazete_rules_2011.md,articles of food….intended for sale which is in your possession appears to me to be adulterated
FSSAI baseline,probiotics,starter cultures of lactic acid producing bacteria,True,1,1,0.75,0.75,0.75,0.75,0.75,0,0,starter cultures of lactic acid producing bacteria (1),src_pdf_021,markdown/compendium_nutra_29_09_2021.md,shall not be considered as probiotics
FSSAI baseline,butylated hydroxytoluene,butylated hydroxyanisole,True,1,1,0.7,0.7,0.7,0.7,0.7,0,0,butylated hydroxyanisole (1),src_pdf_005,markdown/appendix_a_4.md,Any combination of butylated hydroxyanisole... and propyl gallate
FSSAI baseline,cocoa bean,food additives,True,1,1,0.7,0.7,0.7,0.7,0.7,0,0,Food Additives (1),src_pdf_011,markdown/chapter_2_3_fruit_vegetable_products.md,The product may contain Food Additives permitted in Appendix A
FSSAI baseline,the product,food additives,True,1,1,0.7,0.7,0.7,0.7,0.7,0,0,food additives (1),src_pdf_011,markdown/chapter_2_3_fruit_vegetable_products.md,The product may contain food additives
News,Ghee,animal fat,True,139,102,0.8824,0.9,0.7,0.95,90.75,132,75,animal fat (108); animal fats (29); Animal fat (1); rendered animal fats (1),0109eea0-3adc-4177-a6f7-e3bc31bf237d,https://indianexpress.com/article/lifestyle/health/adulterated-ghee-ginger-garlic-paste-hyderabad-consume-10107480/,"ghee, she noted it is frequently adulterated with vanaspati, animal fat"
News,Ghee,palm oil family,True,184,100,0.9117,0.9,0.75,0.95,91.7,183,156,palm oil (132); palm kernel oil (19); palmolein oil (10); palmolein (6); palm stearin (6); chemically processed palmolein oil (2); Palm oil (2); refined palm oil (2),030df41e-ccfc-4023-a026-89cc92bf3253,https://www.thehindubusinessline.com/news/tirupati-laddu-ghee-case-cbi-sit-names-36-accused-including-ttd-officials/article70548628.ece,not at all ghee but chemically processed palmolein oil
News,Ghee,vegetable oil/fat,True,124,73,0.9042,0.9,0.75,0.95,67.1,120,97,vegetable oils (42); vegetable oil (26); vegetable fat (24); vegetable fats (13); hydrogenated vegetable oil (8); refined vegetable oil (3); edible vegetable oil (2); vegetable oil/fat (2),0a113e2a-26d3-45e4-9064-7cfa2f39230b,https://www.thehindu.com/sci-tech/health/tirupati-laddu-row-on-the-economics-of-and-adulterants-in-ghee-explained/article68705077.ece,Common adulterants include edible vegetable oil
News,Milk,urea,True,49,42,0.9286,0.95,0.75,0.95,39.1,48,46,urea (47); urea fertiliser (2),1248419c-d314-4ded-858b-f8920ae5a2f6,https://www.thehindu.com/news/cities/kozhikode/food-safety-dept-in-kozhikode-to-begin-drive-to-check-adulteration-ahead-of-onam/article68572481.ece,seized litres of urea-mixed milk
News,Milk,detergent,True,39,35,0.9231,0.95,0.75,0.95,32.55,38,35,detergent (21); detergents (15); detergent powder (3),2bc11203-0268-4c4a-9fe6-c168449ca3cf,https://www.livemint.com/economy/the-evolution-of-india-s-fake-milk-industry-11782121657013.html,"adulterators frequently mixed in substances such as urea, detergent"
News,Ghee,unspecified adulterant,False,35,35,0.8229,0.85,0.75,0.95,28.8,22,8,unspecified adulterant (35),b6a4c3c9-311e-4a4f-beaf-d0012bbfbf51,https://www.thehindu.com/news/cities/bangalore/sale-of-adulterated-nandini-ghee-uncovered/article38197249.ece,Reports confirmed that the ghee had been adulterated
News,Milk,ethylene glycol,True,46,34,0.9315,0.95,0.75,0.95,31.9,45,39,ethylene glycol (37); Ethylene Glycol (8); monoethylene glycol (1),276e27ef-82bd-4911-a4df-9d2448b232fb,https://timesofindia.indiatimes.com/city/delhi/whats-cooking-in-pantry-bite-into-adulterated-truth/articleshow/130488415.cms,milk contaminated with ethylene glycol
News,Ghee,chemicals,False,33,33,0.8485,0.85,0.65,0.95,28.0,28,11,chemicals (33),0118c86d-fe92-4616-b53b-066a3faf5eab,https://timesofindia.indiatimes.com/city/chandigarh/four-arrested-for-preparing-and-selling-spurious-desi-ghee/articleshow/124738787.cms,mixing chemicals in Dalda ghee and refined oil
News,Milk,unknown adulterant,False,34,33,0.8397,0.85,0.7,0.95,27.7,23,9,unknown adulterant (34),milk-67914a8ce22fe5a5,https://www.deccanchronicle.com/southern-states/andhra-pradesh/cm-reviews-on-srikakulam-diarrhoea-cases-and-rajahmundry-adulterated-milk-issue-1940111,adulterated milk incident came to light
News,Ghee,vanaspati,True,41,32,0.9061,0.9,0.85,0.95,29.15,41,33,vanaspati (27); vanaspati oil (5); vanaspati ghee (4); Vanaspati (4); vanaspati hydrogenated fat (1),0109eea0-3adc-4177-a6f7-e3bc31bf237d,https://indianexpress.com/article/lifestyle/health/adulterated-ghee-ginger-garlic-paste-hyderabad-consume-10107480/,"ghee, she noted it is frequently adulterated with vanaspati"
News,Milk,starch,True,30,28,0.9317,0.95,0.85,0.95,26.1,30,28,starch (27); starch powder (2); starch flour (1),0474b2bd-b79f-48d1-ba0c-b7db6a1fa873,https://www.thehindu.com/news/national/telangana/telangana-food-safety-department-demonstrates-methods-to-identify-adulterated-food/article70833242.ece,presence of starch in milk can be detected
News,Ghee,lard/pig fat,True,31,27,0.8839,0.9,0.75,0.95,23.95,27,19,lard (23); Lard (3); pig lard (2); pork fat (2); pig fat (1),3f674523-5416-4b89-8cab-fe3ddf3c9e7e,https://www.hindustantimes.com/india-news/tirupati-laddu-row-fish-oil-more-expensive-accused-ghee-supplier-refutes-allegations-101726973256605.html,lab tests revealed the presence of animal fat and lard
News,Milk,water,True,34,26,0.9176,0.95,0.8,0.95,24.1,34,26,water (32); glucose water (1); contaminated water (1),2bc11203-0268-4c4a-9fe6-c168449ca3cf,https://www.livemint.com/economy/the-evolution-of-india-s-fake-milk-industry-11782121657013.html,"Water was the most common adulterant, added to expand supply"
News,Ghee,beef tallow,True,27,24,0.8611,0.85,0.75,0.95,20.75,22,11,beef tallow (24); beef fat (2); Beef tallow (1),4469e268-1b01-49b7-a436-ea4a88ba6269,https://www.newindianexpress.com/nation/2024/Sep/23/tirupati-laddu-row-fssai-issues-show-cause-notice-to-ghee-supplier-2,"ghee samples used in the Tirupati temple laddus contained palm oil, fish oil, beef tallow, and lard"
News,Paneer,starch,True,20,20,0.905,0.9,0.8,0.95,18.1,20,15,starch (20),394a5ff5-76f3-4885-87ed-4a6879611c22,https://timesofindia.indiatimes.com/city/ranchi/fssai-is-working-towards-felicitating-whistle-blowers-who-report-adulteration/articleshow/121853932.cms,starch ... in paneer and khowa
News,Ghee,acetic acid ester,True,22,19,0.9045,0.9,0.85,0.95,17.2,22,20,acetic acid ester (20); Acetic Acid Ester (2),7a59b547-cf09-4b46-bbfe-d7a7f34b7cfc,https://www.thehindu.com/news/national/andhra-pradesh/cbis-sit-finds-ttd-received-adulterated-ghee-for-over-five-years/article70259867.ece,used acetic acid esters in the final product
News,Ghee,fish oil,True,20,19,0.8875,0.9,0.75,0.95,16.9,18,12,fish oil (18); Fish Oil (2),4469e268-1b01-49b7-a436-ea4a88ba6269,https://www.newindianexpress.com/nation/2024/Sep/23/tirupati-laddu-row-fssai-issues-show-cause-notice-to-ghee-supplier-2,"ghee samples used in the Tirupati temple laddus contained palm oil, fish oil, beef tallow, and lard"
News,Ghee,adulterated ghee,False,19,16,0.8474,0.85,0.75,0.95,13.65,17,3,adulterated ghee (19),eb7f5240-b11f-4c58-9681-91c05d2c3f50,https://www.newsx.com/regionals/tirumala-shocker-rs-54-crore-silk-dupatta-scam-uncovered-after-fake-ghee-row-and-donation-box-theft-125182/,adulterated ghee was used in laddus instead of cow ghee
News,Khoya/mawa,starch,True,17,15,0.9029,0.9,0.85,0.95,13.6,17,14,starch (16); maize starch (1),64ca8569-7f45-4083-8534-3ec754aee6c6,https://www.republicworld.com/health/is-the-milk-you-are-drinking-pure-4-easy-fssai-approved-ways-to-test-its-purity-at-home,"Starch is sometimes added to milk, khoya"
News,Ghee,beta carotene,True,16,15,0.8938,0.9,0.85,0.95,13.45,16,12,beta carotene (8); beta-carotene (5); Beta-Carotene (2); Beta Carotene (1),dc0f107c-d6af-40f2-b8fd-d6a8264071a5,https://www.thequint.com/news/breaking-news/cbi-finds-no-animal-fat-tirupati-ghee,adulteration involved the use of acetic acid esters and beta carotene to manipulate standard purity tests and mimic the color and flavor of traditional ghee.
News,Tirupati laddu,animal fat,True,19,15,0.8395,0.85,0.75,0.95,12.65,14,3,animal fat (16); animal fats (3),2010c6e2-c9cb-4a3e-b22b-8cabf1044074,https://www.thehindubusinessline.com/news/ed-to-probe-money-laundering-in-adulterated-tirupati-laddu-scam/article70616167.ece,animal fat was used in preparing Tirupati laddus
News,Paneer,palm oil family,True,15,14,0.9,0.9,0.85,0.95,12.55,15,10,palm oil (11); refined palm oil (2); refined palmolein oil (1); palmolein oil (1),milk-9cddbfb5c4be818a,https://timesofindia.indiatimes.com/city/raipur/officials-seize-over-14-l-worth-of-adulterated-paneer-in-crackdown/articleshow/126125110.cms,manufactured using skimmed milk powder and palm oil
News,Ghee,unknown adulterant,False,14,13,0.7429,0.75,0.65,0.85,9.65,3,0,unknown adulterant (14),292b562c-132b-47cc-9030-d2544e801e7e,https://timesofindia.indiatimes.com/city/ahmedabad/223kg-of-spurious-ghee-seized/articleshow/124130383.cms,543kg of adulterated ghee
News,Milk,edible oil,True,18,12,0.8917,0.9,0.8,0.95,10.9,18,12,edible oil (16); Edible oil (2),61dc4f29-605f-496c-af07-e3b3b84ea8fc,https://indianexpress.com/article/cities/mumbai/maharashtra-fda-gutkha-food-adulteration-crackdown-10713418/,"adulteration of cow milk, with edible oil being used"
News,Milk,palm oil family,True,16,12,0.8812,0.9,0.8,0.95,10.7,16,9,palm oil (12); refined palm oil (2); palmolein (1); refined palmolein oil (1),2bc11203-0268-4c4a-9fe6-c168449ca3cf,https://www.livemint.com/economy/the-evolution-of-india-s-fake-milk-industry-11782121657013.html,Refined palm oil and soybean oil were used as cheaper substitutes for milk fat
News,Milk,unspecified adulterant,False,12,12,0.8333,0.85,0.75,0.9,10.0,9,2,unspecified adulterant (12),96621df7-0c9b-41e5-a5a6-3f21a24613d5,https://timesofindia.indiatimes.com/city/dehradun/food-safety-department-seizes-adulterated-paneer-in-haridwar/articleshow/124369011.cms,"adulterated dairy products, including skimmed milk"
News,Milk,poison,False,13,11,0.9192,0.9,0.9,0.95,10.15,13,13,poison (13),milk-0aaa3a5a5169112a,https://www.tribuneindia.com/news/jalandhar/poisoned-by-parents-villagers-perform-last-rites-of-3-minor-girls-550530,They offered poison-laced milk to their daughters
News,Ghee,starch,True,12,11,0.8708,0.875,0.75,0.95,9.65,11,6,starch (11); starch substances (1),0109eea0-3adc-4177-a6f7-e3bc31bf237d,https://indianexpress.com/article/lifestyle/health/adulterated-ghee-ginger-garlic-paste-hyderabad-consume-10107480/,"ghee, she noted it is frequently adulterated with vanaspati, animal fat, starch"
News,Sunflower oil,palm oil family,True,13,10,0.9,0.9,0.8,0.95,8.9,13,8,palm oil (7); palmolein oil (5); palmolein (1),e1083f09-5ed1-4bdf-8ac5-3c65482b8e5f,https://www.newindianexpress.com/nation/2022/nov/17/27-per-cent-samples-of-edible-oil-other-food-items-from-4-firms-in-thane-found-adulterated-fda-2519197.html,palmolein oil was mixed in products sold as sunflower
News,Ghee,coconut oil,True,13,10,0.8923,0.9,0.85,0.95,8.95,13,8,coconut oil (13),31cae76c-aa62-4328-bd40-368275f60e9f,https://www.newsx.com/regionals/bengaluru-distributor-busted-for-selling-diluted-nandini-ghee-in-fake-racket-what-we-know-so-far-111748/,mixed in along with poor-grade palm oil and coconut oil
News,Milk,vegetable oil/fat,True,13,10,0.8923,0.9,0.8,0.95,9.05,13,7,vegetable oil (9); vegetable fats (2); vegetable oils (1); vegetable oil fats (1),e1083f09-5ed1-4bdf-8ac5-3c65482b8e5f,https://www.newindianexpress.com/nation/2022/nov/17/27-per-cent-samples-of-edible-oil-other-food-items-from-4-firms-in-thane-found-adulterated-fda-2519197.html,vegetable oil was mixed in products claimed to be milk cream
News,Milk,hydrogen peroxide,True,10,9,0.945,0.95,0.9,0.95,8.5,10,10,hydrogen peroxide (10),7d796579-8acb-4851-a31f-526034bb0b78,https://www.thehansindia.com/hans/opinion/news-analysis/adulterated-milk-spells-death-can-no-longer-be-ignored-1055769,dangerous adulterants such as hydrogen peroxide
News,Paneer,cheese analogue,True,15,9,0.93,0.95,0.85,0.95,8.5,15,14,cheese analogue (12); Cheese Analogue (3),618d90b6-9e66-4825-a59d-b517bbab5355,https://www.siasat.com/h-fast-seizes-825-kg-of-adulterated-paneer-from-hyderabad-eateries-3491650/,cheese analogue products made from vegetable fats and non-milk ingredients are being sold as paneer
News,Ghee,refined oil,True,10,9,0.92,0.925,0.85,0.95,8.3,10,9,refined oil (10),368930a7-2085-43bd-bb79-62d471c9e75c,https://www.indiatoday.in/india/story/fake-desi-ghee-racket-investigation-amul-counterfeit-adulteration-festive-season-diwali-2623545-2024-10-26?utm_source=rss,"unhealthy mix of hydrogenated vegetable oil, refined oil, and artificial fragrance"
News,Paneer,detergent,True,10,9,0.905,0.9,0.85,0.95,8.2,10,8,detergents (5); detergent (5),milk-3860e6654d518030,https://www.freepressjournal.in/india/fake-paneer-racket-busted-toxic-chemicals-like-urea-detergent-used-in-up,"Urea, detergent, and Tinopal, when ingested"
News,Paneer,vegetable oil/fat,True,14,9,0.8929,0.9,0.85,0.95,8.1,14,8,vegetable oil (7); vegetable oils (6); edible vegetable fat (1),milk-c4c85c2d91f17593,https://timesofindia.indiatimes.com/city/noida/60-food-samples-collected-from-noida-last-months-fail-quality-test/articleshow/121007869.cms,adulteration with vegetable oil was found in the paneer sample
News,Milk,refined oil,True,10,9,0.89,0.9,0.75,0.95,8.15,9,8,refined oil (10),milk-e8dfe59b0423e72e,https://timesofindia.indiatimes.com/city/ranchi/nhrc-seeks-report-over-spurious-milk/articleshow/96696602.cms,"refined oil and caustic soda, becomes 15 kg of milk"
News,Ghee,fake ghee,True,11,9,0.8818,0.9,0.85,0.9,7.95,11,7,fake ghee (9); Fake Ghee (2),0facca96-d90c-4f21-ba98-356f7f6b1622,https://timesofindia.indiatimes.com/city/jaipur/10k-litre-of-spurious-ghee-seized-in-jaipur-fake-ghee-operation-uncovered/articleshow/107898461.cms,packaging and sale of fake desi ghee
News,Tirupati laddu,adulterated ghee,False,9,9,0.8778,0.85,0.85,0.95,7.9,9,3,adulterated ghee (9),1eff2392-eb9e-4383-8e94-6eb64cdf98b1,https://timesofindia.indiatimes.com/india/tirupati-row-andhra-cm-chandrababu-naidu-flags-conspiracy-angle-claims-20-crore-laddus-made-with-adulterated-ghee/articleshow/128745079.cms,20 crore consecrated Tirupati laddus made with adulterated ghee
News,Mustard oil,argemone oil,True,9,8,0.9333,0.95,0.9,0.95,7.5,9,9,argemone oil (6); Argemone oil (3),milk-8a55933f0d5da63a,https://www.deccanchronicle.com/opinion/columnists/chandrakant-lahariya-the-adulteration-of-food-is-a-silent-assault-on-health-safety-of-indians-1937982,argemone oil mixed with mustard oil
News,Milk,caustic soda,True,8,8,0.9312,0.95,0.85,0.95,7.45,8,7,caustic soda (8),2bc11203-0268-4c4a-9fe6-c168449ca3cf,https://www.livemint.com/economy/the-evolution-of-india-s-fake-milk-industry-11782121657013.html,Caustic soda was often added to adjust pH levels
News,Ghee,soybean oil,True,9,8,0.8944,0.9,0.8,0.95,7.15,9,6,soybean oil (9),550bda80-b5be-488a-89f6-64b9698b4033,https://timesofindia.indiatimes.com/city/ahmedabad/adulterated-ghee-seized-in-gujarat-beware-of-duplicate-branded-ghee/articleshow/106168455.cms,"they add soybean oil, vegetable oil, palm oil and ghee flavour as adulterants"
News,tirupati laddus,animal fat,True,9,8,0.85,0.85,0.7,0.95,6.8,7,4,animal fat (8); animal fats (1),471bc3da-bbd4-417c-875a-595a713be7fd,https://www.thehindu.com/news/national/food-safety-authority-issues-show-cause-notice-to-firm-on-contamination-in-tirupati-laddus/article68674512.ece,found adulterated with palm oil and animal fat
News,Ghee,synthetic ghee,True,10,7,0.92,0.925,0.85,0.95,6.5,10,9,synthetic ghee (9); Synthetic Ghee (1),bdc8358e-29a2-4efa-a99e-6023a27df35b,https://timesofindia.indiatimes.com/city/hyderabad/cbi-chargesheet-rules-out-animal-fats-in-tirupati-laddu-ghee/articleshow/127809453.cms,"It was not cow ghee at all, but ghee made from synthetic material"
News,Ghee,monoglycerides,True,8,7,0.9,0.9,0.85,0.95,6.35,8,6,monoglycerides (8),8e0f3d53-2c44-474d-9787-4713b7050c28,https://www.deccanchronicle.com/southern-states/andhra-pradesh/korean-monoglycerides-used-for-adulteration-of-ghee-supplied-to-ttd-1935626,"used monoglycerides, a chemical substance, in the ghee"
News,Khoya/mawa,milk powder,True,7,7,0.8929,0.9,0.8,0.95,6.25,7,4,milk powder (6); Milk powder (1),6fca3d47-9acd-423e-854a-e6ad43d85fbe,https://www.dnaindia.com/analysis/report-dna-tv-show-uncovering-mafia-of-fake-diwali-sweets-that-can-poison-your-family-sourabh-raaj-jain-3067817,milk powder is added to making mawa
News,Ghee,dalda,True,13,7,0.8923,0.9,0.85,0.95,6.4,13,8,dalda (8); Dalda (5),301bb818-ff44-4346-9ffe-ad58bf13cfb2,https://www.thehansindia.com/andhra-pradesh/use-of-adulterated-ghee-for-preparation-raises-concerns-978984,adulteration with Dalda (vanaspati) and palm oil
News,Paneer,unspecified adulterant,False,7,7,0.8571,0.85,0.75,0.9,6.0,6,3,unspecified adulterant (7),72ab0b23-cb33-4ff6-af82-de5e08b68aff,https://www.siasat.com/food-adulteration-drive-rs-7-78-lakh-worth-milk-ghee-seized-in-hyderabad-3457214/,"3,892 kg of adulterated paneer"
News,Ghee,adulterant,False,7,7,0.7929,0.8,0.65,0.9,5.55,4,1,adulterant (7),8d9446aa-423d-4587-97e8-6288d557fbdb,https://www.newindianexpress.com/states/andhra-pradesh/2026/Jun/04/ed-raids-15-locations-in-ttd-ghee-adulteration-case-uncovers-assets-worth-over-rs-45-crore,supplying adulterated ghee
News,Milk,formalin/formaldehyde,True,6,6,0.9417,0.95,0.9,0.95,5.65,6,6,formalin (5); sodium formaldehyde sulfoxylate (1),2bc11203-0268-4c4a-9fe6-c168449ca3cf,https://www.livemint.com/economy/the-evolution-of-india-s-fake-milk-industry-11782121657013.html,"adulterators frequently mixed in substances such as urea, detergent, starch, formalin"
News,Milk,salt,True,7,6,0.9286,0.95,0.85,0.95,5.55,7,6,salt (7),milk-31a23415db4ed5a7,https://www.thehindu.com/news/national/karnataka/adulteration-found-in-3049-milk-samples-supplied-to-karnataka-dairies-in-a-year-govt-informs-council/article70735023.ece,salt and sugar were found to have been mixed with milk
News,Ghee,foreign fats,True,7,6,0.9214,0.9,0.9,0.95,5.55,7,7,foreign fats (7),8b1ef2e6-f7a2-4db0-9589-42159cf06574,https://economictimes.indiatimes.com/news/india/tirupati-laddu-row-cbi-arrests-four-individuals-for-violations-during-ghee-supply/articleshow/118101787.cms,lab tests revealed foreign fats in the ghee
News,Paneer,urea,True,7,6,0.9143,0.9,0.85,0.95,5.45,7,6,urea (7),milk-3860e6654d518030,https://www.freepressjournal.in/india/fake-paneer-racket-busted-toxic-chemicals-like-urea-detergent-used-in-up,fake paneer being produced using harmful chemicals such as urea
News,Mustard oil,rice bran oil,True,11,6,0.9136,0.9,0.85,0.95,5.6,11,9,rice bran oil (11),e1083f09-5ed1-4bdf-8ac5-3c65482b8e5f,https://www.newindianexpress.com/nation/2022/nov/17/27-per-cent-samples-of-edible-oil-other-food-items-from-4-firms-in-thane-found-adulterated-fda-2519197.html,rice bran oil was mixed in a product sold as mustard oil
News,vegetables,pesticide residue,True,9,6,0.9111,0.9,0.85,0.95,5.55,9,8,pesticide residues (8); banned pesticides (1),daea64b9-d48f-49a9-b294-6faa927b2227,https://economictimes.indiatimes.com/news/videos/milk-ghee-veggies-masala-tainted-raghav-chadha-flags-food-adulteration-in-rs/videoshow/127905488.cms,"vegetables, and garam masala are tainted with urea, synthetic colors, vegetable oil, oxytocin, and banned pesticides"
News,Milk,glucose,True,8,6,0.9062,0.9,0.85,0.95,5.45,8,7,glucose (8),7d796579-8acb-4851-a31f-526034bb0b78,https://www.thehansindia.com/hans/opinion/news-analysis/adulterated-milk-spells-death-can-no-longer-be-ignored-1055769,"Other substances found in milk samples include detergents, urea, starch, glucose, and formalin."
News,fruits,pesticide residue,True,6,6,0.9,0.9,0.9,0.9,5.4,6,6,pesticide residues (6),milk-770d36ac4ddb5014,https://zeenews.india.com/india/zara-sochiye-national-alert-food-adulteration-biological-collapse-nutrition-india-3016023.html,High pesticide residues in vegetables and fruits
News,Ghee,monodiglycerides,True,6,6,0.8917,0.9,0.85,0.9,5.35,6,5,monodiglycerides (6),5374dadc-cd7f-41df-b8d9-8ef7c10ec693,https://www.newsx.com/regionals/tirupati-temple-laddu-scam-rs-250-crore-worth-of-adulterated-ghee-fed-to-devotees-over-5-years-108230/,used acetic-acid esters and monodiglycerides to artificially inflate the RM value
News,Paneer,water,True,6,6,0.8833,0.875,0.85,0.95,5.3,6,3,water (3); excess water (2); water chestnut powder (1),milk-a4da0cb2fb8e3519,https://thelogicalindian.com/hyderabad-police-seizes-825-kg-fake-paneer-made-of-synthetic-milk-vegetable-fat/,అదనపు నీరు... తయారు చేసిన పనీర్
News,Ghee,beta sitosterol,True,9,6,0.8778,0.9,0.7,0.95,5.45,8,7,beta sitosterol (6); beta-sitosterol (3),c66f7c07-f922-4abd-8805-71a0fade560f,https://www.thehansindia.com/andhra-pradesh/despite-cftri-red-flag-adulterated-ghee-used-in-laddus-for-2-years-sit-1027304,"identified beta-sitosterol, a decisive marker of vegetable oil adulteration"
News,turmeric,lead chromate,True,5,5,0.95,0.95,0.95,0.95,4.75,5,5,lead chromate (5),394a5ff5-76f3-4885-87ed-4a6879611c22,https://timesofindia.indiatimes.com/city/ranchi/fssai-is-working-towards-felicitating-whistle-blowers-who-report-adulteration/articleshow/121853932.cms,"In turmeric, both whole and powdered, lead chromate and rice flour are common adulterants."
News,Paneer,refined oil,True,5,5,0.93,0.95,0.85,0.95,4.65,5,4,refined oil (5),milk-15b9c81a4418943c,https://timesofindia.indiatimes.com/city/noida/paneer-seized-in-noida-from-aligarh-found-unsafe-case-filed-in-court/articleshow/122212904.cms,paneer was prepared using refined oil
News,fish,formalin/formaldehyde,True,5,5,0.93,0.95,0.9,0.95,4.65,5,5,formalin (4); Formalin (1),milk-82f50de033152ec7,https://www.sentinelassam.com/topheadlines/assam-sample-testing-detects-aggravated-food-adulteration,use of formalin in fish
News,Tirupati laddu,palm oil family,True,9,5,0.9222,0.95,0.85,0.95,4.6,9,8,palm oil (4); palm kernel oil (2); palmolein oil (1); palm stearin (1); chemical-based palm oil derivatives (1),2010c6e2-c9cb-4a3e-b22b-8cabf1044074,https://www.thehindubusinessline.com/news/ed-to-probe-money-laundering-in-adulterated-tirupati-laddu-scam/article70616167.ece,"mixture of vegetable oils, specifically palm oil"
News,Ghee,hydrogenated fats,True,5,5,0.91,0.9,0.85,0.95,4.55,5,4,hydrogenated fats (5),0a113e2a-26d3-45e4-9064-7cfa2f39230b,https://www.thehindu.com/sci-tech/health/tirupati-laddu-row-on-the-economics-of-and-adulterants-in-ghee-explained/article68705077.ece,"Common adulterants include edible vegetable oil, hydrogenated fats"
News,Milk,maltodextrin,True,5,5,0.91,0.95,0.85,0.95,4.55,5,3,maltodextrin (5),milk-d1fcc18c1d80bd0a,https://www.thehansindia.com/andhra-pradesh/synthetic-milk-threat-prompts-tight-checks-1051605,"adulteration often involves adding substances such as urea, starch, detergents, maltodextrin"
News,Ghee,β sitosterol,True,5,5,0.9,0.9,0.85,0.95,4.5,5,3,β-Sitosterol (3); β-sitosterol (2),747400a0-bfad-4fa2-8004-06f237d1c543,https://indianexpress.com/article/cities/hyderabad/tirumala-laddu-ghee-adulteration-dinesh-kumar-committee-report-ttd-lapses-10667467/,"detected β-Sitosterol, a marker of vegetable oil adulteration, in all tested samples"
News,Cheese,vegetable oil/fat,True,9,5,0.8944,0.9,0.85,0.95,4.55,9,6,vegetable oil (8); vegetable fats (1),milk-46f24b7aeba827cc,https://economictimes.indiatimes.com/opinion/et-commentary/view-the-very-cheesy-business-of-passing-off-doosri-cheez-as-asli-cheese-by-brands/articleshow/108167155.cms,using cheap vegetable oil instead of cheese
News,Ghee,ghee essence,True,6,5,0.8917,0.9,0.8,0.95,4.5,6,3,ghee essence (6),d2e1d2cd-5273-4719-986c-310770fec7a3,https://timesofindia.indiatimes.com/city/jaipur/spurious-ghee-packaging-raided-in-jaipur/articleshow/112849832.cms,mix ghee essence with vegetable oils
News,Ghee,acetic acid,True,5,5,0.89,0.9,0.85,0.9,4.45,5,4,acetic acid (5),21fb2b00-9b86-4924-9a0d-248f976cfd93,https://www.newsx.com/regionals/tirupati-laddu-scam-sit-arrests-delhi-trader-for-supplying-chemicals-used-in-fake-ghee-108361/,"providing chemicals such as monoglycerides, acetic acid, and esters — compounds commonly used in the manufacturing of palm oil — for nearly seven years. These substances were reportedly mixed with palm oil to mimic the texture and aroma of pure cow ghee."
News,Ghee,essence,True,6,5,0.875,0.9,0.8,0.9,4.35,6,4,essence (6),e27aa94c-fa47-4a58-bc17-1e5d3387b739,https://indianexpress.com/article/cities/delhi/1500-kg-of-spurious-ghee-seized-in-factory-raid-in-delhi-10403104/,"recovered over 55 litres of essence, which was being used to make the sub- standard products"
News,Ghee,spurious ghee,True,6,5,0.8667,0.85,0.85,0.9,4.35,6,2,spurious ghee (6),43e20f96-27cb-4f67-b7e5-6228aea8e7b6,https://www.thehansindia.com/karnataka/mymul-md-making-false-allegations-against-major-nandini-brand-ghee-buyer-721502,spurious ghee under Nandini brand name
News,Ghee,adulterated substance,True,5,5,0.81,0.75,0.75,0.95,4.05,2,1,adulterated substance (4); Adulterated substance (1),5374dadc-cd7f-41df-b8d9-8ef7c10ec693,https://www.newsx.com/regionals/tirupati-temple-laddu-scam-rs-250-crore-worth-of-adulterated-ghee-fed-to-devotees-over-5-years-108230/,TTD rejected four tankers of ghee after laboratory tests confirmed adulteration
News,Tirupati laddu,ghee,True,5,5,0.81,0.75,0.75,0.95,4.05,2,1,ghee (5),0932679a-fe82-4a1e-949e-9d4fd17ed2a0,https://timesofindia.indiatimes.com/city/vijayawada/naidu-pawan-alleges-organised-conspiracy-behind-tirumala-laddu-ghee-adulteration/articleshow/128759552.cms,adulteration of ghee used in preparing Tirumala laddu prasadam
News,Milk,sodium hydrogen carbonate,True,4,4,0.95,0.95,0.95,0.95,3.8,4,4,sodium-hydrogen-carbonate (4),milk-465f847feeedb412,https://www.thehansindia.com/hans/young-hans/iit-ms-3d-portable-device-to-detect-milk-adulteration-789906,detect multiple substances commonly used as adulterating agents including ... sodium-hydrogen-carbonate
News,Paneer,carbonate neutraliser,True,4,4,0.95,0.95,0.95,0.95,3.8,4,4,carbonate neutraliser (4),milk-15b9c81a4418943c,https://timesofindia.indiatimes.com/city/noida/paneer-seized-in-noida-from-aligarh-found-unsafe-case-filed-in-court/articleshow/122212904.cms,paneer was prepared using refined oil and a carbonate neutraliser
News,ice cream,detergent,True,5,4,0.95,0.95,0.95,0.95,3.8,5,5,detergent powder (5),milk-0bc625b573fb9e74,https://theshillongtimes.com/2026/02/04/raging-health-crisis-aap-mp-raises-alarm-in-rs-over-widespread-food-adulteration/,ice cream has detergent powder
News,Soybean oil,palm oil family,True,5,4,0.94,0.95,0.9,0.95,3.8,5,5,palmolein oil (4); palm oil (1),e1083f09-5ed1-4bdf-8ac5-3c65482b8e5f,https://www.newindianexpress.com/nation/2022/nov/17/27-per-cent-samples-of-edible-oil-other-food-items-from-4-firms-in-thane-found-adulterated-fda-2519197.html,palmolein oil was mixed in products sold as sunflower and soyabean oils
News,Ghee,synthetic essence,True,6,4,0.9283,0.935,0.9,0.95,3.72,6,6,synthetic essence (6),4f3026f8-7217-4bf9-af6e-71bcad8bb1c5,https://www.rediff.com/news/report/fda-seizes-adulterated-ghee-worth-rs-13-lakh-in-jalna/20260604.htm,Refined soybean oil and synthetic essence were used to create ghee resembling genuine dairy products.
News,Khoya/mawa,palm oil family,True,4,4,0.925,0.95,0.85,0.95,3.7,4,3,palm oil (4),f3307bb9-ecd5-4da7-ab4d-7da66a93aee4,https://www.freepressjournal.in/bhopal/beware-before-buying-raksha-bandhan-sweets-over-400-places-making-adulterated-mawa-in-madhya-pradesh-check-how-to-test-real-vs-fake,cheap palm oil or low-quality oil is mixed
News,Paneer,analogue paneer,True,4,4,0.925,0.925,0.9,0.95,3.7,4,4,analogue paneer (3); Analogue Paneer (1),c013902d-d495-420f-85cc-33643ff1ef66,https://economictimes.indiatimes.com/industry/cons-products/food/maharashtra-dairy-industry-seeks-ban-on-fake-paneer/articleshow/119595536.cms,"Analogue paneer – made primarily from vegetable oil and other ingredients like cheap milk powder, maize flour and maida – is used as a substitute of traditional paneer."
News,Ghee,ghee flavour,True,4,4,0.9,0.9,0.85,0.95,3.6,4,3,ghee flavour (4),ddada193-97b9-4ccc-8a51-bfbea77a0c06,https://economictimes.indiatimes.com/news/india/fake-ghee-worth-250-cr-used-in-tirupati-laddus-for-5-yrs-sit/articleshow/125231147.cms,"used chemicals like beta-carotene, acetic acid ester and ghee flavour"
News,Ghee,lactic acid,True,4,4,0.9,0.9,0.9,0.9,3.6,4,4,lactic acid (4),81b21166-1d16-4aec-910f-b382f9680f5f,https://timesofindia.indiatimes.com/city/vijayawada/sit-faces-questions-over-shortcomings-in-tirupati-laddu-ghee-adulteration-probe/articleshow/128002821.cms,"Chemicals like acetic acid, mono-glycerides and lactic acid, which were found in the ghee-like product"
News,Ghee,unspecified adulterant in ghee,True,4,4,0.9,0.9,0.9,0.9,3.6,4,4,unspecified adulterant in ghee (4),47635cd8-696c-4adf-94ed-338f084a3d62,https://timesofindia.indiatimes.com/city/vijayawada/adulterated-ghee-former-ttd-procurement-gm-colluded-with-dairy-firms-says-sit/articleshow/125660944.cms,supply of 68 lakh kg of adulterated ghee
News,Milk,carbonate neutraliser,True,4,4,0.9,0.9,0.9,0.9,3.6,4,4,carbonate neutraliser (4),milk-15b9c81a4418943c,https://timesofindia.indiatimes.com/city/noida/paneer-seized-in-noida-from-aligarh-found-unsafe-case-filed-in-court/articleshow/122212904.cms,prepared using refined oil and a carbonate neutraliser instead of milk
News,Mustard oil,palm oil family,True,6,4,0.9,0.9,0.85,0.95,3.6,6,4,palm oil (5); palm olein (1),af478a64-49c5-4253-b271-591bf8a3ce97,https://timesofindia.indiatimes.com/life-style/food-news/mustard-oil-adulterated-with-heart-unhealthy-palm-oil-3-simple-tests-to-find-out/photostory/120931401.cms,Mustard oil is said to be adulterated with cheap palm oil
News,Paneer,cheese analog,True,6,4,0.9,0.9,0.85,0.95,3.6,6,4,cheese analog (6),milk-ba134e823233c275,https://thelogicalindian.com/festive-food-safety-drive-maharashtra-fda-destroys-218-kg-fake-paneer-478-litres-unsafe-milk-in-mumbai/,cheese analog being sold as paneer
News,mangoes,calcium carbide,True,4,4,0.9,0.9,0.9,0.9,3.6,4,4,calcium carbide (4),milk-2f11ebaf3df18037,https://assamtribune.com/guwahati/assam-food-safety-raids-uncover-illegal-fruit-ripening-unsafe-food-products-1612781,chemically ripened mangoes
News,sweets,synthetic colours,True,4,4,0.9,0.9,0.85,0.95,3.6,4,3,synthetic colours (4),milk-768bded20870f802,https://www.hindustantimes.com/cities/chandigarh-news/in-chandigarh-failed-food-samples-see-13-surge-in-a-year-101699040063114.html,using high-contrast synthetic colours in sweets
News,Ghee,artificial essence,True,6,4,0.895,0.9,0.85,0.95,3.62,6,4,artificial essence (6),9d123ed0-6bda-4c0f-a451-b6ed86c6985c,https://www.thehansindia.com/news/national/gujarat-massive-adulterated-ghee-racket-busted-in-surat-2-arrested--1066385,Artificial essence was added to replicate the smell of cow ghee
News,Khoya/mawa,detergent,True,5,4,0.89,0.9,0.85,0.95,3.6,5,3,detergent (4); detergents (1),milk-d76c56c09e58067b,https://timesofindia.indiatimes.com/life-style/food-news/fake-mithai-alert-how-to-test-your-diwali-sweets-at-home-for-safety/articleshow/124693105.cms,Khoya is often mixed with starch or detergent to cut costs.
News,Milk,pesticide residue,True,4,4,0.8875,0.875,0.85,0.95,3.55,4,2,pesticides (1); pesticide residue (1); pesticide residues (1); pesticide (1),milk-e1ca8cfc9e18e7fd,https://www.freepressjournal.in/india/man-mother-allegedly-kill-2-children-before-custody-handover-die-by-suicide-in-keralas-kannur,milk laced with pesticides
News,Paneer,skimmed milk powder,True,5,4,0.88,0.85,0.85,0.95,3.55,5,2,skimmed milk powder (5),milk-a7f36435a3e104df,https://www.hindustantimes.com/cities/lucknow-news/fsda-seizes-4-810kg-adulterated-paneer-on-lko-agra-expressway-destroys-it-101745263017242.html,It was made from skimmed milk powder
News,Ghee,sunflower oil,True,4,4,0.875,0.85,0.85,0.95,3.5,4,1,sunflower oil (4),milk-c96899cff0c097f6,https://www.deccanchronicle.com/southern-states/andhra-pradesh/ghee-used-for-tirupati-laddu-had-beef-tallow-fish-oil-pork-fat-tests-1824705,"contained not just soybean oil, sunflower oil"
News,laddu prasadam,adulterated ghee,False,4,4,0.875,0.85,0.85,0.95,3.5,4,1,adulterated ghee (4),a9c15856-f188-45d4-80a8-7929118af59a,https://www.thehansindia.com/andhra-pradesh/cm-chandrababu-naidu-alleges-attempt-to-tarnish-ttds-sanctity-through-adulterated-laddu-prasadam-1046042,preparing Laddu prasadam using adulterated ghee
News,Coconut oil,palm oil family,True,6,4,0.8667,0.85,0.8,0.95,3.5,6,2,palm oil (5); palm kernel oil (1),oil-9ac0daff2ebe3c9e,https://timesofindia.indiatimes.com/city/thiruvananthapuram/ban-on-45-brands-of-coconut-oil/articleshow/64425038.cms,palm kernel oil and paraffin are used to adulterate coconut oil
News,mangoes,chemical substances,True,4,4,0.8375,0.85,0.8,0.85,3.35,4,0,chemical substances (4),cd5a17d7-271b-467c-94f2-694c257e495e,https://www.freepressjournal.in/mumbai/maharashtra-fda-cracks-down-on-gutkha-food-adulteration-33-arrested-19-units-sealed-in-mumbai,mangoes ... allegedly ripened using chemical substances
News,Milk,unknown contaminant,True,4,4,0.825,0.85,0.75,0.85,3.3,3,0,unknown contaminant (4),7d796579-8acb-4851-a31f-526034bb0b78,https://www.thehansindia.com/hans/opinion/news-analysis/adulterated-milk-spells-death-can-no-longer-be-ignored-1055769,consumed adulterated milk supplied by a single vendor
News,Paneer,unknown adulterant,False,5,4,0.77,0.75,0.75,0.85,3.1,1,0,unknown adulterant (5),oil-b0efa5da2758d25f,https://timesofindia.indiatimes.com/city/noida/suspected-adulterated-paneer-seized-in-jewar-case-against-dairy-operators-likely/articleshow/123874120.cms,suspected adulterated paneer
News,Ghee,artificial fragrances,True,3,3,0.95,0.95,0.95,0.95,2.85,3,3,artificial fragrances (3),394a5ff5-76f3-4885-87ed-4a6879611c22,https://timesofindia.indiatimes.com/city/ranchi/fssai-is-working-towards-felicitating-whistle-blowers-who-report-adulteration/articleshow/121853932.cms,Ghee has shown traces of artificial fragrances
News,Milk,soap,True,3,3,0.95,0.95,0.95,0.95,2.85,3,3,soap (3),milk-465f847feeedb412,https://www.thehansindia.com/hans/young-hans/iit-ms-3d-portable-device-to-detect-milk-adulteration-789906,"detect multiple substances commonly used as adulterating agents including urea, detergents, soap"
News,Milk,sorbitol,True,4,3,0.95,0.95,0.95,0.95,2.85,4,4,sorbitol (4),milk-0b9657b292cf9630,https://timesofindia.indiatimes.com/city/chandigarh/ndri-develops-test-for-milk-adulteration/articleshow/100811311.cms,adulteration of milk with a chemical called sorbitol
News,Tirupati laddu,beef tallow,True,3,3,0.95,0.95,0.95,0.95,2.85,3,3,beef tallow (2); beef fat (1),75eac450-5d76-45da-975a-a47f1515ca01,https://www.opindia.com/2024/09/no-proof-of-use-of-contaminated-ghee-supreme-court-questions-cm-naidu-on-public-statements-about-tirupati-laddus/,ghee used by the Tirupati temple contained beef fat
News,everest fish curry masala,ethylene oxide,True,4,3,0.95,0.95,0.95,0.95,2.85,4,4,ethylene oxide (4),milk-a7671d0c28676937,https://timesofindia.indiatimes.com/india/indian-spices-not-banned-in-singapore-and-hong-kong-govt/articleshow/112334804.cms,recalled 'Everest' fish curry masala due to the presence of ethylene oxide
News,laddu,adulterated ghee,False,3,3,0.95,0.95,0.95,0.95,2.85,3,3,adulterated ghee (3),1933f8f5-8812-4e24-85bd-cdbdc83f929e,https://www.deccanchronicle.com/southern-states/andhra-pradesh/over-20-crore-laddus-were-made-with-adulterated-ghee-chandrababu-naidu-1939513,20 crore laddus were made with adulterated ghee
News,turmeric,metanil yellow,True,3,3,0.95,0.95,0.95,0.95,2.85,3,3,metanil yellow (3),milk-8a55933f0d5da63a,https://www.deccanchronicle.com/opinion/columnists/chandrakant-lahariya-the-adulteration-of-food-is-a-silent-assault-on-health-safety-of-indians-1937982,toxic dyes such as metanil yellow have been detected in turmeric
News,vegetables,oxytocin,True,5,3,0.94,0.95,0.9,0.95,2.85,5,5,oxytocin (5),daea64b9-d48f-49a9-b294-6faa927b2227,https://economictimes.indiatimes.com/news/videos/milk-ghee-veggies-masala-tainted-raghav-chadha-flags-food-adulteration-in-rs/videoshow/127905488.cms,"vegetables, and garam masala are tainted with urea, synthetic colors, vegetable oil, oxytocin"
News,Ghee,adulterants,False,3,3,0.9333,0.95,0.9,0.95,2.8,3,3,adulterants (3),26b11917-4e55-41d5-aeb1-64e8b44bedba,https://www.freepressjournal.in/indore/crackdown-against-adulteration-in-indore-fsos-seize-850-kg-of-spurious-ghee-samples-fail-quality-test,government lab later confirmed the presence of adulterants
News,Ghee,refined soybean oil,True,3,3,0.9333,0.95,0.9,0.95,2.8,3,3,refined soybean oil (3),4f3026f8-7217-4bf9-af6e-71bcad8bb1c5,https://www.rediff.com/news/report/fda-seizes-adulterated-ghee-worth-rs-13-lakh-in-jalna/20260604.htm,Refined soybean oil and synthetic essence were used to create ghee resembling genuine dairy products.
News,ginger garlic paste,acetic acid,True,3,3,0.9333,0.95,0.9,0.95,2.8,3,3,acetic acid (3),679c8f17-cf26-4561-ad9c-67cb3cbd52fc,https://indianexpress.com/article/india/adulterated-osmania-biscuits-fake-paneer-rotten-eggs-what-hyderabads-crackdown-on-eateries-has-revealed-10612335/,"ginger-garlic paste being manufactured using spoiled ginger and garlic, acetic acid"
News,Ghee,acetic acid esters,True,4,3,0.925,0.95,0.85,0.95,2.85,4,3,acetic acid esters (2); Acetic Acid Esters (1); acetic-acid esters (1),09e48dfd-700e-44fd-b178-70c5c7cc29ed,https://indianexpress.com/article/cities/hyderabad/no-beef-tallow-lard-tirupati-laddu-cbi-reveals-synthetic-material-used-mimic-ghee-10503103/,The chargesheet details the addition of Acetic Acid Esters
News,Ghee,animal carcass residues,True,3,3,0.9167,0.95,0.85,0.95,2.75,3,2,animal carcass residues (3),cddf4a6a-4d4e-4d8b-9631-734b807f7215,https://www.dnaindia.com/india/report-tirupati-laddu-prasadam-row-cbi-arrests-four-people-in-ghee-adulteration-case-3131695,animal carcass residues were found in the ghee
News,Ghee,houseflies,True,3,3,0.9167,0.9,0.9,0.95,2.75,3,3,houseflies (3),508d009a-650f-4e40-b03d-ebef9d2c069e,https://www.livemint.com/news/india/telangana-houseflies-in-ghee-dead-lizard-spider-web-and-patchy-roof-found-during-inspection-at-dairy-product-unit-11738481820439.html,Houseflies and mosquitoes in stored ghee
News,Ghee,low quality edible oil,True,3,3,0.9167,0.9,0.9,0.95,2.75,3,3,low quality edible oil (3),36a70fc6-de5a-494c-9dc5-801fe7a7a53d,https://starofmysore.com/adulterated-nandini-ghee-racket-case-adulterated-ghee-has-inter-state-ramifications/,original Nandini ghee that the criminals had purchased to mix it with low quality edible oil
News,Ghee,mosquitoes,True,3,3,0.9167,0.9,0.9,0.95,2.75,3,3,mosquitoes (3),d2f303e3-c25c-412f-8ae4-4ec525f68736,https://timesofindia.indiatimes.com/life-style/food-news/mosquitoes-in-ghee-and-dead-lizard-found-in-dairy-items-in-this-city/articleshow/117855423.cms,"pests, including house flies and mosquitoes, in stored ghee"
News,Ghee,artificial colour,True,3,3,0.9,0.9,0.9,0.9,2.7,3,3,synthetic colour (2); synthetic color (1),4d7063c6-5201-4ce1-89ed-75ee21d51b98,https://www.hindustantimes.com/cities/delhi-news/adulterated-ghee-seized-2-held-in-outer-delhi-s-budh-vihar-101759968831171.html,"synthetic color, and unsafe substances were added"
News,Ghee,lactic acid ester,True,3,3,0.9,0.9,0.9,0.9,2.7,3,3,lactic acid ester (3),adfa4015-b34e-4488-99e4-b20b4dc10324,https://www.deccanchronicle.com/southern-states/andhra-pradesh/sit-gets-4-day-custody-of-2-accused-in-tirumala-ghee-scam-1922534,chemicals such as... lactic acid ester... were supplied to... adulterate the ghee
News,Ghee,non dairy constituents,True,3,3,0.9,0.9,0.9,0.9,2.7,3,3,non-dairy constituents (3),1a066d87-0093-4ca8-9c10-84c004b76c48,https://economictimes.indiatimes.com/news/new-updates/6500-litres-of-fake-ghee-found-by-food-regulator-during-a-raid-in-delhi-and-haryana/articleshow/131825461.cms,and other non-dairy constituents
News,Ghee,potato,True,3,3,0.9,0.9,0.9,0.9,2.7,3,3,potato (3),550bda80-b5be-488a-89f6-64b9698b4033,https://timesofindia.indiatimes.com/city/ahmedabad/adulterated-ghee-seized-in-gujarat-beware-of-duplicate-branded-ghee/articleshow/106168455.cms,fraudsters used to add potato and starch in ghee
News,Ghee,soapstone,True,3,3,0.9,0.9,0.9,0.9,2.7,3,3,soapstone (3),29703dd6-f251-4649-96e9-205d63f3cb8b,https://timesofindia.indiatimes.com/life-style/food-news/68-lakh-kg-of-fake-ghee-supplied-to-make-tirupati-temple-laddoo-for-5-years/articleshow/125233302.cms,Adulterants like starch or soapstone can disturb the digestive system
News,Ghee,tallow,True,4,3,0.9,0.9,0.85,0.95,2.7,4,3,tallow (4),a96905fe-9d68-4a0c-9c4e-ce250411fcd9,https://timesofindia.indiatimes.com/blogs/onmyplate/could-tirupatis-problems-help-clarify-the-history-of-ghee-adulteration/,adulterated with other fats that are also solid at room temperature: Rendered animal fats like tallow
News,Ghee,urea,True,3,3,0.9,0.9,0.85,0.95,2.7,3,2,urea (3),b2c20d7b-5c3e-48d0-aa51-191f17058762,https://timesofindia.indiatimes.com/etimes/trending/deadly-substances-found-in-fake-ghee-factory-found-mimicking-leading-brands-in-alarming-scam/articleshow/117276930.cms,"mixing hazardous ingredients like urea, palm oil, and synthetic essences"
News,Paneer,synthetic milk,True,3,3,0.9,0.9,0.85,0.95,2.7,3,2,synthetic milk (3),milk-a4da0cb2fb8e3519,https://thelogicalindian.com/hyderabad-police-seizes-825-kg-fake-paneer-made-of-synthetic-milk-vegetable-fat/,"సింథటిక్ పాలు, స్టార్చ్, అదనపు నీరు, నాన్-మిల్క్ ఫ్యాట్స్తో తయారు చేసిన పనీర్ను"
News,fish,mercury,True,3,3,0.9,0.9,0.85,0.95,2.7,3,2,mercury (2); Mercury (1),milk-9072720be8595f77,https://www.dnaindia.com/health/report-zee-media-zara-sochiye-campaign-makes-you-think-about-food-adulteration-not-once-but-twice-3200012,Presence of heavy metals such as mercury and cadmium
News,honey,rice syrup,True,6,3,0.9,0.9,0.85,0.95,2.75,6,5,rice syrup (6),milk-82f50de033152ec7,https://www.sentinelassam.com/topheadlines/assam-sample-testing-detects-aggravated-food-adulteration,rice syrup and sugar in honey
News,honey,sugar,True,3,3,0.9,0.9,0.85,0.95,2.7,3,2,sugar (3),milk-82f50de033152ec7,https://www.sentinelassam.com/topheadlines/assam-sample-testing-detects-aggravated-food-adulteration,rice syrup and sugar in honey
News,tea,pesticide residue,True,3,3,0.9,0.9,0.9,0.9,2.7,3,3,pesticide residues (3),milk-e0280fded4cae9e7,https://assamtribune.com/assam/whats-on-your-plate-assam-battles-surge-in-unsafe-foods-as-experts-sound-alarm-1575052,"tea, fruits, and vegetables — many of which contained pesticide residues"
News,Ghee,fatty acid mono and diglycerides,True,4,3,0.8875,0.875,0.85,0.95,2.7,4,2,fatty acid mono and diglycerides (3); fatty acid mono- and diglycerides (1),f40851bc-e6e8-4605-ba83-f44d932b4760,https://timesofindia.indiatimes.com/city/surat/brothers-caught-running-spurious-ghee-racket-in-olpad/articleshow/117155656.cms,"using ghee essence, vegetable fat and fatty acid mono and diglycerides in their production"
News,Ghee,sweet potato,True,4,3,0.8875,0.9,0.85,0.9,2.7,4,3,sweet potato (4),610f7303-b426-4db9-b4b9-7e6fd98ecf45,https://www.deccanchronicle.com/southern-states/andhra-pradesh/food-safety-officials-launch-awareness-drive-on-milk-adulteration-1942879,adulteration in ghee with potato or sweet potato
News,Curd/yoghurt,fungus,True,3,3,0.8833,0.9,0.85,0.9,2.65,3,2,fungus (3),9cbf8104-4fa2-4365-bc32-09eb2d1c9381,https://www.deccanchronicle.com/southern-states/telangana/telangana-dairy-inspection-reveals-contaminated-ghee-dead-lizard-near-food-1858425,"discarding of 720 kg of curd due to contamination, fungal infestation"
News,Edible/cooking oil,used cooking oil,True,3,3,0.8833,0.9,0.85,0.9,2.65,3,2,used cooking oil (3),oil-3ef2550fc329c436,https://www.hindustantimes.com/cities/chandigarh-news/ludhiana-fast-food-joint-s-cooking-oil-fails-quality-test-say-health-dept-101764785730988.html,found using used cooking oil
News,Ghee,mono glycerides,True,3,3,0.8833,0.9,0.85,0.9,2.65,3,2,mono glycerides (2); mono-glycerides (1),0d14295d-a954-4163-8974-ecb51bd464e8,https://timesofindia.indiatimes.com/city/vijayawada/sit-exposes-how-bhole-baba-dairy-outwitted-tirupati-trust-supplied-68-lakh-kgs-of-spurious-ghee-for-five-yrs/articleshow/125205772.cms,sourced various other chemicals such as mono glycerides
News,Khoya/mawa,fungus,True,3,3,0.8833,0.9,0.85,0.9,2.65,3,2,fungus (3),1fc04845-1f82-4efa-80fc-80e8feefa6ed,https://indianexpress.com/article/health-wellness/fake-paneer-khoya-seized-up-holi-health-10561195/,testing in a mobile laboratory revealed the presence of adulterants and fungus
News,Milk,whey powder,True,3,3,0.8833,0.9,0.85,0.9,2.65,3,2,whey powder (3),2bc11203-0268-4c4a-9fe6-c168449ca3cf,https://www.livemint.com/economy/the-evolution-of-india-s-fake-milk-industry-11782121657013.html,Whey powder helped recreate the protein content of milk
News,Paneer,non milk fats,True,3,3,0.8833,0.85,0.85,0.95,2.65,3,1,non-milk fats (3),milk-a4da0cb2fb8e3519,https://thelogicalindian.com/hyderabad-police-seizes-825-kg-fake-paneer-made-of-synthetic-milk-vegetable-fat/,నాన్-మిల్క్ ఫ్యాట్స్తో తయారు చేసిన పనీర్
News,ginger garlic paste,spoiled garlic,True,3,3,0.8833,0.9,0.8,0.95,2.65,3,2,spoiled garlic (3),679c8f17-cf26-4561-ad9c-67cb3cbd52fc,https://indianexpress.com/article/india/adulterated-osmania-biscuits-fake-paneer-rotten-eggs-what-hyderabads-crackdown-on-eateries-has-revealed-10612335/,ginger-garlic paste being manufactured using spoiled ginger and garlic
News,ginger garlic paste,spoiled ginger,True,3,3,0.8833,0.9,0.8,0.95,2.65,3,2,spoiled ginger (3),679c8f17-cf26-4561-ad9c-67cb3cbd52fc,https://indianexpress.com/article/india/adulterated-osmania-biscuits-fake-paneer-rotten-eggs-what-hyderabads-crackdown-on-eateries-has-revealed-10612335/,ginger-garlic paste being manufactured using spoiled ginger
News,Ghee,soybean,True,5,3,0.88,0.9,0.85,0.9,2.65,5,3,soybean (5),4fa075c9-a30f-47e5-8f09-158017bfd6d6,https://timesofindia.indiatimes.com/city/jaipur/1-5k-kg-adulterated-ghee-seized-from-udaipur-factory-2-detained/articleshow/118810567.cms,ghee was being mixed with soybean
News,Edible/cooking oil,total polar compounds,True,4,3,0.875,0.875,0.85,0.9,2.65,4,2,Total Polar Compounds (3); total polar compounds (1),oil-3ef2550fc329c436,https://www.hindustantimes.com/cities/chandigarh-news/ludhiana-fast-food-joint-s-cooking-oil-fails-quality-test-say-health-dept-101764785730988.html,Tests showed the oil had Total Polar Compounds (TPC) above permissible limits
News,Ghee,adulterant in ghee,True,3,3,0.8667,0.85,0.85,0.9,2.6,3,1,adulterant in ghee (2); Adulterant in ghee (1),1c7ea343-020a-4266-9854-b12ebfa2cf50,https://timesofindia.indiatimes.com/city/hyderabad/sit-arrests-ttd-official-in-laddu-ghee-adulteration-case/articleshow/125623060.cms,supply of spurious ghee
News,Ghee,cottonseed oil,True,3,3,0.8667,0.85,0.85,0.9,2.6,3,1,cottonseed oil (3),411b1d1a-7b18-4425-90f0-da2c296625eb,https://timesofindia.indiatimes.com/etimes/wellness/study-reveals-fake-ghee-from-carrot-extract-can-pass-quality-tests-but-is-it-really-healthier-than-real-ghee/articleshow/131433320.cms,"cottonseed oil, or other cheap fats"
News,Paneer,harmful chemicals,False,3,3,0.8667,0.85,0.85,0.9,2.6,3,1,harmful chemicals (3),adf0eca1-40c4-42d3-b7c2-278c8ed876d9,https://www.indiatoday.in/health/story/paneer-adulteration-punjab-quality-test-homemade-dairy-advised-2768277-2025-08-08?utm_source=rss,Use of starch and harmful chemicals in production
News,Paneer,milk powder,True,3,3,0.8667,0.85,0.85,0.9,2.6,3,1,milk powder (3),milk-d7a395f3e57b8619,https://timesofindia.indiatimes.com/city/jaipur/1380-kg-of-adulterated-mawa-destroyed-at-milk-mandi-in-shastri-nagar/articleshow/124537183.cms,widespread use of milk powder and palm oil for preparing mawa and paneer
News,honey,high fructose corn syrup,True,3,3,0.8667,0.9,0.8,0.9,2.6,3,2,high fructose corn syrup (2); high-fructose corn syrup (1),384a803e-eb96-4abf-a0ea-3e3f98291e8e,https://timesofindia.indiatimes.com/city/nagpur/experts-sound-note-of-caution-as-fda-finds-52-of-86-honey-samples-adulterated/articleshow/85336798.cms,honey adulteration is done by using synthetic sugar syrups
News,Ghee,colour,True,4,3,0.8625,0.875,0.8,0.9,2.65,4,2,colour (4),a18ba308-f8ab-4590-b466-daf80aa2b59c,https://www.newindianexpress.com/states/andhra-pradesh/2024/Sep/22/andhra-mlas-ganta-and-vishnu-raise-concern-over-quality-of-simhachalam-temple-ghee,"Suspected adulteration was detected in ghee supplied by Rythu Dairy in Jangareddygudem, Eluru district, with traces of Vanaspati, flower oil, palm oil, and colour"
News,Ghee,foreign fat,True,3,3,0.8333,0.8,0.8,0.9,2.5,3,1,foreign fat (3),04c00967-a247-4802-b3c2-3f266885c385,https://www.thehindu.com/news/national/tamil-nadu/tirupati-laddu-row-madras-high-court-sets-aside-suspension-of-fssai-licence-of-dindigul-based-ar-dairy-food/article69582960.ece,"supplied ghee with foreign fat, instead of milk fat"
News,Khoya/mawa,refined oil,True,3,3,0.8333,0.85,0.8,0.85,2.5,3,0,refined oil (3),82725732-0ed9-4cd7-8e1c-ff866e950ada,https://www.tribuneindia.com/news/chandigarh/festive-season-spurious-khoya-seized-from-ambala-dairy-440791,using refined oil in preparing khoya
News,Milk,chemicals,False,3,3,0.8333,0.85,0.75,0.9,2.5,2,1,chemicals (3),64902247-dbff-448d-987f-c89ac2e30538,https://www.deccanchronicle.com/southern-states/andhra-pradesh/cbi-sit-probe-shows-no-milk-used-in-making-ghee-for-tirumala-prasadam-deputy-cm-1939590,using palm oil and some chemicals --instead of from milk fat
News,Milk,milk powder,True,4,3,0.825,0.875,0.65,0.9,2.45,3,2,milk powder (4),6fca3d47-9acd-423e-854a-e6ad43d85fbe,https://www.dnaindia.com/analysis/report-dna-tv-show-uncovering-mafia-of-fake-diwali-sweets-that-can-poison-your-family-sourabh-raaj-jain-3067817,The pure formula for making mawa is milk
News,Paneer,dust,True,4,3,0.825,0.85,0.75,0.85,2.45,3,0,dust (4),e7101938-1896-4452-8c63-fa3c76862697,https://m.rediff.com/news/commentary/2026/mar/19/3900-kgs-of-adulterated-paneer-other-dairy-products-seized-in-hyderabad-6-held/47ce118701c426548d2d7accdfe98158,"The processed paneer was stored in open plastic covers, exposed to dust, flies, and other contaminants, rendering it unsafe and unfit for human consumption."
News,laddus,animal fat,True,4,3,0.825,0.85,0.75,0.85,2.45,3,0,animal fat (2); animal fats (2),b293dea5-f7e1-4889-a56d-f823569cdff4,https://www.deccanchronicle.com/southern-states/andhra-pradesh/ap-debunks-ysrcps-claims-that-ghee-supplied-to-ttd-not-adulterated-with-animal-fat-1933972,used substandard ingredients and animal fats for making laddus
News,Coconut oil,unspecified adulterant,False,3,3,0.8167,0.85,0.75,0.85,2.45,2,0,unspecified adulterant (3),a649eae3-e3ca-408c-94a7-670f6b31b9b3,https://www.newindianexpress.com/cities/thiruvananthapuram/2025/Aug/20/17k-litres-of-adulterated-coconut-oil-seized,"seized nearly 17,000 litres of adulterated coconut oil"
News,Edible/cooking oil,unspecified adulterant,False,3,3,0.8167,0.85,0.75,0.85,2.45,2,0,unspecified adulterant (3),oil-af7d37f8450fbc59,https://timesofindia.indiatimes.com/city/kanpur/9-quintals-of-adulterated-mawa-edible-oil-seized-ahead-of-holi/articleshow/128794157.cms,seized adulterated mawa and edible oil
News,Ghee,unknown adulterant in ghee,True,3,3,0.8167,0.8,0.75,0.9,2.45,2,1,unknown adulterant in ghee (3),7b172a53-f54d-41f8-b91b-a77a4faba9b3,https://www.thehindu.com/news/national/karnataka/kmf-officials-caught-driver-supplying-adulterated-ghee-tins/article67337827.ece,test proved that it was adulterated
News,Milk,contaminant,True,3,3,0.8167,0.85,0.75,0.85,2.45,2,0,contaminant (3),milk-53de5492ae8271b6,https://www.news18.com/agency-feeds/social-equity-is-nda-govts-policy-says-andhra-cm-naidu-9925111.html,consuming contaminated milk
News,Paneer,chemicals,False,3,3,0.8167,0.8,0.8,0.85,2.45,3,0,chemicals (3),178d6244-50cd-4bea-8e16-f951f6227a8c,https://www.hindustantimes.com/cities/chandigarh-news/punjab-maximum-adulteration-in-paneer-desi-ghee-says-health-minister-101754510094173.html,starch or some chemicals were used to make them
News,Ghee,preservatives,True,3,3,0.7833,0.75,0.75,0.85,2.35,1,0,preservatives (3),920f5e05-04f9-4545-b26d-ea48a1f18a2f,https://timesofindia.indiatimes.com/life-style/food-news/575-liters-of-adulterated-ghee-and-7000-kg-of-ginger-garlic-paste-seized-in-hyderabad-how-to-do-a-purity-check-at-home/articleshow/122246421.cms,The pale color of ghee could be indicative of preservatives
News,Milk,adulterant,False,3,3,0.7833,0.75,0.75,0.85,2.35,1,0,adulterant (3),milk-6467077b7f183c28,https://www.news18.com/agency-feeds/jagan-alleges-public-health-breakdown-in-andhra-9934351.html,"incident in Rajamahendravaram linked to ""adulterated"" milk"
News,Paneer,suspected adulterant,True,3,3,0.7833,0.75,0.75,0.85,2.35,1,0,suspected adulterant (3),milk-c39d912552d34448,https://www.livemint.com/news/india/gujarat-news-1-401-kg-of-adulterated-paneer-seized-in-surat-food-outlet-was-operating-without-licence-says-fssai-11772801034522.html,"seized around 1,401 kilograms of suspected adulterated paneer"
News,sweets,substandard ingredients,True,3,3,0.7833,0.75,0.75,0.85,2.35,1,0,substandard ingredients (3),oil-02669f21b8034048,https://timesofindia.indiatimes.com/life-style/food-news/145-kgs-of-rasgullas-and-namkeens-destroyed-ahead-of-diwali-in-noida/articleshow/124574873.cms,sweets...were being made using substandard ingredients
News,Ghee,water,True,3,3,0.7667,0.75,0.7,0.85,2.3,1,0,water (3),920f5e05-04f9-4545-b26d-ea48a1f18a2f,https://timesofindia.indiatimes.com/life-style/food-news/575-liters-of-adulterated-ghee-and-7000-kg-of-ginger-garlic-paste-seized-in-hyderabad-how-to-do-a-purity-check-at-home/articleshow/122246421.cms,The burnt smell could be because of the presence of water
News,Tirupati laddu,substandard ingredients,True,3,3,0.7333,0.75,0.7,0.75,2.2,0,0,substandard ingredients (3),506988b0-2449-4e40-927e-812d623a2d92,https://economictimes.indiatimes.com/news/india/tirupati-laddu-row-fssai-issues-show-cause-notice-to-ghee-supplier/articleshow/113606936.cms,used substandard ingredients and animal fat in Tirupati laddus
News,Khoya/mawa,unknown adulterant,False,3,3,0.7167,0.75,0.65,0.75,2.15,0,0,unknown adulterant (3),17cf7411-332c-4ff5-ac37-7e258dcf6f30,https://www.freepressjournal.in/bhopal/mp-truck-full-of-substandard-mawa-seized-in-bhopal-samples-sent-for-testing-in-ratlam-as-food-dept-cracks-down-on-eateries-sweet-shops-ahead-of-diwali,The mava is said to be adulterated
News,Curd/yoghurt,milk powder,True,2,2,0.95,0.95,0.95,0.95,1.9,2,2,milk powder (2),394a5ff5-76f3-4885-87ed-4a6879611c22,https://timesofindia.indiatimes.com/city/ranchi/fssai-is-working-towards-felicitating-whistle-blowers-who-report-adulteration/articleshow/121853932.cms,use of milk powder in curd
News,Ghee,animal body fats,True,2,2,0.95,0.95,0.95,0.95,1.9,2,2,animal body fats (2),0a113e2a-26d3-45e4-9064-7cfa2f39230b,https://www.thehindu.com/sci-tech/health/tirupati-laddu-row-on-the-economics-of-and-adulterants-in-ghee-explained/article68705077.ece,"Common adulterants include edible vegetable oil, hydrogenated fats, animal body fats and starchy substances."
News,Ghee,non edible oils,True,2,2,0.95,0.95,0.95,0.95,1.9,2,2,non-edible oils (2),394a5ff5-76f3-4885-87ed-4a6879611c22,https://timesofindia.indiatimes.com/city/ranchi/fssai-is-working-towards-felicitating-whistle-blowers-who-report-adulteration/articleshow/121853932.cms,Ghee has shown traces of ... non-edible oils
News,Ghee,starchy substances,True,2,2,0.95,0.95,0.95,0.95,1.9,2,2,starchy substances (2),0a113e2a-26d3-45e4-9064-7cfa2f39230b,https://www.thehindu.com/sci-tech/health/tirupati-laddu-row-on-the-economics-of-and-adulterants-in-ghee-explained/article68705077.ece,"Common adulterants include edible vegetable oil, hydrogenated fats, animal body fats and starchy substances."
News,Ghee,synthetic essences,True,3,2,0.95,0.95,0.95,0.95,1.9,3,3,synthetic essences (3),b2c20d7b-5c3e-48d0-aa51-191f17058762,https://timesofindia.indiatimes.com/etimes/trending/deadly-substances-found-in-fake-ghee-factory-found-mimicking-leading-brands-in-alarming-scam/articleshow/117276930.cms,"mixing hazardous ingredients like urea, palm oil, and synthetic essences"
News,Ghee,vegetable ghee,True,2,2,0.95,0.95,0.95,0.95,1.9,2,2,vegetable ghee (2),9d123ed0-6bda-4c0f-a451-b6ed86c6985c,https://www.thehansindia.com/news/national/gujarat-massive-adulterated-ghee-racket-busted-in-surat-2-arrested--1066385,"mixed with palm oil, vegetable ghee"
News,Milk,glycol,True,3,2,0.95,0.95,0.95,0.95,1.9,3,3,glycol (3),milk-d159014b470cda27,https://www.deccanchronicle.com/southern-states/andhra-pradesh/6-year-old-dies-of-renal-failure-at-kgh-in-milk-contamination-case-1939663,glycol leakage could have made the milk poisonous
News,Milk,maize flour,True,2,2,0.95,0.95,0.95,0.95,1.9,2,2,maize flour (2),610f7303-b426-4db9-b4b9-7e6fd98ecf45,https://www.deccanchronicle.com/southern-states/andhra-pradesh/food-safety-officials-launch-awareness-drive-on-milk-adulteration-1942879,presence of maize flour or other starchy substances
News,Milk,soybean oil,True,2,2,0.95,0.95,0.95,0.95,1.9,2,2,soybean oil (2),2bc11203-0268-4c4a-9fe6-c168449ca3cf,https://www.livemint.com/economy/the-evolution-of-india-s-fake-milk-industry-11782121657013.html,Refined palm oil and soybean oil were used as cheaper substitutes for milk fat
News,Milk,sugar,True,3,2,0.95,0.95,0.95,0.95,1.9,3,3,sugar (3),milk-31a23415db4ed5a7,https://www.thehindu.com/news/national/karnataka/adulteration-found-in-3049-milk-samples-supplied-to-karnataka-dairies-in-a-year-govt-informs-council/article70735023.ece,salt and sugar were found to have been mixed with milk
News,Mustard oil,artificial colours,True,2,2,0.95,0.95,0.95,0.95,1.9,2,2,artificial colours (2),394a5ff5-76f3-4885-87ed-4a6879611c22,https://timesofindia.indiatimes.com/city/ranchi/fssai-is-working-towards-felicitating-whistle-blowers-who-report-adulteration/articleshow/121853932.cms,"In mustard oil, we have found cheaper oils mixed with artificial colours"
News,Paneer,caustic soda,True,2,2,0.95,0.95,0.95,0.95,1.9,2,2,caustic soda (2),milk-0bc625b573fb9e74,https://theshillongtimes.com/2026/02/04/raging-health-crisis-aap-mp-raises-alarm-in-rs-over-widespread-food-adulteration/,paneer includes starch and caustic soda
News,Paneer,glycerol monostearate,True,2,2,0.95,0.95,0.95,0.95,1.9,2,2,glycerol monostearate (2),oil-78243d8cd04a1615,https://www.freepressjournal.in/pune/nashik-314-kg-of-adulterated-paneer-seized-in-fda-raid-at-sinnar-industrial-estate,"adulterants such as refined palmolein oil, whey permeate powder, and glycerol monostearate were used in the preparation of paneer"
News,Tirupati laddu,laboratory esters,True,2,2,0.95,0.95,0.95,0.95,1.9,2,2,laboratory esters (2),09e48dfd-700e-44fd-b178-70c5c7cc29ed,https://indianexpress.com/article/cities/hyderabad/no-beef-tallow-lard-tirupati-laddu-cbi-reveals-synthetic-material-used-mimic-ghee-10503103/,adulterated with vegetable oils and laboratory esters
News,curry powder masala,ethylene oxide,True,4,2,0.95,0.95,0.95,0.95,1.9,4,4,ethylene oxide (4),milk-b87ea04f3974c7d3,https://www.thehindu.com/news/national/why-mdh-everest-spices-are-under-international-scrutiny-explained/article68130961.ece,spice mixes contained high levels of ethylene oxide
News,edible oils,machine oil,True,2,2,0.95,0.95,0.95,0.95,1.9,2,2,machine oil (2),milk-0bc625b573fb9e74,https://theshillongtimes.com/2026/02/04/raging-health-crisis-aap-mp-raises-alarm-in-rs-over-widespread-food-adulteration/,edible oils are mixed with machine oil
News,everest spice mix,ethylene oxide,True,2,2,0.95,0.95,0.95,0.95,1.9,2,2,ethylene oxide (2),milk-b87ea04f3974c7d3,https://www.thehindu.com/news/national/why-mdh-everest-spices-are-under-international-scrutiny-explained/article68130961.ece,"Singapore ordered a recall of the Everest spice mix, stating: Ethylene oxide is a pesticide"
News,fresh vegetables,pesticide residue,True,2,2,0.95,0.95,0.95,0.95,1.9,2,2,pesticide residue (2),milk-2f11ebaf3df18037,https://assamtribune.com/guwahati/assam-food-safety-raids-uncover-illegal-fruit-ripening-unsafe-food-products-1612781,harmful pesticide residue were detected in 19 out of 83 fresh vegetables
News,fruit juices,artificial colours,True,2,2,0.95,0.95,0.95,0.95,1.9,2,2,artificial colours (2),milk-0bc625b573fb9e74,https://theshillongtimes.com/2026/02/04/raging-health-crisis-aap-mp-raises-alarm-in-rs-over-widespread-food-adulteration/,fruit juices carry synthetic flavours and artificial colours
News,fruit juices,synthetic flavours,True,2,2,0.95,0.95,0.95,0.95,1.9,2,2,synthetic flavours (2),milk-0bc625b573fb9e74,https://theshillongtimes.com/2026/02/04/raging-health-crisis-aap-mp-raises-alarm-in-rs-over-widespread-food-adulteration/,fruit juices carry synthetic flavours
News,honey,maltose,True,2,2,0.95,0.95,0.95,0.95,1.9,2,2,maltose (2),384a803e-eb96-4abf-a0ea-3e3f98291e8e,https://timesofindia.indiatimes.com/city/nagpur/experts-sound-note-of-caution-as-fda-finds-52-of-86-honey-samples-adulterated/articleshow/85336798.cms,"revealed artificial sugar syrups mannose, maltose, and maltotriose"
News,honey,maltotriose,True,2,2,0.95,0.95,0.95,0.95,1.9,2,2,maltotriose (2),384a803e-eb96-4abf-a0ea-3e3f98291e8e,https://timesofindia.indiatimes.com/city/nagpur/experts-sound-note-of-caution-as-fda-finds-52-of-86-honey-samples-adulterated/articleshow/85336798.cms,"revealed artificial sugar syrups mannose, maltose, and maltotriose"
News,honey,mannose,True,2,2,0.95,0.95,0.95,0.95,1.9,2,2,mannose (2),384a803e-eb96-4abf-a0ea-3e3f98291e8e,https://timesofindia.indiatimes.com/city/nagpur/experts-sound-note-of-caution-as-fda-finds-52-of-86-honey-samples-adulterated/articleshow/85336798.cms,revealed artificial sugar syrups mannose
News,jalebi,synthetic food colours,True,2,2,0.95,0.95,0.95,0.95,1.9,2,2,synthetic food colours (2),f82c34ba-9461-4be5-bbd0-e93df7d29455,https://www.deccanchronicle.com/southern-states/telangana/food-safety-dept-seizes-60-plus-kgs-of-adulterated-sweets-ahead-of-festive-season-1911377,Inspectors found the use of synthetic food colours in milk-based sweets such as jalebi
News,khowa,starch,True,2,2,0.95,0.95,0.95,0.95,1.9,2,2,starch (2),394a5ff5-76f3-4885-87ed-4a6879611c22,https://timesofindia.indiatimes.com/city/ranchi/fssai-is-working-towards-felicitating-whistle-blowers-who-report-adulteration/articleshow/121853932.cms,starch ... in paneer and khowa
News,koya,synthetic food colours,True,2,2,0.95,0.95,0.95,0.95,1.9,2,2,synthetic food colours (2),f82c34ba-9461-4be5-bbd0-e93df7d29455,https://www.deccanchronicle.com/southern-states/telangana/food-safety-dept-seizes-60-plus-kgs-of-adulterated-sweets-ahead-of-festive-season-1911377,"Inspectors found the use of synthetic food colours in milk-based sweets such as jalebi, laddus, and koya products"
News,laddus,synthetic food colours,True,2,2,0.95,0.95,0.95,0.95,1.9,2,2,synthetic food colours (2),f82c34ba-9461-4be5-bbd0-e93df7d29455,https://www.deccanchronicle.com/southern-states/telangana/food-safety-dept-seizes-60-plus-kgs-of-adulterated-sweets-ahead-of-festive-season-1911377,"Inspectors found the use of synthetic food colours in milk-based sweets such as jalebi, laddus"
News,madras curry powder,ethylene oxide,True,3,2,0.95,0.95,0.95,0.95,1.9,3,3,ethylene oxide (3),milk-b87ea04f3974c7d3,https://www.thehindu.com/news/national/why-mdh-everest-spices-are-under-international-scrutiny-explained/article68130961.ece,spice mixes contained high levels of ethylene oxide
News,mdh sambhar masala,salmonella,True,2,2,0.95,0.95,0.95,0.95,1.9,2,2,Salmonella (2),milk-b87ea04f3974c7d3,https://www.thehindu.com/news/national/why-mdh-everest-spices-are-under-international-scrutiny-explained/article68130961.ece,MDH's Sambhar Masala was initiated in the US after FDA discovered the product was contaminated with Salmonella
News,olive oil,chlorophyll,True,2,2,0.95,0.95,0.95,0.95,1.9,2,2,chlorophyll (2),oil-b697d96d9a9efcdd,https://economictimes.indiatimes.com/news/economy/agriculture/olive-oil-price-olive-oil-cooking-food-for-fraud-your-olive-oil-might-be-unfit-for-human-consumption/articleshow/113731643.cms,"chlorophyll, which was being added to oil of a lesser quality"
News,olive oil,denatured rapeseed oil,True,3,2,0.95,0.95,0.95,0.95,1.9,3,3,denatured rapeseed oil (3),oil-b697d96d9a9efcdd,https://economictimes.indiatimes.com/news/economy/agriculture/olive-oil-price-olive-oil-cooking-food-for-fraud-your-olive-oil-might-be-unfit-for-human-consumption/articleshow/113731643.cms,consumption of denatured rapeseed oil for industrial use that had been illegally sold as olive oil
News,sambhar masala,ethylene oxide,True,3,2,0.95,0.95,0.95,0.95,1.9,3,3,ethylene oxide (3),milk-b87ea04f3974c7d3,https://www.thehindu.com/news/national/why-mdh-everest-spices-are-under-international-scrutiny-explained/article68130961.ece,spice mixes contained high levels of ethylene oxide
News,silver vark,aluminium foil,True,2,2,0.95,0.95,0.95,0.95,1.9,2,2,aluminium foil (2),7984f772-8c6a-46cb-af36-a7df6ed37ecc,https://timesofindia.indiatimes.com/life-style/food-news/fake-mithai-alert-how-to-test-your-diwali-sweets-at-home-for-safety/articleshow/124693105.cms,"That shiny silver leaf on mithai may look festive, but it can be fake."
News,spices,brick powder,True,2,2,0.95,0.95,0.95,0.95,1.9,2,2,brick powder (2),milk-0bc625b573fb9e74,https://theshillongtimes.com/2026/02/04/raging-health-crisis-aap-mp-raises-alarm-in-rs-over-widespread-food-adulteration/,spices contain brick powder
News,spices,sawdust,True,2,2,0.95,0.95,0.95,0.95,1.9,2,2,sawdust (2),milk-0bc625b573fb9e74,https://theshillongtimes.com/2026/02/04/raging-health-crisis-aap-mp-raises-alarm-in-rs-over-widespread-food-adulteration/,spices contain brick powder and sawdust
News,srivari laddu prasadam,adulterated ghee,False,2,2,0.95,0.95,0.95,0.95,1.9,2,2,adulterated ghee (2),60ccacb1-7c41-4259-b651-bfbf60e7b53a,https://www.newindianexpress.com/states/tamil-nadu/2025/Nov/30/sit-names-12-more-officials-experts-in-tirupati-laddu-ghee-case,adulterated ghee scam linked to the preparation of Srivari Laddu Prasadam
News,turmeric,rice flour,True,2,2,0.95,0.95,0.95,0.95,1.9,2,2,rice flour (2),394a5ff5-76f3-4885-87ed-4a6879611c22,https://timesofindia.indiatimes.com/city/ranchi/fssai-is-working-towards-felicitating-whistle-blowers-who-report-adulteration/articleshow/121853932.cms,"In turmeric, both whole and powdered, lead chromate and rice flour are common adulterants."
News,Cheese,cheese analogues,True,3,2,0.9333,0.95,0.9,0.95,1.85,3,3,cheese analogues (3),oil-57f455cb81e416f9,https://www.indiatoday.in/business/story/mcdonalds-responds-to-fake-cheese-crackdown-maharashtra-fda-2506260-2024-02-23?utm_source=rss,cheese analogues are basically made to mimic the taste and texture of traditional dairy cheese
News,Groundnut oil,palm oil family,True,3,2,0.9333,0.95,0.9,0.95,1.9,3,3,palm oil (3),oil-077084a32a4e8faa,https://www.mid-day.com/mumbai/mumbai-crime-news/article/navi-mumbai-7-booked-for-selling-adulterated-edible-oil-23323774,palm oil which in turn was being sold as groundnut oil
News,chilli powder,brick powder,True,3,2,0.9333,0.95,0.9,0.95,1.9,3,3,brick powder (3),milk-d5b2611e75b60517,https://www.sentinelassam.com/more-news/editorial/food-adulteration,"turmeric and chilli powder may be easily mixed with lead chromate, brick powder"
News,vanaspati,beef tallow,True,3,2,0.9333,0.95,0.9,0.95,1.9,3,3,beef tallow (3),8518bdc7-6207-4b80-a592-906702b2adbf,https://www.thehindubusinessline.com/news/adulterated-ghee-concerns-over-substandard-feedstock-slipping-through-lab-checks/article68724490.ece,beef tallow was mixed with vegetable oils and sold as vanaspati
News,Edible/cooking oil,dust,True,2,2,0.925,0.925,0.9,0.95,1.85,2,2,dust (2),oil-35e7a5d9e3e902a8,https://timesofindia.indiatimes.com/city/chennai/chennai-shop-sells-blended-oil-illegally-sealed/articleshow/93735430.cms,The oil collected in bottles had dust and sand
News,Edible/cooking oil,sand,True,2,2,0.925,0.925,0.9,0.95,1.85,2,2,sand (2),oil-35e7a5d9e3e902a8,https://timesofindia.indiatimes.com/city/chennai/chennai-shop-sells-blended-oil-illegally-sealed/articleshow/93735430.cms,The oil collected in bottles had dust and sand
News,Ghee,animal body fat,True,2,2,0.925,0.925,0.9,0.95,1.85,2,2,animal body fat (2),42afe2b5-85ea-444e-be89-85d68e60e5f4,https://www.hindustantimes.com/india-news/laddus-and-the-science-of-testing-ghee-s-purity-101727981448436.html,Ghee in general is adulterated with ... animal body fat
News,Ghee,artificial ghee essence,True,2,2,0.925,0.925,0.9,0.95,1.85,2,2,artificial ghee essence (2),58c8e8bf-9cbd-46dd-8a8b-b1b5cbb0d58d,https://indianexpress.com/article/cities/delhi/923-litres-fake-ghee-seized-uttar-pradesh-sambhal-10179095/,"the gang manufactured fake ghee using a mixture of Dalda and refined oil, along with artificial ghee essence to mimic the smell of pure ghee"
News,Ghee,cheap refined oil,True,2,2,0.925,0.925,0.9,0.95,1.85,2,2,cheap refined oil (2),012810fa-376e-496d-b17f-9b02266afe91,https://www.hindustantimes.com/cities/delhi-news/delhi-police-busts-three-units-making-1-625-kg-of-fake-desi-ghee-six-held-101759447631631.html,"mixing vanaspati ghee, cheap refined oil and chemical flavouring agents"
News,Ghee,synthetic essence of ghee,True,2,2,0.925,0.925,0.9,0.95,1.85,2,2,synthetic essence of ghee (2),d96f8ae8-4753-4f7b-9ec5-3238eca05841,https://www.freepressjournal.in/indore/markets-flooded-with-spurious-ghee-fsos-collect-samples-of-over-30-ghee-brands-waiting-for-reports,mixing synthetic essence of ghee with palm oil
News,Milk,sodium bicarbonate,True,2,2,0.925,0.925,0.9,0.95,1.85,2,2,sodium bicarbonate (2),milk-a710297f02e308b8,https://www.thehansindia.com/news/national/raging-health-crisis-aap-mp-raises-alarm-in-rs-over-widespread-food-adulteration-1045436,64 per cent had neutralisers like sodium bicarbonate
News,Paneer,acetic acid,True,2,2,0.925,0.925,0.9,0.95,1.85,2,2,acetic acid (2),oil-a9ac84d7fbe3097f,https://timesofindia.indiatimes.com/life-style/food-news/1500-kg-paneer-adulterated-with-palm-oil-and-acetic-acid-seized-in-this-city/articleshow/117992869.cms,industrial grade acetic acid were seized
News,Tirupati laddu,fish oil,True,2,2,0.925,0.925,0.9,0.95,1.85,2,2,fish oil (2),75eac450-5d76-45da-975a-a47f1515ca01,https://www.opindia.com/2024/09/no-proof-of-use-of-contaminated-ghee-supreme-court-questions-cm-naidu-on-public-statements-about-tirupati-laddus/,"ghee used by the Tirupati temple contained beef fat, pig fat, fish oil"
News,eggs,antibiotic residue,True,2,2,0.925,0.925,0.9,0.95,1.85,2,2,antibiotics (1); Antibiotic residues (1),milk-9072720be8595f77,https://www.dnaindia.com/health/report-zee-media-zara-sochiye-campaign-makes-you-think-about-food-adulteration-not-once-but-twice-3200012,Eggs Scientific studies have reported: • Antibiotic residues
News,fish,ammonia,True,2,2,0.925,0.925,0.9,0.95,1.85,2,2,ammonia (1); Ammonia (1),milk-9072720be8595f77,https://www.dnaindia.com/health/report-zee-media-zara-sochiye-campaign-makes-you-think-about-food-adulteration-not-once-but-twice-3200012,Use of formalin and ammonia for artificial preservation
News,ginger garlic paste,synthetic food colour,True,2,2,0.925,0.925,0.9,0.95,1.85,2,2,synthetic food colour (2),679c8f17-cf26-4561-ad9c-67cb3cbd52fc,https://indianexpress.com/article/india/adulterated-osmania-biscuits-fake-paneer-rotten-eggs-what-hyderabads-crackdown-on-eateries-has-revealed-10612335/,"ginger-garlic paste being manufactured using spoiled ginger and garlic, acetic acid, synthetic food colour"
News,illicit liquor,methanol,True,2,2,0.925,0.925,0.9,0.95,1.85,2,2,methanol (2),7ee0e722-e8c2-48a9-82ef-dfa05ece776d,https://timesofindia.indiatimes.com/city/pune/457-held-34-7-cr-worth-stock-seized-in-1-month-of-fda-crackdown/articleshow/132024216.cms,"seizure of 5,929 kg of methanol worth Rs3.6 lakh in connection with the Pune illicit liquor poisoning case"
News,poultry,hormonal growth promoters,True,2,2,0.925,0.925,0.9,0.95,1.85,2,2,hormonal growth promoters (1); Hormonal growth promoters (1),milk-9072720be8595f77,https://www.dnaindia.com/health/report-zee-media-zara-sochiye-campaign-makes-you-think-about-food-adulteration-not-once-but-twice-3200012,Hormonal growth promoters used to accelerate weight gain
News,water,arsenic,True,2,2,0.925,0.925,0.9,0.95,1.85,2,2,arsenic (2),milk-a5df4da0189c780d,https://timesofindia.indiatimes.com/city/mumbai/santacruz-murder-woman-lover-wanted-to-give-poison-to-hubby-even-in-hospital/articleshow/98288207.cms,thallium and arsenic had been mixed with water
News,Ghee,kokum butter,True,3,2,0.9167,0.95,0.85,0.95,1.8,3,2,kokum butter (3),a96905fe-9d68-4a0c-9c4e-ce250411fcd9,https://timesofindia.indiatimes.com/blogs/onmyplate/could-tirupatis-problems-help-clarify-the-history-of-ghee-adulteration/,"vegetable fats, which can be natural like kokum butter"
News,protein powder,arsenic,True,3,2,0.9167,0.9,0.9,0.95,1.85,3,3,arsenic (3),milk-d2fe77bd3bfa3b48,https://timesofindia.indiatimes.com/etimes/wellness/taking-protein-powder-the-hidden-dangers-no-one-tells-you/photostory/131463925.cms,31.5 times more arsenic
News,spice mixes,ethylene oxide,True,5,2,0.91,0.9,0.9,0.95,1.85,5,5,ethylene oxide (5),milk-b87ea04f3974c7d3,https://www.thehindu.com/news/national/why-mdh-everest-spices-are-under-international-scrutiny-explained/article68130961.ece,The spice mixes contained high levels of ethylene oxide
News,Ghee,artificial ghee flavour,True,2,2,0.9,0.9,0.9,0.9,1.8,2,2,artificial ghee flavour (2),1bb0d3e5-6f04-4d91-a899-8b6f59bc228a,https://www.newindianexpress.com/states/andhra-pradesh/2025/Nov/12/sit-grills-ex-tirumala-tirupati-devasthanams-additional-eo-in-ghee-adulteration-case,"chemicals like beta-carotene, acetic acid ester, and artificial ghee flavour"
News,Ghee,chemical additives,True,2,2,0.9,0.9,0.9,0.9,1.8,2,2,chemical additives (2),21fb2b00-9b86-4924-9a0d-248f976cfd93,https://www.newsx.com/regionals/tirupati-laddu-scam-sit-arrests-delhi-trader-for-supplying-chemicals-used-in-fake-ghee-108361/,adulterated with palm oil and chemical additives
News,Ghee,fats rendered from dead animals,True,2,2,0.9,0.9,0.9,0.9,1.8,2,2,fats rendered from dead animals (2),4952270d-61d5-4e8f-a415-eb23e169c7ed,https://economictimes.indiatimes.com/magazines/panache/could-tirupatis-problems-help-clarify-the-history-of-ghee-adulteration/articleshow/113572918.cms,"history of adulterating it, both with fats rendered from dead animals"
News,Ghee,groundnut oil,True,2,2,0.9,0.9,0.9,0.9,1.8,2,2,groundnut oil (2),254f3e34-f92c-4d03-93cc-a3833e71c4a5,https://indianexpress.com/article/cities/delhi/ahead-of-festivals-7600-liters-of-adulterated-ghee-900-litres-of-oil-recovered-in-delhi-one-arrested-10249950/,900 litres of vanaspati and groundnut oil used in the adulteration process
News,Ghee,mono and diglycerides,True,2,2,0.9,0.9,0.9,0.9,1.8,2,2,mono and diglycerides (2),d20d6d55-e1d9-462f-902a-31987fc17f06,https://www.deccanchronicle.com/southern-states/andhra-pradesh/laddu-ghee-adulteration-ex-ttd-chief-called-for-questioning-by-sit-1916171,Emulsifiers such as mono and diglycerides... were used to create consistency
News,Ghee,other oils,True,2,2,0.9,0.9,0.9,0.9,1.8,2,2,other oils (2),26b11917-4e55-41d5-aeb1-64e8b44bedba,https://www.freepressjournal.in/indore/crackdown-against-adulteration-in-indore-fsos-seize-850-kg-of-spurious-ghee-samples-fail-quality-test,confirming that the ghee was mixed with other oils
News,Ghee,synthetic colors,True,2,2,0.9,0.9,0.9,0.9,1.8,2,2,synthetic colors (2),29703dd6-f251-4649-96e9-205d63f3cb8b,https://timesofindia.indiatimes.com/life-style/food-news/68-lakh-kg-of-fake-ghee-supplied-to-make-tirupati-temple-laddoo-for-5-years/articleshow/125233302.cms,"Adulterated ghee often contains harmful or inferior substances like vanaspati (hydrogenated fats), starch, animal fats, or synthetic colors"
News,Ghee,trans fatty acids,True,2,2,0.9,0.9,0.9,0.9,1.8,2,2,trans fatty acids (2),063c2206-d0d3-4b7c-9742-f14ecc04ea10,https://www.thehindu.com/news/national/after-oils-fssai-caps-transfats-in-foods/article33770655.ece,adulterated ghee which becomes solid at room temperature
News,Khoya/mawa,vegetable oil/fat,True,2,2,0.9,0.9,0.85,0.95,1.8,2,1,vegetable fats (1); vegetable oil (1),oil-efa17f7ff744c18c,https://timesofindia.indiatimes.com/city/indore/300kg-of-adulterated-mawa-seized-in-ujjain-ahead-of-diwali/articleshow/114594281.cms,"Milk powder, palm oil, vegetable oil, and food colour were the adulterants in the seized mawa."
News,Milk,cheap oils,True,2,2,0.9,0.9,0.9,0.9,1.8,2,2,cheap oils (2),394a5ff5-76f3-4885-87ed-4a6879611c22,https://timesofindia.indiatimes.com/city/ranchi/fssai-is-working-towards-felicitating-whistle-blowers-who-report-adulteration/articleshow/121853932.cms,milk fat is replaced with cheap oils
News,Milk,foreign fat,True,2,2,0.9,0.9,0.9,0.9,1.8,2,2,foreign fat (2),04c00967-a247-4802-b3c2-3f266885c385,https://www.thehindu.com/news/national/tamil-nadu/tirupati-laddu-row-madras-high-court-sets-aside-suspension-of-fssai-licence-of-dindigul-based-ar-dairy-food/article69582960.ece,"foreign fat, instead of milk fat"
News,Milk,oxytocin,True,2,2,0.9,0.9,0.85,0.95,1.8,2,1,oxytocin (1); Oxytocin (1),milk-70dced0f5b9bc991,https://www.hindustantimes.com/cities/delhi-news/delhi-hc-slams-officials-over-failure-to-ensure-dairies-follow-norms-101715189838942.html,This is the sort of milk that is being used in the production of sweets and chocolates and they are today not being examined by any statutory authorities. Oxytocin is rampant over there which is a banned drug.
News,Milk,saccharine,True,2,2,0.9,0.9,0.9,0.9,1.8,2,2,saccharine (2),1fc04845-1f82-4efa-80fc-80e8feefa6ed,https://indianexpress.com/article/health-wellness/fake-paneer-khoya-seized-up-holi-health-10561195/,"For most milk products, the adulteration is in the form of starch or saccharine"
News,Milk,starchy substances,True,2,2,0.9,0.9,0.9,0.9,1.8,2,2,starchy substances (2),610f7303-b426-4db9-b4b9-7e6fd98ecf45,https://www.deccanchronicle.com/southern-states/andhra-pradesh/food-safety-officials-launch-awareness-drive-on-milk-adulteration-1942879,presence of maize flour or other starchy substances
News,Milk,vanaspati,True,2,2,0.9,0.9,0.9,0.9,1.8,2,2,vanaspati (2),394a5ff5-76f3-4885-87ed-4a6879611c22,https://timesofindia.indiatimes.com/city/ranchi/fssai-is-working-towards-felicitating-whistle-blowers-who-report-adulteration/articleshow/121853932.cms,milk fat is replaced with cheap oils or vanaspati
News,Paneer,edible oil,True,2,2,0.9,0.9,0.85,0.95,1.8,2,1,edible oil (2),oil-ea6ed6e68f2fdf2d,https://timesofindia.indiatimes.com/city/nashik/fda-seizes-397kg-of-adulterated-paneer/articleshow/105138119.cms,paneer was found to be adulterated with edible oil
News,Paneer,washing soda,True,2,2,0.9,0.9,0.9,0.9,1.8,2,2,washing soda (2),milk-18cbe2e91f8e5d65,https://www.thehansindia.com/telangana/cops-crack-down-on-paneer-adulteration-1087770,add non-edible chemicals like washing soda
News,Tirupati laddu,vegetable oil/fat,True,2,2,0.9,0.9,0.85,0.95,1.8,2,1,vegetable oils (1); vegetable fats (1),09e48dfd-700e-44fd-b178-70c5c7cc29ed,https://indianexpress.com/article/cities/hyderabad/no-beef-tallow-lard-tirupati-laddu-cbi-reveals-synthetic-material-used-mimic-ghee-10503103/,ghee used for laddu preparation was adulterated with vegetable oils
News,almonds,fungus,True,3,2,0.9,0.9,0.9,0.9,1.8,3,3,fungus (3),8c9f1a58-c54c-43ce-b2bc-293e7082c182,https://economictimes.indiatimes.com/news/new-updates/1100-kg-adulterated-sweets-145-kg-rasgullas-with-flies-destroyed-in-noida-before-diwali/articleshow/124596010.cms,fungus-laden almonds
News,cakes and buns,rotten eggs,True,2,2,0.9,0.9,0.9,0.9,1.8,2,2,rotten eggs (2),679c8f17-cf26-4561-ad9c-67cb3cbd52fc,https://indianexpress.com/article/india/adulterated-osmania-biscuits-fake-paneer-rotten-eggs-what-hyderabads-crackdown-on-eateries-has-revealed-10612335/,"using rotten eggs and hazardous chemicals – sodium benzoate, sorbic acid, and PGPR liquid – to prepare cakes and buns"
News,curry powder,ethylene oxide,True,2,2,0.9,0.9,0.9,0.9,1.8,2,2,ethylene oxide (2),milk-b87ea04f3974c7d3,https://www.thehindu.com/news/national/why-mdh-everest-spices-are-under-international-scrutiny-explained/article68130961.ece,ethylene oxide in guar gum and curry powder from India
News,edible oils,heavy metals,True,2,2,0.9,0.9,0.9,0.9,1.8,2,2,heavy metals (2),oil-0310964e84fe1347,https://www.financialexpress.com/industry/fssai-says-2-42-of-4461-different-edible-oils-samples-found-to-be-of-sub-standard-quality/2393346/,"presence of Aflatoxins, pesticide residues and heavy metals"
News,edible oils,pesticide residue,True,2,2,0.9,0.9,0.9,0.9,1.8,2,2,pesticide residues (2),oil-0310964e84fe1347,https://www.financialexpress.com/industry/fssai-says-2-42-of-4461-different-edible-oils-samples-found-to-be-of-sub-standard-quality/2393346/,"presence of Aflatoxins, pesticide residues and heavy metals"
News,eggs,salmonella,True,2,2,0.9,0.9,0.85,0.95,1.8,2,1,Salmonella (2),milk-9072720be8595f77,https://www.dnaindia.com/health/report-zee-media-zara-sochiye-campaign-makes-you-think-about-food-adulteration-not-once-but-twice-3200012,Contamination with Salmonella and E. coli
News,everest garam masala,salmonella,True,2,2,0.9,0.9,0.9,0.9,1.8,2,2,Salmonella (2),milk-b87ea04f3974c7d3,https://www.thehindu.com/news/national/why-mdh-everest-spices-are-under-international-scrutiny-explained/article68130961.ece,Another such recall involved Everest's Garam Masala and Sambhar Masala
News,guar gum,ethylene oxide,True,2,2,0.9,0.9,0.9,0.9,1.8,2,2,ethylene oxide (2),milk-b87ea04f3974c7d3,https://www.thehindu.com/news/national/why-mdh-everest-spices-are-under-international-scrutiny-explained/article68130961.ece,ethylene oxide in guar gum
News,honey,beetroot syrup,True,2,2,0.9,0.9,0.9,0.9,1.8,2,2,beetroot syrup (2),384a803e-eb96-4abf-a0ea-3e3f98291e8e,https://timesofindia.indiatimes.com/city/nagpur/experts-sound-note-of-caution-as-fda-finds-52-of-86-honey-samples-adulterated/articleshow/85336798.cms,Adulterated with C3 sugar syrups like rice and beetroot syrup
News,honey,corn syrup,True,2,2,0.9,0.9,0.9,0.9,1.8,2,2,corn syrup (2),384a803e-eb96-4abf-a0ea-3e3f98291e8e,https://timesofindia.indiatimes.com/city/nagpur/experts-sound-note-of-caution-as-fda-finds-52-of-86-honey-samples-adulterated/articleshow/85336798.cms,Adulterated with C4 sugar-like corn and sugarcane syrups
News,honey,sugarcane syrup,True,2,2,0.9,0.9,0.9,0.9,1.8,2,2,sugarcane syrup (2),384a803e-eb96-4abf-a0ea-3e3f98291e8e,https://timesofindia.indiatimes.com/city/nagpur/experts-sound-note-of-caution-as-fda-finds-52-of-86-honey-samples-adulterated/articleshow/85336798.cms,Adulterated with C4 sugar-like corn and sugarcane syrups
News,laddu prasadam,synthetic ghee,True,2,2,0.9,0.9,0.9,0.9,1.8,2,2,synthetic ghee (2),c6e6e3f3-bc85-48dc-ad18-bb08d31d7308,https://www.livemint.com/news/india/ttd-laddu-row-uttarakhand-based-dairy-24-others-named-in-final-chargesheet-of-cbi-led-sit-adulterated-ghee-11769229345626.html,"synthetic ghee, which was later allegedly used in the preparation of laddu prasadam"
News,maggi masala ae magic,salmonella,True,2,2,0.9,0.9,0.9,0.9,1.8,2,2,Salmonella (2),milk-b87ea04f3974c7d3,https://www.thehindu.com/news/national/why-mdh-everest-spices-are-under-international-scrutiny-explained/article68130961.ece,Maggi's Masala-ae-Magic in June last year. Other than being contaminated with Salmonella
News,mithai,artificial dyes,True,2,2,0.9,0.9,0.9,0.9,1.8,2,2,artificial dyes (2),7984f772-8c6a-46cb-af36-a7df6ed37ecc,https://timesofindia.indiatimes.com/life-style/food-news/fake-mithai-alert-how-to-test-your-diwali-sweets-at-home-for-safety/articleshow/124693105.cms,"many shop-bought mithai contain adulterants like starch, artificial dyes"
News,mithai,metallic powders,True,2,2,0.9,0.9,0.9,0.9,1.8,2,2,metallic powders (2),7984f772-8c6a-46cb-af36-a7df6ed37ecc,https://timesofindia.indiatimes.com/life-style/food-news/fake-mithai-alert-how-to-test-your-diwali-sweets-at-home-for-safety/articleshow/124693105.cms,"many shop-bought mithai contain adulterants like starch, artificial dyes, or metallic powders"
News,mithai,starch,True,2,2,0.9,0.9,0.9,0.9,1.8,2,2,starch (2),7984f772-8c6a-46cb-af36-a7df6ed37ecc,https://timesofindia.indiatimes.com/life-style/food-news/fake-mithai-alert-how-to-test-your-diwali-sweets-at-home-for-safety/articleshow/124693105.cms,many shop-bought mithai contain adulterants like starch
News,protein powder,lead,True,2,2,0.9,0.9,0.85,0.95,1.8,2,1,lead (2),milk-d2fe77bd3bfa3b48,https://timesofindia.indiatimes.com/etimes/wellness/taking-protein-powder-the-hidden-dangers-no-one-tells-you/photostory/131463925.cms,protein powders... had dangerously high levels of the toxic heavy metal lead
News,protein powder,pesticide residue,True,2,2,0.9,0.9,0.9,0.9,1.8,2,2,pesticide residue (1); pesticides (1),milk-10e440425c21f312,https://timesofindia.indiatimes.com/blogs/toi-edit-page/hey-kids-binge-on-sugar-no-ones-watching/,"reputable brands contained fungal toxins, pesticide residues"
News,red chilli powder,coloured stems,True,2,2,0.9,0.9,0.9,0.9,1.8,2,2,coloured stems (2),394a5ff5-76f3-4885-87ed-4a6879611c22,https://timesofindia.indiatimes.com/city/ranchi/fssai-is-working-towards-felicitating-whistle-blowers-who-report-adulteration/articleshow/121853932.cms,Red chilli powder often contains coloured stems and dust.
News,sambhar masala,salmonella,True,2,2,0.9,0.9,0.9,0.9,1.8,2,2,Salmonella (2),milk-b87ea04f3974c7d3,https://www.thehindu.com/news/national/why-mdh-everest-spices-are-under-international-scrutiny-explained/article68130961.ece,"Another such recall involved Everest's Garam Masala and Sambhar Masala, and Maggi's Masala-ae-Magic in June last year. Other than being contaminated with Salmonella."
News,spurious liquor,methanol,True,2,2,0.9,0.9,0.9,0.9,1.8,2,2,methanol (2),milk-0928ece56230062e,https://timesofindia.indiatimes.com/times-special/pure-milk-protein-shakes-how-dry-bihar-gets-its-high/articleshow/130621720.cms,hundreds have died from methanol poisoning
News,srivari laddu prasadam,ghee,True,2,2,0.9,0.9,0.85,0.95,1.8,2,1,ghee (2),8ef8782e-cc91-4ddc-95d5-d260f1b7a518,https://www.thehansindia.com/andhra-pradesh/sit-and-cbi-investigate-adulterated-ghee-in-srivari-laddu-prasadam-924427,adulterated ghee in Srivari Laddu Prasadam
News,sweets,non food grade silver foils,True,2,2,0.9,0.9,0.9,0.9,1.8,2,2,non-food-grade silver foils (2),f82c34ba-9461-4be5-bbd0-e93df7d29455,https://www.deccanchronicle.com/southern-states/telangana/food-safety-dept-seizes-60-plus-kgs-of-adulterated-sweets-ahead-of-festive-season-1911377,Other violations included non-food-grade silver foils
News,Butter,starch,True,2,2,0.875,0.875,0.85,0.9,1.75,2,1,starch (2),5ecfa12d-a622-4259-9978-cc9122ab028a,https://timesofindia.indiatimes.com/city/lucknow/is-your-milk-or-ghee-pure-try-these-simple-fssai-approved-home-tests/articleshow/121692171.cms,Solution with starch adulterated butter will turn blue
News,Curd/yoghurt,fungal infestation,True,2,2,0.875,0.875,0.85,0.9,1.75,2,1,Fungal infestation (1); fungal infestation (1),df6dd614-6785-4c3a-b6c7-1e091a751c64,https://www.deccanchronicle.com/southern-states/telangana/many-restaurants-violated-food-safety-rules-task-force-officials-1858555,"discarded 720 kg of curd due to contamination, fungal infestation, and spoilage"
News,Ghee,artificial flavouring agents,True,2,2,0.875,0.875,0.85,0.9,1.75,2,1,artificial flavouring agents (2),5da88fec-b61a-41cb-bca5-8311b43a4c9f,https://www.newindianexpress.com/states/andhra-pradesh/2026/May/03/commission-report-flags-ttds-procurement-of-over-70-lakh-kg-ghee-without-mandatory-testing,"using synthetic additives such as beta-carotene, acetic acid ester, and artificial flavouring agents"
News,Ghee,esters,True,2,2,0.875,0.875,0.85,0.9,1.75,2,1,esters (2),21fb2b00-9b86-4924-9a0d-248f976cfd93,https://www.newsx.com/regionals/tirupati-laddu-scam-sit-arrests-delhi-trader-for-supplying-chemicals-used-in-fake-ghee-108361/,"providing chemicals such as monoglycerides, acetic acid, and esters"
News,Ghee,hydrogenated oils,True,2,2,0.875,0.875,0.85,0.9,1.75,2,1,hydrogenated oils (2),e1bbca7c-14db-40cf-a128-0219f12466a3,https://www.freepressjournal.in/mumbai/nhrc-complaint-filed-over-tirupati-ghee-scandal-activist-calls-it-national-betrayal-of-faith,ghee ... reportedly contained hydrogenated oils
News,Ghee,mashed potatoes,True,2,2,0.875,0.875,0.85,0.9,1.75,2,1,mashed potatoes (2),67c4a0dd-5f32-4dde-b733-4a4a9e5dfafb,https://timesofindia.indiatimes.com/life-style/food-news/fsda-declares-6-desi-ghee-brands-unsafe-how-to-check-ghee-purity-and-the-easiest-way-to-make-ghee-at-home/articleshow/130544411.cms,"The common adulterants used in ghee are refined vegetable oil, animal body fat, starch or mashed potatoes"
News,Ghee,palm kernel fat,True,2,2,0.875,0.875,0.85,0.9,1.75,2,1,palm kernel fat (2),milk-373237b4ee3b0c64,https://www.hindustantimes.com/india-news/centre-steps-in-as-row-over-tirupati-laddus-explodes-101726860004856.html,"presence of foreign fats such as soybean, sunflower, palm kernel fat"
News,Ghee,paraffin wax,True,2,2,0.875,0.875,0.85,0.9,1.75,2,1,paraffin wax (2),6901ef7b-f98a-4b3a-b622-85196fe10ffb,https://indianexpress.com/article/lifestyle/food-wine/tirupati-laddoo-controversy-eating-adulterated-ghee-affect-health-9589633/,Harmful chemicals like paraffin wax or even detergents are used
News,Ghee,synthetic oils,True,2,2,0.875,0.875,0.85,0.9,1.75,2,1,synthetic oils (2),dc0f107c-d6af-40f2-b8fd-d6a8264071a5,https://www.thequint.com/news/breaking-news/cbi-finds-no-animal-fat-tirupati-ghee,adulterated ghee made from synthetic oils
News,Ghee,vegetable cooking oil,True,2,2,0.875,0.875,0.85,0.9,1.75,2,1,vegetable cooking oil (2),ea6c8861-7a39-4e19-8e71-58720131fa8d,https://www.thehindu.com/news/national/karnataka/four-arrested-in-nandini-ghee-adulteration-racket-case/article38059298.ece,"10 tonnes of ghee, including adulterants like vegetable cooking oil"
News,Khoya/mawa,flour,True,2,2,0.875,0.875,0.85,0.9,1.75,2,1,flour (2),8d207b3c-d7d6-4776-a05d-ec3f854e4f5e,https://www.financialexpress.com/life/lifestyle-worried-about-adulterated-diwali-sweets-dietitian-on-how-to-recognise-fake-khoya-4011313/,starch and flour in khoya
News,Khoya/mawa,skimmed milk powder,True,2,2,0.875,0.875,0.85,0.9,1.75,2,1,skimmed milk powder (2),96aa0432-3d5f-4a5a-b1d3-041eafc706bc,https://www.hindustantimes.com/cities/lucknow-news/fsda-festival-crackdown-over-rs-62-lakh-worth-of-adulterated-food-seized-in-lucknow-101760729311321.html,producing counterfeit khoya using a dangerous mix of skimmed milk powder
News,Milk,bacteria,True,2,2,0.875,0.875,0.85,0.9,1.75,2,1,bacteria (2),milk-06dc77247b5c75c4,https://timesofindia.indiatimes.com/blogs/seeing-the-invisible/milk-won-the-battle-against-measles-long-before-antibiotics-and-vaccines-part-2/,"cow milk was not just expensive, it was contaminated by bacteria"
News,Milk,neutralisers,True,2,2,0.875,0.875,0.85,0.9,1.75,2,1,neutralisers (2),milk-fbd10ca791d9f631,https://www.deccanchronicle.com/southern-states/andhra-pradesh/vigil-intensifies-amid-adulterated-milk-scare-in-tirupati-chittoor-districts-1939653,"preservatives and neutralisers are used, so that the milk does not spoil quickly"
News,Mustard oil,soybean oil,True,2,2,0.875,0.875,0.85,0.9,1.75,2,1,soybean oil (2),oil-89e415114ffbdc77,https://garhwalpost.in/specs-presents-report-on-adulteration-in-mustard-oil/,"Adulteration was found in Jaspur (40%), Kashipur (50%), Uttarkashi (95%), Dehradun (94%), Pithoragarh (91%), Tehri (90%), Haldwani (90%), Vikas Nagar (80%), Doiwala (80%), Nainital (71%), Srinagar (80%), Rishikesh (75%), Ram Nagar (67%), Haridwar (65%) and Rudrapur (60%). The adulteration is due to yellow colour i.e. Metanil yellow, white oil, Castor oil, soybean and groundnut containing cheap cotton seed oil and excess percentage of hexane."
News,Palm oil,animal fat,True,2,2,0.875,0.875,0.85,0.9,1.75,2,1,animal fats (2),oil-077084a32a4e8faa,https://www.mid-day.com/mumbai/mumbai-crime-news/article/navi-mumbai-7-booked-for-selling-adulterated-edible-oil-23323774,animal fats ... were being mixed in palm oil
News,cakes and buns,sorbic acid,True,2,2,0.875,0.875,0.85,0.9,1.75,2,1,sorbic acid (2),679c8f17-cf26-4561-ad9c-67cb3cbd52fc,https://indianexpress.com/article/india/adulterated-osmania-biscuits-fake-paneer-rotten-eggs-what-hyderabads-crackdown-on-eateries-has-revealed-10612335/,"using rotten eggs and hazardous chemicals – sodium benzoate, sorbic acid, and PGPR liquid – to prepare cakes and buns"
News,chilli powder,artificial colour,True,2,2,0.875,0.875,0.85,0.9,1.75,2,1,artificial colour (2),5ecfa12d-a622-4259-9978-cc9122ab028a,https://timesofindia.indiatimes.com/city/lucknow/is-your-milk-or-ghee-pure-try-these-simple-fssai-approved-home-tests/articleshow/121692171.cms,Adulterated powder with artificial colour will leave streaks behind
News,dry fruits,mineral oil,True,2,2,0.875,0.875,0.85,0.9,1.75,2,1,mineral oil (2),7984f772-8c6a-46cb-af36-a7df6ed37ecc,https://timesofindia.indiatimes.com/life-style/food-news/fake-mithai-alert-how-to-test-your-diwali-sweets-at-home-for-safety/articleshow/124693105.cms,Dry fruits are sometimes polished with mineral oil
News,fruits and vegetables,pesticide residue,True,2,2,0.875,0.875,0.85,0.9,1.75,2,1,pesticide residues (2),milk-3812e38befd121be,https://indianexpress.com/article/health-wellness/packaged-foods-children-diets-practices-meal-plans-10756755/,Pesticide residues can remain on fruits and vegetables
News,ginger garlic paste,harmful preservatives,True,2,2,0.875,0.875,0.85,0.9,1.75,2,1,harmful preservatives (2),oil-ce4031737a7654b3,https://www.thehindu.com/news/cities/Hyderabad/22-cases-booked-in-cyberabad-food-adulteration-crackdown-64-lakh-worth-goods-seized/article70892711.ece,manufacturing ginger-garlic paste using harmful preservatives
News,ice cream,expired flavouring agents,True,2,2,0.875,0.875,0.85,0.9,1.75,2,1,expired flavouring agents (2),milk-13b89acd5673a6e0,https://indianexpress.com/article/india/adulterated-osmania-biscuits-fake-paneer-rotten-eggs-what-hyderabads-crackdown-on-eateries-has-revealed-10612335/,ice-cream unit... using expired flavouring agents
News,ice cream,substandard synthetic colours,True,2,2,0.875,0.875,0.85,0.9,1.75,2,1,substandard synthetic colours (2),milk-13b89acd5673a6e0,https://indianexpress.com/article/india/adulterated-osmania-biscuits-fake-paneer-rotten-eggs-what-hyderabads-crackdown-on-eateries-has-revealed-10612335/,ice-cream unit... using... substandard synthetic colours
News,spices,artificial colours,True,2,2,0.875,0.875,0.85,0.9,1.75,2,1,artificial colours (2),oil-870dcb6e12d0e5d0,https://timesofindia.indiatimes.com/city/hyderabad/tea-to-ice-creams-food-adulteration-on-the-rise-in-hyderabad/articleshow/108746726.cms,"colours are being added to chilli powder, spices etc"
News,Ghee,harmful chemicals,False,3,2,0.8667,0.85,0.85,0.9,1.75,3,1,harmful chemicals (3),f40851bc-e6e8-4605-ba83-f44d932b4760,https://timesofindia.indiatimes.com/city/surat/brothers-caught-running-spurious-ghee-racket-in-olpad/articleshow/117155656.cms,used palm oil and harmful chemicals to make a product that looked and smelled like ghee
News,Cheese,cheese analog,True,2,2,0.85,0.85,0.85,0.85,1.7,2,0,cheese analog (2),e8df3e42-08d1-42b5-9d25-f910c781164a,https://www.freepressjournal.in/mumbai/mumbai-news-fda-destroys-218-kg-cheese-478-litres-milk-worth-54000-in-festive-season-adulteration-crackdown,seized cheese analog being sold without labels
News,Ghee,additives,True,2,2,0.85,0.85,0.85,0.85,1.7,2,0,additives (2),2679a7a3-abde-4979-ac6e-5cf24113e0db,https://www.thehansindia.com/andhra-pradesh/tirumala-ghee-adulteration-case-sit-completes-probe-files-final-chargesheet-1041872,mixed with chemicals and additives
News,Ghee,cheap oils,True,3,2,0.85,0.85,0.8,0.9,1.75,3,1,cheap oils (3),386b1c27-49a4-43e7-b4b1-3457f9466a37,https://www.hindustantimes.com/htcity/htcity-foodies/kya-aapke-ghee-meh-vanaspati-hai-here-are-5-expert-approved-purity-tests-you-can-try-at-home-101727260180885.html,"Ghee, often considered a superfood, loses its health benefits when mixed with harmful additives like starch, vanaspati, or cheap oils."
News,Ghee,cheaper oils,True,3,2,0.85,0.85,0.85,0.85,1.7,3,0,cheaper oils (3),5889b659-80e2-41f8-a2fb-9e0a26ae19cc,https://www.businesstoday.in/india/story/indias-liquid-gold-is-taxed-unfairly-experts-demand-gst-cut-on-ghee-from-12-to-5-485968-2025-07-23?utm_source=rssfeed,increased adulteration as producers blend ghee with cheaper oils
News,Ghee,rapeseed oil,True,2,2,0.85,0.85,0.85,0.85,1.7,2,0,rapeseed oil (2),e6e7e00b-0ede-4741-8419-066a93e431cd,https://www.hindustantimes.com/india-news/andhra-to-form-panel-to-identify-real-culprits-of-tirumala-ghee-adulteration-101770148393113.html,"sunflower oil, rapeseed oil"
News,Ghee,unidentified oil,True,3,2,0.85,0.85,0.85,0.85,1.7,3,0,unidentified oil (3),43de8661-2844-46b7-bb39-15eb17f6b82e,https://assamtribune.com/national/6500-litres-of-fake-ghee-recovered-in-delhi-haryana-1612879,"1,020 litres of unidentified oil, suspected to be used as raw material in the production of counterfeit ghee"
News,Khoya/mawa,unspecified adulterant,False,2,2,0.85,0.85,0.85,0.85,1.7,2,0,unspecified adulterant (2),d3241ae6-2c77-4c8d-be5f-fc806ff45ba1,https://timesofindia.indiatimes.com/city/kanpur/ghee-found-adulterated-shop-owner-fined-of-4l/articleshow/109018165.cms,food samples of mawa burfi... failed in lab testing
News,Milk,e coli,True,3,2,0.85,0.85,0.85,0.85,1.7,3,0,e-coli (2); E. coli (1),milk-3422501485cab59d,https://timesofindia.indiatimes.com/city/kochi/two-donate-milk-to-gh-breast-milk-bank/articleshow/103725786.cms,Sometimes the presence of e-coli is detected in the milk
News,Milk,harmful chemicals,False,2,2,0.85,0.85,0.85,0.85,1.7,2,0,harmful chemicals (2),milk-a820fe21ffd7054d,https://timesofindia.indiatimes.com/city/chandigarh/concerns-over-environmental-pollution-raised-in-punjab-assembly/articleshow/108313760.cms,harmful chemicals were being added to milk products
News,Milk,hazardous waste,True,2,2,0.85,0.85,0.85,0.85,1.7,2,0,hazardous waste (2),milk-70dced0f5b9bc991,https://www.hindustantimes.com/cities/delhi-news/delhi-hc-slams-officials-over-failure-to-ensure-dairies-follow-norms-101715189838942.html,"cattle consuming hazardous waste near the landfill sites, which eventually leads to the production of toxic milk"
News,Paneer,adulterants,False,2,2,0.85,0.85,0.85,0.85,1.7,2,0,adulterants (2),1fc04845-1f82-4efa-80fc-80e8feefa6ed,https://indianexpress.com/article/health-wellness/fake-paneer-khoya-seized-up-holi-health-10561195/,confiscated adulterated paneer
News,Paneer,industrial grade acetic acid,True,4,2,0.85,0.875,0.75,0.9,1.65,3,2,industrial-grade acetic acid (4),276e27ef-82bd-4911-a4df-9d2448b232fb,https://timesofindia.indiatimes.com/city/delhi/whats-cooking-in-pantry-bite-into-adulterated-truth/articleshow/130488415.cms,"police also seized machinery, industrial-grade acetic acid, and palm oil"
News,Paneer,non food grade substances,True,2,2,0.85,0.85,0.85,0.85,1.7,2,0,non-food-grade substances (2),618d90b6-9e66-4825-a59d-b517bbab5355,https://www.siasat.com/h-fast-seizes-825-kg-of-adulterated-paneer-from-hyderabad-eateries-3491650/,adulteration practices like adding ... non-food-grade substances
News,Paneer,oil,True,3,2,0.85,0.85,0.75,0.95,1.8,2,1,oil (3),milk-049e3ea4bd397a55,https://economictimes.indiatimes.com/industry/services/hotels-/-restaurants/hotels-restaurants-pubs-under-fssais-intense-scrutiny-over-adulterated-paneer/articleshow/126014895.cms,fake paneer made from starch and oil
News,Paneer,unidentified liquid substances,True,2,2,0.85,0.85,0.85,0.85,1.7,2,0,unidentified liquid substances (2),08675130-4804-4198-9157-40e7f9a9d248,https://timesofindia.indiatimes.com/life-style/food-news/702-food-samples-revealed-paneer-as-the-most-adulterated-product/articleshow/120175050.cms,unidentified liquid substances
News,Paneer,unknown adulterant in paneer,True,2,2,0.85,0.85,0.85,0.85,1.7,2,0,unknown adulterant in paneer (2),b5690da5-d268-4dcc-94fb-7b35138c3dfc,https://timesofindia.indiatimes.com/city/ranchi/600kg-adulterated-dairy-products-seized-in-ranchi/articleshow/122668651.cms,560 kg of spurious paneer
News,Paneer,vegetable proteins,True,2,2,0.85,0.85,0.85,0.85,1.7,2,0,vegetable proteins (2),1fc04845-1f82-4efa-80fc-80e8feefa6ed,https://indianexpress.com/article/health-wellness/fake-paneer-khoya-seized-up-holi-health-10561195/,"substituted by constituents such as vegetable oil, fats, vegetable proteins"
News,confectionery items,synthetic dyes,True,2,2,0.85,0.85,0.85,0.85,1.7,2,0,synthetic dyes (2),0474b2bd-b79f-48d1-ba0c-b7db6a1fa873,https://www.thehindu.com/news/national/telangana/telangana-food-safety-department-demonstrates-methods-to-identify-adulterated-food/article70833242.ece,multi-coloured confectionery items
News,cough syrup,diethylene glycol,True,2,2,0.85,0.85,0.8,0.9,1.7,2,1,diethylene glycol (2),milk-6cf8b965d0dba773,https://indianexpress.com/article/world/when-children-take-toxic-cough-syrup-and-live-9080098/,broken the ethylene and diethylene glycol down
News,cough syrup,ethylene glycol,True,2,2,0.85,0.85,0.8,0.9,1.7,2,1,ethylene glycol (2),milk-6cf8b965d0dba773,https://indianexpress.com/article/world/when-children-take-toxic-cough-syrup-and-live-9080098/,detecting EG in the blood samples of patients
News,ice cream,adulterated materials,True,2,2,0.85,0.85,0.85,0.85,1.7,2,0,adulterated materials (2),276e27ef-82bd-4911-a4df-9d2448b232fb,https://timesofindia.indiatimes.com/city/delhi/whats-cooking-in-pantry-bite-into-adulterated-truth/articleshow/130488415.cms,products that contained adulterated materials included items such as ice cream
News,laddu,palm oil family,True,3,2,0.85,0.8,0.8,0.95,1.75,3,1,palm oil (2); palmolein (1),abb94f1c-6bf3-442d-9749-eacc170b025c,https://www.newkerala.com/news/o/laddu-adulteration-case-sit-arrests-tirumala-temple-official-593,nearly 40 per cent were found to contain palm oil
News,laddu prasadam,animal fat,True,2,2,0.85,0.85,0.85,0.85,1.7,2,0,animal fat (2),4ab6dce1-5865-4c8a-be3d-669937a47b8c,https://www.opindia.com/2024/09/goa-illegal-slaughterhouse-raided-2-bovines-over-800-kgs-of-animal-fat-recovered-accused-aslam-was-using-it-to-produce-ghee/,Laddu Prasadam of Tirupati Balaji temple ... found to contain ghee adulterated with animal fat
News,olive oil,palm oil family,True,2,2,0.85,0.85,0.85,0.85,1.7,2,0,palm oil (2),oil-7398fff2b0bde702,https://indianexpress.com/article/lifestyle/food-wine/govt-seizes-fake-cooking-oil-harms-how-to-identify-9369475/,"addition of cheaper oils, such as palm or soybean oil, to higher-value oils like olive"
News,osmania biscuits,adulterated ingredients,True,3,2,0.85,0.85,0.85,0.85,1.7,3,0,adulterated ingredients (3),679c8f17-cf26-4561-ad9c-67cb3cbd52fc,https://indianexpress.com/article/india/adulterated-osmania-biscuits-fake-paneer-rotten-eggs-what-hyderabads-crackdown-on-eateries-has-revealed-10612335/,Osmania biscuits were manufactured using adulterated ingredients
News,red chilli powder,dust,True,2,2,0.85,0.85,0.85,0.85,1.7,2,0,dust (2),394a5ff5-76f3-4885-87ed-4a6879611c22,https://timesofindia.indiatimes.com/city/ranchi/fssai-is-working-towards-felicitating-whistle-blowers-who-report-adulteration/articleshow/121853932.cms,Red chilli powder often contains coloured stems and dust.
News,Milk,animal fat,True,2,2,0.825,0.825,0.8,0.85,1.65,2,0,animal fats (1); animal fat (1),8eb102f2-a097-496b-8975-3d2cd6e31a8d,https://www.thehansindia.com/andhra-pradesh/sit-chargesheet-confirms-adulteration-of-ghee-says-ttd-chief-1044034,ghee was prepared without using milk and was adulterated with animal fat
News,Milk,salmonella,True,2,2,0.825,0.825,0.8,0.85,1.65,2,0,Salmonella (2),milk-b9c90eeea91e54ae,https://indianexpress.com/article/lifestyle/food-wine/foodborne-illnesses-contamination-heat-summer-health-diet-india-9385491/,unpasteurized milk products are popular sources
News,cakes and buns,sodium benzoate,True,2,2,0.825,0.825,0.8,0.85,1.65,2,0,sodium benzoate (2),milk-13b89acd5673a6e0,https://indianexpress.com/article/india/adulterated-osmania-biscuits-fake-paneer-rotten-eggs-what-hyderabads-crackdown-on-eateries-has-revealed-10612335/,hazardous chemicals – sodium benzoate... to prepare cakes and buns
News,dried kiwi slices,synthetic dyes,True,2,2,0.825,0.825,0.8,0.85,1.65,2,0,synthetic dyes (1); Synthetic dyes (1),0474b2bd-b79f-48d1-ba0c-b7db6a1fa873,https://www.thehindu.com/news/national/telangana/telangana-food-safety-department-demonstrates-methods-to-identify-adulterated-food/article70833242.ece,vividly coloured dried kiwi slices
News,Ghee,unsafe substances,True,2,2,0.8,0.8,0.8,0.8,1.6,2,0,unsafe substances (2),4d7063c6-5201-4ce1-89ed-75ee21d51b98,https://www.hindustantimes.com/cities/delhi-news/adulterated-ghee-seized-2-held-in-outer-delhi-s-budh-vihar-101759968831171.html,unsafe substances were added
News,laddu,animal fat,True,2,2,0.8,0.8,0.75,0.85,1.6,1,0,animal fat (2),e1955bc5-123d-4ca0-b875-2d75b1f718f1,https://www.hindustantimes.com/india-news/ttd-chief-says-real-culprits-ignored-in-sit-charge-sheet-on-ghee-row-101769799977686.html,presence of animal fat in the ghee used in the laddu preparation
News,tirupati laddus,adulterated ghee,False,2,2,0.8,0.8,0.75,0.85,1.6,1,0,adulterated ghee (2),1eff2392-eb9e-4383-8e94-6eb64cdf98b1,https://timesofindia.indiatimes.com/india/tirupati-row-andhra-cm-chandrababu-naidu-flags-conspiracy-angle-claims-20-crore-laddus-made-with-adulterated-ghee/articleshow/128745079.cms,20 crore laddus were made using adulterated ghee
News,toddy,intoxicants,True,2,2,0.8,0.8,0.75,0.85,1.6,1,0,intoxicants (2),c71246d7-20c3-49f7-9e44-c43e0a62634b,https://timesofindia.indiatimes.com/city/mumbai/maharashtra-fda-conducts-raids-across-cities-seizes-banned-and-adulterated-items-worth-rs-40-lakh-33-arrested-for-selling-gutka/articleshow/131376144.cms,products like toddy had alleged intoxicants added
News,Cheese,skimmed milk powder,True,2,2,0.775,0.775,0.75,0.8,1.55,1,0,skimmed milk powder (2),oil-ff8d0db2b053fd33,https://assamtribune.com/guwahati/assam-food-safety-raids-uncover-illegal-fruit-ripening-unsafe-food-products-1612781,cheese allegedly prepared using skimmed milk powder
News,Ghee,spurious substance,True,2,2,0.75,0.75,0.75,0.75,1.5,0,0,spurious substance (2),2679a7a3-abde-4979-ac6e-5cf24113e0db,https://www.thehansindia.com/andhra-pradesh/tirumala-ghee-adulteration-case-sit-completes-probe-files-final-chargesheet-1041872,supply of spurious ghee
News,Paneer,adulterated paneer,True,2,2,0.75,0.75,0.75,0.75,1.5,0,0,adulterated paneer (2),e2029e40-f270-4b59-bcee-e46b007c5266,https://www.hindustantimes.com/cities/chandigarh-news/ludhiana15quintal-adulterated-paneer-destroyed-101728752710417.html,"1.5 quintals of ""adulterated"" paneer was seized"
News,Tirupati laddu,adulterant,False,2,2,0.75,0.75,0.75,0.75,1.5,0,0,adulterant (2),47ac9010-b433-4677-8387-bbaebe77b6e5,https://www.deccanherald.com/india/andhra-pradesh/tirupati-laddu-ghee-adulteration-occurred-during-tdp-regime-claims-ysrcp-chief-3904882,Tirupati laddu ghee adulteration occurred
News,Tirupati laddu,chemicals,False,2,2,0.75,0.75,0.75,0.75,1.5,0,0,chemicals (2),b26721cc-ba4b-460e-a726-17bebda4c82e,https://www.deccanherald.com/india/andhra-pradesh/20-crore-tirupati-laddus-made-using-ghee-adulterated-with-chemicals-during-ysrcp-govt-andhra-cm-naidu-3911464,laddus made using ghee 'adulterated with chemicals'
News,Ghee,other oil,True,2,2,0.725,0.725,0.7,0.75,1.45,0,0,other oil (2),4129beee-cd3f-4312-9b5e-90f628bb1bdb,https://timesofindia.indiatimes.com/life-style/food-news/thousands-of-tonnes-of-adulterated-ghee-seized-heres-how-to-identify-fake-ghee/articleshow/111258066.cms,presence of some other oil too in the ghee
News,cofset,diethylene glycol,True,1,1,0.98,0.98,0.98,0.98,0.98,1,1,diethylene glycol (1),milk-55b15d39d9bcb33e,https://www.livemint.com/politics/policy/how-weak-drug-laws-are-costing-lives-11632761831130.html,"The cause, the doctors said, was Cofset. Tests at the hospital had revealed that the cough syrup was tainted with a deadly chemical called diethylene glycol."
News,Butter,fatty acids,True,1,1,0.95,0.95,0.95,0.95,0.95,1,1,fatty acids (1),milk-82f50de033152ec7,https://www.sentinelassam.com/topheadlines/assam-sample-testing-detects-aggravated-food-adulteration,vegetable oils and fatty acids in butter
News,Butter,paraffin wax,True,1,1,0.95,0.95,0.95,0.95,0.95,1,1,paraffin wax (1),fac3b490-30d9-4097-aadc-69b001b06843,https://scroll.in/magazine/1073814/why-indians-have-always-been-suspicious-that-their-ghee-is-adulterated?utm_source=rss&utm_medium=public,"coal butter, an edible fat derived from paraffin wax"
News,Butter,vegetable oil/fat,True,1,1,0.95,0.95,0.95,0.95,0.95,1,1,vegetable oils (1),milk-82f50de033152ec7,https://www.sentinelassam.com/topheadlines/assam-sample-testing-detects-aggravated-food-adulteration,vegetable oils and fatty acids in butter
News,Cheese,hexachlorobenzene,True,1,1,0.95,0.95,0.95,0.95,0.95,1,1,hexachlorobenzene (1),milk-7bdc0ed79b3ddaf6,http://www.indiasnews.net/news/271622410/trash-and-burn-big-brands-new-plastic-waste-plan,Cheese and milk sourced from cattle raised near that plant in southern Carinthia state were tainted
News,Coconut oil,paraffin,True,1,1,0.95,0.95,0.95,0.95,0.95,1,1,paraffin (1),oil-9ac0daff2ebe3c9e,https://timesofindia.indiatimes.com/city/thiruvananthapuram/ban-on-45-brands-of-coconut-oil/articleshow/64425038.cms,palm kernel oil and paraffin are used to adulterate coconut oil
News,Curd/yoghurt,fungi,True,1,1,0.95,0.95,0.95,0.95,0.95,1,1,fungi (1),d2f303e3-c25c-412f-8ae4-4ec525f68736,https://timesofindia.indiatimes.com/life-style/food-news/mosquitoes-in-ghee-and-dead-lizard-found-in-dairy-items-in-this-city/articleshow/117855423.cms,"curd that had been contaminated, spoiled, or infested with fungi"
News,Edible/cooking oil,acrolein,True,1,1,0.95,0.95,0.95,0.95,0.95,1,1,Acrolein (1),oil-a32b2f6deb2e704c,https://www.newindianexpress.com/states/tamil-nadu/2024/Aug/03/collection-of-reused-cooking-oil-from-eateries-goes-up-three-fold-in-madurai,"releases Acrolein, which is a potential carcinogen"
News,Edible/cooking oil,acrylamide,True,1,1,0.95,0.95,0.95,0.95,0.95,1,1,Acrylamide (1),oil-a32b2f6deb2e704c,https://www.newindianexpress.com/states/tamil-nadu/2024/Aug/03/collection-of-reused-cooking-oil-from-eateries-goes-up-three-fold-in-madurai,repurposed cooking oil as it contains compounds like Acrylamide
News,Edible/cooking oil,diesel,True,1,1,0.95,0.95,0.95,0.95,0.95,1,1,Diesel (1),oil-7db6b3be126368d2,https://www.hindustantimes.com/cities/mumbai-news/25k-litres-of-diesel-disguised-as-edible-oil-seized-by-cops-101779646828663.html,diesel disguised as edible oil
News,Edible/cooking oil,metanil yellow,True,1,1,0.95,0.95,0.95,0.95,0.95,1,1,metanil yellow (1),oil-d459f1714fedec70,https://timesofindia.indiatimes.com/life-style/food-news/is-your-cooking-oil-adulterated-with-dangerous-metanil-yellow-colour/photostory/86060302.cms,detect the use of a prohibited colour like metanil yellow in cooking oil
News,Edible/cooking oil,total polar compounds tpc,True,1,1,0.95,0.95,0.95,0.95,0.95,1,1,Total Polar Compounds (TPC) (1),oil-0367d8e5e2ec476c,https://timesofindia.indiatimes.com/life-style/food-news/40-liters-of-unsafe-cooking-oil-and-40-kg-rotten-tomatoes-found-in-a-popular-fast-food-outlet-in-jaipur/articleshow/128305861.cms,found higher than permissible levels of total polar compound (TPC) levels in the refined palm cooking oil
News,Edible/cooking oil,used motor oil,True,1,1,0.95,0.95,0.95,0.95,0.95,1,1,used motor oil (1),oil-846611108e27fafb,https://www.thehindu.com/archives/from-the-pages-of-the-hindu-july-4-1974-edible-oil-adulterated-with-used-motor-oil/article68364441.ece,used motor oil is being utilised for adulteration with edible oils
News,Ghee,artificial flavourings,True,1,1,0.95,0.95,0.95,0.95,0.95,1,1,artificial flavourings (1),0109eea0-3adc-4177-a6f7-e3bc31bf237d,https://indianexpress.com/article/lifestyle/health/adulterated-ghee-ginger-garlic-paste-hyderabad-consume-10107480/,"ghee, she noted it is frequently adulterated with vanaspati, animal fat, starch, or artificial flavourings"
News,Ghee,artificial fragrance,True,1,1,0.95,0.95,0.95,0.95,0.95,1,1,artificial fragrance (1),368930a7-2085-43bd-bb79-62d471c9e75c,https://www.indiatoday.in/india/story/fake-desi-ghee-racket-investigation-amul-counterfeit-adulteration-festive-season-diwali-2623545-2024-10-26?utm_source=rss,"unhealthy mix of hydrogenated vegetable oil, refined oil, and artificial fragrance"
News,Ghee,bathroom cleaning chemicals,True,1,1,0.95,0.95,0.95,0.95,0.95,1,1,bathroom cleaning chemicals (1),e70df749-9305-44b3-8a30-defc332a7fa4,https://zeenews.india.com/india/tirumala-laddu-row-andhra-cm-naidu-claims-bathroom-cleaning-chemicals-used-in-the-ghee-meant-for-tirupati-laddu-3014480.html,"""bathroom cleaning chemicals"" were used to adulterate the ghee meant for making of laddu prasadam at Tirupati"
News,Ghee,buffalo grease,True,1,1,0.95,0.95,0.95,0.95,0.95,1,1,buffalo grease (1),892c7a97-bb6b-47a5-9402-8a5293acf25b,https://www.hindustantimes.com/cities/mumbai-news/bhiwandi-nizampur-civic-body-seizes-15-kg-of-ghee-mixed-with-animal-fat-101704528996768.html,grease was used for the ghee
News,Ghee,chemical flavouring agents,True,2,1,0.95,0.95,0.95,0.95,0.95,2,2,chemical flavouring agents (2),012810fa-376e-496d-b17f-9b02266afe91,https://www.hindustantimes.com/cities/delhi-news/delhi-police-busts-three-units-making-1-625-kg-of-fake-desi-ghee-six-held-101759447631631.html,"mixing vanaspati ghee, cheap refined oil and chemical flavouring agents"
News,Ghee,corn oil,True,1,1,0.95,0.95,0.95,0.95,0.95,1,1,corn oil (1),milk-c96899cff0c097f6,https://www.deccanchronicle.com/southern-states/andhra-pradesh/ghee-used-for-tirupati-laddu-had-beef-tallow-fish-oil-pork-fat-tests-1824705,"contained not just vegetable oils like soybean oil, sunflower oil, olive oil and corn oil"
News,Ghee,dalda cooking oil,True,1,1,0.95,0.95,0.95,0.95,0.95,1,1,Dalda cooking oil (1),2ad1f047-985c-4c59-aa13-749fa75bcba9,https://www.siasat.com/hyderabad-man-held-for-selling-adulterated-ghee-in-secunderabad-2672406/,mix Dalda cooking oil with groundnut oil to prepare a combination then selling it to customers branding it as pure ghee
News,Ghee,impure substances,True,1,1,0.95,0.95,0.95,0.95,0.95,1,1,impure substances (1),9d92713b-a9c4-4b7e-87f4-c4fd443e38b5,https://www.indiatoday.in/india/story/tirupati-laddu-row-cbi-arrest-tirumala-ghee-adulteration-case-probe-2677329-2025-02-09?utm_source=rss,lab reports confirmed the presence of impure substances in the ghee
News,Ghee,kernel oil,True,1,1,0.95,0.95,0.95,0.95,0.95,1,1,kernel oil (1),c2875090-e4c1-4cec-be8a-7218c8774f6b,https://swarajyamag.com/news-brief/sit-reveals-widespread-ghee-adulteration-at-tirumala-temple-with-fake-supplies-worth-rs-250-crore-from-bhole-baba-dairy,company instead used palm oil and kernel oil
News,Ghee,low quality edible oils,True,1,1,0.95,0.95,0.95,0.95,0.95,1,1,low quality edible oils (1),b3e58970-8bf0-4e37-a8f9-dd4fce60bf46,https://starofmysore.com/racket-selling-adulterated-nandini-ghee-busted/,racketeers used low quality edible oils to adulterate the ghee
News,Ghee,margarine,True,1,1,0.95,0.95,0.95,0.95,0.95,1,1,margarine (1),42afe2b5-85ea-444e-be89-85d68e60e5f4,https://www.hindustantimes.com/india-news/laddus-and-the-science-of-testing-ghee-s-purity-101727981448436.html,Ghee in general is adulterated with vanaspati or margarine
News,Ghee,oil coloured with turmeric,True,1,1,0.95,0.95,0.95,0.95,0.95,1,1,oil coloured with turmeric (1),b3e58970-8bf0-4e37-a8f9-dd4fce60bf46,https://starofmysore.com/racket-selling-adulterated-nandini-ghee-busted/,oil coloured with turmeric to make it look like authentic Nandini ghee
News,Ghee,olive oil,True,1,1,0.95,0.95,0.95,0.95,0.95,1,1,olive oil (1),milk-c96899cff0c097f6,https://www.deccanchronicle.com/southern-states/andhra-pradesh/ghee-used-for-tirupati-laddu-had-beef-tallow-fish-oil-pork-fat-tests-1824705,"contained not just soybean oil, sunflower oil, olive oil, and corn oil"
News,Ghee,palm kernel derivatives,True,1,1,0.95,0.95,0.95,0.95,0.95,1,1,palm-kernel derivatives (1),1fe9639d-5c39-472e-94a7-73ac2b03bfce,https://www.thehansindia.com/andhra-pradesh/sit-uncovers-massive-ghee-adulteration-1025488,"mixed with palm oil, palm-kernel derivatives"
News,Ghee,palmolive oil,True,1,1,0.95,0.95,0.95,0.95,0.95,1,1,Palmolive oil (1),a6385d09-ca9d-4f95-b5ba-4f50630bec35,https://www.newindianexpress.com/states/andhra-pradesh/2021/jun/12/ghee-adulteration-racket-busted-in-prakasam-3-held-2315181.html,"seized around 10,000 kg Palmolive oil tins, around 1,000 litres of adulterated ghee"
News,Ghee,petroleum jelly,True,1,1,0.95,0.95,0.95,0.95,0.95,1,1,petroleum jelly (1),8d8b9ba9-5da4-4861-89db-348400c8ef68,https://timesofindia.indiatimes.com/city/agra/detergent-found-in-milk-animal-fat-in-ghee/articleshow/91801919.cms,The FSDA tested a sample of ghee to discover that it was adulterated with animal fat or petroleum jelly.
News,Ghee,stearin,True,1,1,0.95,0.95,0.95,0.95,0.95,1,1,stearin (1),a96905fe-9d68-4a0c-9c4e-ce250411fcd9,https://timesofindia.indiatimes.com/blogs/onmyplate/could-tirupatis-problems-help-clarify-the-history-of-ghee-adulteration/,stearin (from palm oil)
News,Ghee,synthetic colouring,True,1,1,0.95,0.95,0.95,0.95,0.95,1,1,synthetic colouring (1),9d123ed0-6bda-4c0f-a451-b6ed86c6985c,https://www.thehansindia.com/news/national/gujarat-massive-adulterated-ghee-racket-busted-in-surat-2-arrested--1066385,synthetic colouring was used to produce its yellow appearance
News,Ghee,synthetic colours,True,1,1,0.95,0.95,0.95,0.95,0.95,1,1,synthetic colours (1),a3aeeb23-ea47-454e-9079-05e2142e157d,https://timesofindia.indiatimes.com/city/delhi/delhi-police-bust-counterfeit-oil-and-ghee-manufacturing-units/articleshow/124390886.cms,The gang mixed vanaspati ghee and refined oil with chemicals and synthetic colours
News,Ghee,synthetic fat,True,1,1,0.95,0.95,0.95,0.95,0.95,1,1,synthetic fat (1),e1bbca7c-14db-40cf-a128-0219f12466a3,https://www.freepressjournal.in/mumbai/nhrc-complaint-filed-over-tirupati-ghee-scandal-activist-calls-it-national-betrayal-of-faith,nearly 68 lakh kilograms of synthetic fat was allegedly used
News,Ghee,synthetic materials,True,1,1,0.95,0.95,0.95,0.95,0.95,1,1,synthetic materials (1),81b21166-1d16-4aec-910f-b382f9680f5f,https://timesofindia.indiatimes.com/city/vijayawada/sit-faces-questions-over-shortcomings-in-tirupati-laddu-ghee-adulteration-probe/articleshow/128002821.cms,ghee was adulterated with synthetic materials
News,Ghee,synthetic substance,True,1,1,0.95,0.95,0.95,0.95,0.95,1,1,synthetic substance (1),b4b614f7-a43d-4e57-9766-25f7fef90d68,https://www.thehindu.com/news/national/andhra-pradesh/ghee-adulteration-issue-ttd-chairman-seeks-deeper-sit-probe-into-money-trail/article70570737.ece,synthetic substance was procured in the name of ghee
News,Ghee,synthetic substances,True,1,1,0.95,0.95,0.95,0.95,0.95,1,1,synthetic substances (1),f289c668-0c40-41e6-82af-ae6829b262d4,https://www.thehindu.com/opinion/op-ed/the-ghee-keeping-andhra-on-the-boil/article70671461.ece,mixing palm oil and synthetic substances
News,Ghee,vegetable butter,True,1,1,0.95,0.95,0.95,0.95,0.95,1,1,vegetable butter (1),9d123ed0-6bda-4c0f-a451-b6ed86c6985c,https://www.thehansindia.com/news/national/gujarat-massive-adulterated-ghee-racket-busted-in-surat-2-arrested--1066385,vegetable ghee and vegetable butter
News,Ghee,î² sitosterol,True,1,1,0.95,0.95,0.95,0.95,0.95,1,1,Î²-Sitosterol (1),81f9e1b1-71fd-45a2-9292-017420336059,https://timesofindia.indiatimes.com/city/hyderabad/ttd-ghee-row-ap-govt-panel-submits-its-report-seeks-action-on-officials/articleshow/130723782.cms,confirmed adulteration through detection of Î²-Sitosterol
News,Khoya/mawa,formalin/formaldehyde,True,1,1,0.95,0.95,0.95,0.95,0.95,1,1,formaldehyde (1),milk-601312c7904467a2,https://thelogicalindian.com/fssai-orders-nationwide-crackdown-on-adulterated-milk-paneer-and-khoya-amid-festive-season-health-fears/,uncovering formaldehye in khoya batches
News,Khoya/mawa,fungal contamination,True,1,1,0.95,0.95,0.95,0.95,0.95,1,1,fungal contamination (1),a13a5bbb-ff26-4e8f-9885-8a6280d5b070,https://economictimes.indiatimes.com/news/new-updates/1400-kg-fake-khoya-400-kilo-expired-ghee-and-paneer-seized-by-fssai-before-holi/articleshow/128938525.cms,fungal contamination in the product
News,Khoya/mawa,vanaspati,True,1,1,0.95,0.95,0.95,0.95,0.95,1,1,vanaspati ghee (1),79f059b8-00b2-4345-ad46-440c7bc371df,https://www.freepressjournal.in/indore/madhya-pradesh-adulterated-khoya-ghee-seized-from-unhel-dairy-farm,khoya was being manufactured by adding artificial flavors and vanaspati ghee
News,Milk,aflatoxin,True,2,1,0.95,0.95,0.95,0.95,0.95,2,2,Aflatoxin M1 (2),milk-d687a91102133179,https://timesofindia.indiatimes.com/city/ludhiana/study-at-ludhiana-veterinary-university-links-contaminated-cattle-feed-to-toxins-detected-in-milk-/articleshow/125939018.cms,"Aflatoxin M1, which is then excreted into the milk"
News,Milk,aflatoxins,True,1,1,0.95,0.95,0.95,0.95,0.95,1,1,aflatoxins (1),milk-d687a91102133179,https://timesofindia.indiatimes.com/city/ludhiana/study-at-ludhiana-veterinary-university-links-contaminated-cattle-feed-to-toxins-detected-in-milk-/articleshow/125939018.cms,harmful levels of aflatoxins in milk
News,Milk,alum,True,1,1,0.95,0.95,0.95,0.95,0.95,1,1,alum (1),oil-ce2c0f9d0002492c,https://timesofindia.indiatimes.com/city/jaipur/350kg-paneer-650kg-milk-cake-destroyed-in-jaipur-ahead-of-diwali-for-suspected-adulteration/articleshow/124434918.cms,"producing adulterated milk cake using semolina, milk powder, refined soybean oil, liquid glucose, and alum"
News,Milk,ammonium carbonate,True,1,1,0.95,0.95,0.95,0.95,0.95,1,1,ammonium carbonate (1),c4e8d784-4b3b-4425-b7b4-15f463acf7c4,https://timesofindia.indiatimes.com/city/jaipur/rcdf-starts-facility-to-test-milk-ghee-and-other-dairy-products/articleshow/120290200.cms,ammonium carbonate which is added to increase fat content
News,Milk,arsenic,True,1,1,0.95,0.95,0.95,0.95,0.95,1,1,arsenic (1),milk-eb39e0c7d05ffde5,https://timesofindia.indiatimes.com/city/mumbai/husband-killer-her-lover-murdered-mom-in-law-too-in-mumbai/articleshow/96013832.cms,"gave her mother-in-law and later her husband a mixture of both substances seven to eight times a day in water, tender cocounut and ukala (flavoured milk)"
News,Milk,calcium hydroxide,True,1,1,0.95,0.95,0.95,0.95,0.95,1,1,calcium hydroxide (1),oil-8f45905bd6187827,https://timesofindia.indiatimes.com/city/gurgaon/haryana-govt-tightens-food-safety-inspections-before-festive-rush/articleshow/123954497.cms,chuna (calcium hydroxide) instead of milk
News,Milk,carbonate oils,True,1,1,0.95,0.95,0.95,0.95,0.95,1,1,carbonate oils (1),1f7c37c9-db47-4154-80ed-636759f11785,https://assamtribune.com/national/milk-adulteration-racket-uncovered-in-gujarats-amreli-one-held-with-fake-products-1555570,"milk was found to be made from harmful chemicals such as sulfates, phosphates, and carbonate oils"
News,Milk,carcinogenic toxics,True,1,1,0.95,0.95,0.95,0.95,0.95,1,1,carcinogenic toxics (1),milk-2531bbc620786ef0,https://countercurrents.org/2021/06/the-larger-issues-underlying-the-claim-of-cairn-energy-on-air-india/,breast milk has been contaminated with carcinogenic toxics
News,Milk,cereal flours,True,1,1,0.95,0.95,0.95,0.95,0.95,1,1,cereal flours (1),milk-91f967ab5476f74f,https://www.thehindu.com/news/cities/Coimbatore/mobile-food-testing-laboratory-for-coimbatore-nilgiris-tiruppur-erode-launched/article66450822.ece,cereal flours... in milk
News,Milk,ddt,True,1,1,0.95,0.95,0.95,0.95,0.95,1,1,DDT (1),milk-3e085d4a6d2bb9a0,https://www.opindia.com/2026/02/punjab-2700-women-died-cancer-2025-13299-five-years-seechewal-links-surge-water-pollution-farm-chemicals/,presence of harmful chemicals such as DDT was detected in the breast milk
News,Milk,flour based substances,True,1,1,0.95,0.95,0.95,0.95,0.95,1,1,flour-based substances (1),milk-fbd10ca791d9f631,https://www.deccanchronicle.com/southern-states/andhra-pradesh/vigil-intensifies-amid-adulterated-milk-scare-in-tirupati-chittoor-districts-1939653,flour-based substances and other chemicals are added
News,Milk,gruel,True,1,1,0.95,0.95,0.95,0.95,0.95,1,1,gruel (1),milk-fbd10ca791d9f631,https://www.deccanchronicle.com/southern-states/andhra-pradesh/vigil-intensifies-amid-adulterated-milk-scare-in-tirupati-chittoor-districts-1939653,"Urea, starch, gruel, detergent, maltodextrin, palm oil, flour-based substances and other chemicals are added"
News,Milk,hexachlorobenzene,True,1,1,0.95,0.95,0.95,0.95,0.95,1,1,hexachlorobenzene (1),milk-7bdc0ed79b3ddaf6,http://www.indiasnews.net/news/271622410/trash-and-burn-big-brands-new-plastic-waste-plan,Cheese and milk sourced from cattle raised near that plant in southern Carinthia state were tainted
News,Milk,insecticide,True,1,1,0.95,0.95,0.95,0.95,0.95,1,1,insecticide (1),milk-485842366eeac88e,https://timesofindia.indiatimes.com/city/surat/mother-of-4-poisons-suffocates-husband-to-death-for-repeated-sexual-aggression/articleshow/127630213.cms,She allegedly mixed insecticide into the drink.
News,Milk,lead,True,1,1,0.95,0.95,0.95,0.95,0.95,1,1,lead (1),milk-7670921e0ec88d62,https://www.siasat.com/noxious-memories-bhopal-gas-tragedy-a-timeline-2470664/,found lead and mercury in the milk of nursing mothers
News,Milk,maltodextrin powder,True,1,1,0.95,0.95,0.95,0.95,0.95,1,1,maltodextrin powder (1),1f7c37c9-db47-4154-80ed-636759f11785,https://assamtribune.com/national/milk-adulteration-racket-uncovered-in-gujarats-amreli-one-held-with-fake-products-1555570,"milk, adulterated with maltodextrin powder"
News,Milk,melamine,True,1,1,0.95,0.95,0.95,0.95,0.95,1,1,melamine (1),milk-82f50de033152ec7,https://www.sentinelassam.com/topheadlines/assam-sample-testing-detects-aggravated-food-adulteration,"unscrupulous traders use melamine, starch flour, glucose water, etc., in milk"
News,Milk,phosphates,True,1,1,0.95,0.95,0.95,0.95,0.95,1,1,phosphates (1),1f7c37c9-db47-4154-80ed-636759f11785,https://assamtribune.com/national/milk-adulteration-racket-uncovered-in-gujarats-amreli-one-held-with-fake-products-1555570,"milk was found to be made from harmful chemicals such as sulfates, phosphates, and carbonate oils"
News,Milk,rat poison,True,1,1,0.95,0.95,0.95,0.95,0.95,1,1,rat poison (1),milk-0520de1201536ea5,https://www.siasat.com/fed-up-of-repeated-physical-sexual-torture-wife-kills-man-in-surat-3331810/,mixing rat poison in turmeric milk
News,Milk,selfoss,True,2,1,0.95,0.95,0.95,0.95,0.95,2,2,Selfoss (2),milk-5c87af1b3d61f6b7,https://www.newindianexpress.com/nation/2025/Jul/31/gujarat-woman-dies-by-suicide-after-poisoning-seven-year-old-son-financial-woes-suspected,mixed the same in her son's milk
News,Milk,synthetic ghee,True,1,1,0.95,0.95,0.95,0.95,0.95,1,1,synthetic ghee (1),cf35dad3-c846-4c5e-91db-577efd256f78,https://timesofindia.indiatimes.com/city/amaravati/ttd-laddu-ghee-adulteration-case-cbi-sit-files-chargesheet-names-36-accused/articleshow/127362854.cms,supply 68 lakh kgs of synthetic ghee without procuring even a single drop of milk
News,Milk,thallium,True,1,1,0.95,0.95,0.95,0.95,0.95,1,1,thallium (1),milk-eb39e0c7d05ffde5,https://timesofindia.indiatimes.com/city/mumbai/husband-killer-her-lover-murdered-mom-in-law-too-in-mumbai/articleshow/96013832.cms,"gave her mother-in-law and later her husband a mixture of both substances seven to eight times a day in water, tender cocounut and ukala (flavoured milk)"
News,Milk,tremetol,True,1,1,0.95,0.95,0.95,0.95,0.95,1,1,tremetol (1),milk-c2e0439ce17933d2,https://timesofindia.indiatimes.com/life-style/spotlight/web-stories/10-most-poisonous-plants-in-existence/photostory/123344537.cms,poison tremetol is passed into the milk of cows
News,Milk,unknown toxin,True,1,1,0.95,0.95,0.95,0.95,0.95,1,1,unknown toxin (1),milk-ba4f1457d110127f,https://www.thehindu.com/news/cities/Visakhapatnam/toxins-in-contaminated-milk-to-be-identified-soon-says-dr-ravi-raju/article70684241.ece,The toxin in the contaminated milk
News,Mustard oil,argemone,True,2,1,0.95,0.95,0.95,0.95,0.95,2,2,argemone (2),oil-a7080ed266c36f88,https://timesofindia.indiatimes.com/city/chandigarh/health-crisis-in-nabha-urgent-advisory-after-fatal-dropsy-cases/articleshow/114230683.cms,Oil tested positive for argemone.
News,Mustard oil,argemone mexicana seeds,True,1,1,0.95,0.95,0.95,0.95,0.95,1,1,argemone mexicana seeds (1),oil-aca35e8b9bccaa60,https://www.hindustantimes.com/cities/chandigarh-news/adulterated-mustard-oil-behind-3-dropsy-deaths-in-nabha-report-101728847891766.html,mustard oil adulterated with the poisonous argemone mexicana seeds
News,Mustard oil,artificial colour,True,1,1,0.95,0.95,0.95,0.95,0.95,1,1,artificial colour (1),milk-fca1e8bff23d9130,https://timesofindia.indiatimes.com/city/ranchi/building-a-healthy-platter/articleshow/121853891.cms,presence of artificial colour to make it appear like pure mustard oil
News,Mustard oil,castor oil,True,1,1,0.95,0.95,0.95,0.95,0.95,1,1,Castor oil (1),oil-89e415114ffbdc77,https://garhwalpost.in/specs-presents-report-on-adulteration-in-mustard-oil/,"Adulteration was found in Jaspur (40%), Kashipur (50%), Uttarkashi (95%), Dehradun (94%), Pithoragarh (91%), Tehri (90%), Haldwani (90%), Vikas Nagar (80%), Doiwala (80%), Nainital (71%), Srinagar (80%), Rishikesh (75%), Ram Nagar (67%), Haridwar (65%) and Rudrapur (60%). The adulteration is due to yellow colour i.e. Metanil yellow, white oil, Castor oil, soybean and groundnut containing cheap cotton seed oil and excess percentage of hexane."
News,Mustard oil,chemicals,False,1,1,0.95,0.95,0.95,0.95,0.95,1,1,chemicals (1),oil-73603e3fbe5b2e10,https://timesofindia.indiatimes.com/city/kolkata/185-spurious-mustard-oil-cans-seized-in-burrabazar/articleshow/87938067.cms,blending rice bran oil with deadly dyes and chemicals
News,Mustard oil,cotton seed oil,True,1,1,0.95,0.95,0.95,0.95,0.95,1,1,cotton seed oil (1),oil-89e415114ffbdc77,https://garhwalpost.in/specs-presents-report-on-adulteration-in-mustard-oil/,containing cheap cotton seed oil
News,Mustard oil,dyes,True,1,1,0.95,0.95,0.95,0.95,0.95,1,1,dyes (1),oil-73603e3fbe5b2e10,https://timesofindia.indiatimes.com/city/kolkata/185-spurious-mustard-oil-cans-seized-in-burrabazar/articleshow/87938067.cms,blending rice bran oil with deadly dyes and chemicals
News,Mustard oil,hexane,True,1,1,0.95,0.95,0.95,0.95,0.95,1,1,hexane (1),oil-89e415114ffbdc77,https://garhwalpost.in/specs-presents-report-on-adulteration-in-mustard-oil/,excess percentage of hexane
News,Mustard oil,metanil yellow,True,1,1,0.95,0.95,0.95,0.95,0.95,1,1,Metanil yellow (1),oil-89e415114ffbdc77,https://garhwalpost.in/specs-presents-report-on-adulteration-in-mustard-oil/,adulteration is due to yellow colour i.e. Metanil yellow
News,Mustard oil,synthetic mustard essence,True,1,1,0.95,0.95,0.95,0.95,0.95,1,1,synthetic mustard essence (1),milk-7c910684243b140a,https://timesofindia.indiatimes.com/city/ranchi/fssai-is-working-towards-felicitating-whistle-blowers-who-report-adulteration/articleshow/121853932.cms,"In mustard oil, we have found cheaper oils mixed with artificial colours and synthetic mustard essence"
News,Palm oil,soybean oil,True,1,1,0.95,0.95,0.95,0.95,0.95,1,1,soybean oil (1),oil-ed23870a28abffbe,https://www.rediff.com/business/report/indonesia-to-lift-palm-oil-export-ban-likely-giving-india-big-relief/20220520.htm,"Soybean oil, a substitute of palm"
News,Paneer,ala,True,1,1,0.95,0.95,0.95,0.95,0.95,1,1,Ala (1),milk-3860e6654d518030,https://www.freepressjournal.in/india/fake-paneer-racket-busted-toxic-chemicals-like-urea-detergent-used-in-up,manufacturers are adding Tinopal and 'Ala'
News,Paneer,analogue cheese products,True,1,1,0.95,0.95,0.95,0.95,0.95,1,1,analogue cheese products (1),milk-2032654c46358deb,https://www.thehindu.com/news/national/telangana/h-fast-officials-seize-825-kg-of-suspected-adulterated-paneer-across-hyderabad/article71117812.ece,supplying analogue cheese products as substitutes
News,Paneer,cheese analogue products,True,1,1,0.95,0.95,0.95,0.95,0.95,1,1,Cheese Analogue products (1),ad0567c1-e472-4cb8-b0d9-b8305371eefd,https://timesofindia.indiatimes.com/life-style/food-news/110-kg-chicken-825-kg-fake-paneer-banned-colours-and-chemicals-seized-how-to-check-purity-at-home/articleshow/131873428.cms,selling Cheese Analogue products as paneer
News,Paneer,hydrogen peroxide,True,1,1,0.95,0.95,0.95,0.95,0.95,1,1,hydrogen peroxide (1),oil-5833ed5c8ef2f839,https://timesofindia.indiatimes.com/city/meerut/6500kg-of-spurious-milk-and-paneer-seized-owner-arrested/articleshow/117339880.cms,Chemicals like hydrogen peroxide and safolite were also used
News,Paneer,safolite,True,1,1,0.95,0.95,0.95,0.95,0.95,1,1,safolite (1),oil-5833ed5c8ef2f839,https://timesofindia.indiatimes.com/city/meerut/6500kg-of-spurious-milk-and-paneer-seized-owner-arrested/articleshow/117339880.cms,Chemicals like hydrogen peroxide and safolite were also used
News,Paneer,sucrose,True,1,1,0.95,0.95,0.95,0.95,0.95,1,1,sucrose (1),milk-31fe5bedee4960e1,https://www.hindustantimes.com/cities/chandigarh-news/dont-say-cheese-nearly-50-paneer-in-punjab-markets-spurious-101765654017539.html,Starch and sucrose were among the most common adulterants that were detected in paneer.
News,Paneer,sulphuric acid,True,1,1,0.95,0.95,0.95,0.95,0.95,1,1,sulphuric acid (1),oil-50e40c8b74e2a126,https://www.hindustantimes.com/cities/others/ahead-of-festive-season-adulterated-paneer-milk-and-oil-raise-alarms-for-food-safety-in-lucknow-101693406351671.html,toilet cleaning sulphuric acid is sometimes used instead of citric acid to curdle the milk when making paneer
News,Paneer,tinopal,True,2,1,0.95,0.95,0.95,0.95,0.95,2,2,Tinopal (2),milk-3860e6654d518030,https://www.freepressjournal.in/india/fake-paneer-racket-busted-toxic-chemicals-like-urea-detergent-used-in-up,"fake paneer (cottage cheese) being produced using harmful chemicals such as urea, detergent, and Tinopal"
News,Paneer,whey permeate powder,True,1,1,0.95,0.95,0.95,0.95,0.95,1,1,whey permeate powder (1),oil-78243d8cd04a1615,https://www.freepressjournal.in/pune/nashik-314-kg-of-adulterated-paneer-seized-in-fda-raid-at-sinnar-industrial-estate,"adulterants such as refined palmolein oil, whey permeate powder, and glycerol monostearate were used in the preparation of paneer"
News,Soybean oil,flax seed,True,1,1,0.95,0.95,0.95,0.95,0.95,1,1,flax seed (1),oil-b92ac93c807c44c0,https://timesofindia.indiatimes.com/city/bhopal/mp-hc-acquits-3-lt-cols-in-24-year-old-oil-corruption-case/articleshow/103769942.cms,linseed/flax seed had been mixed
News,Soybean oil,linseed,True,1,1,0.95,0.95,0.95,0.95,0.95,1,1,linseed (1),oil-b92ac93c807c44c0,https://timesofindia.indiatimes.com/city/bhopal/mp-hc-acquits-3-lt-cols-in-24-year-old-oil-corruption-case/articleshow/103769942.cms,linseed/flax seed had been mixed
News,Soybean oil,vitamin d,True,1,1,0.95,0.95,0.95,0.95,0.95,1,1,Vitamin D (1),oil-4d6bfb72c0733299,https://www.hindustantimes.com/cities/chandigarh-news/health-dept-seizes-352-boxes-of-refined-oil-after-6-hospitalised-101745259236048.html,consumed refined soyabean oil with high levels of Vitamin D
News,Tirupati laddu,lard/pig fat,True,1,1,0.95,0.95,0.95,0.95,0.95,1,1,pig fat (1),75eac450-5d76-45da-975a-a47f1515ca01,https://www.opindia.com/2024/09/no-proof-of-use-of-contaminated-ghee-supreme-court-questions-cm-naidu-on-public-statements-about-tirupati-laddus/,"ghee used by the Tirupati temple contained beef fat, pig fat, fish oil"
News,adulterated oil,animal carcasses,True,1,1,0.95,0.95,0.95,0.95,0.95,1,1,animal carcasses (1),oil-7ced813eb9eb1314,https://www.siasat.com/hyderabad-7-lpg-cylinders-seized-in-cordon-and-search-10-held-2450708/,seized 75 kgs of adulterated oil in which animal carcasses were also used
News,atta,worms,True,1,1,0.95,0.95,0.95,0.95,0.95,1,1,worms (1),oil-c0ee31377db0c2c6,https://www.siasat.com/lulu-hypermarket-in-kukatpally-raided-150-kg-unsafe-food-seized-3473371/,"worms were detected in besan flour, atta and dals packets"
News,baby food,lead,True,1,1,0.95,0.95,0.95,0.95,0.95,1,1,lead (1),milk-29425e997318adaa,https://economictimes.indiatimes.com/magazines/panache/how-do-toxic-substances-like-lead-end-up-in-baby-food/articleshow/97399836.cms,toxic substances like lead end up in baby food
News,besan flour,worms,True,1,1,0.95,0.95,0.95,0.95,0.95,1,1,worms (1),oil-c0ee31377db0c2c6,https://www.siasat.com/lulu-hypermarket-in-kukatpally-raided-150-kg-unsafe-food-seized-3473371/,worms were detected in besan flour
News,beta sitosterol,ghee,True,1,1,0.95,0.95,0.95,0.95,0.95,1,1,ghee (1),7f9c267b-da60-4057-9fd1-94ee31afc2d0,https://www.newindianexpress.com/states/andhra-pradesh/2025/Dec/01/ttd-procurement-head-accepted-cash-gifts-sit-in-adulterated-ghee-scam-case,"confirmed the presence of beta-sitosterol, clearly indicating adulteration with vegetable oils"
News,betel nuts,palm seeds,True,1,1,0.95,0.95,0.95,0.95,0.95,1,1,palm seeds (1),75960a3a-f200-455c-8116-2f68594a8ccc,https://www.freepressjournal.in/bhopal/bhopal-38-quintals-of-substandard-mawa-cheese-worth-9l-seized,betel nuts mixed with palm seeds
News,biryani,prohibited food colours,True,1,1,0.95,0.95,0.95,0.95,0.95,1,1,prohibited food colours (1),b85e00e3-c751-478f-ace8-f6044e816d41,https://timesofindia.indiatimes.com/city/vijayawada/fssai-experts-warn-of-adulterated-biryani/articleshow/87229905.cms,adulterating biryani with prohibited food colours
News,biryani,reprocessed oils,True,1,1,0.95,0.95,0.95,0.95,0.95,1,1,reprocessed oils (1),b85e00e3-c751-478f-ace8-f6044e816d41,https://timesofindia.indiatimes.com/city/vijayawada/fssai-experts-warn-of-adulterated-biryani/articleshow/87229905.cms,adulterating biryani with prohibited food colours and reprocessed oils
News,black pepper,dried papaya seeds,True,1,1,0.95,0.95,0.95,0.95,0.95,1,1,dried papaya seeds (1),oil-6d580e534bfdf05e,https://timesofindia.indiatimes.com/city/nagpur/black-pepper-worth-rs58-l-seized-on-suspicion-of-being-adulterated/articleshow/95387076.cms,Black pepper is many times found mixed with dried papaya seeds
News,boondi laddoo,fungus,True,2,1,0.95,0.95,0.95,0.95,0.95,2,2,Fungus (1); fungus (1),oil-a7d4ac8f150159dc,https://www.hindustantimes.com/cities/noida-news/gautam-budh-nagar-admin-inspects-sweet-shops-ahead-of-raksha-bandhan-101754591416255.html,Fungus was found in the boondi laddoo
News,bun muska,glass pieces,True,1,1,0.95,0.95,0.95,0.95,0.95,1,1,glass pieces (1),oil-1735d31eb9d14659,https://www.indiatoday.in/cities/mumbai/story/maharashtra-food-and-drug-administration-seizes-expired-unlicensed-medicines-mumbai-2765124-2025-08-02?utm_source=rss,found shards of glass in a bun muska
News,cake,synthetic colours,True,1,1,0.95,0.95,0.95,0.95,0.95,1,1,synthetic colours (1),fdf1c95d-bda3-4130-a52e-6c3ed70ed7db,https://www.thehindu.com/news/national/andhra-pradesh/food-safety-officers-find-hygiene-violations-at-bakeries-in-vijayawada/article69089538.ece,excess use of synthetic colours in cakes
News,cheeseburger,mouse droppings,True,1,1,0.95,0.95,0.95,0.95,0.95,1,1,mouse droppings (1),oil-a84ecb87feb1a1b3,https://thelogicalindian.com/40-kg-rotten-tomatoes-jaipur-mcdonalds-food-safety-breach-raises-questions-over-fast-food-oversight/,customer found mouse droppings in a cheeseburger
News,chenna,starch,True,1,1,0.95,0.95,0.95,0.95,0.95,1,1,starch (1),64ca8569-7f45-4083-8534-3ec754aee6c6,https://www.republicworld.com/health/is-the-milk-you-are-drinking-pure-4-easy-fssai-approved-ways-to-test-its-purity-at-home,"Starch is sometimes added to milk, khoya, paneer, or chenna"
News,chilli powder,harmful colouring agents,True,1,1,0.95,0.95,0.95,0.95,0.95,1,1,harmful colouring agents (1),milk-c4c85c2d91f17593,https://timesofindia.indiatimes.com/city/noida/60-food-samples-collected-from-noida-last-months-fail-quality-test/articleshow/121007869.cms,chilli powder that contained harmful colouring agents
News,chilli powder,lead chromate,True,1,1,0.95,0.95,0.95,0.95,0.95,1,1,lead chromate (1),milk-d5b2611e75b60517,https://www.sentinelassam.com/more-news/editorial/food-adulteration,turmeric and chilli powder may be easily mixed with lead chromate
News,chilli powder,metanil yellow,True,1,1,0.95,0.95,0.95,0.95,0.95,1,1,metanil yellow (1),milk-d5b2611e75b60517,https://www.sentinelassam.com/more-news/editorial/food-adulteration,chilli powder may be easily mixed with ... metanil yellow
News,chilli powder,rhodamine B,True,1,1,0.95,0.95,0.95,0.95,0.95,1,1,Rhodamine B (1),milk-d5b2611e75b60517,https://www.sentinelassam.com/more-news/editorial/food-adulteration,"chilli powder may be easily mixed with lead chromate, brick powder, or non-permitted artificial dyes like metanil yellow and Rhodamine B"
News,cold drink,poison,False,1,1,0.95,0.95,0.95,0.95,0.95,1,1,poison (1),milk-6917da6bccb6cce2,https://www.hindustantimes.com/india-news/father-poisons-three-children-then-dies-by-suicide-in-andhra-101767293359215.html,cold drink laced with poison
News,cooking oils,animal fat,True,1,1,0.95,0.95,0.95,0.95,0.95,1,1,animal fat-based oils (1),oil-8c664dba9516ee5f,https://www.thehansindia.com/telangana/adulterated-food-threatens-public-health-in-gadwal-district-inspections-reduced-to-a-formality-966491,use of animal fat-based oils in place of healthier cooking oils
News,cool drinks,phosphoric acid,True,1,1,0.95,0.95,0.95,0.95,0.95,1,1,phosphoric acid (1),milk-90b61558dc2a44b6,https://thelogicalindian.com/detergent-powder-found-in-ice-cream-bone-weakening-chemicals-detected-in-soft-drinks-across-karnataka/,bone-weakening phosphoric acid in cool drinks
News,cotton candy,rhodamine B,True,1,1,0.95,0.95,0.95,0.95,0.95,1,1,rhodamine B (1),milk-bb864d8d03055611,https://www.thehindu.com/sci-tech/health/auramine-in-indian-food-why-a-banned-dye-keeps-returning-explained/article70313811.ece,rhodamine B in cotton candy
News,cough syrup,toxic industrial solvents,True,1,1,0.95,0.95,0.95,0.95,0.95,1,1,toxic industrial solvents (1),milk-fccd7cb21929e82a,https://www.financialexpress.com/healthcare/pharma-healthcare/poisoned-cough-syrup-killed-kids-authorities-cut-the-investigation-short/3164587/,syrups... were loaded with toxic industrial solvents
News,dals,worms,True,1,1,0.95,0.95,0.95,0.95,0.95,1,1,worms (1),oil-c0ee31377db0c2c6,https://www.siasat.com/lulu-hypermarket-in-kukatpally-raided-150-kg-unsafe-food-seized-3473371/,"worms were detected in besan flour, atta and dals packets"
News,dok 1 max syrup,ethylene glycol,True,1,1,0.95,0.95,0.95,0.95,0.95,1,1,ethylene glycol (1),oil-91918add66000712,https://economictimes.indiatimes.com/industry/healthcare/biotech/pharmaceuticals/probe-into-uzbekistan-cough-syrup-deaths-3-employees-of-noida-based-marion-biotech-arrested/articleshow/98390422.cms,found both products contained unacceptable amounts of diethylene glycol and/or ethylene glycol
News,doughnuts,artificial colouring,True,1,1,0.95,0.95,0.95,0.95,0.95,1,1,artificial colouring (1),52c92c13-21f6-4ece-8f0d-4db2340850c3,https://www.newindianexpress.com/cities/bengaluru/2025/Apr/29/fda-finds-excessive-use-of-artificial-colours-in-popular-doughnut-brand-flags-it-unsafe-for-consumption,"A popular snack item, doughnuts, widely loved by children, from a popular brand has come under fire after being declared “unsafe for consumption” by the Food Safety and Drug Administration (FDA). The investigation revealed that the treats contained high levels of artificial colouring, which is well above approved safety limits—raising serious concerns about their impact on health."
News,drinking water,raw sewage,True,1,1,0.95,0.95,0.95,0.95,0.95,1,1,raw sewage (1),milk-c9d34ca0c97e2a93,https://thelogicalindian.com/indore-water-crisis-nine-dead-as-sewage-contaminated-water-sickens-hundreds-officials-dismissed-probe-on/,raw sewage to seep into the drinking water
News,edible oils,liquid paraffin,True,1,1,0.95,0.95,0.95,0.95,0.95,1,1,liquid paraffin (1),oil-196049b8667d294d,https://www.thehindu.com/news/national/karnataka/desi-oil-mela-to-be-held-in-mysuru-from-january-9-to-11/article70485199.ece,adulteration of edible oils with substances like liquid paraffin
News,eggs,e coli,True,1,1,0.95,0.95,0.95,0.95,0.95,1,1,E. coli (1),milk-9072720be8595f77,https://www.dnaindia.com/health/report-zee-media-zara-sochiye-campaign-makes-you-think-about-food-adulteration-not-once-but-twice-3200012,Contamination with Salmonella and E. coli
News,fish,thallium,True,1,1,0.95,0.95,0.95,0.95,0.95,1,1,Thallium (1),milk-65b91545cd207ac7,https://www.newindianexpress.com/cities/delhi/2021/mar/25/delhi-based-builder-arrested-tries-to-kill-in-laws-with-slow-poison-thallium-2281421.html,"mixed thallium, a slow poison"
News,fish curry masala,ethylene oxide,True,1,1,0.95,0.95,0.95,0.95,0.95,1,1,ethylene oxide (1),milk-b87ea04f3974c7d3,https://www.thehindu.com/news/national/why-mdh-everest-spices-are-under-international-scrutiny-explained/article68130961.ece,The spice mixes contained high levels of ethylene oxide
News,fortified oil,vitamin d,True,1,1,0.95,0.95,0.95,0.95,0.95,1,1,Vitamin D (1),oil-fd16f7be050ea2b9,https://timesofindia.indiatimes.com/city/chandigarh/the-vitamin-d-trap-how-fortified-oil-poisoned-punjab-homes/articleshow/126219580.cms,infused with excessive Vitamin D
News,fresh meat,decayed or spoiled meat,True,1,1,0.95,0.95,0.95,0.95,0.95,1,1,decayed or spoiled meat (1),oil-8c664dba9516ee5f,https://www.thehansindia.com/telangana/adulterated-food-threatens-public-health-in-gadwal-district-inspections-reduced-to-a-formality-966491,sale of decayed or spoiled meat as fresh meat
News,fruits,calcium carbide,True,1,1,0.95,0.95,0.95,0.95,0.95,1,1,calcium carbide (1),milk-82f50de033152ec7,https://www.sentinelassam.com/topheadlines/assam-sample-testing-detects-aggravated-food-adulteration,use of calcium carbide to ripen fruits
News,garam masala,synthetic colors,True,1,1,0.95,0.95,0.95,0.95,0.95,1,1,synthetic colors (1),daea64b9-d48f-49a9-b294-6faa927b2227,https://economictimes.indiatimes.com/news/videos/milk-ghee-veggies-masala-tainted-raghav-chadha-flags-food-adulteration-in-rs/videoshow/127905488.cms,"garam masala are tainted with urea, synthetic colors"
News,ginger garlic paste,concentrated citric acid,True,1,1,0.95,0.95,0.95,0.95,0.95,1,1,concentrated citric acid (1),ea51c75b-4b85-48fb-bbb7-8fde23c110aa,https://www.thehansindia.com/telangana/hyderabad-turning-into-capital-of-adulterated-food-1063581,"Ginger-garlic paste, an essential ingredient used in almost every dish, is at number one in adulterated products; it is prepared illegally with harmful chemicals like concentrated citric acid, Xanthan Gum and low-quality waste to bulk up products."
News,ginger garlic paste,synthetic colours,True,1,1,0.95,0.95,0.95,0.95,0.95,1,1,synthetic colours (1),milk-9f3c92cb4b852877,https://indianexpress.com/article/explained/hyderabad-police-h-fast-food-adulteration-team-10595262/,"Manufactured using acetic acid, synthetic colours, and gum powder"
News,ginger garlic paste,xanthan gum,True,1,1,0.95,0.95,0.95,0.95,0.95,1,1,Xanthan Gum (1),ea51c75b-4b85-48fb-bbb7-8fde23c110aa,https://www.thehansindia.com/telangana/hyderabad-turning-into-capital-of-adulterated-food-1063581,"prepared illegally with harmful chemicals like concentrated citric acid, Xanthan Gum"
News,hair oil,used motor oil,True,1,1,0.95,0.95,0.95,0.95,0.95,1,1,used motor oil (1),oil-846611108e27fafb,https://www.thehindu.com/archives/from-the-pages-of-the-hindu-july-4-1974-edible-oil-adulterated-with-used-motor-oil/article68364441.ece,"adulteration with edible oils, hair oils etc"
News,halwa,adulterated ghee,False,1,1,0.95,0.95,0.95,0.95,0.95,1,1,adulterated ghee (1),706f0136-7ae5-45f2-b804-e3a8c9a14d1c,https://www.freepressjournal.in/bhopal/bhandara-turns-nightmare-250-villagers-fall-ill-after-eating-halwa-made-with-adulterated-ghee-in-mps-shivpuri,Halwa was prepared in adulterated ghee
News,hing,krista brand bandhani hing,True,1,1,0.95,0.95,0.95,0.95,0.95,1,1,Krista brand bandhani hing (1),oil-d6d2041d0727d059,https://timesofindia.indiatimes.com/city/jaipur/inspection-throws-up-health-scare-in-form-of-expired-foods-fake-oil/articleshow/125727900.cms,Krista brand bandhani hing being sold in place of genuine hing
News,hydrogenated vanaspati,trans fat,True,1,1,0.95,0.95,0.95,0.95,0.95,1,1,trans fat (1),04d8af9a-ebb5-4e14-b630-f5fddc40afd4,https://economictimes.indiatimes.com/news/economy/policy/vanishing-vanaspati-still-plays-an-outsized-role-in-calculation-of-wpi/articleshow/110040827.cms,high levels of trans fats in hydrogenated vanaspati
News,ice cream,chalk powder,True,1,1,0.95,0.95,0.95,0.95,0.95,1,1,chalk powder (1),milk-fe1e3cc4f8fe0fc2,https://www.thehindu.com/children/what-is-adulteration-and-what-is-its-impact-on-our-daily-lives/article69210912.ece,To detect chalk powder and washing soda in ice cream
News,ice cream,washing soda,True,1,1,0.95,0.95,0.95,0.95,0.95,1,1,washing soda (1),milk-fe1e3cc4f8fe0fc2,https://www.thehindu.com/children/what-is-adulteration-and-what-is-its-impact-on-our-daily-lives/article69210912.ece,To detect chalk powder and washing soda in ice cream
News,infant formula,melamine,True,1,1,0.95,0.95,0.95,0.95,0.95,1,1,melamine (1),oil-8fc51a11ede21d42,https://timesofindia.indiatimes.com/world/china/food-safety-scandal-fuel-tanker-trucks-used-to-transport-cooking-oil-in-china-suggests-report/articleshow/111628414.cms,infant formula was found to contain the industrial chemical melamine
News,jaggery,banned colours,True,1,1,0.95,0.95,0.95,0.95,0.95,1,1,banned colours (1),1248419c-d314-4ded-858b-f8920ae5a2f6,https://www.thehindu.com/news/cities/kozhikode/food-safety-dept-in-kozhikode-to-begin-drive-to-check-adulteration-ahead-of-onam/article68572481.ece,Banned colours were found to have been used in jaggery
News,kodo millet,cyclopiazonic acid,True,1,1,0.95,0.95,0.95,0.95,0.95,1,1,cyclopiazonic acid (1),milk-4649faef76819529,https://indianexpress.com/article/upsc-current-affairs/upsc-key-cop29-kodo-millet-private-property-and-the-common-good-9664584/,Cyclopiazonic acid is one of the major mycotoxins associated with Kodo millet.
News,laddu,spurious ghee,True,1,1,0.95,0.95,0.95,0.95,0.95,1,1,spurious ghee (1),e6eaecc6-03ad-4a52-888e-90efa83d1ba9,https://timesofindia.indiatimes.com/city/hyderabad/40-of-ttd-laddus-sold-between-19-24-prepared-with-toxic-ghee-probe/articleshow/125493821.cms,made with spurious ghee
News,laddu prasadam,ghee,True,1,1,0.95,0.95,0.95,0.95,0.95,1,1,ghee (1),0b05e406-0612-4deb-858d-0720a2161d30,https://www.freepressjournal.in/india/uttarakhand-dairy-with-no-milk-or-butter-supply-duped-tirupati-temple-with-fake-ghee-worth-250-crore,sacred laddu prasadam ... was made using adulterated ghee
News,laddus,spurious ghee,True,1,1,0.95,0.95,0.95,0.95,0.95,1,1,spurious ghee (1),e6eaecc6-03ad-4a52-888e-90efa83d1ba9,https://timesofindia.indiatimes.com/city/hyderabad/40-of-ttd-laddus-sold-between-19-24-prepared-with-toxic-ghee-probe/articleshow/125493821.cms,prepared using either spurious or toxic ghee
News,maggi noodles,rat poison,True,1,1,0.95,0.95,0.95,0.95,0.95,1,1,rat poison (1),milk-023229e6e183bfd2,https://indianexpress.com/article/cities/mumbai/woman-dies-after-eating-maggi-she-accidentally-put-tomato-rat-poison-8057803/,accidentally put the poisoned tomato in her Maggi noodles
News,maize,aflatoxin,True,1,1,0.95,0.95,0.95,0.95,0.95,1,1,Aflatoxin B1 (1),milk-d687a91102133179,https://timesofindia.indiatimes.com/city/ludhiana/study-at-ludhiana-veterinary-university-links-contaminated-cattle-feed-to-toxins-detected-in-milk-/articleshow/125939018.cms,More than 80% of maize samples and approximately 38% of wheat samples tested positive for aflatoxins
News,mango pulp,liquid saffron coloured solution,True,1,1,0.95,0.95,0.95,0.95,0.95,1,1,liquid saffron-coloured solution (1),milk-428c86809981aab7,https://timesofindia.indiatimes.com/life-style/food-news/3800-kg-mango-pulp-worth-rs-2-23000-adulterated-with-unsafe-colours-destroyed-how-to-identify-fake-mangoes-at-home/articleshow/130280780.cms,"additives used included sugar, cow's milk, and a liquid saffron-coloured solution"
News,mango pulp,unauthorised colours,True,1,1,0.95,0.95,0.95,0.95,0.95,1,1,unauthorised colours (1),milk-fa08675da1416b47,https://www.mid-day.com/news/india-news/article/over-3-8-tonnes-of-fake-mango-pulp-seized-destroyed-in-pune-crackdown-probe-traces-supply-chain-to-khed-23625757,pulp was being made using unauthorised colours
News,mango pulp,unauthorised food colours,True,1,1,0.95,0.95,0.95,0.95,0.95,1,1,unauthorised food colours (1),milk-428c86809981aab7,https://timesofindia.indiatimes.com/life-style/food-news/3800-kg-mango-pulp-worth-rs-2-23000-adulterated-with-unsafe-colours-destroyed-how-to-identify-fake-mangoes-at-home/articleshow/130280780.cms,mango pulp was being manufactured using unauthorised food colours
News,medicinal syrups,deadly contaminants,True,1,1,0.95,0.95,0.95,0.95,0.95,1,1,deadly contaminants (1),milk-b006729520a914df,https://www.sentinelassam.com/topheadlines/rapid-low-cost-tests-can-help-prevent-child-deaths-from-contaminated-syrups,detect deadly contaminants in medicinal syrups
News,municipal water supply,sewage,True,1,1,0.95,0.95,0.95,0.95,0.95,1,1,sewage (1),milk-c9d34ca0c97e2a93,https://thelogicalindian.com/indore-water-crisis-nine-dead-as-sewage-contaminated-water-sickens-hundreds-officials-dismissed-probe-on/,municipal supply line that was mixed with sewage
News,mustard seeds,argemone seeds,True,1,1,0.95,0.95,0.95,0.95,0.95,1,1,argemone seeds (1),milk-fe1e3cc4f8fe0fc2,https://www.thehindu.com/children/what-is-adulteration-and-what-is-its-impact-on-our-daily-lives/article69210912.ece,Argemone seeds in mustard can be easily identified
News,namkeen,caustic soda,True,1,1,0.95,0.95,0.95,0.95,0.95,1,1,caustic soda (1),oil-fb165c7fab322cd4,https://www.freepressjournal.in/indore/ujjain-400-kg-substandard-namkeen-seized,The unit was using caustic soda (Sodium Hydroxide) which is used in manufacturing of detergents
News,namkeen,used edible oil,True,1,1,0.95,0.95,0.95,0.95,0.95,1,1,used edible oil (1),oil-fb165c7fab322cd4,https://www.freepressjournal.in/indore/ujjain-400-kg-substandard-namkeen-seized,The unit was using used edible oil-- which is banned--for preparing namkeen
News,oil,animal fat,True,1,1,0.95,0.95,0.95,0.95,0.95,1,1,animal fat (1),e256486b-ee32-4d0f-9cba-d02bf4bd780a,https://www.freepressjournal.in/bhopal/tirupati-prasad-case-four-gwalior-traders-under-investigation-by-cbi-for-supplying-ghee-mixed-with-animal-fat,ghee and oil used in the prasad—allegedly mixed with animal fat
News,oil,dust,True,1,1,0.95,0.95,0.95,0.95,0.95,1,1,dust (1),oil-0db512df7c0cc7df,https://indianexpress.com/article/cities/chennai/over-4-litre-of-adulterated-oil-seized-from-chennai-store-8107733/,oil that we seized today was contaminated with mud and dust
News,oil,mud,True,1,1,0.95,0.95,0.95,0.95,0.95,1,1,mud (1),oil-0db512df7c0cc7df,https://indianexpress.com/article/cities/chennai/over-4-litre-of-adulterated-oil-seized-from-chennai-store-8107733/,oil that we seized today was contaminated with mud
News,oil,vitamin d,True,1,1,0.95,0.95,0.95,0.95,0.95,1,1,Vitamin D (1),oil-fd16f7be050ea2b9,https://timesofindia.indiatimes.com/city/chandigarh/the-vitamin-d-trap-how-fortified-oil-poisoned-punjab-homes/articleshow/126219580.cms,"infused the oil with excessive, toxic concentrations of Vitamin D"
News,olive oil,beta carotene,True,1,1,0.95,0.95,0.95,0.95,0.95,1,1,beta-carotene (1),oil-ed891cb2ad0773f4,https://www.hindustantimes.com/business/your-olive-oil-might-be-unfit-for-human-consumption-101727442635229.html,seed oil mixed with beta-carotene and chlorophyll was being passed off as extra virgin olive oil
News,onions,e coli,True,1,1,0.95,0.95,0.95,0.95,0.95,1,1,E. coli (1),oil-a84ecb87feb1a1b3,https://thelogicalindian.com/40-kg-rotten-tomatoes-jaipur-mcdonalds-food-safety-breach-raises-questions-over-fast-food-oversight/,contaminated onions
News,pharmaceutical grade propylene glycol,ethylene glycol,True,1,1,0.95,0.95,0.95,0.95,0.95,1,1,Ethylene Glycol (1),milk-6cf8b965d0dba773,https://indianexpress.com/article/world/when-children-take-toxic-cough-syrup-and-live-9080098/,labels stated the drums held pharmaceutical grade propylene glycol
News,processed food,adulterants,False,1,1,0.95,0.95,0.95,0.95,0.95,1,1,adulterants (1),276e27ef-82bd-4911-a4df-9d2448b232fb,https://timesofindia.indiatimes.com/city/delhi/whats-cooking-in-pantry-bite-into-adulterated-truth/articleshow/130488415.cms,around 10% of processed food samples tested contained adulterants
News,rapeseed oil,tri ortho cresyl phosphate,True,1,1,0.95,0.95,0.95,0.95,0.95,1,1,tri-ortho-cresyl-phosphate (1),oil-7c04299d13040735,https://indianexpress.com/article/lifestyle/food-wine/oil-adulteration-test-fssai-7513100/,sold rapeseed oil containing TOCP
News,rice,plastic,True,1,1,0.95,0.95,0.95,0.95,0.95,1,1,plastic (1),milk-fe1e3cc4f8fe0fc2,https://www.thehindu.com/children/what-is-adulteration-and-what-is-its-impact-on-our-daily-lives/article69210912.ece,Plastic adulteration in rice can be tested
News,rice cereal,arsenic,True,1,1,0.95,0.95,0.95,0.95,0.95,1,1,arsenic (1),milk-29425e997318adaa,https://economictimes.indiatimes.com/magazines/panache/how-do-toxic-substances-like-lead-end-up-in-baby-food/articleshow/97399836.cms,concerning levels of arsenic in rice cereal
News,salt,chalk powder,True,1,1,0.95,0.95,0.95,0.95,0.95,1,1,chalk powder (1),milk-fe1e3cc4f8fe0fc2,https://www.thehindu.com/children/what-is-adulteration-and-what-is-its-impact-on-our-daily-lives/article69210912.ece,Salt—chalk powder You can test salt for adulteration
News,samosa,dead spider,True,1,1,0.95,0.95,0.95,0.95,0.95,1,1,dead spider (1),milk-d0477d48d413847b,https://timesofindia.indiatimes.com/city/noida/ghaziabad-sweetshop-scandal-dead-spider-found-in-samosa-after-frog-leg-incident/articleshow/114057992.cms,dead spider inside a samosa
News,sella rice,turmeric,True,1,1,0.95,0.95,0.95,0.95,0.95,1,1,turmeric (1),milk-fe1e3cc4f8fe0fc2,https://www.thehindu.com/children/what-is-adulteration-and-what-is-its-impact-on-our-daily-lives/article69210912.ece,Sella rice—Detection of turmeric
News,soy sauce,potato pulp,True,3,1,0.95,0.95,0.95,0.95,0.95,3,3,potato pulp (3),oil-f9ab44d774810d93,https://www.hindustantimes.com/cities/lucknow-news/crackdown-on-food-adulteration-112-kg-rice-bran-oil-destroyed-substandard-sauces-seized-in-lucknow-101741721802362.html,vegetable and soy sauces were adulterated with potato pulp
News,spice mix,ethylene oxide,True,1,1,0.95,0.95,0.95,0.95,0.95,1,1,Ethylene Oxide (1),milk-b993f201bb670e21,https://www.thehansindia.com/editors-desk/india-needs-to-grow-safe-food-curb-adulteration-879087,Hong Kong food regulator banned certain spice mix of two leading Indian brands MDH and Everest over presence of pesticide Ethylene Oxide in their samples
News,spices,sudan dyes,True,1,1,0.95,0.95,0.95,0.95,0.95,1,1,Sudan dyes (1),milk-bb864d8d03055611,https://www.thehindu.com/sci-tech/health/auramine-in-indian-food-why-a-banned-dye-keeps-returning-explained/article70313811.ece,Sudan dyes added to spices
News,srivari laddu,palm oil family,True,2,1,0.95,0.95,0.95,0.95,0.95,2,2,palmolein oil (1); chemically processed palmolein oil (1),f1ba13f7-7414-47ce-9df3-a6aa0902c1b9,https://www.siasat.com/ttd-chief-rejects-ysrcps-clean-chit-claim-in-laddu-ghee-scam-3334108/,original material which was sold to the temple body as ghee was not at all ghee but chemically processed palmolein oil
News,sweets,artificial dyes,True,1,1,0.95,0.95,0.95,0.95,0.95,1,1,artificial dyes (1),milk-fca1e8bff23d9130,https://timesofindia.indiatimes.com/city/ranchi/building-a-healthy-platter/articleshow/121853891.cms,Sweets tested in the laboratory have even found artificial dyes used in garment factories
News,sweets,non edible food colours,True,1,1,0.95,0.95,0.95,0.95,0.95,1,1,non-edible food colours (1),oil-7d228e87ae076ccb,https://timesofindia.indiatimes.com/city/ranchi/adulterated-sweets-seized-from-mela/articleshow/122282259.cms,24 kg of sweets in one shop prepared using non-edible food colours
News,sweets,synthetic colourants,True,1,1,0.95,0.95,0.95,0.95,0.95,1,1,synthetic colourants (1),oil-441afdeea31bb226,https://timesofindia.indiatimes.com/city/coimbatore/massive-seizure-of-306kg-of-adulterated-sweets-and-snacks-in-coimbatore/articleshow/114745386.cms,sweets with high amounts of synthetic colourants
News,sweets,synthetic food colours,True,1,1,0.95,0.95,0.95,0.95,0.95,1,1,synthetic food colours (1),f82c34ba-9461-4be5-bbd0-e93df7d29455,https://www.deccanchronicle.com/southern-states/telangana/food-safety-dept-seizes-60-plus-kgs-of-adulterated-sweets-ahead-of-festive-season-1911377,Inspectors found the use of synthetic food colours in milk-based sweets
News,syrup,ethylene glycol,True,1,1,0.95,0.95,0.95,0.95,0.95,1,1,ethylene glycol (1),milk-6cf8b965d0dba773,https://indianexpress.com/article/world/when-children-take-toxic-cough-syrup-and-live-9080098/,syrups ... contained ethylene glycol
News,tea leaves,artificial colouring,True,1,1,0.95,0.95,0.95,0.95,0.95,1,1,artificial colouring (1),milk-fe1e3cc4f8fe0fc2,https://www.thehindu.com/children/what-is-adulteration-and-what-is-its-impact-on-our-daily-lives/article69210912.ece,identify artificial colouring in your tea leaves
News,tea leaves,iron filings,True,1,1,0.95,0.95,0.95,0.95,0.95,1,1,iron filings (1),5ecfa12d-a622-4259-9978-cc9122ab028a,https://timesofindia.indiatimes.com/city/lucknow/is-your-milk-or-ghee-pure-try-these-simple-fssai-approved-home-tests/articleshow/121692171.cms,Tea leaves are often adulterated with iron filings
News,tea powder,coconut shell powder,True,1,1,0.95,0.95,0.95,0.95,0.95,1,1,coconut shell powder (1),milk-1bc3850cd2e7f314,https://www.thehansindia.com/telangana/toxic-tea-powder-making-racket-busted-3-arrested-913450,mix it with coconut shell powder
News,tea powder,synthetic dyes,True,1,1,0.95,0.95,0.95,0.95,0.95,1,1,synthetic dyes (1),oil-d5d0fcd9c566a8e6,https://www.indiatoday.in/cities/hyderabad/story/cyberabad-food-adulteration-raids-hyderabad-rs-64-lakh-seizure-28-arrested-2900680-2026-04-23,mixed synthetic dyes into cheap or expired tea powder
News,tirumala srivari laddu prasadam,animal fat,True,1,1,0.95,0.95,0.95,0.95,0.95,1,1,animal fat (1),867c2a12-155a-4309-aff0-300c6125824c,https://www.thehansindia.com/andhra-pradesh/pawan-sit-confirmed-presence-of-animal-fat-tirumala-laddu-ghee-1045910,confirmed the presence of animal fat in the ghee used for preparing Tirumala Srivari Laddu Prasadam
News,tirupati laddoo,adulterated ghee,False,1,1,0.95,0.95,0.95,0.95,0.95,1,1,Adulterated Ghee (1),84ea460e-bfc2-4977-aebb-32594a90693b,https://www.freepressjournal.in/india/mindset-shaped-by-appeasement-politics-ap-deputy-cm-pawan-kalyan-hits-out-at-tn-cm-stalin-on-tirupati-laddoo-ghee-case,Tirumala adulterated ghee case
News,tirupati laddus,beef tallow,True,1,1,0.95,0.95,0.95,0.95,0.95,1,1,beef tallow (1),471bc3da-bbd4-417c-875a-595a713be7fd,https://www.thehindu.com/news/national/food-safety-authority-issues-show-cause-notice-to-firm-on-contamination-in-tirupati-laddus/article68674512.ece,"adulterated with palm oil and animal fat, including fish oil, beef tallow"
News,tirupati laddus,fish oil,True,1,1,0.95,0.95,0.95,0.95,0.95,1,1,fish oil (1),471bc3da-bbd4-417c-875a-595a713be7fd,https://www.thehindu.com/news/national/food-safety-authority-issues-show-cause-notice-to-firm-on-contamination-in-tirupati-laddus/article68674512.ece,including fish oil
News,tirupati laddus,lard/pig fat,True,1,1,0.95,0.95,0.95,0.95,0.95,1,1,Lard (1),aed9cf49-b6d3-4952-8acb-37e1eae1c31a,https://www.hindustantimes.com/india-news/animal-fat-tirupati-laddus-who-supplied-ghee-to-temple-and-why-did-nandini-opt-out-who-said-what-101726878145316.html,"presence of animal fat, 'Lard' (pig fat)"
News,truffle oil,artificial flavoring,True,1,1,0.95,0.95,0.95,0.95,0.95,1,1,artificial flavoring (1),oil-e3fbe637ba51632f,https://zeenews.india.com/health/10-common-foods-that-might-be-deceiving-you-2828611,"A lot of truffle oils include no real truffles. Instead, they use artificial flavoring made from a chemical that mimics the real taste and smell of truffles."
News,tuna,escolar,True,1,1,0.95,0.95,0.95,0.95,0.95,1,1,escolar (1),oil-e3fbe637ba51632f,https://zeenews.india.com/health/10-common-foods-that-might-be-deceiving-you-2828611,using escolar instead of tuna in sushi
News,turmeric,brick powder,True,1,1,0.95,0.95,0.95,0.95,0.95,1,1,brick powder (1),milk-d5b2611e75b60517,https://www.sentinelassam.com/more-news/editorial/food-adulteration,"turmeric and chilli powder may be easily mixed with lead chromate, brick powder"
News,turmeric,rhodamine B,True,1,1,0.95,0.95,0.95,0.95,0.95,1,1,Rhodamine B (1),milk-d5b2611e75b60517,https://www.sentinelassam.com/more-news/editorial/food-adulteration,"turmeric and chilli powder may be easily mixed with lead chromate, brick powder, or non-permitted artificial dyes like metanil yellow and Rhodamine B"
News,turmeric powder,corn flour,True,1,1,0.95,0.95,0.95,0.95,0.95,1,1,corn flour (1),ac336104-7312-4e47-b302-c399ba68e198,https://www.freepressjournal.in/indore/khandwa-adulterated-spices-found-from-manufacturing-unit-during-joint-raid-of-police-food-department,"red colour, rice flour and corn flour were added to increase the weight of turmeric powder"
News,turmeric powder,metanil yellow,True,1,1,0.95,0.95,0.95,0.95,0.95,1,1,Metanil Yellow (1),milk-fe1e3cc4f8fe0fc2,https://www.thehindu.com/children/what-is-adulteration-and-what-is-its-impact-on-our-daily-lives/article69210912.ece,detect Metanil Yellow in turmeric powder
News,turmeric powder,rice flour,True,1,1,0.95,0.95,0.95,0.95,0.95,1,1,rice flour (1),ac336104-7312-4e47-b302-c399ba68e198,https://www.freepressjournal.in/indore/khandwa-adulterated-spices-found-from-manufacturing-unit-during-joint-raid-of-police-food-department,rice flour and corn flour were added to increase the weight of turmeric powder
News,vegetable sauce,potato pulp,True,2,1,0.95,0.95,0.95,0.95,0.95,2,2,potato pulp (2),oil-f9ab44d774810d93,https://www.hindustantimes.com/cities/lucknow-news/crackdown-on-food-adulteration-112-kg-rice-bran-oil-destroyed-substandard-sauces-seized-in-lucknow-101741721802362.html,vegetable and soy sauces were adulterated with potato pulp
News,wheat,aflatoxin,True,1,1,0.95,0.95,0.95,0.95,0.95,1,1,Aflatoxin B1 (1),milk-d687a91102133179,https://timesofindia.indiatimes.com/city/ludhiana/study-at-ludhiana-veterinary-university-links-contaminated-cattle-feed-to-toxins-detected-in-milk-/articleshow/125939018.cms,approximately 38% of wheat samples tested positive for aflatoxins
News,wheat,benzoyl peroxide,True,1,1,0.95,0.95,0.95,0.95,0.95,1,1,benzoyl peroxide (1),milk-82f50de033152ec7,https://www.sentinelassam.com/topheadlines/assam-sample-testing-detects-aggravated-food-adulteration,benzoyl peroxide in wheat
News,whey protein,steroids,True,1,1,0.95,0.95,0.95,0.95,0.95,1,1,steroids (1),milk-daa8a0902e951146,https://www.thehindu.com/sci-tech/health/the-complete-guide-to-whey-protein/article34302922.ece,found steroids in protein powders
News,Curd/yoghurt,poison,False,2,1,0.925,0.925,0.9,0.95,0.95,2,2,poison (2),milk-df00a55f8210de61,https://timesofindia.indiatimes.com/city/agra/woman-buys-poison-online-with-lovers-help-kills-hubby/articleshow/122910420.cms,curd laced with poison
News,Ghee,cotton seeds,True,2,1,0.925,0.925,0.9,0.95,0.95,2,2,cotton seeds (2),90b45add-966d-4b4a-84c4-a1f0deca16c0,https://timesofindia.indiatimes.com/city/jaipur/bhilwara-police-bust-fake-saras-ghee-unit-arrest-one/articleshow/129761742.cms,mixing vanaspati ghee and cotton seeds
News,Milk,sulfates,True,2,1,0.925,0.925,0.9,0.95,0.95,2,2,sulfates (2),1f7c37c9-db47-4154-80ed-636759f11785,https://assamtribune.com/national/milk-adulteration-racket-uncovered-in-gujarats-amreli-one-held-with-fake-products-1555570,milk was found to be made from harmful chemicals such as sulfates
News,Paneer,arrowroot,True,2,1,0.925,0.925,0.9,0.95,0.95,2,2,arrowroot (2),milk-fca1e8bff23d9130,https://timesofindia.indiatimes.com/city/ranchi/building-a-healthy-platter/articleshow/121853891.cms,Adulterated paneer contains arrowroot
News,Paneer,foreign fat,True,2,1,0.925,0.925,0.9,0.95,0.95,2,2,foreign fat (2),oil-50e40c8b74e2a126,https://www.hindustantimes.com/cities/others/ahead-of-festive-season-adulterated-paneer-milk-and-oil-raise-alarms-for-food-safety-in-lucknow-101693406351671.html,adulterated due to low fat content or the presence of foreign fat
News,gingelly oil,rice bran oil,True,2,1,0.925,0.925,0.9,0.95,0.95,2,2,rice bran oil (2),oil-f9acf1c32c4becc3,https://www.thehindu.com/news/cities/Tiruchirapalli/food-safety-officials-crack-the-whip-on-adulteration-of-edible-oil-in-tiruchi/article65183634.ece,mix palm oil with groundnut oil and rice bran oil with gingelly oil
News,olive oil,seed oil,True,2,1,0.925,0.925,0.9,0.95,0.95,2,2,seed oil (2),oil-ed891cb2ad0773f4,https://www.hindustantimes.com/business/your-olive-oil-might-be-unfit-for-human-consumption-101727442635229.html,seed oil mixed with beta-carotene and chlorophyll was being passed off as extra virgin olive oil
News,turmeric powder,red colour,True,2,1,0.925,0.925,0.9,0.95,0.95,2,2,red colour (2),ac336104-7312-4e47-b302-c399ba68e198,https://www.freepressjournal.in/indore/khandwa-adulterated-spices-found-from-manufacturing-unit-during-joint-raid-of-police-food-department,"red colour, rice flour and corn flour were added to increase the weight of turmeric powder"
News,dark chocolate,cadmium,True,3,1,0.9167,0.9,0.9,0.95,0.95,3,3,cadmium (3),milk-681b94301c4f1a61,https://indianexpress.com/article/lifestyle/health/scientists-keep-finding-heavy-metals-in-dark-chocolate-should-you-worry-9492306/,35 percent had higher concentrations of cadmium
News,dark chocolate,lead,True,3,1,0.9167,0.9,0.9,0.95,0.95,3,3,lead (3),milk-681b94301c4f1a61,https://indianexpress.com/article/lifestyle/health/scientists-keep-finding-heavy-metals-in-dark-chocolate-should-you-worry-9492306/,43 percent contained higher levels of lead
News,Cheese,cheese analogue,True,1,1,0.9,0.9,0.9,0.9,0.9,1,1,cheese analogue (1),oil-8974a560ec07d8c9,https://timesofindia.indiatimes.com/business/india-business/use-only-milk-based-real-cheese-mcdonalds-says-after-maharashtra-fda-accuses-fast-food-giant-of-using-vegetable-oil/articleshow/107958419.cms,without indicating that the cheese was a substitute
News,Coconut oil,acetic acid ester,True,1,1,0.9,0.9,0.9,0.9,0.9,1,1,Acetic Acid Ester (1),e53f3cca-ca53-449c-9f09-737f317fb169,https://www.thehindubusinessline.com/news/tirumala-laddu-scam-68-lakh-kg-of-adulterated-ghee-supplied-to-ttd-says-cbi/article70267120.ece,supplied monoglycerides and Acetic Acid Ester in the name of coconut oil
News,Coconut oil,hydrogenated fats,True,1,1,0.9,0.9,0.9,0.9,0.9,1,1,hydrogenated fats (1),oil-692cd678dcf04ba9,https://timesofindia.indiatimes.com/life-style/beauty/signs-your-coconut-oil-is-fake-and-how-to-spot-the-real-one/photostory/124849847.cms,"Many cheaper brands add substances like paraffin wax, synthetic antioxidants, and hydrogenated fats, mimicking the appearance and consistency of pure coconut oil."
News,Coconut oil,monoglycerides,True,1,1,0.9,0.9,0.9,0.9,0.9,1,1,monoglycerides (1),e53f3cca-ca53-449c-9f09-737f317fb169,https://www.thehindubusinessline.com/news/tirumala-laddu-scam-68-lakh-kg-of-adulterated-ghee-supplied-to-ttd-says-cbi/article70267120.ece,supplied monoglycerides and Acetic Acid Ester in the name of coconut oil
News,Coconut oil,paraffin wax,True,1,1,0.9,0.9,0.9,0.9,0.9,1,1,paraffin wax (1),oil-692cd678dcf04ba9,https://timesofindia.indiatimes.com/life-style/beauty/signs-your-coconut-oil-is-fake-and-how-to-spot-the-real-one/photostory/124849847.cms,"Many cheaper brands add substances like paraffin wax, synthetic antioxidants, and hydrogenated fats, mimicking the appearance and consistency of pure coconut oil."
News,Coconut oil,synthetic antioxidants,True,1,1,0.9,0.9,0.9,0.9,0.9,1,1,synthetic antioxidants (1),oil-692cd678dcf04ba9,https://timesofindia.indiatimes.com/life-style/beauty/signs-your-coconut-oil-is-fake-and-how-to-spot-the-real-one/photostory/124849847.cms,"substances like paraffin wax, synthetic antioxidants"
News,Curd/yoghurt,dead lizard,True,1,1,0.9,0.9,0.9,0.9,0.9,1,1,dead lizard (1),df6dd614-6785-4c3a-b6c7-1e091a751c64,https://www.deccanchronicle.com/southern-states/telangana/many-restaurants-violated-food-safety-rules-task-force-officials-1858555,700 kg of curd infested with fungus and a dead lizard near food products
News,Curd/yoghurt,detergent,True,1,1,0.9,0.9,0.9,0.9,0.9,1,1,detergent (1),milk-2d4c6eb27aa0b942,https://nagalandpost.com/unsafe-at-every-bite-indias-silent-food-safety-epidemic/,"adulterants found in milk and milk-based products, such as paneer, curd, and sweets, include detergent"
News,Curd/yoghurt,ethylene glycol,True,1,1,0.9,0.9,0.9,0.9,0.9,1,1,ethylene glycol (1),milk-16230efeb01fc650,https://indianexpress.com/article/cities/hyderabad/rajahmundry-milk-adulteration-toll-rises-to-13-after-toxic-fridge-coolant-leaks-into-milk-supply-10579534/,"toxic coolant liquid, which leaked in the freezer, got mixed with milk and curd"
News,Curd/yoghurt,starch,True,1,1,0.9,0.9,0.9,0.9,0.9,1,1,starch (1),milk-71b4c09b2facdd5c,https://www.deccanchronicle.com/southern-states/telangana/crackdown-reveals-dirty-underbelly-of-citys-food-businesses-1948147,"Curd – 1 – 2.5 tonnes – Spoils easily, added starch"
News,Edible/cooking oil,aflatoxins,True,1,1,0.9,0.9,0.9,0.9,0.9,1,1,aflatoxins (1),oil-70483e65d1e290ab,https://www.livemint.com/news/india/24-edible-oil-samples-adulterated-fssai-11640775486648.html,"presence of aflatoxins, pesticide residues and heavy metals at levels higher than those prescribed"
News,Edible/cooking oil,animal fat,True,1,1,0.9,0.9,0.9,0.9,0.9,1,1,animal fat-based oils (1),oil-8c664dba9516ee5f,https://www.thehansindia.com/telangana/adulterated-food-threatens-public-health-in-gadwal-district-inspections-reduced-to-a-formality-966491,use of animal fat-based oils instead of healthy cooking oils
News,Edible/cooking oil,argemone oil,True,1,1,0.9,0.9,0.9,0.9,0.9,1,1,Argemone oil (1),oil-3bd1cf9862ff569d,https://timesofindia.indiatimes.com/life-style/food-news/harmful-ingredients-in-fake-edible-oil/articleshow/110737364.cms,Argemone oil is another hazardous adulterant found in fake edible oil
News,Edible/cooking oil,heavy metals,True,1,1,0.9,0.9,0.9,0.9,0.9,1,1,heavy metals (1),oil-70483e65d1e290ab,https://www.livemint.com/news/india/24-edible-oil-samples-adulterated-fssai-11640775486648.html,"presence of aflatoxins, pesticide residues and heavy metals at levels higher than those prescribed"
News,Edible/cooking oil,pesticide residue,True,1,1,0.9,0.9,0.9,0.9,0.9,1,1,pesticide residues (1),oil-70483e65d1e290ab,https://www.livemint.com/news/india/24-edible-oil-samples-adulterated-fssai-11640775486648.html,"presence of aflatoxins, pesticide residues and heavy metals at levels higher than those prescribed"
News,Ghee,added fragrance,True,1,1,0.9,0.9,0.9,0.9,0.9,1,1,added fragrance (1),40846a9f-f6bb-4e8c-a024-24aec3d65678,https://www.indiatoday.in/india/story/india-today-impact-sting-operation-fake-ghee-leads-to-raids-uttar-pradesh-hathras-2623207-2024-10-25?utm_source=rss,"combination of hydrogenated vegetable oil, refined oil, and some added fragrance"
News,Ghee,almond oil,True,1,1,0.9,0.9,0.9,0.9,0.9,1,1,almond oil (1),af89f495-ed01-4b20-bd0c-d367f8447a15,https://timesofindia.indiatimes.com/life-style/food-news/what-is-the-real-colour-of-desi-ghee-and-how-to-check-its-purity/photostory/82629456.cms,"mixed with coconut oil, almond oil and hydrogenated oils"
News,Ghee,animal bones,True,1,1,0.9,0.9,0.9,0.9,0.9,1,1,animal bones (1),0b5a50e0-df3b-42ea-83c6-80bc16cf39fb,https://www.opindia.com/2026/04/madhya-pradesh-khandwa-police-arrest-anwar-qureshi-fake-ghee-animal-fat-bones-skin-fir-details/,"fake ghee made using animal fat, skin and bones"
News,Ghee,animal skin,True,1,1,0.9,0.9,0.9,0.9,0.9,1,1,animal skin (1),0b5a50e0-df3b-42ea-83c6-80bc16cf39fb,https://www.opindia.com/2026/04/madhya-pradesh-khandwa-police-arrest-anwar-qureshi-fake-ghee-animal-fat-bones-skin-fir-details/,"fake ghee made using animal fat, skin and bones"
News,Ghee,artificial flavour,True,1,1,0.9,0.9,0.9,0.9,0.9,1,1,artificial flavour (1),milk-badc57c3ebacce2c,https://www.deccanchronicle.com/southern-states/andhra-pradesh/probe-says-over-20-crore-spurious-tirumala-laddus-sold-between-20192024-1918657,infused with artificial flavour
News,Ghee,artificial flavouring,True,1,1,0.9,0.9,0.9,0.9,0.9,1,1,artificial flavouring (1),09e48dfd-700e-44fd-b178-70c5c7cc29ed,https://indianexpress.com/article/cities/hyderabad/no-beef-tallow-lard-tirupati-laddu-cbi-reveals-synthetic-material-used-mimic-ghee-10503103/,artificial flavouring to mimic the aroma
News,Ghee,artificial flavours,True,1,1,0.9,0.9,0.9,0.9,0.9,1,1,artificial flavours (1),a45c3495-d077-4241-b1d7-72fa109d0e6b,https://www.thehansindia.com/andhra-pradesh/cbi-led-sit-secures-custody-of-two-key-accused-in-laddu-ghee-adulteration-case-1029646,artificial flavours and other esters were routed
News,Ghee,artificial ghee flavours,True,1,1,0.9,0.9,0.9,0.9,0.9,1,1,artificial ghee flavours (1),e57d61a5-e3ec-423d-ad96-243fbfae502b,https://www.newindianexpress.com/thesundaystandard/2026/May/03/admin-failures-procedural-violations-led-to-ttd-ghee-adulteration-says-one-man-panel,using synthetic masking agents such as Beta-Carotene and artificial ghee flavours
News,Ghee,bathroom chemicals,True,1,1,0.9,0.9,0.9,0.9,0.9,1,1,bathroom chemicals (1),b40ee428-0e50-4a51-aca9-a9074c0486cf,https://www.deccanchronicle.com/southern-states/andhra-pradesh/naidu-accuses-previous-ysrcp-govt-of-using-ghee-made-with-bathroom-chemicals-for-tirupati-laddus-1935390,ghee which was adulterated with chemicals used to clean bathrooms
News,Ghee,blended fats,True,1,1,0.9,0.9,0.9,0.9,0.9,1,1,blended fats (1),df66a254-1f25-4070-a0e8-0ea7de33cd2d,https://www.freepressjournal.in/bhopal/fake-ghee-factory-busted-in-gwalior-fda-seizes-large-quantity-of-adulterated-product-samples-sent-for-further-testing,product is not pure ghee but a liquid substance made by blending two to three types of fats
News,Ghee,buffalo fat,True,1,1,0.9,0.9,0.9,0.9,0.9,1,1,buffalo fat (1),8e0f3d53-2c44-474d-9787-4713b7050c28,https://www.deccanchronicle.com/southern-states/andhra-pradesh/korean-monoglycerides-used-for-adulteration-of-ghee-supplied-to-ttd-1935626,found the presence of pig and buffalo fat in the ghee
News,Ghee,burnt engine oil,True,1,1,0.9,0.9,0.9,0.9,0.9,1,1,burnt engine oil (1),5710a503-9fbe-46ae-abd5-2663069b70db,https://www.india.com/news/delhi/delhi-fake-ghee-making-factory-busted-in-dwarka-labels-of-brands-such-as-patanjali-mother-dairy-amul-recovered-6531374/,"burnt engine oil, low-grade palm oil and dangerous chemicals were used in making ghee"
News,Ghee,butter flavour,True,1,1,0.9,0.9,0.9,0.9,0.9,1,1,butter flavour (1),1df33743-1016-49ce-981b-862125c0893f,https://timesofindia.indiatimes.com/city/kanpur/life-imprisonment-for-selling-duplicate-ghee-of-prominent-brands-in-kanpur/articleshow/108536721.cms,add butter flavour in vegetable refined oil to prepare desi ghee
News,Ghee,cheap fats,True,1,1,0.9,0.9,0.9,0.9,0.9,1,1,cheap fats (1),31cae76c-aa62-4328-bd40-368275f60e9f,https://www.newsx.com/regionals/bengaluru-distributor-busted-for-selling-diluted-nandini-ghee-in-fake-racket-what-we-know-so-far-111748/,mixes genuine ghee with palm oil and other cheap fats
News,Ghee,chemical based flavouring agents,True,1,1,0.9,0.9,0.9,0.9,0.9,1,1,chemical-based flavouring agents (1),9270ce1b-4012-4daf-b2b5-00671548f6af,https://indianexpress.com/article/cities/delhi/fake-ghee-racket-busted-in-delhi-6-held-in-festive-season-crackdown-10284942/,chemical-based flavouring agents ... were added
News,Ghee,chemical esters,True,1,1,0.9,0.9,0.9,0.9,0.9,1,1,chemical esters (1),e1bbca7c-14db-40cf-a128-0219f12466a3,https://www.freepressjournal.in/mumbai/nhrc-complaint-filed-over-tirupati-ghee-scandal-activist-calls-it-national-betrayal-of-faith,ghee ... reportedly contained ... chemical esters
News,Ghee,colgate,True,1,1,0.9,0.9,0.9,0.9,0.9,1,1,Colgate (1),d18985ea-8239-498e-9147-eda1d0bb8bde,https://www.freepressjournal.in/indore/khandwa-over-1300-kg-ingredients-used-in-making-spurious-ghee-seized-factory-sealed-in-chhirkhel-village-4-arrested,"Colgate, Dabur toothpaste, Lal Dant Manjan among other goods were used to make ghee spuriously"
News,Ghee,counterfeit ghee,True,1,1,0.9,0.9,0.9,0.9,0.9,1,1,Counterfeit Ghee (1),0cd19c3c-bb47-44ab-b8f5-f06d0b49bdee,https://timesofindia.indiatimes.com/city/surat/massive-seizure-of-counterfeit-ghee-71-containers-confiscated-in-surat/articleshow/114157937.cms,"containers look like the original product, but SUMUL officials confirmed that they were counterfeit"
News,Ghee,counterfeit saras ghee,True,1,1,0.9,0.9,0.9,0.9,0.9,1,1,counterfeit Saras ghee (1),f5653eaf-7d13-4c91-93c7-e30daca2ec3a,https://timesofindia.indiatimes.com/city/jaipur/food-safety-team-seizes-fake-ghee-at-jhotwara-retail-mart/articleshow/111198853.cms,counterfeit Saras ghee
News,Ghee,detergent,True,1,1,0.9,0.9,0.9,0.9,0.9,1,1,detergents (1),6901ef7b-f98a-4b3a-b622-85196fe10ffb,https://indianexpress.com/article/lifestyle/food-wine/tirupati-laddoo-controversy-eating-adulterated-ghee-affect-health-9589633/,Harmful chemicals like paraffin wax or even detergents are used
News,Ghee,diglycerides,True,2,1,0.9,0.9,0.9,0.9,0.9,2,2,diglycerides (2),9bd6a50e-945d-42d4-88de-97e83b4c3b06,https://timesofindia.indiatimes.com/life-style/food-news/25-tons-of-adulterated-ghee-seized-in-this-city-8-ways-to-identify-fake-ghee/articleshow/117206895.cms,"ghee you are using is made with vegetable fat, fatty acid mono, and diglycerides"
News,Ghee,duplicate ghee,True,1,1,0.9,0.9,0.9,0.9,0.9,1,1,duplicate ghee (1),3860086d-7db5-4a45-ac94-d58f08afd139,https://www.indiasnews.net/news/272468805/delhi-two-arrested-for-selling-adulterated-ghee,selling duplicate ghee in the original ghee packets
News,Ghee,edible oils,True,1,1,0.9,0.9,0.9,0.9,0.9,1,1,edible oils (1),ca3e0060-dada-499b-9c41-e6751c8baaa4,https://timesofindia.indiatimes.com/city/jaipur/spurious-ghee-racket-kingpin-held-from-haryana/articleshow/126128170.cms,preparing spurious ghee by mixing edible oils
News,Ghee,fatty acid mono,True,1,1,0.9,0.9,0.9,0.9,0.9,1,1,fatty acid mono (1),9bd6a50e-945d-42d4-88de-97e83b4c3b06,https://timesofindia.indiatimes.com/life-style/food-news/25-tons-of-adulterated-ghee-seized-in-this-city-8-ways-to-identify-fake-ghee/articleshow/117206895.cms,"mixture of vegetable fat, fatty acid mono, and diglycerides, which were used to manufacture the adulterated ghee"
News,Ghee,flavouring essence,True,1,1,0.9,0.9,0.9,0.9,0.9,1,1,flavouring essence (1),4216dab3-b436-422a-a6ee-74b5858f7aa2,https://timesofindia.indiatimes.com/city/surat/unit-making-spurious-ghee-flourishing-for-2-years-busted-in-sachin-gidc/articleshow/130316426.cms,"mixed it with palm oil, vanaspati and flavouring essence to produce larger quantities of so-called cow ghee"
News,Ghee,flower oil,True,1,1,0.9,0.9,0.9,0.9,0.9,1,1,flower oil (1),a18ba308-f8ab-4590-b466-daf80aa2b59c,https://www.newindianexpress.com/states/andhra-pradesh/2024/Sep/22/andhra-mlas-ganta-and-vishnu-raise-concern-over-quality-of-simhachalam-temple-ghee,"Suspected adulteration was detected in ghee supplied by Rythu Dairy in Jangareddygudem, Eluru district, with traces of Vanaspati, flower oil, palm oil, and colour."
News,Ghee,food colouring,True,1,1,0.9,0.9,0.9,0.9,0.9,1,1,food colouring (1),242fb44b-5f1a-41b4-89f8-bd09d8a950d7,https://www.deccanchronicle.com/southern-states/telangana/elderly-person-held-in-secunderabad-for-selling-adulterated-ghee-1923676,"using plant-based oils such as coconut oil, palm oil, dalda, and food colouring to manufacture the spurious product"
News,Ghee,food grade lactic acid,True,1,1,0.9,0.9,0.9,0.9,0.9,1,1,food-grade lactic acid (1),f289c668-0c40-41e6-82af-ae6829b262d4,https://www.thehindu.com/opinion/op-ed/the-ghee-keeping-andhra-on-the-boil/article70671461.ece,"purchases of palm kernel oil, refined palm oil, food-grade lactic acid"
News,Ghee,ghee flavor,True,1,1,0.9,0.9,0.9,0.9,0.9,1,1,ghee flavor (1),73369c4a-c44b-4b7a-b3cc-07766ccb4e2a,https://indianexpress.com/article/cities/hyderabad/tirupati-temple-laddus-adulterated-ghee-sit-10357099/,ghee flavor
News,Ghee,hydrogenated oil,True,1,1,0.9,0.9,0.9,0.9,0.9,1,1,hydrogenated oil (1),411b1d1a-7b18-4425-90f0-da2c296625eb,https://timesofindia.indiatimes.com/etimes/wellness/study-reveals-fake-ghee-from-carrot-extract-can-pass-quality-tests-but-is-it-really-healthier-than-real-ghee/articleshow/131433320.cms,Hydrogenated oil is one of the most common adulterants because itâs cheap and mimics gheeâs texture
News,Ghee,industrial fats,True,1,1,0.9,0.9,0.9,0.9,0.9,1,1,industrial fats (1),e1bbca7c-14db-40cf-a128-0219f12466a3,https://www.freepressjournal.in/mumbai/nhrc-complaint-filed-over-tirupati-ghee-scandal-activist-calls-it-national-betrayal-of-faith,ghee ... reportedly contained ... industrial fats
News,Ghee,laboratory esters,True,1,1,0.9,0.9,0.9,0.9,0.9,1,1,laboratory esters (1),09e48dfd-700e-44fd-b178-70c5c7cc29ed,https://indianexpress.com/article/cities/hyderabad/no-beef-tallow-lard-tirupati-laddu-cbi-reveals-synthetic-material-used-mimic-ghee-10503103/,laboratory esters used to chemically mimic dairy parameters
News,Ghee,labsa,True,1,1,0.9,0.9,0.9,0.9,0.9,1,1,LABSA (1),e70df749-9305-44b3-8a30-defc332a7fa4,https://zeenews.india.com/india/tirumala-laddu-row-andhra-cm-naidu-claims-bathroom-cleaning-chemicals-used-in-the-ghee-meant-for-tirupati-laddu-3014480.html,chemical called LABSA... was used in the adulteration
News,Ghee,mono and di glycerides,True,1,1,0.9,0.9,0.9,0.9,0.9,1,1,mono- and di-glycerides (1),e1bbca7c-14db-40cf-a128-0219f12466a3,https://www.freepressjournal.in/mumbai/nhrc-complaint-filed-over-tirupati-ghee-scandal-activist-calls-it-national-betrayal-of-faith,ghee ... reportedly contained ... mono- and di-glycerides
News,Ghee,mosquitoes and houseflies,True,1,1,0.9,0.9,0.9,0.9,0.9,1,1,mosquitoes and houseflies (1),0d96e6b1-57f6-4555-8711-703a6c818eea,https://www.indiatoday.in/cities/hyderabad/story/hyderabad-4-seasons-restaurant-raid-food-safety-hygiene-violations-2690857-2025-03-08?utm_source=rss,found ghee stored within its premises to be infested with mosquitoes and houseflies
News,Ghee,non dairy substances,True,1,1,0.9,0.9,0.9,0.9,0.9,1,1,non-dairy substances (1),a731f3d3-1c7d-4a3b-8fed-a18e0d0cfa0f,https://www.thehansindia.com/news/national/delhi-police-bust-illegal-adulterated-desi-ghee-factory-in-bawana-two-held-1019332,producing spurious ghee using refined oils and non-dairy substances
News,Ghee,plant oils,True,1,1,0.9,0.9,0.9,0.9,0.9,1,1,plant oils (1),e70df749-9305-44b3-8a30-defc332a7fa4,https://zeenews.india.com/india/tirumala-laddu-row-andhra-cm-naidu-claims-bathroom-cleaning-chemicals-used-in-the-ghee-meant-for-tirupati-laddu-3014480.html,ghee had been adulterated with plant oils
News,Ghee,refined oils,True,1,1,0.9,0.9,0.9,0.9,0.9,1,1,refined oils (1),a731f3d3-1c7d-4a3b-8fed-a18e0d0cfa0f,https://www.thehansindia.com/news/national/delhi-police-bust-illegal-adulterated-desi-ghee-factory-in-bawana-two-held-1019332,manufacturing adulterated 'desi ghee'... using refined oils
News,Ghee,scent,True,1,1,0.9,0.9,0.9,0.9,0.9,1,1,scent (1),0aa842b8-1ac9-4243-a8b6-5d98d32d6089,https://www.freepressjournal.in/bhopal/madhya-pradesh-man-held-for-selling-adulterated-ghee,scent which was mixed with adulterated ghee
News,Ghee,sunflower fat,True,1,1,0.9,0.9,0.9,0.9,0.9,1,1,sunflower fat (1),milk-373237b4ee3b0c64,https://www.hindustantimes.com/india-news/centre-steps-in-as-row-over-tirupati-laddus-explodes-101726860004856.html,"presence of foreign fats such as soybean, sunflower, palm kernel fat"
News,Ghee,synthetic fake ghee,True,1,1,0.9,0.9,0.9,0.9,0.9,1,1,synthetic fake ghee (1),cf35dad3-c846-4c5e-91db-577efd256f78,https://timesofindia.indiatimes.com/city/amaravati/ttd-laddu-ghee-adulteration-case-cbi-sit-files-chargesheet-names-36-accused/articleshow/127362854.cms,supplied 68 lakh kg of synthetic fake ghee
News,Ghee,synthetic flavors,True,1,1,0.9,0.9,0.9,0.9,0.9,1,1,synthetic flavors (1),734b6c2c-779f-41a6-9fed-a24f7fb1be07,https://timesofindia.indiatimes.com/life-style/food-news/pure-desi-ghee-benefits-nutrition-and-how-to-detect-adulteration-at-home/articleshow/125913436.cms,and synthetic flavors
News,Ghee,synthetic flavouring agents,True,1,1,0.9,0.9,0.9,0.9,0.9,1,1,synthetic flavouring agents (1),67c4a0dd-5f32-4dde-b733-4a4a9e5dfafb,https://timesofindia.indiatimes.com/life-style/food-news/fsda-declares-6-desi-ghee-brands-unsafe-how-to-check-ghee-purity-and-the-easiest-way-to-make-ghee-at-home/articleshow/130544411.cms,The common adulterants used in ghee are ... synthetic flavouring agents
News,Ghee,synthetic material,True,1,1,0.9,0.9,0.9,0.9,0.9,1,1,synthetic material (1),0af3703f-23ec-4f8f-a1b6-45b4adb68b12,https://www.deccanchronicle.com/southern-states/andhra-pradesh/sit-chargesheet-in-laddu-ghee-case-sparks-political-sparring-in-tirupati-1933889,material supplied was not ghee but a chemical-based synthetic product
News,Ghee,trans fats,True,1,1,0.9,0.9,0.9,0.9,0.9,1,1,trans fats (1),b86289f8-e1d8-468e-9c0b-9b3c6aa538d5,https://economictimes.indiatimes.com/magazines/panache/olive-mustard-ghee-or-coconut-oil-gurgaon-doctor-explains-which-oil-to-use-and-avoid-one-that-costs-5-lakh-lives-a-year/articleshow/125295490.cms,trans fats—commonly found in hydrogenated oils like cheap vanaspati ghee
News,Ghee,vegetable refined oil,True,1,1,0.9,0.9,0.9,0.9,0.9,1,1,vegetable refined oil (1),1df33743-1016-49ce-981b-862125c0893f,https://timesofindia.indiatimes.com/city/kanpur/life-imprisonment-for-selling-duplicate-ghee-of-prominent-brands-in-kanpur/articleshow/108536721.cms,add butter flavour in vegetable refined oil to prepare desi ghee
News,Ghee,yellow chemical colour,True,1,1,0.9,0.9,0.9,0.9,0.9,1,1,yellow chemical colour (1),c8ddee14-df38-49aa-9d85-a7c6b34273a6,https://www.newindianexpress.com/states/odisha/2021/jan/08/poison-on-the-plate-markets-see-rise-in-fake-food-products-2247212.html,"spurious ghee is a heady mix of palm oil, vanaspati and yellow chemical colour"
News,Ghee,yellow colouring,True,1,1,0.9,0.9,0.9,0.9,0.9,1,1,yellow colouring (1),f392755d-eeca-465c-a865-90cda923db62,https://timesofindia.indiatimes.com/life-style/food-news/fake-desi-ghee-factory-busted-in-punjab-how-exactly-is-fake-ghee-made-and-how-to-spot-it/articleshow/124737410.cms,whisking in yellow colouring
News,Khoya/mawa,artificial flavors,True,2,1,0.9,0.9,0.9,0.9,0.9,2,2,artificial flavors (2),79f059b8-00b2-4345-ad46-440c7bc371df,https://www.freepressjournal.in/indore/madhya-pradesh-adulterated-khoya-ghee-seized-from-unhel-dairy-farm,khoya was being manufactured by adding artificial flavors
News,Khoya/mawa,fake khoya,True,1,1,0.9,0.9,0.9,0.9,0.9,1,1,fake khoya (1),milk-244bdc2b0ea18527,https://thelogicalindian.com/festive-sweets-and-hidden-risks-why-adulterated-food-returns-every-holi-diwali-in-indian-markets/,"seized around 1,400 kilograms of fake khoya"
News,Khoya/mawa,fake mawa,True,1,1,0.9,0.9,0.9,0.9,0.9,1,1,fake mawa (1),milk-4da0f46536be22b5,https://timesofindia.indiatimes.com/city/bhopal/bhopal-second-safest-when-it-comes-to-eating-outside/articleshow/100887386.cms,seizure of fake mawa
News,Khoya/mawa,food colour,True,1,1,0.9,0.9,0.9,0.9,0.9,1,1,food colour (1),oil-efa17f7ff744c18c,https://timesofindia.indiatimes.com/city/indore/300kg-of-adulterated-mawa-seized-in-ujjain-ahead-of-diwali/articleshow/114594281.cms,"Milk powder, palm oil, vegetable oil, and food colour were the adulterants in the seized mawa."
News,Khoya/mawa,oil adulterants,True,1,1,0.9,0.9,0.9,0.9,0.9,1,1,oil adulterants (1),oil-6372c7f13587aacf,https://timesofindia.indiatimes.com/city/jaipur/over-24000-kg-adulterated-food-items-seized-ahead-of-holi/articleshow/119088657.cms,mawa found to contain oil adulterants
News,Khoya/mawa,packaged multigrain bread,True,1,1,0.9,0.9,0.9,0.9,0.9,1,1,packaged multigrain bread (1),c0b138ca-a4a9-49d0-abbd-02e4f2a303ff,https://timesofindia.indiatimes.com/life-style/food-news/1500-kg-fake-paneer-and-mawa-seized-in-ghaziabad-8-smart-alternatives-for-popular-dishes-for-the-holi-celebration/photostory/128815903.cms,replace it with packaged multigrain bread
News,Khoya/mawa,potato,True,1,1,0.9,0.9,0.9,0.9,0.9,1,1,potato (1),69484d5a-63ba-4099-aa9b-77fa7ebc2c9f,https://timesofindia.indiatimes.com/city/patna/over-500kg-adulterated-paneer-seized-by-food-safety-and-drug-administration/articleshow/118985802.cms,Adding potato or sweet potato for starch and mixing milk powder in mawa is not permitted
News,Khoya/mawa,soap,True,1,1,0.9,0.9,0.9,0.9,0.9,1,1,soap (1),8d207b3c-d7d6-4776-a05d-ec3f854e4f5e,https://www.financialexpress.com/life/lifestyle-worried-about-adulterated-diwali-sweets-dietitian-on-how-to-recognise-fake-khoya-4011313/,"it could have starch, detergent, or soap in it"
News,Khoya/mawa,sweet potato,True,1,1,0.9,0.9,0.9,0.9,0.9,1,1,sweet potato (1),69484d5a-63ba-4099-aa9b-77fa7ebc2c9f,https://timesofindia.indiatimes.com/city/patna/over-500kg-adulterated-paneer-seized-by-food-safety-and-drug-administration/articleshow/118985802.cms,Adding potato or sweet potato for starch and mixing milk powder in mawa is not permitted
News,Khoya/mawa,synthetic materials,True,1,1,0.9,0.9,0.9,0.9,0.9,1,1,synthetic materials (1),f3307bb9-ecd5-4da7-ab4d-7da66a93aee4,https://www.freepressjournal.in/bhopal/beware-before-buying-raksha-bandhan-sweets-over-400-places-making-adulterated-mawa-in-madhya-pradesh-check-how-to-test-real-vs-fake,starch and synthetic materials are added
News,Khoya/mawa,synthetic milk,True,1,1,0.9,0.9,0.9,0.9,0.9,1,1,synthetic milk (1),f3307bb9-ecd5-4da7-ab4d-7da66a93aee4,https://www.freepressjournal.in/bhopal/beware-before-buying-raksha-bandhan-sweets-over-400-places-making-adulterated-mawa-in-madhya-pradesh-check-how-to-test-real-vs-fake,"adulterated mawa, synthetic milk and other artificial ingridients"
News,Khoya/mawa,unknown adulterant in khoya,True,1,1,0.9,0.9,0.9,0.9,0.9,1,1,unknown adulterant in khoya (1),oil-fc714f38909e4348,https://timesofindia.indiatimes.com/city/noida/dry-fruit-oil-traders-under-scanner-ahead-of-rakshabandhan/articleshow/123103360.cms,destroyed 35 kg of adulterated khoya
News,Milk,adulterant_in_milk_sample,True,1,1,0.9,0.9,0.9,0.9,0.9,1,1,Adulterant_in_milk_sample (1),milk-acefcbd052053c37,https://www.hindustantimes.com/cities/mumbai-news/fda-returns-1-900-litres-of-adulterated-milk-101694803584899.html,one sample was adulterated
News,Milk,antibiotic residue,True,1,1,0.9,0.9,0.9,0.9,0.9,1,1,antibiotics (1),milk-7500479cf94d3e8b,https://www.thehansindia.com/business/sids-farm-launches-awareness-campaign-on-pure-milk-730433,Significant portions of antibiotics are released through the milk of dairy animals
News,Milk,artificial sweeteners,True,1,1,0.9,0.9,0.9,0.9,0.9,1,1,artificial sweeteners (1),oil-5833ed5c8ef2f839,https://timesofindia.indiatimes.com/city/meerut/6500kg-of-spurious-milk-and-paneer-seized-owner-arrested/articleshow/117339880.cms,mix artificial sweeteners and flavours in the chemicals
News,Milk,bovine tuberculosis,True,1,1,0.9,0.9,0.9,0.9,0.9,1,1,bovine tuberculosis (1),milk-06dc77247b5c75c4,https://timesofindia.indiatimes.com/blogs/seeing-the-invisible/milk-won-the-battle-against-measles-long-before-antibiotics-and-vaccines-part-2/,"Bulk milk transported to cities had all kinds of bacteria including of diphtheria, septic sore throat, typhoid and bovine tuberculosis"
News,Milk,campylobacter,True,1,1,0.9,0.9,0.9,0.9,0.9,1,1,Campylobacter (1),milk-c8d247f8a136d400,https://economictimes.indiatimes.com/news/web-stories/8-bacteria-you-might-be-eating-every-day-but-shouldnt/slideshow/122494392.cms,"Found in: raw poultry, unpasteurised milk, untreated water"
News,Milk,campylobacter jejuni,True,1,1,0.9,0.9,0.9,0.9,0.9,1,1,Campylobacter jejuni (1),milk-7ad5f827a3ae30fe,https://www.dnaindia.com/health/report-guillain-barre-syndrome-cases-surge-in-pune-know-its-causes-symptoms-and-more-3129263,caused by consuming ... unpasteurized milk
News,Milk,colourless liquid,True,1,1,0.9,0.9,0.9,0.9,0.9,1,1,colourless liquid (1),oil-829d382c68663635,https://timesofindia.indiatimes.com/city/nashik/nashik-fda-cracks-down-on-adulterated-food-items-oil/articleshow/105082876.cms,adulterating milk with the help of milk powder and colourless liquid
News,Milk,coolant oil,True,1,1,0.9,0.9,0.9,0.9,0.9,1,1,coolant oil (1),milk-e684b29654db6793,https://www.thehansindia.com/andhra-pradesh/illegal-dairy-unit-sealed-after-fatal-milk-adulteration-incident-1051609,compounded by coolant oil leakage from a refrigerator
News,Milk,diphtheria bacteria,True,1,1,0.9,0.9,0.9,0.9,0.9,1,1,diphtheria bacteria (1),milk-06dc77247b5c75c4,https://timesofindia.indiatimes.com/blogs/seeing-the-invisible/milk-won-the-battle-against-measles-long-before-antibiotics-and-vaccines-part-2/,Bulk milk transported to cities had all kinds of bacteria including of diphtheria
News,Milk,embalming powder,True,1,1,0.9,0.9,0.9,0.9,0.9,1,1,embalming powder (1),milk-1d6bd107ac18c5e2,https://indianexpress.com/article/cities/ahmedabad/woman-arrested-for-killing-3-year-old-son-in-ahmedabad-7452937/,mixed the powder in milk
News,Milk,expired milk powder,True,1,1,0.9,0.9,0.9,0.9,0.9,1,1,expired milk powder (1),milk-d1fcc18c1d80bd0a,https://www.thehansindia.com/andhra-pradesh/synthetic-milk-threat-prompts-tight-checks-1051605,producing artificial milk by blending expired milk powder
News,Milk,intoxicants,True,1,1,0.9,0.9,0.9,0.9,0.9,1,1,intoxicants (1),milk-424bc02828430f1c,https://www.opindia.com/2024/05/muslim-mehar-jahan-burns-private-part-husband-mannan-zaidi-uttar-pradesh-arrested/,milk which was spiked with intoxicants
News,Milk,listeria,True,1,1,0.9,0.9,0.9,0.9,0.9,1,1,Listeria (1),milk-c8d247f8a136d400,https://economictimes.indiatimes.com/news/web-stories/8-bacteria-you-might-be-eating-every-day-but-shouldnt/slideshow/122494392.cms,"Found in: cold cuts, unpasteurised milk, soft cheeses"
News,Milk,m seal,True,1,1,0.9,0.9,0.9,0.9,0.9,1,1,M-Seal (1),milk-4fc822d8d49e72c8,https://www.andhrajyothy.com/2026/andhra-pradesh/visakhapatnam/rajahmundry-adulterated-milk-tragedy-ethylene-glycol-poisoning-confirmed-in-forensic-report-erk-1501464.html,పాలను నిలవడానికి ఫారా లాంటి రసాయనాలతో పాటు M-Seal తో కూడా
News,Milk,mineral oils,True,1,1,0.9,0.9,0.9,0.9,0.9,1,1,mineral oils (1),milk-7e13b24dc1c7f107,https://www.hindustantimes.com/cities/delhi-news/delhi-govt-to-intensify-checks-on-food-adulteration-amid-festive-season-101728844051312.html,"milk and milk products having detergents, oils, urea, mineral oils"
News,Milk,oil,True,1,1,0.9,0.9,0.9,0.9,0.9,1,1,oil (1),milk-e684b29654db6793,https://www.thehansindia.com/andhra-pradesh/illegal-dairy-unit-sealed-after-fatal-milk-adulteration-incident-1051609,"adulteration with urea, detergent powder, and oil to thicken milk"
News,Milk,optical whitening agents,True,1,1,0.9,0.9,0.9,0.9,0.9,1,1,optical whitening agents (1),oil-3bec1e0efecfc3d5,https://timesofindia.indiatimes.com/city/agra/adulterated-dairy-products-seized-in-mathura-aligarh/articleshow/124639650.cms,"samples revealed chemicals like poster colour, optical whitening agents"
News,Milk,plastic froth,True,1,1,0.9,0.9,0.9,0.9,0.9,1,1,plastic froth (1),oil-35fe5cda0dc33cbb,https://www.freepressjournal.in/bhopal/mp-over-5500-ltr-of-adulterated-milk-seized-from-dairy-in-bhind-case-registered,"seized around 5500 liters of adulterated and non-standard milk in two tankers, 50 kg RM and plastic froth from the spot"
News,Milk,poster colour,True,1,1,0.9,0.9,0.9,0.9,0.9,1,1,poster colour (1),oil-3bec1e0efecfc3d5,https://timesofindia.indiatimes.com/city/agra/adulterated-dairy-products-seized-in-mathura-aligarh/articleshow/124639650.cms,samples revealed chemicals like poster colour
News,Milk,preservatives,True,1,1,0.9,0.9,0.9,0.9,0.9,1,1,preservatives (1),milk-fbd10ca791d9f631,https://www.deccanchronicle.com/southern-states/andhra-pradesh/vigil-intensifies-amid-adulterated-milk-scare-in-tirupati-chittoor-districts-1939653,"preservatives and neutralisers are used, so that the milk does not spoil quickly"
News,Milk,septic sore throat bacteria,True,1,1,0.9,0.9,0.9,0.9,0.9,1,1,septic sore throat bacteria (1),milk-06dc77247b5c75c4,https://timesofindia.indiatimes.com/blogs/seeing-the-invisible/milk-won-the-battle-against-measles-long-before-antibiotics-and-vaccines-part-2/,"Bulk milk transported to cities had all kinds of bacteria including of diphtheria, septic sore throat"
News,Milk,soap solution,True,1,1,0.9,0.9,0.9,0.9,0.9,1,1,soap solution (1),oil-08739343ef4cafb5,https://www.freepressjournal.in/mumbai/detergent-urea-refined-oil-alleged-milk-adulteration-racket-busted-in-mumbais-andheri-viral-video-reveals-shocking-details,"substances such as detergent powder, urea, soap solution, refined oil and other synthetic chemicals are being mixed to create milk-like liquid"
News,Milk,soybean based milk,True,1,1,0.9,0.9,0.9,0.9,0.9,1,1,soybean-based milk (1),oil-3bec1e0efecfc3d5,https://timesofindia.indiatimes.com/city/agra/adulterated-dairy-products-seized-in-mathura-aligarh/articleshow/124639650.cms,"samples revealed chemicals like poster colour, optical whitening agents, and soybean-based milk"
News,Milk,sucrose,True,1,1,0.9,0.9,0.9,0.9,0.9,1,1,sucrose (1),2bc11203-0268-4c4a-9fe6-c168449ca3cf,https://www.livemint.com/economy/the-evolution-of-india-s-fake-milk-industry-11782121657013.html,"glucose and sucrose were used to improve sweetness, density and mouthfeel"
News,Milk,synthetic oils,True,1,1,0.9,0.9,0.9,0.9,0.9,1,1,synthetic oils (1),dc0f107c-d6af-40f2-b8fd-d6a8264071a5,https://www.thequint.com/news/breaking-news/cbi-finds-no-animal-fat-tirupati-ghee,adulterated ghee made from synthetic oils and chemicals without a trace of milk
News,Milk,typhoid bacteria,True,1,1,0.9,0.9,0.9,0.9,0.9,1,1,typhoid bacteria (1),milk-06dc77247b5c75c4,https://timesofindia.indiatimes.com/blogs/seeing-the-invisible/milk-won-the-battle-against-measles-long-before-antibiotics-and-vaccines-part-2/,"Bulk milk transported to cities had all kinds of bacteria including of diphtheria, septic sore throat, typhoid"
News,Mustard oil,argemone mexicana,True,3,1,0.9,0.9,0.85,0.95,0.95,3,2,Argemone mexicana (3),oil-e1aa62675070cacd,https://www.hindustantimes.com/cities/chandigarh-news/argemone-poisoning-claims-life-in-jawalamukhi-alert-sounded-in-hp-s-kangra-101668798072979.html,edible oils adulterated with Argemone mexicana
News,Mustard oil,artificial allyl isothiocyanate,True,1,1,0.9,0.9,0.9,0.9,0.9,1,1,artificial allyl isothiocyanate (1),milk-74d1d6aaa4ade7cf,https://indianexpress.com/article/upsc-current-affairs/upsc-key-indus-waters-treaty-food-adulteration-and-antitrust-laws-9963906/,artificial allyl isothiocyanate are added to mustard oil
News,Mustard oil,cyanide,True,1,1,0.9,0.9,0.9,0.9,0.9,1,1,cyanide (1),af478a64-49c5-4253-b271-591bf8a3ce97,https://timesofindia.indiatimes.com/life-style/food-news/mustard-oil-adulterated-with-heart-unhealthy-palm-oil-3-simple-tests-to-find-out/photostory/120931401.cms,"The authenticity of mustard oil and soybean oil is frequently compromised through the intentional addition of extraneous substances, including cyanide"
News,Mustard oil,groundnut oil,True,1,1,0.9,0.9,0.9,0.9,0.9,1,1,groundnut oil (1),oil-89e415114ffbdc77,https://garhwalpost.in/specs-presents-report-on-adulteration-in-mustard-oil/,soybean and groundnut containing cheap cotton seed oil
News,Mustard oil,karanja oil,True,1,1,0.9,0.9,0.9,0.9,0.9,1,1,Karanja oil (1),af478a64-49c5-4253-b271-591bf8a3ce97,https://timesofindia.indiatimes.com/life-style/food-news/mustard-oil-adulterated-with-heart-unhealthy-palm-oil-3-simple-tests-to-find-out/photostory/120931401.cms,"intentional addition of extraneous substances, including cyanide, mineral oil, karanja oil"
News,Mustard oil,linseed oil,True,1,1,0.9,0.9,0.9,0.9,0.9,1,1,linseed oil (1),af478a64-49c5-4253-b271-591bf8a3ce97,https://timesofindia.indiatimes.com/life-style/food-news/mustard-oil-adulterated-with-heart-unhealthy-palm-oil-3-simple-tests-to-find-out/photostory/120931401.cms,"including cyanide, mineral oil, karanja oil, Argemone oil, and linseed oil"
News,Mustard oil,mineral oil,True,1,1,0.9,0.9,0.9,0.9,0.9,1,1,Mineral oil (1),af478a64-49c5-4253-b271-591bf8a3ce97,https://timesofindia.indiatimes.com/life-style/food-news/mustard-oil-adulterated-with-heart-unhealthy-palm-oil-3-simple-tests-to-find-out/photostory/120931401.cms,Mineral oil... are often mixed into edible oils
News,Mustard oil,refined rice bran oil,True,1,1,0.9,0.9,0.9,0.9,0.9,1,1,refined rice bran oil (1),oil-d7ec006e22e070de,https://www.hindustantimes.com/cities/chandigarh-news/punjab-haryana-high-court-asks-centre-if-there-are-plans-to-open-more-labs-to-check-cooking-oil-adulteration-101734204296975.html,selling 'refined rice bran oil' as 'mustard oil'
News,Mustard oil,white oil,True,1,1,0.9,0.9,0.9,0.9,0.9,1,1,white oil (1),oil-89e415114ffbdc77,https://garhwalpost.in/specs-presents-report-on-adulteration-in-mustard-oil/,"The adulteration is due to yellow colour i.e. Metanil yellow, white oil"
News,Palm oil,acetic acid ester,True,1,1,0.9,0.9,0.9,0.9,0.9,1,1,Acetic Acid Ester (1),e53f3cca-ca53-449c-9f09-737f317fb169,https://www.thehindubusinessline.com/news/tirumala-laddu-scam-68-lakh-kg-of-adulterated-ghee-supplied-to-ttd-says-cbi/article70267120.ece,"supplied monoglycerides and Acetic Acid Ester in the name of coconut oil, palm oil"
News,Palm oil,beef tallow,True,1,1,0.9,0.9,0.9,0.9,0.9,1,1,beef tallow (1),milk-98c286a80fe6e65c,https://www.thehindubusinessline.com/news/adulterated-ghee-concerns-over-substandard-feedstock-slipping-through-lab-checks/article68724490.ece,mixing beef tallow to maintain the BR
News,Palm oil,carrot extract,True,1,1,0.9,0.9,0.9,0.9,0.9,1,1,carrot extract (1),7855cb39-b177-4d3b-bd72-0a18afd5415b,https://www.thehindu.com/sci-tech/science/carrot-extract-can-make-fake-ghee-dodge-quality-test-study/article71044902.ece,fortified samples of lard and palm oil with carotenoids extracted from carrots
News,Palm oil,monoglycerides,True,1,1,0.9,0.9,0.9,0.9,0.9,1,1,monoglycerides (1),e53f3cca-ca53-449c-9f09-737f317fb169,https://www.thehindubusinessline.com/news/tirumala-laddu-scam-68-lakh-kg-of-adulterated-ghee-supplied-to-ttd-says-cbi/article70267120.ece,"supplied monoglycerides and Acetic Acid Ester in the name of coconut oil, palm oil"
News,Palm oil,total polar compound,True,1,1,0.9,0.9,0.9,0.9,0.9,1,1,Total Polar Compound (1),oil-3667d1bf7abe81ff,https://www.deccanchronicle.com/southern-states/telangana/hyderabad-food-safety-dept-seizes-unsafe-cooking-oil-from-burger-king-outlet-1827348,palm oil used for frying non-vegetarian items were found with Total Polar Compound (TPC) value beyond the permissible limit
News,Palm oil,total polar compounds,True,1,1,0.9,0.9,0.9,0.9,0.9,1,1,Total Polar Compounds (1),oil-fce8e94a4d2c92b5,https://www.freepressjournal.in/viral/mcdonalds-outlet-in-jaipur-under-scanner-after-food-safety-violations-found-during-surprise-check-40-liters-of-oil-40-kgs-rotten-tomatoes-destroyed,cooking oil used for frying food had crossed safe consumption limits
News,Paneer,acid,True,1,1,0.9,0.9,0.9,0.9,0.9,1,1,acid (1),oil-bb57b3c1eeeba532,https://www.tribuneindia.com/news/punjab/alert-over-adulterated-milk-items-15-samples-fail-test-560194,"paneer was prepared by mixing refined oil, detergent, urea and treated with acid"
News,Paneer,bacteria,True,1,1,0.9,0.9,0.9,0.9,0.9,1,1,bacteria (1),milk-743614fce3b7e2f3,https://www.news18.com/lifestyle/food/starch-oil-and-bacteria-is-your-paneer-slowly-poisoning-you-9322651.html,"paneer, dahi, burfi, and mithai, often show high levels of bacteria"
News,Paneer,baking powder,True,1,1,0.9,0.9,0.9,0.9,0.9,1,1,baking powder (1),oil-50e40c8b74e2a126,https://www.hindustantimes.com/cities/others/ahead-of-festive-season-adulterated-paneer-milk-and-oil-raise-alarms-for-food-safety-in-lucknow-101693406351671.html,"create paneer from a concoction of maida, palm oil, baking powder"
News,Paneer,bicarbonate of soda,True,1,1,0.9,0.9,0.9,0.9,0.9,1,1,bicarbonate of soda (1),oil-50e40c8b74e2a126,https://www.hindustantimes.com/cities/others/ahead-of-festive-season-adulterated-paneer-milk-and-oil-raise-alarms-for-food-safety-in-lucknow-101693406351671.html,"harmful additives like detergent, bicarbonate of soda, and sulfuric acid"
News,Paneer,calcium hydroxide,True,1,1,0.9,0.9,0.9,0.9,0.9,1,1,calcium hydroxide (1),oil-8f45905bd6187827,https://timesofindia.indiatimes.com/city/gurgaon/haryana-govt-tightens-food-safety-inspections-before-festive-rush/articleshow/123954497.cms,"fake paneer made using soybean, palm oil, and even chuna (calcium hydroxide) instead of milk"
News,Paneer,formalin/formaldehyde,True,1,1,0.9,0.9,0.9,0.9,0.9,1,1,formalin (1),08675130-4804-4198-9157-40e7f9a9d248,https://timesofindia.indiatimes.com/life-style/food-news/702-food-samples-revealed-paneer-as-the-most-adulterated-product/articleshow/120175050.cms,Excessive Preservatives or Formalin: This is used to increase the shelf life of paneer
News,Paneer,low quality oils,True,1,1,0.9,0.9,0.9,0.9,0.9,1,1,low-quality oils (1),oil-5833ed5c8ef2f839,https://timesofindia.indiatimes.com/city/meerut/6500kg-of-spurious-milk-and-paneer-seized-owner-arrested/articleshow/117339880.cms,added palm oil or low-quality oils
News,Paneer,oils,True,1,1,0.9,0.9,0.9,0.9,0.9,1,1,oils (1),milk-a7f36435a3e104df,https://www.hindustantimes.com/cities/lucknow-news/fsda-seizes-4-810kg-adulterated-paneer-on-lko-agra-expressway-destroys-it-101745263017242.html,oils and other fatty ingredients were added
News,Paneer,pathogens,True,1,1,0.9,0.9,0.9,0.9,0.9,1,1,pathogens (1),milk-743614fce3b7e2f3,https://www.news18.com/lifestyle/food/starch-oil-and-bacteria-is-your-paneer-slowly-poisoning-you-9322651.html,"paneer... often show high levels of bacteria, fungus, and even pathogens"
News,Paneer,saccharin,True,2,1,0.9,0.9,0.85,0.95,0.95,2,1,saccharin (2),milk-9011862105e10246,https://www.freepressjournal.in/india/watch-uttar-pradesh-food-safety-team-busts-2500-kg-fake-paneer-over-13000-litres-counterfeit-bottled-water-fssai-releases-shocking-video,harmful substances like synthetic colours and saccharin
News,Paneer,soybean,True,1,1,0.9,0.9,0.9,0.9,0.9,1,1,soybean (1),oil-8f45905bd6187827,https://timesofindia.indiatimes.com/city/gurgaon/haryana-govt-tightens-food-safety-inspections-before-festive-rush/articleshow/123954497.cms,fake paneer made using soybean
News,Paneer,sulfuric acid,True,1,1,0.9,0.9,0.9,0.9,0.9,1,1,sulfuric acid (1),oil-50e40c8b74e2a126,https://www.hindustantimes.com/cities/others/ahead-of-festive-season-adulterated-paneer-milk-and-oil-raise-alarms-for-food-safety-in-lucknow-101693406351671.html,"harmful additives like detergent, bicarbonate of soda, and sulfuric acid"
News,Paneer,synthetic colours,True,2,1,0.9,0.9,0.85,0.95,0.95,2,1,synthetic colours (2),milk-9011862105e10246,https://www.freepressjournal.in/india/watch-uttar-pradesh-food-safety-team-busts-2500-kg-fake-paneer-over-13000-litres-counterfeit-bottled-water-fssai-releases-shocking-video,harmful substances like synthetic colours
News,Paneer,tofu,True,1,1,0.9,0.9,0.9,0.9,0.9,1,1,tofu (1),c0b138ca-a4a9-49d0-abbd-02e4f2a303ff,https://timesofindia.indiatimes.com/life-style/food-news/1500-kg-fake-paneer-and-mawa-seized-in-ghaziabad-8-smart-alternatives-for-popular-dishes-for-the-holi-celebration/photostory/128815903.cms,replace it with tofu
News,Tirupati laddu,chemically treated ghee,True,1,1,0.9,0.9,0.9,0.9,0.9,1,1,Chemically Treated Ghee (1),milk-badc57c3ebacce2c,https://www.deccanchronicle.com/southern-states/andhra-pradesh/probe-says-over-20-crore-spurious-tirumala-laddus-sold-between-20192024-1918657,contained synthetic and chemically treated ghee
News,Tirupati laddu,soya bean fat,True,1,1,0.9,0.9,0.9,0.9,0.9,1,1,soya bean fat (1),aed9cf49-b6d3-4952-8acb-37e1eae1c31a,https://www.hindustantimes.com/india-news/animal-fat-tirupati-laddus-who-supplied-ghee-to-temple-and-why-did-nandini-opt-out-who-said-what-101726878145316.html,suggesting the presence of foreign fats such as soya bean
News,Tirupati laddu,synthetic ghee,True,1,1,0.9,0.9,0.9,0.9,0.9,1,1,synthetic ghee (1),milk-badc57c3ebacce2c,https://www.deccanchronicle.com/southern-states/andhra-pradesh/probe-says-over-20-crore-spurious-tirumala-laddus-sold-between-20192024-1918657,contained synthetic and chemically treated ghee
News,adulterated chilli powder,artificial colours,True,1,1,0.9,0.9,0.9,0.9,0.9,1,1,artificial colours (1),milk-d6ac7998143ed0f4,https://www.thehindu.com/news/national/telangana/telangana-govt-plans-regulatory-authority-like-eagle-and-hydraa-to-curb-food-adulteration-cm/article70802831.ece,sale of adulterated chilli powder mixed with artificial colours
News,adulterated mangoes,chemicals,False,1,1,0.9,0.9,0.9,0.9,0.9,1,1,chemicals (1),oil-d7d94ce2bdb1f596,https://www.siasat.com/adulterated-food-items-flood-hyderabad-markets-herere-some-safety-tips-2998471/,"selling adulterated mangoes, which were ripened using chemicals"
News,animal fat,vegetable oil/fat,True,1,1,0.9,0.9,0.9,0.9,0.9,1,1,Vegetable fats (1),45fdd40d-5bc4-4fe7-9eb9-883c55f14a70,https://timesofindia.indiatimes.com/city/jaipur/25-of-food-samples-tested-in-raj-in-2024-found-adulterated/articleshow/117897659.cms,substituting animal fat with cheaper vegetable fats
News,baby food,heavy metals,True,1,1,0.9,0.9,0.9,0.9,0.9,1,1,heavy metals (1),milk-29425e997318adaa,https://economictimes.indiatimes.com/magazines/panache/how-do-toxic-substances-like-lead-end-up-in-baby-food/articleshow/97399836.cms,heavy metals can also find their way into baby food
News,baby food,nano plastics,True,1,1,0.9,0.9,0.9,0.9,0.9,1,1,nano plastics (1),milk-5fffa5696a978146,http://www.newindianexpress.com/magazine/2023/aug/13/you-are-always-eating-plastic-and-now-drowning-in-it-2604005.html,Popular plastic baby food containers can release over two billion nano plastics
News,balushahi,synthetic colours,True,1,1,0.9,0.9,0.9,0.9,0.9,1,1,synthetic colours (1),oil-94aba2fb83d91237,https://www.hindustantimes.com/cities/others/fsda-conducts-extensive-campaign-to-curb-adulteration-ahead-of-rakshabandhan-discards-rs-2-lakh-worth-of-sweets-101693329599774.html,Balushahi and 5 kg of Jalebi destroyed on the spot due to the use of synthetic colours
News,besan,maida,True,1,1,0.9,0.9,0.9,0.9,0.9,1,1,maida (1),oil-60c6a3c70ab36f9b,https://www.newindianexpress.com/states/odisha/2021/nov/03/sub-standard-bread-stale-crispy-chicken-seized-from-kfc-outlet-in-cuttack-2379146.html,"instead of using besan, the unscrupulous sweetmakers were allegedly preparing laddu from maida"
News,biryani,rotten meat,True,1,1,0.9,0.9,0.9,0.9,0.9,1,1,rotten meat (1),75e99df1-dce6-413d-a04b-ef5e325f770b,https://www.thehansindia.com/telangana/karimnagar-adulterated-food-a-major-concern-882194,biryani was being prepared with rotten meat
News,biscuits,embalming powder,True,1,1,0.9,0.9,0.9,0.9,0.9,1,1,embalming powder (1),milk-1d6bd107ac18c5e2,https://indianexpress.com/article/cities/ahmedabad/woman-arrested-for-killing-3-year-old-son-in-ahmedabad-7452937/,mixed the powder in milk and biscuits
News,biscuits,rotten eggs,True,1,1,0.9,0.9,0.9,0.9,0.9,1,1,rotten eggs (1),ea51c75b-4b85-48fb-bbb7-8fde23c110aa,https://www.thehansindia.com/telangana/hyderabad-turning-into-capital-of-adulterated-food-1063581,biscuits were prepared using rotten eggs
News,bottled water,microplastics,True,1,1,0.9,0.9,0.9,0.9,0.9,1,1,microplastics (1),milk-33bdb7855037fe99,https://timesofindia.indiatimes.com/city/lucknow/world-environment-day-focus-on-sustainable-alternatives-to-combat-plastic-pollution/articleshow/121632466.cms,"a litre of bottled water contains in the range of 2,40,000 microplastics"
News,bread,human waste,True,1,1,0.9,0.9,0.9,0.9,0.9,1,1,human waste (1),3401730f-3850-4c7d-884f-dcdb1d086c42,https://www.freepressjournal.in/india/up-government-mandates-nameplates-at-food-shops-enforces-stricter-food-safety-regulations,bread being contaminated with human waste
News,cake,additive,True,1,1,0.9,0.9,0.9,0.9,0.9,1,1,additive (1),40ab817e-11a0-4a57-8dcd-e13fef2fbad1,https://www.newindianexpress.com/cities/bengaluru/2024/Oct/05/karnataka-food-safety-dept-to-test-garlic-sweet-samples,additive usage exceeding permissible limits by 10-16 times
News,cakes and buns,pgpr liquid,True,1,1,0.9,0.9,0.9,0.9,0.9,1,1,PGPR liquid (1),679c8f17-cf26-4561-ad9c-67cb3cbd52fc,https://indianexpress.com/article/india/adulterated-osmania-biscuits-fake-paneer-rotten-eggs-what-hyderabads-crackdown-on-eateries-has-revealed-10612335/,"using rotten eggs and hazardous chemicals – sodium benzoate, sorbic acid, and PGPR liquid – to prepare cakes and buns"
News,caviar,non sturgeon fish roe,True,1,1,0.9,0.9,0.9,0.9,0.9,1,1,non-sturgeon fish roe (1),oil-e3fbe637ba51632f,https://zeenews.india.com/health/10-common-foods-that-might-be-deceiving-you-2828611,Non-sturgeon fish roe gets marketed as real caviar
News,channa bhujia,non permitted colour,True,1,1,0.9,0.9,0.9,0.9,0.9,1,1,non-permitted colour (1),oil-252ca4ae4abd0e64,https://www.sentinelassam.com/north-east-india-news/assam-news/adulterated-food-items-detected-in-kokrajhar-fto-warns-adulterators-562793,non-permitted colour and edible oil palmolein oil mixed in channa bhujia
News,channa bhujia,palm oil family,True,1,1,0.9,0.9,0.9,0.9,0.9,1,1,palmolein oil (1),oil-252ca4ae4abd0e64,https://www.sentinelassam.com/north-east-india-news/assam-news/adulterated-food-items-detected-in-kokrajhar-fto-warns-adulterators-562793,edible oil palmolein oil mixed in channa bhujia
News,chhena,starch,True,1,1,0.9,0.9,0.9,0.9,0.9,1,1,starch (1),394a5ff5-76f3-4885-87ed-4a6879611c22,https://timesofindia.indiatimes.com/city/ranchi/fssai-is-working-towards-felicitating-whistle-blowers-who-report-adulteration/articleshow/121853932.cms,"Sweets made from milk products like paneer, chhena, and khowa often contain starch"
News,chilli powder,aniline dyes,True,1,1,0.9,0.9,0.9,0.9,0.9,1,1,aniline dyes (1),c8ddee14-df38-49aa-9d85-a7c6b34273a6,https://www.newindianexpress.com/states/odisha/2021/jan/08/poison-on-the-plate-markets-see-rise-in-fake-food-products-2247212.html,chilli powder is laced with non-edible aniline dyes
News,chilli powder,sudan red,True,1,1,0.9,0.9,0.9,0.9,0.9,1,1,Sudan Red (1),milk-2d4c6eb27aa0b942,https://nagalandpost.com/unsafe-at-every-bite-indias-silent-food-safety-epidemic/,Sudan Red... is often added to chilli powder
News,chinese garlic,pesticide residue,True,1,1,0.9,0.9,0.9,0.9,0.9,1,1,pesticides (1),40ab817e-11a0-4a57-8dcd-e13fef2fbad1,https://www.newindianexpress.com/cities/bengaluru/2024/Oct/05/karnataka-food-safety-dept-to-test-garlic-sweet-samples,banned because of its high pesticide content
News,chips,synthetic food colours,True,1,1,0.9,0.9,0.9,0.9,0.9,1,1,synthetic food colours (1),oil-72a89af14d18cb64,https://www.siasat.com/food-raids-in-telangana-snacks-worth-over-rs-60k-seized-license-suspended-3148653/,synthetic food colours which are banned under food safety regulations were being used
News,coffee,microplastics,True,1,1,0.9,0.9,0.9,0.9,0.9,1,1,microplastics (1),milk-5fffa5696a978146,http://www.newindianexpress.com/magazine/2023/aug/13/you-are-always-eating-plastic-and-now-drowning-in-it-2604005.html,releasing MPs into the water
News,coffee powder,clay,True,1,1,0.9,0.9,0.9,0.9,0.9,1,1,clay (1),5ecfa12d-a622-4259-9978-cc9122ab028a,https://timesofindia.indiatimes.com/city/lucknow/is-your-milk-or-ghee-pure-try-these-simple-fssai-approved-home-tests/articleshow/121692171.cms,adulterated coffee will have clay sediments
News,cooked rice,bacillus cereus,True,1,1,0.9,0.9,0.9,0.9,0.9,1,1,Bacillus cereus (1),milk-cedad8e0d59827f2,https://timesofindia.indiatimes.com/life-style/food-news/most-dangerous-foods-in-your-refrigerator/articleshow/118463650.cms,Cooked rice and pasta can harbor Bacillus cereus
News,cool drinks,water,True,1,1,0.9,0.9,0.9,0.9,0.9,1,1,non-potable water (1),milk-4fcc3a01e43c315a,https://www.newindianexpress.com/states/karnataka/2025/Mar/30/detergent-powder-in-ice-creams-fda-flags-local-units,using contaminated or non-potable water in ice candies and cool drinks
News,counterfeit mysore sandal soap,heavy metals,True,1,1,0.9,0.9,0.9,0.9,0.9,1,1,heavy metals (1),41d4a418-8f3a-42ca-9a61-8455f447463d,https://www.thehindu.com/news/national/karnataka/fake-mysore-sandal-soap-scandal-ksdl-raid-exposes-decade-long-operation-costing-500-cr-600-cr/article67759775.ece,contained heavy metals
News,dairy fat,chemical esters,True,1,1,0.9,0.9,0.9,0.9,0.9,1,1,chemical esters (1),416cb393-3146-450d-b1c3-8c0967ec7297,https://www.thehansindia.com/andhra-pradesh/sit-chargesheet-sparks-political-storm-over-tirumala-laddu-ghee-1043586,instead of pure dairy fat
News,dairy fat,palm oil family,True,2,1,0.9,0.9,0.9,0.9,0.9,2,2,palm oil (1); palmolein (1),416cb393-3146-450d-b1c3-8c0967ec7297,https://www.thehansindia.com/andhra-pradesh/sit-chargesheet-sparks-political-storm-over-tirumala-laddu-ghee-1043586,instead of pure dairy fat
News,drinking water,arsenic,True,1,1,0.9,0.9,0.9,0.9,0.9,1,1,arsenic (1),milk-d9a15dba48b54413,https://timesofindia.indiatimes.com/city/patna/indore-tragedy-highlights-bihars-alarming-water-contamination-crisis-30000-rural-wards-exposed-to-unsafe-drinking-water/articleshow/126464374.cms,toxic heavy metals such as arsenic
News,drinking water,bacteriological contamination,True,1,1,0.9,0.9,0.9,0.9,0.9,1,1,bacteriological contamination (1),milk-d9a15dba48b54413,https://timesofindia.indiatimes.com/city/patna/indore-tragedy-highlights-bihars-alarming-water-contamination-crisis-30000-rural-wards-exposed-to-unsafe-drinking-water/articleshow/126464374.cms,bacteriological contamination
News,drinking water,cadmium,True,1,1,0.9,0.9,0.9,0.9,0.9,1,1,cadmium (1),milk-d9a15dba48b54413,https://timesofindia.indiatimes.com/city/patna/indore-tragedy-highlights-bihars-alarming-water-contamination-crisis-30000-rural-wards-exposed-to-unsafe-drinking-water/articleshow/126464374.cms,"toxic heavy metals such as arsenic, lead, uranium, cadmium"
News,drinking water,fluoride,True,1,1,0.9,0.9,0.9,0.9,0.9,1,1,fluoride (1),milk-d9a15dba48b54413,https://timesofindia.indiatimes.com/city/patna/indore-tragedy-highlights-bihars-alarming-water-contamination-crisis-30000-rural-wards-exposed-to-unsafe-drinking-water/articleshow/126464374.cms,"toxic heavy metals such as arsenic, lead, uranium, cadmium, manganese, iron and fluoride"
News,drinking water,iron,True,1,1,0.9,0.9,0.9,0.9,0.9,1,1,iron (1),milk-d9a15dba48b54413,https://timesofindia.indiatimes.com/city/patna/indore-tragedy-highlights-bihars-alarming-water-contamination-crisis-30000-rural-wards-exposed-to-unsafe-drinking-water/articleshow/126464374.cms,"toxic heavy metals such as arsenic, lead, uranium, cadmium, manganese, iron and fluoride"
News,drinking water,lead,True,1,1,0.9,0.9,0.9,0.9,0.9,1,1,lead (1),milk-d9a15dba48b54413,https://timesofindia.indiatimes.com/city/patna/indore-tragedy-highlights-bihars-alarming-water-contamination-crisis-30000-rural-wards-exposed-to-unsafe-drinking-water/articleshow/126464374.cms,"toxic heavy metals such as arsenic, lead, uranium"
News,drinking water,manganese,True,1,1,0.9,0.9,0.9,0.9,0.9,1,1,manganese (1),milk-d9a15dba48b54413,https://timesofindia.indiatimes.com/city/patna/indore-tragedy-highlights-bihars-alarming-water-contamination-crisis-30000-rural-wards-exposed-to-unsafe-drinking-water/articleshow/126464374.cms,"toxic heavy metals such as arsenic, lead, uranium, cadmium, manganese"
News,drinking water,sewage,True,1,1,0.9,0.9,0.9,0.9,0.9,1,1,sewage (1),milk-d9a15dba48b54413,https://timesofindia.indiatimes.com/city/patna/indore-tragedy-highlights-bihars-alarming-water-contamination-crisis-30000-rural-wards-exposed-to-unsafe-drinking-water/articleshow/126464374.cms,sewage-contaminated drinking water
News,drinking water,uranium,True,1,1,0.9,0.9,0.9,0.9,0.9,1,1,uranium (1),milk-d9a15dba48b54413,https://timesofindia.indiatimes.com/city/patna/indore-tragedy-highlights-bihars-alarming-water-contamination-crisis-30000-rural-wards-exposed-to-unsafe-drinking-water/articleshow/126464374.cms,"toxic heavy metals such as arsenic, lead, uranium"
News,dry fruits,artificial colour,True,1,1,0.9,0.9,0.9,0.9,0.9,1,1,artificial colour (1),7984f772-8c6a-46cb-af36-a7df6ed37ecc,https://timesofindia.indiatimes.com/life-style/food-news/fake-mithai-alert-how-to-test-your-diwali-sweets-at-home-for-safety/articleshow/124693105.cms,or artificially coloured
News,dry fruits,chemical powders,True,1,1,0.9,0.9,0.9,0.9,0.9,1,1,chemical powders (1),bf33fa98-8010-435f-9fb3-a43f523c09b3,https://www.hindustantimes.com/cities/mumbai-news/fda-seizes-sweets-adulterated-products-worth-31-lakh-from-borivali-shop-101729882714071.html,mixing low-quality dry fruits and chemical powders as substitutes
News,edible oils,aflatoxins,True,1,1,0.9,0.9,0.9,0.9,0.9,1,1,Aflatoxins (1),oil-0310964e84fe1347,https://www.financialexpress.com/industry/fssai-says-2-42-of-4461-different-edible-oils-samples-found-to-be-of-sub-standard-quality/2393346/,presence of Aflatoxins
News,edible oils,artificial colours,True,1,1,0.9,0.9,0.9,0.9,0.9,1,1,artificial colours (1),milk-d5b2611e75b60517,https://www.sentinelassam.com/more-news/editorial/food-adulteration,Artificial colours and flavours are also added to mimic the appearance of pure oils
News,edible oils,artificial flavours,True,1,1,0.9,0.9,0.9,0.9,0.9,1,1,artificial flavours (1),milk-d5b2611e75b60517,https://www.sentinelassam.com/more-news/editorial/food-adulteration,Artificial colours and flavours are also added to mimic the appearance of pure oils
News,edible oils,tri ortho cresyl phosphate,True,1,1,0.9,0.9,0.9,0.9,0.9,1,1,tri-ortho-cresyl phosphate (1),oil-d276b566dce62194,https://timesofindia.indiatimes.com/etimes/wellness/this-toxic-adulterant-in-edible-oils-can-damage-your-nervous-system-heres-how-to-check-if-your-cooking-oil-is-safe/photostory/131653846.cms,has been found in edible oils in India
News,eggs,banana,True,1,1,0.9,0.9,0.9,0.9,0.9,1,1,banana (1),milk-cce0bc678a6f444e,https://timesofindia.indiatimes.com/city/bengaluru/experts-raise-concern-over-spirulina-chikki-for-schools-hostels-in-ktaka/articleshow/119553201.cms,Chikki/banana was given as an alternative to eggs
News,eggs,chikki,True,2,1,0.9,0.9,0.9,0.9,0.9,2,2,chikki (2),milk-cce0bc678a6f444e,https://timesofindia.indiatimes.com/city/bengaluru/experts-raise-concern-over-spirulina-chikki-for-schools-hostels-in-ktaka/articleshow/119553201.cms,Chikki/banana was given as an alternative to eggs
News,expired tea powder,synthetic dyes,True,1,1,0.9,0.9,0.9,0.9,0.9,1,1,synthetic dyes (1),oil-d5d0fcd9c566a8e6,https://www.indiatoday.in/cities/hyderabad/story/cyberabad-food-adulteration-raids-hyderabad-rs-64-lakh-seizure-28-arrested-2900680-2026-04-23,mixed synthetic dyes into cheap or expired tea powder
News,extra virgin olive oil,seed oil,True,1,1,0.9,0.9,0.9,0.9,0.9,1,1,seed oil (1),oil-b697d96d9a9efcdd,https://economictimes.indiatimes.com/news/economy/agriculture/olive-oil-price-olive-oil-cooking-food-for-fraud-your-olive-oil-might-be-unfit-for-human-consumption/articleshow/113731643.cms,seed oil mixed with beta-carotene and chlorophyll was being passed off as extra virgin olive oil
News,fake nandini pouches,adulterated ghee,False,1,1,0.9,0.9,0.9,0.9,0.9,1,1,adulterated ghee (1),2fc5c9f1-64d2-498f-8f7a-96d94b926f6d,https://timesofindia.indiatimes.com/city/bengaluru/nandini-ghee-begins-global-journey-as-kmf-launches-exports/articleshow/125569460.cms,fake Nandini pouches filled with adulterated ghee
News,fast food,artificial colours,True,1,1,0.9,0.9,0.9,0.9,0.9,1,1,artificial colours (1),oil-870dcb6e12d0e5d0,https://timesofindia.indiatimes.com/city/hyderabad/tea-to-ice-creams-food-adulteration-on-the-rise-in-hyderabad/articleshow/108746726.cms,fast food centres in the city have been found adding artificial colours
News,fish,cadmium,True,1,1,0.9,0.9,0.9,0.9,0.9,1,1,cadmium (1),milk-b993f201bb670e21,https://www.thehansindia.com/editors-desk/india-needs-to-grow-safe-food-curb-adulteration-879087,use dangerous elements like mercury and cadmium in fish
News,fish,escolar,True,1,1,0.9,0.9,0.9,0.9,0.9,1,1,escolar (1),oil-e3fbe637ba51632f,https://zeenews.india.com/health/10-common-foods-that-might-be-deceiving-you-2828611,using escolar instead of tuna in sushi
News,fish,malachite green,True,1,1,0.9,0.9,0.9,0.9,0.9,1,1,malachite green (1),milk-2d4c6eb27aa0b942,https://nagalandpost.com/unsafe-at-every-bite-indias-silent-food-safety-epidemic/,synthetic dyes such as malachite green... to preserve... fish
News,fish,rhodamine B,True,1,1,0.9,0.9,0.9,0.9,0.9,1,1,Rhodamine B (1),milk-2d4c6eb27aa0b942,https://nagalandpost.com/unsafe-at-every-bite-indias-silent-food-safety-epidemic/,synthetic dyes such as malachite green and Rhodamine B to preserve or improve the visual appeal of fish
News,fish curry,thallium,True,1,1,0.9,0.9,0.9,0.9,0.9,1,1,thallium (1),milk-eb39e0c7d05ffde5,https://timesofindia.indiatimes.com/city/mumbai/husband-killer-her-lover-murdered-mom-in-law-too-in-mumbai/articleshow/96013832.cms,fish curry laced with thallium
News,food,arsenic,True,1,1,0.9,0.9,0.9,0.9,0.9,1,1,arsenic (1),milk-42842836bdc8f125,https://www.hindustantimes.com/cities/mumbai-news/police-suspect-duo-may-have-used-similar-method-to-poison-victim-s-mother-seek-medical-report-101670093565184.html,allegedly given thallium and arsenic through food
News,food,thallium,True,1,1,0.9,0.9,0.9,0.9,0.9,1,1,thallium (1),milk-42842836bdc8f125,https://www.hindustantimes.com/cities/mumbai-news/police-suspect-duo-may-have-used-similar-method-to-poison-victim-s-mother-seek-medical-report-101670093565184.html,allegedly given thallium and arsenic through food
News,fresh meat,decayed and dead animal meat,True,1,1,0.9,0.9,0.9,0.9,0.9,1,1,decayed and dead animal meat (1),oil-8c664dba9516ee5f,https://www.thehansindia.com/telangana/adulterated-food-threatens-public-health-in-gadwal-district-inspections-reduced-to-a-formality-966491,sale of decayed and dead animal meat as fresh meat
News,fruits,heavy metals,True,1,1,0.9,0.9,0.9,0.9,0.9,1,1,heavy metals (1),milk-b01e6c17bce9ef84,https://www.newkerala.com/news/o/bdesh-sees-rise-low-quality-products-due-yunus-led-govt-negligence-925,high levels of heavy metals and pesticide residues in vegetables and fruits
News,fruits,microplastics,True,1,1,0.9,0.9,0.9,0.9,0.9,1,1,microplastics (1),milk-39bc1a13a79ae513,https://www.newindianexpress.com/states/tamil-nadu/2025/Feb/08/collective-efforts-needed-in-the-battle-against-plastic,"Microplastics contaminate drinking water, seafood, poultry, fruits"
News,ginger and garlic paste,colour powder,True,1,1,0.9,0.9,0.9,0.9,0.9,1,1,colour powder (1),oil-870dcb6e12d0e5d0,https://timesofindia.indiatimes.com/city/hyderabad/tea-to-ice-creams-food-adulteration-on-the-rise-in-hyderabad/articleshow/108746726.cms,colour powder and citric acid were being used in making large quantities of ginger and garlic paste
News,ginger and garlic paste,sodium benzoate,True,1,1,0.9,0.9,0.9,0.9,0.9,1,1,sodium benzoate (1),oil-870dcb6e12d0e5d0,https://timesofindia.indiatimes.com/city/hyderabad/tea-to-ice-creams-food-adulteration-on-the-rise-in-hyderabad/articleshow/108746726.cms,sodium benzoate were being used in making large quantities of ginger and garlic paste
News,ginger garlic paste,gum powder,True,1,1,0.9,0.9,0.9,0.9,0.9,1,1,gum powder (1),milk-9f3c92cb4b852877,https://indianexpress.com/article/explained/hyderabad-police-h-fast-food-adulteration-team-10595262/,"Manufactured using acetic acid, synthetic colours, and gum powder"
News,ginger garlic paste,low quality waste,True,1,1,0.9,0.9,0.9,0.9,0.9,1,1,low-quality waste (1),ea51c75b-4b85-48fb-bbb7-8fde23c110aa,https://www.thehansindia.com/telangana/hyderabad-turning-into-capital-of-adulterated-food-1063581,prepared illegally with ... low-quality waste to bulk up products
News,glycol,milk,True,1,1,0.9,0.9,0.9,0.9,0.9,1,1,milk (1),milk-f7719b46ca2d2fe0,https://timesofindia.indiatimes.com/city/vijayawada/milk-contamination-case-toll-rises-to-five-in-rajamahendravaram-accused-vendor-arrested/articleshow/128759697.cms,glycol from the freezer used to store milk had leaked and contaminated the milk
News,green peas,synthetic dyes,True,1,1,0.9,0.9,0.9,0.9,0.9,1,1,synthetic dyes (1),0474b2bd-b79f-48d1-ba0c-b7db6a1fa873,https://www.thehindu.com/news/national/telangana/telangana-food-safety-department-demonstrates-methods-to-identify-adulterated-food/article70833242.ece,fluorescent green peas
News,green veggies,malachite green,True,1,1,0.9,0.9,0.9,0.9,0.9,1,1,Malachite Green (1),milk-fe1e3cc4f8fe0fc2,https://www.thehindu.com/children/what-is-adulteration-and-what-is-its-impact-on-our-daily-lives/article69210912.ece,Green veggies—Detection of Malachite Green
News,ground spices,lead,True,1,1,0.9,0.9,0.9,0.9,0.9,1,1,lead (1),oil-e3fbe637ba51632f,https://zeenews.india.com/health/10-common-foods-that-might-be-deceiving-you-2828611,"Ground spices can be mixed with sand, starch, or even toxic substances like lead"
News,hamburgers,e coli,True,1,1,0.9,0.9,0.9,0.9,0.9,1,1,E. coli (1),milk-893e648483b23dfc,https://timesofindia.indiatimes.com/life-style/health-fitness/health-news/st-louis-county-e-coli-outbreak-lettuce-tests-negative-investigation-continues/articleshow/115606666.cms,"hamburgers, and other meats that are not cooked thoroughly can contain E coli"
News,higher valued oil,low cost edible oil,True,1,1,0.9,0.9,0.9,0.9,0.9,1,1,low-cost edible oil (1),oil-7b4add641d3fef8e,https://www.thehindu.com/news/cities/Hyderabad/when-oil-and-opportunity-mix-to-beget-fraud/article65354086.ece,low-cost edible oil was mixed with higher-valued oil
News,honey,chemical colour,True,1,1,0.9,0.9,0.9,0.9,0.9,1,1,chemical colour (1),c8ddee14-df38-49aa-9d85-a7c6b34273a6,https://www.newindianexpress.com/states/odisha/2021/jan/08/poison-on-the-plate-markets-see-rise-in-fake-food-products-2247212.html,"honey is prepared using water, sugar and chemical colour"
News,honey,water,True,1,1,0.9,0.9,0.9,0.9,0.9,1,1,water (1),c8ddee14-df38-49aa-9d85-a7c6b34273a6,https://www.newindianexpress.com/states/odisha/2021/jan/08/poison-on-the-plate-markets-see-rise-in-fake-food-products-2247212.html,"honey is prepared using water, sugar and chemical colour"
News,hydrogenated oils,trans fats,True,1,1,0.9,0.9,0.9,0.9,0.9,1,1,trans fats (1),b86289f8-e1d8-468e-9c0b-9b3c6aa538d5,https://economictimes.indiatimes.com/magazines/panache/olive-mustard-ghee-or-coconut-oil-gurgaon-doctor-explains-which-oil-to-use-and-avoid-one-that-costs-5-lakh-lives-a-year/articleshow/125295490.cms,trans fats—commonly found in hydrogenated oils
News,italian olive oil,bogus oil,True,1,1,0.9,0.9,0.9,0.9,0.9,1,1,bogus oil (1),oil-d902d8170910e87f,https://www.hindustantimes.com/lifestyle/brunch/rude-food-by-vir-sanghvi-slipping-through-our-fingers-101718300669252.html,"bogus oil, mostly from other countries, was being passed off as Italian olive oil"
News,kalakand,formalin/formaldehyde,True,1,1,0.9,0.9,0.9,0.9,0.9,1,1,sodium formaldehyde sulfoxylate (1),9849e210-d94b-448b-885e-7bdffe11cfe9,https://www.newindianexpress.com/cities/delhi/2025/Oct/18/police-seize-over-6800-units-of-fake-desi-ghee-sweets-across-delhi,use of sodium formaldehyde sulfoxylate in the sweet preparation
News,kodo millet,ergot,True,1,1,0.9,0.9,0.9,0.9,0.9,1,1,Ergot (1),milk-4649faef76819529,https://indianexpress.com/article/upsc-current-affairs/upsc-key-cop29-kodo-millet-private-property-and-the-common-good-9664584/,"Ergot is a parasitic fungal endophyte that grows in the ear heads of various blades of grass, most frequently on kodo millet."
News,lard,carotenoids,True,1,1,0.9,0.9,0.9,0.9,0.9,1,1,carotenoids (1),7855cb39-b177-4d3b-bd72-0a18afd5415b,https://www.thehindu.com/sci-tech/science/carrot-extract-can-make-fake-ghee-dodge-quality-test-study/article71044902.ece,fortified samples of lard and palm oil with carotenoids extracted from carrots
News,lard,carrot extract,True,1,1,0.9,0.9,0.9,0.9,0.9,1,1,carrot extract (1),7855cb39-b177-4d3b-bd72-0a18afd5415b,https://www.thehindu.com/sci-tech/science/carrot-extract-can-make-fake-ghee-dodge-quality-test-study/article71044902.ece,fortified samples of lard and palm oil with carotenoids extracted from carrots
News,large fish species,mercury,True,1,1,0.9,0.9,0.9,0.9,0.9,1,1,mercury (1),milk-3812e38befd121be,https://indianexpress.com/article/health-wellness/packaged-foods-children-diets-practices-meal-plans-10756755/,mercury can accumulate in certain large fish species
News,leafy greens,heavy metals,True,1,1,0.9,0.9,0.9,0.9,0.9,1,1,heavy metals (1),milk-29425e997318adaa,https://economictimes.indiatimes.com/magazines/panache/how-do-toxic-substances-like-lead-end-up-in-baby-food/articleshow/97399836.cms,"leafy greens, are particularly efficient at drawing in heavy metals"
News,lentils,human waste,True,1,1,0.9,0.9,0.9,0.9,0.9,1,1,human waste (1),3401730f-3850-4c7d-884f-dcdb1d086c42,https://www.freepressjournal.in/india/up-government-mandates-nameplates-at-food-shops-enforces-stricter-food-safety-regulations,"food items such as juice, lentils, and bread being contaminated with human waste"
News,maggi noodles,lead,True,2,1,0.9,0.9,0.9,0.9,0.9,2,2,lead (2),milk-a1ae27d81f0013a5,https://thelogicalindian.com/is-indias-food-watchdog-failing-us-inside-the-gaps-in-fssais-safety-net/,citing excess lead
News,mango pulp,cow s milk,True,1,1,0.9,0.9,0.9,0.9,0.9,1,1,cow's milk (1),milk-fa08675da1416b47,https://www.mid-day.com/news/india-news/article/over-3-8-tonnes-of-fake-mango-pulp-seized-destroyed-in-pune-crackdown-probe-traces-supply-chain-to-khed-23625757,Use of suspected adulterants... Cowrsquos milk
News,mango pulp,substances not permitted under food safety regulations,True,1,1,0.9,0.9,0.9,0.9,0.9,1,1,substances not permitted under food safety regulations (1),milk-428c86809981aab7,https://timesofindia.indiatimes.com/life-style/food-news/3800-kg-mango-pulp-worth-rs-2-23000-adulterated-with-unsafe-colours-destroyed-how-to-identify-fake-mangoes-at-home/articleshow/130280780.cms,mango pulp was being manufactured using unauthorised food colours and other substances not permitted under food safety regulations
News,mango pulp,unauthorised food colors,True,1,1,0.9,0.9,0.9,0.9,0.9,1,1,unauthorised food colors (1),milk-49df82139669b26a,https://timesofindia.indiatimes.com/city/pune/pune-fda-seizes-over-3800kg-of-adulterated-mango-pulp/articleshow/130152672.cms,producing mango pulp using unauthorised food colors
News,mangoes,ethylene chemicals,True,1,1,0.9,0.9,0.9,0.9,0.9,1,1,Ethylene chemicals (1),b03fbfd8-0c0c-4d6c-b0bb-02b739c3553b,https://www.rediff.com/news/report/fda-action-food-violators-arrested-in-maharashtra/20260528.htm,mangoes being artificially ripened using ethylene chemicals
News,meat,chemical preservatives,True,1,1,0.9,0.9,0.9,0.9,0.9,1,1,Chemical preservatives (1),milk-9072720be8595f77,https://www.dnaindia.com/health/report-zee-media-zara-sochiye-campaign-makes-you-think-about-food-adulteration-not-once-but-twice-3200012,Chemical preservatives added to prolong shelf life
News,mithai,aluminium,True,1,1,0.9,0.9,0.9,0.9,0.9,1,1,aluminium (1),8fcb1e84-8d80-460e-9841-c493a76496f1,https://thebetterindia.com/festivals/how-to-check-fake-mithai-at-home-safe-diwali-10563661,silver foil made from aluminium
News,mithai,fake khoya,True,1,1,0.9,0.9,0.9,0.9,0.9,1,1,fake khoya (1),8fcb1e84-8d80-460e-9841-c493a76496f1,https://thebetterindia.com/festivals/how-to-check-fake-mithai-at-home-safe-diwali-10563661,"seized over 20,000 kg of adulterated mithai, exposing ingredients such as fake khoya"
News,mithai,industrial dyes,True,1,1,0.9,0.9,0.9,0.9,0.9,1,1,industrial dyes (1),milk-d76c56c09e58067b,https://timesofindia.indiatimes.com/life-style/food-news/fake-mithai-alert-how-to-test-your-diwali-sweets-at-home-for-safety/articleshow/124693105.cms,Brightly coloured sweets often contain harmful industrial dyes
News,motichoor laddu,artificial colours,True,1,1,0.9,0.9,0.9,0.9,0.9,1,1,Artificial colours (1),oil-1195b0caa990ba39,https://www.siasat.com/hyderabad-police-bust-adulterated-sweets-other-foods-supplied-to-shops-3436033/,"mixed chemicals, artificial colours"
News,motichoor laddu,sodium benzodiamine,True,1,1,0.9,0.9,0.9,0.9,0.9,1,1,Sodium Benzodiamine (1),oil-1195b0caa990ba39,https://www.siasat.com/hyderabad-police-bust-adulterated-sweets-other-foods-supplied-to-shops-3436033/,"Police seized 35 kg loose Motichoor laddu powder, 10 kg Sodium Benzodiamine"
News,mustard seeds,argemone mexicana,True,1,1,0.9,0.9,0.9,0.9,0.9,1,1,Argemone mexicana (1),oil-e1aa62675070cacd,https://www.hindustantimes.com/cities/chandigarh-news/argemone-poisoning-claims-life-in-jawalamukhi-alert-sounded-in-hp-s-kangra-101668798072979.html,Its seeds resemble those of mustard
News,namkeen,substandard gram flour,True,1,1,0.9,0.9,0.9,0.9,0.9,1,1,substandard gram flour (1),oil-fb165c7fab322cd4,https://www.freepressjournal.in/indore/ujjain-400-kg-substandard-namkeen-seized,and substandard gram floor (besan)- to make snacks
News,octopus,cadmium,True,1,1,0.9,0.9,0.9,0.9,0.9,1,1,cadmium (1),milk-b993f201bb670e21,https://www.thehansindia.com/editors-desk/india-needs-to-grow-safe-food-curb-adulteration-879087,21 products including octopus and squid had cadmium
News,oil,tainted oil,True,1,1,0.9,0.9,0.9,0.9,0.9,1,1,tainted oil (1),49d64dec-c950-43c7-89ab-1ab51d5639dd,https://www.newsx.com/india/uttar-pradesh-viral-video-fssai-raid-in-hapur-ahead-of-holi-sparks-outrage-after-locals-seen-picking-adulterated-sweets-from-garbage-174020/,"seized more than 13,000 litres of tainted oil"
News,oil,total polar compounds,True,1,1,0.9,0.9,0.9,0.9,0.9,1,1,total polar compounds (1),fdf1c95d-bda3-4130-a52e-6c3ed70ed7db,https://www.thehindu.com/news/national/andhra-pradesh/food-safety-officers-find-hygiene-violations-at-bakeries-in-vijayawada/article69089538.ece,high 'total polar compounds' in the oil
News,oysters,vibrio,True,1,1,0.9,0.9,0.9,0.9,0.9,1,1,Vibrio (1),milk-cedad8e0d59827f2,https://timesofindia.indiatimes.com/life-style/food-news/most-dangerous-foods-in-your-refrigerator/articleshow/118463650.cms,oysters can carry Vibrio bacteria
News,packaged table salt,microplastics,True,1,1,0.9,0.9,0.9,0.9,0.9,1,1,microplastics (1),milk-5fffa5696a978146,http://www.newindianexpress.com/magazine/2023/aug/13/you-are-always-eating-plastic-and-now-drowning-in-it-2604005.html,"study on the use of packaged table salt found that every Indian ingested 1,700 MP particles"
News,palm kernel oil,acetic acid ester,True,1,1,0.9,0.9,0.9,0.9,0.9,1,1,Acetic Acid Ester (1),e53f3cca-ca53-449c-9f09-737f317fb169,https://www.thehindubusinessline.com/news/tirumala-laddu-scam-68-lakh-kg-of-adulterated-ghee-supplied-to-ttd-says-cbi/article70267120.ece,"supplied monoglycerides and Acetic Acid Ester in the name of coconut oil, palm oil, and palm kernel oil"
News,palm kernel oil,monoglycerides,True,1,1,0.9,0.9,0.9,0.9,0.9,1,1,monoglycerides (1),e53f3cca-ca53-449c-9f09-737f317fb169,https://www.thehindubusinessline.com/news/tirumala-laddu-scam-68-lakh-kg-of-adulterated-ghee-supplied-to-ttd-says-cbi/article70267120.ece,"supplied monoglycerides and Acetic Acid Ester in the name of coconut oil, palm oil, and palm kernel oil"
News,pasta,bacillus cereus,True,1,1,0.9,0.9,0.9,0.9,0.9,1,1,Bacillus cereus (1),milk-cedad8e0d59827f2,https://timesofindia.indiatimes.com/life-style/food-news/most-dangerous-foods-in-your-refrigerator/articleshow/118463650.cms,Cooked rice and pasta can harbor Bacillus cereus
News,peppercorns,ethylene oxide,True,1,1,0.9,0.9,0.9,0.9,0.9,1,1,ethylene oxide (1),milk-74d1d6aaa4ade7cf,https://indianexpress.com/article/upsc-current-affairs/upsc-key-indus-waters-treaty-food-adulteration-and-antitrust-laws-9963906/,presence of ethylene oxide in chilli peppers and peppercorns from India
News,petha,artificial colour,True,1,1,0.9,0.9,0.9,0.9,0.9,1,1,artificial colour (1),oil-69a4843e2e016e1e,https://timesofindia.indiatimes.com/city/agra/adulterated-paneer-and-cooking-oil-seized-ahead-of-diwali/articleshow/124586909.cms,30 kg of artificially coloured petha
News,pickles,rotten spoiled vegetables,True,1,1,0.9,0.9,0.9,0.9,0.9,1,1,"rotten, spoiled vegetables (1)",679c8f17-cf26-4561-ad9c-67cb3cbd52fc,https://indianexpress.com/article/india/adulterated-osmania-biscuits-fake-paneer-rotten-eggs-what-hyderabads-crackdown-on-eateries-has-revealed-10612335/,"pickles were found to be made with rotten, spoiled vegetables"
News,poultry,antibiotic residue,True,1,1,0.9,0.9,0.9,0.9,0.9,1,1,Antibiotic residues (1),milk-9072720be8595f77,https://www.dnaindia.com/health/report-zee-media-zara-sochiye-campaign-makes-you-think-about-food-adulteration-not-once-but-twice-3200012,Poultry and Meat Investigations consistently identify: • Excessive and irrational antibiotic use
News,poultry,microplastics,True,1,1,0.9,0.9,0.9,0.9,0.9,1,1,microplastics (1),milk-39bc1a13a79ae513,https://www.newindianexpress.com/states/tamil-nadu/2025/Feb/08/collective-efforts-needed-in-the-battle-against-plastic,"Microplastics contaminate drinking water, seafood, poultry"
News,poultry,salmonella,True,1,1,0.9,0.9,0.9,0.9,0.9,1,1,Salmonella (1),milk-b9c90eeea91e54ae,https://indianexpress.com/article/lifestyle/food-wine/foodborne-illnesses-contamination-heat-summer-health-diet-india-9385491/,"Contaminated poultry, eggs, and unpasteurized milk products are popular sources"
News,prasad,adulterated ghee,False,1,1,0.9,0.9,0.9,0.9,0.9,1,1,adulterated ghee (1),3401730f-3850-4c7d-884f-dcdb1d086c42,https://www.freepressjournal.in/india/up-government-mandates-nameplates-at-food-shops-enforces-stricter-food-safety-regulations,use of adulterated ghee in prasad
News,prepared foods,microplastics,True,1,1,0.9,0.9,0.9,0.9,0.9,1,1,microplastics (1),milk-39bc1a13a79ae513,https://www.newindianexpress.com/states/tamil-nadu/2025/Feb/08/collective-efforts-needed-in-the-battle-against-plastic,"Microplastics contaminate drinking water, seafood, poultry, fruits, vegetables, and even prepared foods"
News,propylene glycol,ethylene glycol,True,1,1,0.9,0.9,0.9,0.9,0.9,1,1,Ethylene Glycol (1),milk-6cf8b965d0dba773,https://indianexpress.com/article/world/when-children-take-toxic-cough-syrup-and-live-9080098/,drums containing EG...stated the drums held pharmaceutical grade propylene glycol
News,protein powder,bisphenol a,True,1,1,0.9,0.9,0.9,0.9,0.9,1,1,bisphenol A (1),milk-d2fe77bd3bfa3b48,https://timesofindia.indiatimes.com/etimes/wellness/taking-protein-powder-the-hidden-dangers-no-one-tells-you/photostory/131463925.cms,found the presence of bisphenol A (BPA)
News,protein powder,cadmium,True,1,1,0.9,0.9,0.9,0.9,0.9,1,1,cadmium (1),milk-d2fe77bd3bfa3b48,https://timesofindia.indiatimes.com/etimes/wellness/taking-protein-powder-the-hidden-dangers-no-one-tells-you/photostory/131463925.cms,"protein powders contained heavy metals such as lead, arsenic, cadmium"
News,protein powder,mercury,True,1,1,0.9,0.9,0.9,0.9,0.9,1,1,mercury (1),milk-d2fe77bd3bfa3b48,https://timesofindia.indiatimes.com/etimes/wellness/taking-protein-powder-the-hidden-dangers-no-one-tells-you/photostory/131463925.cms,"protein powders contained heavy metals such as lead, arsenic, cadmium and mercury"
News,protein supplements,arsenic,True,1,1,0.9,0.9,0.9,0.9,0.9,1,1,arsenic (1),milk-8fb413472dd724f9,https://www.newindianexpress.com/cities/hyderabad/2025/Dec/10/is-your-protein-safe,"Heavy metals including lead, cadmium, arsenic, and mercury are found in many packaged protein supplements"
News,protein supplements,cadmium,True,1,1,0.9,0.9,0.9,0.9,0.9,1,1,cadmium (1),milk-8fb413472dd724f9,https://www.newindianexpress.com/cities/hyderabad/2025/Dec/10/is-your-protein-safe,"Heavy metals including lead, cadmium, arsenic, and mercury are found in many packaged protein supplements"
News,protein supplements,lead,True,1,1,0.9,0.9,0.9,0.9,0.9,1,1,lead (1),milk-8fb413472dd724f9,https://www.newindianexpress.com/cities/hyderabad/2025/Dec/10/is-your-protein-safe,Cheaper products have shown traces of heavy metals like lead
News,protein supplements,mercury,True,1,1,0.9,0.9,0.9,0.9,0.9,1,1,mercury (1),milk-8fb413472dd724f9,https://www.newindianexpress.com/cities/hyderabad/2025/Dec/10/is-your-protein-safe,Cheaper products have shown traces of heavy metals like lead and mercury
News,rasgullas,fly infested,True,1,1,0.9,0.9,0.9,0.9,0.9,1,1,fly-infested (1),8c9f1a58-c54c-43ce-b2bc-293e7082c182,https://economictimes.indiatimes.com/news/new-updates/1100-kg-adulterated-sweets-145-kg-rasgullas-with-flies-destroyed-in-noida-before-diwali/articleshow/124596010.cms,145 kg of fly-infested rasgullas
News,rasgullas,mosquitoes,True,1,1,0.9,0.9,0.9,0.9,0.9,1,1,mosquitoes (1),oil-dff190b8b3a0013d,https://timesofindia.indiatimes.com/city/noida/100kg-rasgullas-destroyed-over-11000-oil-packs-seized-in-pre-holi-drive/articleshow/128728715.cms,rasgullas polluted and infested with mosquitoes
News,refined oil,milk,True,1,1,0.9,0.9,0.9,0.9,0.9,1,1,milk (1),2bc11203-0268-4c4a-9fe6-c168449ca3cf,https://www.livemint.com/economy/the-evolution-of-india-s-fake-milk-industry-11782121657013.html,"testing reportedly found detergent, refined oil and externally added glucose in milk samples"
News,rice,arsenic,True,1,1,0.9,0.9,0.9,0.9,0.9,1,1,arsenic (1),milk-29425e997318adaa,https://economictimes.indiatimes.com/magazines/panache/how-do-toxic-substances-like-lead-end-up-in-baby-food/articleshow/97399836.cms,Rice ... is consistently identified in studies as the food with the highest levels of arsenic
News,rice,pesticide residue,True,1,1,0.9,0.9,0.9,0.9,0.9,1,1,pesticide residues (1),milk-b993f201bb670e21,https://www.thehansindia.com/editors-desk/india-needs-to-grow-safe-food-curb-adulteration-879087,pesticide residues in our rice exports
News,salt,chalk,True,1,1,0.9,0.9,0.9,0.9,0.9,1,1,chalk (1),5ecfa12d-a622-4259-9978-cc9122ab028a,https://timesofindia.indiatimes.com/city/lucknow/is-your-milk-or-ghee-pure-try-these-simple-fssai-approved-home-tests/articleshow/121692171.cms,Salt adulterated with chalk makes water slightly white
News,salt,extraneous matter,True,1,1,0.9,0.9,0.9,0.9,0.9,1,1,extraneous matter (1),5118358f-2777-4bfd-a761-adb4bc1da763,https://www.hindustantimes.com/cities/chandigarh-news/ludhiana-out-of-134-samples-25-items-fail-food-safety-test-in-three-months-101697652910066.html,salt tainted with extraneous matter
News,seafood,antibiotic residue,True,1,1,0.9,0.9,0.9,0.9,0.9,1,1,antibiotics (1),d09257e1-a486-4cc2-9f7e-27202aea56bd,https://timesofindia.indiatimes.com/city/hyderabad/food-safety-alert-72-unsafe-and-211-substandard-products-identified-in-telangana/articleshow/115819734.cms,antibiotics in meat and seafood
News,seafood,microplastics,True,1,1,0.9,0.9,0.9,0.9,0.9,1,1,microplastics (1),milk-39bc1a13a79ae513,https://www.newindianexpress.com/states/tamil-nadu/2025/Feb/08/collective-efforts-needed-in-the-battle-against-plastic,"Microplastics contaminate drinking water, seafood"
News,silk dupatta,polyester,True,1,1,0.9,0.9,0.9,0.9,0.9,1,1,Polyester (1),175b299b-b57f-47bf-b137-6d077aae2e90,https://www.thehansindia.com/news/cities/tirupathi/ttd-faces-row-over-fake-silk-dupattas-1030272,"material was made of polyester in both warp and weft, not the mulberry silk"
News,soya chunks,ammonium bicarbonate,True,1,1,0.9,0.9,0.9,0.9,0.9,1,1,ammonium bicarbonate (1),c8ddee14-df38-49aa-9d85-a7c6b34273a6,https://www.newindianexpress.com/states/odisha/2021/jan/08/poison-on-the-plate-markets-see-rise-in-fake-food-products-2247212.html,Soya chunks are prepared using flour and ammonium bicarbonate
News,spice blends,ethylene oxide,True,2,1,0.9,0.9,0.9,0.9,0.9,2,2,ethylene oxide (2),milk-04c06f12b8f68a2a,https://www.tribuneindia.com/news/business/fssai-to-inspect-all-manufacturers-in-its-crackdown-on-spurious-spices-617328,flagging high levels of ethylene oxide
News,spice products,ethylene oxide,True,1,1,0.9,0.9,0.9,0.9,0.9,1,1,ethylene oxide (1),9368fe71-a18d-4580-8063-8e3f17e6cec9,https://frontline.thehindu.com/the-nation/food-adulteration-diwali-crisis-contamination-spices-india-diseases-fssai/article70208651.ece,three spice products from India contained traces of ethylene oxide
News,spices,acetamiprid,True,1,1,0.9,0.9,0.9,0.9,0.9,1,1,Acetamiprid (1),45fdd40d-5bc4-4fe7-9eb9-883c55f14a70,https://timesofindia.indiatimes.com/city/jaipur/25-of-food-samples-tested-in-raj-in-2024-found-adulterated/articleshow/117897659.cms,"spice samples contained harmful substances, such as acetamiprid"
News,spices,artificial dyes,True,1,1,0.9,0.9,0.9,0.9,0.9,1,1,artificial dyes (1),milk-a1ae27d81f0013a5,https://thelogicalindian.com/is-indias-food-watchdog-failing-us-inside-the-gaps-in-fssais-safety-net/,When spices are contaminated with artificial dyes
News,spices,imidacloprid,True,1,1,0.9,0.9,0.9,0.9,0.9,1,1,Imidacloprid (1),45fdd40d-5bc4-4fe7-9eb9-883c55f14a70,https://timesofindia.indiatimes.com/city/jaipur/25-of-food-samples-tested-in-raj-in-2024-found-adulterated/articleshow/117897659.cms,"spice samples contained harmful substances, such as acetamiprid and imidacloprid"
News,split cashews,insects,True,1,1,0.9,0.9,0.9,0.9,0.9,1,1,insects (1),df6dd614-6785-4c3a-b6c7-1e091a751c64,https://www.deccanchronicle.com/southern-states/telangana/many-restaurants-violated-food-safety-rules-task-force-officials-1858555,loose split cashews were found to be infested with insects
News,spurious oils,diglyceride,True,1,1,0.9,0.9,0.9,0.9,0.9,1,1,diglyceride (1),oil-0b4af50364482622,https://www.thehindubusinessline.com/economy/agri-business/sea-cautions-processors-on-spurious-edible-oil-by-mixing-glycerine-with-fatty-acids/article65730930.ece,Oils obtained by this process is not vegetable oil but synthetic one that is diglyceride in nature
News,squid,cadmium,True,1,1,0.9,0.9,0.9,0.9,0.9,1,1,cadmium (1),milk-b993f201bb670e21,https://www.thehansindia.com/editors-desk/india-needs-to-grow-safe-food-curb-adulteration-879087,21 products including octopus and squid had cadmium
News,sri vyshnavi dairy specialities,beta sitosterol,True,1,1,0.9,0.9,0.9,0.9,0.9,1,1,beta-sitosterol (1),c66f7c07-f922-4abd-8805-71a0fade560f,https://www.thehansindia.com/andhra-pradesh/despite-cftri-red-flag-adulterated-ghee-used-in-laddus-for-2-years-sit-1027304,"CFTRI's report dated August 3, 2022 identified beta-sitosterol... in samples taken from... Sri Vyshnavi Dairy Specialities"
News,sturgeon caviar,salmon roe,True,1,1,0.9,0.9,0.9,0.9,0.9,1,1,salmon roe (1),oil-e3fbe637ba51632f,https://zeenews.india.com/health/10-common-foods-that-might-be-deceiving-you-2828611,"Cheaper fish roe, such as those from salmon or trout, is sometimes sold as high-end sturgeon caviar"
News,sturgeon caviar,trout roe,True,1,1,0.9,0.9,0.9,0.9,0.9,1,1,trout roe (1),oil-e3fbe637ba51632f,https://zeenews.india.com/health/10-common-foods-that-might-be-deceiving-you-2828611,"Cheaper fish roe, such as those from salmon or trout, is sometimes sold as high-end sturgeon caviar"
News,sugar,chalk,True,1,1,0.9,0.9,0.9,0.9,0.9,1,1,chalk (1),5ecfa12d-a622-4259-9978-cc9122ab028a,https://timesofindia.indiatimes.com/city/lucknow/is-your-milk-or-ghee-pure-try-these-simple-fssai-approved-home-tests/articleshow/121692171.cms,Adulteration with chalk leaves impurities
News,sun flower oil,palm oil family,True,1,1,0.9,0.9,0.9,0.9,0.9,1,1,palm oil (1),oil-36cb53c86c2cee85,https://timesofindia.indiatimes.com/city/trichy/sweet-savoury-makers-under-fssai-lens-ahead-of-diwali/articleshow/94800037.cms,use palm oil instead sun flower oil
News,sweets,auramine o,True,1,1,0.9,0.9,0.9,0.9,0.9,1,1,auramine O (1),milk-bb864d8d03055611,https://www.thehindu.com/sci-tech/health/auramine-in-indian-food-why-a-banned-dye-keeps-returning-explained/article70313811.ece,uncovered its presence in sweets
News,sweets,decayed cashew nuts,True,1,1,0.9,0.9,0.9,0.9,0.9,1,1,decayed cashew nuts (1),c8abeae0-2099-4df9-afae-1cefa33488ec,https://www.freepressjournal.in/mumbai/mumbai-borivali-police-seizes-adulterated-sweets-worth-31-lakh-ahead-of-diwali,mixing decayed cashew nuts
News,sweets,detergent,True,1,1,0.9,0.9,0.9,0.9,0.9,1,1,detergent (1),milk-2d4c6eb27aa0b942,https://nagalandpost.com/unsafe-at-every-bite-indias-silent-food-safety-epidemic/,"adulterants found in milk and milk-based products, such as paneer, curd, and sweets, include detergent"
News,sweets,malachite green,True,1,1,0.9,0.9,0.9,0.9,0.9,1,1,malachite green (1),milk-bb864d8d03055611,https://www.thehindu.com/sci-tech/health/auramine-in-indian-food-why-a-banned-dye-keeps-returning-explained/article70313811.ece,"dyes such as auramine, metanil yellow, rhodamine B, and malachite green appear in certain samples of sweets"
News,sweets,metanil yellow,True,1,1,0.9,0.9,0.9,0.9,0.9,1,1,metanil yellow (1),milk-bb864d8d03055611,https://www.thehindu.com/sci-tech/health/auramine-in-indian-food-why-a-banned-dye-keeps-returning-explained/article70313811.ece,"dyes such as auramine, metanil yellow, rhodamine B, and malachite green appear in certain samples of sweets"
News,sweets,non permitted colours,True,1,1,0.9,0.9,0.9,0.9,0.9,1,1,non-permitted colours (1),oil-2f8fdf97a8f42ade,https://timesofindia.indiatimes.com/city/bareilly/administrative-efforts-to-detect-adulteration-in-sweets-ahead-of-holi-prove-futile-in-pilibhit/articleshow/98434474.cms,non-permitted colours in certain sweets
News,sweets,rhodamine B,True,1,1,0.9,0.9,0.9,0.9,0.9,1,1,rhodamine B (1),milk-bb864d8d03055611,https://www.thehindu.com/sci-tech/health/auramine-in-indian-food-why-a-banned-dye-keeps-returning-explained/article70313811.ece,"dyes such as auramine, metanil yellow, rhodamine B, and malachite green appear in certain samples of sweets"
News,sweets,synthetic sugar,True,1,1,0.9,0.9,0.9,0.9,0.9,1,1,synthetic sugar (1),milk-eab1ad916c2e639d,https://www.hindustantimes.com/cities/chandigarh-news/in-mohali-food-adulteration-a-tough-nut-to-crack-101698871766557.html,use of synthetic sugar and colours in sweets
News,syrup,diethylene glycol,True,1,1,0.9,0.9,0.9,0.9,0.9,1,1,diethylene glycol (1),milk-6cf8b965d0dba773,https://indianexpress.com/article/world/when-children-take-toxic-cough-syrup-and-live-9080098/,"products ... contained dangerous levels of EG or a related toxin, diethylene glycol"
News,tap water,bacteria,True,1,1,0.9,0.9,0.9,0.9,0.9,1,1,bacteria (1),milk-8525c631cb260a24,https://timesofindia.indiatimes.com/life-style/food-news/your-monsoon-cravings-for-chai-and-pakoda-could-be-cancer-traps-warns-a-specialist/articleshow/123502565.cms,"monsoon often contaminates it with bacteria, viruses, and harmful chemicals"
News,tap water,harmful chemicals,False,1,1,0.9,0.9,0.9,0.9,0.9,1,1,harmful chemicals (1),milk-8525c631cb260a24,https://timesofindia.indiatimes.com/life-style/food-news/your-monsoon-cravings-for-chai-and-pakoda-could-be-cancer-traps-warns-a-specialist/articleshow/123502565.cms,"monsoon often contaminates it with bacteria, viruses, and harmful chemicals"
News,tap water,viruses,True,1,1,0.9,0.9,0.9,0.9,0.9,1,1,viruses (1),milk-8525c631cb260a24,https://timesofindia.indiatimes.com/life-style/food-news/your-monsoon-cravings-for-chai-and-pakoda-could-be-cancer-traps-warns-a-specialist/articleshow/123502565.cms,"monsoon often contaminates it with bacteria, viruses, and harmful chemicals"
News,tea,microplastics,True,1,1,0.9,0.9,0.9,0.9,0.9,1,1,microplastics (1),milk-5fffa5696a978146,http://www.newindianexpress.com/magazine/2023/aug/13/you-are-always-eating-plastic-and-now-drowning-in-it-2604005.html,presence of microplastics in tea cups
News,tea powder,added colour,True,1,1,0.9,0.9,0.9,0.9,0.9,1,1,added colour (1),milk-71b4c09b2facdd5c,https://www.deccanchronicle.com/southern-states/telangana/crackdown-reveals-dirty-underbelly-of-citys-food-businesses-1948147,"Tea powder – 4 – 2 tonnes – Added colour, dust, poor quality leaves"
News,tea powder,dust,True,1,1,0.9,0.9,0.9,0.9,0.9,1,1,dust (1),milk-71b4c09b2facdd5c,https://www.deccanchronicle.com/southern-states/telangana/crackdown-reveals-dirty-underbelly-of-citys-food-businesses-1948147,"Tea powder – 4 – 2 tonnes – Added colour, dust, poor quality leaves"
News,tea powder,sunset yellow,True,1,1,0.9,0.9,0.9,0.9,0.9,1,1,sunset yellow (1),milk-1bc3850cd2e7f314,https://www.thehansindia.com/telangana/toxic-tea-powder-making-racket-busted-3-arrested-913450,toxic colours (sunset and tyatrazen)
News,tea powder,tartrazine,True,1,1,0.9,0.9,0.9,0.9,0.9,1,1,tartrazine (1),milk-1bc3850cd2e7f314,https://www.thehansindia.com/telangana/toxic-tea-powder-making-racket-busted-3-arrested-913450,toxic colours (sunset and tyatrazen)
News,tea powder,toxic chemical essence,True,1,1,0.9,0.9,0.9,0.9,0.9,1,1,toxic chemical essence (1),milk-1bc3850cd2e7f314,https://www.thehansindia.com/telangana/toxic-tea-powder-making-racket-busted-3-arrested-913450,"mix it with coconut shell powder, toxic chemical essence"
News,tea powder,unknown adulterant,False,1,1,0.9,0.9,0.9,0.9,0.9,1,1,unknown adulterant (1),5a7f7c9a-4897-4c0b-90af-3603b6c27a4a,https://www.thehindu.com/news/cities/Madurai/food-safety-officer-orders-closure-of-2-supermarkets-sweet-shop-for-lack-of-licence-in-sivakasi/article70577689.ece,3 kg of adulterated tea powder
News,tender coconut,arsenic,True,1,1,0.9,0.9,0.9,0.9,0.9,1,1,arsenic (1),milk-eb39e0c7d05ffde5,https://timesofindia.indiatimes.com/city/mumbai/husband-killer-her-lover-murdered-mom-in-law-too-in-mumbai/articleshow/96013832.cms,"gave her mother-in-law and later her husband a mixture of both substances seven to eight times a day in water, tender cocounut"
News,tender coconut,thallium,True,1,1,0.9,0.9,0.9,0.9,0.9,1,1,thallium (1),milk-eb39e0c7d05ffde5,https://timesofindia.indiatimes.com/city/mumbai/husband-killer-her-lover-murdered-mom-in-law-too-in-mumbai/articleshow/96013832.cms,"mixture of both substances seven to eight times a day in water, tender cocounut"
News,tirumala laddus,adulterated ghee,False,1,1,0.9,0.9,0.9,0.9,0.9,1,1,adulterated ghee (1),54637d34-f16e-4e98-84c1-681a0fca559c,https://www.thehindu.com/news/national/andhra-pradesh/20-crore-tirumala-laddus-made-with-adulterated-ghee-naidu-tells-assembly/article70671756.ece,20 crore Tirumala laddus made with adulterated ghee
News,tirumala laddus,synthetic substance,True,1,1,0.9,0.9,0.9,0.9,0.9,1,1,synthetic substance (1),b4b614f7-a43d-4e57-9766-25f7fef90d68,https://www.thehindu.com/news/national/andhra-pradesh/ghee-adulteration-issue-ttd-chairman-seeks-deeper-sit-probe-into-money-trail/article70570737.ece,synthetic substance was procured in the name of ghee and used in the preparation of the sacred Tirumala Laddus
News,tirumala srivari laddu,ghee,True,1,1,0.9,0.9,0.9,0.9,0.9,1,1,ghee (1),f75dd4aa-d0bc-4078-857d-76a41f9df08f,https://www.thehansindia.com/andhra-pradesh/pawan-kalyan-meets-naidu-to-discuss-political-and-tirumala-ghee-issue-1045405,controversy over adulterated ghee in Tirumala Srivari Laddu prasad
News,tirupati laddus,palm oil family,True,1,1,0.9,0.9,0.9,0.9,0.9,1,1,palm oil (1),471bc3da-bbd4-417c-875a-595a713be7fd,https://www.thehindu.com/news/national/food-safety-authority-issues-show-cause-notice-to-firm-on-contamination-in-tirupati-laddus/article68674512.ece,"found ""adulterated"" with palm oil and animal fat"
News,truffle,artificial flavoring,True,1,1,0.9,0.9,0.9,0.9,0.9,1,1,artificial flavoring (1),oil-e3fbe637ba51632f,https://zeenews.india.com/health/10-common-foods-that-might-be-deceiving-you-2828611,"include no real truffles. Instead, they use artificial flavoring"
News,tuna,pangasius,True,1,1,0.9,0.9,0.9,0.9,0.9,1,1,pangasius (1),oil-e3fbe637ba51632f,https://zeenews.india.com/health/10-common-foods-that-might-be-deceiving-you-2828611,Cheaper options like tilapia or pangasius are sometimes marketed as premium fish like tuna
News,tuna,tilapia,True,1,1,0.9,0.9,0.9,0.9,0.9,1,1,tilapia (1),oil-e3fbe637ba51632f,https://zeenews.india.com/health/10-common-foods-that-might-be-deceiving-you-2828611,Cheaper options like tilapia or pangasius are sometimes marketed as premium fish like tuna
News,turmeric powder,lead chromate,True,1,1,0.9,0.9,0.9,0.9,0.9,1,1,lead chromate (1),milk-fe1e3cc4f8fe0fc2,https://www.thehindu.com/children/what-is-adulteration-and-what-is-its-impact-on-our-daily-lives/article69210912.ece,Detection of Metanil Yellow and lead chromate
News,turmeric powder,non edible synthetic yellow colour,True,1,1,0.9,0.9,0.9,0.9,0.9,1,1,non-edible synthetic yellow colour (1),c8ddee14-df38-49aa-9d85-a7c6b34273a6,https://www.newindianexpress.com/states/odisha/2021/jan/08/poison-on-the-plate-markets-see-rise-in-fake-food-products-2247212.html,"For turmeric powder, the adulterators use waste rice powder and non-edible synthetic yellow colour"
News,turmeric powder,waste rice powder,True,1,1,0.9,0.9,0.9,0.9,0.9,1,1,waste rice powder (1),c8ddee14-df38-49aa-9d85-a7c6b34273a6,https://www.newindianexpress.com/states/odisha/2021/jan/08/poison-on-the-plate-markets-see-rise-in-fake-food-products-2247212.html,"For turmeric powder, the adulterators use waste rice powder"
News,turmeric powder,wood powder,True,1,1,0.9,0.9,0.9,0.9,0.9,1,1,wood powder (1),c8ddee14-df38-49aa-9d85-a7c6b34273a6,https://www.newindianexpress.com/states/odisha/2021/jan/08/poison-on-the-plate-markets-see-rise-in-fake-food-products-2247212.html,Turmeric is often adulterated by mixing wood powder
News,undercooked beef,e coli,True,1,1,0.9,0.9,0.9,0.9,0.9,1,1,E. coli (1),milk-c8d247f8a136d400,https://economictimes.indiatimes.com/news/web-stories/8-bacteria-you-might-be-eating-every-day-but-shouldnt/slideshow/122494392.cms,"Found in: raw vegetables, undercooked beef, contaminated water"
News,vanaspati,refined oils,True,1,1,0.9,0.9,0.9,0.9,0.9,1,1,refined oils (1),04d8af9a-ebb5-4e14-b630-f5fddc40afd4,https://economictimes.indiatimes.com/news/economy/policy/vanishing-vanaspati-still-plays-an-outsized-role-in-calculation-of-wpi/articleshow/110040827.cms,Refined oils replaced vanaspati in making jalebis
News,vanaspati,trans fatty acids,True,1,1,0.9,0.9,0.9,0.9,0.9,1,1,trans fatty acids (1),84b0a1fc-c258-4024-a387-a91e8d004707,https://indianexpress.com/article/lifestyle/health-specials/ghee-coconut-oil-mustard-oil-control-fat-diabetes-8081554/,"trans fatty acids, abundant in vegetable ghee (vanaspati"
News,vegetables,lead,True,1,1,0.9,0.9,0.9,0.9,0.9,1,1,lead (1),milk-6d351923053915dc,https://www.news18.com/india/up-barabanki-6000-litres-of-fake-mustard-oil-seized-raises-food-safety-concerns-aa-ws-l-9927362.html,Bengaluru finds lead in vegetables
News,vegetables,microplastics,True,1,1,0.9,0.9,0.9,0.9,0.9,1,1,microplastics (1),milk-39bc1a13a79ae513,https://www.newindianexpress.com/states/tamil-nadu/2025/Feb/08/collective-efforts-needed-in-the-battle-against-plastic,"Microplastics contaminate drinking water, seafood, poultry, fruits, vegetables"
News,water,thallium,True,1,1,0.9,0.9,0.9,0.9,0.9,1,1,thallium (1),milk-eb39e0c7d05ffde5,https://timesofindia.indiatimes.com/city/mumbai/husband-killer-her-lover-murdered-mom-in-law-too-in-mumbai/articleshow/96013832.cms,gave her mother-in-law and later her husband a mixture of both substances seven to eight times a day in water
News,wheat flour,pesticide residue,True,1,1,0.9,0.9,0.9,0.9,0.9,1,1,pesticide residues (1),milk-b993f201bb670e21,https://www.thehansindia.com/editors-desk/india-needs-to-grow-safe-food-curb-adulteration-879087,"Pesticide residues can be found in significant amounts in many foods, including ... wheat flour"
News,Ghee,low grade edible oils,True,2,1,0.875,0.875,0.85,0.9,0.9,2,1,low-grade edible oils (2),502ff9a1-ac00-4ef2-96cb-0a0614085766,https://starofmysore.com/fake-nandini-ghee-racket-mysuru-couple-arrested/,using low-grade edible oils to adulterate ghee
News,Ghee,palmoline oil,True,2,1,0.875,0.875,0.85,0.9,0.9,2,1,palmoline oil (2),57b2326c-e877-4995-82fc-221eda139718,https://www.newindianexpress.com/cities/vijayawada/2021/apr/07/food-safety-officials-conduct-raids-on-restaurants-ghee-units-invijayawada-2286873.html,ghee products were adulterated using palmoline oil
News,Milk,skimmed milk powder,True,2,1,0.875,0.875,0.85,0.9,0.9,2,1,skimmed milk powder (2),2bc11203-0268-4c4a-9fe6-c168449ca3cf,https://www.livemint.com/economy/the-evolution-of-india-s-fake-milk-industry-11782121657013.html,skimmed milk powder (SMP) was added to restore solids-not-fat (SNF) levels
News,Coconut oil,testa oil,True,3,1,0.8667,0.85,0.85,0.9,0.9,3,1,testa oil (3),oil-d7067a97a2f5acc2,https://www.thehindu.com/news/national/kerala/onam-vigil-five-special-squads-in-action-to-expose-low-quality-food-products/article70008118.ece,testa oil extracted from the brown outer layer of a coconut was being promoted and branded as real coconut oil
News,Cheese,e coli,True,1,1,0.85,0.85,0.85,0.85,0.85,1,0,E. coli (1),milk-893e648483b23dfc,https://timesofindia.indiatimes.com/life-style/health-fitness/health-news/st-louis-county-e-coli-outbreak-lettuce-tests-negative-investigation-continues/articleshow/115606666.cms,"foods made from them, like cheese"
News,Cheese,escherichia coli,True,1,1,0.85,0.85,0.85,0.85,0.85,1,0,Escherichia coli (1),milk-0c708ad8d1a7a258,https://timesofindia.indiatimes.com/life-style/health-fitness/health-news/7-foods-that-can-put-you-at-risk-of-e-coli/articleshow/115495008.cms,"foods made from them, like cheese or ice cream"
News,Cheese,palm oil family,True,2,1,0.85,0.85,0.85,0.85,0.85,2,0,palm oil (2),oil-83fa2b767aaa2b99,https://timesofindia.indiatimes.com/city/gurgaon/raids-at-dairy-shops-in-gurgaons-arjun-nagar-after-suspected-adulteration-of-milk-products/articleshow/119265663.cms,add unhealthy products such as palm oil
News,Coconut oil,adulterated coconut oil,True,2,1,0.85,0.85,0.85,0.85,0.85,2,0,adulterated coconut oil (2),oil-a4f6b6de8fcb2c3d,https://www.thehindu.com/news/national/kerala/sale-of-adulterated-coconut-oil-farmers-elated-over-shrcs-intervention/article70651539.ece,sale of adulterated coconut oil in various parts of the State
News,Coconut oil,fake coconut oil,True,1,1,0.85,0.85,0.85,0.85,0.85,1,0,fake coconut oil (1),oil-8e1bcc090b3c0db2,https://timesofindia.indiatimes.com/city/thiruvananthapuram/16k-litres-of-fake-coconut-oil-seized/articleshow/123288376.cms,"seized 16,565 litres of coconut oil of suspicious quality"
News,Coconut oil,refined coconut oil,True,1,1,0.85,0.85,0.85,0.85,0.85,1,0,refined coconut oil (1),oil-692cd678dcf04ba9,https://timesofindia.indiatimes.com/life-style/beauty/signs-your-coconut-oil-is-fake-and-how-to-spot-the-real-one/photostory/124849847.cms,"even refined coconut oil, which do not give you the desired result"
News,Coconut oil,spurious coconut oil,True,1,1,0.85,0.85,0.85,0.85,0.85,1,0,spurious coconut oil (1),3c83f76b-73ed-4933-8427-c3bf3b0ed867,https://www.thehindu.com/news/national/kerala/ahead-of-onam-17000-litres-of-spurious-sub-standard-coconut-oil-seized-in-inspections/article69952466.ece,spurious and sub-standard coconut oil
News,Coconut oil,sulphur,True,1,1,0.85,0.85,0.85,0.85,0.85,1,0,sulphur (1),oil-3be954e8def80c8d,https://www.thehindu.com/news/national/kerala/operation-oil-manufacturer-to-be-allowed-to-launch-only-one-brand-of-oil/article66144992.ece,presence of sulphur in the oil would be checked
News,Coconut oil,sunflower oil,True,2,1,0.85,0.85,0.85,0.85,0.85,2,0,sunflower oil (2),oil-ff34df409a4806f1,https://www.thehindu.com/news/cities/Coimbatore/coconut-oil-mills-in-kangayam-struggle-to-stem-slide-in-production-despite-healthy-market-conditions/article69906326.ece,80 per cent of refined sunflower oil or palm oil is blended with 20 per cent coconut oil
News,Edible/cooking oil,cockroaches and rats,True,2,1,0.85,0.85,0.85,0.85,0.85,2,0,cockroaches and rats (2),oil-800bc41e8dc93137,https://timesofindia.indiatimes.com/city/trichy/food-safety-department-locks-and-seal-two-cooking-oil-mills-in-trichy-city/articleshow/100572169.cms,found cockroaches and rats in the oil production area
News,Edible/cooking oil,expired cooking oil,True,1,1,0.85,0.85,0.85,0.85,0.85,1,0,expired cooking oil (1),oil-8826c3388f25a8b2,https://www.siasat.com/adulterated-cooking-oil-wheat-flour-worth-rs-21-lakh-seized-in-hyderabad-3432488/,mixed expired cooking oil of various brands with soybean oil
News,Edible/cooking oil,high tpm,True,1,1,0.85,0.85,0.85,0.85,0.85,1,0,high TPM (1),oil-dbc8c7a43b8925ba,https://www.freepressjournal.in/indore/madhya-pradesh-pulse-mills-hotels-and-grocery-shops-inspected-samples-collected-for-testing,The TPM value of cooking oil used in 02 hotels was found to be more than the standard level.
News,Edible/cooking oil,hydrocyanic acid,True,1,1,0.85,0.85,0.85,0.85,0.85,1,0,hydrocyanic acid (1),oil-70483e65d1e290ab,https://www.livemint.com/news/india/24-edible-oil-samples-adulterated-fssai-11640775486648.html,Samples were reported to have presence of hydrocyanic acid
News,Edible/cooking oil,reused oil,True,1,1,0.85,0.85,0.85,0.85,0.85,1,0,reused oil (1),oil-64765d0daa18d64c,https://www.hindustantimes.com/cities/jaipur-news/mcdonalds-india-outlet-gets-regulatory-warning-over-rotten-tomatoes-reused-oil-101770898007296.html,found cooking oil unfit for consumption
News,Edible/cooking oil,soybean oil,True,1,1,0.85,0.85,0.85,0.85,0.85,1,0,soybean oil (1),oil-63426d939d718e7f,https://timesofindia.indiatimes.com/life-style/health-fitness/health-news/how-to-identify-fake-cooking-oil-fssai-recommended-tips/articleshow/110694766.cms,olive oil might be mixed with cheaper ones like soybean
News,Ghee,additives to extend shelf life,True,1,1,0.85,0.85,0.85,0.85,0.85,1,0,additives to extend shelf life (1),adf0eca1-40c4-42d3-b7c2-278c8ed876d9,https://www.indiatoday.in/health/story/paneer-adulteration-punjab-quality-test-homemade-dairy-advised-2768277-2025-08-08?utm_source=rss,additives to extend shelf life
News,Ghee,animal tallow,True,2,1,0.85,0.85,0.8,0.9,0.9,2,1,animal tallow (2),6901ef7b-f98a-4b3a-b622-85196fe10ffb,https://indianexpress.com/article/lifestyle/food-wine/tirupati-laddoo-controversy-eating-adulterated-ghee-affect-health-9589633/,alleged that animal tallow was found in ghee
News,Ghee,antibiotic residue,True,1,1,0.85,0.85,0.85,0.85,0.85,1,0,antibiotics (1),e269b874-1ccd-49f6-b646-aa7b2e0527ec,https://www.thehindubusinessline.com/economy/agri-business/from-farm-to-table-tracing-ghee-adulteration-in-dairy-production/article67621435.ece,"introduce pollutants into the ghee, such as herbicides, antibiotics, and heavy metals"
News,Ghee,aroma,True,1,1,0.85,0.85,0.85,0.85,0.85,1,0,aroma (1),4d7063c6-5201-4ce1-89ed-75ee21d51b98,https://www.hindustantimes.com/cities/delhi-news/adulterated-ghee-seized-2-held-in-outer-delhi-s-budh-vihar-101759968831171.html,chemical-based flavoring agents like aroma
News,Ghee,artificial ghee,True,1,1,0.85,0.85,0.85,0.85,0.85,1,0,artificial ghee (1),473ed916-1979-4222-b1e8-38d39c51fe03,https://www.punjabnewsexpress.com/news/news/fake-ghee-manufacturing-unit-busted-in-delhi-packaging-material-of-amul-mother-dairy-patanjali-recovered-230157,factory making artificial or counterfeit ghee
News,Ghee,beef oil,True,1,1,0.85,0.85,0.85,0.85,0.85,1,0,beef oil (1),f0389329-04b5-4c1f-a222-7b0dd08d7518,https://www.newindianexpress.com/states/telangana/2024/Sep/23/centre-ready-to-probe-supply-of-adulterated-ghee-to-ttd-union-minister-bandi-sanjay-kumar,alleged use of beef and fish oil in preparation of laddu prasadam
News,Ghee,butter oil derived from cross bred cows,True,1,1,0.85,0.85,0.85,0.85,0.85,1,0,butter oil derived from cross-bred cows (1),milk-3937c478532e8602,https://www.theweek.in/theweek/statescan/2024/10/05/political-stunts-in-the-wake-of-the-tirumala-adulteration-case-are-unlikely-to-yield-electoral-gains-tirupati-laddu-controversy.html,"replaced the Agama Shastra-mandated, traditional bilona-made desi cow ghee with butter oil derived from cross-bred cows"
News,Ghee,carotenoids extracted from carrots,True,1,1,0.85,0.85,0.85,0.85,0.85,1,0,carotenoids extracted from carrots (1),7855cb39-b177-4d3b-bd72-0a18afd5415b,https://www.thehindu.com/sci-tech/science/carrot-extract-can-make-fake-ghee-dodge-quality-test-study/article71044902.ece,fortified samples of lard and palm oil with carotenoids extracted from carrots
News,Ghee,carrot extract,True,2,1,0.85,0.85,0.85,0.85,0.85,2,0,carrot extract (2),411b1d1a-7b18-4425-90f0-da2c296625eb,https://timesofindia.indiatimes.com/etimes/wellness/study-reveals-fake-ghee-from-carrot-extract-can-pass-quality-tests-but-is-it-really-healthier-than-real-ghee/articleshow/131433320.cms,carrot extract can help fake ghee pass certain quality tests
News,Ghee,chemical mixture,True,1,1,0.85,0.85,0.85,0.85,0.85,1,0,chemical mixture (1),f6ab3ad0-b732-4a90-9f57-a1fdaea8cdbe,https://www.thehansindia.com/andhra-pradesh/govt-ready-for-debate-on-ttd-ghee-says-hm-1049846,substance in question was not pure ghee but a chemical mixture
News,Ghee,chemical substances,True,1,1,0.85,0.85,0.85,0.85,0.85,1,0,chemical substances (1),29a173b3-4587-4257-9c93-2f0c483079c5,https://www.thehindu.com/news/national/andhra-pradesh/andhra-pradesh-cabinet-hands-over-ttd-ghee-adulteration-case-to-commission-of-enquiry/article70587730.ece,alleged mixing of chemical substances in the ghee
News,Ghee,chemically manufactured substance,True,1,1,0.85,0.85,0.85,0.85,0.85,1,0,chemically manufactured substance (1),83bf777b-6ee5-4e82-bd85-6e374853473a,https://www.thehansindia.com/andhra-pradesh/tirumala-laddu-ghee-row-set-for-stormy-debate-in-legislature-1051239,substance supplied was chemically manufactured and not genuine ghee
News,Ghee,colouring agents,True,1,1,0.85,0.85,0.85,0.85,0.85,1,0,colouring agents (1),fee252e0-d871-44c1-8917-1fd2d148377a,https://timesofindia.indiatimes.com/city/surat/duplicate-ghee-factory-busted/articleshow/111215881.cms,"duplicate cow ghee was being made by mixing palm oil, colouring and flavouring agents"
News,Ghee,colouring powders,True,1,1,0.85,0.85,0.85,0.85,0.85,1,0,colouring powders (1),0ea7c6a7-d2c1-498f-aa00-f3fc942206ed,https://starofmysore.com/minister-warns-of-attachment-of-properties-of-those-involved-in-fake-nandini-ghee-racket/,"huge quantities of fake Nandini ghee and other products, packing materials, colouring powders and other materials that were used for adulteration were seized"
News,Ghee,contaminated ghee,True,1,1,0.85,0.85,0.85,0.85,0.85,1,0,contaminated ghee (1),75eac450-5d76-45da-975a-a47f1515ca01,https://www.opindia.com/2024/09/no-proof-of-use-of-contaminated-ghee-supreme-court-questions-cm-naidu-on-public-statements-about-tirupati-laddus/,ghee from two tankers delivered on 6th and 12th July that was found to be contaminated
News,Ghee,cottonseed,True,1,1,0.85,0.85,0.85,0.85,0.85,1,0,cottonseed (1),0ef4d3e4-844c-47ee-a430-8f171ec4c000,https://www.thehindu.com/news/national/andhra-pradesh/andhra-pradesh-govt-vows-strict-action-over-adulterated-ghee-in-ttd-prasadam/article70587850.ece,"detected possible adulterants such as soybean, sunflower, rapeseed, cottonseed"
News,Ghee,cream,True,1,1,0.85,0.85,0.85,0.85,0.85,1,0,cream (1),336a89c4-d98a-4242-8803-4d479689bc4d,https://www.hindustantimes.com/cities/chandigarh-news/ludhiana-50-kg-adulterated-ghee-seized-officials-101759775860326.html,cream and milk powder were being used to manufacture poor-quality ghee
News,Ghee,dangerous chemicals,True,1,1,0.85,0.85,0.85,0.85,0.85,1,0,dangerous chemicals (1),5710a503-9fbe-46ae-abd5-2663069b70db,https://www.india.com/news/delhi/delhi-fake-ghee-making-factory-busted-in-dwarka-labels-of-brands-such-as-patanjali-mother-dairy-amul-recovered-6531374/,dangerous chemicals were used in making ghee
News,Ghee,diluted products,True,1,1,0.85,0.85,0.85,0.85,0.85,1,0,diluted products (1),905b10d3-5531-40bc-b5e3-84beb79f1af2,https://timesofindia.indiatimes.com/life-style/food-news/amul-warns-against-fake-ghee-sales-ahead-of-diwali-tips-to-identify-authentic-products/articleshow/114609497.cms,sell diluted products
News,Ghee,fake amul labelled ghee,True,1,1,0.85,0.85,0.85,0.85,0.85,1,0,fake Amul-labelled ghee (1),e1bbca7c-14db-40cf-a128-0219f12466a3,https://www.freepressjournal.in/mumbai/nhrc-complaint-filed-over-tirupati-ghee-scandal-activist-calls-it-national-betrayal-of-faith,fake Amul-labelled ghee used in mohanthal prasad
News,Ghee,fake saras ghee,True,1,1,0.85,0.85,0.85,0.85,0.85,1,0,fake Saras ghee (1),90b45add-966d-4b4a-84c4-a1f0deca16c0,https://timesofindia.indiatimes.com/city/jaipur/bhilwara-police-bust-fake-saras-ghee-unit-arrest-one/articleshow/129761742.cms,Officials seized 31 tins of 15 kg fake Saras ghee
News,Ghee,flavor,True,1,1,0.85,0.85,0.85,0.85,0.85,1,0,flavor (1),0f7493be-b335-4851-9029-9e87ba0da155,https://timesofindia.indiatimes.com/city/jaipur/factories-making-fake-ghee-of-well-known-brands-busted-in-city/articleshow/94954456.cms,bottle of flavor to prepare ghee
News,Ghee,flavouring agents,True,1,1,0.85,0.85,0.85,0.85,0.85,1,0,flavouring agents (1),fee252e0-d871-44c1-8917-1fd2d148377a,https://timesofindia.indiatimes.com/city/surat/duplicate-ghee-factory-busted/articleshow/111215881.cms,"duplicate cow ghee was being made by mixing palm oil, colouring and flavouring agents"
News,Ghee,food colours,True,1,1,0.85,0.85,0.85,0.85,0.85,1,0,food colours (1),b8eebc63-ef4e-4144-9327-420f594806c6,https://www.thehindu.com/news/national/telangana/man-held-for-selling-adulterated-ghee-in-secunderabad/article70392487.ece,along with food colours
News,Ghee,ghee like substance,True,1,1,0.85,0.85,0.85,0.85,0.85,1,0,ghee like substance (1),473ed916-1979-4222-b1e8-38d39c51fe03,https://www.punjabnewsexpress.com/news/news/fake-ghee-manufacturing-unit-busted-in-delhi-packaging-material-of-amul-mother-dairy-patanjali-recovered-230157,Aluminum tub containing ghee like substance
News,Ghee,hazardous chemicals,True,1,1,0.85,0.85,0.85,0.85,0.85,1,0,hazardous chemicals (1),91aa9ca8-e7d7-4036-a22f-5c8c8e7fc2ce,https://timesofindia.indiatimes.com/city/jaipur/2-5k-litre-of-spurious-ghee-seized-in-pali/articleshow/107572083.cms,production of ghee mixed with hazardous chemicals
News,Ghee,heavy metals,True,1,1,0.85,0.85,0.85,0.85,0.85,1,0,heavy metals (1),e269b874-1ccd-49f6-b646-aa7b2e0527ec,https://www.thehindubusinessline.com/economy/agri-business/from-farm-to-table-tracing-ghee-adulteration-in-dairy-production/article67621435.ece,"introduce pollutants into the ghee, such as herbicides, antibiotics, and heavy metals"
News,Ghee,herbicides,True,1,1,0.85,0.85,0.85,0.85,0.85,1,0,herbicides (1),e269b874-1ccd-49f6-b646-aa7b2e0527ec,https://www.thehindubusinessline.com/economy/agri-business/from-farm-to-table-tracing-ghee-adulteration-in-dairy-production/article67621435.ece,"introduce pollutants into the ghee, such as herbicides"
News,Ghee,houseflies and mosquitoes,True,1,1,0.85,0.85,0.85,0.85,0.85,1,0,houseflies and mosquitoes (1),df6dd614-6785-4c3a-b6c7-1e091a751c64,https://www.deccanchronicle.com/southern-states/telangana/many-restaurants-violated-food-safety-rules-task-force-officials-1858555,presence of houseflies and mosquitoes in stored ghee
News,Ghee,impurities,False,1,1,0.85,0.85,0.85,0.85,0.85,1,0,impurities (1),milk-aa35e01b0e75de27,https://www.thehindu.com/news/national/telangana/telangana-food-safety-department-demonstrates-methods-to-identify-adulterated-food/article70833242.ece,impurities in ghee and butter can be identified
News,Ghee,inferior fats,True,1,1,0.85,0.85,0.85,0.85,0.85,1,0,inferior fats (1),milk-8a55933f0d5da63a,https://www.deccanchronicle.com/opinion/columnists/chandrakant-lahariya-the-adulteration-of-food-is-a-silent-assault-on-health-safety-of-indians-1937982,ghee and edible oils mixed with inferior fats
News,Ghee,less expensive oils and fats,True,1,1,0.85,0.85,0.85,0.85,0.85,1,0,less expensive oils and fats (1),d11fa038-1162-4d93-9df5-6d5b35b8628b,https://timesofindia.indiatimes.com/city/hyderabad/shocking-test-results-1-in-5-ghee-samples-found-impure-in-hyderabad/articleshow/113715846.cms,adulterating ghee with less expensive oils and fats
News,Ghee,lethal chemicals,True,1,1,0.85,0.85,0.85,0.85,0.85,1,0,lethal chemicals (1),b4b614f7-a43d-4e57-9766-25f7fef90d68,https://www.thehindu.com/news/national/andhra-pradesh/ghee-adulteration-issue-ttd-chairman-seeks-deeper-sit-probe-into-money-trail/article70570737.ece,"The ghee supplied during the previous tenure contained hazardous substances, including certain lethal chemicals"
News,Ghee,milk powder,True,1,1,0.85,0.85,0.85,0.85,0.85,1,0,milk powder (1),336a89c4-d98a-4242-8803-4d479689bc4d,https://www.hindustantimes.com/cities/chandigarh-news/ludhiana-50-kg-adulterated-ghee-seized-officials-101759775860326.html,cream and milk powder were being used to manufacture poor-quality ghee
News,Ghee,rapeseed,True,1,1,0.85,0.85,0.85,0.85,0.85,1,0,rapeseed (1),0ef4d3e4-844c-47ee-a430-8f171ec4c000,https://www.thehindu.com/news/national/andhra-pradesh/andhra-pradesh-govt-vows-strict-action-over-adulterated-ghee-in-ttd-prasadam/article70587850.ece,"detected possible adulterants such as soybean, sunflower, rapeseed"
News,Ghee,soya bean fat,True,1,1,0.85,0.85,0.85,0.85,0.85,1,0,soya bean fat (1),072fd7a9-d8b3-4e87-a48c-037226add178,https://www.newslaundry.com/2024/09/20/tirupati-laddu-ghee-adulteration-row-what-the-lab-reports-say,substances from soya bean
News,Ghee,soybean fat,True,1,1,0.85,0.85,0.85,0.85,0.85,1,0,soybean fat (1),milk-373237b4ee3b0c64,https://www.hindustantimes.com/india-news/centre-steps-in-as-row-over-tirupati-laddus-explodes-101726860004856.html,presence of foreign fats such as soybean
News,Ghee,special type of chemical,True,1,1,0.85,0.85,0.85,0.85,0.85,1,0,special type of chemical (1),2fede3c0-46a7-46e8-a776-5a6fd6d3f08e,https://timesofindia.indiatimes.com/city/kanpur/spurious-ghee-factory-busted-four-arrested/articleshow/94165213.cms,prepare fake ghee by mixing a special type of chemical
News,Ghee,spurious types of oils,True,1,1,0.85,0.85,0.85,0.85,0.85,1,0,spurious types of oils (1),8ecfae6d-fb77-4dfe-9f9b-f1425d8a13da,https://www.newkerala.com/news/o/andhra-dy-cm-pawan-kalyan-calls-sanatana-dharma-parirakshana-808,"adulterated ghee used for laddus was reportedly made without using real milk, from chemicals and animal fat, with spurious types of oils"
News,Ghee,sub standard raw material,True,1,1,0.85,0.85,0.85,0.85,0.85,1,0,sub-standard raw material (1),23a5dd2a-a53c-44b8-8b86-37e04d4cf1ee,https://www.thehindu.com/news/cities/Visakhapatnam/ghee-oil-manufacturing-units-in-city-raided/article34259509.ece,traders were preparing ghee and oil with sub-standard raw material
News,Ghee,substances allegedly used for cleaning bathrooms,True,1,1,0.85,0.85,0.85,0.85,0.85,1,0,substances allegedly used for cleaning bathrooms (1),a9c15856-f188-45d4-80a8-7929118af59a,https://www.thehansindia.com/andhra-pradesh/cm-chandrababu-naidu-alleges-attempt-to-tarnish-ttds-sanctity-through-adulterated-laddu-prasadam-1046042,"chemically adulterated ghee, including substances allegedly used for cleaning bathrooms"
News,Ghee,sweet potatoes,True,1,1,0.85,0.85,0.85,0.85,0.85,1,0,sweet potatoes (1),5ecfa12d-a622-4259-9978-cc9122ab028a,https://timesofindia.indiatimes.com/city/lucknow/is-your-milk-or-ghee-pure-try-these-simple-fssai-approved-home-tests/articleshow/121692171.cms,adulterated with mashed or sweet potatoes
News,Ghee,synthetic aroma,True,1,1,0.85,0.85,0.85,0.85,0.85,1,0,synthetic aroma (1),f392755d-eeca-465c-a865-90cda923db62,https://timesofindia.indiatimes.com/life-style/food-news/fake-desi-ghee-factory-busted-in-punjab-how-exactly-is-fake-ghee-made-and-how-to-spot-it/articleshow/124737410.cms,"a few drops of synthetic aroma that mimic gheeâs nutty, toasted fragrance"
News,Ghee,synthetic blends,True,1,1,0.85,0.85,0.85,0.85,0.85,1,0,synthetic blends (1),411b1d1a-7b18-4425-90f0-da2c296625eb,https://timesofindia.indiatimes.com/etimes/wellness/study-reveals-fake-ghee-from-carrot-extract-can-pass-quality-tests-but-is-it-really-healthier-than-real-ghee/articleshow/131433320.cms,"Other fakes, like palm oil, refined veggie oils, and synthetic blends"
News,Ghee,synthetic food colour,True,1,1,0.85,0.85,0.85,0.85,0.85,1,0,synthetic food colour (1),f4c53608-9890-4b9f-89a3-7c1028bc1e05,https://timesofindia.indiatimes.com/city/surat/mandvi-cops-bust-unit-making-spurious-ghee/articleshow/129168759.cms,synthetic food colour ... used for making ... fake ghee
News,Ghee,toxic chemicals,True,1,1,0.85,0.85,0.85,0.85,0.85,1,0,toxic chemicals (1),944709d1-19c5-461e-a509-d35f5314cc8e,https://timesofindia.indiatimes.com/city/jaipur/spurious-ghee-racket-busted-in-city-1-arrested/articleshow/102689895.cms,fake ghee was being produced using toxic chemicals
News,Ghee,toxic substances,True,1,1,0.85,0.85,0.85,0.85,0.85,1,0,toxic substances (1),e6eaecc6-03ad-4a52-888e-90efa83d1ba9,https://timesofindia.indiatimes.com/city/hyderabad/40-of-ttd-laddus-sold-between-19-24-prepared-with-toxic-ghee-probe/articleshow/125493821.cms,adulterants included toxic substances
News,Ghee,various chemicals,True,1,1,0.85,0.85,0.85,0.85,0.85,1,0,various chemicals (1),6135126e-45b3-4fe7-a80f-82248b08ea7b,https://www.freepressjournal.in/india/ttd-laddu-ghee-scam-ex-eo-av-dharma-reddy-questioned-for-second-day-by-cbi-led-sit-in-tirupati,supplied various chemicals to Bhole Baba Dairy
News,Ghee,yellow colour,True,1,1,0.85,0.85,0.85,0.85,0.85,1,0,yellow colour (1),f392755d-eeca-465c-a865-90cda923db62,https://timesofindia.indiatimes.com/life-style/food-news/fake-desi-ghee-factory-busted-in-punjab-how-exactly-is-fake-ghee-made-and-how-to-spot-it/articleshow/124737410.cms,a dose of yellow colour for that sunlit glow
News,Khoya/mawa,adulterants,False,1,1,0.85,0.85,0.85,0.85,0.85,1,0,adulterants (1),1fc04845-1f82-4efa-80fc-80e8feefa6ed,https://indianexpress.com/article/health-wellness/fake-paneer-khoya-seized-up-holi-health-10561195/,revealed the presence of adulterants and fungus
News,Khoya/mawa,artificial ingredients,True,1,1,0.85,0.85,0.85,0.85,0.85,1,0,artificial ingredients (1),f3307bb9-ecd5-4da7-ab4d-7da66a93aee4,https://www.freepressjournal.in/bhopal/beware-before-buying-raksha-bandhan-sweets-over-400-places-making-adulterated-mawa-in-madhya-pradesh-check-how-to-test-real-vs-fake,synthetic milk and other artificial ingridients used in making of these sweets
News,Khoya/mawa,contaminated khoya,True,1,1,0.85,0.85,0.85,0.85,0.85,1,0,contaminated khoya (1),926ea765-1cc1-4516-8841-bd17f9184d00,https://timesofindia.indiatimes.com/city/noida/1100-kg-of-adulterated-sweets-destroyed-in-pre-diwali-crackdown/articleshow/124436522.cms,16 kg of contaminated khoya was seized from a sweet shop
News,Khoya/mawa,powdered milk,True,1,1,0.85,0.85,0.85,0.85,0.85,1,0,powdered milk (1),oil-f03f3d017d2d3f85,https://www.freepressjournal.in/bhopal/bhopal-1600-kgs-of-adulterated-mawa-seized-from-gwalior-bhopal-bus-during-routine-check-at-isbt-over-2000-kg-seized-across-mp,produced using refined oil and powdered milk
News,Khoya/mawa,unidentified white powder,True,1,1,0.85,0.85,0.85,0.85,0.85,1,0,unidentified white powder (1),96aa0432-3d5f-4a5a-b1d3-041eafc706bc,https://www.hindustantimes.com/cities/lucknow-news/fsda-festival-crackdown-over-rs-62-lakh-worth-of-adulterated-food-seized-in-lucknow-101760729311321.html,"the unit was producing counterfeit khoya using a dangerous mix of skimmed milk powder, maize starch, vanaspati ghee, and unidentified white powder"
News,Khoya/mawa,urea,True,1,1,0.85,0.85,0.85,0.85,0.85,1,0,urea (1),milk-601312c7904467a2,https://thelogicalindian.com/fssai-orders-nationwide-crackdown-on-adulterated-milk-paneer-and-khoya-amid-festive-season-health-fears/,"adulterated milk, paneer, and khoya, targeting health risks from contaminants like detergents and urea"
News,Khoya/mawa,washing soda,True,1,1,0.85,0.85,0.85,0.85,0.85,1,0,washing soda (1),8d207b3c-d7d6-4776-a05d-ec3f854e4f5e,https://www.financialexpress.com/life/lifestyle-worried-about-adulterated-diwali-sweets-dietitian-on-how-to-recognise-fake-khoya-4011313/,Fizzing or bubbles indicate washing soda or detergent adulteration
News,Milk,adhesive compound,True,1,1,0.85,0.85,0.85,0.85,0.85,1,0,adhesive compound (1),milk-6a4e4e0b65eb5d9d,https://www.deccanherald.com/india/andhra-pradesh/andhra-pradesh-milk-adulteration-death-toll-reaches-14-several-hospitalised-in-east-godavari-3930401,adhesive compound for sealing leaks was applied to the (milk) container walls
News,Milk,adulteration,True,1,1,0.85,0.85,0.85,0.85,0.85,1,0,adulteration (1),milk-ee5597461d9a54c9,https://www.thehansindia.com/karnataka/over-3000-adulterated-milk-samples-detected-across-state-in-one-year-1056529,"adulteration was detected in milk supplied by a private company, Dodla Dairy"
News,Milk,coolant,True,1,1,0.85,0.85,0.85,0.85,0.85,1,0,coolant (1),53fc2aa4-9910-4f30-8573-76f088b6013f,https://www.deccanchronicle.com/southern-states/andhra-pradesh/forensics-lab-steps-in-over-adulterated-milk-tragedy-1939633,leakage of coolant in the refrigerator caused the adulteration of milk
News,Milk,dioxin,True,1,1,0.85,0.85,0.85,0.85,0.85,1,0,dioxin (1),milk-e7de144114acb0ad,https://www.hindustantimes.com/lifestyle/art-culture/tradeoffs-your-burning-trash-has-much-in-common-with-the-vietnam-war-says-mridula-ramesh-101720189463893.html,into the milk; into your body
News,Milk,dioxins,True,1,1,0.85,0.85,0.85,0.85,0.85,1,0,dioxins (1),milk-128a72609a921d42,https://www.news18.com/news/buzz/vet-in-karnataka-district-operates-on-cow-to-remove-21-kg-plastic-from-stomach-3981353.html,it's loaded with toxic chemicals like dioxins
News,Milk,garbage,True,2,1,0.85,0.85,0.85,0.85,0.85,2,0,garbage (2),milk-d376f1e20e48f49b,https://zeenews.india.com/india/illegal-dairies-functioning-in-delhi-under-the-protection-of-bjp-leaders-aap-2420609.html,poisonous the milk of cows that eat garbage
News,Milk,hazardous additives,True,1,1,0.85,0.85,0.85,0.85,0.85,1,0,hazardous additives (1),milk-8a55933f0d5da63a,https://www.deccanchronicle.com/opinion/columnists/chandrakant-lahariya-the-adulteration-of-food-is-a-silent-assault-on-health-safety-of-indians-1937982,Milk diluted with hazardous additives
News,Milk,heavy metals,True,1,1,0.85,0.85,0.85,0.85,0.85,1,0,heavy metals (1),7d796579-8acb-4851-a31f-526034bb0b78,https://www.thehansindia.com/hans/opinion/news-analysis/adulterated-milk-spells-death-can-no-longer-be-ignored-1055769,contaminated water can introduce harmful substances including pesticides and heavy metals
News,Milk,intoxicating substance,True,1,1,0.85,0.85,0.85,0.85,0.85,1,0,intoxicating substance (1),milk-547877196dfc1ef7,https://economictimes.indiatimes.com/news/new-updates/how-an-iitian-turned-guru-built-a-following-through-youtube-and-exploited-women-through-gandhava-marriages-in-mathura/articleshow/131475760.cms,"Mishra served her milk as ""prasad"" and claimed it contained an intoxicating substance"
News,Milk,mercury,True,2,1,0.85,0.85,0.85,0.85,0.85,2,0,mercury (2),milk-6a40d919b8f492b6,https://www.dnaindia.com/viral/report-meet-india-first-child-superstar-master-madan-a-musical-genius-who-was-murdered-at-14-qala-movie-3139450,mercury mixed in milk
News,Milk,neutralizers,True,1,1,0.85,0.85,0.85,0.85,0.85,1,0,neutralizers (1),milk-244bdc2b0ea18527,https://thelogicalindian.com/festive-sweets-and-hidden-risks-why-adulterated-food-returns-every-holi-diwali-in-indian-markets/,"studies have detected other substances such as detergents, urea, and neutralizers"
News,Milk,plastic,True,1,1,0.85,0.85,0.85,0.85,0.85,1,0,plastic (1),milk-39bc1a13a79ae513,https://www.newindianexpress.com/states/tamil-nadu/2025/Feb/08/collective-efforts-needed-in-the-battle-against-plastic,ingestion of plastics by cows also contaminates milk
News,Milk,plastic waste,True,1,1,0.85,0.85,0.85,0.85,0.85,1,0,plastic waste (1),milk-39bc1a13a79ae513,https://www.newindianexpress.com/states/tamil-nadu/2025/Feb/08/collective-efforts-needed-in-the-battle-against-plastic,ingestion of plastics by cows also contaminates milk
News,Milk,powdered milk,True,1,1,0.85,0.85,0.85,0.85,0.85,1,0,powdered milk (1),oil-e3fbe637ba51632f,https://zeenews.india.com/health/10-common-foods-that-might-be-deceiving-you-2828611,Sometimes powdered milk is combined with fresh milk
News,Milk,shigella dysenteriae,True,1,1,0.85,0.85,0.85,0.85,0.85,1,0,Shigella dysenteriae (1),milk-23a41dc5e4dfc0cc,https://indianexpress.com/article/lifestyle/health-specials/which-navratri-mithai-wont-give-me-stomach-infection-8174434/,Most milk-based sweets can easily get contaminated with bacteria like Salmonella and Shigella dysenteriae
News,Milk,synthetic chemicals,True,1,1,0.85,0.85,0.85,0.85,0.85,1,0,synthetic chemicals (1),milk-8a55933f0d5da63a,https://www.deccanchronicle.com/opinion/columnists/chandrakant-lahariya-the-adulteration-of-food-is-a-silent-assault-on-health-safety-of-indians-1937982,"When milk is laced with urea, detergents or synthetic chemicals"
News,Milk,synthetic colours,True,1,1,0.85,0.85,0.85,0.85,0.85,1,0,synthetic colours (1),c6dcef79-69bf-47eb-a0b5-7b4d6bef00fc,https://www.siasat.com/60-kg-of-sweets-seized-in-food-safety-raids-across-telangana-3284945/,use of synthetic colours in milk-based sweets
News,Milk,synthetic milk,True,1,1,0.85,0.85,0.85,0.85,0.85,1,0,synthetic milk (1),milk-601312c7904467a2,https://thelogicalindian.com/fssai-orders-nationwide-crackdown-on-adulterated-milk-paneer-and-khoya-amid-festive-season-health-fears/,synthetic milk-a lab-grown fake
News,Milk,toxic adulterants,True,1,1,0.85,0.85,0.85,0.85,0.85,1,0,toxic adulterants (1),milk-c3d400494092465e,https://www.thenewsminute.com/andhra-pradesh/fifteen-people-affected-by-milk-adulteration-in-andhra-still-in-hospitals,"Testing was done for microbial analysis, physio-chemical analysis and detection of toxic adulterants."
News,Milk,unidentified adulterant,True,1,1,0.85,0.85,0.85,0.85,0.85,1,0,unidentified adulterant (1),milk-30fafb76f1c21fe2,https://www.hindustantimes.com/india-news/four-die-in-andhra-pradesh-rajamahendravaram-after-consuming-adulterated-milk-101771830100532.html,consuming adulterated milk supplied by an unauthorised vendor
News,Milk,unknown toxic substance,True,1,1,0.85,0.85,0.85,0.85,0.85,1,0,unknown toxic substance (1),milk-9eee27e256bcfffc,https://www.hindustantimes.com/india-news/rajahmundry-milk-adulteration-case-toll-mounts-to-9-eight-others-still-critical-101772825616955.html,suggestive of toxic exposure
News,Mustard oil,argemone mexicana seed oil,True,1,1,0.85,0.85,0.85,0.85,0.85,1,0,Argemone mexicana seed oil (1),oil-9087ba5d7aa31b77,https://www.hindustantimes.com/cities/chandigarh-news/3-dropsy-deaths-patiala-health-officials-launch-probe-101728500333054.html,samples of the mustard oil consumed by the family had been sent to a laboratory for tests
News,Mustard oil,colour,True,1,1,0.85,0.85,0.85,0.85,0.85,1,0,colour (1),oil-73603e3fbe5b2e10,https://timesofindia.indiatimes.com/city/kolkata/185-spurious-mustard-oil-cans-seized-in-burrabazar/articleshow/87938067.cms,"mixing essence, colour and low-rate-low-quality rice bran oil"
News,Mustard oil,essence,True,1,1,0.85,0.85,0.85,0.85,0.85,1,0,essence (1),oil-73603e3fbe5b2e10,https://timesofindia.indiatimes.com/city/kolkata/185-spurious-mustard-oil-cans-seized-in-burrabazar/articleshow/87938067.cms,"mixing essence, colour and low-rate-low-quality rice bran oil"
News,Mustard oil,miscible oils,True,1,1,0.85,0.85,0.85,0.85,0.85,1,0,miscible oils (1),oil-ca9b994ce2d3e502,https://timesofindia.indiatimes.com/city/chandigarh/hc-questions-lack-of-local-testing-infra-for-mustard-oil-adulteration/articleshow/116327780.cms,tests for other miscible oils as possible adulterants
News,Mustard oil,other oils,True,1,1,0.85,0.85,0.85,0.85,0.85,1,0,other oils (1),oil-ca9b994ce2d3e502,https://timesofindia.indiatimes.com/city/chandigarh/hc-questions-lack-of-local-testing-infra-for-mustard-oil-adulteration/articleshow/116327780.cms,complaints received regarding the blending of mustard oil with other oils
News,Mustard oil,substandard mustard oil,True,1,1,0.85,0.85,0.85,0.85,0.85,1,0,substandard mustard oil (1),oil-17abc10a59ca2c80,https://timesofindia.indiatimes.com/city/noida/court-fines-2-for-selling-adulterated-mustard-oil-in-ghaziabad/articleshow/122912688.cms,analysis report of the sample revealed that the oil was not only substandard
News,Mustard oil,unspecified adulterant,False,1,1,0.85,0.85,0.85,0.85,0.85,1,0,unspecified adulterant (1),oil-d02d8c31bf513f40,https://timesofindia.indiatimes.com/city/dehradun/uttarakhand-a-year-on-mustard-oil-manufacturer-supplier-penalised-for-adulteration/articleshow/94903787.cms,"report came, which suggested that mustard oil was adulterated"
News,Mustard oil,unspecified adulterant in mustard oil,True,1,1,0.85,0.85,0.85,0.85,0.85,1,0,unspecified adulterant in mustard oil (1),oil-13fd5c31e278a577,https://timesofindia.indiatimes.com/city/dehradun/adulteration-found-in-paneer-mustard-oil-honey-in-doon/articleshow/81638388.cms,adulteration was found in mustard oil
News,Palm oil,false fortification claim,True,1,1,0.85,0.85,0.85,0.85,0.85,1,0,false fortification claim (1),oil-8def60e07689e7d1,https://www.hindustantimes.com/cities/noida-news/ahead-of-holi-food-safety-raids-net-unhygienic-sweets-mislabelled-oils-in-gb-nagar-101771877000656.html,sold with fortification logos despite not being fortified
News,Palm oil,harmful substances,True,1,1,0.85,0.85,0.85,0.85,0.85,1,0,harmful substances (1),oil-077084a32a4e8faa,https://www.mid-day.com/mumbai/mumbai-crime-news/article/navi-mumbai-7-booked-for-selling-adulterated-edible-oil-23323774,harmful substances were being mixed in palm oil
News,Paneer,adulterated raw materials,True,1,1,0.85,0.85,0.85,0.85,0.85,1,0,adulterated raw materials (1),milk-71b4c09b2facdd5c,https://www.deccanchronicle.com/southern-states/telangana/crackdown-reveals-dirty-underbelly-of-citys-food-businesses-1948147,"Osmania biscuits, or paneer made with adulterated raw materials"
News,Paneer,anti foam agents,True,1,1,0.85,0.85,0.85,0.85,0.85,1,0,anti-foam agents (1),adf0eca1-40c4-42d3-b7c2-278c8ed876d9,https://www.indiatoday.in/health/story/paneer-adulteration-punjab-quality-test-homemade-dairy-advised-2768277-2025-08-08?utm_source=rss,Market-bought paneer and ghee could contain anti-foam agents
News,Paneer,artificial fat,True,1,1,0.85,0.85,0.85,0.85,0.85,1,0,artificial fat (1),milk-fca1e8bff23d9130,https://timesofindia.indiatimes.com/city/ranchi/building-a-healthy-platter/articleshow/121853891.cms,contains artificial fat
News,Paneer,bacterial presence,True,1,1,0.85,0.85,0.85,0.85,0.85,1,0,bacterial presence (1),milk-90b61558dc2a44b6,https://thelogicalindian.com/detergent-powder-found-in-ice-cream-bone-weakening-chemicals-detected-in-soft-drinks-across-karnataka/,"paneer contamination in Bengaluru, where bacterial presence"
News,Paneer,chemical adulterants,False,1,1,0.85,0.85,0.85,0.85,0.85,1,0,chemical adulterants (1),oil-3bec1e0efecfc3d5,https://timesofindia.indiatimes.com/city/agra/adulterated-dairy-products-seized-in-mathura-aligarh/articleshow/124639650.cms,chemical adulterants used in paneer production
News,Paneer,cooking oil,True,1,1,0.85,0.85,0.85,0.85,0.85,1,0,cooking oil (1),oil-b563f0ccd9a12650,https://timesofindia.indiatimes.com/city/meerut/paneer-making-units-raided-after-complaints-of-adulteration/articleshow/83213619.cms,artificial milk is mixed with cooking oil
News,Paneer,discarded skimmed milk,True,1,1,0.85,0.85,0.85,0.85,0.85,1,0,discarded skimmed milk (1),oil-50e40c8b74e2a126,https://www.hindustantimes.com/cities/others/ahead-of-festive-season-adulterated-paneer-milk-and-oil-raise-alarms-for-food-safety-in-lucknow-101693406351671.html,"create paneer from a concoction of maida, palm oil, baking powder, discarded skimmed milk"
News,Paneer,e coli,True,1,1,0.85,0.85,0.85,0.85,0.85,1,0,E. coli (1),milk-fd2049abe5c1c74f,https://timesofindia.indiatimes.com/life-style/health-fitness/health-news/gbs-outbreak-avoid-paneer-cheese-rice-warns-doctor-as-deadly-gbs-infection-crosses-100-one-death-reported/articleshow/117591421.cms,"paneer and cheese are dairy products, they are also more likely to contain Listeria, Salmonella, and E. coli"
News,Paneer,fatty ingredients,True,1,1,0.85,0.85,0.85,0.85,0.85,1,0,fatty ingredients (1),milk-a7f36435a3e104df,https://www.hindustantimes.com/cities/lucknow-news/fsda-seizes-4-810kg-adulterated-paneer-on-lko-agra-expressway-destroys-it-101745263017242.html,oils and other fatty ingredients were added
News,Paneer,flies,True,1,1,0.85,0.85,0.85,0.85,0.85,1,0,flies (1),e7101938-1896-4452-8c63-fa3c76862697,https://m.rediff.com/news/commentary/2026/mar/19/3900-kgs-of-adulterated-paneer-other-dairy-products-seized-in-hyderabad-6-held/47ce118701c426548d2d7accdfe98158,"The processed paneer was stored in open plastic covers, exposed to dust, flies, and other contaminants, rendering it unsafe and unfit for human consumption."
News,Paneer,hydrogenated oil,True,1,1,0.85,0.85,0.85,0.85,0.85,1,0,hydrogenated oil (1),oil-50e40c8b74e2a126,https://www.hindustantimes.com/cities/others/ahead-of-festive-season-adulterated-paneer-milk-and-oil-raise-alarms-for-food-safety-in-lucknow-101693406351671.html,refined or hydrogenated oil is added for the required fat content
News,Paneer,industrial grade chemicals,True,1,1,0.85,0.85,0.85,0.85,0.85,1,0,industrial grade chemicals (1),oil-43b9fcef3b1305f5,https://indianexpress.com/article/cities/pune/dairy-unit-adulterated-paneer-chinchwad-goods-worth-8603405/,Paneer was being manufactured using very harmful chemicals of industrial grade.
News,Paneer,low quality milk,True,1,1,0.85,0.85,0.85,0.85,0.85,1,0,low quality milk (1),milk-71b4c09b2facdd5c,https://www.deccanchronicle.com/southern-states/telangana/crackdown-reveals-dirty-underbelly-of-citys-food-businesses-1948147,"Paneer – 3 – 4.5 tonnes – Added starch, low quality milk used"
News,Paneer,maida,True,1,1,0.85,0.85,0.85,0.85,0.85,1,0,maida (1),oil-50e40c8b74e2a126,https://www.hindustantimes.com/cities/others/ahead-of-festive-season-adulterated-paneer-milk-and-oil-raise-alarms-for-food-safety-in-lucknow-101693406351671.html,create paneer from a concoction of maida
News,Paneer,non dairy additives,True,1,1,0.85,0.85,0.85,0.85,0.85,1,0,non-dairy additives (1),milk-90b61558dc2a44b6,https://thelogicalindian.com/detergent-powder-found-in-ice-cream-bone-weakening-chemicals-detected-in-soft-drinks-across-karnataka/,bacterial presence and non-dairy additives were found
News,Paneer,non dairy substitutes,True,1,1,0.85,0.85,0.85,0.85,0.85,1,0,non-dairy substitutes (1),milk-998381f3381f9db4,https://timesofindia.indiatimes.com/life-style/food-news/110-kg-chicken-825-kg-fake-paneer-banned-colours-and-chemicals-seized-how-to-check-purity-at-home/articleshow/131873428.cms,clearly indicate when non-dairy substitutes are used
News,Paneer,prohibited synthetic ingredients,True,1,1,0.85,0.85,0.85,0.85,0.85,1,0,prohibited synthetic ingredients (1),milk-18cbe2e91f8e5d65,https://www.thehansindia.com/telangana/cops-crack-down-on-paneer-adulteration-1087770,prohibited synthetic ingredients used by adulterators
News,Paneer,unhygienic and inferior quality,True,1,1,0.85,0.85,0.85,0.85,0.85,1,0,unhygienic and inferior quality (1),f3d1970f-7af2-468e-83ca-8683e254f149,https://timesofindia.indiatimes.com/city/hyderabad/adulterated-paneer-dairy-products-seized-in-city/articleshow/129664784.cms,seized 3.8 tonnes of unhygienic and inferior quality Paneer
News,Soybean oil,expired cooking oil,True,1,1,0.85,0.85,0.85,0.85,0.85,1,0,expired cooking oil (1),oil-97103cc7b062d80c,https://www.thehindu.com/news/cities/Hyderabad/over-5000-litres-of-adulterated-cooking-oil-seized-in-gachibowli-expired-wheat-flour-repackaged-for-sale/article70724996.ece,collected expired cooking oil of different brands and mixed it with soybean oil
News,Soybean oil,mislabeling,True,1,1,0.85,0.85,0.85,0.85,0.85,1,0,Mislabeling (1),oil-8def60e07689e7d1,https://www.hindustantimes.com/cities/noida-news/ahead-of-holi-food-safety-raids-net-unhygienic-sweets-mislabelled-oils-in-gb-nagar-101771877000656.html,sold with fortification logos despite not being fortified
News,Sunflower oil,cheaper oil,True,1,1,0.85,0.85,0.85,0.85,0.85,1,0,cheaper oil (1),oil-d902d8170910e87f,https://www.hindustantimes.com/lifestyle/brunch/rude-food-by-vir-sanghvi-slipping-through-our-fingers-101718300669252.html,manufacturers could massively dilute the sunflower oil with cheaper oil
News,Sunflower oil,groundnut oil,True,1,1,0.85,0.85,0.85,0.85,0.85,1,0,groundnut oil (1),oil-6ecd294746292767,https://www.thehindubusinessline.com/economy/agri-business/indonesia-may-lift-ban-on-crude-rbd-palm-oil-export-by-month-end/article65403325.ece,shortfall is partially offset by other edible oils such as ... groundnut oil
News,Sunflower oil,soybean oil,True,1,1,0.85,0.85,0.85,0.85,0.85,1,0,soybean oil (1),oil-c68d8343f6bdda51,https://www.livemint.com/market/commodities/ruchi-soya-says-details-of-indonesia-s-palm-oil-export-ban-a-relief-11650964863628.html,India can replace sunflower oil supplies with soybean oil
News,Tirupati laddu,chemical additives,True,1,1,0.85,0.85,0.85,0.85,0.85,1,0,chemical additives (1),e81de4d4-0f3e-44bb-9702-5a51ee64aa2d,https://www.thehindu.com/news/national/andhra-pradesh/ghee-adulteration-a-direct-assault-on-hindu-faith-says-tdp-leader-palla-srinivasa-rao/article70607315.ece,"substances such as palm oil, chemical additives"
News,Tirupati laddu,labsa,True,1,1,0.85,0.85,0.85,0.85,0.85,1,0,LABSA (1),e70df749-9305-44b3-8a30-defc332a7fa4,https://zeenews.india.com/india/tirumala-laddu-row-andhra-cm-naidu-claims-bathroom-cleaning-chemicals-used-in-the-ghee-meant-for-tirupati-laddu-3014480.html,toilet cleaning chemical was used to adulterate the sacred Tirupati Laddu
News,Tirupati laddu,plant based ingredients,True,1,1,0.85,0.85,0.85,0.85,0.85,1,0,plant-based ingredients (1),73369c4a-c44b-4b7a-b3cc-07766ccb4e2a,https://indianexpress.com/article/cities/hyderabad/tirupati-temple-laddus-adulterated-ghee-sit-10357099/,the main adulterant was plant-based ingredients
News,Tirupati laddu,substandard ghee,True,1,1,0.85,0.85,0.85,0.85,0.85,1,0,substandard ghee (1),53f8ec9a-900f-481f-bfb5-a6ca452416ed,https://www.thehansindia.com/andhra-pradesh/tirumala-laddu-ghee-case-enters-final-stage-1038979,alleged mixing of substandard ghee in the famed Tirumala laddu prasadam
News,Tirupati laddu,synthetic compounds,True,1,1,0.85,0.85,0.85,0.85,0.85,1,0,synthetic compounds (1),e81de4d4-0f3e-44bb-9702-5a51ee64aa2d,https://www.thehindu.com/news/national/andhra-pradesh/ghee-adulteration-a-direct-assault-on-hindu-faith-says-tdp-leader-palla-srinivasa-rao/article70607315.ece,"chemical additives, and synthetic compounds had been used"
News,adulterated turmeric,starch,True,1,1,0.85,0.85,0.85,0.85,0.85,1,0,starch (1),milk-d6ac7998143ed0f4,https://www.thehindu.com/news/national/telangana/telangana-govt-plans-regulatory-authority-like-eagle-and-hydraa-to-curb-food-adulteration-cm/article70802831.ece,turmeric laced with starch
News,ar dairy,adulterated ghee,False,1,1,0.85,0.85,0.85,0.85,0.85,1,0,adulterated ghee (1),e3b209ff-45f9-40fd-8d23-897ce64f0ac0,https://indianexpress.com/article/india/blacklisted-dairy-supplied-adulterated-ghee-to-tirupati-temple-via-proxy-companies-says-remand-report-in-laddu-case-9828913/,allegedly supplied adulterated ghee
News,ar dairy food pvt ltd,milk fat purity and acid profiles out of specification,True,2,1,0.85,0.85,0.85,0.85,0.85,2,0,milk fat purity and acid profiles out of specification (2),e57d61a5-e3ec-423d-ad96-243fbfae502b,https://www.newindianexpress.com/thesundaystandard/2026/May/03/admin-failures-procedural-violations-led-to-ttd-ghee-adulteration-says-one-man-panel,NDDB CALF lab tests in July 2024 confirmed adulteration with milk fat purity and acid profiles out of specification
News,artificial coloured rice,artificial colour,True,1,1,0.85,0.85,0.85,0.85,0.85,1,0,artificial colour (1),oil-3e4b99bb3db62534,https://timesofindia.indiatimes.com/city/thiruvananthapuram/special-squads-to-conduct-inspections-at-food-outlets/articleshow/93977742.cms,selling artificial-coloured rice
News,artificially coloured supari,artificial colour,True,1,1,0.85,0.85,0.85,0.85,0.85,1,0,artificial colour (1),1f27f033-de78-41f2-b314-a6afe7d5a378,https://www.freepressjournal.in/pune/fda-cracks-down-on-illegal-gutkha-adulterated-food-in-pune-198-raids-84-lakh-worth-of-gutkha-seized-92-arrested,artificially coloured supari
News,avocado oil,soybean oil,True,1,1,0.85,0.85,0.85,0.85,0.85,1,0,soybean oil (1),oil-7398fff2b0bde702,https://indianexpress.com/article/lifestyle/food-wine/govt-seizes-fake-cooking-oil-harms-how-to-identify-9369475/,"cheaper oils, such as palm or soybean oil, to higher-value oils like olive or avocado oil"
News,barfi,fungus,True,1,1,0.85,0.85,0.85,0.85,0.85,1,0,Fungus (1),oil-a7d4ac8f150159dc,https://www.hindustantimes.com/cities/noida-news/gautam-budh-nagar-admin-inspects-sweet-shops-ahead-of-raksha-bandhan-101754591416255.html,Fungus was found in the boondi laddoo
News,betel nut,palm seeds,True,2,1,0.85,0.85,0.85,0.85,0.85,2,0,palm seeds (2),oil-7e36fd48f2993c08,https://timesofindia.indiatimes.com/city/nagpur/mumbai-fda-team-raids-citys-betel-nut-traders/articleshow/103796119.cms,mixing palm seeds with betel nuts
News,bhole baba organic dairy,monodiglycerides,True,1,1,0.85,0.85,0.85,0.85,0.85,1,0,monodiglycerides (1),d6f9dd1e-cee9-48ff-a7e7-71d7a7b8f61d,https://timesofindia.indiatimes.com/india/how-dairy-duped-tirupati-trust-for-5-years-with-68-lakh-kg-fake-ghee/articleshow/125211860.cms,supplied various chemicals like monodiglycerides and acetic acid ester to Bhole Baba Organic dairy
News,birthday cake,hazardous substances,True,1,1,0.85,0.85,0.85,0.85,0.85,1,0,hazardous substances (1),milk-9e6b42252c2bab1d,https://thelogicalindian.com/punjabs-sweeping-food-safety-drive-5300-kg-paneer-4000-kg-milk-seized-in-legal-crackdown/,birthday cake found to contain hazardous substances
News,biryani,vanaspati,True,1,1,0.85,0.85,0.85,0.85,0.85,1,0,Vanaspati (1),b85e00e3-c751-478f-ace8-f6044e816d41,https://timesofindia.indiatimes.com/city/vijayawada/fssai-experts-warn-of-adulterated-biryani/articleshow/87229905.cms,Vanaspati is used as an alternative to ghee
News,black forest cake,cancer causing ingredient,True,1,1,0.85,0.85,0.85,0.85,0.85,1,0,cancer-causing ingredient (1),40ab817e-11a0-4a57-8dcd-e13fef2fbad1,https://www.newindianexpress.com/cities/bengaluru/2024/Oct/05/karnataka-food-safety-dept-to-test-garlic-sweet-samples,popular varieties of cake like red velvet and black forest contain cancer-causing ingredients
News,black pepper,mineral oils,True,1,1,0.85,0.85,0.85,0.85,0.85,1,0,mineral oils (1),oil-6d580e534bfdf05e,https://timesofindia.indiatimes.com/city/nagpur/black-pepper-worth-rs58-l-seized-on-suspicion-of-being-adulterated/articleshow/95387076.cms,traders also polish black pepper with mineral oils
News,buckwheat flour,contaminant,True,1,1,0.85,0.85,0.85,0.85,0.85,1,0,contaminant (1),milk-11fd11fddaf917f6,https://www.thehindubusinessline.com/economy/agri-business/why-food-quality-checks-matter-more-during-festivities/article70152714.ece,contaminated buckwheat flour
News,cakes,spoiled eggs,True,1,1,0.85,0.85,0.85,0.85,0.85,1,0,spoiled eggs (1),oil-af3a540365afc7c2,https://www.thehindu.com/news/cities/Hyderabad/food-safety-raids-at-hyderabad-bakery-brewery-uncover-expired-food-pest-infestation-hygiene-violations/article71003523.ece,prepared using the spoiled eggs
News,carrots,nanoplastics,True,1,1,0.85,0.85,0.85,0.85,0.85,1,0,nanoplastics (1),milk-5fffa5696a978146,http://www.newindianexpress.com/magazine/2023/aug/13/you-are-always-eating-plastic-and-now-drowning-in-it-2604005.html,"eating root vegetables like carrots, radishes and turnips"
News,cashew nuts,decayed cashew nuts,True,1,1,0.85,0.85,0.85,0.85,0.85,1,0,decayed cashew nuts (1),bf33fa98-8010-435f-9fb3-a43f523c09b3,https://www.hindustantimes.com/cities/mumbai-news/fda-seizes-sweets-adulterated-products-worth-31-lakh-from-borivali-shop-101729882714071.html,mixing decayed cashew nuts
News,chicken,bacterial contamination,True,1,1,0.85,0.85,0.85,0.85,0.85,1,0,bacterial contamination (1),milk-71b4c09b2facdd5c,https://www.deccanchronicle.com/southern-states/telangana/crackdown-reveals-dirty-underbelly-of-citys-food-businesses-1948147,"Chicken/meat – 4 – 17 tonnes – Nearly perished state, bacterial contamination risk"
News,chicken,non permitted colouring agents,True,1,1,0.85,0.85,0.85,0.85,0.85,1,0,non-permitted colouring agents (1),milk-27e4da543cad4a03,https://www.thehindu.com/news/national/tamil-nadu/in-food-we-trust-laying-out-health-and-hygiene-norms/article67548866.ece,"use of colouring agents, in dishes such as chilli gobi/chicken, that are not permitted"
News,chicken manchurian,unapproved colours,True,1,1,0.85,0.85,0.85,0.85,0.85,1,0,unapproved colours (1),milk-27e4da543cad4a03,https://www.thehindu.com/news/national/tamil-nadu/in-food-we-trust-laying-out-health-and-hygiene-norms/article67548866.ece,Using unapproved colours in dishes such as gobi manchurian or chicken manchurian
News,chilli gobi,non permitted colouring agents,True,1,1,0.85,0.85,0.85,0.85,0.85,1,0,non-permitted colouring agents (1),milk-27e4da543cad4a03,https://www.thehindu.com/news/national/tamil-nadu/in-food-we-trust-laying-out-health-and-hygiene-norms/article67548866.ece,"use of colouring agents, in dishes such as chilli gobi/chicken, that are not permitted"
News,chilli powder,artificial coloring,True,1,1,0.85,0.85,0.85,0.85,0.85,1,0,artificial coloring (1),oil-e3fbe637ba51632f,https://zeenews.india.com/health/10-common-foods-that-might-be-deceiving-you-2828611,Spices like turmeric or chili powder may be mixed with artificial coloring
News,chilli powder,sand,True,1,1,0.85,0.85,0.85,0.85,0.85,1,0,sand (1),milk-fe1e3cc4f8fe0fc2,https://www.thehindu.com/children/what-is-adulteration-and-what-is-its-impact-on-our-daily-lives/article69210912.ece,it could contain brick powder or sand
News,chilli powder,spurious material,True,1,1,0.85,0.85,0.85,0.85,0.85,1,0,spurious material (1),23a5dd2a-a53c-44b8-8b86-37e04d4cf1ee,https://www.thehindu.com/news/cities/Visakhapatnam/ghee-oil-manufacturing-units-in-city-raided/article34259509.ece,"preparing chilli powder, turmeric and some spices with spurious material"
News,chips,poor quality oil,True,1,1,0.85,0.85,0.85,0.85,0.85,1,0,poor quality oil (1),milk-71b4c09b2facdd5c,https://www.deccanchronicle.com/southern-states/telangana/crackdown-reveals-dirty-underbelly-of-citys-food-businesses-1948147,"Chips/candy – 1 – 100 kgs – Poor quality oil, artificial additives"
News,cider,e coli,True,1,1,0.85,0.85,0.85,0.85,0.85,1,0,E. coli (1),milk-893e648483b23dfc,https://timesofindia.indiatimes.com/life-style/health-fitness/health-news/st-louis-county-e-coli-outbreak-lettuce-tests-negative-investigation-continues/articleshow/115606666.cms,"Drinking unpasteurized beverages: This includes milk, cider or juice"
News,citrus fruits,pesticide residue,True,1,1,0.85,0.85,0.85,0.85,0.85,1,0,pesticide residues (1),oil-e3fbe637ba51632f,https://zeenews.india.com/health/10-common-foods-that-might-be-deceiving-you-2828611,Non-organic citrus can be sold as organic or contain harmful pesticide levels
News,coffee,corn,True,1,1,0.85,0.85,0.85,0.85,0.85,1,0,corn (1),oil-e3fbe637ba51632f,https://zeenews.india.com/health/10-common-foods-that-might-be-deceiving-you-2828611,Lower-cost materials like corn or soybeans may be added to coffee beans
News,coffee,soybeans,True,1,1,0.85,0.85,0.85,0.85,0.85,1,0,soybeans (1),oil-e3fbe637ba51632f,https://zeenews.india.com/health/10-common-foods-that-might-be-deceiving-you-2828611,Lower-cost materials like corn or soybeans may be added to coffee beans
News,cooked chicken,fungal infestation,True,1,1,0.85,0.85,0.85,0.85,0.85,1,0,fungal infestation (1),94faca18-b471-4748-8bab-f399641cedbd,https://www.siasat.com/widespread-food-safety-violations-uncovered-in-telangana-hotels-dairy-factories-3035825/,fungal infestation was found on cooked chicken
News,cooked chicken,house flies,True,1,1,0.85,0.85,0.85,0.85,0.85,1,0,house flies (1),94faca18-b471-4748-8bab-f399641cedbd,https://www.siasat.com/widespread-food-safety-violations-uncovered-in-telangana-hotels-dairy-factories-3035825/,Prepared food was contaminated with house flies
News,cooking oils,miscible oil,True,1,1,0.85,0.85,0.85,0.85,0.85,1,0,miscible oil (1),oil-d7ec006e22e070de,https://www.hindustantimes.com/cities/chandigarh-news/punjab-haryana-high-court-asks-centre-if-there-are-plans-to-open-more-labs-to-check-cooking-oil-adulteration-101734204296975.html,check adulteration of miscible oil in cooking oils
News,cream,palm oil family,True,1,1,0.85,0.85,0.85,0.85,0.85,1,0,palm oil (1),fa660a6b-3403-4a6d-ab05-deee1b44c706,https://economictimes.indiatimes.com/news/new-updates/whats-on-your-plate-hyderabad-over-3800-kg-of-fake-paneer-927-kg-khoa-249-kg-cream-seized-just-days-after-3000-kg-ghee-scam/articleshow/129674525.cms,"manufacturing fake dairy products by mixing palm oil, vanaspati"
News,dairy products,salmonella,True,1,1,0.85,0.85,0.85,0.85,0.85,1,0,Salmonella (1),milk-7ad5f827a3ae30fe,https://www.dnaindia.com/health/report-guillain-barre-syndrome-cases-surge-in-pune-know-its-causes-symptoms-and-more-3129263,Improperly stored dairy products can also harbor pathogens like Salmonella
News,dairy products,unspecified adulterant,False,1,1,0.85,0.85,0.85,0.85,0.85,1,0,unspecified adulterant (1),82ca3fd9-5881-4929-8cb8-20eb97f6e207,https://timesofindia.indiatimes.com/city/pune/fda-arrests-14-for-selling-banned-goods-items-worth-rs32l-seized/articleshow/131491661.cms,seized adulterated dairy products
News,dry fruits,artificial colours,True,1,1,0.85,0.85,0.85,0.85,0.85,1,0,artificial colours (1),milk-d76c56c09e58067b,https://timesofindia.indiatimes.com/life-style/food-news/fake-mithai-alert-how-to-test-your-diwali-sweets-at-home-for-safety/articleshow/124693105.cms,artificially coloured
News,edible oils,cheaper industrial substitutes,True,1,1,0.85,0.85,0.85,0.85,0.85,1,0,cheaper industrial substitutes (1),milk-d6ac7998143ed0f4,https://www.thehindu.com/news/national/telangana/telangana-govt-plans-regulatory-authority-like-eagle-and-hydraa-to-curb-food-adulteration-cm/article70802831.ece,edible oils diluted with cheaper industrial substitutes
News,edible oils,cheaper oils,True,1,1,0.85,0.85,0.85,0.85,0.85,1,0,Cheaper oils (1),45fdd40d-5bc4-4fe7-9eb9-883c55f14a70,https://timesofindia.indiatimes.com/city/jaipur/25-of-food-samples-tested-in-raj-in-2024-found-adulterated/articleshow/117897659.cms,cheaper oils were mixed with more expensive varieties
News,edible oils,cottonseed oil,True,1,1,0.85,0.85,0.85,0.85,0.85,1,0,cottonseed oil (1),oil-196049b8667d294d,https://www.thehindu.com/news/national/karnataka/desi-oil-mela-to-be-held-in-mysuru-from-january-9-to-11/article70485199.ece,adulteration of edible oils with substances like liquid paraffin and the mixing of cottonseed oil
News,edible oils,harmful chemicals,False,1,1,0.85,0.85,0.85,0.85,0.85,1,0,harmful chemicals (1),oil-39f81bacdf9fd353,https://www.newindianexpress.com/states/andhra-pradesh/2023/feb/11/food-safety-dept-to-check-on-oil-merchants-2546465.html,adulteration of any other oils and presence of harmful chemicals
News,edible oils,hydrocyanic acid,True,1,1,0.85,0.85,0.85,0.85,0.85,1,0,hydrocyanic acid (1),oil-0310964e84fe1347,https://www.financialexpress.com/industry/fssai-says-2-42-of-4461-different-edible-oils-samples-found-to-be-of-sub-standard-quality/2393346/,presence of hydrocyanic acid
News,edible oils,inferior fats,True,1,1,0.85,0.85,0.85,0.85,0.85,1,0,inferior fats (1),milk-8a55933f0d5da63a,https://www.deccanchronicle.com/opinion/columnists/chandrakant-lahariya-the-adulteration-of-food-is-a-silent-assault-on-health-safety-of-indians-1937982,ghee and edible oils mixed with inferior fats
News,edible oils,various oils,True,1,1,0.85,0.85,0.85,0.85,0.85,1,0,various oils (1),oil-39f81bacdf9fd353,https://www.newindianexpress.com/states/andhra-pradesh/2023/feb/11/food-safety-dept-to-check-on-oil-merchants-2546465.html,mixing various oils to gain more profits
News,european truffles,chinese truffles,True,1,1,0.85,0.85,0.85,0.85,0.85,1,0,Chinese truffles (1),b46d262d-500d-4867-bb93-e6ef68554345,https://timesofindia.indiatimes.com/life-style/food-news/real-vs-fake-truffles-price-origin-france-truffle-chinese-truffles/articleshow/131530089.cms,mimic their European counterparts
News,everest masala,ethylene oxide,True,1,1,0.85,0.85,0.85,0.85,0.85,1,0,ethylene oxide (1),oil-b3f4745b17c73ffb,https://indianexpress.com/article/lifestyle/food-wine/indians-mustard-oil-spices-banned-us-west-why-9378439/,"Everest masala and MDH, popular spice brands, have also been under scrutiny these past few months. Following bans in EU, Singapore and Hong Kong, Nepal also recently joined the list by prohibiting the consumption and sale of these popular Indian brands due to potential contamination with ethylene oxide, a carcinogen."
News,extra virgin olive oil,chlorophyll,True,1,1,0.85,0.85,0.85,0.85,0.85,1,0,chlorophyll (1),oil-b697d96d9a9efcdd,https://economictimes.indiatimes.com/news/economy/agriculture/olive-oil-price-olive-oil-cooking-food-for-fraud-your-olive-oil-might-be-unfit-for-human-consumption/articleshow/113731643.cms,"chlorophyll, which was being added to oil of a lesser quality"
News,fast foods,harmful colours,True,2,1,0.85,0.85,0.85,0.85,0.85,2,0,harmful colours (2),oil-8e608e3e78d2461b,https://timesofindia.indiatimes.com/city/bhubaneswar/bemc-food-safety-officials-raid-outlets-selling-adulterated-food/articleshow/124123078.cms,found some of them mixed harmful colours in the food
News,feed,toxins,True,1,1,0.85,0.85,0.85,0.85,0.85,1,0,toxins (1),milk-e904678556b70508,https://www.sentinelassam.com/more-news/editorial/sustaining-assams-dairy-growth,over 90% of Indian feed samples are contaminated with toxins
News,fermented foods,toxins,True,1,1,0.85,0.85,0.85,0.85,0.85,1,0,toxins (1),milk-c720835299992065,https://www.theweek.in/news/health/2026/05/05/why-fermented-foods-need-extra-caution-during-summer.html,generation of various toxins within these foods
News,fish,chemical,True,1,1,0.85,0.85,0.85,0.85,0.85,1,0,chemical (1),milk-94a3d2a17910e92d,https://www.thehindu.com/news/national/kerala/food-safety-raids-continue-in-state/article65411555.ece,chemical-laden fish
News,food,microplastics,True,1,1,0.85,0.85,0.85,0.85,0.85,1,0,microplastics (1),milk-bc86bdbbc888626c,https://timesofindia.indiatimes.com/life-style/health-fitness/health-news/longevity-enthusiast-bryan-johnson-got-rid-of-85-of-microplastics-from-his-semen-heres-how-he-did-it/articleshow/124928129.cms,ingested through contaminated food
News,food grains,cadmium,True,1,1,0.85,0.85,0.85,0.85,0.85,1,0,cadmium (1),milk-d9a15dba48b54413,https://timesofindia.indiatimes.com/city/patna/indore-tragedy-highlights-bihars-alarming-water-contamination-crisis-30000-rural-wards-exposed-to-unsafe-drinking-water/articleshow/126464374.cms,"traces of these toxic elements have been detected not just in water, but also in food grains"
News,food grains,lead,True,1,1,0.85,0.85,0.85,0.85,0.85,1,0,lead (1),milk-d9a15dba48b54413,https://timesofindia.indiatimes.com/city/patna/indore-tragedy-highlights-bihars-alarming-water-contamination-crisis-30000-rural-wards-exposed-to-unsafe-drinking-water/articleshow/126464374.cms,"traces of these toxic elements have been detected not just in water, but also in food grains"
News,food grains,uranium,True,1,1,0.85,0.85,0.85,0.85,0.85,1,0,uranium (1),milk-d9a15dba48b54413,https://timesofindia.indiatimes.com/city/patna/indore-tragedy-highlights-bihars-alarming-water-contamination-crisis-30000-rural-wards-exposed-to-unsafe-drinking-water/articleshow/126464374.cms,"traces of these toxic elements have been detected not just in water, but also in food grains"
News,food items,artificial colors,True,2,1,0.85,0.85,0.85,0.85,0.85,2,0,artificial colors (2),oil-8c664dba9516ee5f,https://www.thehansindia.com/telangana/adulterated-food-threatens-public-health-in-gadwal-district-inspections-reduced-to-a-formality-966491,liberal use of artificial colors in food items
News,food left at room temperature,bacteria,True,1,1,0.85,0.85,0.85,0.85,0.85,1,0,bacteria (1),milk-a1e41f5d4c29d0ad,https://www.thehindu.com/brandhub/food-poisoning-in-children/article38049892.ece,Food left at room temperature for a long period may contain bacteria
News,fried items,artificial food colours,True,1,1,0.85,0.85,0.85,0.85,0.85,1,0,artificial food colours (1),oil-ec2473501807a95f,https://www.newindianexpress.com/cities/thiruvananthapuram/2021/aug/28/notice-served-on-85-eateries-for-violating-food-safety-laws-2350724.html,Many also use artificial food colours in their products
News,fried items,trans fat,True,1,1,0.85,0.85,0.85,0.85,0.85,1,0,trans-fat (1),3c89f375-80cf-488a-a60f-6fc88846ceff,https://www.financialexpress.com/lifestyle/lifestyle-and-health-benefits-of-trans-fat-free-vanaspati-and-how-it-is-going-to-impact-the-market/2609701/,Processed foods and a lot of fried items have trans-fats in them.
News,fruit cake,rotten eggs,True,1,1,0.85,0.85,0.85,0.85,0.85,1,0,rotten eggs (1),e2029e40-f270-4b59-bcee-e46b007c5266,https://www.hindustantimes.com/cities/chandigarh-news/ludhiana15quintal-adulterated-paneer-destroyed-101728752710417.html,making fruit cake with rotten eggs
News,fruits and vegetables,harmful chemicals,False,1,1,0.85,0.85,0.85,0.85,0.85,1,0,harmful chemicals (1),milk-af1ce0c3ea9cfd70,https://www.sentinelassam.com/editorial/food-safety-enforcement-and-awareness-652715,harmful chemicals in artificially ripened fruits and vegetables
News,garlic,heavy metals,True,1,1,0.85,0.85,0.85,0.85,0.85,1,0,heavy metals (1),40ab817e-11a0-4a57-8dcd-e13fef2fbad1,https://www.newindianexpress.com/cities/bengaluru/2024/Oct/05/karnataka-food-safety-dept-to-test-garlic-sweet-samples,potential contamination with pesticides and heavy metals
News,ginger garlic paste,adulterant,False,1,1,0.85,0.85,0.85,0.85,0.85,1,0,adulterant (1),848d2056-4c85-4c86-9730-15f585f6e511,https://www.hindustantimes.com/cities/others/from-adulterated-ginger-garlic-paste-to-osmania-biscuits-t-gana-cracksdown-on-illegal-food-units-101775038432096.html,adulterated ginger-garlic pastes
News,ginger garlic paste,adulterated ginger garlic paste,True,1,1,0.85,0.85,0.85,0.85,0.85,1,0,adulterated ginger-garlic paste (1),848d2056-4c85-4c86-9730-15f585f6e511,https://www.hindustantimes.com/cities/others/from-adulterated-ginger-garlic-paste-to-osmania-biscuits-t-gana-cracksdown-on-illegal-food-units-101775038432096.html,manufacturing adulterated ginger-garlic paste
News,ginger garlic paste,artificial colours,True,1,1,0.85,0.85,0.85,0.85,0.85,1,0,artificial colours (1),0109eea0-3adc-4177-a6f7-e3bc31bf237d,https://indianexpress.com/article/lifestyle/health/adulterated-ghee-ginger-garlic-paste-hyderabad-consume-10107480/,ginger-garlic paste is often bulked up with starch such as maida or cornflour. “It may also contain artificial colours
News,ginger garlic paste,chemicals,False,1,1,0.85,0.85,0.85,0.85,0.85,1,0,chemicals (1),0a337383-9fe4-402d-b797-346257ae1c69,https://www.thehansindia.com/news/cities/hyderabad/ghmc-raids-amberpet-dairy-unit-seizes-2500-kg-of-adulterated-curd-1056422,chemically-treated ginger-garlic paste
News,ginger garlic paste,cornflour,True,1,1,0.85,0.85,0.85,0.85,0.85,1,0,cornflour (1),0109eea0-3adc-4177-a6f7-e3bc31bf237d,https://indianexpress.com/article/lifestyle/health/adulterated-ghee-ginger-garlic-paste-hyderabad-consume-10107480/,ginger-garlic paste is often bulked up with starch such as maida or cornflour
News,ginger garlic paste,maida,True,1,1,0.85,0.85,0.85,0.85,0.85,1,0,maida (1),0109eea0-3adc-4177-a6f7-e3bc31bf237d,https://indianexpress.com/article/lifestyle/health/adulterated-ghee-ginger-garlic-paste-hyderabad-consume-10107480/,ginger-garlic paste is often bulked up with starch such as maida
News,gobi manchurian,unapproved colours,True,1,1,0.85,0.85,0.85,0.85,0.85,1,0,unapproved colours (1),milk-27e4da543cad4a03,https://www.thehindu.com/news/national/tamil-nadu/in-food-we-trust-laying-out-health-and-hygiene-norms/article67548866.ece,Using unapproved colours in dishes such as gobi manchurian
News,golgappas,water,True,1,1,0.85,0.85,0.85,0.85,0.85,1,0,water-borne bacteria (1),milk-c8fb0b31578650eb,https://economictimes.indiatimes.com/news/web-stories/9-foods-to-avoid-during-the-monsoon-season-for-better-health/slideshow/123281531.cms,golgappas sold by street vendors may carry water-borne bacteria
News,grains,aflatoxins,True,1,1,0.85,0.85,0.85,0.85,0.85,1,0,aflatoxins (1),milk-3812e38befd121be,https://indianexpress.com/article/health-wellness/packaged-foods-children-diets-practices-meal-plans-10756755/,"Poorly stored grains, nuts and spices may develop moulds that produce aflatoxins"
News,ground spices,sand,True,1,1,0.85,0.85,0.85,0.85,0.85,1,0,sand (1),oil-e3fbe637ba51632f,https://zeenews.india.com/health/10-common-foods-that-might-be-deceiving-you-2828611,"Ground spices can be mixed with sand, starch, or even toxic substances like lead"
News,ground spices,starch,True,1,1,0.85,0.85,0.85,0.85,0.85,1,0,starch (1),oil-e3fbe637ba51632f,https://zeenews.india.com/health/10-common-foods-that-might-be-deceiving-you-2828611,"Ground spices can be mixed with sand, starch, or even toxic substances like lead"
News,honey,advanced syrups,True,1,1,0.85,0.85,0.85,0.85,0.85,1,0,advanced syrups (1),milk-276ea065de599828,https://timesofindia.indiatimes.com/city/nagpur/experts-sound-note-of-caution-as-fda-finds-52-of-86-honey-samples-adulterated/articleshow/85336798.cms,Advanced syrups that beat C3 and C4 tests
News,honey,artificial sweeteners,True,1,1,0.85,0.85,0.85,0.85,0.85,1,0,artificial sweeteners (1),oil-fc21a9bc97273c82,https://thelogicalindian.com/up-fssai-seizes-15000-kg-suspected-adulterated-honey-worth-%E2%82%B922-lakhs-in-hapur-crackdown-operation/,or other artificial sweeteners
News,honey,glucose,True,1,1,0.85,0.85,0.85,0.85,0.85,1,0,glucose (1),milk-fe1e3cc4f8fe0fc2,https://www.thehindu.com/children/what-is-adulteration-and-what-is-its-impact-on-our-daily-lives/article69210912.ece,Detection of sugar or glucose
News,honey,sugar syrup,True,1,1,0.85,0.85,0.85,0.85,0.85,1,0,sugar syrup (1),milk-8a55933f0d5da63a,https://www.deccanchronicle.com/opinion/columnists/chandrakant-lahariya-the-adulteration-of-food-is-a-silent-assault-on-health-safety-of-indians-1937982,honey blended with sugar syrup
News,honey,sugar syrups,True,1,1,0.85,0.85,0.85,0.85,0.85,1,0,sugar syrups (1),oil-fc21a9bc97273c82,https://thelogicalindian.com/up-fssai-seizes-15000-kg-suspected-adulterated-honey-worth-%E2%82%B922-lakhs-in-hapur-crackdown-operation/,"honey, often mixed with sugar syrups"
News,hot dishes,spoiled food items,True,1,1,0.85,0.85,0.85,0.85,0.85,1,0,spoiled food items (1),75e99df1-dce6-413d-a04b-ef5e325f770b,https://www.thehansindia.com/telangana/karimnagar-adulterated-food-a-major-concern-882194,making hot dishes with spoiled and stored food items
News,hydrogenated oils,trans fatty acids,True,1,1,0.85,0.85,0.85,0.85,0.85,1,0,trans-fatty acids (1),oil-585551231788949f,https://www.livemint.com/news/india/fssais-2-week-long-campaign-to-check-adulteration-to-last-till-14-august-11659500215404.html,presence of trans-fatty acids in hydrogenated oils
News,ice candies,chemicals,False,1,1,0.85,0.85,0.85,0.85,0.85,1,0,chemicals (1),848d2056-4c85-4c86-9730-15f585f6e511,https://www.hindustantimes.com/cities/others/from-adulterated-ginger-garlic-paste-to-osmania-biscuits-t-gana-cracksdown-on-illegal-food-units-101775038432096.html,using chemicals and unsafe ingredients
News,ice candies,unsafe ingredients,True,1,1,0.85,0.85,0.85,0.85,0.85,1,0,unsafe ingredients (1),848d2056-4c85-4c86-9730-15f585f6e511,https://www.hindustantimes.com/cities/others/from-adulterated-ginger-garlic-paste-to-osmania-biscuits-t-gana-cracksdown-on-illegal-food-units-101775038432096.html,"manufacturing and supplying ice candies and lassi in highly unhygienic conditions, allegedly using chemicals and unsafe ingredients"
News,ice cream,e coli,True,1,1,0.85,0.85,0.85,0.85,0.85,1,0,E. coli (1),milk-893e648483b23dfc,https://timesofindia.indiatimes.com/life-style/health-fitness/health-news/st-louis-county-e-coli-outbreak-lettuce-tests-negative-investigation-continues/articleshow/115606666.cms,"foods made from them, like cheese or ice cream"
News,jam,artificial colours,True,1,1,0.85,0.85,0.85,0.85,0.85,1,0,artificial colours (1),milk-fca1e8bff23d9130,https://timesofindia.indiatimes.com/city/ranchi/building-a-healthy-platter/articleshow/121853891.cms,mix of artificial colours
News,juice,e coli,True,1,1,0.85,0.85,0.85,0.85,0.85,1,0,E. coli (1),milk-893e648483b23dfc,https://timesofindia.indiatimes.com/life-style/health-fitness/health-news/st-louis-county-e-coli-outbreak-lettuce-tests-negative-investigation-continues/articleshow/115606666.cms,"Drinking unpasteurized beverages: This includes milk, cider or juice"
News,juice,human waste,True,1,1,0.85,0.85,0.85,0.85,0.85,1,0,human waste (1),3401730f-3850-4c7d-884f-dcdb1d086c42,https://www.freepressjournal.in/india/up-government-mandates-nameplates-at-food-shops-enforces-stricter-food-safety-regulations,"juice, lentils, and bread being contaminated with human waste"
News,kera haritham,fake fssai numbers,True,1,1,0.85,0.85,0.85,0.85,0.85,1,0,fake FSSAI numbers (1),oil-8e1bcc090b3c0db2,https://timesofindia.indiatimes.com/city/thiruvananthapuram/16k-litres-of-fake-coconut-oil-seized/articleshow/123288376.cms,packed with fake FSSAI numbers and addresses for sale
News,kera surya,fake fssai numbers,True,1,1,0.85,0.85,0.85,0.85,0.85,1,0,fake FSSAI numbers (1),oil-8e1bcc090b3c0db2,https://timesofindia.indiatimes.com/city/thiruvananthapuram/16k-litres-of-fake-coconut-oil-seized/articleshow/123288376.cms,packed with fake FSSAI numbers
News,khowa,industrial colour,True,1,1,0.85,0.85,0.85,0.85,0.85,1,0,industrial colour (1),oil-e2bea691c8c4e11b,https://timesofindia.indiatimes.com/city/ranchi/ahead-of-diwali-crackdown-on-adulterated-food-items-in-city/articleshow/124610900.cms,milk-based food products such as khowa... for industrial colour
News,laddu,arrowroot,True,1,1,0.85,0.85,0.85,0.85,0.85,1,0,arrowroot (1),oil-60c6a3c70ab36f9b,https://www.newindianexpress.com/states/odisha/2021/nov/03/sub-standard-bread-stale-crispy-chicken-seized-from-kfc-outlet-in-cuttack-2379146.html,adding arrowroot to maida as a binding agent
News,laddu,artificial fragrance,True,1,1,0.85,0.85,0.85,0.85,0.85,1,0,artificial fragrance (1),oil-60c6a3c70ab36f9b,https://www.newindianexpress.com/states/odisha/2021/nov/03/sub-standard-bread-stale-crispy-chicken-seized-from-kfc-outlet-in-cuttack-2379146.html,"using spurious colour, artificial fragrance and low-grade oil"
News,laddu,chemical additives,True,1,1,0.85,0.85,0.85,0.85,0.85,1,0,chemical additives (1),abb94f1c-6bf3-442d-9749-eacc170b025c,https://www.newkerala.com/news/o/laddu-adulteration-case-sit-arrests-tirumala-temple-official-593,"nearly 40 per cent were found to contain palm oil, palm kernel oil, and other chemical additives"
News,laddu,ghee,True,1,1,0.85,0.85,0.85,0.85,0.85,1,0,ghee (1),32bc8e29-1313-4d9b-86ff-8c3bb665f057,https://timesofindia.indiatimes.com/city/vijayawada/andhra-pradesh-cbi-led-sit-team-reaches-tirupati-to-probe-into-tirumala-laddu-ghee-adulteration-case/articleshow/115571347.cms,laddu-ghee adulteration case
News,laddu,low grade oil,True,1,1,0.85,0.85,0.85,0.85,0.85,1,0,low-grade oil (1),oil-60c6a3c70ab36f9b,https://www.newindianexpress.com/states/odisha/2021/nov/03/sub-standard-bread-stale-crispy-chicken-seized-from-kfc-outlet-in-cuttack-2379146.html,"using spurious colour, artificial fragrance and low-grade oil"
News,laddu,spurious colour,True,1,1,0.85,0.85,0.85,0.85,0.85,1,0,spurious colour (1),oil-60c6a3c70ab36f9b,https://www.newindianexpress.com/states/odisha/2021/nov/03/sub-standard-bread-stale-crispy-chicken-seized-from-kfc-outlet-in-cuttack-2379146.html,"using spurious colour, artificial fragrance and low-grade oil"
News,laddu prasadam,fake ghee,True,2,1,0.85,0.85,0.85,0.85,0.85,2,0,fake ghee (2),64902247-dbff-448d-987f-c89ac2e30538,https://www.deccanchronicle.com/southern-states/andhra-pradesh/cbi-sit-probe-shows-no-milk-used-in-making-ghee-for-tirumala-prasadam-deputy-cm-1939590,200 million laddus were allegedly prepared using the so-called fake ghee
News,laddus,palm oil family,True,1,1,0.85,0.85,0.85,0.85,0.85,1,0,palm oil (1),432f2c6e-3092-44cd-bf1b-54249b31ad6b,https://www.deccanchronicle.com/southern-states/andhra-pradesh/pawan-kalyan-finance-minister-madhav-say-no-cbi-clean-chit-in-tirumala-ghee-case-1935295,ghee containing palm oil
News,lassi,chemicals,False,1,1,0.85,0.85,0.85,0.85,0.85,1,0,chemicals (1),848d2056-4c85-4c86-9730-15f585f6e511,https://www.hindustantimes.com/cities/others/from-adulterated-ginger-garlic-paste-to-osmania-biscuits-t-gana-cracksdown-on-illegal-food-units-101775038432096.html,using chemicals and unsafe ingredients
News,lassi,unsafe ingredients,True,1,1,0.85,0.85,0.85,0.85,0.85,1,0,unsafe ingredients (1),848d2056-4c85-4c86-9730-15f585f6e511,https://www.hindustantimes.com/cities/others/from-adulterated-ginger-garlic-paste-to-osmania-biscuits-t-gana-cracksdown-on-illegal-food-units-101775038432096.html,using chemicals and unsafe ingredients
News,leafy greens,e coli,True,1,1,0.85,0.85,0.85,0.85,0.85,1,0,E. coli (1),milk-cedad8e0d59827f2,https://timesofindia.indiatimes.com/life-style/food-news/most-dangerous-foods-in-your-refrigerator/articleshow/118463650.cms,"contaminated with E. coli, Listeria, or Salmonella"
News,leafy greens,listeria,True,1,1,0.85,0.85,0.85,0.85,0.85,1,0,Listeria (1),milk-cedad8e0d59827f2,https://timesofindia.indiatimes.com/life-style/food-news/most-dangerous-foods-in-your-refrigerator/articleshow/118463650.cms,"keeping leafy greens in the refrigerator for long periods of time is not ideal. Same goes with pre-cut fruits and vegetables. This is because they can be contaminated with E. coli, Listeria, or Salmonella from improper handling and washing."
News,leafy greens,salmonella,True,1,1,0.85,0.85,0.85,0.85,0.85,1,0,Salmonella (1),milk-cedad8e0d59827f2,https://timesofindia.indiatimes.com/life-style/food-news/most-dangerous-foods-in-your-refrigerator/articleshow/118463650.cms,"keeping leafy greens in the refrigerator for long periods of time is not ideal. Same goes with pre-cut fruits and vegetables. This is because they can be contaminated with E. coli, Listeria, or Salmonella from improper handling and washing."
News,lettuce,nanoplastics,True,1,1,0.85,0.85,0.85,0.85,0.85,1,0,nanoplastics (1),milk-5fffa5696a978146,http://www.newindianexpress.com/magazine/2023/aug/13/you-are-always-eating-plastic-and-now-drowning-in-it-2604005.html,leafy vegetables such as lettuce and cabbage don't have that many nanoplastics
News,maida,arrowroot,True,1,1,0.85,0.85,0.85,0.85,0.85,1,0,arrowroot (1),oil-60c6a3c70ab36f9b,https://www.newindianexpress.com/states/odisha/2021/nov/03/sub-standard-bread-stale-crispy-chicken-seized-from-kfc-outlet-in-cuttack-2379146.html,adding arrowroot to maida as a binding agent
News,mango,ethylene like spray,True,1,1,0.85,0.85,0.85,0.85,0.85,1,0,ethylene-like spray (1),c1930abb-88ca-4799-a8ad-d08098bc4057,https://www.hindustantimes.com/cities/mumbai-news/fda-seizes-3-4-tonnes-of-suspect-chemically-ripened-mangoes-at-apmc-101780427156417.html,alleged use of ethylene-like sprays to hasten mango ripening
News,mango pulp,liquid saffron colour solution,True,1,1,0.85,0.85,0.85,0.85,0.85,1,0,liquid saffron colour solution (1),milk-fa08675da1416b47,https://www.mid-day.com/news/india-news/article/over-3-8-tonnes-of-fake-mango-pulp-seized-destroyed-in-pune-crackdown-probe-traces-supply-chain-to-khed-23625757,Liquid saffron colour solution
News,mango pulp,various adulterating substances,True,1,1,0.85,0.85,0.85,0.85,0.85,1,0,various adulterating substances (1),milk-49df82139669b26a,https://timesofindia.indiatimes.com/city/pune/pune-fda-seizes-over-3800kg-of-adulterated-mango-pulp/articleshow/130152672.cms,the unit was producing mango pulp using unauthorised food colors and various adulterating substances
News,mangoes,unauthorised chemical sprays,True,1,1,0.85,0.85,0.85,0.85,0.85,1,0,unauthorised chemical sprays (1),c1930abb-88ca-4799-a8ad-d08098bc4057,https://www.hindustantimes.com/cities/mumbai-news/fda-seizes-3-4-tonnes-of-suspect-chemically-ripened-mangoes-at-apmc-101780427156417.html,suspected to have been artificially ripened using unauthorised chemical sprays
News,masala powder,duplicate masala powder,True,1,1,0.85,0.85,0.85,0.85,0.85,1,0,Duplicate masala powder (1),oil-31f32b1a2b09c5cf,https://www.thehansindia.com/news/cities/hyderabad/hyderabad-beware-fake-surf-excel-harpic-brookbond-tea-flooding-markets-860844,spurious Masala powder on the brand name of Everest
News,mashed sweet potatoes,lead,True,1,1,0.85,0.85,0.85,0.85,0.85,1,0,lead (1),milk-29425e997318adaa,https://economictimes.indiatimes.com/magazines/panache/how-do-toxic-substances-like-lead-end-up-in-baby-food/articleshow/97399836.cms,keep high levels of lead out of baby foods like mashed sweet potatoes
News,mcdonald s kedgaon branch products,cheese analogues,True,1,1,0.85,0.85,0.85,0.85,0.85,1,0,cheese analogues (1),oil-c6483424325e56e7,https://timesofindia.indiatimes.com/india/fast-food-giant-replacing-cheese-with-cheaper-vegetable-oil-maharashtra-fda/articleshow/107923964.cms,discovering at least eight items contained cheese analogues
News,mdh,ethylene oxide,True,1,1,0.85,0.85,0.85,0.85,0.85,1,0,ethylene oxide (1),oil-b3f4745b17c73ffb,https://indianexpress.com/article/lifestyle/food-wine/indians-mustard-oil-spices-banned-us-west-why-9378439/,"Everest masala and MDH, popular spice brands, have also been under scrutiny these past few months. Following bans in EU, Singapore and Hong Kong, Nepal also recently joined the list by prohibiting the consumption and sale of these popular Indian brands due to potential contamination with ethylene oxide, a carcinogen."
News,meat,plastic,True,1,1,0.85,0.85,0.85,0.85,0.85,1,0,plastic (1),milk-39bc1a13a79ae513,https://www.newindianexpress.com/states/tamil-nadu/2025/Feb/08/collective-efforts-needed-in-the-battle-against-plastic,ingestion of plastics by cows also contaminates milk and meat
News,meat,plastic waste,True,1,1,0.85,0.85,0.85,0.85,0.85,1,0,plastic waste (1),milk-39bc1a13a79ae513,https://www.newindianexpress.com/states/tamil-nadu/2025/Feb/08/collective-efforts-needed-in-the-battle-against-plastic,ingestion of plastics by cows also contaminates milk and meat
News,medicinal syrups,diethylene glycol,True,1,1,0.85,0.85,0.85,0.85,0.85,1,0,diethylene glycol (1),milk-b006729520a914df,https://www.sentinelassam.com/topheadlines/rapid-low-cost-tests-can-help-prevent-child-deaths-from-contaminated-syrups,Rapid screening of ethylene glycol and diethylene glycol in raw materials and medicinal syrups
News,medicinal syrups,ethylene glycol,True,1,1,0.85,0.85,0.85,0.85,0.85,1,0,ethylene glycol (1),milk-b006729520a914df,https://www.sentinelassam.com/topheadlines/rapid-low-cost-tests-can-help-prevent-child-deaths-from-contaminated-syrups,Rapid screening of ethylene glycol and diethylene glycol in raw materials and medicinal syrups
News,mithai,chocolate,True,1,1,0.85,0.85,0.85,0.85,0.85,1,0,chocolate (1),milk-7f06f9f86273b653,https://www.tribuneindia.com/news/features/choc-o-bloc-indian-chocolatiers-up-their-game-as-foreign-brands-make-a-killing-594169,Premium quality chocolate has already emerged as the clear-cut substitute for mithai
News,mithai,detergent,True,1,1,0.85,0.85,0.85,0.85,0.85,1,0,detergent (1),8fcb1e84-8d80-460e-9841-c493a76496f1,https://thebetterindia.com/festivals/how-to-check-fake-mithai-at-home-safe-diwali-10563661,vendors add detergent to sweets
News,mithais,synthetic dyes,True,1,1,0.85,0.85,0.85,0.85,0.85,1,0,synthetic dyes (1),milk-23a41dc5e4dfc0cc,https://indianexpress.com/article/lifestyle/health-specials/which-navratri-mithai-wont-give-me-stomach-infection-8174434/,contain synthetic dyes
News,namkeen,sunset yellow,True,1,1,0.85,0.85,0.85,0.85,0.85,1,0,Sunset yellow (1),oil-825d58fdbb007f4f,https://timesofindia.indiatimes.com/city/bengaluru/think-before-you-snack-namkeens-dairy-products-top-list-of-unsafe-foods-in-karnataka/articleshow/131179662.cms,items were termed unsafe as they had used synthetic colours like sunset yellow
News,oil,sub standard raw material,True,1,1,0.85,0.85,0.85,0.85,0.85,1,0,sub-standard raw material (1),23a5dd2a-a53c-44b8-8b86-37e04d4cf1ee,https://www.thehindu.com/news/cities/Visakhapatnam/ghee-oil-manufacturing-units-in-city-raided/article34259509.ece,traders were preparing ghee and oil with sub-standard raw material
News,olive oil,rapeseed oil,True,1,1,0.85,0.85,0.85,0.85,0.85,1,0,rapeseed oil (1),oil-d902d8170910e87f,https://www.hindustantimes.com/lifestyle/brunch/rude-food-by-vir-sanghvi-slipping-through-our-fingers-101718300669252.html,mixed with cheaper oil (such as rapeseed)
News,olive oil,soybean oil,True,1,1,0.85,0.85,0.85,0.85,0.85,1,0,soybean oil (1),oil-e3fbe637ba51632f,https://zeenews.india.com/health/10-common-foods-that-might-be-deceiving-you-2828611,"Cheaper oils like sunflower, soybean, or palm oil are sometimes blended with olive oil"
News,olive oil,sunflower oil,True,1,1,0.85,0.85,0.85,0.85,0.85,1,0,sunflower oil (1),oil-e3fbe637ba51632f,https://zeenews.india.com/health/10-common-foods-that-might-be-deceiving-you-2828611,"Cheaper oils like sunflower, soybean, or palm oil are sometimes blended with olive oil"
News,osmania biscuits,harmful chemicals,False,1,1,0.85,0.85,0.85,0.85,0.85,1,0,harmful chemicals (1),848d2056-4c85-4c86-9730-15f585f6e511,https://www.hindustantimes.com/cities/others/from-adulterated-ginger-garlic-paste-to-osmania-biscuits-t-gana-cracksdown-on-illegal-food-units-101775038432096.html,"preparing mixture, namkeen, chikkis, and Osmania biscuits without adhering to food safety standards, using harmful chemicals"
News,osmania biscuits,unspecified adulterant,False,1,1,0.85,0.85,0.85,0.85,0.85,1,0,unspecified adulterant (1),ea51c75b-4b85-48fb-bbb7-8fde23c110aa,https://www.thehansindia.com/telangana/hyderabad-turning-into-capital-of-adulterated-food-1063581,famous Hyderabadi Osmania biscuits... insulated from adulteration
News,packaged drinking water,contaminant,True,1,1,0.85,0.85,0.85,0.85,0.85,1,0,contaminant (1),oil-252ca4ae4abd0e64,https://www.sentinelassam.com/north-east-india-news/assam-news/adulterated-food-items-detected-in-kokrajhar-fto-warns-adulterators-562793,detected some contaminated packaged water
News,pakoras,water,True,1,1,0.85,0.85,0.85,0.85,0.85,1,0,water-borne bacteria (1),milk-c8fb0b31578650eb,https://economictimes.indiatimes.com/news/web-stories/9-foods-to-avoid-during-the-monsoon-season-for-better-health/slideshow/123281531.cms,pakoras... may carry water-borne bacteria
News,pickles,excess preservatives,True,1,1,0.85,0.85,0.85,0.85,0.85,1,0,excess preservatives (1),milk-71b4c09b2facdd5c,https://www.deccanchronicle.com/southern-states/telangana/crackdown-reveals-dirty-underbelly-of-citys-food-businesses-1948147,"Pickles – 2 – 9 tonnes – Unhygienic preparation, excess preservatives"
News,pickles,rotten and spoilt vegetables,True,1,1,0.85,0.85,0.85,0.85,0.85,1,0,rotten and spoilt vegetables (1),milk-9f3c92cb4b852877,https://indianexpress.com/article/explained/hyderabad-police-h-fast-food-adulteration-team-10595262/,pickles being prepared using rotten and spoilt vegetables
News,powdered infant formula,enterococcus faecium,True,1,1,0.85,0.85,0.85,0.85,0.85,1,0,Enterococcus faecium (1),milk-41fa8a1322cd24cd,https://www.deccanherald.com/health/explained-why-this-ngo-urged-centre-to-alert-parents-on-formula-milk-4012521,Enterococcus faecium (a bacteria usually found in human intestines but can cause serious infections)
News,powdered infant formula,harmful pathogens,True,1,1,0.85,0.85,0.85,0.85,0.85,1,0,harmful pathogens (1),milk-41fa8a1322cd24cd,https://www.deccanherald.com/health/explained-why-this-ngo-urged-centre-to-alert-parents-on-formula-milk-4012521,"powdered formula feed may not be completely sterile, exposing babies to harmful pathogens"
News,pre cut fruits,e coli,True,1,1,0.85,0.85,0.85,0.85,0.85,1,0,E. coli (1),milk-cedad8e0d59827f2,https://timesofindia.indiatimes.com/life-style/food-news/most-dangerous-foods-in-your-refrigerator/articleshow/118463650.cms,"contaminated with E. coli, Listeria, or Salmonella"
News,pre cut fruits,listeria,True,1,1,0.85,0.85,0.85,0.85,0.85,1,0,Listeria (1),milk-cedad8e0d59827f2,https://timesofindia.indiatimes.com/life-style/food-news/most-dangerous-foods-in-your-refrigerator/articleshow/118463650.cms,"contaminated with E. coli, Listeria, or Salmonella"
News,pre cut fruits,salmonella,True,1,1,0.85,0.85,0.85,0.85,0.85,1,0,Salmonella (1),milk-cedad8e0d59827f2,https://timesofindia.indiatimes.com/life-style/food-news/most-dangerous-foods-in-your-refrigerator/articleshow/118463650.cms,"contaminated with E. coli, Listeria, or Salmonella"
News,processed food,adulterant,False,1,1,0.85,0.85,0.85,0.85,0.85,1,0,adulterant (1),milk-ae0fa0b757ba21df,https://timesofindia.indiatimes.com/city/delhi/whats-cooking-in-pantry-bite-into-adulterated-truth/articleshow/130488415.cms,around 10% of processed food samples tested contained adulterants
News,processed foods,trans fat,True,1,1,0.85,0.85,0.85,0.85,0.85,1,0,trans-fat (1),3c89f375-80cf-488a-a60f-6fc88846ceff,https://www.financialexpress.com/lifestyle/lifestyle-and-health-benefits-of-trans-fat-free-vanaspati-and-how-it-is-going-to-impact-the-market/2609701/,Processed foods and a lot of fried items have trans-fats in them.
News,protein powder,fungal toxin,True,1,1,0.85,0.85,0.85,0.85,0.85,1,0,fungal toxin (1),milk-10e440425c21f312,https://timesofindia.indiatimes.com/blogs/toi-edit-page/hey-kids-binge-on-sugar-no-ones-watching/,reputable brands contained fungal toxins
News,protein powders,heavy metals,True,1,1,0.85,0.85,0.85,0.85,0.85,1,0,heavy metals (1),milk-daa8a0902e951146,https://www.thehindu.com/sci-tech/health/the-complete-guide-to-whey-protein/article34302922.ece,toxins in protein powders
News,protein supplements,hydrogenated oils,True,1,1,0.85,0.85,0.85,0.85,0.85,1,0,hydrogenated oils (1),milk-8fb413472dd724f9,https://www.newindianexpress.com/cities/hyderabad/2025/Dec/10/is-your-protein-safe,"Many low-quality protein products have high levels of added sugar, artificial sweeteners, synthetic flavours, colours, hydrogenated oils"
News,protein supplements,synthetic flavours,True,1,1,0.85,0.85,0.85,0.85,0.85,1,0,synthetic flavours (1),milk-8fb413472dd724f9,https://www.newindianexpress.com/cities/hyderabad/2025/Dec/10/is-your-protein-safe,"Many low-quality protein products have high levels of added sugar, artificial sweeteners, synthetic flavours"
News,radishes,nanoplastics,True,1,1,0.85,0.85,0.85,0.85,0.85,1,0,nanoplastics (1),milk-5fffa5696a978146,http://www.newindianexpress.com/magazine/2023/aug/13/you-are-always-eating-plastic-and-now-drowning-in-it-2604005.html,"eating root vegetables like carrots, radishes and turnips"
News,rasgulla,unspecified adulterant,False,1,1,0.85,0.85,0.85,0.85,0.85,1,0,unspecified adulterant (1),oil-077b1e8524db3123,https://timesofindia.indiatimes.com/city/jamshedpur/drive-against-food-adulteration-in-jsr/articleshow/94237397.cms,found adulteration in rasgulla
News,raw sprouts,e coli,True,1,1,0.85,0.85,0.85,0.85,0.85,1,0,E. coli (1),milk-c8fb0b31578650eb,https://economictimes.indiatimes.com/news/web-stories/9-foods-to-avoid-during-the-monsoon-season-for-better-health/slideshow/123281531.cms,Raw sprouts can harbor bacteria like E. coli
News,raw sprouts,salmonella,True,1,1,0.85,0.85,0.85,0.85,0.85,1,0,salmonella (1),milk-c8fb0b31578650eb,https://economictimes.indiatimes.com/news/web-stories/9-foods-to-avoid-during-the-monsoon-season-for-better-health/slideshow/123281531.cms,Raw sprouts can harbor bacteria like E. coli and salmonella
News,red velvet cake,cancer causing ingredient,True,1,1,0.85,0.85,0.85,0.85,0.85,1,0,cancer-causing ingredient (1),40ab817e-11a0-4a57-8dcd-e13fef2fbad1,https://www.newindianexpress.com/cities/bengaluru/2024/Oct/05/karnataka-food-safety-dept-to-test-garlic-sweet-samples,popular varieties of cake like red velvet and black forest contain cancer-causing ingredients
News,rice,bacillus cereus,True,1,1,0.85,0.85,0.85,0.85,0.85,1,0,Bacillus cereus (1),milk-fd2049abe5c1c74f,https://timesofindia.indiatimes.com/life-style/health-fitness/health-news/gbs-outbreak-avoid-paneer-cheese-rice-warns-doctor-as-deadly-gbs-infection-crosses-100-one-death-reported/articleshow/117591421.cms,Cooked rice can contain Bacillus cereus
News,roasted flattened rice,insects,True,1,1,0.85,0.85,0.85,0.85,0.85,1,0,insects (1),oil-4868fc6b9046a8f9,https://timesofindia.indiatimes.com/city/ranchi/14-students-of-a-government-school-in-hazaribag-take-ill-after-consuming-snacks-hospitalized/articleshow/124097235.cms,Some of them had spotted insects in their snacks.
News,soft drinks,vegetable oil/fat,True,1,1,0.85,0.85,0.85,0.85,0.85,1,0,Brominated vegetable oils (1),milk-74d1d6aaa4ade7cf,https://indianexpress.com/article/upsc-current-affairs/upsc-key-indus-waters-treaty-food-adulteration-and-antitrust-laws-9963906/,Soft Drinks — Brominated vegetable oils
News,sonpapdi,fungus,True,1,1,0.85,0.85,0.85,0.85,0.85,1,0,fungus (1),oil-02669f21b8034048,https://timesofindia.indiatimes.com/life-style/food-news/145-kgs-of-rasgullas-and-namkeens-destroyed-ahead-of-diwali-in-noida/articleshow/124574873.cms,113 kg of sonpapdi and 50 kg of fungus-infested almonds were destroyed
News,spices,industrial dyes,True,1,1,0.85,0.85,0.85,0.85,0.85,1,0,industrial dyes (1),milk-8a55933f0d5da63a,https://www.deccanchronicle.com/opinion/columnists/chandrakant-lahariya-the-adulteration-of-food-is-a-silent-assault-on-health-safety-of-indians-1937982,spices coloured with industrial dyes
News,sweets,adulterated ghee,False,1,1,0.85,0.85,0.85,0.85,0.85,1,0,adulterated ghee (1),c6dcef79-69bf-47eb-a0b5-7b4d6bef00fc,https://www.siasat.com/60-kg-of-sweets-seized-in-food-safety-raids-across-telangana-3284945/,use of adulterated ghee
News,sweets,artificial colors,True,1,1,0.85,0.85,0.85,0.85,0.85,1,0,artificial colors (1),d10916e4-7201-468c-b3ed-3d36f7cb2df5,https://www.hindustantimes.com/cities/gurugram-news/fda-gurugram-s-falls-short-in-its-sampling-efforts-during-diwali-101760641749819.html,harmful artificial colors
News,sweets,artificial colour,True,1,1,0.85,0.85,0.85,0.85,0.85,1,0,synthetic colour (1),e316d736-1c19-42e7-80ac-83747d0a853b,https://www.newindianexpress.com/states/tamil-nadu/2024/Oct/20/sweet-shops-under-fssai-surveillance-ahead-of-deepavali,excess level of synthetic colour found in the sweets
News,sweets,excessive colours,True,1,1,0.85,0.85,0.85,0.85,0.85,1,0,excessive colours (1),40ab817e-11a0-4a57-8dcd-e13fef2fbad1,https://www.newindianexpress.com/cities/bengaluru/2024/Oct/05/karnataka-food-safety-dept-to-test-garlic-sweet-samples,Excessive amounts of colours are used
News,sweets,harmful colouring agents,True,1,1,0.85,0.85,0.85,0.85,0.85,1,0,Harmful colouring agents (1),45fdd40d-5bc4-4fe7-9eb9-883c55f14a70,https://timesofindia.indiatimes.com/city/jaipur/25-of-food-samples-tested-in-raj-in-2024-found-adulterated/articleshow/117897659.cms,unscrupulous traders were found to be using harmful colouring agents in sweets
News,sweets,harmful colours,True,1,1,0.85,0.85,0.85,0.85,0.85,1,0,harmful colours (1),oil-a4ba1ff4bf1ca127,https://timesofindia.indiatimes.com/city/mysuru/dc-directs-stern-action-against-food-adulteration/articleshow/101586707.cms,using harmful colours to prepare varieties of sweets
News,sweets,rotten matter,True,1,1,0.85,0.85,0.85,0.85,0.85,1,0,rotten matter (1),oil-9abe156eff4f4af1,https://www.indiatoday.in/cities/lucknow/story/lucknow-fsda-raids-rotten-adulterated-sweets-hygiene-violations-2818836-2025-11-13?utm_source=rss,rotten and adulterated sweets
News,sweets,synthetic khoya,True,1,1,0.85,0.85,0.85,0.85,0.85,1,0,synthetic khoya (1),milk-8a55933f0d5da63a,https://www.deccanchronicle.com/opinion/columnists/chandrakant-lahariya-the-adulteration-of-food-is-a-silent-assault-on-health-safety-of-indians-1937982,sweets prepared with substandard or synthetic khoya
News,sweets and savouries,re heated oil,True,1,1,0.85,0.85,0.85,0.85,0.85,1,0,re-heated oil (1),293d6299-a5bc-438f-add3-49f5a9459564,https://www.thehindu.com/news/cities/Coimbatore/coimbatore-district-administration-fssai-give-instructions-to-sweet-makers-ahead-of-festival-season/article67411907.ece,"avoid adulterants, non-permitted colourants and re-heated oil"
News,tirumala srivari laddu,adulterated ghee,False,1,1,0.85,0.85,0.85,0.85,0.85,1,0,adulterated ghee (1),ea27969f-7a0b-4e5c-9893-7763d5fdbfbf,https://www.deccanchronicle.com/southern-states/andhra-pradesh/td-seeks-jagans-response-on-alleged-adulteration-of-tirumala-laddu-ghee-1933610,alleged use of adulterated ghee in the preparation of Tirumala Srivari laddu
News,tirumala srivari laddu,palm oil family,True,1,1,0.85,0.85,0.85,0.85,0.85,1,0,palm oil (1),ea27969f-7a0b-4e5c-9893-7763d5fdbfbf,https://www.deccanchronicle.com/southern-states/andhra-pradesh/td-seeks-jagans-response-on-alleged-adulteration-of-tirumala-laddu-ghee-1933610,laddus were prepared using materials containing palm oil
News,tirumala srivari laddu,unspecified adulterant,False,1,1,0.85,0.85,0.85,0.85,0.85,1,0,unspecified adulterant (1),2ce1a4b0-0fd9-4057-aaa6-342d4807ea58,https://www.thehansindia.com/andhra-pradesh/cbi-sit-found-no-animal-fat-in-laddu-ghee-yv-1045912,"While adulteration was detected, he said it did not involve animal fat."
News,tirupati laddus,bathroom chemicals,True,1,1,0.85,0.85,0.85,0.85,0.85,1,0,bathroom chemicals (1),b40ee428-0e50-4a51-aca9-a9074c0486cf,https://www.deccanchronicle.com/southern-states/andhra-pradesh/naidu-accuses-previous-ysrcp-govt-of-using-ghee-made-with-bathroom-chemicals-for-tirupati-laddus-1935390,Tirupati laddus were made using ghee which was adulterated with chemicals used to clean bathrooms
News,tirupati laddus,chemicals,False,1,1,0.85,0.85,0.85,0.85,0.85,1,0,chemicals (1),e9029bad-f0af-4178-8545-61b8bf20d98f,https://www.deccanchronicle.com/southern-states/andhra-pradesh/ttd-ghee-adulteration-row-sparks-political-storm-cabinet-seeks-sit-report-1933382,Some dairies allegedly resorted to mixing chemicals to manufacture ghee.
News,tirupati laddus,impurities,False,1,1,0.85,0.85,0.85,0.85,0.85,1,0,impurities (1),aed9cf49-b6d3-4952-8acb-37e1eae1c31a,https://www.hindustantimes.com/india-news/animal-fat-tirupati-laddus-who-supplied-ghee-to-temple-and-why-did-nandini-opt-out-who-said-what-101726878145316.html,"presence of animal fat, 'Lard' (pig fat) and other impurities"
News,tirupati prasadam,beef tallow,True,1,1,0.85,0.85,0.85,0.85,0.85,1,0,beef tallow (1),milk-4461b9e34e6abf18,https://www.news18.com/politics/animal-fat-in-tirupati-laddu-prasadam-karnataka-milk-federation-clarifies-after-andhra-cms-allegations-9056355.html,"adulterated oil containing ""beef tallow"" in the ghee used for making the world-renowned Tirupati prasadam"
News,toast,saccharin,True,1,1,0.85,0.85,0.85,0.85,0.85,1,0,saccharin (1),oil-09fc9876e7c8d047,https://timesofindia.indiatimes.com/city/indore/bakery-sealed-after-raid-finds-undeclared-artificial-sweetener-in-toast/articleshow/125233365.cms,"suspicious artificial sweetener (potentially saccharin) on the premises, which the proprietor admitted was being mixed into the toast products"
News,truffle,truffle oil,True,1,1,0.85,0.85,0.85,0.85,0.85,1,0,truffle oil (1),b46d262d-500d-4867-bb93-e6ef68554345,https://timesofindia.indiatimes.com/life-style/food-news/real-vs-fake-truffles-price-origin-france-truffle-chinese-truffles/articleshow/131530089.cms,bottled simulacrum â a copy so convincing it risks replacing the original
News,truffle oil,synthetic truffle aroma,True,2,1,0.85,0.85,0.85,0.85,0.85,2,0,synthetic truffle aroma (2),b46d262d-500d-4867-bb93-e6ef68554345,https://timesofindia.indiatimes.com/life-style/food-news/real-vs-fake-truffles-price-origin-france-truffle-chinese-truffles/articleshow/131530089.cms,recreate that in a lab and fool a lot of people
News,turmeric,artificial coloring,True,1,1,0.85,0.85,0.85,0.85,0.85,1,0,artificial coloring (1),oil-e3fbe637ba51632f,https://zeenews.india.com/health/10-common-foods-that-might-be-deceiving-you-2828611,Spices like turmeric or chili powder may be mixed with artificial coloring
News,turmeric,auramine,True,2,1,0.85,0.85,0.8,0.9,0.9,2,1,auramine (2),milk-bb864d8d03055611,https://www.thehindu.com/sci-tech/health/auramine-in-indian-food-why-a-banned-dye-keeps-returning-explained/article70313811.ece,reports of auramine contamination have surfaced in turmeric consignments
News,turmeric,chemicals,False,1,1,0.85,0.85,0.85,0.85,0.85,1,0,chemicals (1),milk-d6ac7998143ed0f4,https://www.thehindu.com/news/national/telangana/telangana-govt-plans-regulatory-authority-like-eagle-and-hydraa-to-curb-food-adulteration-cm/article70802831.ece,turmeric laced with starch and chemicals
News,turmeric,spurious material,True,1,1,0.85,0.85,0.85,0.85,0.85,1,0,spurious material (1),23a5dd2a-a53c-44b8-8b86-37e04d4cf1ee,https://www.thehindu.com/news/cities/Visakhapatnam/ghee-oil-manufacturing-units-in-city-raided/article34259509.ece,"preparing chilli powder, turmeric and some spices with spurious material"
News,turmeric powder,chalk powder,True,1,1,0.85,0.85,0.85,0.85,0.85,1,0,chalk powder (1),milk-fe1e3cc4f8fe0fc2,https://www.thehindu.com/children/what-is-adulteration-and-what-is-its-impact-on-our-daily-lives/article69210912.ece,turmeric may contain chalk powder
News,unsafe pickle,chemicals,False,1,1,0.85,0.85,0.85,0.85,0.85,1,0,chemicals (1),ec2377cd-4ee3-4308-ab7c-b97a728962f0,https://timesofindia.indiatimes.com/etimes/trending/fssai-seizes-and-dumps-1600-kg-of-toxic-pickles-how-to-stay-safe-from-chemicals-in-store-bought-jars/articleshow/126559776.cms,toxic pickles: How to stay safe from chemicals
News,vanaspati,palm oil family,True,1,1,0.85,0.85,0.85,0.85,0.85,1,0,palmolein (1),milk-98c286a80fe6e65c,https://www.thehindubusinessline.com/news/adulterated-ghee-concerns-over-substandard-feedstock-slipping-through-lab-checks/article68724490.ece,"allegations suggest that palmolein is being mixed with milk, ghee, or vanaspati"
News,wall s frozen products,vegetable oil/fat,True,1,1,0.85,0.85,0.85,0.85,0.85,1,0,vegetable oil fats (1),milk-46f24b7aeba827cc,https://economictimes.indiatimes.com/opinion/et-commentary/view-the-very-cheesy-business-of-passing-off-doosri-cheez-as-asli-cheese-by-brands/articleshow/108167155.cms,partly made from vegetable oil fats
News,watermelon,e coli,True,1,1,0.85,0.85,0.85,0.85,0.85,1,0,E. coli (1),milk-106bb95902835ba4,https://www.news18.com/lifestyle/food/mumbai-family-tragedy-linked-to-watermelon-raises-questions-on-fruit-safety-and-combinations-10061421.html,"Fruits like watermelon can be exposed to microbial contamination such as Salmonella, E. coli, or Listeria"
News,watermelon,salmonella,True,1,1,0.85,0.85,0.85,0.85,0.85,1,0,Salmonella (1),milk-106bb95902835ba4,https://www.news18.com/lifestyle/food/mumbai-family-tragedy-linked-to-watermelon-raises-questions-on-fruit-safety-and-combinations-10061421.html,Fruits like watermelon can be exposed to microbial contamination such as Salmonella
News,wheat flour,expired wheat flour,True,1,1,0.85,0.85,0.85,0.85,0.85,1,0,expired wheat flour (1),oil-97103cc7b062d80c,https://www.thehindu.com/news/cities/Hyderabad/over-5000-litres-of-adulterated-cooking-oil-seized-in-gachibowli-expired-wheat-flour-repackaged-for-sale/article70724996.ece,expired wheat flour sourced from multiple companies was repackaged and relabelled as “Jasnath Gold Chakki Atta”
News,laddu,maida,True,2,1,0.825,0.825,0.8,0.85,0.85,2,0,maida (2),oil-60c6a3c70ab36f9b,https://www.newindianexpress.com/states/odisha/2021/nov/03/sub-standard-bread-stale-crispy-chicken-seized-from-kfc-outlet-in-cuttack-2379146.html,"instead of using besan, the unscrupulous sweetmakers were allegedly preparing laddu from maida"
News,Cheese,adulterant,False,1,1,0.8,0.8,0.8,0.8,0.8,1,0,adulterant (1),oil-aa3918af67eb75d3,https://thelogicalindian.com/festive-food-safety-drive-maharashtra-fda-destroys-218-kg-fake-paneer-478-litres-unsafe-milk-in-mumbai/,uncovered adulteration in cheese
News,Coconut oil,cheaper oils,True,1,1,0.8,0.8,0.8,0.8,0.8,1,0,cheaper oils (1),oil-47d6200278e23ef8,https://timesofindia.indiatimes.com/life-style/food-news/how-to-check-the-purity-of-coconut-oil/articleshow/116632336.cms,adulteration with cheaper oils
News,Edible/cooking oil,cockroaches,True,1,1,0.8,0.8,0.8,0.8,0.8,1,0,cockroaches (1),oil-800bc41e8dc93137,https://timesofindia.indiatimes.com/city/trichy/food-safety-department-locks-and-seal-two-cooking-oil-mills-in-trichy-city/articleshow/100572169.cms,found cockroaches and rats in the oil production area
News,Edible/cooking oil,degraded cooking oil,True,1,1,0.8,0.8,0.8,0.8,0.8,1,0,degraded cooking oil (1),oil-1ec1fc193c98ab50,https://www.deccanherald.com/india/fssai-pulls-up-mcdonalds-over-use-of-rotten-tomatoes-and-reused-oil-3896279,oil repeatedly used in cooking and unfit of consumption
News,Edible/cooking oil,harmful chemicals,False,1,1,0.8,0.8,0.8,0.8,0.8,1,0,harmful chemicals (1),oil-63426d939d718e7f,https://timesofindia.indiatimes.com/life-style/health-fitness/health-news/how-to-identify-fake-cooking-oil-fssai-recommended-tips/articleshow/110694766.cms,harmful chemicals might be added to alter the appearance
News,Edible/cooking oil,industrial oils,True,1,1,0.8,0.8,0.8,0.8,0.8,1,0,industrial oils (1),oil-63426d939d718e7f,https://timesofindia.indiatimes.com/life-style/health-fitness/health-news/how-to-identify-fake-cooking-oil-fssai-recommended-tips/articleshow/110694766.cms,industrial oils may be repurposed for cooking
News,Edible/cooking oil,palm oil family,True,1,1,0.8,0.8,0.8,0.8,0.8,1,0,palm oil (1),oil-dc0f3e7d98c4f1b5,https://timesofindia.indiatimes.com/city/vadodara/dahod-police-bust-major-spurious-cooking-oil-racket-seize-goods-worth-over-rs-15-lakhs/articleshow/116183542.cms,Police suspect palm oil or adulterated oil was being sold under the name of various cooking oil brands.
News,Edible/cooking oil,spurious cooking oil,True,1,1,0.8,0.8,0.8,0.8,0.8,1,0,spurious cooking oil (1),oil-dc0f3e7d98c4f1b5,https://timesofindia.indiatimes.com/city/vadodara/dahod-police-bust-major-spurious-cooking-oil-racket-seize-goods-worth-over-rs-15-lakhs/articleshow/116183542.cms,suspected spurious cooking oil
News,Edible/cooking oil,stale and hazardous cooking oil,True,1,1,0.8,0.8,0.8,0.8,0.8,1,0,stale and hazardous cooking oil (1),ad0567c1-e472-4cb8-b0d9-b8305371eefd,https://timesofindia.indiatimes.com/life-style/food-news/110-kg-chicken-825-kg-fake-paneer-banned-colours-and-chemicals-seized-how-to-check-purity-at-home/articleshow/131873428.cms,evidence of the reuse of stale and hazardous cooking oil
News,Edible/cooking oil,stale cooking oil,True,1,1,0.8,0.8,0.8,0.8,0.8,1,0,stale cooking oil (1),milk-998381f3381f9db4,https://timesofindia.indiatimes.com/life-style/food-news/110-kg-chicken-825-kg-fake-paneer-banned-colours-and-chemicals-seized-how-to-check-purity-at-home/articleshow/131873428.cms,evidence of the reuse of stale and hazardous cooking oil
News,Ghee,linoleic acid,True,1,1,0.8,0.8,0.8,0.8,0.8,1,0,linoleic acid (1),milk-c96899cff0c097f6,https://www.deccanchronicle.com/southern-states/andhra-pradesh/ghee-used-for-tirupati-laddu-had-beef-tallow-fish-oil-pork-fat-tests-1824705,lauric acid and linoleic acid were way above the permissible limits for pure cow ghee
News,Ghee,plant oil,True,2,1,0.8,0.8,0.75,0.85,0.85,1,0,plant oil (2),milk-3937c478532e8602,https://www.theweek.in/theweek/statescan/2024/10/05/political-stunts-in-the-wake-of-the-tirumala-adulteration-case-are-unlikely-to-yield-electoral-gains-tirupati-laddu-controversy.html,adulterated with plant oil and animal fat
News,Ghee,sanchi brand counterfeit ghee,True,1,1,0.8,0.8,0.8,0.8,0.8,1,0,Sanchi brand counterfeit ghee (1),d96f8ae8-4753-4f7b-9ec5-3238eca05841,https://www.freepressjournal.in/indore/markets-flooded-with-spurious-ghee-fsos-collect-samples-of-over-30-ghee-brands-waiting-for-reports,"counterfeit ghee, supplied in the name of Sanchi"
News,Ghee,yellow food colour,True,3,1,0.8,0.8,0.75,0.85,0.85,2,0,yellow food colour (3),980db746-8492-4784-ab7e-f6c3b10378e1,https://www.rediff.com/news/report/adulterated-ghee-seized-in-udaipur-raid/20260530.htm,colour was being mixed into ghee
News,Khoya/mawa,dangerous chemicals,True,1,1,0.8,0.8,0.8,0.8,0.8,1,0,dangerous chemicals (1),c0b138ca-a4a9-49d0-abbd-02e4f2a303ff,https://timesofindia.indiatimes.com/life-style/food-news/1500-kg-fake-paneer-and-mawa-seized-in-ghaziabad-8-smart-alternatives-for-popular-dishes-for-the-holi-celebration/photostory/128815903.cms,dangerous chemcials which are reported to be added to mawa samples
News,Khoya/mawa,substandard materials,True,1,1,0.8,0.8,0.8,0.8,0.8,1,0,substandard materials (1),oil-daf4ca29b4849989,https://timesofindia.indiatimes.com/city/kanpur/adulterated-edible-oil-worth-rs53l-seized-in-kanpur-raid/articleshow/124465364.cms,mawa made from substandard materials
News,Khoya/mawa,synthetic fat,True,1,1,0.8,0.8,0.8,0.8,0.8,1,0,synthetic fat (1),8d207b3c-d7d6-4776-a05d-ec3f854e4f5e,https://www.financialexpress.com/life/lifestyle-worried-about-adulterated-diwali-sweets-dietitian-on-how-to-recognise-fake-khoya-4011313/,it's probably mixed with detergent or synthetic fat
News,Milk,adulterants,False,1,1,0.8,0.8,0.8,0.8,0.8,1,0,adulterants (1),milk-00089bb042950158,https://thelogicalindian.com/beyond-contamination-what-andhras-adulterated-milk-tragedy-reveals-about-food-safety-oversight/,"over 30,000 litres of adulterated milk were disposed of"
News,Milk,chemical,True,1,1,0.8,0.8,0.8,0.8,0.8,1,0,chemical (1),oil-3e4b99bb3db62534,https://timesofindia.indiatimes.com/city/thiruvananthapuram/special-squads-to-conduct-inspections-at-food-outlets/articleshow/93977742.cms,chemical-added milk
News,Milk,non milk raw materials,True,1,1,0.8,0.8,0.8,0.8,0.8,1,0,non-milk raw materials (1),666798d4-f5e5-4b7b-9f35-3e99a5249e35,https://timesofindia.indiatimes.com/city/surat/surat-sees-13-fold-spike-in-fake-substandard-food/articleshow/127917193.cms,manufactured using raw materials other than milk and were being sold as genuine milk-based items
News,Milk,tallow,True,1,1,0.8,0.8,0.8,0.8,0.8,1,0,tallow (1),milk-720e2976cdc79b39,https://www.thehindu.com/sci-tech/health/tirupati-laddu-row-on-the-economics-of-and-adulterants-in-ghee-explained/article68705077.ece,tallow are much cheaper than milk fats
News,Mustard oil,cottonseed oil,True,1,1,0.8,0.8,0.8,0.8,0.8,1,0,cottonseed oil (1),af478a64-49c5-4253-b271-591bf8a3ce97,https://timesofindia.indiatimes.com/life-style/food-news/mustard-oil-adulterated-with-heart-unhealthy-palm-oil-3-simple-tests-to-find-out/photostory/120931401.cms,"adulteration in edible oils is widespread, with distinctive contaminants, including cottonseed"
News,Palm oil,cottonseed oil,True,1,1,0.8,0.8,0.8,0.8,0.8,1,0,cottonseed oil (1),oil-f6ba9521ee12463e,https://www.freepressjournal.in/business/indonesia-to-lift-ban-on-palm-oil-exports-from-may-23,shift to alternatives such as ... cottonseed oil
News,Palm oil,rice bran oil,True,1,1,0.8,0.8,0.8,0.8,0.8,1,0,rice bran oil (1),oil-f6ba9521ee12463e,https://www.freepressjournal.in/business/indonesia-to-lift-ban-on-palm-oil-exports-from-may-23,shift to alternatives such as rice bran oil
News,Paneer,adulterant,False,1,1,0.8,0.8,0.8,0.8,0.8,1,0,adulterant (1),milk-39a511236292f944,https://timesofindia.indiatimes.com/city/lucknow/crackdown-on-adulterated-food-across-state-ahead-of-diwali/articleshow/124589368.cms,400 kg of adulterated paneer was destroyed
News,Paneer,low quality milk substitutes,True,1,1,0.8,0.8,0.8,0.8,0.8,1,0,low-quality milk substitutes (1),milk-483ee5bce86d2d3d,https://thelogicalindian.com/hyderabad-crackdown-3892-kg-adulterated-paneer-seized-6-arrested-for-supplying-unsafe-dairy-products/,"paneer made using chemicals, starch or low-quality milk substitutes"
News,Paneer,synthetic agents,True,1,1,0.8,0.8,0.8,0.8,0.8,1,0,synthetic agents (1),milk-9072720be8595f77,https://www.dnaindia.com/health/report-zee-media-zara-sochiye-campaign-makes-you-think-about-food-adulteration-not-once-but-twice-3200012,Paneer may contain starch or synthetic agents.
News,bakery products,expired ingredients,True,1,1,0.8,0.8,0.8,0.8,0.8,1,0,expired ingredients (1),oil-d5d0fcd9c566a8e6,https://www.indiatoday.in/cities/hyderabad/story/cyberabad-food-adulteration-raids-hyderabad-rs-64-lakh-seizure-28-arrested-2900680-2026-04-23,units that came under the scanner allegedly used expired ingredients
News,binni refined oil,vitamin d,True,1,1,0.8,0.8,0.8,0.8,0.8,1,0,Vitamin D (1),oil-4d6bfb72c0733299,https://www.hindustantimes.com/cities/chandigarh-news/health-dept-seizes-352-boxes-of-refined-oil-after-6-hospitalised-101745259236048.html,the refined oil reportedly had a high level of vitamin D
News,biryani,cheap quality spices,True,1,1,0.8,0.8,0.8,0.8,0.8,1,0,cheap quality spices (1),b85e00e3-c751-478f-ace8-f6044e816d41,https://timesofindia.indiatimes.com/city/vijayawada/fssai-experts-warn-of-adulterated-biryani/articleshow/87229905.cms,Biryani makers are using cheap quality spices
News,biscuits,sodium benzoate,True,1,1,0.8,0.8,0.8,0.8,0.8,1,0,sodium benzoate (1),ea51c75b-4b85-48fb-bbb7-8fde23c110aa,https://www.thehansindia.com/telangana/hyderabad-turning-into-capital-of-adulterated-food-1063581,biscuits were prepared using rotten eggs and including chemicals - sodium benzoate
News,biscuits,sorbic acid,True,1,1,0.8,0.8,0.8,0.8,0.8,1,0,sorbic acid (1),ea51c75b-4b85-48fb-bbb7-8fde23c110aa,https://www.thehansindia.com/telangana/hyderabad-turning-into-capital-of-adulterated-food-1063581,and sorbic acid
News,branded edible oils,locally procured oils,True,1,1,0.8,0.8,0.8,0.8,0.8,1,0,locally procured oils (1),oil-c7450cd8242f888e,https://timesofindia.indiatimes.com/city/nagpur/fda-to-focus-on-edible-oil-during-food-safety-week/articleshow/93416043.cms,add locally procured oils in the branded ones for lowering its price
News,chemical laced fish,chemical,True,1,1,0.8,0.8,0.8,0.8,0.8,1,0,chemical (1),oil-a380cc8a0134268e,https://www.thehindu.com/news/national/kerala/district-administration-to-strengthen-food-safety-enforcement/article67001558.ece,seizing chemical-laced fish
News,chips,artificial additives,True,1,1,0.8,0.8,0.8,0.8,0.8,1,0,artificial additives (1),milk-71b4c09b2facdd5c,https://www.deccanchronicle.com/southern-states/telangana/crackdown-reveals-dirty-underbelly-of-citys-food-businesses-1948147,"Chips/candy – 1 – 100 kgs – Poor quality oil, artificial additives"
News,citrus fruits,artificial wax,True,1,1,0.8,0.8,0.8,0.8,0.8,1,0,artificial wax (1),oil-e3fbe637ba51632f,https://zeenews.india.com/health/10-common-foods-that-might-be-deceiving-you-2828611,Some citrus fruits are coated with artificial wax to keep them fresh longer
News,eggs,housefly infestation,True,1,1,0.8,0.8,0.8,0.8,0.8,1,0,housefly infestation (1),oil-9670a6b3bb3ed07b,https://www.deccanchronicle.com/southern-states/telangana/food-safety-raids-expose-major-hygiene-violations-at-nagole-eateries-1958121,housefly-infested eggs
News,fish,tcdd,True,1,1,0.8,0.8,0.8,0.8,0.8,1,0,TCDD (1),milk-e7de144114acb0ad,https://www.hindustantimes.com/lifestyle/art-culture/tradeoffs-your-burning-trash-has-much-in-common-with-the-vietnam-war-says-mridula-ramesh-101720189463893.html,when a person eats a fish tainted with it
News,food,toxic particles,True,1,1,0.8,0.8,0.8,0.8,0.8,1,0,toxic particles (1),milk-5fffa5696a978146,http://www.newindianexpress.com/magazine/2023/aug/13/you-are-always-eating-plastic-and-now-drowning-in-it-2604005.html,microwaving food in plastic containers could release billions of toxic particles
News,fruits and vegetables,chemical nutrients,True,1,1,0.8,0.8,0.8,0.8,0.8,1,0,chemical nutrients (1),milk-af1ce0c3ea9cfd70,https://www.sentinelassam.com/editorial/food-safety-enforcement-and-awareness-652715,use of higher quantities of chemical nutrients
News,ginger garlic paste,additives,True,1,1,0.8,0.8,0.8,0.8,0.8,1,0,additives (1),848d2056-4c85-4c86-9730-15f585f6e511,https://www.hindustantimes.com/cities/others/from-adulterated-ginger-garlic-paste-to-osmania-biscuits-t-gana-cracksdown-on-illegal-food-units-101775038432096.html,using inferior raw materials and additives
News,laddu,chemical esters,True,1,1,0.8,0.8,0.8,0.8,0.8,1,0,chemical esters (1),416cb393-3146-450d-b1c3-8c0967ec7297,https://www.thehansindia.com/andhra-pradesh/sit-chargesheet-sparks-political-storm-over-tirumala-laddu-ghee-1043586,"over 20 crore laddus were prepared using material derived from palm oil, palmolein and chemical esters"
News,laddu,tainted ghee,True,1,1,0.8,0.8,0.8,0.8,0.8,1,0,tainted ghee (1),1fe9639d-5c39-472e-94a7-73ac2b03bfce,https://www.thehansindia.com/andhra-pradesh/sit-uncovers-massive-ghee-adulteration-1025488,estimate how many laddus may have been touched by the tainted ghee
News,laddu prasadam,adulterated cow ghee,True,1,1,0.8,0.8,0.8,0.8,0.8,1,0,adulterated cow ghee (1),062b101b-b9c4-4511-831b-10bd576db960,https://www.newindianexpress.com/states/andhra-pradesh/2024/Sep/27/andhra-government-sets-up-sit-to-probe-ghee-adulteration,alleged use of adulterated ghee in the preparation of Laddu Prasadam
News,laddus,adulterated ghee,False,1,1,0.8,0.8,0.8,0.8,0.8,1,0,adulterated ghee (1),milk-badc57c3ebacce2c,https://www.deccanchronicle.com/southern-states/andhra-pradesh/probe-says-over-20-crore-spurious-tirumala-laddus-sold-between-20192024-1918657,adulterated ghee mixed into the general stock
News,new product,old oil,True,1,1,0.8,0.8,0.8,0.8,0.8,1,0,old oil (1),oil-85127f0bde3109d3,https://www.thehindu.com/news/cities/Hyderabad/oils-not-well-food-safety-teams-smell-fraud/article65290089.ece,suspicion that old oil is being packed and sold as new product
News,organic dark chocolate,lead,True,1,1,0.8,0.8,0.8,0.8,0.8,1,0,lead (1),milk-681b94301c4f1a61,https://indianexpress.com/article/lifestyle/health/scientists-keep-finding-heavy-metals-in-dark-chocolate-should-you-worry-9492306/,organic products were more likely to have higher concentrations
News,powdered infant formula,enterobacteriaceae,True,1,1,0.8,0.8,0.8,0.8,0.8,1,0,Enterobacteriaceae (1),milk-41fa8a1322cd24cd,https://www.deccanherald.com/health/explained-why-this-ngo-urged-centre-to-alert-parents-on-formula-milk-4012521,"Enterobacteriaceae, a major concern during formula milk production"
News,prawns,contaminants,False,1,1,0.8,0.8,0.8,0.8,0.8,1,0,contaminants (1),milk-c8fb0b31578650eb,https://economictimes.indiatimes.com/news/web-stories/9-foods-to-avoid-during-the-monsoon-season-for-better-health/slideshow/123281531.cms,prawns are more likely to be contaminated
News,protein supplements,unverified herbal stimulants,True,1,1,0.8,0.8,0.8,0.8,0.8,1,0,unverified herbal stimulants (1),milk-8fb413472dd724f9,https://www.newindianexpress.com/cities/hyderabad/2025/Dec/10/is-your-protein-safe,and even unverified herbal stimulants
News,reused oil,unfit oil,True,1,1,0.8,0.8,0.8,0.8,0.8,1,0,unfit oil (1),oil-b2af47a059937045,https://economictimes.indiatimes.com/industry/services/hotels-/-restaurants/mcdonalds-india-outlet-gets-regulatory-warning-over-rotten-tomatoes-reused-oil/articleshow/128257878.cms,oil repeatedly used in cooking and unfit of consumption
News,saffron,auramine,True,1,1,0.8,0.8,0.8,0.8,0.8,1,0,auramine (1),milk-bb864d8d03055611,https://www.thehindu.com/sci-tech/health/auramine-in-indian-food-why-a-banned-dye-keeps-returning-explained/article70313811.ece,"mimics saffron, turmeric, or permitted synthetic colours"
News,salty snacks,expired ingredients,True,1,1,0.8,0.8,0.8,0.8,0.8,1,0,expired ingredients (1),oil-d5d0fcd9c566a8e6,https://www.indiatoday.in/cities/hyderabad/story/cyberabad-food-adulteration-raids-hyderabad-rs-64-lakh-seizure-28-arrested-2900680-2026-04-23,units that came under the scanner allegedly used expired ingredients
News,special barfi,milk powder,True,1,1,0.8,0.8,0.8,0.8,0.8,1,0,milk powder (1),6a815194-b557-400b-b849-42efed9c175a,https://timesofindia.indiatimes.com/city/pune/fda-widens-checks-ahead-of-festival-seizes-adulterated-food-worth-rs-11-lakh-in-pune/articleshow/95022413.cms,"But substandard khoya, made by mixing milk powder, edible oil/vanaspati and sugar, is being sold at cheaper rates as âspecial barfiâ"
News,special barfi,vanaspati,True,1,1,0.8,0.8,0.8,0.8,0.8,1,0,vanaspati (1),6a815194-b557-400b-b849-42efed9c175a,https://timesofindia.indiatimes.com/city/pune/fda-widens-checks-ahead-of-festival-seizes-adulterated-food-worth-rs-11-lakh-in-pune/articleshow/95022413.cms,"But substandard khoya, made by mixing milk powder, edible oil/vanaspati and sugar, is being sold at cheaper rates as âspecial barfiâ"
News,street food,carcinogenic compounds,True,1,1,0.8,0.8,0.8,0.8,0.8,1,0,carcinogenic compounds (1),milk-8525c631cb260a24,https://timesofindia.indiatimes.com/life-style/food-news/your-monsoon-cravings-for-chai-and-pakoda-could-be-cancer-traps-warns-a-specialist/articleshow/123502565.cms,"consumption of contaminated street food are common during the monsoon, and these can all release carcinogenic compounds"
News,Cheese,listeria,True,1,1,0.75,0.75,0.75,0.75,0.75,0,0,Listeria (1),milk-fd2049abe5c1c74f,https://timesofindia.indiatimes.com/life-style/health-fitness/health-news/gbs-outbreak-avoid-paneer-cheese-rice-warns-doctor-as-deadly-gbs-infection-crosses-100-one-death-reported/articleshow/117591421.cms,"paneer and cheese are dairy products, they are also more likely to contain Listeria"
News,Cheese,non milk raw materials,True,1,1,0.75,0.75,0.75,0.75,0.75,0,0,non-milk raw materials (1),666798d4-f5e5-4b7b-9f35-3e99a5249e35,https://timesofindia.indiatimes.com/city/surat/surat-sees-13-fold-spike-in-fake-substandard-food/articleshow/127917193.cms,manufactured using raw materials other than milk and were being sold as genuine milk-based items
News,Coconut oil,chemicals,False,1,1,0.75,0.75,0.75,0.75,0.75,0,0,chemicals (1),oil-47d6200278e23ef8,https://timesofindia.indiatimes.com/life-style/food-news/how-to-check-the-purity-of-coconut-oil/articleshow/116632336.cms,adulterated with other oils or chemicals
News,Coconut oil,spurious edible oils,True,1,1,0.75,0.75,0.75,0.75,0.75,0,0,spurious edible oils (1),oil-8cfc3ae5dd7e274b,https://www.thehindu.com/news/national/kerala/food-safety-raids-to-check-entry-of-spurious-coconut-oil-into-market/article69828078.ece,spurious edible oils entering the market in the guise of coconut oil
News,Edible/cooking oil,contaminants,False,1,1,0.75,0.75,0.75,0.75,0.75,0,0,contaminants (1),oil-b7954a885553edba,https://www.thehindubusinessline.com/news/about-242-edible-oil-samples-non-compliant-on-safety-standards/article38062922.ece,problem of contaminants
News,Edible/cooking oil,hazardous storage contaminants,True,1,1,0.75,0.75,0.75,0.75,0.75,0,0,hazardous storage contaminants (1),oil-dd1aa09a52bacc6f,https://www.freepressjournal.in/mumbai/fda-crackdown-on-adulterated-banned-food-in-vasai-virar-18-shops-sealed-14-lakh-worth-goods-confiscated,stored in old and reused tins that are hazardous to human health
News,Edible/cooking oil,reused cooking oil,True,1,1,0.75,0.75,0.75,0.75,0.75,0,0,reused cooking oil (1),oil-af3a540365afc7c2,https://www.thehindu.com/news/cities/Hyderabad/food-safety-raids-at-hyderabad-bakery-brewery-uncover-expired-food-pest-infestation-hygiene-violations/article71003523.ece,suspected reuse of cooking oil
News,Ghee,adulterated variants,True,1,1,0.75,0.75,0.75,0.75,0.75,0,0,adulterated variants (1),3d6b98eb-c79e-460c-883b-9c997ffea009,https://economictimes.indiatimes.com/small-biz/gst/a-spoonful-of-policy-change-why-a-lower-tax-slab-for-ghee-under-gst-2-0-is-good-for-hearts-homes-and-farmers/articleshow/123557125.cms,ghee is frequently replaced with palm oil or adulterated variants
News,Ghee,contaminated substance,True,1,1,0.75,0.75,0.75,0.75,0.75,0,0,contaminated substance (1),b77861f3-9e86-4450-a13f-4522abb6a8ef,https://www.deccanchronicle.com/southern-states/andhra-pradesh/tirupati-laddu-row-sc-orders-new-sit-probe-into-ghee-adulteration-1828123,ghee consignments that reached the hill on both the days were contaminated
News,Ghee,ghee from sri vyshnavi dairy specialties,True,1,1,0.75,0.75,0.75,0.75,0.75,0,0,ghee from Sri Vyshnavi Dairy Specialties (1),caae3943-065a-475a-a6fe-f5706ce3db97,https://www.livemint.com/news/fssai-suspends-ar-dairy-licence-ghee-adulteration-false-information-11755422633259.html,"ghee was procured from another firm, Sri Vyshnavi Dairy Specialties"
News,Ghee,low quality substances,True,1,1,0.75,0.75,0.75,0.75,0.75,0,0,low-quality substances (1),747266ac-7152-4364-9073-fb35b101266c,https://economictimes.indiatimes.com/news/new-updates/hyderabad-fake-ghee-raid-how-3000-kg-of-cow-buffalo-cream-were-mixed-with-cheap-substances-and-supplied-to-public/articleshow/129141501.cms,contain cheap oils and low-quality substances
News,Ghee,non milk raw materials,True,1,1,0.75,0.75,0.75,0.75,0.75,0,0,non-milk raw materials (1),666798d4-f5e5-4b7b-9f35-3e99a5249e35,https://timesofindia.indiatimes.com/city/surat/surat-sees-13-fold-spike-in-fake-substandard-food/articleshow/127917193.cms,manufactured using raw materials other than milk and were being sold as genuine milk-based items
News,Ghee,procured ghee,True,1,1,0.75,0.75,0.75,0.75,0.75,0,0,procured ghee (1),4c67d899-fab5-4e78-9274-526d6a4fe0bb,https://timesofindia.indiatimes.com/city/vijayawada/tirupati-laddu-row-sc-appoints-independent-sit-to-investigate-ghee-adulteration/articleshow/113931149.cms,ghee supplied by the contractor was not manufactured at his facility but procured from outside
News,Ghee,substandard ghee,True,1,1,0.75,0.75,0.75,0.75,0.75,0,0,substandard ghee (1),f319102d-533a-41ff-9f08-6bda6778bb7e,https://www.dnaindia.com/india/report-tirupati-laddu-row-fssai-issues-show-cause-notice-to-ghee-supplier-a-r-dairy-food-private-ltd-3109244,allegedly supplying substandard ghee to Tirumala Tirupati Devasthanam
News,Khoya/mawa,adulterated khoya,True,1,1,0.75,0.75,0.75,0.75,0.75,0,0,adulterated khoya (1),oil-4fbda6d120cd353d,https://www.hindustantimes.com/india-news/almost-3-000-quintals-of-spurious-food-seized-1-155-quintals-destroyed-ahead-of-diwali-in-up-101760536940401.html,"in Lucknow, 802 kg of khoya was disposed of"
News,Khoya/mawa,ghee,True,1,1,0.75,0.75,0.75,0.75,0.75,0,0,ghee (1),d10916e4-7201-468c-b3ed-3d36f7cb2df5,https://www.hindustantimes.com/cities/gurugram-news/fda-gurugram-s-falls-short-in-its-sampling-efforts-during-diwali-101760641749819.html,"usage of low-quality ghee, starch and flour in khoya"
News,Khoya/mawa,inexpensive ingredients,True,1,1,0.75,0.75,0.75,0.75,0.75,0,0,inexpensive ingredients (1),milk-244bdc2b0ea18527,https://thelogicalindian.com/festive-sweets-and-hidden-risks-why-adulterated-food-returns-every-holi-diwali-in-indian-markets/,produce fake khoya or paneer using inexpensive ingredients
News,Khoya/mawa,spoiled khoya,True,1,1,0.75,0.75,0.75,0.75,0.75,0,0,spoiled khoya (1),840ccd90-eea9-4518-8c1e-7de17027ae83,https://www.livemint.com/news/india/gujarat-news-1-401-kg-of-adulterated-paneer-seized-in-surat-food-outlet-was-operating-without-licence-says-fssai-11772801034522.html,The seized spoiled khoya was discarded
News,Khoya/mawa,substandard quality,True,1,1,0.75,0.75,0.75,0.75,0.75,0,0,substandard quality (1),oil-f03f3d017d2d3f85,https://www.freepressjournal.in/bhopal/bhopal-1600-kgs-of-adulterated-mawa-seized-from-gwalior-bhopal-bus-during-routine-check-at-isbt-over-2000-kg-seized-across-mp,found substandard quality of Mawa
News,Milk,adulterated milk,False,1,1,0.75,0.75,0.75,0.75,0.75,0,0,adulterated milk (1),milk-a8d0e77d4e81ba30,https://www.mid-day.com/news/india-news/article/four-die-in-andhra-pradeshs-rajamahendravaram-after-consuming-adulterated-milk-23617939,allegedly consuming adulterated milk
News,Milk,toxic adulterant,True,1,1,0.75,0.75,0.75,0.75,0.75,0,0,toxic adulterant (1),milk-fee04d246b2dec08,https://www.en.etemaaddaily.com/world/national/death-toll-rises-to-13-andhra-milk-contamination:191121,"samples of milk, paneer, ghee, drinking water and vinegar for surveillance and enforcement. The samples have been sent to laboratories, including JNTU Kakinada and VIMTA Labs in Hyderabad for microbial, physio-chemical and toxic adulterant analysis."
News,Milk,toxins,True,1,1,0.75,0.75,0.75,0.75,0.75,0,0,toxins (1),milk-ac16214f09ab2f5a,https://indianexpress.com/article/health-wellness/global-recall-baby-formula-nestle-india-contamination-10461863/,milk sourced from those regions may contain higher levels of toxins
News,Mustard oil,adulterant,False,1,1,0.75,0.75,0.75,0.75,0.75,0,0,Adulterant (1),oil-c2fa50179af284f7,https://timesofindia.indiatimes.com/city/noida/flies-hovering-on-them-145kg-rasgullas-destroyed-by-food-safety-officials-in-noida/articleshow/124489677.cms,seized around 285kg of mustard oil ... after it appeared adulterated
News,Mustard oil,canola rapeseed mustard,True,1,1,0.75,0.75,0.75,0.75,0.75,0,0,Canola rapeseed-mustard (1),oil-177750d6de6b9fbc,https://indianexpress.com/article/cities/chandigarh/ban-on-blending-of-mustard-oil-will-benefit-farmers-lead-to-more-production-of-healthier-alternative-7378786/,replacing traditional rapeseed-mustard oil varieties with Canola rapeseed-mustard
News,Mustard oil,substandard quality,True,1,1,0.75,0.75,0.75,0.75,0.75,0,0,substandard quality (1),oil-7b8839ea47991949,https://timesofindia.indiatimes.com/city/jaipur/over-12000-litre-of-spurious-oil-seized/articleshow/110316417.cms,substandard mustard oil of Ranthambore brand
News,Palm oil,mislabeling,True,1,1,0.75,0.75,0.75,0.75,0.75,0,0,Mislabeling (1),oil-8def60e07689e7d1,https://www.hindustantimes.com/cities/noida-news/ahead-of-holi-food-safety-raids-net-unhygienic-sweets-mislabelled-oils-in-gb-nagar-101771877000656.html,sold with fortification logos despite not being fortified
News,Palm oil,palm oil family,True,1,1,0.75,0.75,0.75,0.75,0.75,0,0,adulterated palm oil (1),milk-d3ae77ccfaebb383,https://www.hindustantimes.com/cities/pune-news/ensure-quality-prasad-pune-fda-tells-ganpati-mandals-sweet-sellers-101694887549275.html,"stock of adulterated ice cream, skim milk powder, plants, and palm oil were confiscated"
News,Paneer,adulterated substance,True,1,1,0.75,0.75,0.75,0.75,0.75,0,0,adulterated substance (1),c0b138ca-a4a9-49d0-abbd-02e4f2a303ff,https://timesofindia.indiatimes.com/life-style/food-news/1500-kg-fake-paneer-and-mawa-seized-in-ghaziabad-8-smart-alternatives-for-popular-dishes-for-the-holi-celebration/photostory/128815903.cms,adulterated paneer
News,Paneer,artificial substance,True,1,1,0.75,0.75,0.75,0.75,0.75,0,0,artificial substance (1),21f34da3-1033-4ec8-8ed0-8d591d22d430,https://timesofindia.indiatimes.com/city/ludhiana/15-quintals-of-adulterated-paneer-destroyed-in-ludhiana-raid/articleshow/114179698.cms,suspected to be artificial/spurious one
News,Paneer,contaminated substance,True,1,1,0.75,0.75,0.75,0.75,0.75,0,0,contaminated substance (1),oil-14ebf9a1cddc60b6,https://www.hindustantimes.com/cities/noida-news/noida-expands-food-safety-inspection-ahead-of-holi-101772047234259.html,"paneer, seemed to be adulterated"
News,Paneer,foul smelling substance,True,1,1,0.75,0.75,0.75,0.75,0.75,0,0,foul smelling substance (1),oil-b0efa5da2758d25f,https://timesofindia.indiatimes.com/city/noida/suspected-adulterated-paneer-seized-in-jewar-case-against-dairy-operators-likely/articleshow/123874120.cms,paneer was not only smelling foul but was clearly unfit for human consumption
News,Paneer,inexpensive ingredients,True,1,1,0.75,0.75,0.75,0.75,0.75,0,0,inexpensive ingredients (1),milk-244bdc2b0ea18527,https://thelogicalindian.com/festive-sweets-and-hidden-risks-why-adulterated-food-returns-every-holi-diwali-in-indian-markets/,produce fake khoya or paneer using inexpensive ingredients
News,Paneer,listeria,True,1,1,0.75,0.75,0.75,0.75,0.75,0,0,Listeria (1),milk-fd2049abe5c1c74f,https://timesofindia.indiatimes.com/life-style/health-fitness/health-news/gbs-outbreak-avoid-paneer-cheese-rice-warns-doctor-as-deadly-gbs-infection-crosses-100-one-death-reported/articleshow/117591421.cms,"paneer and cheese are dairy products, they are also more likely to contain Listeria"
News,Paneer,non milk raw materials,True,1,1,0.75,0.75,0.75,0.75,0.75,0,0,non-milk raw materials (1),666798d4-f5e5-4b7b-9f35-3e99a5249e35,https://timesofindia.indiatimes.com/city/surat/surat-sees-13-fold-spike-in-fake-substandard-food/articleshow/127917193.cms,"paneer, cheese and other food products worth Rs 14.23 lakh in 2024, the seizures jumped to Rs 1.96 crore in 2025. In terms of quantity, the civic body seized 4,860 kg of unhealthy food products in 2024, which surged to 75,356 kg in 2025. Officials said many of these products were being manufactured using raw materials other than milk and were being sold as genuine milk-based items."
News,Paneer,other contaminants,True,1,1,0.75,0.75,0.75,0.75,0.75,0,0,other contaminants (1),7b8de832-f8a5-48da-98bf-489a880c39a4,https://www.thehansindia.com/telangana/task-force-seizes-3892-kg-of-adulterated-dairy-products-1057804,"exposed to dust, flies, and other contaminants"
News,Paneer,unknown contaminant,True,1,1,0.75,0.75,0.75,0.75,0.75,0,0,unknown contaminant (1),32115ea1-6c5c-470d-93fc-b876a953f722,https://timesofindia.indiatimes.com/city/jaipur/adulterated-paneer-destroyed/articleshow/107738411.cms,paneer was destroyed suspected it to be contaminated
News,Paneer,unsafe condition,True,1,1,0.75,0.75,0.75,0.75,0.75,0,0,unsafe condition (1),oil-438415c185832786,https://timesofindia.indiatimes.com/city/ahmedabad/amc-seizes-105-tins-of-suspicious-cooking-oil-from-behrampura/articleshow/120648762.cms,sample of malai paneer from Baba Deep Singh Restaurant was declared unsafe
News,Paneer,unspecified adulterant in paneer,True,1,1,0.75,0.75,0.75,0.75,0.75,0,0,unspecified adulterant in paneer (1),oil-a26bcbfa2bd6aa25,https://timesofindia.indiatimes.com/city/noida/no-licence-two-noida-meat-shops-fined-rs-1-8-lakh-each/articleshow/118013119.cms,adulterated paneer samples
News,Rice bran oil,unknown adulterant in rice bran oil,True,1,1,0.75,0.75,0.75,0.75,0.75,0,0,unknown adulterant in rice bran oil (1),oil-fc714f38909e4348,https://timesofindia.indiatimes.com/city/noida/dry-fruit-oil-traders-under-scanner-ahead-of-rakshabandhan/articleshow/123103360.cms,seized 150 kg of refined rice bran oil suspected to be adulterated
News,Soybean oil,argemone oil,True,1,1,0.75,0.75,0.75,0.75,0.75,0,0,argemone oil (1),oil-73603e3fbe5b2e10,https://timesofindia.indiatimes.com/city/kolkata/185-spurious-mustard-oil-cans-seized-in-burrabazar/articleshow/87938067.cms,level of adulteration was found to be higher in unpackaged samples of mustard and soybean oil
News,adulterated oils,unspecified adulterant,False,1,1,0.75,0.75,0.75,0.75,0.75,0,0,unspecified adulterant (1),oil-e84116f914141f66,https://www.newindianexpress.com/cities/vijayawada/2024/Sep/19/vigilance-sleuths-conduct-raids-on-oil-traders-across-andhra-87-cases-booked,engaging in unauthorised hoarding and trading of adulterated oils
News,adulterated toddy,chemicals,False,1,1,0.75,0.75,0.75,0.75,0.75,0,0,chemicals (1),milk-5be21d6745a99c71,http://www.newindianexpress.com/states/telangana/2023/apr/14/political-mudslinging-begins-over-deaths-in-telangana-due-to-adulterated-toddy-2565739.html,illicit liquor laced with chemicals
News,basmati rice,colours,True,1,1,0.75,0.75,0.75,0.75,0.75,0,0,colours (1),milk-bedd8503e14f8c62,https://www.thehindu.com/news/national/telangana/increase-food-safety-inspections-fssai-tells-city-officials/article66383594.ece,"colours and flavours used in Basmati rice and tea, where there is scope for adulteration"
News,colour infused sweets,synthetic colours,True,1,1,0.75,0.75,0.75,0.75,0.75,0,0,synthetic colours (1),c6dcef79-69bf-47eb-a0b5-7b4d6bef00fc,https://www.siasat.com/60-kg-of-sweets-seized-in-food-safety-raids-across-telangana-3284945/,colour-infused sweets
News,dairy products,chemicals,False,1,1,0.75,0.75,0.75,0.75,0.75,0,0,chemicals (1),747266ac-7152-4364-9073-fb35b101266c,https://economictimes.indiatimes.com/news/new-updates/hyderabad-fake-ghee-raid-how-3000-kg-of-cow-buffalo-cream-were-mixed-with-cheap-substances-and-supplied-to-public/articleshow/129141501.cms,low-quality oils and chemicals are used in place of genuine dairy ingredients
News,dairy products,low quality oils,True,1,1,0.75,0.75,0.75,0.75,0.75,0,0,low-quality oils (1),747266ac-7152-4364-9073-fb35b101266c,https://economictimes.indiatimes.com/news/new-updates/hyderabad-fake-ghee-raid-how-3000-kg-of-cow-buffalo-cream-were-mixed-with-cheap-substances-and-supplied-to-public/articleshow/129141501.cms,low-quality oils and chemicals are used in place of genuine dairy ingredients
News,egg,substances containing carcinogenic elements,True,1,1,0.75,0.75,0.75,0.75,0.75,0,0,substances containing carcinogenic elements (1),milk-82f50de033152ec7,https://www.sentinelassam.com/topheadlines/assam-sample-testing-detects-aggravated-food-adulteration,allegations of the use of substances containing carcinogenic elements in eggs
News,egg,underweight egg,True,1,1,0.75,0.75,0.75,0.75,0.75,0,0,underweight egg (1),2541573f-d4ab-41f3-af08-7dd3bcb11ea1,https://www.indiatoday.in/opinion/story/not-just-paneer-india-has-an-egg-problem-as-well-2806035-2025-10-21?utm_source=rss,kids getting eggs that weighed merely 31 grams
News,eggs,nitrofurans,True,1,1,0.75,0.75,0.75,0.75,0.75,0,0,nitrofurans (1),bb333e84-0a99-4253-b624-c903c70e742a,https://timesofindia.indiatimes.com/life-style/food-news/poor-quality-eggs-being-sold-online-fssai-seeks-detailed-explanation-from-e-commerce-and-how-it-is-going-to-help-customers/articleshow/131148889.cms,concerns about possible traces of nitrofurans
News,ethanol,methanol,True,1,1,0.75,0.75,0.75,0.75,0.75,0,0,methanol (1),oil-5cdf46d5fd96d609,https://www.freepressjournal.in/mumbai/pune-hooch-tragedy-maharashtra-fda-launches-statewide-crackdown-on-970-chemical-suppliers-seizes-methanol-in-thane-raid,toxic methanol allegedly used in manufacturing spurious liquor
News,ginger garlic paste,preservatives,True,1,1,0.75,0.75,0.75,0.75,0.75,0,0,preservatives (1),0109eea0-3adc-4177-a6f7-e3bc31bf237d,https://indianexpress.com/article/lifestyle/health/adulterated-ghee-ginger-garlic-paste-hyderabad-consume-10107480/,It may also contain artificial colours and preservatives to make it appear fresh
News,groundnut,contaminant,True,1,1,0.75,0.75,0.75,0.75,0.75,0,0,contaminant (1),milk-cce0bc678a6f444e,https://timesofindia.indiatimes.com/city/bengaluru/experts-raise-concern-over-spirulina-chikki-for-schools-hostels-in-ktaka/articleshow/119553201.cms,groundnuts were contaminated and stale
News,ice cream,adulterated ice cream,True,1,1,0.75,0.75,0.75,0.75,0.75,0,0,adulterated ice cream (1),milk-d3ae77ccfaebb383,https://www.hindustantimes.com/cities/pune-news/ensure-quality-prasad-pune-fda-tells-ganpati-mandals-sweet-sellers-101694887549275.html,stock of adulterated ice cream
News,kalakand,unhygienic and inferior quality,True,1,1,0.75,0.75,0.75,0.75,0.75,0,0,unhygienic and inferior quality (1),f3d1970f-7af2-468e-83ca-8683e254f149,https://timesofindia.indiatimes.com/city/hyderabad/adulterated-paneer-dairy-products-seized-in-city/articleshow/129664784.cms,seized 3.8 tonnes of unhygienic and inferior quality Paneer
News,khoa,dust,True,1,1,0.75,0.75,0.75,0.75,0.75,0,0,dust (1),f3d1970f-7af2-468e-83ca-8683e254f149,https://timesofindia.indiatimes.com/city/hyderabad/adulterated-paneer-dairy-products-seized-in-city/articleshow/129664784.cms,storing them in open plastic bags exposed to dust
News,laddu,life threatening chemicals,True,1,1,0.75,0.75,0.75,0.75,0.75,0,0,life-threatening chemicals (1),e1955bc5-123d-4ca0-b875-2d75b1f718f1,https://www.hindustantimes.com/india-news/ttd-chief-says-real-culprits-ignored-in-sit-charge-sheet-on-ghee-row-101769799977686.html,life-threatening chemicals were used during the laddu-making process
News,laddu prasadam,low standard ingredients,True,1,1,0.75,0.75,0.75,0.75,0.75,0,0,low-standard ingredients (1),e7f0a4dd-2f44-4090-8c02-d718c3d1d13e,https://www.financialexpress.com/india-news/tirupati-laddu-row-supreme-court-rejects-petition-for-cbi-probe-into-adulterated-laddu-case/3659952/,low-standard ingredients and adulterated ghee were used
News,locally prepared snacks,auramine,True,1,1,0.75,0.75,0.75,0.75,0.75,0,0,auramine (1),milk-bb864d8d03055611,https://www.thehindu.com/sci-tech/health/auramine-in-indian-food-why-a-banned-dye-keeps-returning-explained/article70313811.ece,locally prepared snacks in India can sometimes increase exposure to products that may contain industrial dyes
News,pan masala,prohibited food items,True,1,1,0.75,0.75,0.75,0.75,0.75,0,0,prohibited food items (1),c71246d7-20c3-49f7-9e44-c43e0a62634b,https://timesofindia.indiatimes.com/city/mumbai/maharashtra-fda-conducts-raids-across-cities-seizes-banned-and-adulterated-items-worth-rs-40-lakh-33-arrested-for-selling-gutka/articleshow/131376144.cms,"selling gutka, pan masala and similar prohibited food items"
News,peda,unhygienic conditions,True,1,1,0.75,0.75,0.75,0.75,0.75,0,0,unhygienic conditions (1),ebfa6f83-3d2e-4e69-8aa2-98f37e5291a2,https://timesofindia.indiatimes.com/life-style/food-news/200-kg-of-unhygienic-and-adulterated-peda-destroyed-how-to-make-preservative-free-peda-at-home-for-bhog/articleshow/131264886.cms,200 kg of unhygienic and adulterated peda
News,rasgullas,contaminant,True,1,1,0.75,0.75,0.75,0.75,0.75,0,0,contaminant (1),oil-b69aa408b924b9b4,https://www.hindustantimes.com/cities/noida-news/gautam-budh-nagar-370-kg-sweets-750-ltr-oil-seized-in-food-safety-checks-101730140849789.html,contaminated rasgullas
News,raw split chickpeas,unsafe substance,True,1,1,0.75,0.75,0.75,0.75,0.75,0,0,unsafe substance (1),e3010210-d10f-4cdc-b715-8502379dddee,https://timesofindia.indiatimes.com/india/ghee-samples-taken-from-annavaram-temple/articleshow/113608021.cms,consuming unsafe raw split chickpeas
News,refined oil,unknown adulterant,False,1,1,0.75,0.75,0.75,0.75,0.75,0,0,unknown adulterant (1),oil-028241dff8c29c89,https://www.tribuneindia.com/news/punjab/spurious-food-items-seized-at-ferozepur-meritorious-school-568467,flour and oil seemed adulterated
News,soyoil,palm oil family,True,1,1,0.75,0.75,0.75,0.75,0.75,0,0,palm oil (1),oil-3fbef440fe9d3b12,https://economictimes.indiatimes.com/small-biz/trade/exports/insights/food-protectionism-ramps-up-as-indonesia-bans-palm-oil-exports/articleshow/91167554.cms,prices of palm and its substitute soyoil soaring
News,spices,adulterant,False,1,1,0.75,0.75,0.75,0.75,0.75,0,0,adulterant (1),milk-601e75b4d6efc3b2,https://www.siasat.com/one-nation-many-kitchens-a-decentralised-approach-to-safe-food-3241301/,adulterated spices
News,srivari laddu,ghee,True,1,1,0.75,0.75,0.75,0.75,0.75,0,0,ghee (1),30a45429-25e2-4280-9920-283473d8b1eb,https://www.deccanchronicle.com/southern-states/andhra-pradesh/ttd-laddus-hindu-groups-seek-action-against-ysrc-for-ghee-adulteration-1936141,alleged adulteration of Srivari Laddu prasadam
News,substandard flour,substandard,True,1,1,0.75,0.75,0.75,0.75,0.75,0,0,substandard (1),oil-081117bbf714a215,https://www.hindustantimes.com/cities/lucknow-news/prediwali-crackdown-on-food-adulteration-in-lucknow-101760112550766.html,400 kg of substandard flour
News,sweets,cheaper substitutes,True,1,1,0.75,0.75,0.75,0.75,0.75,0,0,cheaper substitutes (1),milk-244bdc2b0ea18527,https://thelogicalindian.com/festive-sweets-and-hidden-risks-why-adulterated-food-returns-every-holi-diwali-in-indian-markets/,"If the price of sweets falls far below typical market rates, it may indicate that cheaper substitutes have been used."
News,sweets,suspicious ingredients,True,1,1,0.75,0.75,0.75,0.75,0.75,0,0,suspicious ingredients (1),oil-9abe156eff4f4af1,https://www.indiatoday.in/cities/lucknow/story/lucknow-fsda-raids-rotten-adulterated-sweets-hygiene-violations-2818836-2025-11-13?utm_source=rss,recovered 36.64 quintals of adulterated and misbranded sweets and suspicious ingredients
News,tea,colours,True,1,1,0.75,0.75,0.75,0.75,0.75,0,0,colours (1),milk-bedd8503e14f8c62,https://www.thehindu.com/news/national/telangana/increase-food-safety-inspections-fssai-tells-city-officials/article66383594.ece,"colours and flavours used in Basmati rice and tea, where there is scope for adulteration"
News,tea,unknown green leaf or seed powder,True,1,1,0.75,0.75,0.75,0.75,0.75,0,0,unknown green leaf or seed powder (1),6a2af143-a3af-4df6-aad9-5ad9f93be1b6,https://www.newindianexpress.com/states/odisha/2021/jan/06/police-bust-fake-tea-manufacturing-unit-in-cuttack-45-quintals-seized-2246301.html,suspecting the ingredients to be the powder of either some green leaf or seeds
News,tirumala srivari laddu prasadam,adulterated ghee,False,1,1,0.75,0.75,0.75,0.75,0.75,0,0,adulterated ghee (1),416cb393-3146-450d-b1c3-8c0967ec7297,https://www.thehansindia.com/andhra-pradesh/sit-chargesheet-sparks-political-storm-over-tirumala-laddu-ghee-1043586,allegations of adulteration in the ghee used for preparing the Tirumala Srivari laddu prasadam
News,tirupati laddus,substandard ingredients,True,1,1,0.75,0.75,0.75,0.75,0.75,0,0,substandard ingredients (1),6721b632-2b4f-492a-840d-bb05d2a9f1af,https://www.rediff.com/news/report/tirupati-laddu-row-food-safety-regulator-notice-to-ghee-supplier/20240923.htm,used substandard ingredients and animal fat in Tirupati laddus
News,tirupati prasadam,animal fat,True,1,1,0.75,0.75,0.75,0.75,0.75,0,0,animal fat (1),milk-4461b9e34e6abf18,https://www.news18.com/politics/animal-fat-in-tirupati-laddu-prasadam-karnataka-milk-federation-clarifies-after-andhra-cms-allegations-9056355.html,allegation that animal fat was used in the ghee for making the famous Tirupati prasadam
News,traditional sweets,excessive color additives,True,1,1,0.75,0.75,0.75,0.75,0.75,0,0,excessive color additives (1),5118358f-2777-4bfd-a761-adb4bc1da763,https://www.hindustantimes.com/cities/chandigarh-news/ludhiana-out-of-134-samples-25-items-fail-food-safety-test-in-three-months-101697652910066.html,"vibrantly coloured traditional sweets, as they may contain excessive color additives"
News,ttd laddu,ghee,True,1,1,0.75,0.75,0.75,0.75,0.75,0,0,ghee (1),4f4747e5-4c4b-4c97-a4ec-1a49aa35c0d4,https://timesofindia.indiatimes.com/city/vijayawada/ex-ttd-chief-subba-reddy-says-hes-ready-for-satya-sodhana-pariksha-lie-test-in-ghee-adulteration-row/articleshow/125608973.cms,TTD laddu ghee adulteration
News,water,bacteria,True,1,1,0.75,0.75,0.75,0.75,0.75,0,0,bacteria (1),milk-5ecfbb31b7b63b64,https://indianexpress.com/article/lifestyle/health/doctors-monsoon-ailments-gut-health-constipation-diet-fibre-7424203/,water used to prepare it may contain bacteria
News,Butter,unknown adulterant,False,1,1,0.7,0.7,0.7,0.7,0.7,0,0,unknown adulterant (1),2168c735-49e3-449b-a930-c9762c99a353,https://timesofindia.indiatimes.com/city/pune/fda-raids-find-food-stock-worth-2cr-adulterated-or-misleading/articleshow/124613945.cms,most commonly adulterated and seized products include butter
News,Ghee,harmful substances,True,1,1,0.7,0.7,0.7,0.7,0.7,0,0,harmful substances (1),0ef4d3e4-844c-47ee-a430-8f171ec4c000,https://www.thehindu.com/news/national/andhra-pradesh/andhra-pradesh-govt-vows-strict-action-over-adulterated-ghee-in-ttd-prasadam/article70587850.ece,enabled the use of harmful substances in ghee production
News,Paneer,skimmed milk,True,1,1,0.7,0.7,0.7,0.7,0.7,0,0,skimmed milk (1),ad0567c1-e472-4cb8-b0d9-b8305371eefd,https://timesofindia.indiatimes.com/life-style/food-news/110-kg-chicken-825-kg-fake-paneer-banned-colours-and-chemicals-seized-how-to-check-purity-at-home/articleshow/131873428.cms,adulterated paneer is made with skimmed milk
News,adulterated food,contaminated ingredients,True,1,1,0.7,0.7,0.7,0.7,0.7,0,0,contaminated ingredients (1),ea51c75b-4b85-48fb-bbb7-8fde23c110aa,https://www.thehansindia.com/telangana/hyderabad-turning-into-capital-of-adulterated-food-1063581,ingredients that are adulterated or contaminated in filthy surroundings
News,cakes,damaged eggs,True,1,1,0.7,0.7,0.7,0.7,0.7,0,0,damaged eggs (1),oil-9670a6b3bb3ed07b,https://www.deccanchronicle.com/southern-states/telangana/food-safety-raids-expose-major-hygiene-violations-at-nagole-eateries-1958121,cakes suspected to be prepared using them
News,sweets,adulterated sweets,True,1,1,0.65,0.65,0.65,0.65,0.65,0,0,adulterated sweets (1),milk-d3ae77ccfaebb383,https://www.hindustantimes.com/cities/pune-news/ensure-quality-prasad-pune-fda-tells-ganpati-mandals-sweet-sellers-101694887549275.html,sweets are adulterated
News,Khoya/mawa,adulterant,False,1,1,0.6,0.6,0.6,0.6,0.6,0,0,adulterant (1),milk-e4dfd1a01400d627,https://www.freepressjournal.in/pune/pune-fda-to-conduct-special-drive-to-crack-down-on-adulterated-food-items-during-diwali,adulterated food products were seized
News,chilli powder,suspected adulteration,True,1,1,0.6,0.6,0.6,0.6,0.6,0,0,suspected adulteration (1),oil-829d382c68663635,https://timesofindia.indiatimes.com/city/nashik/nashik-fda-cracks-down-on-adulterated-food-items-oil/articleshow/105082876.cms,Suspecting that they could be stored for adulteration
