corpus,food_pool,cause,cause_role,effect,triplet_rows,distinct_sources,mean_confidence,example_url,example_evidence
FSSAI baseline,FSSAI baseline,hot smoking,other,killparasites,1,1,0.9,markdown/chapter_2_6_fish_and_fish_products.md,hot smoking is generally sufficient to kill parasites
FSSAI baseline,FSSAI baseline,hot smoking,other,destroynonsporulatingpathogens,1,1,0.9,markdown/chapter_2_6_fish_and_fish_products.md,to destroy non-sporulating bacterial pathogens
FSSAI baseline,FSSAI baseline,hot smoking,other,injurespores,1,1,0.9,markdown/chapter_2_6_fish_and_fish_products.md,and to injure spores of human health concern
FSSAI baseline,FSSAI baseline,cinnamomum zeylanicum blume,adulterant,pregnant women,1,1,0.85,markdown/compendium_nutra_29_09_2021.md,Not recommended during
FSSAI baseline,FSSAI baseline,operculina turpethum,adulterant,children,1,1,0.95,markdown/compendium_nutra_29_09_2021.md,Not recommended for children
News,Milk,ethylene glycol,adulterant,renal failure,30,23,0.9167,https://www.thenewsminute.com/andhra-pradesh/death-toll-due-to-adulterated-milk-in-andhra-pradesh-rises-to-12,as many as 20 persons suffered acute renal failure after they consumed milk adulterated with Ethylene Glycol
News,Milk,acute renal failure,other,fflo acuteeffect,19,17,0.9316,https://www.thenewsminute.com/andhra-pradesh/death-toll-due-to-adulterated-milk-in-andhra-pradesh-rises-to-12,acute renal failure
News,Milk,ethylene glycol,adulterant,anuria,10,10,0.885,https://www.thenewsminute.com/andhra-pradesh/death-toll-due-to-adulterated-milk-in-andhra-pradesh-rises-to-12,milk adulterated with Ethylene Glycol
News,Milk,ethylene glycol,adulterant,multi-organ failure,10,9,0.94,https://www.thehindu.com/news/national/andhra-pradesh/death-toll-in-andhra-milk-adulteration-case/article70772116.ece,victims died of multi-organ failure triggered by acute renal failure after consuming milk contaminated with the toxic substance ethylene glycol
News,Milk,unknown adulterant,adulterant,renal failure,9,9,0.8722,https://www.siasat.com/ap-adulterated-milk-claims-4-lives-in-rajamahendravaram-3374087/,contaminated milk caused kidney (renal) failure
News,Milk,adulterated milk,adulterant,death,9,8,0.8833,https://www.hindustantimes.com/cities/others/andhra-milk-adulteration-govt-announces-rs-10-lakh-ex-gratia-for-deceased-101771840048537.html,died after allegedly consuming adulterated milk
News,Milk,unknown adulterant,adulterant,anuria,7,7,0.85,https://www.deccanchronicle.com/southern-states/andhra-pradesh/death-toll-rises-to-12-in-rajamahendravaram-milk-adulteration-incident-1943119,symptoms such as anuria
News,Milk,ethylene glycol,adulterant,vomiting,8,6,0.8875,https://www.news18.com/cities/hyderabad-news/sweet-death-why-ethylene-glycol-an-antifreeze-chemical-is-lurking-in-andhras-milk-ws-l-9991605.html,"Early symptoms that occur within hours are nausea, vomiting, abdominal pain, and dizziness."
News,Milk,ethylene oxide,adulterant,cancer/carcinogenicity,10,5,0.875,https://www.tribuneindia.com/news/business/fssai-to-inspect-all-manufacturers-in-its-crackdown-on-spurious-spices-617328,"ethylene oxide, which is unfit for human consumption and a cancer risk"
News,Milk,pesticide residue,adulterant,cancer/carcinogenicity,6,5,0.875,https://countercurrents.org/2021/11/cultivating-resistance-food-dependency-and-dispossession/,"exposure in pregnancy and childhood is linked to birth defects, diabetes and cancer"
News,Milk,poison,adulterant,death,5,5,0.86,https://www.tribuneindia.com/news/jalandhar/poisoned-by-parents-villagers-perform-last-rites-of-3-minor-girls-550530,"Three girls, who were poisoned to death by their parents"
News,Milk,kidney failure,other,fflo acuteeffect,5,5,0.84,https://www.hindustantimes.com/cities/others/andhra-milk-adulteration-govt-announces-rs-10-lakh-ex-gratia-for-deceased-101771840048537.html,"kidney failure, leading to sudden urinary blockage and death"
News,Milk,water,adulterant,death,6,4,0.8667,https://www.freepressjournal.in/indore/indore-water-tragedy-survivors-recount-horror-after-consuming-contaminated-water,claiming multiple lives overnight as residents across several localities died
News,Milk,ethylene glycol,adulterant,death,5,4,0.85,https://timesofindia.indiatimes.com/life-style/food-news/15-die-after-drinking-milk-contaminated-with-ethylene-glycol-how-to-do-milk-purity-test-and-5-other-calcium-rich-foods-to-consume/photostory/129640071.cms,"allegedly mixed ethylene glycol, an industrial coolant, into milk supplied to over a hundred families, resulting in a total of 15 deaths to date."
News,Ghee,cancer,other,fflo chroniceffect,4,4,0.875,https://timesofindia.indiatimes.com/india/five-get-life-term-in-14-year-old-ghee-adulteration-case-in-up/articleshow/102686606.cms,harmful chemicals which can cause cancer
News,Milk,food poisoning,other,fflo acuteeffect,4,4,0.8375,https://indianexpress.com/article/lifestyle/health/doctors-monsoon-ailments-gut-health-constipation-diet-fibre-7424203/,also known as food poisoning or the tummy bug
News,Milk,food poisoning,other,acuteeffect,4,4,0.875,https://www.thehindu.com/brandhub/food-poisoning-in-children/article38049892.ece,This acute self limiting illness generally lasts for 5 to 7 days
News,Milk,ethylene glycol,adulterant,urinary obstruction,4,4,0.9,https://www.thehindubusinessline.com/news/national/andhra-pradesh-milk-contamination-tragedy-14-dead-after-consuming-toxic-milk/article70738522.ece,"caused severe health complications among consumers, including urinary obstruction"
News,Milk,water,adulterant,diarrhoea,4,4,0.9125,https://www.news18.com/agency-feeds/jagan-alleges-public-health-breakdown-in-andhra-9934351.html,contaminated drinking water triggered a major diarrhoea outbreak
News,Oil,total polar compounds,adulterant,hypertension,4,4,0.8375,https://swarajyamag.com/news-brief/nhrc-acts-on-complaint-seeks-report-from-fssai-on-rampant-reuse-of-cooking-oil,Medical research links consumption of oil with high TPC content to severe health disorders such as hypertension
News,Oil,total polar compounds,adulterant,atherosclerosis,4,4,0.875,https://swarajyamag.com/news-brief/nhrc-acts-on-complaint-seeks-report-from-fssai-on-rampant-reuse-of-cooking-oil,"Medical research links consumption of oil with high TPC content to severe health disorders such as hypertension, atherosclerosis"
News,Ghee,stomach pain,other,fflo acuteeffect,3,3,0.8167,https://timesofindia.indiatimes.com/city/bhopal/villagers-suspect-adulterated-ghee-in-dish-over-70-fall-ill-after-eating-prasad-in-madhya-pradesh-15-hospitalized/articleshow/122181457.cms,people began experiencing stomach pain
News,Milk,e coli,adulterant,diarrhoea,3,3,0.9167,https://timesofindia.indiatimes.com/life-style/health-fitness/health-news/st-louis-county-e-coli-outbreak-lettuce-tests-negative-investigation-continues/articleshow/115606666.cms,strains of E coli that cause watery diarrhea
News,Milk,ethylene glycol,adulterant,gastrointestinal illness,3,3,0.9167,https://www.news18.com/cities/hyderabad-news/sweet-death-why-ethylene-glycol-an-antifreeze-chemical-is-lurking-in-andhras-milk-ws-l-9991605.html,"Early symptoms that occur within hours are nausea, vomiting, abdominal pain, and dizziness."
News,Milk,vomiting,other,fflo acuteeffect,3,3,0.8667,https://www.deccanchronicle.com/southern-states/andhra-pradesh/ap-milk-contamination-death-toll-rises-to-13-1943271,vomiting
News,Milk,microplastics,adulterant,cancer/carcinogenicity,3,3,0.8167,https://www.newindianexpress.com/states/tamil-nadu/2025/Feb/08/collective-efforts-needed-in-the-battle-against-plastic,"Exposure has been linked to oxidative stress, immune disorders, cancer"
News,Milk,diarrhoea,other,fflo acuteeffect,3,3,0.8667,https://www.news18.com/agency-feeds/jagan-alleges-public-health-breakdown-in-andhra-9934351.html,outbreaks of diarrhoea and food poisoning
News,Milk,pesticide residue,adulterant,food poisoning,3,3,0.8667,https://www.thehindu.com/brandhub/food-poisoning-in-children/article38049892.ece,"Contamination by chemicals such as fertilizers, pesticides, cadmium ,mercury, arsenic is also a cause of concern"
News,Milk,unknown adulterant,adulterant,gastrointestinal illness,3,3,0.8833,https://uttarbangasambad.com/adulterated-milk-deaths-andhra-pradesh-adulterated-milk-tragedy-13-dead-east-godavari/,তীব্র পেটে ব্যথা
News,Oil,total polar compounds,adulterant,alzheimer s,3,3,0.8667,https://www.indiatoday.in/health/story/nhrc-issues-notice-to-fssai-over-rampant-reuse-of-cooking-oil-by-eateries-2807276-2025-10-23?utm_source=rss,linked the consumption of food fried in oil with high TPC levels to a range of chronic health problems including ... Alzheimer's
News,Oil,total polar compounds,adulterant,cancer/carcinogenicity,3,3,0.85,https://swarajyamag.com/news-brief/nhrc-acts-on-complaint-seeks-report-from-fssai-on-rampant-reuse-of-cooking-oil,"Medical research links consumption of oil with high TPC content to severe health disorders such as hypertension, atherosclerosis, liver ailments, Alzheimer's, and even cancer"
News,Milk,thallium,adulterant,death,3,2,0.9167,https://www.newindianexpress.com/cities/delhi/2021/mar/25/delhi-based-builder-arrested-tries-to-kill-in-laws-with-slow-poison-thallium-2281421.html,"Priyanka Sharma, fell sick and later died"
News,Milk,ethylene glycol,adulterant,nausea,3,2,0.9167,https://www.news18.com/cities/hyderabad-news/sweet-death-why-ethylene-glycol-an-antifreeze-chemical-is-lurking-in-andhras-milk-ws-l-9991605.html,Early symptoms that occur within hours are nausea
News,Milk,trans fats,adulterant,cancer/carcinogenicity,3,2,0.75,https://timesofindia.indiatimes.com/life-style/food-news/your-monsoon-cravings-for-chai-and-pakoda-could-be-cancer-traps-warns-a-specialist/articleshow/123502565.cms,"reheating oil or frying in poor-quality oil produces trans fats and acrylamide, both linked to cancer"
News,Oil,vitamin d,adulterant,hypervitaminosis d,3,2,0.95,https://www.hindustantimes.com/cities/chandigarh-news/health-dept-seizes-352-boxes-of-refined-oil-after-6-hospitalised-101745259236048.html,"patients fell ill due to hypervitaminosis D, known as vitamin D toxicity"
News,Oil,hypervitaminosis d,other,fflo acuteeffect,3,2,0.8667,https://www.hindustantimes.com/cities/chandigarh-news/health-dept-seizes-352-boxes-of-refined-oil-after-6-hospitalised-101745259236048.html,experiencing acute symptoms of vomiting and weakness
News,Ghee,detergent,adulterant,organ damage,2,2,0.85,https://timesofindia.indiatimes.com/life-style/food-news/702-food-samples-revealed-paneer-as-the-most-adulterated-product/articleshow/120175050.cms,and long-term organ damage
News,Ghee,formalin/formaldehyde,adulterant,cancer/carcinogenicity,2,2,0.9,https://www.newindianexpress.com/cities/delhi/2025/Oct/18/police-seize-over-6800-units-of-fake-desi-ghee-sweets-across-delhi,"known to cause severe health issues, including carcinogenic effects"
News,Ghee,diabetes,other,fflo chroniceffect,2,2,0.85,https://www.freepressjournal.in/bhopal/mp-news-over-2k-food-samples-fail-safety-tests-across-state-highest-400-from-gwalior-dairy-products-sweets-among-most-adulterated,increase the risk of diabetes
News,Ghee,trans fats,adulterant,cardiovascular disease,2,2,0.85,https://timesofindia.indiatimes.com/life-style/food-news/fsda-declares-6-desi-ghee-brands-unsafe-how-to-check-ghee-purity-and-the-easiest-way-to-make-ghee-at-home/articleshow/130544411.cms,"These mixtures are high in trans fats, which leads to a rise in bad cholesterol (LDL), lower good cholesterol (HDL), and significantly increases the risk of heart disease"
News,Ghee,harmful chemicals,adulterant,cancer/carcinogenicity,2,2,0.9,https://timesofindia.indiatimes.com/city/bareilly/five-get-life-term-for-adulterating-ghee-in-2009/articleshow/102690821.cms,using harmful chemicals which can cause cancer
News,Ghee,vomiting,other,fflo acuteeffect,2,2,0.9,https://www.freepressjournal.in/bhopal/bhandara-turns-nightmare-250-villagers-fall-ill-after-eating-halwa-made-with-adulterated-ghee-in-mps-shivpuri,complaining of vomiting and diarrhea just 30 mins after
News,Ghee,diarrhea,other,fflo acuteeffect,2,2,0.9,https://www.freepressjournal.in/bhopal/bhandara-turns-nightmare-250-villagers-fall-ill-after-eating-halwa-made-with-adulterated-ghee-in-mps-shivpuri,complaining of vomiting and diarrhea just 30 mins after
News,Ghee,ghee,other,obesity,2,2,0.825,https://timesofindia.indiatimes.com/life-style/food-news/is-daily-ghee-consumption-harmful-know-its-side-effects-and-who-should-avoid-it/articleshow/122851491.cms,"Regular overconsumption can lead to unhealthy weight gain, obesity"
News,Milk,unknown contaminant,adulterant,renal failure,2,2,0.875,https://www.en.etemaaddaily.com/world/national/suspected-contaminated-milk-kills-woman-in-kakinada-hospitalizes-10:190223,"symptoms of acute renal failure, suspected to have been caused by the consumption of contaminated milk"
News,Milk,oxytocin,adulterant,dizziness,2,2,0.9,https://theshillongtimes.com/2026/02/04/raging-health-crisis-aap-mp-raises-alarm-in-rs-over-widespread-food-adulteration/,oxytocin — a chemical linked to dizziness
News,Milk,oxytocin,adulterant,headaches,2,2,0.9,https://theshillongtimes.com/2026/02/04/raging-health-crisis-aap-mp-raises-alarm-in-rs-over-widespread-food-adulteration/,"oxytocin — a chemical linked to dizziness, headaches"
News,Milk,oxytocin,adulterant,heart failure,2,2,0.9,https://theshillongtimes.com/2026/02/04/raging-health-crisis-aap-mp-raises-alarm-in-rs-over-widespread-food-adulteration/,"oxytocin — a chemical linked to dizziness, headaches, heart failure"
News,Milk,oxytocin,adulterant,infertility,2,2,0.9,https://theshillongtimes.com/2026/02/04/raging-health-crisis-aap-mp-raises-alarm-in-rs-over-widespread-food-adulteration/,"oxytocin — a chemical linked to dizziness, headaches, heart failure, infertility, and cancer"
News,Milk,e coli,adulterant,gastrointestinal illness,2,2,0.925,https://timesofindia.indiatimes.com/life-style/health-fitness/health-news/st-louis-county-e-coli-outbreak-lettuce-tests-negative-investigation-continues/articleshow/115606666.cms,"strains of E coli that cause watery diarrhea, stomach pain and other digestive symptoms (gastroenteritis)"
News,Milk,e coli,adulterant,stomach pain,2,2,0.925,https://timesofindia.indiatimes.com/life-style/health-fitness/health-news/st-louis-county-e-coli-outbreak-lettuce-tests-negative-investigation-continues/articleshow/115606666.cms,"strains of E coli that cause watery diarrhea, stomach pain"
News,Milk,adulterated food,other,food poisoning,2,2,0.925,https://indianexpress.com/article/upsc-current-affairs/upsc-key-indus-waters-treaty-food-adulteration-and-antitrust-laws-9963906/,Eating adulterated food items can lead to severe health consequences like food poisoning
News,Milk,refined oil,adulterant,serious health risk,2,2,0.85,https://timesofindia.indiatimes.com/city/noida/paneer-seized-in-noida-from-aligarh-found-unsafe-case-filed-in-court/articleshow/122212904.cms,"paneer was prepared using refined oil and a carbonate neutraliser instead of milk, posing a serious health risk"
News,Milk,bacterial contamination,adulterant,food poisoning,2,2,0.875,https://thelogicalindian.com/hyderabad-crackdown-3892-kg-adulterated-paneer-seized-6-arrested-for-supplying-unsafe-dairy-products/,"bacterial contamination, leading to illnesses such as food poisoning"
News,Milk,anuria,other,fflo acuteeffect,2,2,0.875,https://www.deccanchronicle.com/southern-states/andhra-pradesh/ap-milk-contamination-death-toll-rises-to-13-1943271,anuria
News,Milk,gastroenteritis,other,fflo acuteeffect,2,2,0.85,https://www.thehindu.com/news/national/tamil-nadu/in-food-we-trust-laying-out-health-and-hygiene-norms/article67548866.ece,Symptoms can manifest within six hours of exposure and may last up to 48 hours
News,Milk,rhodamine B,adulterant,cancer/carcinogenicity,2,2,0.925,https://nagalandpost.com/unsafe-at-every-bite-indias-silent-food-safety-epidemic/,This dye is recognised as a carcinogen
News,Milk,formalin/formaldehyde,adulterant,cancer/carcinogenicity,2,2,0.9,https://nagalandpost.com/unsafe-at-every-bite-indias-silent-food-safety-epidemic/,"Formalin, recognised for its cancer-causing properties"
News,Milk,urea,adulterant,liver damage,2,2,0.875,https://www.freepressjournal.in/india/fake-paneer-racket-busted-toxic-chemicals-like-urea-detergent-used-in-up,They severely damage the liver
News,Milk,milk,other,vomiting,2,2,0.9,https://www.thehindu.com/news/national/andhra-pradesh/in-andhra-city-a-morning-staples-turns-deadly/article70681039.ece,onset of vomiting and anuria
News,Milk,ethylene glycol,adulterant,kidney related ailments,2,2,0.9,https://www.deccanherald.com/india/andhra-pradesh/andhra-pradesh-milk-adulteration-death-toll-reaches-14-several-hospitalised-in-east-godavari-3930401,including urinary obstruction and kidney-related ailments
News,Milk,lead,adulterant,kidney damage,2,2,0.9,https://www.news18.com/india/up-barabanki-6000-litres-of-fake-mustard-oil-seized-raises-food-safety-concerns-aa-ws-l-9927362.html,Heavy metals like lead in spices accumulate over time which can lead to liver and kidney failure
News,Milk,metanil yellow,adulterant,cancer/carcinogenicity,2,2,0.9,https://www.news18.com/india/up-barabanki-6000-litres-of-fake-mustard-oil-seized-raises-food-safety-concerns-aa-ws-l-9927362.html,Metanil yellow or Malachite green can be carcinogenic
News,Milk,ethylene glycol,adulterant,dizziness,2,2,0.925,https://www.news18.com/cities/hyderabad-news/sweet-death-why-ethylene-glycol-an-antifreeze-chemical-is-lurking-in-andhras-milk-ws-l-9991605.html,"Early symptoms that occur within hours are nausea, vomiting, abdominal pain, and dizziness"
News,Milk,bacteria,adulterant,food poisoning,2,2,0.9,https://www.newindianexpress.com/magazine/2021/jul/25/how-to-prevent-food-poisoning-2333918.html,"contaminated with bacteria, parasites, viruses, and toxins, it results in food poisoning"
News,Milk,adulterated milk,adulterant,renal failure,2,2,0.8,https://m.rediff.com/news/commentary/2026/feb/26/andhra-govt-intensifies-crackdown-after-milk-contamination-claims-5-lives/8c654fd04c50a9c69f6304747e1f6d1f,"acute renal failure in East Godavari district, allegedly linked to adulterated milk"
News,Milk,campylobacter jejuni,adulterant,diarrhoea,2,2,0.9,https://www.dnaindia.com/health/report-guillain-barre-syndrome-cases-surge-in-pune-know-its-causes-symptoms-and-more-3129263,"bacteria infect the intestinal lining, causing diarrhea"
News,Milk,campylobacter jejuni,adulterant,abdominal cramps,2,2,0.9,https://www.dnaindia.com/health/report-guillain-barre-syndrome-cases-surge-in-pune-know-its-causes-symptoms-and-more-3129263,"causing diarrhea, abdominal cramps, fever, and nausea"
News,Milk,campylobacter jejuni,adulterant,fever,2,2,0.9,https://www.dnaindia.com/health/report-guillain-barre-syndrome-cases-surge-in-pune-know-its-causes-symptoms-and-more-3129263,"causing diarrhea, abdominal cramps, fever, and nausea"
News,Milk,food poisoning,other,dehydration,2,2,0.925,https://timesofindia.indiatimes.com/life-style/health-fitness/health-news/recovering-from-food-poisoning-indian-diet-tips-for-a-gentle-recovery/articleshow/123630007.cms,leaving the body weak and dehydrated
News,Milk,salmonella,adulterant,salmonellosis,2,2,0.95,https://www.thehindu.com/news/national/why-mdh-everest-spices-are-under-international-scrutiny-explained/article68130961.ece,Salmonella. These are agents known to cause salmonellosis
News,Milk,salmonellosis,other,fflo acuteeffect,2,2,0.85,https://www.thehindu.com/news/national/why-mdh-everest-spices-are-under-international-scrutiny-explained/article68130961.ece,salmonellosis – a common bacterial foodborne illness
News,Milk,ethylene oxide,adulterant,toxicity,2,2,0.875,https://www.thehindu.com/news/national/why-mdh-everest-spices-are-under-international-scrutiny-explained/article68130961.ece,"ethylene oxide, a toxic chemical"
News,Milk,microplastics,adulterant,inflammation,2,2,0.825,https://www.hindustantimes.com/lifestyle/health/world-environment-day-2023-how-microplastics-are-affecting-your-childs-health-101685793818424.html,"Microplastics can cause digestive issues, inflammation"
News,Milk,toxins,adulterant,food poisoning,2,2,0.95,https://www.theweek.in/news/health/2026/05/05/why-fermented-foods-need-extra-caution-during-summer.html,toxic condition that frequently leads to food poisoning
News,Milk,urea,adulterant,renal failure,2,2,0.875,https://www.thehindu.com/news/national/andhra-pradesh/hazardous-chemicals-found-in-milk-during-raids-across-east-godavari/article70823682.ece,Consumption of milk adulterated with urea involves risks including damage to the digestive system and renal failure
News,Oil,dropsy,other,fflo acuteeffect,2,2,0.775,https://timesofindia.indiatimes.com/city/chandigarh/investigation-into-dropsy-deaths-in-nabha-new-committee-formed-to-probe-tainted-edible-oil/articleshow/115711329.cms,Three members of a family had died
News,Oil,argemone oil,adulterant,epidemic dropsy,2,2,0.95,https://timesofindia.indiatimes.com/life-style/food-news/harmful-ingredients-in-fake-edible-oil/articleshow/110737364.cms,this oil is toxic and can cause epidemic dropsy
News,Oil,hypervitaminosis d,other,hypercalcemia,2,2,0.9,https://www.hindustantimes.com/cities/chandigarh-news/health-dept-seizes-352-boxes-of-refined-oil-after-6-hospitalised-101745259236048.html,leading to dangerously high blood calcium levels (hypercalcemia)
News,Oil,acute renal failure,other,fflo acuteeffect,2,2,0.95,https://www.thehansindia.com/andhra-pradesh/ap-crackdown-after-milk-contamination-claims-5-lives-1052137,cluster of acute renal failure cases
News,Oil,reused cooking oil,adulterant,cardiovascular disease,2,2,0.825,https://www.newindianexpress.com/states/kerala/2024/Sep/25/fssai-initiative-shows-uptick-in-used-cooking-oil-collection-in-kerala,"repeated use of heated oils, which could increase the risk of cardiovascular diseases"
News,Oil,total polar compounds,adulterant,liver disease,2,2,0.875,https://www.indiatoday.in/health/story/nhrc-issues-notice-to-fssai-over-rampant-reuse-of-cooking-oil-by-eateries-2807276-2025-10-23?utm_source=rss,linked the consumption of food fried in oil with high TPC levels to a range of chronic health problems including ... liver disease
News,Oil,reuse of cooking oil,other,cancer/carcinogenicity,2,2,0.825,https://economictimes.indiatimes.com/news/india/nhrc-notice-to-health-ministry-fssai-on-widespread-reuse-of-cooking-oil/articleshow/124790502.cms,"poses severe public health risks, including cancer"
News,Oil,denatured rapeseed oil,adulterant,toxic oil syndrome,2,2,0.95,https://economictimes.indiatimes.com/news/economy/agriculture/olive-oil-price-olive-oil-cooking-food-for-fraud-your-olive-oil-might-be-unfit-for-human-consumption/articleshow/113731643.cms,Caused by the consumption of denatured rapeseed oil
News,Oil,toxic oil syndrome,other,fflo chroniceffect,2,2,0.9,https://economictimes.indiatimes.com/news/economy/agriculture/olive-oil-price-olive-oil-cooking-food-for-fraud-your-olive-oil-might-be-unfit-for-human-consumption/articleshow/113731643.cms,many more left with chronic disease
News,Oil,reused cooking oil,other,cancer/carcinogenicity,2,2,0.85,https://www.newindianexpress.com/states/kerala/2024/Sep/25/fssai-initiative-shows-uptick-in-used-cooking-oil-collection-in-kerala,"repeated use of heated oils, which could increase the risk of ... cancer"
News,Ghee,trans fatty acids,adulterant,cardiovascular disease,3,1,0.9,https://www.thehindu.com/news/national/after-oils-fssai-caps-transfats-in-foods/article33770655.ece,"cause hypertension, heart attacks and other cardiovascular diseases"
News,Milk,shiga toxin producing e coli,adulterant,severe foodborne disease,3,1,0.9333,https://www.newkerala.com/news/o/coli-outbreak-leaves-53-sick-latvia-148,can cause severe foodborne disease
News,Milk,aflatoxin,adulterant,cancer/carcinogenicity,3,1,0.9,https://timesofindia.indiatimes.com/city/ludhiana/study-at-ludhiana-veterinary-university-links-contaminated-cattle-feed-to-toxins-detected-in-milk-/articleshow/125939018.cms,"Aflatoxin M1 consumption, even in small amounts, is linked to liver damage, immune suppression, growth impairment in children, and increased cancer risk."
News,Oil,tri ortho cresyl phosphate,adulterant,neurological effects,3,1,0.9333,https://timesofindia.indiatimes.com/etimes/wellness/this-toxic-adulterant-in-edible-oils-can-damage-your-nervous-system-heres-how-to-check-if-your-cooking-oil-is-safe/photostory/131653846.cms,it causes a delayed neurodegenerative condition known as organophosphate-induced delayed neurotoxicity
News,Ghee,adulterated food,other,cardiovascular disease,2,1,0.875,https://www.thehansindia.com/telangana/karimnagar-adulterated-food-a-major-concern-882194,use of adulterated food can cause heart attacks
News,Ghee,heavy metals,adulterant,cancer/carcinogenicity,2,1,0.875,https://www.thehindu.com/news/national/karnataka/raid-exposes-decade-long-fake-mysore-sandal-soap-operation-in-telangana/article67759001.ece,heavy metals that potentially are carcinogenic
News,Milk,water,adulterant,cardiac arrest,2,1,0.9,https://www.freepressjournal.in/indore/indore-water-tragedy-survivors-recount-horror-after-consuming-contaminated-water,"When contaminated water made him sick, his body couldn't cope. He suffered cardiac arrest"
News,Milk,shiga toxin producing e coli,adulterant,diarrhoea,2,1,0.95,https://www.newkerala.com/news/o/coli-outbreak-leaves-53-sick-latvia-148,"cause severe symptoms, including bloody diarrhoea"
News,Milk,shiga toxin producing e coli,adulterant,renal failure,2,1,0.95,https://www.newkerala.com/news/o/coli-outbreak-leaves-53-sick-latvia-148,potential kidney failure
News,Milk,diethylene glycol,adulterant,death,2,1,0.91,https://www.livemint.com/politics/policy/how-weak-drug-laws-are-costing-lives-11632761831130.html,the drug had caused at least thirteen deaths
News,Milk,acute kidney injury,other,fflo acuteeffect,2,1,0.925,https://indianexpress.com/article/world/when-children-take-toxic-cough-syrup-and-live-9080098/,Acute Kidney Injury cases
News,Milk,hexachlorobenzene,adulterant,nervous system damage,2,1,0.875,http://www.indiasnews.net/news/271622410/trash-and-burn-big-brands-new-plastic-waste-plan,"HCB, which can damage the nervous system"
News,Milk,pesticide residue,adulterant,health harms,2,1,0.85,https://countercurrents.org/2021/11/cultivating-resistance-food-dependency-and-dispossession/,HHPs are responsible for a wide range of devastating health harms
News,Milk,cereulide,adulterant,vomiting,2,1,0.95,https://indianexpress.com/article/health-wellness/global-recall-baby-formula-nestle-india-contamination-10461863/,It causes nausea and vomiting
News,Milk,cereulide,adulterant,diarrhoea,2,1,0.95,https://indianexpress.com/article/health-wellness/global-recall-baby-formula-nestle-india-contamination-10461863/,It also leads to diarrhoea
News,Milk,adulterant,adulterant,cancer/carcinogenicity,2,1,0.9,https://timesofindia.indiatimes.com/city/delhi/whats-cooking-in-pantry-bite-into-adulterated-truth/articleshow/130488415.cms,Long-term exposure to certain adulterants can increase cancer risk
News,Milk,adulterant,adulterant,allergic reaction,2,1,0.9,https://timesofindia.indiatimes.com/city/delhi/whats-cooking-in-pantry-bite-into-adulterated-truth/articleshow/130488415.cms,Adulterants can also trigger allergic reactions
News,Milk,auramine,adulterant,cancer/carcinogenicity,2,1,0.875,https://www.thehindu.com/sci-tech/health/auramine-in-indian-food-why-a-banned-dye-keeps-returning-explained/article70313811.ece,potential carcinogenic outcomes
News,Oil,calcium carbide,adulterant,hazardous to health,2,1,0.85,https://www.hindustantimes.com/cities/chandigarh-news/food-safety-teams-destroy-18kg-adulterated-paneer-inspect-fruit-ripening-units-in-ludhiana-101779905576737.html,"banned calcium carbide, considered hazardous to health"
News,Oil,vegetable oil/fat,adulterant,memory loss,2,1,0.85,https://economictimes.indiatimes.com/news/international/us/fda-to-ban-brominated-vegetable-oil-in-soda-and-food-heres-how-it-was-impacting-your-health/articleshow/104950776.cms,Extended exposure may result in neurological symptoms such as ... memory loss
News,Oil,ethylene oxide,adulterant,cancer/carcinogenicity,2,1,0.925,https://indianexpress.com/article/lifestyle/food-wine/indians-mustard-oil-spices-banned-us-west-why-9378439/,Exposure to ethylene oxide has been associated with an increased risk of various cancers
News,Oil,pesticide residue,adulterant,cancer/carcinogenicity,2,1,0.9,https://assamtribune.com/assam/whats-on-your-plate-assam-battles-surge-in-unsafe-foods-as-experts-sound-alarm-1575052,"continued intake of such products may lead to a range of health issues, including ... terminal illnesses like cancer"
News,Oil,argemone mexicana,adulterant,epidemic dropsy,2,1,0.95,https://www.hindustantimes.com/cities/chandigarh-news/argemone-poisoning-claims-life-in-jawalamukhi-alert-sounded-in-hp-s-kangra-101668798072979.html,"epidemic dropsy, which is caused after one consumes edible oils contaminated with Argemone mexicana"
News,Ghee,ginger garlic paste,other,gastrointestinal illness,1,1,0.9,https://indianexpress.com/article/lifestyle/health/adulterated-ghee-ginger-garlic-paste-hyderabad-consume-10107480/,Consuming such paste can cause digestive issues
News,Ghee,chemical adulterants,adulterant,allergic reaction,1,1,0.9,https://indianexpress.com/article/lifestyle/health/adulterated-ghee-ginger-garlic-paste-hyderabad-consume-10107480/,"experience allergies, skin problems, or respiratory issues due to chemical adulterants"
News,Ghee,chemical adulterants,adulterant,skin problems,1,1,0.9,https://indianexpress.com/article/lifestyle/health/adulterated-ghee-ginger-garlic-paste-hyderabad-consume-10107480/,"experience allergies, skin problems, or respiratory issues due to chemical adulterants"
News,Ghee,chemical adulterants,adulterant,respiratory issues,1,1,0.9,https://indianexpress.com/article/lifestyle/health/adulterated-ghee-ginger-garlic-paste-hyderabad-consume-10107480/,respiratory issues due to chemical adulterants
News,Ghee,adulterated food items,other,chronic health issues,1,1,0.75,https://indianexpress.com/article/lifestyle/health/adulterated-ghee-ginger-garlic-paste-hyderabad-consume-10107480/,"may not show immediate effects, but over time, they can cause serious health problems"
News,Ghee,trans fat,adulterant,clog arteries,1,1,0.9,https://economictimes.indiatimes.com/news/economy/policy/vanishing-vanaspati-still-plays-an-outsized-role-in-calculation-of-wpi/articleshow/110040827.cms,trans fats that can clog arteries
News,Ghee,trans fatty acids,adulterant,clog arteries,1,1,0.9,https://www.thehindu.com/news/national/after-oils-fssai-caps-transfats-in-foods/article33770655.ece,they clog arteries
News,Ghee,trans fatty acids,adulterant,hypertension,1,1,0.9,https://www.thehindu.com/news/national/after-oils-fssai-caps-transfats-in-foods/article33770655.ece,cause hypertension
News,Ghee,starch,adulterant,gastrointestinal illness,1,1,0.85,https://timesofindia.indiatimes.com/life-style/food-news/702-food-samples-revealed-paneer-as-the-most-adulterated-product/articleshow/120175050.cms,can lower nutritional value and cause digestive issues
News,Ghee,detergent,adulterant,gastrointestinal illness,1,1,0.85,https://timesofindia.indiatimes.com/life-style/food-news/702-food-samples-revealed-paneer-as-the-most-adulterated-product/articleshow/120175050.cms,"can cause stomach cramps, nausea, vomiting"
News,Ghee,urea,adulterant,kidney damage,1,1,0.85,https://timesofindia.indiatimes.com/life-style/food-news/702-food-samples-revealed-paneer-as-the-most-adulterated-product/articleshow/120175050.cms,They are highly toxic and can affect kidneys and liver
News,Ghee,adulterant,adulterant,mucus formation,1,1,0.85,https://timesofindia.indiatimes.com/city/nagpur/diwali-gift-hampers-under-fda-lens-during-special-drive/articleshow/94996448.cms,It is harmful for kids and even adults which may cause mucus formation
News,Ghee,sugar,adulterant,obesity,1,1,0.9,https://timesofindia.indiatimes.com/city/nagpur/diwali-gift-hampers-under-fda-lens-during-special-drive/articleshow/94996448.cms,sugar can lead to obesity
News,Ghee,obesity,other,high blood pressure,1,1,0.9,https://timesofindia.indiatimes.com/city/nagpur/diwali-gift-hampers-under-fda-lens-during-special-drive/articleshow/94996448.cms,"obesity, which puts a child at risk of developing high blood pressure"
News,Ghee,glyphosate,adulterant,animal health issues,1,1,0.7,https://www.thehindubusinessline.com/economy/agri-business/two-brothers-organic-farms-a2-cultured-ghee-gets-indias-first-glyphosate-residue-free-certification/article70501764.ece,residues in grasses and feed can affect animal health
News,Ghee,food poisoning,other,fflo acuteeffect,1,1,0.85,https://www.freepressjournal.in/bhopal/mp-news-over-2k-food-samples-fail-safety-tests-across-state-highest-400-from-gwalior-dairy-products-sweets-among-most-adulterated,adulteration can lead to food poisoning
News,Ghee,adulterated food,other,cancer/carcinogenicity,1,1,0.85,https://www.freepressjournal.in/bhopal/mp-news-over-2k-food-samples-fail-safety-tests-across-state-highest-400-from-gwalior-dairy-products-sweets-among-most-adulterated,"increase the risk of serious diseases, including cancer"
News,Ghee,weight increase,other,acidity,1,1,0.8,https://timesofindia.indiatimes.com/city/nagpur/fda-launches-pre-navratri-safe-food-drive-begins-seizures-and-sampling/articleshow/94335849.cms,"weight increase, which leads to health complications like acidity"
News,Ghee,urea,adulterant,organ damage,1,1,0.85,https://indianexpress.com/article/health-wellness/fake-paneer-khoya-seized-up-holi-health-10561195/,"Adulterants like urea and detergents can be toxic, causing damage to organs"
News,Ghee,fake paneer,adulterant,gastrointestinal illness,1,1,0.9,https://indianexpress.com/article/health-wellness/fake-paneer-khoya-seized-up-holi-health-10561195/,Consumption often leads to acute gastrointestinal distress
News,Ghee,chemical additives,adulterant,allergic reaction,1,1,0.85,https://indianexpress.com/article/health-wellness/fake-paneer-khoya-seized-up-holi-health-10561195/,chemical additives can trigger allergic reactions
News,Ghee,chemicals used in adulteration,adulterant,cardiovascular disease,1,1,0.85,https://indianexpress.com/article/health-wellness/fake-paneer-khoya-seized-up-holi-health-10561195/,"Regular consumption of chemicals used in adulteration can lead to chronic health issues, including cardiovascular diseases"
News,Ghee,chemicals used in adulteration,adulterant,cancer/carcinogenicity,1,1,0.85,https://indianexpress.com/article/health-wellness/fake-paneer-khoya-seized-up-holi-health-10561195/,"Regular consumption of chemicals used in adulteration can lead to chronic health issues, including cardiovascular diseases and, in some cases, cancer."
News,Ghee,ethylene glycol,adulterant,renal failure,1,1,0.95,https://timesofindia.indiatimes.com/city/delhi/whats-cooking-in-pantry-bite-into-adulterated-truth/articleshow/130488415.cms,acute renal failure after consuming milk contaminated with ethylene glycol
News,Ghee,ethylene glycol,adulterant,multi-organ failure,1,1,0.95,https://timesofindia.indiatimes.com/city/delhi/whats-cooking-in-pantry-bite-into-adulterated-truth/articleshow/130488415.cms,died of multi-organ failure triggered by acute renal failure
News,Ghee,acute renal failure,other,fflo acuteeffect,1,1,0.95,https://timesofindia.indiatimes.com/city/delhi/whats-cooking-in-pantry-bite-into-adulterated-truth/articleshow/130488415.cms,symptoms of acute kidney failure
News,Ghee,chamcham,other,vomiting,1,1,0.85,https://timesofindia.indiatimes.com/city/delhi/whats-cooking-in-pantry-bite-into-adulterated-truth/articleshow/130488415.cms,began experiencing symptoms such as vomiting
News,Ghee,adulterant,adulterant,cancer/carcinogenicity,1,1,0.9,https://timesofindia.indiatimes.com/city/delhi/whats-cooking-in-pantry-bite-into-adulterated-truth/articleshow/130488415.cms,Long-term exposure to certain adulterants can increase cancer risk
News,Ghee,cancer,other,chroniceffect,1,1,0.9,https://timesofindia.indiatimes.com/city/delhi/whats-cooking-in-pantry-bite-into-adulterated-truth/articleshow/130488415.cms,Long-term exposure to certain adulterants can increase cancer risk
News,Ghee,adulterant,adulterant,allergic reaction,1,1,0.9,https://timesofindia.indiatimes.com/city/delhi/whats-cooking-in-pantry-bite-into-adulterated-truth/articleshow/130488415.cms,Adulterants can also trigger allergic reactions
News,Ghee,adulterant,adulterant,organ damage,1,1,0.9,https://timesofindia.indiatimes.com/city/delhi/whats-cooking-in-pantry-bite-into-adulterated-truth/articleshow/130488415.cms,"prolonged consumption of such food can harm organs like the kidneys, liver and heart"
News,Ghee,organ damage,other,chroniceffect,1,1,0.9,https://timesofindia.indiatimes.com/city/delhi/whats-cooking-in-pantry-bite-into-adulterated-truth/articleshow/130488415.cms,"prolonged consumption of such food can harm organs like the kidneys, liver and heart"
News,Ghee,acute gastroenteritis,other,acuteeffect,1,1,0.95,https://timesofindia.indiatimes.com/city/delhi/whats-cooking-in-pantry-bite-into-adulterated-truth/articleshow/130488415.cms,"Hyderabad reported over 8,000 cases of acute gastroenteritis"
News,Ghee,food poisoning,other,acuteeffect,1,1,0.9,https://timesofindia.indiatimes.com/city/delhi/whats-cooking-in-pantry-bite-into-adulterated-truth/articleshow/130488415.cms,hundreds of hospitalisations linked to food poisoning
News,Ghee,adulterants,adulterant,cancer/carcinogenicity,1,1,0.9,https://timesofindia.indiatimes.com/city/delhi/whats-cooking-in-pantry-bite-into-adulterated-truth/articleshow/130488415.cms,Long-term exposure to certain adulterants can increase cancer risk
News,Ghee,adulterants,adulterant,allergic reaction,1,1,0.9,https://timesofindia.indiatimes.com/city/delhi/whats-cooking-in-pantry-bite-into-adulterated-truth/articleshow/130488415.cms,Adulterants can also trigger allergic reactions
News,Ghee,adulterants,adulterant,kidney harm,1,1,0.85,https://timesofindia.indiatimes.com/city/delhi/whats-cooking-in-pantry-bite-into-adulterated-truth/articleshow/130488415.cms,prolonged consumption of such food can harm organs like the kidneys
News,Ghee,adulterants,adulterant,liver harm,1,1,0.85,https://timesofindia.indiatimes.com/city/delhi/whats-cooking-in-pantry-bite-into-adulterated-truth/articleshow/130488415.cms,"prolonged consumption of such food can harm organs like the kidneys, liver and heart"
News,Ghee,adulterants,adulterant,organ damage,1,1,0.9,https://timesofindia.indiatimes.com/city/delhi/whats-cooking-in-pantry-bite-into-adulterated-truth/articleshow/130488415.cms,"prolonged consumption of such food can harm organs like the kidneys, liver and heart"
News,Ghee,obesity,other,fflo chroniceffect,1,1,0.85,https://timesofindia.indiatimes.com/city/hyderabad/cap-sugar-at-25g-oil-at-30g-per-day-hyderabad-based-nin-fssai-set-daily-intake-limits-to-curb-lifestyle-diseases-nationwide/articleshow/122804836.cms,"NCDs such as diabetes, obesity, high blood pressure"
News,Ghee,high blood pressure,other,fflo chroniceffect,1,1,0.85,https://timesofindia.indiatimes.com/city/hyderabad/cap-sugar-at-25g-oil-at-30g-per-day-hyderabad-based-nin-fssai-set-daily-intake-limits-to-curb-lifestyle-diseases-nationwide/articleshow/122804836.cms,"NCDs such as diabetes, obesity, high blood pressure"
News,Ghee,urea,adulterant,stomach irritation,1,1,0.9,https://www.livemint.com/economy/the-evolution-of-india-s-fake-milk-industry-11782121657013.html,Chemicals such as urea... can cause stomach irritation
News,Ghee,detergent,adulterant,stomach irritation,1,1,0.9,https://www.livemint.com/economy/the-evolution-of-india-s-fake-milk-industry-11782121657013.html,"Chemicals such as urea, detergents and caustic soda can cause stomach irritation"
News,Ghee,detergent,adulterant,vomiting,1,1,0.9,https://www.livemint.com/economy/the-evolution-of-india-s-fake-milk-industry-11782121657013.html,"Chemicals such as urea, detergents and caustic soda can cause stomach irritation, vomiting and diarrhoea"
News,Ghee,detergent,adulterant,diarrhoea,1,1,0.9,https://www.livemint.com/economy/the-evolution-of-india-s-fake-milk-industry-11782121657013.html,"Chemicals such as urea, detergents and caustic soda can cause stomach irritation, vomiting and diarrhoea"
News,Ghee,caustic soda,adulterant,stomach irritation,1,1,0.9,https://www.livemint.com/economy/the-evolution-of-india-s-fake-milk-industry-11782121657013.html,"Chemicals such as urea, detergents and caustic soda can cause stomach irritation"
News,Ghee,caustic soda,adulterant,vomiting,1,1,0.9,https://www.livemint.com/economy/the-evolution-of-india-s-fake-milk-industry-11782121657013.html,"Chemicals such as urea, detergents and caustic soda can cause stomach irritation, vomiting and diarrhoea"
News,Ghee,caustic soda,adulterant,diarrhoea,1,1,0.9,https://www.livemint.com/economy/the-evolution-of-india-s-fake-milk-industry-11782121657013.html,"Chemicals such as urea, detergents and caustic soda can cause stomach irritation, vomiting and diarrhoea"
News,Ghee,starch,adulterant,digestive system disturbance,1,1,0.85,https://timesofindia.indiatimes.com/life-style/food-news/is-your-ghee-really-pure-7-ways-to-identify-fake-ghee-at-home/photostory/121319096.cms,Adulterants like starch or soapstone can disturb the digestive system
News,Ghee,soapstone,adulterant,digestive system disturbance,1,1,0.85,https://timesofindia.indiatimes.com/life-style/food-news/is-your-ghee-really-pure-7-ways-to-identify-fake-ghee-at-home/photostory/121319096.cms,Adulterants like starch or soapstone can disturb the digestive system
News,Ghee,synthetic chemicals,adulterant,nervous system effects,1,1,0.8,https://timesofindia.indiatimes.com/life-style/food-news/is-your-ghee-really-pure-7-ways-to-identify-fake-ghee-at-home/photostory/121319096.cms,synthetic chemicals in adulterated ghee may affect the nervous system
News,Ghee,human waste,adulterant,severe consequences for public health,1,1,0.8,https://www.freepressjournal.in/india/up-government-mandates-nameplates-at-food-shops-enforces-stricter-food-safety-regulations,such malicious actions have severe consequences for public health
News,Ghee,high fructose corn syrup,adulterant,increases sugar level in the body,1,1,0.8,https://timesofindia.indiatimes.com/city/nagpur/experts-sound-note-of-caution-as-fda-finds-52-of-86-honey-samples-adulterated/articleshow/85336798.cms,"These sugar syrups like high fructose corn syrup and rice syrup have high fructose content, which can harm the body. At least jaggery mixed honey was natural, but honey having fructose content increases the sugar level in the body though honey is being consumed to control sugar"
News,Ghee,antibiotic residue,adulterant,evolution of drug resistant superbugs,1,1,0.85,https://timesofindia.indiatimes.com/city/nagpur/experts-sound-note-of-caution-as-fda-finds-52-of-86-honey-samples-adulterated/articleshow/85336798.cms,Consumption of such antibiotic-laced honey may contribute to evolution of drug-resistant superbugs
News,Ghee,harmful oils,adulterant,cardiovascular disease,1,1,0.85,https://www.hindustantimes.com/htcity/htcity-foodies/kya-aapke-ghee-meh-vanaspati-hai-here-are-5-expert-approved-purity-tests-you-can-try-at-home-101727260180885.html,"The addition of harmful oils and trans fats elevates cholesterol levels, increasing the risk of heart disease"
News,Ghee,harmful oils,adulterant,arterial blockage,1,1,0.85,https://www.hindustantimes.com/htcity/htcity-foodies/kya-aapke-ghee-meh-vanaspati-hai-here-are-5-expert-approved-purity-tests-you-can-try-at-home-101727260180885.html,"The addition of harmful oils and trans fats elevates cholesterol levels, increasing the risk of heart disease and arterial blockage"
News,Ghee,adulterated ghee,other,obesity,1,1,0.85,https://www.hindustantimes.com/htcity/htcity-foodies/kya-aapke-ghee-meh-vanaspati-hai-here-are-5-expert-approved-purity-tests-you-can-try-at-home-101727260180885.html,contribute to the development of chronic illnesses such as obesity
News,Ghee,harmful oils,adulterant,diabetes,1,1,0.85,https://www.hindustantimes.com/htcity/htcity-foodies/kya-aapke-ghee-meh-vanaspati-hai-here-are-5-expert-approved-purity-tests-you-can-try-at-home-101727260180885.html,"The addition of harmful oils and trans fats elevates cholesterol levels, increasing the risk of heart disease and arterial blockage. Over time, regular consumption of adulterated ghee can contribute to the development of chronic illnesses such as obesity, diabetes, and even cancer"
News,Ghee,harmful oils,adulterant,cancer/carcinogenicity,1,1,0.85,https://www.hindustantimes.com/htcity/htcity-foodies/kya-aapke-ghee-meh-vanaspati-hai-here-are-5-expert-approved-purity-tests-you-can-try-at-home-101727260180885.html,"The addition of harmful oils and trans fats elevates cholesterol levels, increasing the risk of heart disease and arterial blockage. Over time, regular consumption of adulterated ghee can contribute to the development of chronic illnesses such as obesity, diabetes, and even cancer"
News,Ghee,trans fat,adulterant,heart diseases,1,1,0.95,https://www.financialexpress.com/lifestyle/lifestyle-and-health-benefits-of-trans-fat-free-vanaspati-and-how-it-is-going-to-impact-the-market/2609701/,"The more trans-fats consumed, the greater the risk of heart diseases."
News,Ghee,trans fat,adulterant,health hazards,1,1,0.85,https://www.financialexpress.com/lifestyle/lifestyle-and-health-benefits-of-trans-fat-free-vanaspati-and-how-it-is-going-to-impact-the-market/2609701/,hazards of trans-fat consumption
News,Ghee,vegetable oil/fat,adulterant,gastrointestinal illness,1,1,0.85,https://www.indiatoday.in/india/story/india-today-impact-sting-operation-fake-ghee-leads-to-raids-uttar-pradesh-hathras-2623207-2024-10-25?utm_source=rss,"health risks posed by the regular consumption of hydrogenated oils and refined oils are well-documented, ranging from digestive issues"
News,Ghee,vegetable oil/fat,adulterant,cardiovascular problems,1,1,0.85,https://www.indiatoday.in/india/story/india-today-impact-sting-operation-fake-ghee-leads-to-raids-uttar-pradesh-hathras-2623207-2024-10-25?utm_source=rss,"health risks posed by the regular consumption of hydrogenated oils and refined oils are well-documented, ranging from digestive issues to long-term cardiovascular problems"
News,Ghee,chinese garlic,adulterant,liver damage,1,1,0.85,https://www.newindianexpress.com/cities/bengaluru/2024/Oct/05/karnataka-food-safety-dept-to-test-garlic-sweet-samples,treated with chemicals that cause liver damage
News,Ghee,chinese garlic,other,gastrointestinal issues,1,1,0.85,https://www.newindianexpress.com/cities/bengaluru/2024/Oct/05/karnataka-food-safety-dept-to-test-garlic-sweet-samples,"treated with chemicals that cause liver damage, gastrointestinal issues"
News,Ghee,chinese garlic,adulterant,weakened immune function,1,1,0.9,https://www.newindianexpress.com/cities/bengaluru/2024/Oct/05/karnataka-food-safety-dept-to-test-garlic-sweet-samples,"treated with chemicals that cause liver damage, gastrointestinal issues and weakened immune function"
News,Ghee,cancer causing ingredient,adulterant,cancer/carcinogenicity,1,1,0.9,https://www.newindianexpress.com/cities/bengaluru/2024/Oct/05/karnataka-food-safety-dept-to-test-garlic-sweet-samples,contain cancer-causing ingredients
News,Ghee,carrot extract,adulterant,masking adulteration,1,1,0.6,https://timesofindia.indiatimes.com/etimes/wellness/study-reveals-fake-ghee-from-carrot-extract-can-pass-quality-tests-but-is-it-really-healthier-than-real-ghee/articleshow/131433320.cms,natural masking agent can throw off even reliable checks
News,Ghee,hydrogenated fats,adulterant,heart risks,1,1,0.85,https://timesofindia.indiatimes.com/etimes/wellness/study-reveals-fake-ghee-from-carrot-extract-can-pass-quality-tests-but-is-it-really-healthier-than-real-ghee/articleshow/131433320.cms,"hydrogenated fats, overall, have been tied to more heart risks"
News,Ghee,hydrogenated fats,adulterant,health issues,1,1,0.8,https://timesofindia.indiatimes.com/etimes/wellness/study-reveals-fake-ghee-from-carrot-extract-can-pass-quality-tests-but-is-it-really-healthier-than-real-ghee/articleshow/131433320.cms,"hydrogenated fats, overall, have been tied to more heart risks and other health issues"
News,Ghee,industrial trans fats,adulterant,heart health issues,1,1,0.85,https://timesofindia.indiatimes.com/etimes/wellness/study-reveals-fake-ghee-from-carrot-extract-can-pass-quality-tests-but-is-it-really-healthier-than-real-ghee/articleshow/131433320.cms,"industrial trans fats, which is bad news for heart health"
News,Ghee,industrial trans fats,adulterant,inflammation,1,1,0.9,https://timesofindia.indiatimes.com/etimes/wellness/study-reveals-fake-ghee-from-carrot-extract-can-pass-quality-tests-but-is-it-really-healthier-than-real-ghee/articleshow/131433320.cms,"loaded with industrial trans fats, which is bad news for heart health, inflammation"
News,Ghee,cow ghee,other,improves sleep,1,1,0.75,https://www.hindustantimes.com/lifestyle/health/cow-ghee-vs-desi-ghee-experts-explain-the-basic-difference-and-if-one-is-healthier-than-the-other-101772727532569.html,help you sleep better
News,Ghee,red 40,adulterant,allergic reaction,1,1,0.8,https://www.newindianexpress.com/cities/bengaluru/2025/Apr/29/fda-finds-excessive-use-of-artificial-colours-in-popular-doughnut-brand-flags-it-unsafe-for-consumption,High levels of food colouring have been linked to allergic reactions
News,Ghee,red 40,adulterant,skin rashes,1,1,0.8,https://www.newindianexpress.com/cities/bengaluru/2025/Apr/29/fda-finds-excessive-use-of-artificial-colours-in-popular-doughnut-brand-flags-it-unsafe-for-consumption,"linked to allergic reactions, including skin rashes"
News,Ghee,ethylene glycol,adulterant,death,1,1,0.9,https://www.deccanchronicle.com/southern-states/andhra-pradesh/forensics-lab-steps-in-over-adulterated-milk-tragedy-1939633,monoethylene glycol mixing with milk and causing the death of four persons
News,Ghee,ethylene glycol,adulterant,hospitalising 15 persons,1,1,0.9,https://www.deccanchronicle.com/southern-states/andhra-pradesh/forensics-lab-steps-in-over-adulterated-milk-tragedy-1939633,monoethylene glycol mixing with milk and causing the death of four persons and hospitalising 15 persons
News,Ghee,chemicals,adulterant,serious health risks,1,1,0.85,https://www.deccanchronicle.com/southern-states/andhra-pradesh/ttd-chairman-refutes-ysrcs-claim-of-clean-chit-in-laddu-ghee-case-1933848,chemicals allegedly had been highly hazardous and posed serious health risks
News,Ghee,adulterated ghee,other,nervous system dysfunction,1,1,0.8,https://timesofindia.indiatimes.com/life-style/food-news/fsda-declares-6-desi-ghee-brands-unsafe-how-to-check-ghee-purity-and-the-easiest-way-to-make-ghee-at-home/articleshow/130544411.cms,affect the functioning of the nervous system
News,Ghee,heavy metals,adulterant,kidney damage,1,1,0.9,https://indianexpress.com/article/lifestyle/food-wine/tirupati-laddoo-controversy-eating-adulterated-ghee-affect-health-9589633/,"contaminated with heavy metals, which can accumulate in the body and lead to severe health problems, including kidney damage"
News,Ghee,heavy metals,adulterant,neurological effects,1,1,0.9,https://indianexpress.com/article/lifestyle/food-wine/tirupati-laddoo-controversy-eating-adulterated-ghee-affect-health-9589633/,"contaminated with heavy metals, which can accumulate in the body and lead to severe health problems, including kidney damage and neurological disorders"
News,Ghee,adulterated ghee,other,nausea,1,1,0.9,https://indianexpress.com/article/lifestyle/food-wine/tirupati-laddoo-controversy-eating-adulterated-ghee-affect-health-9589633/,Adulterated ghee can cause acute digestive problems such as nausea
News,Ghee,adulterated ghee,other,diarrhoea,1,1,0.9,https://indianexpress.com/article/lifestyle/food-wine/tirupati-laddoo-controversy-eating-adulterated-ghee-affect-health-9589633/,Adulterated ghee can cause acute digestive problems such as... diarrhea
News,Ghee,adulterated ghee,other,skin rashes,1,1,0.85,https://indianexpress.com/article/lifestyle/food-wine/tirupati-laddoo-controversy-eating-adulterated-ghee-affect-health-9589633/,adulterated ghee may trigger reactions ranging from skin rashes
News,Ghee,adulterated ghee,other,respiratory issues,1,1,0.85,https://indianexpress.com/article/lifestyle/food-wine/tirupati-laddoo-controversy-eating-adulterated-ghee-affect-health-9589633/,adulterated ghee may trigger reactions ranging from skin rashes to more severe respiratory issues
News,Ghee,adulterated ghee,other,liver damage,1,1,0.9,https://indianexpress.com/article/lifestyle/food-wine/tirupati-laddoo-controversy-eating-adulterated-ghee-affect-health-9589633/,Continuous consumption of adulterated ghee can put a strain on the liver... result in liver damage
News,Ghee,adulterated ghee,other,cardiovascular disease,1,1,0.85,https://indianexpress.com/article/lifestyle/food-wine/tirupati-laddoo-controversy-eating-adulterated-ghee-affect-health-9589633/,"increasing the risk of heart disease, high blood pressure, and strokes"
News,Ghee,adulterated ghee,other,high blood pressure,1,1,0.85,https://indianexpress.com/article/lifestyle/food-wine/tirupati-laddoo-controversy-eating-adulterated-ghee-affect-health-9589633/,"increasing the risk of heart disease, high blood pressure, and strokes"
News,Ghee,adulterated ghee,other,strokes,1,1,0.85,https://indianexpress.com/article/lifestyle/food-wine/tirupati-laddoo-controversy-eating-adulterated-ghee-affect-health-9589633/,"increasing the risk of heart disease, high blood pressure, and strokes"
News,Ghee,adulterants in ghee,adulterant,malnutrition,1,1,0.85,https://indianexpress.com/article/lifestyle/food-wine/tirupati-laddoo-controversy-eating-adulterated-ghee-affect-health-9589633/,Adulterants in ghee can disrupt the body's ability to absorb essential nutrients. This can lead to malnutrition
News,Ghee,adulterated ghee,other,hormonal disorders,1,1,0.85,https://indianexpress.com/article/lifestyle/food-wine/tirupati-laddoo-controversy-eating-adulterated-ghee-affect-health-9589633/,"lead to metabolic disruptions, weight gain, or hormonal disorders like thyroid imbalances"
News,Ghee,adulterated ghee,other,thyroid imbalances,1,1,0.85,https://indianexpress.com/article/lifestyle/food-wine/tirupati-laddoo-controversy-eating-adulterated-ghee-affect-health-9589633/,hormonal disorders like thyroid imbalances
News,Ghee,palm oil family,adulterant,harmful for health,1,1,0.8,https://timesofindia.indiatimes.com/city/patna/over-500kg-adulterated-paneer-seized-by-food-safety-and-drug-administration/articleshow/118985802.cms,"palm oil, which can be harmful for health"
News,Ghee,ghee,adulterant,harmful for health,1,1,0.8,https://timesofindia.indiatimes.com/city/patna/over-500kg-adulterated-paneer-seized-by-food-safety-and-drug-administration/articleshow/118985802.cms,"fats like ghee or palm oil, which can be harmful for health"
News,Ghee,adulterated tea,adulterant,harmful for health,1,1,0.9,https://www.newindianexpress.com/states/odisha/2021/jan/06/police-bust-fake-tea-manufacturing-unit-in-cuttack-45-quintals-seized-2246301.html,consumption of adulterated tea is harmful for health
News,Ghee,milk powder,adulterant,poison,1,1,0.85,https://www.dnaindia.com/analysis/report-dna-tv-show-uncovering-mafia-of-fake-diwali-sweets-that-can-poison-your-family-sourabh-raaj-jain-3067817,This mixture of low-quality milk powder is extremely harmful to your health and can prove to be poison if ingested in large quantities.
News,Ghee,milk powder,adulterant,harmful to health,1,1,0.85,https://www.dnaindia.com/analysis/report-dna-tv-show-uncovering-mafia-of-fake-diwali-sweets-that-can-poison-your-family-sourabh-raaj-jain-3067817,This mixture of low-quality milk powder is extremely harmful to your health
News,Ghee,adulterated ghee,adulterant,vomiting,1,1,0.85,https://www.freepressjournal.in/bhopal/bhandara-turns-nightmare-250-villagers-fall-ill-after-eating-halwa-made-with-adulterated-ghee-in-mps-shivpuri,villagers began complaining of vomiting
News,Ghee,contaminated fats,adulterant,allergic reaction,1,1,0.85,https://timesofindia.indiatimes.com/life-style/health-fitness/health-news/what-happens-if-you-apply-ghee-on-your-navel-shocking-side-effects/articleshow/124287760.cms,trigger allergic reactions
News,Ghee,contaminated fats,adulterant,localized inflammation,1,1,0.85,https://timesofindia.indiatimes.com/life-style/health-fitness/health-news/what-happens-if-you-apply-ghee-on-your-navel-shocking-side-effects/articleshow/124287760.cms,skin absorption of contaminated fats can lead to localized inflammation
News,Ghee,contaminated ghee,adulterant,localized infection,1,1,0.9,https://timesofindia.indiatimes.com/life-style/health-fitness/health-news/what-happens-if-you-apply-ghee-on-your-navel-shocking-side-effects/articleshow/124287760.cms,Applying contaminated fats to the skin can increase the risk of localized infection
News,Ghee,ghee,other,allergic reaction,1,1,0.9,https://timesofindia.indiatimes.com/life-style/health-fitness/health-news/what-happens-if-you-apply-ghee-on-your-navel-shocking-side-effects/articleshow/124287760.cms,Even pure ghee can trigger allergic reactions in some individuals
News,Ghee,cheap oils,adulterant,serious health risk,1,1,0.8,https://economictimes.indiatimes.com/news/new-updates/hyderabad-fake-ghee-raid-how-3000-kg-of-cow-buffalo-cream-were-mixed-with-cheap-substances-and-supplied-to-public/articleshow/129141501.cms,"pose a serious health risk, as they contain cheap oils"
News,Ghee,adulterated products,other,serious health problems,1,1,0.85,https://economictimes.indiatimes.com/news/new-updates/hyderabad-fake-ghee-raid-how-3000-kg-of-cow-buffalo-cream-were-mixed-with-cheap-substances-and-supplied-to-public/articleshow/129141501.cms,Adulterated products not only mislead consumers but can also lead to serious health problems
News,Ghee,adulterated food,other,diarrhoea,1,1,0.9,https://www.thehansindia.com/telangana/karimnagar-adulterated-food-a-major-concern-882194,"Adulteration causes diarrhoea, stomach ache and joint pain"
News,Ghee,adulterated food,other,joint pain,1,1,0.9,https://www.thehansindia.com/telangana/karimnagar-adulterated-food-a-major-concern-882194,"Adulteration causes diarrhoea, stomach ache and joint pain"
News,Ghee,adulterated food,other,ulcers,1,1,0.85,https://www.thehansindia.com/telangana/karimnagar-adulterated-food-a-major-concern-882194,Damage to the digestive tract can cause ulcers
News,Ghee,adulterated food,other,skin rashes,1,1,0.85,https://www.thehansindia.com/telangana/karimnagar-adulterated-food-a-major-concern-882194,Rashes and spots can occur on the skin due to adulterated food
News,Ghee,starch,adulterant,allergic reaction,1,1,0.85,https://timesofindia.indiatimes.com/life-style/food-news/fake-mithai-alert-how-to-test-your-diwali-sweets-at-home-for-safety/articleshow/124693105.cms,"adulterants like starch, artificial dyes, or metallic powders that can cause allergies"
News,Ghee,artificial dyes,adulterant,nausea,1,1,0.85,https://timesofindia.indiatimes.com/life-style/food-news/fake-mithai-alert-how-to-test-your-diwali-sweets-at-home-for-safety/articleshow/124693105.cms,"adulterants like starch, artificial dyes, or metallic powders that can cause allergies, nausea"
News,Ghee,metallic powders,adulterant,organ damage,1,1,0.85,https://timesofindia.indiatimes.com/life-style/food-news/fake-mithai-alert-how-to-test-your-diwali-sweets-at-home-for-safety/articleshow/124693105.cms,"adulterants like starch, artificial dyes, or metallic powders that can cause allergies, nausea, and even organ damage"
News,Ghee,detergent,adulterant,serious health risks,1,1,0.8,https://timesofindia.indiatimes.com/life-style/food-news/fake-mithai-alert-how-to-test-your-diwali-sweets-at-home-for-safety/articleshow/124693105.cms,"detergent, a harmful adulterant that poses serious health risks"
News,Ghee,aluminium foil,adulterant,digestive irritation,1,1,0.9,https://timesofindia.indiatimes.com/life-style/food-news/fake-mithai-alert-how-to-test-your-diwali-sweets-at-home-for-safety/articleshow/124693105.cms,Avoid eating mithai with aluminium coating as it can cause digestive irritation
News,Ghee,artificial dye,adulterant,rashes,1,1,0.9,https://timesofindia.indiatimes.com/life-style/food-news/fake-mithai-alert-how-to-test-your-diwali-sweets-at-home-for-safety/articleshow/124693105.cms,Artificial colours can trigger rashes
News,Ghee,artificial dye,adulterant,hyperactivity in children,1,1,0.9,https://timesofindia.indiatimes.com/life-style/food-news/fake-mithai-alert-how-to-test-your-diwali-sweets-at-home-for-safety/articleshow/124693105.cms,"Artificial colours can trigger rashes, hyperactivity in children"
News,Ghee,mithai,other,gastrointestinal illness,1,1,0.8,https://timesofindia.indiatimes.com/life-style/food-news/fake-mithai-alert-how-to-test-your-diwali-sweets-at-home-for-safety/articleshow/124693105.cms,Adulterated sweets can cause digestive issues
News,Ghee,mithai,other,food poisoning,1,1,0.8,https://timesofindia.indiatimes.com/life-style/food-news/fake-mithai-alert-how-to-test-your-diwali-sweets-at-home-for-safety/articleshow/124693105.cms,Adulterated sweets can cause ... food poisoning
News,Ghee,mithai,other,allergic reaction,1,1,0.8,https://timesofindia.indiatimes.com/life-style/food-news/fake-mithai-alert-how-to-test-your-diwali-sweets-at-home-for-safety/articleshow/124693105.cms,Adulterated sweets can cause ... allergic reactions
News,Ghee,unknown contaminant,adulterant,renal failure,1,1,0.9,https://www.thehansindia.com/hans/opinion/news-analysis/adulterated-milk-spells-death-can-no-longer-be-ignored-1055769,Nine people died of acute renal failure
News,Ghee,milk adulterants,adulterant,gastrointestinal disorders,1,1,0.9,https://www.thehansindia.com/hans/opinion/news-analysis/adulterated-milk-spells-death-can-no-longer-be-ignored-1055769,such adulterants can cause gastrointestinal disorders
News,Ghee,dairy ghee,other,cardiovascular disease,1,1,0.8,https://indianexpress.com/article/lifestyle/health-specials/ghee-coconut-oil-mustard-oil-control-fat-diabetes-8081554/,daily intake of even 1-2 teaspoons increases heart attack risk
News,Ghee,dairy ghee,other,kidney damage,1,1,0.75,https://indianexpress.com/article/lifestyle/health-specials/ghee-coconut-oil-mustard-oil-control-fat-diabetes-8081554/,ghee increases the risk of kidney damage
News,Ghee,saturated fats,adulterant,liver shrinkage,1,1,0.8,https://indianexpress.com/article/lifestyle/health-specials/ghee-coconut-oil-mustard-oil-control-fat-diabetes-8081554/,All saturated fats get deposited in the liver causing its shrinkage
News,Ghee,trans fatty acids,adulterant,pancreas damage,1,1,0.8,https://indianexpress.com/article/lifestyle/health-specials/ghee-coconut-oil-mustard-oil-control-fat-diabetes-8081554/,"injurious to the heart, liver, pancreas"
News,Ghee,adulterants in mithai,adulterant,gastrointestinal illness,1,1,0.85,https://www.financialexpress.com/life/lifestyle-worried-about-adulterated-diwali-sweets-dietitian-on-how-to-recognise-fake-khoya-4011313/,"Adulterants in mithai, depending on what they are, could cause digestive issues"
News,Ghee,adulterants in mithai,adulterant,allergic reaction,1,1,0.85,https://www.financialexpress.com/life/lifestyle-worried-about-adulterated-diwali-sweets-dietitian-on-how-to-recognise-fake-khoya-4011313/,"Adulterants in mithai, depending on what they are, could cause digestive issues, allergic reactions"
News,Ghee,adulterants in mithai,adulterant,cancer/carcinogenicity,1,1,0.85,https://www.financialexpress.com/life/lifestyle-worried-about-adulterated-diwali-sweets-dietitian-on-how-to-recognise-fake-khoya-4011313/,Adulterants in mithai... could... increase the risk of diseases like cancer
News,Ghee,adulteration in mawa or khoya,other,gastrointestinal illness,1,1,0.85,https://www.financialexpress.com/life/lifestyle-worried-about-adulterated-diwali-sweets-dietitian-on-how-to-recognise-fake-khoya-4011313/,Adulteration in mawa or khoya... can cause major digestive issues
News,Ghee,unknown adulterant,adulterant,acute renal dysfunction,1,1,0.8,https://www.indiatoday.in/india/andhra-pradesh/story/andhra-pradesh-east-godavari-milk-contamination-death-telangana-rajamahendravaram-2880782-2026-03-12,acute renal dysfunction requiring dialysis
News,Ghee,unknown adulterant,adulterant,anuria,1,1,0.8,https://www.indiatoday.in/india/andhra-pradesh/story/andhra-pradesh-east-godavari-milk-contamination-death-telangana-rajamahendravaram-2880782-2026-03-12,symptoms including anuria
News,Ghee,dioxane,adulterant,cancer/carcinogenicity,1,1,0.9,https://timesofindia.indiatimes.com/city/agra/detergent-found-in-milk-animal-fat-in-ghee/articleshow/91801919.cms,"dioxane, which is known to be a carcinogenic (cancer-causing) agent"
News,Ghee,hazardous chemicals,adulterant,detrimental effects on health,1,1,0.8,https://timesofindia.indiatimes.com/city/jaipur/2-5k-litre-of-spurious-ghee-seized-in-pali/articleshow/107572083.cms,"hazardous chemicals, posing potential detrimental effects on health"
News,Ghee,adulteration process,other,serious health risk,1,1,0.85,https://indianexpress.com/article/cities/delhi/fake-ghee-racket-busted-in-delhi-6-held-in-festive-season-crackdown-10284942/,This crude and hazardous process not only deceived consumers but posed a serious health risk
News,Ghee,nausea,other,fflo acuteeffect,1,1,0.65,https://frontline.thehindu.com/the-nation/food-adulteration-diwali-crisis-contamination-spices-india-diseases-fssai/article70208651.ece,"Minor symptoms like nausea, stomach pain, or diarrhoea"
News,Ghee,ethylene oxide,adulterant,cancer/carcinogenicity,1,1,0.95,https://frontline.thehindu.com/the-nation/food-adulteration-diwali-crisis-contamination-spices-india-diseases-fssai/article70208651.ece,"ethylene oxide, a known carcinogen"
News,Ghee,toxic chemicals,adulterant,health problems,1,1,0.8,https://timesofindia.indiatimes.com/city/jaipur/spurious-ghee-racket-busted-in-city-1-arrested/articleshow/102689895.cms,toxic chemicals that could potentially result in health problems
News,Ghee,formalin/formaldehyde,adulterant,gastrointestinal toxicity,1,1,0.95,https://www.newindianexpress.com/cities/delhi/2025/Oct/18/police-seize-over-6800-units-of-fake-desi-ghee-sweets-across-delhi,"known to cause severe health issues, including ... gastrointestinal toxicity"
News,Ghee,formalin/formaldehyde,adulterant,allergic reaction,1,1,0.95,https://www.newindianexpress.com/cities/delhi/2025/Oct/18/police-seize-over-6800-units-of-fake-desi-ghee-sweets-across-delhi,"known to cause severe health issues, including ... allergic reactions"
News,Ghee,formalin/formaldehyde,adulterant,respiratory problems,1,1,0.95,https://www.newindianexpress.com/cities/delhi/2025/Oct/18/police-seize-over-6800-units-of-fake-desi-ghee-sweets-across-delhi,"known to cause severe health issues, including ... respiratory problems"
News,Ghee,long term health complications,other,fflo chroniceffect,1,1,0.75,https://economictimes.indiatimes.com/news/new-updates/1400-kg-fake-khoya-400-kilo-expired-ghee-and-paneer-seized-by-fssai-before-holi/articleshow/128938525.cms,long-term health complications
News,Ghee,stale cooking oil,adulterant,long term health issues,1,1,0.85,https://timesofindia.indiatimes.com/life-style/food-news/110-kg-chicken-825-kg-fake-paneer-banned-colours-and-chemicals-seized-how-to-check-purity-at-home/articleshow/131873428.cms,Long-term health issues due to repeated consumption of reused oil
News,Ghee,raspberry red,adulterant,allergic reaction,1,1,0.85,https://timesofindia.indiatimes.com/life-style/food-news/110-kg-chicken-825-kg-fake-paneer-banned-colours-and-chemicals-seized-how-to-check-purity-at-home/articleshow/131873428.cms,Allergic reactions and toxicity due to artificial food colours
News,Ghee,artificial food colours,adulterant,gastrointestinal infections,1,1,0.85,https://timesofindia.indiatimes.com/life-style/food-news/110-kg-chicken-825-kg-fake-paneer-banned-colours-and-chemicals-seized-how-to-check-purity-at-home/articleshow/131873428.cms,Allergic reactions and toxicity due to artificial food colours
News,Ghee,reused oil,adulterant,serious illnesses affecting the liver,1,1,0.85,https://timesofindia.indiatimes.com/life-style/food-news/110-kg-chicken-825-kg-fake-paneer-banned-colours-and-chemicals-seized-how-to-check-purity-at-home/articleshow/131873428.cms,Long-term health issues due to repeated consumption of reused oil
News,Ghee,palm oil family,adulterant,cardiovascular disease,1,1,0.9,https://timesofindia.indiatimes.com/life-style/food-news/mustard-oil-adulterated-with-heart-unhealthy-palm-oil-3-simple-tests-to-find-out/photostory/120931401.cms,"adulterated with cheap palm oil, which helps increase LDL bad cholesterol and cause heart attack"
News,Ghee,palm oil family,adulterant,cancer/carcinogenicity,1,1,0.85,https://timesofindia.indiatimes.com/life-style/food-news/mustard-oil-adulterated-with-heart-unhealthy-palm-oil-3-simple-tests-to-find-out/photostory/120931401.cms,"palm oil are also added to mustard oil, which can cause severe health issues including cancer"
News,Ghee,glycidol,adulterant,cancer/carcinogenicity,1,1,0.85,https://timesofindia.indiatimes.com/life-style/food-news/mustard-oil-adulterated-with-heart-unhealthy-palm-oil-3-simple-tests-to-find-out/photostory/120931401.cms,"formation of harmful compounds like glycidol, a possible carcinogen"
News,Ghee,palm oil family,adulterant,health harm,1,1,0.75,https://timesofindia.indiatimes.com/city/ahmedabad/1300kg-of-cream-seized-unit-sealed/articleshow/119723566.cms,Such adulteration can harm health
News,Ghee,lethal chemicals,adulterant,adverse human health effects,1,1,0.8,https://www.thehindu.com/news/national/andhra-pradesh/ghee-adulteration-issue-ttd-chairman-seeks-deeper-sit-probe-into-money-trail/article70570737.ece,lethal chemicals that could adversely affect human health
News,Ghee,reprocessed oils,adulterant,cancer/carcinogenicity,1,1,0.9,https://timesofindia.indiatimes.com/city/vijayawada/fssai-experts-warn-of-adulterated-biryani/articleshow/87229905.cms,reprocessed oils which are carcinogenic
News,Ghee,reprocessed oils,adulterant,digestive system damage,1,1,0.85,https://timesofindia.indiatimes.com/city/vijayawada/fssai-experts-warn-of-adulterated-biryani/articleshow/87229905.cms,Most of these ingredients are carcinogenic in nature and also damage the digestive system
News,Ghee,trans fats,adulterant,strokes,1,1,0.85,https://economictimes.indiatimes.com/magazines/panache/olive-mustard-ghee-or-coconut-oil-gurgaon-doctor-explains-which-oil-to-use-and-avoid-one-that-costs-5-lakh-lives-a-year/articleshow/125295490.cms,"eliminating these trans fats could save up to 5,00,000 lives every year by reducing heart attacks and strokes"
News,Ghee,nitrofurans,adulterant,cancer/carcinogenicity,1,1,0.8,https://timesofindia.indiatimes.com/life-style/food-news/poor-quality-eggs-being-sold-online-fssai-seeks-detailed-explanation-from-e-commerce-and-how-it-is-going-to-help-customers/articleshow/131148889.cms,potentially cancerâlinked substance
News,Ghee,ammonium carbonate,adulterant,adversely affects the metabolism,1,1,0.9,https://timesofindia.indiatimes.com/city/jaipur/rcdf-starts-facility-to-test-milk-ghee-and-other-dairy-products/articleshow/120290200.cms,it adversely affects the metabolism
News,Ghee,individuals involved in the illegal production,other,endangering public health,1,1,0.85,https://timesofindia.indiatimes.com/city/ludhiana/festive-season-taste-spoled-repeat-offenders-held-in-ludhianas-ghee-sting-/articleshow/124348026.cms,these persons had been endangering public health repeatedly
News,Ghee,adulterated ingredients,adulterant,public health threat,1,1,0.7,https://timesofindia.indiatimes.com/city/ludhiana/festive-season-taste-spoled-repeat-offenders-held-in-ludhianas-ghee-sting-/articleshow/124348026.cms,serious public health threat posed by consuming food products made with adulterated ingredients
News,Ghee,wood powder,adulterant,obstruction in the intestine,1,1,0.9,https://www.newindianexpress.com/states/odisha/2021/jan/08/poison-on-the-plate-markets-see-rise-in-fake-food-products-2247212.html,mixing wood powder and can cause obstruction in the intestine
News,Ghee,chemicals in food products,adulterant,cancer/carcinogenicity,1,1,0.9,https://www.newindianexpress.com/states/odisha/2021/jan/08/poison-on-the-plate-markets-see-rise-in-fake-food-products-2247212.html,chemicals in food products can cause cancer
News,Ghee,chemicals in food products,adulterant,gastrointestinal illness,1,1,0.9,https://www.newindianexpress.com/states/odisha/2021/jan/08/poison-on-the-plate-markets-see-rise-in-fake-food-products-2247212.html,"chemicals in food products can cause cancer, gastroenteritis"
News,Ghee,chemicals in food products,adulterant,liver diseases,1,1,0.9,https://www.newindianexpress.com/states/odisha/2021/jan/08/poison-on-the-plate-markets-see-rise-in-fake-food-products-2247212.html,"chemicals in food products can cause cancer, gastroenteritis, liver and skin diseases"
News,Ghee,chemicals in food products,adulterant,skin diseases,1,1,0.9,https://www.newindianexpress.com/states/odisha/2021/jan/08/poison-on-the-plate-markets-see-rise-in-fake-food-products-2247212.html,"chemicals in food products can cause cancer, gastroenteritis, liver and skin diseases"
News,Ghee,adulterants in ghee,adulterant,high cholesterol levels,1,1,0.85,https://timesofindia.indiatimes.com/city/hyderabad/shocking-test-results-1-in-5-ghee-samples-found-impure-in-hyderabad/articleshow/113715846.cms,The presence of adulterants in ghee causes digestive problems
News,Ghee,ghee,other,elevated blood pressure,1,1,0.8,https://timesofindia.indiatimes.com/city/hyderabad/shocking-test-results-1-in-5-ghee-samples-found-impure-in-hyderabad/articleshow/113715846.cms,consumption of adulterated ghee... contributes to various health issues such as... elevated blood pressure
News,Ghee,adulterants in ghee,adulterant,bloating,1,1,0.85,https://timesofindia.indiatimes.com/city/hyderabad/shocking-test-results-1-in-5-ghee-samples-found-impure-in-hyderabad/articleshow/113715846.cms,"presence of adulterants in ghee causes digestive problems, including bloating"
News,Ghee,adulterants in ghee,adulterant,stomach discomfort,1,1,0.85,https://timesofindia.indiatimes.com/city/hyderabad/shocking-test-results-1-in-5-ghee-samples-found-impure-in-hyderabad/articleshow/113715846.cms,"The presence of adulterants in ghee causes digestive problems, including bloating and stomach discomfort."
News,Ghee,ghee,other,chronic inflammation,1,1,0.8,https://timesofindia.indiatimes.com/city/hyderabad/shocking-test-results-1-in-5-ghee-samples-found-impure-in-hyderabad/articleshow/113715846.cms,Regular consumption of adulterated ghee... leading to chronic inflammation
News,Ghee,ghee,other,oxidative stress,1,1,0.8,https://timesofindia.indiatimes.com/city/hyderabad/shocking-test-results-1-in-5-ghee-samples-found-impure-in-hyderabad/articleshow/113715846.cms,Regular consumption of adulterated ghee... leading to... oxidative stress
News,Ghee,ghee,other,cardiovascular disease,1,1,0.8,https://timesofindia.indiatimes.com/city/hyderabad/shocking-test-results-1-in-5-ghee-samples-found-impure-in-hyderabad/articleshow/113715846.cms,consumers will be at risk of cardiovascular disease... in the long term
News,Ghee,cholera like symptoms,other,acuteeffect,1,1,0.8,https://www.freepressjournal.in/indore/raid-uncovers-3k-litres-ghee-made-using-animal-fat-in-madhya-pradeshs-khandwa-2-held,"Health problems, including cholera-like symptoms, have been reported"
News,Ghee,ghee,other,raised ldl cholesterol,1,1,0.85,https://www.indiatoday.in/health/story/desi-ghee-demand-sees-a-surge-but-heres-what-nutritionists-want-you-to-know-2810309-2025-10-29?utm_source=rss,It can raise LDL (bad cholesterol) if consumed in excess
News,Ghee,adulterated ghee,adulterant,health risks,1,1,0.85,https://www.newindianexpress.com/states/andhra-pradesh/2024/Sep/26/ttd-complaint-on-ar-dairy-for-allegedly-supplying-adulterated-ghee,"Adulterated ghee not only compromises taste, but can also pose serious health risks to devotees"
News,Ghee,saturated fats,adulterant,atherosclerosis,1,1,0.85,https://timesofindia.indiatimes.com/life-style/food-news/is-daily-ghee-consumption-harmful-know-its-side-effects-and-who-should-avoid-it/articleshow/122851491.cms,increasing the risk of atherosclerosis
News,Ghee,saturated fats,adulterant,strokes,1,1,0.85,https://timesofindia.indiatimes.com/life-style/food-news/is-daily-ghee-consumption-harmful-know-its-side-effects-and-who-should-avoid-it/articleshow/122851491.cms,increasing the risk of... strokes
News,Ghee,saturated fats,adulterant,weight gain,1,1,0.8,https://timesofindia.indiatimes.com/life-style/food-news/is-daily-ghee-consumption-harmful-know-its-side-effects-and-who-should-avoid-it/articleshow/122851491.cms,regular overuse can lead to problems like weight gain
News,Ghee,ghee,other,metabolic syndrome,1,1,0.85,https://timesofindia.indiatimes.com/life-style/food-news/is-daily-ghee-consumption-harmful-know-its-side-effects-and-who-should-avoid-it/articleshow/122851491.cms,associated disorders like metabolic syndrome
News,Ghee,imbalance in gut microbiome,other,gastrointestinal illness,1,1,0.8,https://timesofindia.indiatimes.com/life-style/food-news/is-daily-ghee-consumption-harmful-know-its-side-effects-and-who-should-avoid-it/articleshow/122851491.cms,potentially leading to digestive issues
News,Ghee,imbalance in gut microbiome,other,weakened immunity,1,1,0.8,https://timesofindia.indiatimes.com/life-style/food-news/is-daily-ghee-consumption-harmful-know-its-side-effects-and-who-should-avoid-it/articleshow/122851491.cms,potentially leading to ... weakened immunity
News,Ghee,ghee,other,gastrointestinal illness,1,1,0.85,https://timesofindia.indiatimes.com/life-style/food-news/is-daily-ghee-consumption-harmful-know-its-side-effects-and-who-should-avoid-it/articleshow/122851491.cms,"Eating too much ghee can disrupt the balance of good bacteria in the gut, potentially leading to digestive issues"
News,Ghee,sodium benzoate,adulterant,cancer/carcinogenicity,1,1,0.75,https://www.thehansindia.com/telangana/hyderabad-turning-into-capital-of-adulterated-food-1063581,flagged as a potential carcinogenic ingredient
News,Ghee,sorbic acid,adulterant,cancer/carcinogenicity,1,1,0.75,https://www.thehansindia.com/telangana/hyderabad-turning-into-capital-of-adulterated-food-1063581,flagged as a potential carcinogenic ingredient
News,Ghee,chemicals,adulterant,public health risks,1,1,0.8,https://www.siasat.com/ttd-chief-rejects-ysrcps-clean-chit-claim-in-laddu-ghee-scam-3334108/,"chemicals found in the adulterated ghee were highly dangerous, posing risks to public health"
News,Ghee,fake mawa,other,fall sick,1,1,0.85,https://www.freepressjournal.in/bhopal/beware-before-buying-raksha-bandhan-sweets-over-400-places-making-adulterated-mawa-in-madhya-pradesh-check-how-to-test-real-vs-fake,Many people who eat sweets made from this fake mawa fall sick
News,Ghee,starch,adulterant,stomach pain and loose motions,1,1,0.85,https://www.freepressjournal.in/bhopal/beware-before-buying-raksha-bandhan-sweets-over-400-places-making-adulterated-mawa-in-madhya-pradesh-check-how-to-test-real-vs-fake,"To increase weight, starch and synthetic materials are added. Health risks of fake mawa Food poisoning Stomach pain and loose motions"
News,Ghee,hydrogenated fats,adulterant,clogs arteries,1,1,0.8,https://timesofindia.indiatimes.com/life-style/food-news/fake-desi-ghee-factory-busted-in-punjab-how-exactly-is-fake-ghee-made-and-how-to-spot-it/articleshow/124737410.cms,"it clogs arteries, raises bad cholesterol, and can damage the liver"
News,Ghee,hydrogenated fats,adulterant,raises bad cholesterol,1,1,0.8,https://timesofindia.indiatimes.com/life-style/food-news/fake-desi-ghee-factory-busted-in-punjab-how-exactly-is-fake-ghee-made-and-how-to-spot-it/articleshow/124737410.cms,"it clogs arteries, raises bad cholesterol, and can damage the liver"
News,Ghee,reusing frying oil,other,harmful effects on health,1,1,0.85,https://indianexpress.com/article/cities/mumbai/fda-intensifies-action-on-unsafe-festive-food-helpline-open-for-public-complaints-9635302/,Reusing oil can result in harmful effects on health
News,Ghee,dairy products,other,serious health risks,1,1,0.75,https://economictimes.indiatimes.com/news/new-updates/whats-on-your-plate-hyderabad-over-3800-kg-of-fake-paneer-927-kg-khoa-249-kg-cream-seized-just-days-after-3000-kg-ghee-scam/articleshow/129674525.cms,consumption of such contaminated or fake dairy products can pose serious health risks
News,Ghee,total polar compounds,adulterant,cancer/carcinogenicity,1,1,0.9,https://www.thehindu.com/news/national/andhra-pradesh/food-safety-officers-find-hygiene-violations-at-bakeries-in-vijayawada/article69089538.ece,"high 'total polar compounds' in the oil, which can cause cancer"
News,Milk,death,other,acuteeffect,1,1,0.9,https://indianexpress.com/article/cities/mumbai/woman-dies-after-eating-maggi-she-accidentally-put-tomato-rat-poison-8057803/,died after consuming rat poison
News,Milk,ethylene glycol,adulterant,kidney related problems,1,1,0.9,https://www.thehansindia.com/andhra-pradesh/nhrc-takes-serious-view-of-rights-violations-1059941,"Investigations revealed that the milk was contaminated with ethylene glycol, a highly toxic industrial chemical. The victims included vulnerable groups such as children and senior citizens. As per official records, 20 people were admitted to various hospitals with Anuria and kidney-related problems."
News,Milk,contaminated milk,adulterant,renal failure,1,1,0.85,https://www.en.etemaaddaily.com/world/national/suspected-contaminated-milk-kills-woman-in-kakinada-hospitalizes-10:190223,caused by the consumption of contaminated milk
News,Milk,methanol,adulterant,food poisoning,1,1,0.95,https://timesofindia.indiatimes.com/times-special/pure-milk-protein-shakes-how-dry-bihar-gets-its-high/articleshow/130621720.cms,hundreds have died from methanol poisoning
News,Milk,hydrogen sulphide,adulterant,fast unconsciousness,1,1,0.9,https://www.tribuneindia.com/news/punjab/ludhiana-gas-leak-night-long-efforts-undertaken-to-decontaminate-affected-area-says-official-503751,can lead to fast unconsciousness and death
News,Milk,e coli,adulterant,kidney damage,1,1,0.9,https://timesofindia.indiatimes.com/life-style/health-fitness/health-news/7-foods-that-can-put-you-at-risk-of-e-coli/articleshow/115495008.cms,"strains, like those that produce Shiga toxin, can cause serious illness, including kidney damage"
News,Milk,shiga toxin producing e coli,adulterant,kidney damage,1,1,0.9,https://timesofindia.indiatimes.com/life-style/health-fitness/health-news/7-foods-that-can-put-you-at-risk-of-e-coli/articleshow/115495008.cms,"some strains, like those that produce Shiga toxin, can cause serious illness, including kidney damage"
News,Milk,escherichia coli,adulterant,gastrointestinal illness,1,1,0.85,https://timesofindia.indiatimes.com/life-style/health-fitness/health-news/7-foods-that-can-put-you-at-risk-of-e-coli/articleshow/115495008.cms,Many strains of E coli can cause diarrheagenic infections in your GI tract
News,Milk,e coli,adulterant,hemolytic uremic syndrome,1,1,0.95,https://timesofindia.indiatimes.com/life-style/health-fitness/health-news/7-foods-that-can-put-you-at-risk-of-e-coli/articleshow/115495008.cms,some can develop a serious kidney and blood problem called hemolytic uremic syndrome (HUS)
News,Milk,e coli,adulterant,vomiting,1,1,0.95,https://timesofindia.indiatimes.com/life-style/health-fitness/health-news/7-foods-that-can-put-you-at-risk-of-e-coli/articleshow/115495008.cms,"Signs of an E. coli infection include diarrhea, which can be bloody or watery, severe stomach cramps, and vomiting"
News,Milk,e coli,adulterant,low fever,1,1,0.95,https://timesofindia.indiatimes.com/life-style/health-fitness/health-news/7-foods-that-can-put-you-at-risk-of-e-coli/articleshow/115495008.cms,Signs of an E. coli infection include ... a low fever
News,Milk,e coli,adulterant,uti,1,1,0.9,https://timesofindia.indiatimes.com/life-style/health-fitness/health-news/7-foods-that-can-put-you-at-risk-of-e-coli/articleshow/115495008.cms,"Not wiping properly after going to the bathroom can move E coli from your poop to your urinary tract, causing a UTI"
News,Milk,antimotility agents,adulterant,toxic megacolon,1,1,0.9,https://timesofindia.indiatimes.com/life-style/health-fitness/health-news/7-foods-that-can-put-you-at-risk-of-e-coli/articleshow/115495008.cms,Antimotility agents can increase the risk of complications like toxic megacolon
News,Milk,antimotility agents,adulterant,hemolytic uremic syndrome,1,1,0.9,https://timesofindia.indiatimes.com/life-style/health-fitness/health-news/7-foods-that-can-put-you-at-risk-of-e-coli/articleshow/115495008.cms,Antimotility agents can increase the risk of complications like ... hemolytic uremic syndrome (HUS)
News,Milk,alpha gal syndrome,other,nausea,1,1,0.9,https://www.newdelhitimes.com/meat-allergy-caused-by-ticks-getting-more-common-in-us-cdc-says/,symptoms including ... nausea
News,Milk,alpha gal syndrome,other,acuteeffect,1,1,0.9,https://www.newdelhitimes.com/meat-allergy-caused-by-ticks-getting-more-common-in-us-cdc-says/,"Six hours after dinner, she woke up nauseated"
News,Milk,bloating,other,fflo acuteeffect,1,1,0.7,https://www.news18.com/lifestyle/food/mumbai-family-tragedy-linked-to-watermelon-raises-questions-on-fruit-safety-and-combinations-10061421.html,certain combinations may lead to: Bloating Acidity Mild digestive discomfort
News,Milk,acidity,other,fflo acuteeffect,1,1,0.7,https://www.news18.com/lifestyle/food/mumbai-family-tragedy-linked-to-watermelon-raises-questions-on-fruit-safety-and-combinations-10061421.html,certain combinations may lead to: Bloating Acidity Mild digestive discomfort
News,Milk,ethylene glycol,adulterant,health risks to diabetic patients,1,1,0.85,https://www.deccanchronicle.com/southern-states/andhra-pradesh/rajamahendravaram-mp-urges-curb-on-hormone-injections-to-buffaloes-1939595,ethylene glycol is particularly dangerous for diabetic patients
News,Milk,plastic,adulterant,internal organ damage,1,1,0.8,https://www.news18.com/news/buzz/vet-in-karnataka-district-operates-on-cow-to-remove-21-kg-plastic-from-stomach-3981353.html,Plastic affects their internal organs
News,Milk,plastic,adulterant,cessation of regular food intake,1,1,0.8,https://www.news18.com/news/buzz/vet-in-karnataka-district-operates-on-cow-to-remove-21-kg-plastic-from-stomach-3981353.html,cows that eat plastic eventually stop eating their regular food
News,Milk,plastic,adulterant,inability to give milk,1,1,0.8,https://www.news18.com/news/buzz/vet-in-karnataka-district-operates-on-cow-to-remove-21-kg-plastic-from-stomach-3981353.html,"Eventually, they are not able to give milk"
News,Milk,plastic,adulterant,bloating,1,1,0.85,https://www.news18.com/news/buzz/vet-in-karnataka-district-operates-on-cow-to-remove-21-kg-plastic-from-stomach-3981353.html,cow started to suffer bloating
News,Milk,plastic,adulterant,reduced digestion capacity,1,1,0.85,https://www.news18.com/news/buzz/vet-in-karnataka-district-operates-on-cow-to-remove-21-kg-plastic-from-stomach-3981353.html,digestion capacity went down
News,Milk,nausea,other,fflo acuteeffect,1,1,0.85,https://www.hindustantimes.com/cities/others/andhra-milk-adulteration-govt-announces-rs-10-lakh-ex-gratia-for-deceased-101771840048537.html,"symptoms included nausea, vomiting and reduced urination"
News,Milk,reduced urination,other,fflo acuteeffect,1,1,0.85,https://www.hindustantimes.com/cities/others/andhra-milk-adulteration-govt-announces-rs-10-lakh-ex-gratia-for-deceased-101771840048537.html,"symptoms included nausea, vomiting and reduced urination"
News,Milk,prohibited synthetic ingredients,adulterant,food poisoning,1,1,0.9,https://www.thehansindia.com/telangana/cops-crack-down-on-paneer-adulteration-1087770,"pose significant public health risks, including food poisoning"
News,Milk,prohibited synthetic ingredients,adulterant,allergic reaction,1,1,0.9,https://www.thehansindia.com/telangana/cops-crack-down-on-paneer-adulteration-1087770,"pose significant public health risks, including food poisoning and allergic reactions"
News,Milk,raw vegetables,other,stomach infections,1,1,0.75,https://zeenews.india.com/lifestyle/5-foods-to-add-in-your-diet-to-prevent-allergies-and-infections-during-monsoon-2771238.html,Raw vegetables if not washed properly may carry harmful viruses and bacteria that can contribute to stomach infections
News,Milk,coconut shell husk,adulterant,jaundice,1,1,0.9,https://www.thehansindia.com/telangana/toxic-tea-powder-making-racket-busted-3-arrested-913450,Consuming substances like coconut shell husk can cause jaundice
News,Milk,coconut shell husk,adulterant,typhoid,1,1,0.9,https://www.thehansindia.com/telangana/toxic-tea-powder-making-racket-busted-3-arrested-913450,Consuming substances like coconut shell husk can cause jaundice and typhoid
News,Milk,chemical flavour,adulterant,allergic reaction,1,1,0.9,https://www.thehansindia.com/telangana/toxic-tea-powder-making-racket-busted-3-arrested-913450,chemical flavour may result in allergy
News,Milk,chemical flavour,adulterant,cancer/carcinogenicity,1,1,0.9,https://www.thehansindia.com/telangana/toxic-tea-powder-making-racket-busted-3-arrested-913450,chemical flavour may result in allergy or intestine cancer
News,Milk,embalming powder,adulterant,severe damage to body parts,1,1,0.9,https://indianexpress.com/article/cities/ahmedabad/woman-arrested-for-killing-3-year-old-son-in-ahmedabad-7452937/,Feeding fluid form of embalming powder can result in severe damage to body parts
News,Milk,lactobacillus paracasei,adulterant,healing inflammation,1,1,0.85,https://www.firstpost.com/health/best-probiotic-for-women-7-top-probiotics-for-healthier-gut-10547621.html,good in healing inflammation
News,Milk,commercial breast milk,other,privatization of public service,1,1,0.6,https://timesofindia.indiatimes.com/home/sunday-times/sale-of-breast-milk-raises-eyebrows/articleshow/92623732.cms,result in the privatization of a previously public service
News,Milk,sugarcane juice,other,hepatitis a,1,1,0.85,https://indianexpress.com/article/lifestyle/health-specials/which-navratri-mithai-wont-give-me-stomach-infection-8174434/,sugarcane juice... can lead to transmission of food and water-borne hepatitis A
News,Milk,salmonella,adulterant,acute diarrhoeal illness,1,1,0.85,https://indianexpress.com/article/lifestyle/health-specials/which-navratri-mithai-wont-give-me-stomach-infection-8174434/,contaminated with bacteria like Salmonella and Shigella dysenteriae and the vulnerable can easily land at hospital emergencies with acute diarrhoeal illness
News,Milk,shigella dysenteriae,adulterant,acute diarrhoeal illness,1,1,0.85,https://indianexpress.com/article/lifestyle/health-specials/which-navratri-mithai-wont-give-me-stomach-infection-8174434/,contaminated with bacteria like Salmonella and Shigella dysenteriae and the vulnerable can easily land at hospital emergencies with acute diarrhoeal illness
News,Milk,constant diarrhoea,other,dehydration,1,1,0.9,https://indianexpress.com/article/lifestyle/health-specials/which-navratri-mithai-wont-give-me-stomach-infection-8174434/,Constant diarrhoea and vomitting may lead to dehydration
News,Milk,vomiting,other,dehydration,1,1,0.9,https://indianexpress.com/article/lifestyle/health-specials/which-navratri-mithai-wont-give-me-stomach-infection-8174434/,Constant diarrhoea and vomitting may lead to dehydration
News,Milk,micro plastics,adulterant,numerous health problems,1,1,0.85,https://www.thehansindia.com/my-voice/myvoice-views-of-our-readers-9th-july-2023-808008,toxins from the plastics in the form of micro plastics have already entered our bodies through the food chain creating numerous health problems
News,Milk,acute renal dysfunction,other,fflo acuteeffect,1,1,0.9,https://www.deccanchronicle.com/southern-states/andhra-pradesh/ap-milk-contamination-death-toll-rises-to-13-1943271,acute renal dysfunction
News,Milk,abdominal pain,other,fflo acuteeffect,1,1,0.9,https://www.deccanchronicle.com/southern-states/andhra-pradesh/ap-milk-contamination-death-toll-rises-to-13-1943271,abdominal pain
News,Milk,artificial sugar syrups,adulterant,adverse effects on health,1,1,0.75,https://timesofindia.indiatimes.com/city/nagpur/experts-sound-note-of-caution-as-fda-finds-52-of-86-honey-samples-adulterated/articleshow/85336798.cms,possibility of adverse effects on health by consuming this type of honey
News,Milk,high fructose corn syrup,adulterant,increases sugar level in the body,1,1,0.8,https://timesofindia.indiatimes.com/city/nagpur/experts-sound-note-of-caution-as-fda-finds-52-of-86-honey-samples-adulterated/articleshow/85336798.cms,honey having fructose content increases the sugar level in the body
News,Milk,antibiotic residue,adulterant,evolution of drug resistant superbugs,1,1,0.85,https://timesofindia.indiatimes.com/city/nagpur/experts-sound-note-of-caution-as-fda-finds-52-of-86-honey-samples-adulterated/articleshow/85336798.cms,Consumption of such antibiotic-laced honey may contribute to evolution of drug-resistant superbugs
News,Milk,cross contamination,other,storing prepared food and raw materials together,1,1,0.7,https://www.thehindu.com/news/national/tamil-nadu/in-food-we-trust-laying-out-health-and-hygiene-norms/article67548866.ece,storing prepared food and raw materials together can cause cross-contamination
News,Milk,stale eggs,other,typhoid,1,1,0.9,https://www.thehindu.com/news/national/tamil-nadu/in-food-we-trust-laying-out-health-and-hygiene-norms/article67548866.ece,"Eggs, if stale, can cause typhoid"
News,Milk,stale shawarma,other,non typhoidal salmonellosis,1,1,0.9,https://www.thehindu.com/news/national/tamil-nadu/in-food-we-trust-laying-out-health-and-hygiene-norms/article67548866.ece,"Shawarma, if stale, can cause non-typhoidal salmonellosis"
News,Milk,spoiled raw egg,adulterant,typhoid,1,1,0.9,https://www.thehindu.com/news/national/tamil-nadu/in-food-we-trust-laying-out-health-and-hygiene-norms/article67548866.ece,"The raw egg used in mayonnaise, its accompaniment, if spoiled, comes with the risk of causing typhoid"
News,Milk,food borne diseases,other,fflo acuteeffect,1,1,0.8,https://www.thehindu.com/news/national/tamil-nadu/in-food-we-trust-laying-out-health-and-hygiene-norms/article67548866.ece,Food-borne diseases are mostly self-limiting (with short-term mild symptoms)
News,Milk,water,adulterant,gastrointestinal illness,1,1,0.9,https://www.thehindu.com/news/national/tamil-nadu/in-food-we-trust-laying-out-health-and-hygiene-norms/article67548866.ece,drinking infected water causes gastroenteritis
News,Milk,water,adulterant,typhoid fever,1,1,0.9,https://www.thehindu.com/news/national/tamil-nadu/in-food-we-trust-laying-out-health-and-hygiene-norms/article67548866.ece,typhoid fever due to contaminated food or water
News,Milk,unsafe food,other,diarrhoea,1,1,0.9,https://www.thehindu.com/news/national/tamil-nadu/in-food-we-trust-laying-out-health-and-hygiene-norms/article67548866.ece,"unsafe food causing communicable diseases, such as diarrhoea"
News,Milk,contamination,other,viral enteritis,1,1,0.85,https://www.thehindu.com/news/national/tamil-nadu/in-food-we-trust-laying-out-health-and-hygiene-norms/article67548866.ece,This leads to outbreaks of viral enteritis
News,Milk,energy dense food,other,obesity,1,1,0.9,https://www.thehindu.com/news/national/tamil-nadu/in-food-we-trust-laying-out-health-and-hygiene-norms/article67548866.ece,Consumption of energy-dense food can lead to obesity
News,Milk,lead,adulterant,behavioral changes,1,1,0.85,https://economictimes.indiatimes.com/magazines/panache/how-do-toxic-substances-like-lead-end-up-in-baby-food/articleshow/97399836.cms,"Small amounts of lead, for instance, have been found to affect behavior"
News,Milk,lead,adulterant,iq reduction,1,1,0.85,https://economictimes.indiatimes.com/magazines/panache/how-do-toxic-substances-like-lead-end-up-in-baby-food/articleshow/97399836.cms,"Small amounts of lead, for instance, have been found to affect behavior, IQ"
News,Milk,arsenic,adulterant,cancer/carcinogenicity,1,1,0.9,https://economictimes.indiatimes.com/magazines/panache/how-do-toxic-substances-like-lead-end-up-in-baby-food/articleshow/97399836.cms,"arsenic, which is associated with cancer"
News,Milk,acute renal failure,other,multi-organ failure,1,1,0.85,https://scroll.in/latest/1091557/andhra-pradesh-toll-from-consuming-adulterated-milk-rises-to-16?utm_source=rss&utm_medium=public,organ failures were triggered by acute renal failure
News,Milk,water,adulterant,vomiting,1,1,0.9,https://www.freepressjournal.in/indore/indore-water-tragedy-survivors-recount-horror-after-consuming-contaminated-water,"Vomiting, diarrhoea and sudden collapse followed"
News,Milk,water,adulterant,sudden collapse,1,1,0.9,https://www.freepressjournal.in/indore/indore-water-tragedy-survivors-recount-horror-after-consuming-contaminated-water,"Vomiting, diarrhoea and sudden collapse followed"
News,Milk,death,other,fflo acuteeffect,1,1,0.8,https://www.freepressjournal.in/indore/indore-water-tragedy-survivors-recount-horror-after-consuming-contaminated-water,"ended in sudden illness, panic and death by morning"
News,Milk,water,adulterant,illness,1,1,0.9,https://www.freepressjournal.in/indore/indore-water-tragedy-survivors-recount-horror-after-consuming-contaminated-water,contaminated water made him sick
News,Milk,water,adulterant,illness in infants,1,1,0.85,https://www.freepressjournal.in/indore/indore-water-tragedy-survivors-recount-horror-after-consuming-contaminated-water,grandson just 11 months old is still fighting the same 'poisoned' water
News,Milk,contaminant,adulterant,death,1,1,0.9,https://www.freepressjournal.in/indore/indore-water-tragedy-survivors-recount-horror-after-consuming-contaminated-water,He drank the contaminated water and passed away.
News,Milk,addition of water to milk,other,introduction of foreign particles and contaminants,1,1,0.8,https://www.newindianexpress.com/states/tamil-nadu/2026/Jun/30/60-milk-procured-by-aavin-in-10-districts-fails-quality-norms,"addition of water to milk is considered adulteration, as it can introduce foreign particles and contaminants"
News,Milk,foodborne diseases,other,fflo acuteeffect,1,1,0.85,https://nagalandpost.com/unsafe-at-every-bite-indias-silent-food-safety-epidemic/,acute diarrheal diseases
News,Milk,detergent,adulterant,gastrointestinal discomfort,1,1,0.85,https://nagalandpost.com/unsafe-at-every-bite-indias-silent-food-safety-epidemic/,leading to issues such as gastrointestinal discomfort
News,Milk,detergent,adulterant,irritate the digestive tract,1,1,0.9,https://nagalandpost.com/unsafe-at-every-bite-indias-silent-food-safety-epidemic/,Detergents... can irritate the digestive tract
News,Milk,caustic soda,adulterant,irritate the digestive tract,1,1,0.9,https://nagalandpost.com/unsafe-at-every-bite-indias-silent-food-safety-epidemic/,Detergents and caustic soda can irritate the digestive tract
News,Milk,urea,adulterant,multi-organ failure,1,1,0.9,https://nagalandpost.com/unsafe-at-every-bite-indias-silent-food-safety-epidemic/,substances like urea and formalin... may lead to... organ failure
News,Milk,formalin/formaldehyde,adulterant,metabolic disturbances,1,1,0.9,https://nagalandpost.com/unsafe-at-every-bite-indias-silent-food-safety-epidemic/,substances like urea and formalin... may lead to metabolic disturbances
News,Milk,formalin/formaldehyde,adulterant,multi-organ failure,1,1,0.9,https://nagalandpost.com/unsafe-at-every-bite-indias-silent-food-safety-epidemic/,substances like urea and formalin... may lead to... organ failure
News,Milk,sudan red,adulterant,cancer/carcinogenicity,1,1,0.95,https://nagalandpost.com/unsafe-at-every-bite-indias-silent-food-safety-epidemic/,"Sudan Red, which is known to cause cancer"
News,Milk,lead chromate,adulterant,kidney damage,1,1,0.9,https://nagalandpost.com/unsafe-at-every-bite-indias-silent-food-safety-epidemic/,Lead chromate... can seriously hurt the kidneys
News,Milk,rhodamine B,adulterant,liver damage,1,1,0.9,https://nagalandpost.com/unsafe-at-every-bite-indias-silent-food-safety-epidemic/,Rhodamine B is harmful to the liver
News,Milk,unidentified adulterant,adulterant,renal failure,1,1,0.85,https://www.hindustantimes.com/india-news/four-die-in-andhra-pradesh-rajamahendravaram-after-consuming-adulterated-milk-101771830100532.html,contaminated milk caused kidney (renal) failure
News,Milk,toxic substances,adulterant,health risks,1,1,0.8,https://www.hindustantimes.com/cities/chandigarh-news/dont-say-cheese-nearly-50-paneer-in-punjab-markets-spurious-101765654017539.html,Experts warn of health risks from toxic substances.
News,Milk,illegal and toxic adulterants,adulterant,hazardous for human consumption,1,1,0.85,https://www.hindustantimes.com/cities/chandigarh-news/dont-say-cheese-nearly-50-paneer-in-punjab-markets-spurious-101765654017539.html,deemed outright hazardous for human consumption due to the presence of illegal and toxic adulterants
News,Milk,pollutants found in plastic,adulterant,human health threats,1,1,0.8,https://timesofindia.indiatimes.com/city/lucknow/world-environment-day-focus-on-sustainable-alternatives-to-combat-plastic-pollution/articleshow/121632466.cms,and pollutants found in plastic threaten human health on a global scale
News,Milk,microplastics,adulterant,cardiovascular disease,1,1,0.85,https://timesofindia.indiatimes.com/city/lucknow/world-environment-day-focus-on-sustainable-alternatives-to-combat-plastic-pollution/articleshow/121632466.cms,they can increase the risk of heart attack
News,Milk,buttermilk,other,death,1,1,0.75,https://www.hindustantimes.com/cities/pune-news/taste-of-life-pune-doctor-s-struggle-to-justify-buttermilk-feed-to-reduce-risk-of-infant-mortality-101700684207547.html,use of buttermilk feed would help reduce infant mortality rate
News,Milk,ultra processed foods,other,obesity,1,1,0.85,https://indianexpress.com/article/health-wellness/packaged-foods-children-diets-practices-meal-plans-10756755/,diets high in ultra-processed foods are associated with childhood obesity
News,Milk,aflatoxins,adulterant,long term health complications,1,1,0.85,https://indianexpress.com/article/health-wellness/packaged-foods-children-diets-practices-meal-plans-10756755/,"aflatoxins, harmful substances associated with long-term health complications"
News,Milk,tinopal,adulterant,liver damage,1,1,0.85,https://www.freepressjournal.in/india/fake-paneer-racket-busted-toxic-chemicals-like-urea-detergent-used-in-up,"consumption of such toxic paneer could cause serious health hazards, including liver and kidney damage"
News,Milk,urea,adulterant,kidney damage,1,1,0.9,https://www.freepressjournal.in/india/fake-paneer-racket-busted-toxic-chemicals-like-urea-detergent-used-in-up,"They severely damage the liver, kidneys"
News,Milk,urea,adulterant,digestive system damage,1,1,0.9,https://www.freepressjournal.in/india/fake-paneer-racket-busted-toxic-chemicals-like-urea-detergent-used-in-up,"They severely damage the liver, kidneys, and digestive system"
News,Milk,urea,adulterant,cancer/carcinogenicity,1,1,0.85,https://www.freepressjournal.in/india/fake-paneer-racket-busted-toxic-chemicals-like-urea-detergent-used-in-up,may even cause cancer in the long run
News,Milk,urea,adulterant,stomach pain,1,1,0.85,https://www.freepressjournal.in/india/fake-paneer-racket-busted-toxic-chemicals-like-urea-detergent-used-in-up,"Urea, detergent, and Tinopal, when ingested... initial symptoms of consumption include stomach pain"
News,Milk,urea,adulterant,vomiting,1,1,0.85,https://www.freepressjournal.in/india/fake-paneer-racket-busted-toxic-chemicals-like-urea-detergent-used-in-up,"Urea, detergent, and Tinopal, when ingested, enter the bloodstream"
News,Milk,fake paneer,other,indigestion,1,1,0.9,https://www.freepressjournal.in/india/fake-paneer-racket-busted-toxic-chemicals-like-urea-detergent-used-in-up,initial symptoms of consumption include ... indigestion
News,Milk,hydrogenated oils,adulterant,heart problems,1,1,0.85,https://www.freepressjournal.in/india/fake-paneer-racket-busted-toxic-chemicals-like-urea-detergent-used-in-up,heart problems due to the trans fats present in hydrogenated oils
News,Milk,plastic toxins,adulterant,respiratory problems,1,1,0.8,https://www.newindianexpress.com/states/tamil-nadu/2025/Feb/08/collective-efforts-needed-in-the-battle-against-plastic,Humans exposed to plastic toxins face additional risks such as respiratory problems
News,Milk,plastic toxins,adulterant,neurological effects,1,1,0.85,https://www.newindianexpress.com/states/tamil-nadu/2025/Feb/08/collective-efforts-needed-in-the-battle-against-plastic,"Humans exposed to plastic toxins face additional risks such as respiratory problems, neurological disorders"
News,Milk,microplastics,adulterant,oxidative stress,1,1,0.85,https://www.newindianexpress.com/states/tamil-nadu/2025/Feb/08/collective-efforts-needed-in-the-battle-against-plastic,Exposure has been linked to oxidative stress
News,Milk,microplastics,adulterant,immune disorders,1,1,0.85,https://www.newindianexpress.com/states/tamil-nadu/2025/Feb/08/collective-efforts-needed-in-the-battle-against-plastic,"Exposure has been linked to oxidative stress, immune disorders"
News,Milk,plastic waste,adulterant,digestive blockages,1,1,0.9,https://www.newindianexpress.com/states/tamil-nadu/2025/Feb/08/collective-efforts-needed-in-the-battle-against-plastic,"Cows ingest plastic waste, mistaking it for food, which leads to digestive blockages"
News,Milk,plastic waste,adulterant,intestinal perforations,1,1,0.9,https://www.newindianexpress.com/states/tamil-nadu/2025/Feb/08/collective-efforts-needed-in-the-battle-against-plastic,"Cows ingest plastic waste, mistaking it for food, which leads to digestive blockages, intestinal perforations and death."
News,Milk,harmful toxins,adulterant,health risks to humans,1,1,0.75,https://www.newindianexpress.com/states/tamil-nadu/2025/Feb/08/collective-efforts-needed-in-the-battle-against-plastic,"contaminates milk and meat with harmful toxins, posing health risks to humans"
News,Milk,agricultural chemicals,adulterant,cancer/carcinogenicity,1,1,0.85,https://www.opindia.com/2026/02/punjab-2700-women-died-cancer-2025-13299-five-years-seechewal-links-surge-water-pollution-farm-chemicals/,Agricultural chemicals and pesticides are widely blamed for the rise.
News,Milk,urea,adulterant,organ damage,1,1,0.85,https://indianexpress.com/article/health-wellness/fake-paneer-khoya-seized-up-holi-health-10561195/,"Adulterants like urea and detergents can be toxic, causing damage to organs"
News,Milk,detergent,adulterant,organ damage,1,1,0.85,https://indianexpress.com/article/health-wellness/fake-paneer-khoya-seized-up-holi-health-10561195/,"Adulterants like urea and detergents can be toxic, causing damage to organs"
News,Milk,urea,adulterant,gastrointestinal illness,1,1,0.85,https://indianexpress.com/article/health-wellness/fake-paneer-khoya-seized-up-holi-health-10561195/,Adulterants like urea and detergents can be toxic
News,Milk,chemical additives,adulterant,allergic reaction,1,1,0.85,https://indianexpress.com/article/health-wellness/fake-paneer-khoya-seized-up-holi-health-10561195/,chemical additives can trigger allergic reactions
News,Milk,chemicals used in adulteration,adulterant,cardiovascular disease,1,1,0.85,https://indianexpress.com/article/health-wellness/fake-paneer-khoya-seized-up-holi-health-10561195/,"Regular consumption of chemicals used in adulteration can lead to chronic health issues, including cardiovascular diseases"
News,Milk,chemicals used in adulteration,adulterant,cancer/carcinogenicity,1,1,0.85,https://indianexpress.com/article/health-wellness/fake-paneer-khoya-seized-up-holi-health-10561195/,"Regular consumption of chemicals used in adulteration can lead to chronic health issues, including cardiovascular diseases and, in some cases, cancer"
News,Milk,e coli,adulterant,renal failure,1,1,0.85,https://www.newkerala.com/news/o/coli-outbreak-leaves-53-sick-latvia-148,"The Shiga toxin-producing strain can cause severe symptoms, including bloody diarrhoea and potential kidney failure."
News,Milk,shiga toxin producing e coli,adulterant,severe illness,1,1,0.9,https://www.newkerala.com/news/o/coli-outbreak-leaves-53-sick-latvia-148,can cause severe illness
News,Milk,harmful pathogens,adulterant,death,1,1,0.9,https://www.deccanherald.com/health/explained-why-this-ngo-urged-centre-to-alert-parents-on-formula-milk-4012521,harmful pathogens which can cause infant death
News,Milk,escherichia,adulterant,intestinal infections,1,1,0.9,https://www.deccanherald.com/health/explained-why-this-ngo-urged-centre-to-alert-parents-on-formula-milk-4012521,"It includes Escherichia, Salmonella, and Shigella which are known to cause intestinal infections"
News,Milk,salmonella,adulterant,intestinal infections,1,1,0.9,https://www.deccanherald.com/health/explained-why-this-ngo-urged-centre-to-alert-parents-on-formula-milk-4012521,"It includes Escherichia, Salmonella, and Shigella which are known to cause intestinal infections"
News,Milk,shigella,adulterant,intestinal infections,1,1,0.9,https://www.deccanherald.com/health/explained-why-this-ngo-urged-centre-to-alert-parents-on-formula-milk-4012521,"It includes Escherichia, Salmonella, and Shigella which are known to cause intestinal infections"
News,Milk,contaminated powdered milk products,other,death,1,1,0.9,https://www.deccanherald.com/health/explained-why-this-ngo-urged-centre-to-alert-parents-on-formula-milk-4012521,two suspected baby deaths due to consumption of contaminated powdered milk products
News,Milk,calcium carbide,adulterant,nausea,1,1,0.9,https://timesofindia.indiatimes.com/life-style/food-news/3800-kg-mango-pulp-worth-rs-2-23000-adulterated-with-unsafe-colours-destroyed-how-to-identify-fake-mangoes-at-home/articleshow/130280780.cms,It can cause nausea
News,Milk,calcium carbide,adulterant,vomiting,1,1,0.9,https://timesofindia.indiatimes.com/life-style/food-news/3800-kg-mango-pulp-worth-rs-2-23000-adulterated-with-unsafe-colours-destroyed-how-to-identify-fake-mangoes-at-home/articleshow/130280780.cms,"It can cause nausea, vomiting"
News,Milk,calcium carbide,adulterant,gastrointestinal illness,1,1,0.9,https://timesofindia.indiatimes.com/life-style/food-news/3800-kg-mango-pulp-worth-rs-2-23000-adulterated-with-unsafe-colours-destroyed-how-to-identify-fake-mangoes-at-home/articleshow/130280780.cms,"abdominal pain, and diarrhea"
News,Milk,calcium carbide,adulterant,diarrhoea,1,1,0.9,https://timesofindia.indiatimes.com/life-style/food-news/3800-kg-mango-pulp-worth-rs-2-23000-adulterated-with-unsafe-colours-destroyed-how-to-identify-fake-mangoes-at-home/articleshow/130280780.cms,"abdominal pain, and diarrhea"
News,Milk,calcium carbide,adulterant,neurological effects,1,1,0.85,https://timesofindia.indiatimes.com/life-style/food-news/3800-kg-mango-pulp-worth-rs-2-23000-adulterated-with-unsafe-colours-destroyed-how-to-identify-fake-mangoes-at-home/articleshow/130280780.cms,cause neurological disorders like headache
News,Milk,calcium carbide,adulterant,respiratory tract irritation,1,1,0.85,https://timesofindia.indiatimes.com/life-style/food-news/3800-kg-mango-pulp-worth-rs-2-23000-adulterated-with-unsafe-colours-destroyed-how-to-identify-fake-mangoes-at-home/articleshow/130280780.cms,irritate the respiratory tract
News,Milk,calcium carbide,adulterant,rashes,1,1,0.85,https://timesofindia.indiatimes.com/life-style/food-news/3800-kg-mango-pulp-worth-rs-2-23000-adulterated-with-unsafe-colours-destroyed-how-to-identify-fake-mangoes-at-home/articleshow/130280780.cms,"lead to rashes, itching"
News,Milk,calcium carbide,adulterant,cancer/carcinogenicity,1,1,0.8,https://timesofindia.indiatimes.com/life-style/food-news/3800-kg-mango-pulp-worth-rs-2-23000-adulterated-with-unsafe-colours-destroyed-how-to-identify-fake-mangoes-at-home/articleshow/130280780.cms,"long-term exposure to certain ripening agents like arsenic and phosphorus (impurities in calcium carbide) may increase the risk of serious conditions, including cancer"
News,Milk,calcium carbide,adulterant,hormonal imbalances,1,1,0.8,https://timesofindia.indiatimes.com/life-style/food-news/3800-kg-mango-pulp-worth-rs-2-23000-adulterated-with-unsafe-colours-destroyed-how-to-identify-fake-mangoes-at-home/articleshow/130280780.cms,leading to hormonal imbalances over time
News,Milk,bt protein,adulterant,death,1,1,0.85,https://www.thehindubusinessline.com/opinion/dispelling-the-fears-over-bt-cotton/article33522224.ece,"causing leakage of intestinal fluids, cessation of feeding by the insect and, finally, death"
News,Milk,death cap mushroom,adulterant,death,1,1,0.9,https://timesofindia.indiatimes.com/life-style/health-fitness/health-news/death-cap-alert-experts-urge-caution-amid-spike-in-poisonous-mushroom-growth-in-australia/articleshow/121995145.cms,responsible for 90% of mushroom-related deaths globally
News,Milk,death cap mushroom,adulterant,vomiting,1,1,0.9,https://timesofindia.indiatimes.com/life-style/health-fitness/health-news/death-cap-alert-experts-urge-caution-amid-spike-in-poisonous-mushroom-growth-in-australia/articleshow/121995145.cms,"Symptoms include nausea, vomiting, diarrhea, and abdominal cramps."
News,Milk,death cap mushroom,adulterant,diarrhoea,1,1,0.9,https://timesofindia.indiatimes.com/life-style/health-fitness/health-news/death-cap-alert-experts-urge-caution-amid-spike-in-poisonous-mushroom-growth-in-australia/articleshow/121995145.cms,"Symptoms include nausea, vomiting, diarrhea, and abdominal cramps."
News,Milk,death cap mushroom,adulterant,abdominal cramps,1,1,0.9,https://timesofindia.indiatimes.com/life-style/health-fitness/health-news/death-cap-alert-experts-urge-caution-amid-spike-in-poisonous-mushroom-growth-in-australia/articleshow/121995145.cms,"Symptoms include nausea, vomiting, diarrhea, and abdominal cramps."
News,Milk,cyclopiazonic acid,adulterant,food poisoning,1,1,0.95,https://indianexpress.com/article/upsc-current-affairs/upsc-key-cop29-kodo-millet-private-property-and-the-common-good-9664584/,"Upon the consumption of the infected grain, the mycotoxin can cause Kodo poisoning"
News,Milk,kodo poisoning,other,fflo acuteeffect,1,1,0.85,https://indianexpress.com/article/upsc-current-affairs/upsc-key-cop29-kodo-millet-private-property-and-the-common-good-9664584/,"symptoms include vomiting, giddiness, unconsciousness, small and rapid pulse"
News,Milk,ergot,adulterant,food poisoning,1,1,0.9,https://indianexpress.com/article/upsc-current-affairs/upsc-key-cop29-kodo-millet-private-property-and-the-common-good-9664584/,Consumption of such kodo grains is often found to cause poisoning
News,Milk,bacterial contamination,adulterant,gastrointestinal infections,1,1,0.9,https://thelogicalindian.com/hyderabad-crackdown-3892-kg-adulterated-paneer-seized-6-arrested-for-supplying-unsafe-dairy-products/,"bacterial contamination, leading to illnesses such as food poisoning, gastrointestinal infections"
News,Milk,ethylene glycol,adulterant,acute renal complications,1,1,0.9,https://www.deccanchronicle.com/southern-states/andhra-pradesh/nhrc-takes-suo-motu-cognisance-of-rajamahendravaram-milk-contamination-tragedy-1946419,residents developed acute renal complications
News,Milk,sudden hair loss,other,fflo acuteeffect,1,1,0.85,https://www.dnaindia.com/viral/report-sudden-hair-loss-in-3-maharashtra-villages-sparks-panic-water-quality-suspected-3126133,losing large patches of hair over the past few days
News,Milk,phosphoric acid,adulterant,weakens bones,1,1,0.9,https://www.newindianexpress.com/states/karnataka/2025/Mar/30/detergent-powder-in-ice-creams-fda-flags-local-units,"phosphoric acid, which weakens bones"
News,Milk,alcohol,other,illness,1,1,0.8,https://thewire.in/labour/workers-at-indias-largest-mandi-still-paid-decades-old-rates-cant-afford-vegetables,"taken to alcohol, further increasing their chance of illness"
News,Milk,contaminated milk,adulterant,death,1,1,0.85,https://www.news18.com/agency-feeds/social-equity-is-nda-govts-policy-says-andhra-cm-naidu-9925111.html,four deaths and hospitalisations in Rajahmundry in the wake of some locals consuming contaminated milk
News,Milk,intoxicating substance,adulterant,loss of consciousness,1,1,0.8,https://economictimes.indiatimes.com/news/new-updates/how-an-iitian-turned-guru-built-a-following-through-youtube-and-exploited-women-through-gandhava-marriages-in-mathura/articleshow/131475760.cms,lost consciousness after consuming it
News,Milk,adulterated substance,adulterant,death,1,1,0.85,https://www.livemint.com/politics/policy/how-weak-drug-laws-are-costing-lives-11632761831130.html,"She was two years old when she died, after drinking an adulterated children's cough syrup"
News,Milk,diethylene glycol,adulterant,food poisoning,1,1,0.9,https://www.livemint.com/politics/policy/how-weak-drug-laws-are-costing-lives-11632761831130.html,The diethylene-glycol poisoning was likely the outcome
News,Milk,ramnagar children illness,other,acuteeffect,1,1,0.9,https://www.livemint.com/politics/policy/how-weak-drug-laws-are-costing-lives-11632761831130.html,"vomiting, being unable to urinate, and mental confusion"
News,Milk,suspected adulterant in milk,adulterant,acute renal distress,1,1,0.85,https://thelogicalindian.com/4-die-after-consuming-suspected-adulterated-milk-in-andhra-pradesh-dairy-owner-arrested-probe-underway/,biomarkers indicating acute renal distress
News,Milk,suspected adulterant in milk,adulterant,vomiting,1,1,0.9,https://thelogicalindian.com/4-die-after-consuming-suspected-adulterated-milk-in-andhra-pradesh-dairy-owner-arrested-probe-underway/,developed severe symptoms of vomiting
News,Milk,suspected adulterant in milk,adulterant,anuria,1,1,0.9,https://thelogicalindian.com/4-die-after-consuming-suspected-adulterated-milk-in-andhra-pradesh-dairy-owner-arrested-probe-underway/,"sudden kidney complications, including anuria"
News,Milk,adulterated foodstuffs,other,life threatening emergencies,1,1,0.85,https://thelogicalindian.com/4-die-after-consuming-suspected-adulterated-milk-in-andhra-pradesh-dairy-owner-arrested-probe-underway/,adulterated foodstuffs can escalate into life-threatening emergencies
News,Milk,microplastics,adulterant,endocrine disruption,1,1,0.85,https://timesofindia.indiatimes.com/city/chandigarh/warrior-moms-urge-cpcb-for-strict-ban-on-single-use-plastics/articleshow/101576703.cms,"link between plastic pollution and health risks, including ... endocrine disruption"
News,Milk,plastic,adulterant,various ailments,1,1,0.75,https://timesofindia.indiatimes.com/city/chandigarh/warrior-moms-urge-cpcb-for-strict-ban-on-single-use-plastics/articleshow/101576703.cms,plastics are the major cause of various ailments
News,Milk,unknown adulterant,adulterant,death,1,1,0.9,https://www.deccanchronicle.com/southern-states/andhra-pradesh/death-toll-in-toxic-milk-case-rises-to-17-1945474,death toll in the adulterated milk incident rose to 17
News,Milk,pesticide residue,adulterant,cell damage,1,1,0.75,https://www.thehindu.com/archives/from-the-archives-march-10-1972-poisoned-food/article65208254.ece,cell damage and disorders in the biological regulatory systems are said to be among the hazards posed by these toxins
News,Milk,pesticide residue,adulterant,disorders in the biological regulatory systems,1,1,0.75,https://www.thehindu.com/archives/from-the-archives-march-10-1972-poisoned-food/article65208254.ece,disorders in the biological regulatory systems are said to be among the hazards posed by these toxins
News,Milk,bacteria,adulterant,stomach infection,1,1,0.8,https://indianexpress.com/article/lifestyle/health/doctors-monsoon-ailments-gut-health-constipation-diet-fibre-7424203/,Having chaat or juice from the streets can lead to a stomach infection as the water used to prepare it may contain bacteria.
News,Milk,bacteria,adulterant,diarrhoea,1,1,0.8,https://indianexpress.com/article/lifestyle/health/doctors-monsoon-ailments-gut-health-constipation-diet-fibre-7424203/,suffer from diarrhea
News,Milk,toxins,adulterant,gastrointestinal illness,1,1,0.85,https://indianexpress.com/article/lifestyle/health/doctors-monsoon-ailments-gut-health-constipation-diet-fibre-7424203/,"Consumption of contaminated food with bacteria, toxins, and parasites is unpalatable"
News,Milk,parasites,adulterant,gastrointestinal illness,1,1,0.85,https://indianexpress.com/article/lifestyle/health/doctors-monsoon-ailments-gut-health-constipation-diet-fibre-7424203/,"Consumption of contaminated food with bacteria, toxins, and parasites is unpalatable for the digestive system. This may lead to gastroenteritis"
News,Milk,fish,other,cholera,1,1,0.75,https://indianexpress.com/article/lifestyle/health/doctors-monsoon-ailments-gut-health-constipation-diet-fibre-7424203/,eating fish can cause cholera
News,Milk,contaminated dairy products,other,long term health complications,1,1,0.85,https://www.hindustantimes.com/cities/delhi-news/food-safety-drive-550kg-unsafe-paneer-khoya-destroyed-in-gzb-101760725774862.html,"in severe cases, long-term health complications"
News,Milk,bisphenol a,adulterant,obesity,1,1,0.85,http://www.newindianexpress.com/magazine/2023/aug/13/you-are-always-eating-plastic-and-now-drowning-in-it-2604005.html,"The chemical Bisphenol A (BPA), which gives plastic its shape, structure, softness and flexibility, is ingested in large quantities through food or skin contact. BPA affects hormone levels and long-term exposure to industrial chemicals in plastics could cause obesity and diabetes."
News,Milk,bisphenol a,adulterant,hormone level disruption,1,1,0.9,http://www.newindianexpress.com/magazine/2023/aug/13/you-are-always-eating-plastic-and-now-drowning-in-it-2604005.html,BPA affects hormone levels
News,Milk,detergent,adulterant,kidney damage,1,1,0.85,https://thelogicalindian.com/fssai-orders-nationwide-crackdown-on-adulterated-milk-paneer-and-khoya-amid-festive-season-health-fears/,"detergents for froth, urea for density, starch for thickness, and even formalin for preservation-each linked to severe health issues like kidney damage"
News,Milk,water,adulterant,jaundice,1,1,0.95,https://www.news18.com/agency-feeds/jagan-alleges-public-health-breakdown-in-andhra-9934351.html,died due to water contamination resulting in jaundice
News,Milk,adulterated milk,adulterant,hospitalisation,1,1,0.9,https://www.news18.com/agency-feeds/jagan-alleges-public-health-breakdown-in-andhra-9934351.html,many were hospitalised after consuming contaminated milk
News,Milk,thallium,adulterant,sudden hair fall,1,1,0.9,https://www.newindianexpress.com/cities/delhi/2021/mar/25/delhi-based-builder-arrested-tries-to-kill-in-laws-with-slow-poison-thallium-2281421.html,complain of sudden hair fall
News,Milk,thallium,adulterant,coma,1,1,0.85,https://www.newindianexpress.com/cities/delhi/2021/mar/25/delhi-based-builder-arrested-tries-to-kill-in-laws-with-slow-poison-thallium-2281421.html,elder daughter is in a coma for 22 days after Thallium was found in her body
News,Milk,rithik,other,renal failure,1,1,0.95,https://www.thehindu.com/news/national/andhra-pradesh/in-andhra-city-a-morning-staples-turns-deadly/article70681039.ece,doctors told them that both his kidneys had stopped functioning [acute renal failure
News,Milk,rithik,other,anuria,1,1,0.95,https://www.thehindu.com/news/national/andhra-pradesh/in-andhra-city-a-morning-staples-turns-deadly/article70681039.ece,anuria (the cessation of urine output)]
News,Milk,milk,other,anuria,1,1,0.9,https://www.thehindu.com/news/national/andhra-pradesh/in-andhra-city-a-morning-staples-turns-deadly/article70681039.ece,"all patients, including those who died, reportedly had a history of anuria"
News,Milk,lead,adulterant,health issues,1,1,0.85,https://indianexpress.com/article/lifestyle/health/scientists-keep-finding-heavy-metals-in-dark-chocolate-should-you-worry-9492306/,Both metals are considered toxic and have been associated with a range of health issues
News,Milk,cadmium,adulterant,health issues,1,1,0.85,https://indianexpress.com/article/lifestyle/health/scientists-keep-finding-heavy-metals-in-dark-chocolate-should-you-worry-9492306/,Both metals are considered toxic and have been associated with a range of health issues
News,Milk,adulterated edible oil,adulterant,serious health risks,1,1,0.8,https://thelogicalindian.com/10000-kg-rotten-dates-and-adulterated-oil-seized-what-kanpurs-festival-crackdown-reveals/,adulterated edible oil that may have posed serious health risks
News,Milk,edible oils,adulterant,gastrointestinal problems,1,1,0.8,https://thelogicalindian.com/10000-kg-rotten-dates-and-adulterated-oil-seized-what-kanpurs-festival-crackdown-reveals/,"edible oils are mixed with cheaper substitutes, consumers can face anything from gastrointestinal problems"
News,Milk,expired food,other,acute health problems,1,1,0.85,https://thelogicalindian.com/10000-kg-rotten-dates-and-adulterated-oil-seized-what-kanpurs-festival-crackdown-reveals/,Consumption of expired or chemically modified food has been linked to acute health problems
News,Milk,mercury,adulterant,harm to vital organs,1,1,0.85,https://www.dnaindia.com/viral/report-meet-india-first-child-superstar-master-madan-a-musical-genius-who-was-murdered-at-14-qala-movie-3139450,vital organs had been harmed by a slow poison
News,Milk,water,adulterant,skin diseases,1,1,0.85,https://timesofindia.indiatimes.com/times-special/from-villages-lifeline-to-poisoned-curse/articleshow/124406721.cms,The polluted water has triggered health hazards for both humans and cattle
News,Milk,water,adulterant,digestion issues,1,1,0.85,https://timesofindia.indiatimes.com/times-special/from-villages-lifeline-to-poisoned-curse/articleshow/124406721.cms,The polluted water has triggered health hazards for both humans and cattle.
News,Milk,water,adulterant,health hazards for cattle,1,1,0.8,https://timesofindia.indiatimes.com/times-special/from-villages-lifeline-to-poisoned-curse/articleshow/124406721.cms,The polluted water has triggered health hazards for both humans and cattle
News,Milk,fly agaric,adulterant,food poisoning,1,1,0.95,https://indianexpress.com/article/lifestyle/food-wine/mushroom-emoji-keyboard-poisonous-hallucinogenic-10470521/,"accidentally consume a fly agaric, it can lead to mushroom poisoning"
News,Milk,fly agaric,adulterant,vomiting,1,1,0.9,https://indianexpress.com/article/lifestyle/food-wine/mushroom-emoji-keyboard-poisonous-hallucinogenic-10470521/,"experience weird symptoms like nausea, vomiting"
News,Milk,fly agaric,adulterant,diarrhoea,1,1,0.9,https://indianexpress.com/article/lifestyle/food-wine/mushroom-emoji-keyboard-poisonous-hallucinogenic-10470521/,"experience weird symptoms like nausea, vomiting, diarrhoea"
News,Milk,fly agaric,adulterant,confusion,1,1,0.9,https://indianexpress.com/article/lifestyle/food-wine/mushroom-emoji-keyboard-poisonous-hallucinogenic-10470521/,experience weird symptoms like ... confusion
News,Milk,toxic substance,adulterant,organ damage,1,1,0.9,https://indianexpress.com/article/world/when-children-take-toxic-cough-syrup-and-live-9080098/,It ravaged her internal organs
News,Milk,diethylene glycol,adulterant,renal failure,1,1,0.85,https://indianexpress.com/article/world/when-children-take-toxic-cough-syrup-and-live-9080098/,124 children in those regions had been diagnosed with Acute Kidney Injury
News,Milk,afi farma syrup,other,blurry vision,1,1,0.9,https://indianexpress.com/article/world/when-children-take-toxic-cough-syrup-and-live-9080098/,his vision was blurry
News,Milk,ethylene glycol,adulterant,organ damage,1,1,0.85,https://indianexpress.com/article/world/when-children-take-toxic-cough-syrup-and-live-9080098/,the body has broken the ethylene and diethylene glycol down into toxic byproducts that damage the organs
News,Milk,ethylene glycol,adulterant,mobility impairment,1,1,0.75,https://indianexpress.com/article/world/when-children-take-toxic-cough-syrup-and-live-9080098/,unable to walk
News,Milk,diethylene glycol,adulterant,mobility impairment,1,1,0.75,https://indianexpress.com/article/world/when-children-take-toxic-cough-syrup-and-live-9080098/,unable to walk
News,Milk,chemicals or harmful dyes,adulterant,food poisoning,1,1,0.9,https://www.news18.com/india/up-barabanki-6000-litres-of-fake-mustard-oil-seized-raises-food-safety-concerns-aa-ws-l-9927362.html,Chemicals or harmful dyes can trigger rapid toxicity
News,Milk,contaminants,adulterant,allergic reaction,1,1,0.9,https://www.news18.com/india/up-barabanki-6000-litres-of-fake-mustard-oil-seized-raises-food-safety-concerns-aa-ws-l-9927362.html,"Allergic Reactions: Contaminants may provoke rashes, swelling or intense allergic episodes"
News,Milk,certain adulterants,adulterant,breathing problems,1,1,0.9,https://www.news18.com/india/up-barabanki-6000-litres-of-fake-mustard-oil-seized-raises-food-safety-concerns-aa-ws-l-9927362.html,Certain adulterants can irritate the respiratory system that cause difficulty in breathing
News,Milk,heavy metals,adulterant,kidney damage,1,1,0.95,https://www.news18.com/india/up-barabanki-6000-litres-of-fake-mustard-oil-seized-raises-food-safety-concerns-aa-ws-l-9927362.html,Heavy metals like lead in spices accumulate over time which can lead to liver and kidney failure.
News,Milk,toxic dyes and chemicals,adulterant,cancer/carcinogenicity,1,1,0.9,https://www.news18.com/india/up-barabanki-6000-litres-of-fake-mustard-oil-seized-raises-food-safety-concerns-aa-ws-l-9927362.html,Persistent exposure to toxic dyes and chemicals Metanil yellow or Malachite green can be carcinogenic
News,Milk,malachite green,adulterant,cancer/carcinogenicity,1,1,0.9,https://www.news18.com/india/up-barabanki-6000-litres-of-fake-mustard-oil-seized-raises-food-safety-concerns-aa-ws-l-9927362.html,Metanil yellow or Malachite green can be carcinogenic
News,Milk,health effect from milk,other,acuteeffect,1,1,0.8,https://www.news18.com/photogallery/cities/hyderabad-news/3-year-old-latest-victim-of-fake-milk-in-andhras-rajahmundry-12-dead-so-far-ws-kl-9955016.html,death toll in the Rajahmundry incident rose to 12
News,Milk,oxytocin,adulterant,health risk to young children,1,1,0.85,https://www.hindustantimes.com/cities/delhi-news/delhi-hc-slams-officials-over-failure-to-ensure-dairies-follow-norms-101715189838942.html,It may be affecting young children
News,Milk,12yearold,other,pregnancy,1,1,0.9,https://www.mid-day.com/sunday-mid-day/article/she-was-in-her-uniform-when-she-learnt-she-was-pregnant-23463164,a 12yearold and a 14yearold from hamlets here tested positive for pregnancy
News,Milk,14yearold,other,pregnancy,1,1,0.9,https://www.mid-day.com/sunday-mid-day/article/she-was-in-her-uniform-when-she-learnt-she-was-pregnant-23463164,a 12yearold and a 14yearold from hamlets here tested positive for pregnancy
News,Milk,diarrhea,other,fflo acuteeffect,1,1,0.85,https://zeenews.india.com/health/want-to-boost-your-immunity-naturally-this-monsoon-here-are-10-diet-tips-that-work-wonders-2932325,"increases the risk of infections like cold, flu, diarrhea, and food poisoning"
News,Milk,bacteria,adulterant,food borne illnesses,1,1,0.85,https://www.news18.com/lifestyle/food/starch-oil-and-bacteria-is-your-paneer-slowly-poisoning-you-9322651.html,contaminated food can lead to food-borne illnesses
News,Milk,toxins from the crab,adulterant,convulsions,1,1,0.85,https://www.news18.com/world/food-influencer-dies-after-eating-toxic-devil-crab-for-social-media-clout-9899473.html,Amit fell severely ill due to toxins from the crab. Witnesses said she suffered convulsions
News,Milk,adulterated food,other,death,1,1,0.9,https://indianexpress.com/article/upsc-current-affairs/upsc-key-indus-waters-treaty-food-adulteration-and-antitrust-laws-9963906/,sometimes even death
News,Milk,antibiotic residue,adulterant,c difficile infection,1,1,0.9,https://www.thehansindia.com/business/sids-farm-launches-awareness-campaign-on-pure-milk-730433,"exposed to antibiotics consumption, they are needlessly put at risk for health problems including C. difficile infection"
News,Milk,antibiotic residue,adulterant,diarrhoea,1,1,0.9,https://www.thehansindia.com/business/sids-farm-launches-awareness-campaign-on-pure-milk-730433,Dangerous antibiotic-resistant infections that can cause severe diarrhea
News,Milk,antibiotic residue,adulterant,serious harmful effects on human health,1,1,0.85,https://www.thehansindia.com/business/sids-farm-launches-awareness-campaign-on-pure-milk-730433,Significant portions of antibiotics are released through the milk of dairy animals unaltered and exert serious harmful effects on human health.
News,Milk,synthetic colours,adulterant,health problems,1,1,0.9,https://www.hindustantimes.com/cities/chandigarh-news/in-chandigarh-failed-food-samples-see-13-surge-in-a-year-101699040063114.html,synthetic colours in sweets that can cause health problems
News,Milk,formalin/formaldehyde,adulterant,neurological damage,1,1,0.75,https://zeenews.india.com/india/zara-sochiye-national-alert-food-adulteration-biological-collapse-nutrition-india-3016023.html,"There are frequent reports of formalin and ammonia used as artificial preservatives in fish, along with heavy metal contamination like mercury, causing long-term neurological damage."
News,Milk,ammonia,adulterant,neurological damage,1,1,0.75,https://zeenews.india.com/india/zara-sochiye-national-alert-food-adulteration-biological-collapse-nutrition-india-3016023.html,"There are frequent reports of formalin and ammonia used as artificial preservatives in fish, along with heavy metal contamination like mercury, causing long-term neurological damage."
News,Milk,mercury,adulterant,neurological damage,1,1,0.75,https://zeenews.india.com/india/zara-sochiye-national-alert-food-adulteration-biological-collapse-nutrition-india-3016023.html,causing long-term neurological damage
News,Milk,sodium,adulterant,cancer/carcinogenicity,1,1,0.7,https://zeenews.india.com/india/zara-sochiye-national-alert-food-adulteration-biological-collapse-nutrition-india-3016023.html,"packed with trans fats and sodium, and are strongly linked to colon and gastric cancers"
News,Milk,bovine diseases,adulterant,human infection,1,1,0.85,https://www.hindustantimes.com/cities/delhi-news/delhi-hc-tells-govt-to-seriously-consider-shifting-dairies-from-near-landfills-101715710142003.html,"These viruses are known to jump to other species, including humans"
News,Milk,oxytocin,adulterant,side effects on humans,1,1,0.8,https://www.hindustantimes.com/cities/delhi-news/delhi-hc-tells-govt-to-seriously-consider-shifting-dairies-from-near-landfills-101715710142003.html,Expressing concerns regarding the side effects of oxytocin on humans
News,Milk,hexachlorobenzene,adulterant,liver damage,1,1,0.9,http://www.indiasnews.net/news/271622410/trash-and-burn-big-brands-new-plastic-waste-plan,"HCB, which can damage the nervous system, liver and thyroid"
News,Milk,hexachlorobenzene,adulterant,thyroid damage,1,1,0.9,http://www.indiasnews.net/news/271622410/trash-and-burn-big-brands-new-plastic-waste-plan,"HCB, which can damage the nervous system, liver and thyroid"
News,Milk,adulterated foods,other,peptic ulcers,1,1,0.9,https://www.hindustantimes.com/cities/delhi-news/delhi-govt-to-intensify-checks-on-food-adulteration-amid-festive-season-101728844051312.html,"These adulterated foods give rise to gastritis, peptic ulcers"
News,Milk,adulterated foods,other,nausea,1,1,0.9,https://www.hindustantimes.com/cities/delhi-news/delhi-govt-to-intensify-checks-on-food-adulteration-amid-festive-season-101728844051312.html,"These adulterated foods give rise to gastritis, peptic ulcers, nausea"
News,Milk,adulterated foods,other,vomiting,1,1,0.9,https://www.hindustantimes.com/cities/delhi-news/delhi-govt-to-intensify-checks-on-food-adulteration-amid-festive-season-101728844051312.html,"These adulterated foods give rise to gastritis, peptic ulcers, nausea, vomiting"
News,Milk,maltodextrin,adulterant,harmful effects,1,1,0.85,https://www.newindianexpress.com/cities/hyderabad/2025/Feb/13/no-adulteration-of-milk-found-during-special-drive-in-hyderabad,harmful effects of maltodextrin
News,Milk,adulterated milk,adulterant,illness,1,1,0.85,https://www.deccanchronicle.com/southern-states/andhra-pradesh/cm-hauls-up-officials-over-diarrhea-milk-tragedy-1940180,20 people fell ill after consuming adulterated milk
News,Milk,harmful synthetic colours,adulterant,heart ailments,1,1,0.9,https://www.newindianexpress.com/cities/thiruvananthapuram/2021/aug/10/special-food-squads-for-onam-2342438.html,use of harmful synthetic colours would trigger hear t and kidney ailments
News,Milk,harmful synthetic colours,adulterant,kidney ailments,1,1,0.9,https://www.newindianexpress.com/cities/thiruvananthapuram/2021/aug/10/special-food-squads-for-onam-2342438.html,use of harmful synthetic colours would trigger hear t and kidney ailments
News,Milk,harmful chemicals,adulterant,cancerous changes,1,1,0.85,https://timesofindia.indiatimes.com/life-style/food-news/your-monsoon-cravings-for-chai-and-pakoda-could-be-cancer-traps-warns-a-specialist/articleshow/123502565.cms,"Contaminated water may carry toxins that, with prolonged exposure, damage organs and potentially trigger cancerous changes"
News,Milk,carcinogenic compounds,adulterant,cancer/carcinogenicity,1,1,0.9,https://timesofindia.indiatimes.com/life-style/food-news/your-monsoon-cravings-for-chai-and-pakoda-could-be-cancer-traps-warns-a-specialist/articleshow/123502565.cms,such habits contribute to higher cancer risk if not addressed
News,Milk,acrylamide,adulterant,cancer/carcinogenicity,1,1,0.85,https://timesofindia.indiatimes.com/life-style/food-news/your-monsoon-cravings-for-chai-and-pakoda-could-be-cancer-traps-warns-a-specialist/articleshow/123502565.cms,"reheating oil or frying in poor-quality oil produces trans fats and acrylamide, both linked to cancer"
News,Milk,nitrosamines,adulterant,cancer/carcinogenicity,1,1,0.85,https://timesofindia.indiatimes.com/life-style/food-news/your-monsoon-cravings-for-chai-and-pakoda-could-be-cancer-traps-warns-a-specialist/articleshow/123502565.cms,"Reheated tea can develop nitrosamines, which are linked to cancer risk"
News,Milk,toxic chemicals,adulterant,cancer/carcinogenicity,1,1,0.75,https://timesofindia.indiatimes.com/life-style/food-news/your-monsoon-cravings-for-chai-and-pakoda-could-be-cancer-traps-warns-a-specialist/articleshow/123502565.cms,"These chemicals may accumulate in the body, raising cancer risks"
News,Milk,cancer,other,fflo chroniceffect,1,1,0.6,https://timesofindia.indiatimes.com/life-style/food-news/your-monsoon-cravings-for-chai-and-pakoda-could-be-cancer-traps-warns-a-specialist/articleshow/123502565.cms,"ignoring food and water safety during this season may create long-term health problems, including cancer risks"
News,Milk,e coli,adulterant,serious illnesses,1,1,0.85,https://timesofindia.indiatimes.com/life-style/health-fitness/health-news/st-louis-county-e-coli-outbreak-lettuce-tests-negative-investigation-continues/articleshow/115606666.cms,outbreak has resulted in two serious illnesses
News,Milk,e coli,adulterant,hospitalization,1,1,0.85,https://timesofindia.indiatimes.com/life-style/health-fitness/health-news/st-louis-county-e-coli-outbreak-lettuce-tests-negative-investigation-continues/articleshow/115606666.cms,one patient currently hospitalized
News,Milk,argemone oil,adulterant,epidemic dropsy,1,1,0.95,https://www.deccanchronicle.com/opinion/columnists/chandrakant-lahariya-the-adulteration-of-food-is-a-silent-assault-on-health-safety-of-indians-1937982,argemone oil mixed with mustard oil has caused outbreaks of epidemic dropsy
News,Milk,chemical contaminants,adulterant,vomiting,1,1,0.85,https://www.deccanchronicle.com/opinion/columnists/chandrakant-lahariya-the-adulteration-of-food-is-a-silent-assault-on-health-safety-of-indians-1937982,Chemically contaminated food can trigger vomiting
News,Milk,chemical contaminants,adulterant,diarrhoea,1,1,0.85,https://www.deccanchronicle.com/opinion/columnists/chandrakant-lahariya-the-adulteration-of-food-is-a-silent-assault-on-health-safety-of-indians-1937982,"Chemically contaminated food can trigger vomiting, diarrhoea, abdominal pain and gastroenteritis"
News,Milk,chemically contaminated food,other,gastrointestinal illness,1,1,0.9,https://www.deccanchronicle.com/opinion/columnists/chandrakant-lahariya-the-adulteration-of-food-is-a-silent-assault-on-health-safety-of-indians-1937982,Chemically contaminated food can trigger ... gastroenteritis
News,Milk,chemical contaminants,adulterant,fatty liver disease,1,1,0.85,https://www.deccanchronicle.com/opinion/columnists/chandrakant-lahariya-the-adulteration-of-food-is-a-silent-assault-on-health-safety-of-indians-1937982,"Persistent exposure increases toxic stress, contributing over time to fatty liver disease"
News,Milk,chemical contaminants,adulterant,liver failure,1,1,0.85,https://www.deccanchronicle.com/opinion/columnists/chandrakant-lahariya-the-adulteration-of-food-is-a-silent-assault-on-health-safety-of-indians-1937982,chemicals introduced through adulterated food... liver failure
News,Milk,heavy metals,adulterant,chronic kidney disease,1,1,0.9,https://www.deccanchronicle.com/opinion/columnists/chandrakant-lahariya-the-adulteration-of-food-is-a-silent-assault-on-health-safety-of-indians-1937982,"Heavy metals and chemical contaminants can gradually impair renal function, increasing the risk of chronic kidney disease"
News,Milk,adulterated oils,adulterant,strokes,1,1,0.85,https://www.deccanchronicle.com/opinion/columnists/chandrakant-lahariya-the-adulteration-of-food-is-a-silent-assault-on-health-safety-of-indians-1937982,"Adulterated oils and trans-fat-laden substitutes elevate LDL cholesterol, accelerating plaque formation in arteries and raising the risk of heart attacks and strokes"
News,Milk,contaminants,adulterant,impaired physical growth,1,1,0.8,https://www.deccanchronicle.com/opinion/columnists/chandrakant-lahariya-the-adulteration-of-food-is-a-silent-assault-on-health-safety-of-indians-1937982,Exposure to contaminants during critical developmental stages can impair physical growth
News,Milk,certain chemicals,adulterant,thyroid disorders,1,1,0.75,https://www.deccanchronicle.com/opinion/columnists/chandrakant-lahariya-the-adulteration-of-food-is-a-silent-assault-on-health-safety-of-indians-1937982,"Certain chemicals interfere with endocrine function, potentially contributing to thyroid and metabolic disorders."
News,Milk,certain chemicals,adulterant,metabolic disorders,1,1,0.75,https://www.deccanchronicle.com/opinion/columnists/chandrakant-lahariya-the-adulteration-of-food-is-a-silent-assault-on-health-safety-of-indians-1937982,"Certain chemicals interfere with endocrine function, potentially contributing to thyroid and metabolic disorders."
News,Milk,harmful substances,adulterant,chronic disease,1,1,0.8,https://www.deccanchronicle.com/opinion/columnists/chandrakant-lahariya-the-adulteration-of-food-is-a-silent-assault-on-health-safety-of-indians-1937982,"When harmful substances enter the body daily, even in small amounts, cumulative damage gradually erodes organ function. Illness may not appear immediately, fostering complacency. Years later, chronic disease emerges, often without obvious links to dietary exposure."
News,Milk,adulterated items,adulterant,cancerous effect,1,1,0.9,https://www.newsclick.in/jharkhand-budget-2021%E2%80%9322-cow-cemetery-mining-saga-ambiguity-contradictions,adulterated items have a cancerous effect
News,Milk,cancerous effect,other,chroniceffect,1,1,0.8,https://www.newsclick.in/jharkhand-budget-2021%E2%80%9322-cow-cemetery-mining-saga-ambiguity-contradictions,gradual impairment of the body
News,Milk,protein supplements,other,intestinal inflammation,1,1,0.85,https://www.newindianexpress.com/cities/hyderabad/2025/Dec/10/is-your-protein-safe,Toxins produced during protein metabolism can cause intestinal inflammation
News,Milk,colon cancer,other,fflo chroniceffect,1,1,0.9,https://www.newindianexpress.com/cities/hyderabad/2025/Dec/10/is-your-protein-safe,Excessive use may be associated with an elevated risk of colon cancer
News,Milk,heavy metals,adulterant,neurological problems,1,1,0.9,https://www.newindianexpress.com/cities/hyderabad/2025/Dec/10/is-your-protein-safe,"Heavy metals including lead, cadmium, arsenic, and mercury are found in many packaged protein supplements. These can accumulate in the body, leading to neurological problems"
News,Milk,heavy metals,adulterant,kidney issues,1,1,0.9,https://www.newindianexpress.com/cities/hyderabad/2025/Dec/10/is-your-protein-safe,"leading to neurological problems, kidney issues"
News,Milk,poisoning of newborn,other,acuteeffect,1,1,0.9,https://timesofindia.indiatimes.com/city/kolkata/jhargrams-agnikanya-8-day-old-poisoned-by-grandma-survives-infanticide-bid/articleshow/125336762.cms,respiratory attacks and seizures
News,Milk,skin illnesses,other,fflo acuteeffect,1,1,0.85,https://www.hindustantimes.com/india-news/election-pincode-it-s-poll-time-for-ghaziabad-amid-bad-air-in-the-shadow-of-a-garbage-mound-101712170364391.html,skin and eye illnesses in the short term
News,Milk,eye illnesses,other,fflo acuteeffect,1,1,0.85,https://www.hindustantimes.com/india-news/election-pincode-it-s-poll-time-for-ghaziabad-amid-bad-air-in-the-shadow-of-a-garbage-mound-101712170364391.html,eye illnesses in the short term
News,Milk,ultra processed foods,other,metabolic syndrome,1,1,0.85,https://www.dnaindia.com/health/report-zee-media-zara-sochiye-campaign-makes-you-think-about-food-adulteration-not-once-but-twice-3200012,Long-term consumption is strongly associated with: • Metabolic syndrome
News,Milk,ultra processed foods,other,inflammation,1,1,0.85,https://www.dnaindia.com/health/report-zee-media-zara-sochiye-campaign-makes-you-think-about-food-adulteration-not-once-but-twice-3200012,much of what we consume today carries inflammation
News,Milk,industrial food formulations,other,metabolic disruption,1,1,0.85,https://www.dnaindia.com/health/report-zee-media-zara-sochiye-campaign-makes-you-think-about-food-adulteration-not-once-but-twice-3200012,Industrial food formulations act as endocrine and metabolic disruptors
News,Milk,inflammation,other,ncds,1,1,0.9,https://www.dnaindia.com/health/report-zee-media-zara-sochiye-campaign-makes-you-think-about-food-adulteration-not-once-but-twice-3200012,Inflammation fuels NCDs and cancer
News,Milk,inflammation,other,cancer/carcinogenicity,1,1,0.9,https://www.dnaindia.com/health/report-zee-media-zara-sochiye-campaign-makes-you-think-about-food-adulteration-not-once-but-twice-3200012,Inflammation fuels NCDs and cancer
News,Milk,phosphoric acid,adulterant,bone weakening,1,1,0.9,https://thelogicalindian.com/detergent-powder-found-in-ice-cream-bone-weakening-chemicals-detected-in-soft-drinks-across-karnataka/,bone-weakening phosphoric acid
News,Milk,urea,adulterant,severe health risks,1,1,0.85,https://thelogicalindian.com/detergent-powder-found-in-ice-cream-bone-weakening-chemicals-detected-in-soft-drinks-across-karnataka/,"Synthetic milk made from urea and starch was also discovered, posing severe health risks"
News,Milk,pesticide residue,adulterant,toxic exposure,1,1,0.85,https://countercurrents.org/2021/11/cultivating-resistance-food-dependency-and-dispossession/,"exposed to a toxic cocktail of weedkillers, insecticides, and fungicides"
News,Milk,pesticide residue,adulterant,birth defects,1,1,0.9,https://countercurrents.org/2021/11/cultivating-resistance-food-dependency-and-dispossession/,exposure in pregnancy and childhood is linked to birth defects
News,Milk,pesticide residue,adulterant,diabetes,1,1,0.9,https://countercurrents.org/2021/11/cultivating-resistance-food-dependency-and-dispossession/,"exposure in pregnancy and childhood is linked to birth defects, diabetes and cancer"
News,Milk,pesticide residue,adulterant,reproductive failure,1,1,0.9,https://countercurrents.org/2021/11/cultivating-resistance-food-dependency-and-dispossession/,pose health hazards like cancer or reproductive failure
News,Milk,pesticide residue,adulterant,hazards to human health,1,1,0.8,https://countercurrents.org/2021/11/cultivating-resistance-food-dependency-and-dispossession/,pesticides classed as highly hazardous to people
News,Milk,glyphosate,adulterant,obesity,1,1,0.85,https://countercurrents.org/2021/11/cultivating-resistance-food-dependency-and-dispossession/,glyphosate-based formulas (Roundup being the most well-known – manufactured by Monsanto – now Bayer) affects the gut microbiome and is responsible for a global metabolic health crisis provoked by an obesity epidemic
News,Milk,glyphosate,adulterant,epigenetic changes,1,1,0.85,https://countercurrents.org/2021/11/cultivating-resistance-food-dependency-and-dispossession/,It also causes epigenetic changes in humans and animals
News,Milk,glyphosate,adulterant,gut microbiome disruption,1,1,0.85,https://countercurrents.org/2021/11/cultivating-resistance-food-dependency-and-dispossession/,affects the gut microbiome
News,Milk,micronutrient malnutrition,other,fflo chroniceffect,1,1,0.85,https://countercurrents.org/2021/11/cultivating-resistance-food-dependency-and-dispossession/,Micronutrient malnutrition is causing increased rates of chronic diseases
News,Milk,micronutrient deficiency,other,malnutrition,1,1,0.85,https://countercurrents.org/2021/11/cultivating-resistance-food-dependency-and-dispossession/,leading to reduced crop production and malnutrition and diseases in humans
News,Milk,pesticide residue,adulterant,health consequences,1,1,0.75,https://countercurrents.org/2021/11/cultivating-resistance-food-dependency-and-dispossession/,Aside from these deleterious impacts and the health consequences of chemical-dependent crops
News,Milk,gene editing,other,transfer of antibiotic resistance genes,1,1,0.85,https://countercurrents.org/2021/11/cultivating-resistance-food-dependency-and-dispossession/,transfer of antibiotic resistance genes
News,Milk,herbicide tolerant crops,other,devastating impacts on human health,1,1,0.75,https://countercurrents.org/2021/11/cultivating-resistance-food-dependency-and-dispossession/,"devastating impacts on the environment, human health and food security"
News,Milk,pesticide residue,adulterant,devastating health harms,1,1,0.9,https://countercurrents.org/2021/11/cultivating-resistance-food-dependency-and-dispossession/,HHPs are responsible for a wide range of devastating health harms
News,Milk,adulterated milk,other,vomiting,1,1,0.9,https://www.thehindu.com/news/top-news-of-the-day-march-22-2026/article70772294.ece,"adulterated milk supplied in parts of Lalacheruvu allegedly caused severe health complications among consumers, including vomiting"
News,Milk,adulterated milk,other,anuria,1,1,0.85,https://www.thehindu.com/news/top-news-of-the-day-march-22-2026/article70772294.ece,"adulterated milk supplied in parts of Lalacheruvu allegedly caused severe health complications among consumers, including vomiting, abdominal pain, anuria"
News,Milk,adulterated milk,other,acute renal dysfunction,1,1,0.9,https://www.thehindu.com/news/top-news-of-the-day-march-22-2026/article70772294.ece,"adulterated milk supplied in parts of Lalacheruvu allegedly caused severe health complications among consumers, including vomiting, abdominal pain, anuria and acute renal dysfunction"
News,Milk,formalin/formaldehyde,adulterant,food poisoning,1,1,0.95,https://theshillongtimes.com/2023/02/17/meghalaya-nuggets-367/,"empty bottle of Formaldehyde solution, a highly toxic systemic poison"
News,Milk,stale cooking oil,adulterant,long term health issues,1,1,0.8,https://timesofindia.indiatimes.com/life-style/food-news/110-kg-chicken-825-kg-fake-paneer-banned-colours-and-chemicals-seized-how-to-check-purity-at-home/articleshow/131873428.cms,Long-term health issues due to repeated consumption of reused oil
News,Milk,artificial food colours,adulterant,food poisoning,1,1,0.85,https://timesofindia.indiatimes.com/life-style/food-news/110-kg-chicken-825-kg-fake-paneer-banned-colours-and-chemicals-seized-how-to-check-purity-at-home/articleshow/131873428.cms,Allergic reactions and toxicity due to artificial food colours
News,Milk,sucrose,adulterant,addiction,1,1,0.7,https://economictimes.indiatimes.com/industry/cons-products/food/fssai-seeks-nestles-explanation-on-report-of-added-sugar-in-cerelac/articleshow/109409114.cms,Sugar is addictive because of which children consume such products
News,Milk,chemical contaminants,adulterant,liver damage,1,1,0.9,https://thelogicalindian.com/is-indias-food-watchdog-failing-us-inside-the-gaps-in-fssais-safety-net/,liver damage from chemical contaminants
News,Milk,heavy metals,adulterant,cancer/carcinogenicity,1,1,0.85,https://thelogicalindian.com/is-indias-food-watchdog-failing-us-inside-the-gaps-in-fssais-safety-net/,"long term exposure to heavy metals, and increased cancer risk"
News,Milk,heavy metals,adulterant,long term exposure to heavy metals,1,1,0.85,https://thelogicalindian.com/is-indias-food-watchdog-failing-us-inside-the-gaps-in-fssais-safety-net/,long term exposure to heavy metals
News,Milk,contaminated milk powder,adulterant,brain development impairment,1,1,0.85,https://thelogicalindian.com/is-indias-food-watchdog-failing-us-inside-the-gaps-in-fssais-safety-net/,Contaminated milk powder... can affect brain development
News,Milk,contaminated milk powder,adulterant,immune system impairment,1,1,0.85,https://thelogicalindian.com/is-indias-food-watchdog-failing-us-inside-the-gaps-in-fssais-safety-net/,Contaminated milk powder... can affect... immune systems
News,Milk,pesticide residue,adulterant,brain development impairment,1,1,0.85,https://thelogicalindian.com/is-indias-food-watchdog-failing-us-inside-the-gaps-in-fssais-safety-net/,excess pesticide residues in produce... can affect brain development
News,Milk,artificial dyes,adulterant,long term health risks,1,1,0.85,https://thelogicalindian.com/is-indias-food-watchdog-failing-us-inside-the-gaps-in-fssais-safety-net/,"When spices are contaminated with artificial dyes, long term health risks increase."
News,Milk,reused oil,adulterant,cardiovascular risks,1,1,0.9,https://thelogicalindian.com/is-indias-food-watchdog-failing-us-inside-the-gaps-in-fssais-safety-net/,"When cooking oil is reused beyond safety limits, it raises cardiovascular risks."
News,Milk,food poisoning,other,gastrointestinal illness,1,1,0.95,https://www.thehindu.com/brandhub/food-poisoning-in-children/article38049892.ece,"Food poisoning is an universal ,preventable public health problem and is an important cause of acute gastroenteritis in children"
News,Milk,food poisoning,other,nausea,1,1,0.9,https://www.thehindu.com/brandhub/food-poisoning-in-children/article38049892.ece,common symptoms of food poisoning are nausea
News,Milk,cadmium,adulterant,food poisoning,1,1,0.85,https://www.thehindu.com/brandhub/food-poisoning-in-children/article38049892.ece,"Contamination by chemicals such as fertilizers, pesticides, cadmium ,mercury, arsenic is also a cause of concern"
News,Milk,arsenic,adulterant,death,1,1,0.95,https://timesofindia.indiatimes.com/city/mumbai/santacruz-murder-woman-lover-wanted-to-give-poison-to-hubby-even-in-hospital/articleshow/98288207.cms,mixing thallium and arsenic in water to cause death by slow poisoning
News,Milk,oxytocin,adulterant,cancer/carcinogenicity,1,1,0.9,https://www.thehansindia.com/news/national/raging-health-crisis-aap-mp-raises-alarm-in-rs-over-widespread-food-adulteration-1045436,"oxytocin -- a chemical linked to dizziness, headaches, heart failure, infertility, and cancer"
News,Milk,cereulide,adulterant,nausea,1,1,0.95,https://indianexpress.com/article/health-wellness/global-recall-baby-formula-nestle-india-contamination-10461863/,It causes nausea and vomiting
News,Milk,cereulide,adulterant,dehydration,1,1,0.9,https://indianexpress.com/article/health-wellness/global-recall-baby-formula-nestle-india-contamination-10461863/,may lead to dehydration and electrolyte imbalance
News,Milk,cereulide,adulterant,electrolyte imbalance,1,1,0.9,https://indianexpress.com/article/health-wellness/global-recall-baby-formula-nestle-india-contamination-10461863/,may lead to dehydration and electrolyte imbalance
News,Milk,cereulide,adulterant,dehydration and electrolyte imbalance,1,1,0.9,https://indianexpress.com/article/health-wellness/global-recall-baby-formula-nestle-india-contamination-10461863/,may lead to dehydration and electrolyte imbalance in babies
News,Milk,cereulide,adulterant,abdominal cramps,1,1,0.95,https://indianexpress.com/article/health-wellness/global-recall-baby-formula-nestle-india-contamination-10461863/,"Symptoms linked to cereulide may include vomiting, diarrhoea, abdominal cramps"
News,Milk,cereulide,adulterant,unusual lethargy,1,1,0.95,https://indianexpress.com/article/health-wellness/global-recall-baby-formula-nestle-india-contamination-10461863/,"Symptoms linked to cereulide may include vomiting, diarrhoea, abdominal cramps or unusual lethargy"
News,Milk,cereulide,adulterant,severe gut inflammation,1,1,0.95,https://indianexpress.com/article/health-wellness/global-recall-baby-formula-nestle-india-contamination-10461863/,Cereulide causes severe gut inflammation
News,Milk,lead,adulterant,risks affecting growth,1,1,0.8,https://indianexpress.com/article/health-wellness/global-recall-baby-formula-nestle-india-contamination-10461863/,Repeated or high exposure to these substances is linked to risks affecting growth
News,Milk,arsenic,adulterant,toxicity,1,1,0.8,https://indianexpress.com/article/health-wellness/global-recall-baby-formula-nestle-india-contamination-10461863/,"beyond a certain limit, their presence in the milk consumed by babies can become toxic"
News,Milk,cadmium,adulterant,toxicity,1,1,0.8,https://indianexpress.com/article/health-wellness/global-recall-baby-formula-nestle-india-contamination-10461863/,"beyond a certain limit, their presence in the milk consumed by babies can become toxic"
News,Milk,contaminated formula,adulterant,brain development issues,1,1,0.85,https://indianexpress.com/article/health-wellness/global-recall-baby-formula-nestle-india-contamination-10461863/,"Exposure to contaminated formula during this critical period can affect brain development and may lead to behavioural, learning, and other organ-related issues later in life"
News,Milk,milk adulteration incident in east godavari,other,renal failure,1,1,0.9,https://timesofindia.indiatimes.com/city/delhi/whats-cooking-in-pantry-bite-into-adulterated-truth/articleshow/130488415.cms,victims suffered acute renal failure with elevated blood urea
News,Milk,substandard paneer,other,food poisoning,1,1,0.85,https://timesofindia.indiatimes.com/city/delhi/whats-cooking-in-pantry-bite-into-adulterated-truth/articleshow/130488415.cms,suffered food poisoning after eating substandard paneer
News,Milk,cancer,other,chroniceffect,1,1,0.9,https://timesofindia.indiatimes.com/city/delhi/whats-cooking-in-pantry-bite-into-adulterated-truth/articleshow/130488415.cms,Long-term exposure to certain adulterants can increase cancer risk
News,Milk,adulterant,adulterant,organ damage,1,1,0.9,https://timesofindia.indiatimes.com/city/delhi/whats-cooking-in-pantry-bite-into-adulterated-truth/articleshow/130488415.cms,"prolonged consumption of such food can harm organs like the kidneys, liver and heart"
News,Milk,organ damage,other,chroniceffect,1,1,0.9,https://timesofindia.indiatimes.com/city/delhi/whats-cooking-in-pantry-bite-into-adulterated-truth/articleshow/130488415.cms,"prolonged consumption of such food can harm organs like the kidneys, liver and heart"
News,Milk,acute gastroenteritis,other,acuteeffect,1,1,0.95,https://timesofindia.indiatimes.com/city/delhi/whats-cooking-in-pantry-bite-into-adulterated-truth/articleshow/130488415.cms,"Hyderabad reported over 8,000 cases of acute gastroenteritis"
News,Milk,adulterant,adulterant,kidney harm,1,1,0.85,https://timesofindia.indiatimes.com/city/delhi/whats-cooking-in-pantry-bite-into-adulterated-truth/articleshow/130488415.cms,prolonged consumption of such food can harm organs like the kidneys
News,Milk,unhealthy packaged food,other,epidemic of lifestyle diseases,1,1,0.85,https://scroll.in/article/1093546/indias-food-regulator-flagged-over-160-misleading-claims-years-later-120-are-still-around?utm_source=rss&utm_medium=public,Unhealthy packaged food is fuelling an epidemic of lifestyle diseases in India
News,Milk,formalin/formaldehyde,adulterant,health hazards,1,1,0.8,https://www.sentinelassam.com/editorial/food-safety-enforcement-and-awareness-652715,contaminated and adulterated food is posing health hazards to people
News,Milk,harmful chemicals,adulterant,health hazards,1,1,0.8,https://www.sentinelassam.com/editorial/food-safety-enforcement-and-awareness-652715,contaminated and adulterated food is posing health hazards to people
News,Milk,chemical manures,adulterant,harmful effects on health,1,1,0.85,https://www.sentinelassam.com/editorial/food-safety-enforcement-and-awareness-652715,"whose production is boosted by growers through the use of higher amounts of chemical manures, without caring much about their harmful effects on health"
News,Milk,deadly contaminants,adulterant,death,1,1,0.95,https://www.sentinelassam.com/topheadlines/rapid-low-cost-tests-can-help-prevent-child-deaths-from-contaminated-syrups,contaminants that have tragically led to the deaths of hundreds of children
News,Milk,seizure,other,fflo acuteeffect,1,1,0.85,https://timesofindia.indiatimes.com/city/bareilly/3-kids-death-in-pilibhit-autopsy-of-one-of-them-inconclusive-viscera-preserved/articleshow/87592624.cms,suffered a seizure moments after drinking milk
News,Milk,milk adulteration in rajahmundry,other,death,1,1,0.8,https://assamtribune.com/health-and-fitness/diarrhoea-outbreak-naidu-reviews-health-measures-1608672,four people have died so far
News,Milk,milk,other,renal failure,1,1,0.85,https://timesofindia.indiatimes.com/city/hyderabad/four-die-in-ap-adulterated-milk-suspected-to-be-cause/articleshow/128727248.cms,Symptoms of renal failure... began a day after
News,Milk,toxic waste,adulterant,cancer/carcinogenicity,1,1,0.85,https://timesofindia.indiatimes.com/city/delhi/delhi-high-court-emphasizes-clean-milk-and-relocation-of-dairies/articleshow/112414013.cms,Cows can't be eating toxic waste. Cancer cannot be on the upstream
News,Milk,cadmium,adulterant,serious health risks,1,1,0.8,https://www.thehansindia.com/editors-desk/india-needs-to-grow-safe-food-curb-adulteration-879087,"cadmium, which is a toxic heavy metal, and poses serious health risks"
News,Milk,tropical climate,other,spread of pests,1,1,0.75,https://indianexpress.com/article/lifestyle/food-wine/foodborne-illnesses-contamination-heat-summer-health-diet-india-9385491/,The tropical climate in many countries promotes the spread of pests
News,Milk,tropical climate,other,formation of naturally occurring toxins,1,1,0.75,https://indianexpress.com/article/lifestyle/food-wine/foodborne-illnesses-contamination-heat-summer-health-diet-india-9385491/,advances the formation of naturally occurring toxins
News,Milk,staphylococcus aureus,adulterant,food poisoning,1,1,0.9,https://indianexpress.com/article/lifestyle/food-wine/foodborne-illnesses-contamination-heat-summer-health-diet-india-9385491/,bacterial infection is caused by toxins generated by Staphylococcus aureus
News,Milk,salmonella,adulterant,fever,1,1,0.9,https://indianexpress.com/article/lifestyle/food-wine/foodborne-illnesses-contamination-heat-summer-health-diet-india-9385491/,"develop a fever, diarrhea, stomach cramps, and vomiting"
News,Milk,salmonella,adulterant,diarrhoea,1,1,0.9,https://indianexpress.com/article/lifestyle/food-wine/foodborne-illnesses-contamination-heat-summer-health-diet-india-9385491/,"develop a fever, diarrhea, stomach cramps, and vomiting"
News,Milk,unknown toxin,adulterant,anuria,1,1,0.9,https://www.thehindu.com/news/cities/Visakhapatnam/toxins-in-contaminated-milk-to-be-identified-soon-says-dr-ravi-raju/article70684241.ece,led to anuria (lack of urine)
News,Milk,unknown toxin,adulterant,gastrointestinal illness,1,1,0.9,https://www.thehindu.com/news/cities/Visakhapatnam/toxins-in-contaminated-milk-to-be-identified-soon-says-dr-ravi-raju/article70684241.ece,suffered abdominal pain
News,Milk,unknown toxin,adulterant,breathlessness,1,1,0.9,https://www.thehindu.com/news/cities/Visakhapatnam/toxins-in-contaminated-milk-to-be-identified-soon-says-dr-ravi-raju/article70684241.ece,suffered breathlessness
News,Milk,ethylene glycol,adulterant,nervous system damage,1,1,0.9,https://thelogicalindian.com/13-dead-after-consuming-toxic-milk-in-andhra-pradesh-dairy-supplying-106-families-under-investigation/,"Exposure to this chemical can lead to rapid organ damage, particularly affecting the kidneys and nervous system"
News,Milk,auramine,adulterant,liver damage,1,1,0.9,https://www.thehindu.com/sci-tech/health/auramine-in-indian-food-why-a-banned-dye-keeps-returning-explained/article70313811.ece,"linked its ingestion to a range of health risks, including liver and kidney damage"
News,Milk,auramine,adulterant,kidney damage,1,1,0.9,https://www.thehindu.com/sci-tech/health/auramine-in-indian-food-why-a-banned-dye-keeps-returning-explained/article70313811.ece,"linked its ingestion to a range of health risks, including liver and kidney damage"
News,Milk,auramine,adulterant,enlargement of the spleen,1,1,0.9,https://www.thehindu.com/sci-tech/health/auramine-in-indian-food-why-a-banned-dye-keeps-returning-explained/article70313811.ece,"including liver and kidney damage, enlargement of the spleen"
News,Milk,auramine,adulterant,mutagenic effects,1,1,0.9,https://www.thehindu.com/sci-tech/health/auramine-in-indian-food-why-a-banned-dye-keeps-returning-explained/article70313811.ece,mutagenic effects that can alter genetic material
News,Milk,auramine,adulterant,physiological degeneration,1,1,0.85,https://www.thehindu.com/sci-tech/health/auramine-in-indian-food-why-a-banned-dye-keeps-returning-explained/article70313811.ece,long-term ingestion of non-permitted dyes including auramine -- has been linked to physiological degeneration
News,Milk,auramine,adulterant,organ pathology,1,1,0.85,https://www.thehindu.com/sci-tech/health/auramine-in-indian-food-why-a-banned-dye-keeps-returning-explained/article70313811.ece,"long-term ingestion of non-permitted dyes including auramine -- has been linked to physiological degeneration, organ pathology"
News,Milk,auramine,adulterant,genetic damage,1,1,0.85,https://www.thehindu.com/sci-tech/health/auramine-in-indian-food-why-a-banned-dye-keeps-returning-explained/article70313811.ece,"long-term ingestion of non-permitted dyes including auramine -- has been linked to physiological degeneration, organ pathology, and genetic damage"
News,Milk,auramine,adulterant,long term harm,1,1,0.75,https://www.thehindu.com/sci-tech/health/auramine-in-indian-food-why-a-banned-dye-keeps-returning-explained/article70313811.ece,Children ... are at increased risk of long-term harm
News,Milk,kidney complications,other,fflo acuteeffect,1,1,0.8,https://timesofindia.indiatimes.com/india/fssai-seeks-report-on-adulterated-milk-incident-that-killed-4-in-andhra-pradesh/articleshow/128774319.cms,sudden kidney complications
News,Milk,microplastics,adulterant,respiratory dysfunction,1,1,0.85,https://timesofindia.indiatimes.com/life-style/health-fitness/health-news/longevity-enthusiast-bryan-johnson-got-rid-of-85-of-microplastics-from-his-semen-heres-how-he-did-it/articleshow/124928129.cms,"microplastics may be responsible for cancer, infertility, respiratory dysfunction"
News,Milk,synthetic substances,adulterant,serious health risks,1,1,0.85,https://www.en.etemaaddaily.com/health/fssai-cracks-down-on-fake-paneer-milk-and-khoya-in-nationwide-drive:186493,synthetic substances pose serious health risks
News,Milk,pesticide residue,adulterant,toxic food,1,1,0.85,https://timesofindia.indiatimes.com/city/mysuru/minister-urges-farmers-to-adopt-natural-farming-methods/articleshow/121809745.cms,"using chemical fertilisers and pesticides contaminates our food, and makes it toxic"
News,Milk,chemical fertilisers,adulterant,weakening immune system,1,1,0.75,https://timesofindia.indiatimes.com/city/mysuru/minister-urges-farmers-to-adopt-natural-farming-methods/articleshow/121809745.cms,"consuming food grown with chemical fertilisers and pesticides introduces harmful substances into the body, weakening our immune system"
News,Milk,pesticide residue,adulterant,weakening immune system,1,1,0.75,https://timesofindia.indiatimes.com/city/mysuru/minister-urges-farmers-to-adopt-natural-farming-methods/articleshow/121809745.cms,"consuming food grown with chemical fertilisers and pesticides introduces harmful substances into the body, weakening our immune system"
News,Milk,chemical fertilisers,adulterant,weakening our immune system,1,1,0.85,https://timesofindia.indiatimes.com/city/mysuru/minister-urges-farmers-to-adopt-natural-farming-methods/articleshow/121809745.cms,"consuming food grown with chemical fertilisers and pesticides introduces harmful substances into the body, weakening our immune system"
News,Milk,pesticide residue,adulterant,weakening our immune system,1,1,0.85,https://timesofindia.indiatimes.com/city/mysuru/minister-urges-farmers-to-adopt-natural-farming-methods/articleshow/121809745.cms,"consuming food grown with chemical fertilisers and pesticides introduces harmful substances into the body, weakening our immune system"
News,Milk,adulterated milk,other,kidney problems,1,1,0.9,https://timesofindia.indiatimes.com/city/chennai/iit-madras-develops-pocket-friendly-device-to-detect-milk-adulteration/articleshow/99047717.cms,Consumption of adulterated milk could cause kidney problems
News,Milk,adulterated milk,other,gastrointestinal complications,1,1,0.9,https://timesofindia.indiatimes.com/city/chennai/iit-madras-develops-pocket-friendly-device-to-detect-milk-adulteration/articleshow/99047717.cms,Consumption of adulterated milk could cause ... gastrointestinal complications
News,Milk,adulterated milk,other,diarrhoea,1,1,0.9,https://timesofindia.indiatimes.com/city/chennai/iit-madras-develops-pocket-friendly-device-to-detect-milk-adulteration/articleshow/99047717.cms,Consumption of adulterated milk could cause ... diarrhoea
News,Milk,adulterated milk,other,cancer/carcinogenicity,1,1,0.9,https://timesofindia.indiatimes.com/city/chennai/iit-madras-develops-pocket-friendly-device-to-detect-milk-adulteration/articleshow/99047717.cms,Consumption of adulterated milk could cause ... even cancer
News,Milk,tremetol,adulterant,milk sickness,1,1,0.95,https://timesofindia.indiatimes.com/life-style/spotlight/web-stories/10-most-poisonous-plants-in-existence/photostory/123344537.cms,"Causing ""milk sickness"" in the 19th century, its poison tremetol"
News,Milk,milk adulteration incident,other,death,1,1,0.95,https://www.thenewsminute.com/andhra-pradesh/fifteen-people-affected-by-milk-adulteration-in-andhra-still-in-hospitals,The milk adulteration claimed five lives
News,Milk,harmful colouring agents,adulterant,risk to health,1,1,0.85,https://timesofindia.indiatimes.com/city/noida/60-food-samples-collected-from-noida-last-months-fail-quality-test/articleshow/121007869.cms,"harmful colouring agents, which could pose a risk to health"
News,Milk,vibrio cholera,adulterant,foodborne illness,1,1,0.9,https://www.firstpost.com/opinion/how-consumption-of-stale-food-may-lead-to-foodborne-illness-caused-by-bacteria-viruses-parasites-10838341.html,Vibrio cholera ... are frequently the cause of food borne illness
News,Milk,listeria,adulterant,foodborne illness,1,1,0.85,https://www.firstpost.com/opinion/how-consumption-of-stale-food-may-lead-to-foodborne-illness-caused-by-bacteria-viruses-parasites-10838341.html,inadequately pasteurized milk products â Listeria
News,Milk,e coli,adulterant,foodborne illness,1,1,0.85,https://www.firstpost.com/opinion/how-consumption-of-stale-food-may-lead-to-foodborne-illness-caused-by-bacteria-viruses-parasites-10838341.html,Bacteria like Salmonella... and Escherichia coli including Shiga toxin-producing E. coli are frequently the cause of food borne illness
News,Milk,salmonella typhi,adulterant,foodborne illness,1,1,0.85,https://www.firstpost.com/opinion/how-consumption-of-stale-food-may-lead-to-foodborne-illness-caused-by-bacteria-viruses-parasites-10838341.html,"Eggs, poultry, contaminated raw fruits, and vegetables â Salmonella Typhi"
News,Milk,clostridium botulinum,adulterant,foodborne illness,1,1,0.85,https://www.firstpost.com/opinion/how-consumption-of-stale-food-may-lead-to-foodborne-illness-caused-by-bacteria-viruses-parasites-10838341.html,"Canned foods, Stale fish, stale potatoes â Clostridium Botulinum"
News,Milk,stale foodstuffs,other,food poisoning,1,1,0.85,https://www.firstpost.com/opinion/how-consumption-of-stale-food-may-lead-to-foodborne-illness-caused-by-bacteria-viruses-parasites-10838341.html,"cause is either contaminated water or infected, stale foodstuffs"
News,Milk,toxic elements,adulterant,food poisoning,1,1,0.9,https://www.theweek.in/news/health/2026/05/05/why-fermented-foods-need-extra-caution-during-summer.html,"If fermented foods contain toxic elements, they can lead to food poisoning"
News,Milk,toxic elements,adulterant,nausea,1,1,0.9,https://www.theweek.in/news/health/2026/05/05/why-fermented-foods-need-extra-caution-during-summer.html,"If fermented foods contain toxic elements, they can lead to food poisoning, nausea"
News,Milk,toxic elements,adulterant,diarrhoea,1,1,0.85,https://www.theweek.in/news/health/2026/05/05/why-fermented-foods-need-extra-caution-during-summer.html,"If fermented foods contain toxic elements, they can lead to food poisoning, nausea, vomiting, diarrhea"
News,Milk,harmful bacteria,adulterant,severe dehydration,1,1,0.85,https://www.theweek.in/news/health/2026/05/05/why-fermented-foods-need-extra-caution-during-summer.html,harmful bacteria or toxic substances can cause severe dehydration
News,Milk,toxic substances,adulterant,severe dehydration,1,1,0.85,https://www.theweek.in/news/health/2026/05/05/why-fermented-foods-need-extra-caution-during-summer.html,toxic substances can cause severe dehydration in the body
News,Milk,clostridium botulinum,adulterant,paralysis,1,1,0.95,https://www.theweek.in/news/health/2026/05/05/why-fermented-foods-need-extra-caution-during-summer.html,This toxin attacks the nervous system and can result in paralysis
News,Milk,parasites,adulterant,food poisoning,1,1,0.95,https://www.newindianexpress.com/magazine/2021/jul/25/how-to-prevent-food-poisoning-2333918.html,"contaminated with bacteria, parasites, viruses, and toxins, it results in food poisoning"
News,Milk,viruses,adulterant,food poisoning,1,1,0.95,https://www.newindianexpress.com/magazine/2021/jul/25/how-to-prevent-food-poisoning-2333918.html,"contaminated with bacteria, parasites, viruses, and toxins, it results in food poisoning"
News,Milk,listeria,adulterant,listeriosis,1,1,0.9,https://economictimes.indiatimes.com/news/web-stories/8-bacteria-you-might-be-eating-every-day-but-shouldnt/slideshow/122494392.cms,It can cause listeriosis
News,Milk,campylobacter,adulterant,guillain barré syndrome,1,1,0.9,https://economictimes.indiatimes.com/news/web-stories/8-bacteria-you-might-be-eating-every-day-but-shouldnt/slideshow/122494392.cms,Sometimes even Guillain-Barré syndrome
News,Milk,clostridium botulinum,adulterant,muscle paralysis,1,1,0.9,https://economictimes.indiatimes.com/news/web-stories/8-bacteria-you-might-be-eating-every-day-but-shouldnt/slideshow/122494392.cms,lead to muscle paralysis
News,Milk,watery diarrhoea,other,fflo acuteeffect,1,1,0.85,https://economictimes.indiatimes.com/news/web-stories/8-bacteria-you-might-be-eating-every-day-but-shouldnt/slideshow/122494392.cms,Can cause watery diarrhoea
News,Milk,sewage,adulterant,gastrointestinal illness,1,1,0.9,https://thelogicalindian.com/indore-water-crisis-nine-dead-as-sewage-contaminated-water-sickens-hundreds-officials-dismissed-probe-on/,sewage-contaminated water sickens hundreds
News,Milk,faecal matter,adulterant,death,1,1,0.85,https://thelogicalindian.com/indore-water-crisis-nine-dead-as-sewage-contaminated-water-sickens-hundreds-officials-dismissed-probe-on/,boy who died after consuming milk mixed with the contaminated water
News,Milk,microplastics,adulterant,gastrointestinal illness,1,1,0.9,https://www.hindustantimes.com/lifestyle/health/world-environment-day-2023-how-microplastics-are-affecting-your-childs-health-101685793818424.html,Microplastics can cause digestive issues
News,Milk,microplastics,adulterant,disrupt nutrient absorption,1,1,0.9,https://www.hindustantimes.com/lifestyle/health/world-environment-day-2023-how-microplastics-are-affecting-your-childs-health-101685793818424.html,"Microplastics can cause digestive issues, inflammation, and disrupt nutrient absorption."
News,Milk,microplastics,adulterant,developmental delay,1,1,0.9,https://www.hindustantimes.com/lifestyle/health/world-environment-day-2023-how-microplastics-are-affecting-your-childs-health-101685793818424.html,They can also cause developmental delay in children
News,Milk,microplastics,adulterant,reproductive problems,1,1,0.85,https://www.hindustantimes.com/lifestyle/health/world-environment-day-2023-how-microplastics-are-affecting-your-childs-health-101685793818424.html,associated with various health problems such as reproductive
News,Milk,microplastics,adulterant,developmental delays,1,1,0.85,https://www.hindustantimes.com/lifestyle/health/world-environment-day-2023-how-microplastics-are-affecting-your-childs-health-101685793818424.html,and even developmental delays in children
News,Milk,microplastics,adulterant,harm to health of children,1,1,0.8,https://www.hindustantimes.com/lifestyle/health/world-environment-day-2023-how-microplastics-are-affecting-your-childs-health-101685793818424.html,cause serious harm to the health of the children
News,Milk,microplastics,adulterant,immune system alteration,1,1,0.85,https://www.hindustantimes.com/lifestyle/health/world-environment-day-2023-how-microplastics-are-affecting-your-childs-health-101685793818424.html,these chemicals also alter the immune system
News,Milk,microplastics,adulterant,detrimental health effects,1,1,0.85,https://www.hindustantimes.com/lifestyle/health/world-environment-day-2023-how-microplastics-are-affecting-your-childs-health-101685793818424.html,detrimental health effects of microplastics
News,Milk,synthetic milk products,adulterant,threat to public health,1,1,0.8,https://timesofindia.indiatimes.com/city/jaipur/cid-cb-investigation-spurious-milk-case-kaithun-chaksu-jaipur/articleshow/105430331.cms,Hazardous synthetic milk products pose a very serious threat to public health
News,Milk,hydrogen sulphide,adulterant,food poisoning,1,1,0.95,https://frontline.thehindu.com/the-nation/gas-poisoning-deaths-in-giaspura-ludhiana-reveal-infrastructure-neglect-flouted-environmental-laws-coupled-with-lack-of-civic-amenities-led-to-tragedy/article66841767.ece,deaths were caused by the inhalation of hydrogen sulphide
News,Milk,srikakulam diarrhoea outbreak,other,fflo acuteeffect,1,1,0.75,https://www.en.etemaaddaily.com/world/national/cm-naidu-reviews-srikakulam-diarrhoea-rajahmundry-milk-incidents:190309,diarrhoea cases in Srikakulam
News,Milk,milk,other,liver damage,1,1,0.8,https://www.thehansindia.com/andhra-pradesh/synthetic-milk-threat-prompts-tight-checks-1051605,The liver and kidneys are among the first organs affected
News,Milk,milk,other,kidney damage,1,1,0.8,https://www.thehansindia.com/andhra-pradesh/synthetic-milk-threat-prompts-tight-checks-1051605,The liver and kidneys are among the first organs affected
News,Milk,adulterated milk,other,digestive complications,1,1,0.85,https://www.thehansindia.com/andhra-pradesh/synthetic-milk-threat-prompts-tight-checks-1051605,adulterated milk can have serious health consequences
News,Milk,lead,adulterant,impaired brain development,1,1,0.9,https://timesofindia.indiatimes.com/etimes/wellness/taking-protein-powder-the-hidden-dangers-no-one-tells-you/photostory/131463925.cms,It can impair brain development
News,Milk,lead,adulterant,impaired learning,1,1,0.9,https://timesofindia.indiatimes.com/etimes/wellness/taking-protein-powder-the-hidden-dangers-no-one-tells-you/photostory/131463925.cms,"In children, it can lead to impaired learning"
News,Milk,harmful bacteria,adulterant,food poisoning,1,1,0.9,https://timesofindia.indiatimes.com/life-style/health-fitness/health-news/recovering-from-food-poisoning-indian-diet-tips-for-a-gentle-recovery/articleshow/123630007.cms,Food poisoning occurs when contaminated food or water introduces harmful bacteria
News,Milk,aflatoxins,adulterant,cancer/carcinogenicity,1,1,0.9,https://timesofindia.indiatimes.com/city/ludhiana/study-at-ludhiana-veterinary-university-links-contaminated-cattle-feed-to-toxins-detected-in-milk-/articleshow/125939018.cms,classified as Group 1 human carcinogens
News,Milk,aflatoxin,adulterant,immune suppression,1,1,0.9,https://timesofindia.indiatimes.com/city/ludhiana/study-at-ludhiana-veterinary-university-links-contaminated-cattle-feed-to-toxins-detected-in-milk-/articleshow/125939018.cms,"Aflatoxin M1 consumption, even in small amounts, is linked to liver damage, immune suppression"
News,Milk,aflatoxin,adulterant,growth impairment,1,1,0.9,https://timesofindia.indiatimes.com/city/ludhiana/study-at-ludhiana-veterinary-university-links-contaminated-cattle-feed-to-toxins-detected-in-milk-/articleshow/125939018.cms,"Aflatoxin M1 consumption, even in small amounts, is linked to liver damage, immune suppression, growth impairment in children"
News,Milk,adulterated food,other,lifestyle and unexplained illnesses,1,1,0.8,https://www.thehindu.com/news/national/telangana/telangana-govt-plans-regulatory-authority-like-eagle-and-hydraa-to-curb-food-adulteration-cm/article70802831.ece,contributing to the rise in lifestyle and unexplained illnesses
News,Milk,starch,adulterant,allergic reaction,1,1,0.85,https://timesofindia.indiatimes.com/life-style/food-news/fake-mithai-alert-how-to-test-your-diwali-sweets-at-home-for-safety/articleshow/124693105.cms,"adulterants like starch, artificial dyes, or metallic powders that can cause allergies"
News,Milk,starch,adulterant,nausea,1,1,0.85,https://timesofindia.indiatimes.com/life-style/food-news/fake-mithai-alert-how-to-test-your-diwali-sweets-at-home-for-safety/articleshow/124693105.cms,"adulterants like starch, artificial dyes, or metallic powders that can cause allergies, nausea"
News,Milk,aluminium foil,adulterant,digestive irritation,1,1,0.9,https://timesofindia.indiatimes.com/life-style/food-news/fake-mithai-alert-how-to-test-your-diwali-sweets-at-home-for-safety/articleshow/124693105.cms,Avoid eating mithai with aluminium coating as it can cause digestive irritation
News,Milk,artificial colours,adulterant,rashes,1,1,0.9,https://timesofindia.indiatimes.com/life-style/food-news/fake-mithai-alert-how-to-test-your-diwali-sweets-at-home-for-safety/articleshow/124693105.cms,Artificial colours can trigger rashes
News,Milk,artificial colours,adulterant,hyperactivity,1,1,0.9,https://timesofindia.indiatimes.com/life-style/food-news/fake-mithai-alert-how-to-test-your-diwali-sweets-at-home-for-safety/articleshow/124693105.cms,"Artificial colours can trigger rashes, hyperactivity in children, and long-term health risks if consumed frequently."
News,Milk,artificial colours,adulterant,long term health risks,1,1,0.85,https://timesofindia.indiatimes.com/life-style/food-news/fake-mithai-alert-how-to-test-your-diwali-sweets-at-home-for-safety/articleshow/124693105.cms,long-term health risks if consumed frequently
News,Milk,adulterated sweets,adulterant,gastrointestinal illness,1,1,0.9,https://timesofindia.indiatimes.com/life-style/food-news/fake-mithai-alert-how-to-test-your-diwali-sweets-at-home-for-safety/articleshow/124693105.cms,Adulterated sweets can cause digestive issues
News,Milk,adulterated sweets,adulterant,food poisoning,1,1,0.9,https://timesofindia.indiatimes.com/life-style/food-news/fake-mithai-alert-how-to-test-your-diwali-sweets-at-home-for-safety/articleshow/124693105.cms,Adulterated sweets can cause ... food poisoning
News,Milk,whey protein,other,hair loss,1,1,0.9,https://www.thehindu.com/sci-tech/health/the-complete-guide-to-whey-protein/article34302922.ece,It also causes hair loss and acne
News,Milk,whey protein,other,acne,1,1,0.9,https://www.thehindu.com/sci-tech/health/the-complete-guide-to-whey-protein/article34302922.ece,It also causes hair loss and acne
News,Milk,kidney damage,other,fflo chroniceffect,1,1,0.75,https://www.thehindu.com/sci-tech/health/the-complete-guide-to-whey-protein/article34302922.ece,cause damage to the kidney over a period of time
News,Milk,oxytocin,adulterant,renal failure,1,1,0.85,https://indianexpress.com/article/upsc-current-affairs/upsc-key-horticulture-scheme-diaspora-seychelles-israel-genocidal-10760448/,"fatal complications, including kidney failure"
News,Milk,oxytocin,adulterant,excessive blood loss,1,1,0.85,https://indianexpress.com/article/upsc-current-affairs/upsc-key-horticulture-scheme-diaspora-seychelles-israel-genocidal-10760448/,saw excessive blood loss
News,Milk,andhra pradesh milk adulteration case,other,renal failure,1,1,0.9,https://www.livemint.com/news/india/andhra-pradesh-milk-adulteration-case-16-dead-dairys-milk-supply-suspended-what-did-preliminary-inquiry-reveal-11774172786384.html,Medical examinations showed acute kidney failure
News,Milk,pesticide residue,adulterant,hepatitis,1,1,0.85,https://assamtribune.com/assam/whats-on-your-plate-assam-battles-surge-in-unsafe-foods-as-experts-sound-alarm-1575052,"continued intake of such products may lead to a range of health issues, including typhoid, hepatitis"
News,Milk,bacterial or fungal contamination,adulterant,typhoid,1,1,0.85,https://assamtribune.com/assam/whats-on-your-plate-assam-battles-surge-in-unsafe-foods-as-experts-sound-alarm-1575052,"infectious diseases because of bacterial or fungal contamination, and due to that, a person can suffer from typhoid"
News,Milk,bacterial or fungal contamination,adulterant,hepatitis,1,1,0.85,https://assamtribune.com/assam/whats-on-your-plate-assam-battles-surge-in-unsafe-foods-as-experts-sound-alarm-1575052,"infectious diseases because of bacterial or fungal contamination, and due to that, a person can suffer from typhoid, hepatitis"
News,Milk,bacterial or fungal contamination,adulterant,leptospirosis,1,1,0.85,https://assamtribune.com/assam/whats-on-your-plate-assam-battles-surge-in-unsafe-foods-as-experts-sound-alarm-1575052,"infectious diseases because of bacterial or fungal contamination, and due to that, a person can suffer from typhoid, hepatitis, or leptospirosis"
News,Milk,antibiotic residue,adulterant,toxicities,1,1,0.75,https://assamtribune.com/assam/whats-on-your-plate-assam-battles-surge-in-unsafe-foods-as-experts-sound-alarm-1575052,cumulative effect of toxins that accumulate in the body because of certain things like antibiotics
News,Milk,organophosphorus compounds,adulterant,cancer/carcinogenicity,1,1,0.85,https://assamtribune.com/assam/whats-on-your-plate-assam-battles-surge-in-unsafe-foods-as-experts-sound-alarm-1575052,"pesticides such as organophosphorus compounds... can accumulate in the body and cause various kinds of toxicities, including cancer"
News,Milk,organochlorine compounds,adulterant,cancer/carcinogenicity,1,1,0.85,https://assamtribune.com/assam/whats-on-your-plate-assam-battles-surge-in-unsafe-foods-as-experts-sound-alarm-1575052,"All these heavy metals and toxins... can accumulate in the body and cause various kinds of toxicities, including cancer"
News,Milk,preservatives,adulterant,ca colon,1,1,0.85,https://assamtribune.com/assam/whats-on-your-plate-assam-battles-surge-in-unsafe-foods-as-experts-sound-alarm-1575052,"many foods have unethical levels of preservatives, and of the different cancers, 'CA Colon' is one of the things which is on the upward trend"
News,Milk,ca colon,other,fflo chroniceffect,1,1,0.9,https://assamtribune.com/assam/whats-on-your-plate-assam-battles-surge-in-unsafe-foods-as-experts-sound-alarm-1575052,"of the different cancers, 'CA Colon' is one of the things which is on the upward trend"
News,Milk,pesticide residue,adulterant,health issues,1,1,0.8,https://assamtribune.com/assam/whats-on-your-plate-assam-battles-surge-in-unsafe-foods-as-experts-sound-alarm-1575052,Continued intake of food with pesticides may lead to a range of health issues
News,Milk,tcdd,adulterant,chronic inflammation,1,1,0.95,https://www.hindustantimes.com/lifestyle/art-culture/tradeoffs-your-burning-trash-has-much-in-common-with-the-vietnam-war-says-mridula-ramesh-101720189463893.html,"TCDD keeps it switched on for a long time, leading to chronic inflammation"
News,Milk,tcdd,adulterant,cancer/carcinogenicity,1,1,0.95,https://www.hindustantimes.com/lifestyle/art-culture/tradeoffs-your-burning-trash-has-much-in-common-with-the-vietnam-war-says-mridula-ramesh-101720189463893.html,The World Health Organization classifies TCDD as a carcinogen
News,Milk,tcdd,adulterant,bioaccumulation in fat,1,1,0.85,https://www.hindustantimes.com/lifestyle/art-culture/tradeoffs-your-burning-trash-has-much-in-common-with-the-vietnam-war-says-mridula-ramesh-101720189463893.html,Dioxins bioaccumulate in fat
News,Milk,dioxin,adulterant,bioaccumulation,1,1,0.85,https://www.hindustantimes.com/lifestyle/art-culture/tradeoffs-your-burning-trash-has-much-in-common-with-the-vietnam-war-says-mridula-ramesh-101720189463893.html,where it builds up
News,Milk,dioxin,adulterant,chronic inflammatory markers,1,1,0.85,https://www.hindustantimes.com/lifestyle/art-culture/tradeoffs-your-burning-trash-has-much-in-common-with-the-vietnam-war-says-mridula-ramesh-101720189463893.html,"elevated levels of chronic inflammatory markers in their body fluids, the quiet fingerprint of dioxin exposure"
News,Milk,dioxin,adulterant,deadly health effects,1,1,0.75,https://www.hindustantimes.com/lifestyle/art-culture/tradeoffs-your-burning-trash-has-much-in-common-with-the-vietnam-war-says-mridula-ramesh-101720189463893.html,"The dioxin problem, while deadly"
News,Milk,spurious milk,other,health of the people,1,1,0.8,https://timesofindia.indiatimes.com/city/ranchi/nhrc-seeks-report-over-spurious-milk/articleshow/96696602.cms,at the cost of the health of the people
News,Milk,toxins,adulterant,impacts on animal health,1,1,0.75,https://www.sentinelassam.com/more-news/editorial/sustaining-assams-dairy-growth,highlighting impacts on animal health
News,Milk,chemicals,adulterant,death,1,1,0.85,https://www.andhrajyothy.com/2026/andhra-pradesh/east-godavari/nhrc-issues-notice-to-officials-over-rajahmundry-contaminated-milk-incident-sj-1507587.html,పాలలోని రసాయనాలతో 16 మంది మరణించారు
News,Milk,oxytocin,adulterant,health effects on young children and babies,1,1,0.75,https://indianexpress.com/article/cities/delhi/people-consuming-milk-products-not-safe-hc-dairies-9316669/,"This is affecting the food cycle. It affects all young children, babies."
News,Milk,ethylene glycol,adulterant,food poisoning,1,1,0.9,https://www.hindustantimes.com/india-news/toll-from-adulterated-milk-in-andhra-pradesh-s-east-godavari-district-rises-to-6-101771989183570.html,resulting in poisoning among consumers
News,Milk,poisoning,other,acuteeffect,1,1,0.85,https://www.hindustantimes.com/india-news/toll-from-adulterated-milk-in-andhra-pradesh-s-east-godavari-district-rises-to-6-101771989183570.html,A six-year-old boy and a 58-year-old woman undergoing treatment died on Tuesday
News,Milk,ethylene glycol,adulterant,kidney damage,1,1,0.9,https://www.news18.com/cities/hyderabad-news/sweet-death-why-ethylene-glycol-an-antifreeze-chemical-is-lurking-in-andhras-milk-ws-l-9991605.html,deaths to multi-organ failure triggered by acute renal damage
News,Milk,ethylene glycol,adulterant,inability to urinate,1,1,0.85,https://www.news18.com/cities/hyderabad-news/sweet-death-why-ethylene-glycol-an-antifreeze-chemical-is-lurking-in-andhras-milk-ws-l-9991605.html,reporting symptoms such as ... an inability to urinate
News,Milk,ethylene glycol,adulterant,toxicity to humans if ingested,1,1,0.9,https://www.news18.com/cities/hyderabad-news/sweet-death-why-ethylene-glycol-an-antifreeze-chemical-is-lurking-in-andhras-milk-ws-l-9991605.html,it is highly toxic to humans if ingested
News,Milk,ethylene glycol,adulterant,metabolic acidosis,1,1,0.9,https://www.news18.com/cities/hyderabad-news/sweet-death-why-ethylene-glycol-an-antifreeze-chemical-is-lurking-in-andhras-milk-ws-l-9991605.html,"lead to metabolic acidosis, which means dangerously high acidity"
News,Milk,infant botulism,other,fflo acuteeffect,1,1,0.85,https://www.livemint.com/news/us-news/byheart-recalls-baby-formula-after-13-infants-diagnosed-with-botulism-in-us-what-is-it-causes-risks-symptoms-mo-11762649557224.html,rare and fatal disease that can cause a slow form of paralysis
News,Milk,clostridium botulinum,adulterant,infant botulism,1,1,0.95,https://www.livemint.com/news/us-news/byheart-recalls-baby-formula-after-13-infants-diagnosed-with-botulism-in-us-what-is-it-causes-risks-symptoms-mo-11762649557224.html,Infant botulism is caused after a baby eats contaminated food containing bacteria Clostridium botulinum
News,Milk,added sugar,adulterant,tooth decay,1,1,0.9,https://indianexpress.com/article/explained/explained-health/nestle-sugar-baby-food-india-asia-africa-harmful-9278215/,Tooth decay is also associated with early exposure to sugar
News,Milk,acute kidney failure,other,acuteeffect,1,1,0.95,https://timesofindia.indiatimes.com/city/vijayawada/milk-contamination-case-toll-rises-to-five-in-rajamahendravaram-accused-vendor-arrested/articleshow/128759697.cms,acute kidney failure cases
News,Milk,unknown adulterant,adulterant,vomiting,1,1,0.9,https://uttarbangasambad.com/adulterated-milk-deaths-andhra-pradesh-adulterated-milk-tragedy-13-dead-east-godavari/,তাঁদের প্রত্যেকেরই বমি বমি ভাব
News,Milk,unknown adulterant,adulterant,urination problems,1,1,0.9,https://uttarbangasambad.com/adulterated-milk-deaths-andhra-pradesh-adulterated-milk-tragedy-13-dead-east-godavari/,মূত্রত্যাগের সমস্যার মতো উপসর্গ দেখা দেয়
News,Milk,urea,adulterant,damage to the digestive system,1,1,0.9,https://www.thehindu.com/news/national/andhra-pradesh/hazardous-chemicals-found-in-milk-during-raids-across-east-godavari/article70823682.ece,Consumption of milk adulterated with urea involves risks including damage to the digestive system
News,Milk,maltodextrin,adulterant,spike in blood sugar,1,1,0.9,https://www.thehindu.com/news/national/andhra-pradesh/hazardous-chemicals-found-in-milk-during-raids-across-east-godavari/article70823682.ece,Maltodextrin powder is reportedly extracted from the starch of corn and it leads to a spike in blood sugar
News,Milk,maltodextrin,adulterant,affecting gut health,1,1,0.9,https://www.thehindu.com/news/national/andhra-pradesh/hazardous-chemicals-found-in-milk-during-raids-across-east-godavari/article70823682.ece,"Maltodextrin powder is reportedly extracted from the starch of corn and it leads to a spike in blood sugar, affecting gut health."
News,Milk,oxytocin,adulterant,serious harm to consumers,1,1,0.85,https://www.deccanchronicle.com/southern-states/andhra-pradesh/vigil-intensifies-amid-adulterated-milk-scare-in-tirupati-chittoor-districts-1939653,warn that such milk can seriously harm consumers
News,Milk,toxic industrial solvents,adulterant,death,1,1,0.9,https://www.financialexpress.com/healthcare/pharma-healthcare/poisoned-cough-syrup-killed-kids-authorities-cut-the-investigation-short/3164587/,outbreak last summer would eventually kill more than 60 children
News,Milk,toxic industrial solvents,adulterant,ravaging internal organs,1,1,0.9,https://www.financialexpress.com/healthcare/pharma-healthcare/poisoned-cough-syrup-killed-kids-authorities-cut-the-investigation-short/3164587/,solvents that can ravage internal organs
News,Milk,ethylene glycol,adulterant,toxicity,1,1,0.85,https://www.financialexpress.com/healthcare/pharma-healthcare/poisoned-cough-syrup-killed-kids-authorities-cut-the-investigation-short/3164587/,They are also toxic in small doses
News,Milk,diethylene glycol,adulterant,toxicity,1,1,0.85,https://www.financialexpress.com/healthcare/pharma-healthcare/poisoned-cough-syrup-killed-kids-authorities-cut-the-investigation-short/3164587/,They are also toxic in small doses
News,Milk,bacteria,adulterant,death,1,1,0.9,https://www.financialexpress.com/healthcare/pharma-healthcare/poisoned-cough-syrup-killed-kids-authorities-cut-the-investigation-short/3164587/,Indian-made eyedrops laced with bacteria led to the deaths of four Americans.
News,Milk,campylobacter jejuni,adulterant,guillain barre syndrome,1,1,0.95,https://timesofindia.indiatimes.com/life-style/health-fitness/health-news/gbs-outbreak-avoid-paneer-cheese-rice-warns-doctor-as-deadly-gbs-infection-crosses-100-one-death-reported/articleshow/117591421.cms,"Campylobacter jejuni, which usually causes stomach infection, triggers the GBS infection"
News,Milk,campylobacter jejuni,adulterant,nausea,1,1,0.9,https://timesofindia.indiatimes.com/life-style/health-fitness/health-news/gbs-outbreak-avoid-paneer-cheese-rice-warns-doctor-as-deadly-gbs-infection-crosses-100-one-death-reported/articleshow/117591421.cms,"leading to symptoms like diarrhea, abdominal cramps, fever, and nausea"
News,Milk,guillain barre syndrome,other,paralysis,1,1,0.9,https://timesofindia.indiatimes.com/life-style/health-fitness/health-news/gbs-outbreak-avoid-paneer-cheese-rice-warns-doctor-as-deadly-gbs-infection-crosses-100-one-death-reported/articleshow/117591421.cms,Severe cases can lead to paralysis
News,Milk,guillain barre syndrome,other,weakness,1,1,0.9,https://timesofindia.indiatimes.com/life-style/health-fitness/health-news/gbs-outbreak-avoid-paneer-cheese-rice-warns-doctor-as-deadly-gbs-infection-crosses-100-one-death-reported/articleshow/117591421.cms,GBS symptoms typically begin with weakness
News,Milk,guillain barré syndrome,other,acuteeffect,1,1,0.7,https://timesofindia.indiatimes.com/life-style/health-fitness/health-news/gbs-outbreak-avoid-paneer-cheese-rice-warns-doctor-as-deadly-gbs-infection-crosses-100-one-death-reported/articleshow/117591421.cms,condition can rapidly worsen
News,Milk,campylobacter jejuni,adulterant,gastrointestinal illness,1,1,0.95,https://timesofindia.indiatimes.com/life-style/health-fitness/health-news/gbs-outbreak-avoid-paneer-cheese-rice-warns-doctor-as-deadly-gbs-infection-crosses-100-one-death-reported/articleshow/117591421.cms,One major cause is gastroenteritis due to a bacteria C jejuni
News,Milk,bacillus cereus,adulterant,food poisoning,1,1,0.9,https://timesofindia.indiatimes.com/life-style/health-fitness/health-news/gbs-outbreak-avoid-paneer-cheese-rice-warns-doctor-as-deadly-gbs-infection-crosses-100-one-death-reported/articleshow/117591421.cms,"Bacillus cereus, which can produce toxins leading to food poisoning"
News,Milk,metanil yellow,adulterant,nausea,1,1,0.9,https://www.thehindu.com/children/what-is-adulteration-and-what-is-its-impact-on-our-daily-lives/article69210912.ece,"can cause nausea, stomach disorders, and food poisoning"
News,Milk,metanil yellow,adulterant,stomach disorders,1,1,0.9,https://www.thehindu.com/children/what-is-adulteration-and-what-is-its-impact-on-our-daily-lives/article69210912.ece,"can cause nausea, stomach disorders, and food poisoning"
News,Milk,metanil yellow,adulterant,food poisoning,1,1,0.9,https://www.thehindu.com/children/what-is-adulteration-and-what-is-its-impact-on-our-daily-lives/article69210912.ece,"can cause nausea, stomach disorders, and food poisoning"
News,Milk,synthetic preservatives,adulterant,cancer/carcinogenicity,1,1,0.95,https://timesofindia.indiatimes.com/city/bareilly/administrative-efforts-to-detect-adulteration-in-sweets-ahead-of-holi-prove-futile-in-pilibhit/articleshow/98434474.cms,use of synthetic preservatives and harmful chemicals in sweets and other food items can result in cancer
News,Milk,harmful chemicals,adulterant,cardiac troubles,1,1,0.9,https://timesofindia.indiatimes.com/city/bareilly/administrative-efforts-to-detect-adulteration-in-sweets-ahead-of-holi-prove-futile-in-pilibhit/articleshow/98434474.cms,"harmful chemicals in sweets and other food items can result in cancer, and serious cardiac as well as respiratory troubles"
News,Milk,harmful chemicals,adulterant,respiratory troubles,1,1,0.9,https://timesofindia.indiatimes.com/city/bareilly/administrative-efforts-to-detect-adulteration-in-sweets-ahead-of-holi-prove-futile-in-pilibhit/articleshow/98434474.cms,"harmful chemicals in sweets and other food items can result in cancer, and serious cardiac as well as respiratory troubles"
News,Milk,preservatives,adulterant,cardiovascular disease,1,1,0.9,https://timesofindia.indiatimes.com/city/bareilly/administrative-efforts-to-detect-adulteration-in-sweets-ahead-of-holi-prove-futile-in-pilibhit/articleshow/98434474.cms,preservatives ... can be a reason for cardiovascular disease
News,Oil,erucic acid,adulterant,retarded growth,1,1,0.85,https://www.thehindu.com/opinion/op-ed/a-ban-a-split-verdict-and-a-health-concern/article69652167.ece,animals fed with high erucic acid-containing mustard oil suffered from ... retarded growth
News,Oil,erucic acid,adulterant,death,1,1,0.85,https://www.thehindu.com/opinion/op-ed/a-ban-a-split-verdict-and-a-health-concern/article69652167.ece,animals fed with high erucic acid-containing mustard oil suffered from ... premature tissue death
News,Oil,food,other,gaining weight,1,1,0.75,https://timesofindia.indiatimes.com/city/nagpur/fda-cracks-whip-on-sweetmarts-namkeen-makers-before-diwali/articleshow/87495424.cms,apart from gaining weight which can affect one's lifestyle
News,Oil,adulterations,adulterant,toxicity in the body,1,1,0.85,https://timesofindia.indiatimes.com/city/nagpur/fda-cracks-whip-on-sweetmarts-namkeen-makers-before-diwali/articleshow/87495424.cms,adulterations trigger toxicity in the body in the long run
News,Oil,sweets,other,diarrhoea,1,1,0.85,https://timesofindia.indiatimes.com/city/nagpur/fda-cracks-whip-on-sweetmarts-namkeen-makers-before-diwali/articleshow/87495424.cms,excess of sweets can cause diarrhoea
News,Oil,adulterated oils,adulterant,serious threat to public health,1,1,0.85,https://www.thehansindia.com/andhra-pradesh/raid-conducted-on-fast-food-centers-and-hotels-for-using-adulterated-oils-891217,using adulterated oils ... posing a serious threat to public health
News,Oil,total polar compounds,adulterant,healtheffect_tpc_injury,1,1,0.9,https://timesofindia.indiatimes.com/city/jamshedpur/drive-against-food-adulteration-in-jsr/articleshow/94237397.cms,Cooking oil containing TPCs beyond 25% is injurious to health
News,Oil,detergent,adulterant,liver damage,1,1,0.85,https://www.freepressjournal.in/mumbai/detergent-urea-refined-oil-alleged-milk-adulteration-racket-busted-in-mumbais-andheri-viral-video-reveals-shocking-details,"substances such as detergent powder, urea, soap solution, refined oil and other synthetic chemicals are being mixed to create milk-like liquid. Residents further claimed that one litre of original milk is allegedly diluted with water and chemicals to produce nearly double the quantity, which is then supplied daily to consumers. Supply Chain Under Scrutiny Locals alleged that milk packets do not reach consumers directly from authorised dairy centres. Instead, the original packets are reportedly diverted to private locations where adulteration takes place. The adulterated milk is then repackaged into fresh pouches and distributed in nearby areas. Health Risks Highlighted Medical experts warn that long-term consumption of adulterated milk can lead to serious health complications. These include kidney and liver damage, impaired growth in children, calcium deficiency in women, and chronic gastrointestinal, skin and eye-related disorders."
News,Oil,reuse of cooking oil in hotels,other,health problems,1,1,0.85,https://www.thehindu.com/news/cities/Kochi/food-safety-dept-initiative-to-check-reuse-of-cooking-oil-in-hotels/article65644073.ece,reuse of oil for cooking in hotels as it would cause health problems
News,Oil,diglyceride,adulterant,injurious to health,1,1,0.85,https://www.thehindubusinessline.com/economy/agri-business/sea-cautions-processors-on-spurious-edible-oil-by-mixing-glycerine-with-fatty-acids/article65730930.ece,such material is injurious to health
News,Oil,spurious milk,other,stomach pain,1,1,0.85,https://timesofindia.indiatimes.com/city/rajkot/3120-litres-of-spurious-milk-seized-in-gir-somnath-crackdown/articleshow/129662555.cms,"consumption of such spurious milk can cause serious health issues, including stomach pain"
News,Oil,spurious milk,other,acidity,1,1,0.85,https://timesofindia.indiatimes.com/city/rajkot/3120-litres-of-spurious-milk-seized-in-gir-somnath-crackdown/articleshow/129662555.cms,"consumption of such spurious milk can cause serious health issues, including... acidity"
News,Oil,spurious milk,other,gas,1,1,0.85,https://timesofindia.indiatimes.com/city/rajkot/3120-litres-of-spurious-milk-seized-in-gir-somnath-crackdown/articleshow/129662555.cms,"consumption of such spurious milk can cause serious health issues, including... gas"
News,Oil,urea,adulterant,kidney ailments,1,1,0.8,https://timesofindia.indiatimes.com/city/rajkot/3120-litres-of-spurious-milk-seized-in-gir-somnath-crackdown/articleshow/129662555.cms,"urea are reportedly used, which can lead to severe kidney and heart ailments"
News,Oil,reuse of cooking oil,other,long term health risks,1,1,0.8,https://www.hindustantimes.com/cities/noida-news/gb-nagar-admin-to-fix-gaps-in-food-and-drug-safety-in-district-101766773786595.html,concerns over the reuse of cooking oil... practices linked to long-term health risks
News,Oil,improper handling of food products,other,long term health risks,1,1,0.8,https://www.hindustantimes.com/cities/noida-news/gb-nagar-admin-to-fix-gaps-in-food-and-drug-safety-in-district-101766773786595.html,"improper handling of food products, practices linked to long-term health risks"
News,Oil,junk food,other,health hazards,1,1,0.8,https://www.hindustantimes.com/cities/chandigarh-news/zero-tolerance-for-adulterated-food-says-health-minister-101664121637394.html,health hazards of junk food are being taught to them
News,Oil,rabbit blood,adulterant,zoonotic diseases,1,1,0.85,https://timesofindia.indiatimes.com/city/chennai/head-11_che_pn_rabbit-blood-oil/articleshow/118155776.cms,"Animal blood, if not adequately processed, carries the risk of zoonotic diseases"
News,Oil,saturated fatty acids,adulterant,cardiovascular disease,1,1,0.85,https://indianexpress.com/article/cities/chandigarh/ban-on-blending-of-mustard-oil-will-benefit-farmers-lead-to-more-production-of-healthier-alternative-7378786/,"Higher consumption of SFAs is known to increase low density lipoprotein (LDL), bad cholesterol, which is associated with increased risk of cardiovascular diseases."
News,Oil,polyunsaturated fatty acids,adulterant,conversion to trans fats at high temperature,1,1,0.8,https://indianexpress.com/article/cities/chandigarh/ban-on-blending-of-mustard-oil-will-benefit-farmers-lead-to-more-production-of-healthier-alternative-7378786/,an oil rich in PUFAs is unstable at very high temperature and gets converted into trans fats
News,Oil,liquid paraffin,adulterant,obesity,1,1,0.85,https://www.thehindu.com/news/national/karnataka/desi-oil-mela-to-be-held-in-mysuru-from-january-9-to-11/article70485199.ece,"adulteration of edible oils with substances like liquid paraffin... raised serious health concerns, including... obesity"
News,Oil,cottonseed oil,adulterant,cardiovascular disease,1,1,0.85,https://www.thehindu.com/news/national/karnataka/desi-oil-mela-to-be-held-in-mysuru-from-january-9-to-11/article70485199.ece,"mixing of cottonseed oil have raised serious health concerns, including heart disease"
News,Oil,adulterated food,other,allergic reaction,1,1,0.9,https://www.healthandme.com/nutrition/kanpur-food-adulteration-fssai-seizes-14000l-of-oil-1320kg-rotten-dates-and-more-ahead-of-festive-season-article-153707864,adulteration could also lead to allergic reactions
News,Oil,recycled oils,adulterant,food poisoning,1,1,0.9,https://thelogicalindian.com/up-food-safety-over-225-kg-of-suspected-chemical-rasogolla-destroyed-in-sambhal-ahead-of-festive-season/,Substances such as recycled oils... can cause food poisoning
News,Oil,artificial colourants,adulterant,food poisoning,1,1,0.9,https://thelogicalindian.com/up-food-safety-over-225-kg-of-suspected-chemical-rasogolla-destroyed-in-sambhal-ahead-of-festive-season/,"Substances such as recycled oils, artificial colourants, and expired dairy products can cause food poisoning"
News,Oil,expired dairy products,adulterant,food poisoning,1,1,0.9,https://thelogicalindian.com/up-food-safety-over-225-kg-of-suspected-chemical-rasogolla-destroyed-in-sambhal-ahead-of-festive-season/,expired dairy products can cause food poisoning
News,Oil,expired dairy products,adulterant,allergic reaction,1,1,0.9,https://thelogicalindian.com/up-food-safety-over-225-kg-of-suspected-chemical-rasogolla-destroyed-in-sambhal-ahead-of-festive-season/,"expired dairy products can cause food poisoning, allergic reactions"
News,Oil,recycled oils,adulterant,long term health complications,1,1,0.85,https://thelogicalindian.com/up-food-safety-over-225-kg-of-suspected-chemical-rasogolla-destroyed-in-sambhal-ahead-of-festive-season/,Substances such as recycled oils... can cause... long-term health complications
News,Oil,artificial colourants,adulterant,long term health complications,1,1,0.85,https://thelogicalindian.com/up-food-safety-over-225-kg-of-suspected-chemical-rasogolla-destroyed-in-sambhal-ahead-of-festive-season/,"Substances such as recycled oils, artificial colourants, and expired dairy products can cause food poisoning, allergic reactions, and long-term health complications"
News,Oil,expired dairy products,adulterant,long term health complications,1,1,0.85,https://thelogicalindian.com/up-food-safety-over-225-kg-of-suspected-chemical-rasogolla-destroyed-in-sambhal-ahead-of-festive-season/,"expired dairy products can cause food poisoning, allergic reactions, and long-term health complications"
News,Oil,food poisoning,other,fflo acuteeffect,1,1,0.75,https://thelogicalindian.com/up-food-safety-over-225-kg-of-suspected-chemical-rasogolla-destroyed-in-sambhal-ahead-of-festive-season/,cause food poisoning
News,Oil,unfit edible oil,adulterant,dropsy,1,1,0.9,https://timesofindia.indiatimes.com/city/chandigarh/investigation-into-dropsy-deaths-in-nabha-new-committee-formed-to-probe-tainted-edible-oil/articleshow/115711329.cms,dropsy deaths which took place
News,Oil,synthetic preservatives,adulterant,cancer/carcinogenicity,1,1,0.95,https://timesofindia.indiatimes.com/city/bareilly/administrative-efforts-to-detect-adulteration-in-sweets-ahead-of-holi-prove-futile-in-pilibhit/articleshow/98434474.cms,use of synthetic preservatives and harmful chemicals in sweets and other food items can result in cancer
News,Oil,preservatives,adulterant,cardiovascular disease,1,1,0.9,https://timesofindia.indiatimes.com/city/bareilly/administrative-efforts-to-detect-adulteration-in-sweets-ahead-of-holi-prove-futile-in-pilibhit/articleshow/98434474.cms,preservatives ... can be a reason for cardiovascular disease
News,Oil,inferior quality edible oil,adulterant,dangerous for health,1,1,0.75,https://timesofindia.indiatimes.com/city/nagpur/fda-busts-fake-edible-oil-racket-1925-litres-seized/articleshow/93957827.cms,The oil the racketeers were selling may be dangerous for health
News,Oil,sanguinarine,adulterant,food poisoning,1,1,0.9,https://timesofindia.indiatimes.com/life-style/food-news/adulterated-mustard-oil-seized-in-ghaziabad-how-to-check-oil-purity-at-home/articleshow/121774827.cms,cases of argemone oil poisoning
News,Oil,total polar compound,adulterant,unsafe for human consumption,1,1,0.8,https://www.deccanchronicle.com/southern-states/telangana/hyderabad-food-safety-dept-seizes-unsafe-cooking-oil-from-burger-king-outlet-1827348,having more than 25% of TPC is not safe for human consumption
News,Oil,substandard oils,other,thyroid,1,1,0.75,https://www.deccanchronicle.com/nation/current-affairs/270322/cheap-edible-oils-cause-serious-ailments.html,risk of developing ailments including thyroid
News,Oil,substandard oils,other,cancer/carcinogenicity,1,1,0.75,https://www.deccanchronicle.com/nation/current-affairs/270322/cheap-edible-oils-cause-serious-ailments.html,risk of developing ailments including ... stomach cancer
News,Oil,substandard oils,other,weaker intestines,1,1,0.75,https://www.deccanchronicle.com/nation/current-affairs/270322/cheap-edible-oils-cause-serious-ailments.html,risk of developing ailments including ... weaker intestines
News,Oil,harmful chemicals,adulterant,cancer/carcinogenicity,1,1,0.8,https://www.newindianexpress.com/states/andhra-pradesh/2023/feb/11/food-safety-dept-to-check-on-oil-merchants-2546465.html,Consumption of such adulterated oils can cause cancer
News,Oil,erucic acid,adulterant,memory impairment,1,1,0.9,https://timesofindia.indiatimes.com/life-style/food-news/explained-why-consumption-of-mustard-oil-is-banned-in-the-us-and-europe/articleshow/111333738.cms,Erucic acid is also associated with many mental disorders like memory impairment
News,Oil,erucic acid,adulterant,accumulation of fat in the body,1,1,0.9,https://timesofindia.indiatimes.com/life-style/food-news/explained-why-consumption-of-mustard-oil-is-banned-in-the-us-and-europe/articleshow/111333738.cms,It also leads to the increased accumulation of fat in the body
News,Oil,erucic acid,adulterant,brain cell harm,1,1,0.85,https://timesofindia.indiatimes.com/life-style/food-news/explained-why-consumption-of-mustard-oil-is-banned-in-the-us-and-europe/articleshow/111333738.cms,harms the brain cells as well
News,Oil,erucic acid,adulterant,myocardial lipidosis,1,1,0.9,https://timesofindia.indiatimes.com/life-style/food-news/explained-why-consumption-of-mustard-oil-is-banned-in-the-us-and-europe/articleshow/111333738.cms,High levels of erucic acid have been linked to the development of myocardial lipidosis
News,Oil,myocardial lipidosis,other,fflo chroniceffect,1,1,0.8,https://timesofindia.indiatimes.com/life-style/food-news/explained-why-consumption-of-mustard-oil-is-banned-in-the-us-and-europe/articleshow/111333738.cms,"accumulation of fat in heart muscle cells, which can impair heart function"
News,Oil,erucic acid,adulterant,growth retardation,1,1,0.85,https://timesofindia.indiatimes.com/life-style/food-news/explained-why-consumption-of-mustard-oil-is-banned-in-the-us-and-europe/articleshow/111333738.cms,high levels of erucic acid have been associated with growth retardation
News,Oil,erucic acid,adulterant,reproductive health issues,1,1,0.75,https://timesofindia.indiatimes.com/life-style/food-news/explained-why-consumption-of-mustard-oil-is-banned-in-the-us-and-europe/articleshow/111333738.cms,high levels of erucic acid might adversely affect reproductive health
News,Oil,erucic acid,adulterant,gastrointestinal illness,1,1,0.9,https://timesofindia.indiatimes.com/life-style/food-news/explained-why-consumption-of-mustard-oil-is-banned-in-the-us-and-europe/articleshow/111333738.cms,Consuming large amounts of erucic acid might cause gastrointestinal issues
News,Oil,gastrointestinal distress,other,fflo acuteeffect,1,1,0.85,https://timesofindia.indiatimes.com/life-style/food-news/explained-why-consumption-of-mustard-oil-is-banned-in-the-us-and-europe/articleshow/111333738.cms,"including diarrhea, stomach cramps, and nausea"
News,Oil,erucic acid,adulterant,cancer/carcinogenicity,1,1,0.75,https://timesofindia.indiatimes.com/life-style/food-news/explained-why-consumption-of-mustard-oil-is-banned-in-the-us-and-europe/articleshow/111333738.cms,concern about the potential carcinogenic effects of long-term consumption of high levels of erucic acid
News,Oil,goitrogens,adulterant,thyroid gland dysfunction,1,1,0.85,https://timesofindia.indiatimes.com/life-style/food-news/explained-why-consumption-of-mustard-oil-is-banned-in-the-us-and-europe/articleshow/111333738.cms,"goitrogens, substances that can interfere with the function of the thyroid gland"
News,Oil,mineral oil,adulterant,gastrointestinal problems,1,1,0.9,https://timesofindia.indiatimes.com/life-style/food-news/harmful-ingredients-in-fake-edible-oil/articleshow/110737364.cms,"ingestion can cause serious health issues, including gastrointestinal problems"
News,Oil,mineral oil,adulterant,liver damage,1,1,0.9,https://timesofindia.indiatimes.com/life-style/food-news/harmful-ingredients-in-fake-edible-oil/articleshow/110737364.cms,"ingestion can cause serious health issues, including gastrointestinal problems, liver damage"
News,Oil,mineral oil,adulterant,cancer/carcinogenicity,1,1,0.85,https://timesofindia.indiatimes.com/life-style/food-news/harmful-ingredients-in-fake-edible-oil/articleshow/110737364.cms,even cancer with prolonged exposure
News,Oil,argemone oil,adulterant,glaucoma,1,1,0.95,https://timesofindia.indiatimes.com/life-style/food-news/harmful-ingredients-in-fake-edible-oil/articleshow/110737364.cms,"characterised by swelling, glaucoma, and even heart failure"
News,Oil,argemone oil,adulterant,heart failure,1,1,0.95,https://timesofindia.indiatimes.com/life-style/food-news/harmful-ingredients-in-fake-edible-oil/articleshow/110737364.cms,"characterised by swelling, glaucoma, and even heart failure"
News,Oil,gossypol,adulterant,reproductive issues,1,1,0.9,https://timesofindia.indiatimes.com/life-style/food-news/harmful-ingredients-in-fake-edible-oil/articleshow/110737364.cms,"gossypol, a naturally occurring toxin that can cause reproductive issues"
News,Oil,gossypol,adulterant,liver damage,1,1,0.9,https://timesofindia.indiatimes.com/life-style/food-news/harmful-ingredients-in-fake-edible-oil/articleshow/110737364.cms,toxin that can cause reproductive issues and liver damage
News,Oil,castor oil,adulterant,severe gastrointestinal issues,1,1,0.9,https://timesofindia.indiatimes.com/life-style/food-news/harmful-ingredients-in-fake-edible-oil/articleshow/110737364.cms,"Ricinoleic acid, the main component of castor oil, can cause severe gastrointestinal issues"
News,Oil,ricinoleic acid,adulterant,severe gastrointestinal issues,1,1,0.9,https://timesofindia.indiatimes.com/life-style/food-news/harmful-ingredients-in-fake-edible-oil/articleshow/110737364.cms,"Ricinoleic acid, the main component of castor oil, can cause severe gastrointestinal issues"
News,Oil,artificial colouring,adulterant,allergic reaction,1,1,0.9,https://timesofindia.indiatimes.com/life-style/food-news/harmful-ingredients-in-fake-edible-oil/articleshow/110737364.cms,These chemicals can cause allergic reactions
News,Oil,artificial colouring and flavouring agents,adulterant,gastrointestinal illness,1,1,0.9,https://timesofindia.indiatimes.com/life-style/food-news/harmful-ingredients-in-fake-edible-oil/articleshow/110737364.cms,"These chemicals can cause allergic reactions, digestive issues"
News,Oil,artificial flavouring,adulterant,allergic reaction,1,1,0.9,https://timesofindia.indiatimes.com/life-style/food-news/harmful-ingredients-in-fake-edible-oil/articleshow/110737364.cms,These chemicals can cause allergic reactions
News,Oil,artificial flavouring agents,adulterant,gastrointestinal illness,1,1,0.9,https://timesofindia.indiatimes.com/life-style/food-news/harmful-ingredients-in-fake-edible-oil/articleshow/110737364.cms,"These chemicals can cause allergic reactions, digestive issues"
News,Oil,artificial colouring,adulterant,cancer/carcinogenicity,1,1,0.8,https://timesofindia.indiatimes.com/life-style/food-news/harmful-ingredients-in-fake-edible-oil/articleshow/110737364.cms,"Long-term exposure to certain artificial additives is linked to more severe conditions, including cancer"
News,Oil,artificial flavouring,adulterant,cancer/carcinogenicity,1,1,0.8,https://timesofindia.indiatimes.com/life-style/food-news/harmful-ingredients-in-fake-edible-oil/articleshow/110737364.cms,"Long-term exposure to certain artificial additives is linked to more severe conditions, including cancer"
News,Oil,artificial colouring,adulterant,neurological effects,1,1,0.85,https://timesofindia.indiatimes.com/life-style/food-news/harmful-ingredients-in-fake-edible-oil/articleshow/110737364.cms,"Long-term exposure to certain artificial additives is linked to more severe conditions, including cancer and neurological disorders"
News,Oil,artificial flavouring,adulterant,neurological effects,1,1,0.85,https://timesofindia.indiatimes.com/life-style/food-news/harmful-ingredients-in-fake-edible-oil/articleshow/110737364.cms,"Long-term exposure to certain artificial additives is linked to more severe conditions, including cancer and neurological disorders"
News,Oil,total polar compounds,adulterant,liver ailments,1,1,0.9,https://swarajyamag.com/news-brief/nhrc-acts-on-complaint-seeks-report-from-fssai-on-rampant-reuse-of-cooking-oil,Medical research links consumption of oil with high TPC content to severe health disorders such as ... liver ailments
News,Oil,total polar compounds,adulterant,clogged arteries,1,1,0.85,https://www.hindustantimes.com/cities/chandigarh-news/ludhiana-fast-food-joint-s-cooking-oil-fails-quality-test-say-health-dept-101764785730988.html,higher levels can lead to clogged arteries
News,Oil,total polar compounds,adulterant,heart problems,1,1,0.9,https://www.hindustantimes.com/cities/chandigarh-news/ludhiana-fast-food-joint-s-cooking-oil-fails-quality-test-say-health-dept-101764785730988.html,higher levels can lead to clogged arteries and heart problems
News,Oil,healtheffect_stomachpain,other,fflo acuteeffect,1,1,0.9,https://timesofindia.indiatimes.com/city/salem/namakkal-bans-shawarma-grilled-chicken/articleshow/103797498.cms,"complained of vomiting, stomach pain and diarrhoea"
News,Oil,hypervitaminosis d,other,kidney damage,1,1,0.85,https://www.hindustantimes.com/cities/chandigarh-news/health-dept-seizes-352-boxes-of-refined-oil-after-6-hospitalised-101745259236048.html,"This can damage kidneys, bones, and soft tissues over time"
News,Oil,hypervitaminosis d,other,bone damage,1,1,0.85,https://www.hindustantimes.com/cities/chandigarh-news/health-dept-seizes-352-boxes-of-refined-oil-after-6-hospitalised-101745259236048.html,"This can damage kidneys, bones, and soft tissues over time"
News,Oil,hypervitaminosis d,other,soft tissue damage,1,1,0.85,https://www.hindustantimes.com/cities/chandigarh-news/health-dept-seizes-352-boxes-of-refined-oil-after-6-hospitalised-101745259236048.html,"This can damage kidneys, bones, and soft tissues over time"
News,Oil,vegetable oil/fat,adulterant,adverse effects in humans,1,1,0.85,https://indianexpress.com/article/world/us-fda-to-ban-use-of-brominated-vegetable-oil-in-food-soda-9429422/,found the potential for adverse effects in humans
News,Oil,sulfuric acid,adulterant,severe health risks,1,1,0.75,https://www.hindustantimes.com/cities/others/ahead-of-festive-season-adulterated-paneer-milk-and-oil-raise-alarms-for-food-safety-in-lucknow-101693406351671.html,"harmful additives like detergent, bicarbonate of soda, and sulfuric acid, posing severe health risks"
News,Oil,unknown adulterant,adulterant,renal failure,1,1,0.8,https://www.thehansindia.com/andhra-pradesh/ap-crackdown-after-milk-contamination-claims-5-lives-1052137,linked to consumption of adulterated milk
News,Oil,toxicity in used cooking oil,adulterant,serious health problems,1,1,0.7,https://www.thehindu.com/news/national/tamil-nadu/fssais-drive-to-convert-used-cooking-oil-as-biofuel-gets-good-response-in-several-districts-in-tn/article70152299.ece,toxicity in used cooking oil that could cause serious health problems
News,Oil,reused cooking oil,adulterant,high blood pressure,1,1,0.9,https://www.deshdoot.com/deshdoot-times/fda-cracks-down-on-shop-selling-reused-cooking-oil,"adulterated oil can cause serious disorders like heart disease, high blood pressure"
News,Oil,reused cooking oil,adulterant,diabetes,1,1,0.9,https://www.deshdoot.com/deshdoot-times/fda-cracks-down-on-shop-selling-reused-cooking-oil,"adulterated oil can cause serious disorders like heart disease, high blood pressure, hardening of the arteries, childhood obesity, and diabetes"
News,Oil,used cooking oil,other,diseases,1,1,0.8,https://www.deshdoot.com/deshdoot-times/fda-cracks-down-on-shop-selling-reused-cooking-oil,blackened oil invites diseases
News,Oil,used cooking oil,adulterant,cancer/carcinogenicity,1,1,0.85,https://www.newkerala.com/news/o/nhrc-seeks-report-fssai-alleged-reuse-cooking-oil-956,exposes citizens to severe health risks including cancer
News,Oil,used cooking oil,adulterant,liver disorders,1,1,0.85,https://www.newkerala.com/news/o/nhrc-seeks-report-fssai-alleged-reuse-cooking-oil-956,"exposes citizens to severe health risks including cancer, heart diseases, and liver disorders"
News,Oil,acrolein,adulterant,oxidative stress,1,1,0.85,https://timesofindia.indiatimes.com/life-style/food-news/what-actually-happens-when-cooking-oil-is-reused-and-why-it-matters/articleshow/124779839.cms,"Studies show they can bind to proteins and DNA, triggering oxidative stress"
News,Oil,acrolein,adulterant,inflammation,1,1,0.85,https://timesofindia.indiatimes.com/life-style/food-news/what-actually-happens-when-cooking-oil-is-reused-and-why-it-matters/articleshow/124779839.cms,triggering oxidative stress and inflammation
News,Oil,reused oil,adulterant,elevated ldl cholesterol,1,1,0.85,https://timesofindia.indiatimes.com/life-style/food-news/what-actually-happens-when-cooking-oil-is-reused-and-why-it-matters/articleshow/124779839.cms,repeatedly heated oils raised LDL cholesterol
News,Oil,reused oil,adulterant,dna damage,1,1,0.85,https://timesofindia.indiatimes.com/life-style/food-news/what-actually-happens-when-cooking-oil-is-reused-and-why-it-matters/articleshow/124779839.cms,noted DNA damage and elevated oxidative markers
News,Oil,reused oil,adulterant,cardiovascular disease,1,1,0.85,https://timesofindia.indiatimes.com/life-style/food-news/what-actually-happens-when-cooking-oil-is-reused-and-why-it-matters/articleshow/124779839.cms,citing increased risk of heart disease
News,Oil,reuse of cooking oil,other,public health challenge,1,1,0.8,https://www.indiatoday.in/health/story/nhrc-issues-notice-to-fssai-over-rampant-reuse-of-cooking-oil-by-eateries-2807276-2025-10-23?utm_source=rss,leading to a massive public health challenge
News,Oil,hypertension,other,fflo chroniceffect,1,1,0.9,https://www.indiatoday.in/health/story/nhrc-issues-notice-to-fssai-over-rampant-reuse-of-cooking-oil-by-eateries-2807276-2025-10-23?utm_source=rss,range of chronic health problems including hypertension
News,Oil,atherosclerosis,other,fflo chroniceffect,1,1,0.9,https://www.indiatoday.in/health/story/nhrc-issues-notice-to-fssai-over-rampant-reuse-of-cooking-oil-by-eateries-2807276-2025-10-23?utm_source=rss,"chronic health problems including hypertension, atherosclerosis"
News,Oil,adulterated oil,other,fatal for their health,1,1,0.8,https://www.freepressjournal.in/bhopal/ganj-basoda-adulterated-oil-surfaces-in-markets-ahead-of-the-festival-season,"cheap quality oil, which in turn proves fatal for their health"
News,Oil,harmful chemicals,adulterant,serious health problems,1,1,0.85,https://morungexpress.com/repeated-reuse-of-cooking-oil-can-trigger-serious-health-risks-food-safety-official,generate harmful chemicals that may lead to serious health problems
News,Oil,reusing cooking oil,other,serious health problems,1,1,0.85,https://morungexpress.com/repeated-reuse-of-cooking-oil-can-trigger-serious-health-risks-food-safety-official,produce harmful chemicals that may lead to serious health problems
News,Oil,fake edible oils,other,detrimental effects on health,1,1,0.85,https://indianexpress.com/article/lifestyle/food-wine/govt-seizes-fake-cooking-oil-harms-how-to-identify-9369475/,Consuming fake edible oils can have several detrimental effects on health
News,Oil,fake cooking oils,other,diseases linked to these adulterated products,1,1,0.8,https://indianexpress.com/article/lifestyle/food-wine/govt-seizes-fake-cooking-oil-harms-how-to-identify-9369475/,treating diseases linked to these adulterated products
News,Oil,trans fat,adulterant,heart blockage,1,1,0.85,https://timesofindia.indiatimes.com/city/nagpur/fda-warns-outlets-against-repeated-use-of-edible-oil/articleshow/91821386.cms,increase the trans fat which is one of the reasons for heart blockage
News,Oil,tri ortho cresyl phosphate,adulterant,vomiting,1,1,0.9,https://indianexpress.com/article/lifestyle/food-wine/oil-adulteration-test-fssai-7513100/,symptoms started like food poisoning with vomiting
News,Oil,tri ortho cresyl phosphate,adulterant,diarrhoea,1,1,0.9,https://indianexpress.com/article/lifestyle/food-wine/oil-adulteration-test-fssai-7513100/,symptoms started like food poisoning with vomiting and diarrhea
News,Oil,tri ortho cresyl phosphate,adulterant,ascending motor paralysis,1,1,0.9,https://indianexpress.com/article/lifestyle/food-wine/oil-adulteration-test-fssai-7513100/,quickly escalated into ascending motor paralysis
News,Oil,erucic acid,adulterant,cardiac problems,1,1,0.85,https://timesofindia.indiatimes.com/life-style/health-fitness/health-news/the-mustard-oil-mystery-why-is-it-banned-in-the-us-and-europe/photostory/106086699.cms,elevated erucic acid concentrations raised concerns about possible cardiac problems
News,Oil,fake alcohol,adulterant,food poisoning,1,1,0.95,https://www.foodnavigator-asia.com/Article/2022/08/15/alcohol-poisoning-and-edible-oil-fraud-cases-soar-in-india/,alcohol poisonings due to the consumption of counterfeit alcohol
News,Oil,synthetic colours,adulterant,stomach infections,1,1,0.8,https://timesofindia.indiatimes.com/city/bengaluru/think-before-you-snack-namkeens-dairy-products-top-list-of-unsafe-foods-in-karnataka/articleshow/131179662.cms,Excessive consumption of these colours can lead to stomach and skin infections
News,Oil,synthetic colours,adulterant,skin infections,1,1,0.8,https://timesofindia.indiatimes.com/city/bengaluru/think-before-you-snack-namkeens-dairy-products-top-list-of-unsafe-foods-in-karnataka/articleshow/131179662.cms,Excessive consumption of these colours can lead to stomach and skin infections
News,Oil,brominated vegetable oil,other,damage to vital organs,1,1,0.9,https://timesofindia.indiatimes.com/world/us/california-leads-the-way-as-fda-moves-to-outlaw-brominated-vegetable-oil-in-sports-drinks/articleshow/104949719.cms,"linking the chemical to potential health risks, including damage to vital organs"
News,Oil,brominated vegetable oil,other,thyroid toxicity,1,1,0.9,https://timesofindia.indiatimes.com/world/us/california-leads-the-way-as-fda-moves-to-outlaw-brominated-vegetable-oil-in-sports-drinks/articleshow/104949719.cms,brominated vegetable oil is toxic to the thyroid
News,Oil,brominated vegetable oil,other,liver damage,1,1,0.85,https://timesofindia.indiatimes.com/world/us/california-leads-the-way-as-fda-moves-to-outlaw-brominated-vegetable-oil-in-sports-drinks/articleshow/104949719.cms,potential harm to the liver
News,Oil,argemone oil,adulterant,dropsy,1,1,0.95,https://garhwalpost.in/specs-presents-report-on-adulteration-in-mustard-oil/,argemone oil which causes dropsy
News,Oil,vegetable oil/fat,adulterant,heart lesions,1,1,0.85,https://economictimes.indiatimes.com/news/international/us/fda-to-ban-brominated-vegetable-oil-in-soda-and-food-heres-how-it-was-impacting-your-health/articleshow/104950776.cms,"poses potential health risks, including heart lesions"
News,Oil,vegetable oil/fat,adulterant,liver related issues,1,1,0.85,https://economictimes.indiatimes.com/news/international/us/fda-to-ban-brominated-vegetable-oil-in-soda-and-food-heres-how-it-was-impacting-your-health/articleshow/104950776.cms,"poses potential health risks, including heart lesions, liver-related issues"
News,Oil,vegetable oil/fat,adulterant,complications in growth and behavioral development,1,1,0.85,https://economictimes.indiatimes.com/news/international/us/fda-to-ban-brominated-vegetable-oil-in-soda-and-food-heres-how-it-was-impacting-your-health/articleshow/104950776.cms,"poses potential health risks, including heart lesions, liver-related issues, and complications in growth and behavioral development"
News,Oil,bromine,adulterant,mucous membrane irritation,1,1,0.85,https://economictimes.indiatimes.com/news/international/us/fda-to-ban-brominated-vegetable-oil-in-soda-and-food-heres-how-it-was-impacting-your-health/articleshow/104950776.cms,Bromine has the potential to irritate the skin and mucous membranes
News,Oil,vegetable oil/fat,adulterant,headaches,1,1,0.8,https://economictimes.indiatimes.com/news/international/us/fda-to-ban-brominated-vegetable-oil-in-soda-and-food-heres-how-it-was-impacting-your-health/articleshow/104950776.cms,Extended exposure may result in neurological symptoms such as headaches
News,Oil,vegetable oil/fat,adulterant,neurological symptoms,1,1,0.85,https://economictimes.indiatimes.com/news/international/us/fda-to-ban-brominated-vegetable-oil-in-soda-and-food-heres-how-it-was-impacting-your-health/articleshow/104950776.cms,Extended exposure may result in neurological symptoms
News,Oil,brominated vegetable oil,other,heart lesions,1,1,0.85,https://economictimes.indiatimes.com/news/international/us/fda-to-ban-brominated-vegetable-oil-in-soda-and-food-heres-how-it-was-impacting-your-health/articleshow/104950776.cms,"poses potential health risks, including heart lesions"
News,Oil,vegetable oil/fat,adulterant,nerve problems,1,1,0.85,https://economictimes.indiatimes.com/news/international/us/fda-to-ban-brominated-vegetable-oil-in-soda-and-food-heres-how-it-was-impacting-your-health/articleshow/104950776.cms,"Accumulation of bromine in the body from BVO can potentially result in issues such as memory loss, as well as skin and nerve problems"
News,Oil,calcium carbide,adulterant,gastro intestinal diseases,1,1,0.8,https://www.thehansindia.com/telangana/adulterated-food-threatens-public-health-in-gadwal-district-inspections-reduced-to-a-formality-966491,Consumption of these chemically ripened fruits has reportedly led to a spike in gastro-intestinal diseases
News,Oil,acetylene gas,adulterant,gastro intestinal diseases,1,1,0.8,https://www.thehansindia.com/telangana/adulterated-food-threatens-public-health-in-gadwal-district-inspections-reduced-to-a-formality-966491,Consumption of these chemically ripened fruits has reportedly led to a spike in gastro-intestinal diseases
News,Oil,calcium carbide,adulterant,gastrointestinal diseases,1,1,0.9,https://www.thehansindia.com/telangana/adulterated-food-threatens-public-health-in-gadwal-district-inspections-reduced-to-a-formality-966491,chemicals used in the ripening process are harmful when ingested
News,Oil,acetylene gas,adulterant,gastrointestinal diseases,1,1,0.9,https://www.thehansindia.com/telangana/adulterated-food-threatens-public-health-in-gadwal-district-inspections-reduced-to-a-formality-966491,chemicals used in the ripening process are harmful when ingested
News,Oil,decayed or spoiled meat,adulterant,threatens public health,1,1,0.8,https://www.thehansindia.com/telangana/adulterated-food-threatens-public-health-in-gadwal-district-inspections-reduced-to-a-formality-966491,threatens public health
News,Oil,food adulteration,other,severe legal consequences for offenders,1,1,0.85,https://www.thehansindia.com/telangana/adulterated-food-threatens-public-health-in-gadwal-district-inspections-reduced-to-a-formality-966491,food adulteration can lead to severe legal consequences for offenders
News,Oil,adulterated coconut oil,adulterant,health risk,1,1,0.75,https://www.newindianexpress.com/states/kerala/2025/Jul/25/coconut-oil-price-skyrockets-crosses-rs-500-per-litre,adulterated coconut oil is flooding the market posing a health risk
News,Oil,argemone mexicana seed oil,adulterant,epidemic dropsy,1,1,0.95,https://www.hindustantimes.com/cities/chandigarh-news/3-dropsy-deaths-patiala-health-officials-launch-probe-101728500333054.html,Epidemic dropsy is a clinical state resulting from the use of edible oils adulterated with Argemone mexicana seed oil.
News,Oil,analogue paneer,adulterant,food poisoning,1,1,0.85,https://www.thehansindia.com/telangana/cops-crack-down-on-paneer-adulteration-1087770,"pose significant public health risks, including food poisoning"
News,Oil,analogue paneer,adulterant,allergic reaction,1,1,0.85,https://www.thehansindia.com/telangana/cops-crack-down-on-paneer-adulteration-1087770,including food poisoning and allergic reactions
News,Oil,adulteration practices,other,food poisoning,1,1,0.85,https://www.thehansindia.com/telangana/cops-crack-down-on-paneer-adulteration-1087770,"practices pose significant public health risks, including food poisoning"
News,Oil,adulteration practices,other,allergic reaction,1,1,0.85,https://www.thehansindia.com/telangana/cops-crack-down-on-paneer-adulteration-1087770,"practices pose significant public health risks, including food poisoning, allergic reactions"
News,Oil,healtheffect_deterioration,other,acuteeffect,1,1,0.75,https://timesofindia.indiatimes.com/city/noida/2-fall-ill-after-consuming-mcdonalds-cheese-and-theobroma-cake/articleshow/109739869.cms,health condition deteriorated after having the cake
News,Oil,cheese analogue,adulterant,food poisoning,1,1,0.9,https://indianexpress.com/article/cities/mumbai/mumbai-550-kg-fake-cheese-sold-as-paneer-seized-10213225/,poses serious health risks including food poisoning
News,Oil,trans fat,adulterant,cardiovascular disease,1,1,0.9,https://www.thehindu.com/news/cities/bangalore/karnataka-food-safety-and-drug-administration-shifts-focus-to-trans-fat-reduction-in-cooking-oil/article69879479.ece,link between trans fat and non-communicable diseases such as heart disease
News,Oil,trans fat,adulterant,cancer/carcinogenicity,1,1,0.9,https://www.thehindu.com/news/cities/bangalore/karnataka-food-safety-and-drug-administration-shifts-focus-to-trans-fat-reduction-in-cooking-oil/article69879479.ece,link between trans fat and non-communicable diseases such as heart disease and cancer
News,Oil,reuse of used cooking oil,other,serious health risks,1,1,0.8,https://www.thehindu.com/news/cities/bangalore/karnataka-food-safety-and-drug-administration-shifts-focus-to-trans-fat-reduction-in-cooking-oil/article69879479.ece,practice that poses serious health risks
News,Oil,acrolein,adulterant,cancer/carcinogenicity,1,1,0.9,https://www.newindianexpress.com/states/tamil-nadu/2024/Aug/03/collection-of-reused-cooking-oil-from-eateries-goes-up-three-fold-in-madurai,"Acrolein, which is a potential carcinogen"
News,Oil,repurposed cooking oil,other,fatty liver,1,1,0.85,https://www.newindianexpress.com/states/tamil-nadu/2024/Aug/03/collection-of-reused-cooking-oil-from-eateries-goes-up-three-fold-in-madurai,causing complications such as ... fatty liver
News,Oil,repurposed cooking oil,adulterant,food poisoning,1,1,0.85,https://www.newindianexpress.com/states/tamil-nadu/2024/Aug/03/collection-of-reused-cooking-oil-from-eateries-goes-up-three-fold-in-madurai,"health hazards, including food poisoning, when chicken is cooked in repurposed oil"
News,Oil,adulterated food,other,vomiting,1,1,0.85,https://timesofindia.indiatimes.com/city/bhubaneswar/schoolchildren-at-a-greater-risk/articleshow/129567824.cms,"abdominal pain, vomiting, nausea occur"
News,Oil,adulterated food,other,itching,1,1,0.85,https://timesofindia.indiatimes.com/city/bhubaneswar/schoolchildren-at-a-greater-risk/articleshow/129567824.cms,"skin rashes, itching and swelling"
News,Oil,toxic substances,adulterant,dizziness,1,1,0.85,https://timesofindia.indiatimes.com/city/bhubaneswar/schoolchildren-at-a-greater-risk/articleshow/129567824.cms,Exposure to certain toxic substances can additionally cause dizziness
News,Oil,toxic substances,adulterant,headaches,1,1,0.85,https://timesofindia.indiatimes.com/city/bhubaneswar/schoolchildren-at-a-greater-risk/articleshow/129567824.cms,"toxic substances can additionally cause dizziness, headaches"
News,Oil,toxic substances,adulterant,blurred vision,1,1,0.85,https://timesofindia.indiatimes.com/city/bhubaneswar/schoolchildren-at-a-greater-risk/articleshow/129567824.cms,"Exposure to certain toxic substances can additionally cause dizziness, headaches and blurred vision."
News,Oil,degraded oil with high tpc,adulterant,long term health risks,1,1,0.8,https://thelogicalindian.com/40-kg-rotten-tomatoes-jaipur-mcdonalds-food-safety-breach-raises-questions-over-fast-food-oversight/,oil can begin producing harmful compounds linked to long-term health risks
News,Oil,e coli,adulterant,death,1,1,0.9,https://thelogicalindian.com/40-kg-rotten-tomatoes-jaipur-mcdonalds-food-safety-breach-raises-questions-over-fast-food-oversight/,sickened over 100 people and resulted in at least one confirmed death
News,Oil,harmful compounds,adulterant,long term health risks,1,1,0.85,https://thelogicalindian.com/40-kg-rotten-tomatoes-jaipur-mcdonalds-food-safety-breach-raises-questions-over-fast-food-oversight/,Repeatedly overheated oil can form compounds that researchers have linked to increased long-term health risks.
News,Oil,palm oil,other,cardiovascular disease,1,1,0.85,https://timesofindia.indiatimes.com/life-style/food-news/1500-kg-paneer-adulterated-with-palm-oil-and-acetic-acid-seized-in-this-city/articleshow/117992869.cms,Excessive consumption of palm oil may increase the risk of heart disease
News,Oil,palm oil,other,weight gain,1,1,0.85,https://timesofindia.indiatimes.com/life-style/food-news/1500-kg-paneer-adulterated-with-palm-oil-and-acetic-acid-seized-in-this-city/articleshow/117992869.cms,It can also contribute to inflammation and weight gain
News,Oil,palm oil,other,stroke,1,1,0.8,https://timesofindia.indiatimes.com/life-style/food-news/1500-kg-paneer-adulterated-with-palm-oil-and-acetic-acid-seized-in-this-city/articleshow/117992869.cms,This may increase the risk of heart disease and stroke if consumed in excess
News,Oil,palm oil,other,bloating,1,1,0.8,https://timesofindia.indiatimes.com/life-style/food-news/1500-kg-paneer-adulterated-with-palm-oil-and-acetic-acid-seized-in-this-city/articleshow/117992869.cms,"it may cause bloating, diarrhea, or stomach discomfort"
News,Oil,palm oil,other,diarrhoea,1,1,0.8,https://timesofindia.indiatimes.com/life-style/food-news/1500-kg-paneer-adulterated-with-palm-oil-and-acetic-acid-seized-in-this-city/articleshow/117992869.cms,"it may cause bloating, diarrhea, or stomach discomfort"
News,Oil,palm oil,other,stomach discomfort,1,1,0.8,https://timesofindia.indiatimes.com/life-style/food-news/1500-kg-paneer-adulterated-with-palm-oil-and-acetic-acid-seized-in-this-city/articleshow/117992869.cms,"it may cause bloating, diarrhea, or stomach discomfort"
News,Oil,palm oil,other,inflammation,1,1,0.85,https://timesofindia.indiatimes.com/life-style/food-news/1500-kg-paneer-adulterated-with-palm-oil-and-acetic-acid-seized-in-this-city/articleshow/117992869.cms,It can also contribute to inflammation and weight gain
News,Oil,chronic inflammation,other,fflo chroniceffect,1,1,0.9,https://timesofindia.indiatimes.com/life-style/food-news/1500-kg-paneer-adulterated-with-palm-oil-and-acetic-acid-seized-in-this-city/articleshow/117992869.cms,"contribute to chronic inflammation, leading to conditions like arthritis"
News,Oil,industrial grade acetic acid,adulterant,tissue damage,1,1,0.9,https://timesofindia.indiatimes.com/life-style/food-news/1500-kg-paneer-adulterated-with-palm-oil-and-acetic-acid-seized-in-this-city/articleshow/117992869.cms,"Severe burns & tissue damage: Industrial acetic acid is highly corrosive and can burn the mouth, throat, and stomach lining and may cause permanent damage to internal organs."
News,Oil,industrial grade acetic acid,adulterant,permanent damage to internal organs,1,1,0.85,https://timesofindia.indiatimes.com/life-style/food-news/1500-kg-paneer-adulterated-with-palm-oil-and-acetic-acid-seized-in-this-city/articleshow/117992869.cms,"Industrial acetic acid is highly corrosive and can burn the mouth, throat, and stomach lining and may cause permanent damage to internal organs"
News,Oil,industrial grade acetic acid,adulterant,breathing difficulties,1,1,0.85,https://timesofindia.indiatimes.com/life-style/food-news/1500-kg-paneer-adulterated-with-palm-oil-and-acetic-acid-seized-in-this-city/articleshow/117992869.cms,Inhaling its strong fumes can cause breathing difficulties
News,Oil,industrial grade acetic acid,adulterant,throat irritation,1,1,0.9,https://timesofindia.indiatimes.com/life-style/food-news/1500-kg-paneer-adulterated-with-palm-oil-and-acetic-acid-seized-in-this-city/articleshow/117992869.cms,"Inhaling its strong fumes can cause breathing difficulties, throat irritation"
News,Oil,industrial grade acetic acid,adulterant,lung damage,1,1,0.9,https://timesofindia.indiatimes.com/life-style/food-news/1500-kg-paneer-adulterated-with-palm-oil-and-acetic-acid-seized-in-this-city/articleshow/117992869.cms,"Inhaling its strong fumes can cause breathing difficulties, throat irritation, and lung damage"
News,Oil,industrial grade acetic acid,adulterant,asthma attacks,1,1,0.85,https://timesofindia.indiatimes.com/life-style/food-news/1500-kg-paneer-adulterated-with-palm-oil-and-acetic-acid-seized-in-this-city/articleshow/117992869.cms,It can also trigger asthma attacks
News,Oil,industrial grade acetic acid,adulterant,nausea,1,1,0.85,https://timesofindia.indiatimes.com/life-style/food-news/1500-kg-paneer-adulterated-with-palm-oil-and-acetic-acid-seized-in-this-city/articleshow/117992869.cms,Consumption of industrial grade acetic acid can lead to nausea
News,Oil,industrial grade acetic acid,adulterant,vomiting,1,1,0.9,https://timesofindia.indiatimes.com/life-style/food-news/1500-kg-paneer-adulterated-with-palm-oil-and-acetic-acid-seized-in-this-city/articleshow/117992869.cms,"Consumption of industrial grade acetic acid can lead to nausea, vomiting"
News,Oil,industrial grade acetic acid,adulterant,diarrhoea,1,1,0.9,https://timesofindia.indiatimes.com/life-style/food-news/1500-kg-paneer-adulterated-with-palm-oil-and-acetic-acid-seized-in-this-city/articleshow/117992869.cms,"Consumption of industrial grade acetic acid can lead to nausea, vomiting, diarrhea"
News,Oil,industrial grade acetic acid,adulterant,internal bleeding,1,1,0.9,https://timesofindia.indiatimes.com/life-style/food-news/1500-kg-paneer-adulterated-with-palm-oil-and-acetic-acid-seized-in-this-city/articleshow/117992869.cms,"Consumption of industrial grade acetic acid can lead to nausea, vomiting, diarrhea, and internal bleeding"
News,Oil,industrial grade acetic acid,adulterant,ulcers,1,1,0.85,https://timesofindia.indiatimes.com/life-style/food-news/1500-kg-paneer-adulterated-with-palm-oil-and-acetic-acid-seized-in-this-city/articleshow/117992869.cms,it may cause ulcers
News,Oil,industrial grade acetic acid,adulterant,severe acid reflux,1,1,0.85,https://timesofindia.indiatimes.com/life-style/food-news/1500-kg-paneer-adulterated-with-palm-oil-and-acetic-acid-seized-in-this-city/articleshow/117992869.cms,it may cause ulcers and severe acid reflux
News,Oil,reused cooking oil,adulterant,liver damage,1,1,0.9,https://www.livemint.com/news/india/34-people-fall-ill-in-suspected-food-poisoning-case-after-eating-pizza-in-maharashtra-s-bhiwandi-11781889067823.html,long-term risks associated with reused cooking oil ... liver damage
News,Oil,artificial food additives,adulterant,allergic reaction,1,1,0.8,https://www.livemint.com/news/india/34-people-fall-ill-in-suspected-food-poisoning-case-after-eating-pizza-in-maharashtra-s-bhiwandi-11781889067823.html,"artificial food additives, which may trigger allergic reactions"
News,Oil,adulterated food,other,gastrointestinal infections,1,1,0.9,https://www.livemint.com/news/india/34-people-fall-ill-in-suspected-food-poisoning-case-after-eating-pizza-in-maharashtra-s-bhiwandi-11781889067823.html,consumption of adulterated ... food can result in ... gastrointestinal infections
News,Oil,argemone mexicana seeds,adulterant,dropsy,1,1,0.95,https://www.hindustantimes.com/cities/chandigarh-news/adulterated-mustard-oil-behind-3-dropsy-deaths-in-nabha-report-101728847891766.html,mustard oil adulterated with the poisonous argemone mexicana seeds led to the deaths
News,Oil,argemone mexicana seed oil,adulterant,dropsy,1,1,0.95,https://www.hindustantimes.com/cities/chandigarh-news/adulterated-mustard-oil-behind-3-dropsy-deaths-in-nabha-report-101728847891766.html,Dropsy is a clinical state resulting from the use of edible oils adulterated with Argemone mexicana seed oil.
News,Oil,erucic acid,adulterant,heart health risks,1,1,0.8,https://indianexpress.com/article/lifestyle/food-wine/indians-mustard-oil-spices-banned-us-west-why-9378439/,compound linked to potential heart health risks
News,Oil,ethylene oxide,adulterant,lymphoma,1,1,0.95,https://indianexpress.com/article/lifestyle/food-wine/indians-mustard-oil-spices-banned-us-west-why-9378439/,"Exposure to ethylene oxide has been associated with an increased risk of various cancers, including lymphoma"
News,Oil,reuse of cooking oil,other,liver disorders,1,1,0.85,https://economictimes.indiatimes.com/news/india/nhrc-notice-to-health-ministry-fssai-on-widespread-reuse-of-cooking-oil/articleshow/124790502.cms,"poses severe public health risks, including ... liver disorders"
News,Oil,reused cooking oil,other,memory impairment,1,1,0.85,https://www.newindianexpress.com/states/kerala/2024/Sep/25/fssai-initiative-shows-uptick-in-used-cooking-oil-collection-in-kerala,animals fed diets containing oxidised cooking oil exhibited memory impairment
News,Oil,reused cooking oil,other,brain inflammation,1,1,0.85,https://www.newindianexpress.com/states/kerala/2024/Sep/25/fssai-initiative-shows-uptick-in-used-cooking-oil-collection-in-kerala,animals fed diets containing oxidised cooking oil exhibited ... increased brain inflammation
News,Oil,trans fats,adulterant,disruption of blood brain barrier,1,1,0.85,https://www.newindianexpress.com/states/kerala/2024/Sep/25/fssai-initiative-shows-uptick-in-used-cooking-oil-collection-in-kerala,trans fats from reused oil could disrupt the blood-brain barrier
News,Oil,bacterial contamination,adulterant,medical issues,1,1,0.8,https://timesofindia.indiatimes.com/city/nashik/fda-cracks-down-on-packaged-water/articleshow/100291063.cms,face medical issues as there could be bacterial contamination in the water
News,Oil,pesticide residue,adulterant,hepatitis,1,1,0.85,https://assamtribune.com/assam/whats-on-your-plate-assam-battles-surge-in-unsafe-foods-as-experts-sound-alarm-1575052,"continued intake of such products may lead to a range of health issues, including typhoid, hepatitis"
News,Oil,bacterial contamination,adulterant,typhoid,1,1,0.85,https://assamtribune.com/assam/whats-on-your-plate-assam-battles-surge-in-unsafe-foods-as-experts-sound-alarm-1575052,"infectious diseases because of bacterial or fungal contamination, and due to that, a person can suffer from typhoid"
News,Oil,bacterial contamination,adulterant,hepatitis,1,1,0.85,https://assamtribune.com/assam/whats-on-your-plate-assam-battles-surge-in-unsafe-foods-as-experts-sound-alarm-1575052,"infectious diseases because of bacterial or fungal contamination, and due to that, a person can suffer from typhoid, hepatitis"
News,Oil,bacterial contamination,adulterant,leptospirosis,1,1,0.85,https://assamtribune.com/assam/whats-on-your-plate-assam-battles-surge-in-unsafe-foods-as-experts-sound-alarm-1575052,"infectious diseases because of bacterial or fungal contamination, and due to that, a person can suffer from typhoid, hepatitis, or leptospirosis"
News,Oil,antibiotic residue,adulterant,toxicities,1,1,0.75,https://assamtribune.com/assam/whats-on-your-plate-assam-battles-surge-in-unsafe-foods-as-experts-sound-alarm-1575052,cumulative effect of toxins that accumulate in the body because of certain things like antibiotics
News,Oil,organophosphorus compounds,adulterant,cancer/carcinogenicity,1,1,0.85,https://assamtribune.com/assam/whats-on-your-plate-assam-battles-surge-in-unsafe-foods-as-experts-sound-alarm-1575052,"pesticides such as organophosphorus compounds ... can accumulate in the body and cause various kinds of toxicities, including cancer"
News,Oil,organochlorine compounds,adulterant,cancer/carcinogenicity,1,1,0.9,https://assamtribune.com/assam/whats-on-your-plate-assam-battles-surge-in-unsafe-foods-as-experts-sound-alarm-1575052,"All these heavy metals and toxins that are used in the process of preservation over time can accumulate in the body and cause various kinds of toxicities, including cancer"
News,Oil,preservatives,adulterant,ca colon,1,1,0.85,https://assamtribune.com/assam/whats-on-your-plate-assam-battles-surge-in-unsafe-foods-as-experts-sound-alarm-1575052,"many foods have unethical levels of preservatives, and of the different cancers, 'CA Colon' is one of the things which is on the upward trend"
News,Oil,cancer,other,fflo chroniceffect,1,1,0.9,https://assamtribune.com/assam/whats-on-your-plate-assam-battles-surge-in-unsafe-foods-as-experts-sound-alarm-1575052,terminal illnesses like cancer
News,Oil,reused cooking oil,adulterant,hazardous for health,1,1,0.8,https://timesofindia.indiatimes.com/city/nagpur/fda-urges-big-hotels-to-hand-over-excess-edible-oil-for-bio-diesel/articleshow/88797263.cms,ensure that they were not reused to the extent of becoming hazardous for health
News,Oil,tri ortho cresyl phosphate,adulterant,reproductive toxicity,1,1,0.95,https://timesofindia.indiatimes.com/etimes/wellness/this-toxic-adulterant-in-edible-oils-can-damage-your-nervous-system-heres-how-to-check-if-your-cooking-oil-is-safe/photostory/131653846.cms,"TOCP is highly toxic and can induce neurotoxicity, reproductive toxicity, and immunotoxicity."
News,Oil,tri ortho cresyl phosphate,adulterant,immunotoxicity,1,1,0.95,https://timesofindia.indiatimes.com/etimes/wellness/this-toxic-adulterant-in-edible-oils-can-damage-your-nervous-system-heres-how-to-check-if-your-cooking-oil-is-safe/photostory/131653846.cms,"TOCP is highly toxic and can induce neurotoxicity, reproductive toxicity, and immunotoxicity"
News,Oil,tri ortho cresyl phosphate,adulterant,permanent paralysis,1,1,0.85,https://timesofindia.indiatimes.com/etimes/wellness/this-toxic-adulterant-in-edible-oils-can-damage-your-nervous-system-heres-how-to-check-if-your-cooking-oil-is-safe/photostory/131653846.cms,partial permanent paralysis at higher doses
News,Oil,tocp,adulterant,neurological effects,1,1,0.9,https://timesofindia.indiatimes.com/etimes/wellness/this-toxic-adulterant-in-edible-oils-can-damage-your-nervous-system-heres-how-to-check-if-your-cooking-oil-is-safe/photostory/131653846.cms,TOCP-induced delayed neurotoxicity
News,Oil,tocp,adulterant,cramping muscle pain,1,1,0.9,https://timesofindia.indiatimes.com/etimes/wellness/this-toxic-adulterant-in-edible-oils-can-damage-your-nervous-system-heres-how-to-check-if-your-cooking-oil-is-safe/photostory/131653846.cms,Patients presented with cramping muscle pain
News,Oil,tocp,adulterant,spasticity,1,1,0.9,https://timesofindia.indiatimes.com/etimes/wellness/this-toxic-adulterant-in-edible-oils-can-damage-your-nervous-system-heres-how-to-check-if-your-cooking-oil-is-safe/photostory/131653846.cms,"in severe cases, spasticity and loss of function"
News,Oil,1998 delhi mustard oil poisoning,other,illness,1,1,0.9,https://timesofindia.indiatimes.com/etimes/wellness/this-toxic-adulterant-in-edible-oils-can-damage-your-nervous-system-heres-how-to-check-if-your-cooking-oil-is-safe/photostory/131653846.cms,"1998 Delhi mustard oil poisoning that killed 60 people and made over 3,000 ill"
News,Oil,metanil yellow,adulterant,reduced ability to learn and grasp things,1,1,0.85,https://timesofindia.indiatimes.com/life-style/food-news/is-your-cooking-oil-adulterated-with-dangerous-metanil-yellow-colour/photostory/86060302.cms,reduces the brain's ability to learn and grasp things
News,Oil,metanil yellow,adulterant,altered levels of serotonin dopamine and noradrenaline,1,1,0.85,https://timesofindia.indiatimes.com/life-style/food-news/is-your-cooking-oil-adulterated-with-dangerous-metanil-yellow-colour/photostory/86060302.cms,"link between long-term consumption of metanil yellow and the levels of serotonin, dopamine and noradrenaline"
News,Oil,metanil yellow,adulterant,reduced brain ability to learn,1,1,0.85,https://timesofindia.indiatimes.com/life-style/food-news/is-your-cooking-oil-adulterated-with-dangerous-metanil-yellow-colour/photostory/86060302.cms,"there is a link between long-term consumption of metanil yellow and the levels of serotonin, dopamine and noradrenaline in parts of the brain. It reduces the brain's ability to learn and grasp things."
News,Oil,total polar compounds,adulterant,alarming health issues,1,1,0.85,https://timesofindia.indiatimes.com/life-style/food-news/dark-discoloration-high-tpc-levels-found-in-cooking-oil-of-famous-fast-food-chain-what-fssai-says-about-the-health-risks/articleshow/130833701.cms,"reusing oil, which increases the risk of alarming health issues"
News,Oil,total polar compounds,adulterant,alzheimer s disease,1,1,0.85,https://timesofindia.indiatimes.com/life-style/food-news/dark-discoloration-high-tpc-levels-found-in-cooking-oil-of-famous-fast-food-chain-what-fssai-says-about-the-health-risks/articleshow/130833701.cms,Reports have related these compounds to several diseases such as ... Alzheimer's disease
News,Oil,reused cooking oil,adulterant,heart diseases,1,1,0.85,https://www.newkerala.com/news/o/nhrc-seeks-report-fssai-widespread-reuse-cooking-oil-india-847,"poses severe public health risks, including cancer, heart diseases and liver disorders"
News,Oil,reused cooking oil,adulterant,liver disorders,1,1,0.9,https://www.newkerala.com/news/o/nhrc-seeks-report-fssai-widespread-reuse-cooking-oil-india-847,"poses severe public health risks, including cancer, heart diseases and liver disorders"
News,Oil,dehydrosanguinarine,adulterant,widespread capillary dilatation,1,1,0.9,https://www.hindustantimes.com/cities/chandigarh-news/argemone-poisoning-claims-life-in-jawalamukhi-alert-sounded-in-hp-s-kangra-101668798072979.html,sanguinarine and dehydrosanguinarine – found in the oil cause widespread capillary dilatation
News,Oil,epidemic dropsy,other,acuteeffect,1,1,0.75,https://www.hindustantimes.com/cities/chandigarh-news/argemone-poisoning-claims-life-in-jawalamukhi-alert-sounded-in-hp-s-kangra-101668798072979.html,"suffered diarrhoea, vomiting and swelling"
News,Oil,epidemic dropsy,other,gastroenteric symptoms,1,1,0.85,https://www.hindustantimes.com/cities/chandigarh-news/argemone-poisoning-claims-life-in-jawalamukhi-alert-sounded-in-hp-s-kangra-101668798072979.html,The illness begins with gastroenteric symptoms
News,Oil,harmful chemicals,adulterant,food poisoning,1,1,0.85,https://zeenews.india.com/health/10-common-foods-that-might-be-deceiving-you-2828611,"Drinking adulterated milk can lead to food poisoning and other digestive issues, especially with harmful chemicals involved."
News,Oil,harmful chemicals,adulterant,gastrointestinal illness,1,1,0.85,https://zeenews.india.com/health/10-common-foods-that-might-be-deceiving-you-2828611,harmful chemicals involved
News,Oil,lead,adulterant,serious health risks,1,1,0.8,https://zeenews.india.com/health/10-common-foods-that-might-be-deceiving-you-2828611,Adding hazardous substances such as lead can pose serious health risks
News,Oil,pesticide residue,adulterant,long lasting adverse effects on health,1,1,0.8,https://zeenews.india.com/health/10-common-foods-that-might-be-deceiving-you-2828611,Consuming pesticides and chemicals can have long-lasting adverse effects on health
News,Oil,palm oil family,adulterant,increased cholesterol level,1,1,0.9,https://timesofindia.indiatimes.com/city/indore/300kg-of-adulterated-mawa-seized-in-ujjain-ahead-of-diwali/articleshow/114594281.cms,Addition of palm oil significantly increases cholesterol level in the human body
News,Oil,increased cholesterol level,other,fflo chroniceffect,1,1,0.75,https://timesofindia.indiatimes.com/city/indore/300kg-of-adulterated-mawa-seized-in-ujjain-ahead-of-diwali/articleshow/114594281.cms,"increases cholesterol level in the human body, which is harmful to health"
News,Oil,adulterated cooking oil,adulterant,health problems,1,1,0.85,https://timesofindia.indiatimes.com/city/hubballi/seer-vouches-for-organic-products/articleshow/101379254.cms,adulterated and low quality cooking oils has caused health problems
News,Oil,adulterated mustard oil,adulterant,dropsy,1,1,0.85,https://timesofindia.indiatimes.com/city/rajkot/three-of-family-die-of-dropsy-over-10-days/articleshow/85079434.cms,deaths were due to dropsy which was likely caused by consumption of adulterated mustard oil
News,Oil,caustic soda,adulterant,harmful to human beings,1,1,0.8,https://www.freepressjournal.in/indore/ujjain-400-kg-substandard-namkeen-seized,Suryavanshi said caustic soda is very harmful for human beings
News,Oil,total polar compounds,adulterant,cardiovascular disease,1,1,0.85,https://www.freepressjournal.in/viral/mcdonalds-outlet-in-jaipur-under-scanner-after-food-safety-violations-found-during-surprise-check-40-liters-of-oil-40-kgs-rotten-tomatoes-destroyed,significantly raises the risk of heart disease
News,Oil,hypervitaminosis d,other,acute kidney distress,1,1,0.9,https://timesofindia.indiatimes.com/city/chandigarh/the-vitamin-d-trap-how-fortified-oil-poisoned-punjab-homes/articleshow/126219580.cms,and acute kidney distress
News,Oil,vitamin d,adulterant,acute kidney distress,1,1,0.9,https://timesofindia.indiatimes.com/city/chandigarh/the-vitamin-d-trap-how-fortified-oil-poisoned-punjab-homes/articleshow/126219580.cms,acute kidney distress
News,Oil,vitamin d,adulterant,vomiting,1,1,0.9,https://timesofindia.indiatimes.com/city/chandigarh/the-vitamin-d-trap-how-fortified-oil-poisoned-punjab-homes/articleshow/126219580.cms,persistent vomiting
News,Oil,vitamin d,adulterant,extreme weakness,1,1,0.9,https://timesofindia.indiatimes.com/city/chandigarh/the-vitamin-d-trap-how-fortified-oil-poisoned-punjab-homes/articleshow/126219580.cms,extreme weakness
News,Oil,total polar compounds,adulterant,potential health risks,1,1,0.85,https://www.thehindu.com/news/cities/Hyderabad/food-safety-inspection-flags-unsafe-cooking-oil-at-kfc-outlet-in-kondapur/article70940073.ece,indicating deterioration and potential health risks
