corpus,food_pool,subject,predicate,object,triplet_rows,distinct_sources,mean_confidence,example_url,example_evidence
FSSAI baseline,FSSAI baseline,"Food Safety and Standards (First Amendment) Rules, 2024",issuedby,Ministry of Health and Family Welfare,2,1,0.95,markdown/gaz_amend.md,Ministry of Health and Family Welfare
FSSAI baseline,FSSAI baseline,"Food Safety and Standards (Amendment) Rules, 2017",issuedby,Central Government,1,1,0.95,markdown/amend_2_2017.md,the Central Government hereby makes the following rules
FSSAI baseline,FSSAI baseline,Collector,targets,Additional Collector,1,1,0.95,markdown/amend_3_2017.md,delegate... to an Additional Collector
FSSAI baseline,FSSAI baseline,Collector,targets,Sub-Divisional Officer,1,1,0.95,markdown/amend_3_2017.md,delegate... to his Sub-Divisional Officer
FSSAI baseline,FSSAI baseline,District Magistrate,targets,Additional District Magistrate,1,1,0.95,markdown/amend_3_2017.md,delegate... to an Additional District Magistrate
FSSAI baseline,FSSAI baseline,District Magistrate,targets,Sub-Divisional Officer,1,1,0.95,markdown/amend_3_2017.md,delegate... to his Sub-Divisional Officer
FSSAI baseline,FSSAI baseline,Cooking of crustaceans,targets,Listeria monocytogenes,1,1,0.95,markdown/appendix_b_1.md,Cooking of crustaceans must be designed to eliminate six log reduction of most heat resistant vegetative bacteria i.e. Listeria monocytogenes
FSSAI baseline,FSSAI baseline,ev_dead_animal_prohibition_0001,targets,flesh of any animal or fowl which has died on account of,1,1,0.95,markdown/comp_prohibition_and_restrcition_of_sales_xi_01042025.md,flesh of any animal or fowl which has died on account of
FSSAI baseline,FSSAI baseline,"Food Safety and Standards Rules, 2011",issuedby,Ministry of Health and Family Welfare,1,1,0.95,markdown/fss_gazete_rules_2011.md,notification of Government of India in the Ministry of Health and Family Welfare
FSSAI baseline,FSSAI baseline,Food Safety Officer,issuedby,Detention,1,1,0.95,markdown/fss_gazete_rules_2011.md,direct you to keep in your safe custody the said sealed stock
FSSAI baseline,FSSAI baseline,Food Safety Officer,issuedby,WorkRestriction,1,1,0.95,markdown/fss_rules_2011.md,direct such person not to take part in selling or manufacturing any article of food
FSSAI baseline,FSSAI baseline,Food Safety Officer,issuedby,OrderIssuance,1,1,0.95,markdown/fss_rules_2011.md,make an order to the Food Business Operator in Form III
FSSAI baseline,FSSAI baseline,SuoMotuSummons,targets,public documents,1,1,0.85,markdown/fss_rules_2011.md,issue summons for production of public documents
FSSAI baseline,FSSAI baseline,Food Safety Officer,issuedby,Inspection,1,1,0.95,markdown/fss_rules_2011.md,Food Safety Officer... inspected/searched the premises
FSSAI baseline,FSSAI baseline,Food Safety Officer,issuedby,DocumentReturn,1,1,0.95,markdown/fss_rules_2011.md,Food Safety Officer has agreed to return the books of account
FSSAI baseline,FSSAI baseline,Food Safety Officer,issuedby,SafeCustodyOrder,1,1,0.95,markdown/fss_rules_2011.md,I hereby direct you to keep in your safe custody the said sealed stock
FSSAI baseline,FSSAI baseline,"Food Safety and Standards (First Amendment) Regulations, 2022",issuedby,Central Government,1,1,0.95,markdown/rule_gaz.md,केंद्रीय सरकार... नियम बनाती है
FSSAI baseline,FSSAI baseline,Certificate of Analysis,issuedby,Referral Food Laboratory,1,1,0.95,markdown/fss_rules_2011.md,CERTIFICATE OF ANALYSIS BY THE REFERRAL FOOD LABORATORY
FSSAI baseline,FSSAI baseline,"Food Safety and Standards (First Amendment) Rules, 2020",issuedby,Ministry of Health and Family Welfare,1,1,0.95,markdown/rule_gaz.md,Ministry of Health and Family Welfare vide number G.S.R. 535(E)
FSSAI baseline,FSSAI baseline,"Food Safety and Standards (First Amendment) Rules, 2022",issuedby,section 91 of the said Act,1,1,0.9,markdown/rule_gaz.md,in exercise of the powers conferred by section 91 of the said Act
FSSAI baseline,FSSAI baseline,G.S.R. 1516(E),issuedby,Government of India,1,1,0.85,markdown/rule_gaz.md,"G.S.R. 1516(E), dated the 13th December, 2017"
FSSAI baseline,FSSAI baseline,MandatoryFortification,targets,staple food,1,1,0.95,markdown/compendium_food_fortification_regulations_05_06_2022.md,specify mandatory fortification of any staple food
FSSAI baseline,FSSAI baseline,Pasteurization,targets,Mycobacterium tuberculosis,1,1,0.95,markdown/chapter_2_1_dairy_products_and_analogues.md,effectively destroy the organisms Mycobacterium tuberculosis
FSSAI baseline,FSSAI baseline,Pasteurization,targets,Coxiella burnetii,1,1,0.95,markdown/chapter_2_1_dairy_products_and_analogues.md,effectively destroy the organisms ... and Coxiella burnetii
FSSAI baseline,FSSAI baseline,Amendment for substitution of highlighted provision 81,issuedby,FSSAI,1,1,0.9,markdown/chapter_2_1_dairy_products_and_analogues.md,direction no. SS/SP-14/Misc/2023-FSSAI
News,Ghee,SIT investigation,targets,ghee,3,3,0.85,https://timesofindia.indiatimes.com/city/vijayawada/tirumala-prasadam-row-sit-intensifies-probe-into-tirupati-balaji-laddu-ghee-adulteration-case/articleshow/113785186.cms,investigation into the use of adulterated ghee
News,Ghee,ghee adulteration finding,triggeredaction,FIR registration,3,3,0.8833,https://assamtribune.com/national/6500-litres-of-fake-ghee-recovered-in-delhi-haryana-1612879,an FIR was registered against the miscreants
News,Ghee,show cause notice,issuedby,FSSAI,3,3,0.95,https://www.newindianexpress.com/nation/2024/Sep/23/tirupati-laddu-row-fssai-issues-show-cause-notice-to-ghee-supplier-2,The show cause notice was issued by the Food Safety and Standards Authority of India (FSSAI)
News,Oil,palm oil import ban,targets,palm oil,3,2,0.9333,https://www.newindianexpress.com/world/2021/apr/06/sri-lanka-bans-palm-oil-imports-with-immediate-effect-asks-plantations-to-uproot-trees-2286572.html,Sri Lankan President Gotabaya Rajapaksa has banned the import of palm oil
News,Ghee,suspension of FSSAI licence,targets,ghee,2,2,0.825,https://www.freepressjournal.in/india/tirupati-laddoo-ghee-row-madras-hc-quashes-suspension-of-fssai-licence-of-tamil-nadu-dairy-firm,suspension should apply only to the ghee manufactured at the plant
News,Ghee,show cause notice to A R Dairy Food Private Ltd,targets,ghee,2,2,0.9,https://www.thehindubusinessline.com/news/tirupati-laddu-row-food-safety-regulator-issues-notice-to-ghee-supplier-purification-ritual-at-temple-more-pils-filed/article68676372.ece,suppliers of ghee to TTD
News,Ghee,Directive to remove A1/A2 claims,issuedby,FSSAI,2,2,0.925,https://www.financialexpress.com/business/healthcare-fssai-issues-directive-to-e-commerce-food-business-operators-on-misleading-claims-for-a1-and-a2-milk-products-3590908/,FSSAI has directed all FBOs to remove any such claims
News,Ghee,ghee adulteration finding,triggeredaction,seizure of materials,2,2,0.9,https://assamtribune.com/national/6500-litres-of-fake-ghee-recovered-in-delhi-haryana-1612879,"More than 4,000 litres of suspected adulterated ghee packaged for market distribution were seized"
News,Ghee,show cause notice,targets,ghee,2,2,0.9,https://www.newindianexpress.com/nation/2024/Sep/23/tirupati-laddu-row-fssai-issues-show-cause-notice-to-ghee-supplier-2,"issued a show cause notice to a Tamil Nadu-based company, which supplied ghee"
News,Ghee,seizure of ghee,targets,ghee,2,2,0.875,https://timesofindia.indiatimes.com/city/jaipur/1100-litres-of-cheap-ghee-seized-in-city/articleshow/104512484.cms,"seized 1,130 litres of Amrit brand and Dairy Shubham brand ghee"
News,Ghee,show-cause notice,issuedby,FSSAI,2,2,0.95,https://timesofindia.indiatimes.com/city/vijayawada/tirupati-laddu-row-fssai-serves-notice-to-firm-supplying-ghee-to-tirumala-shrine/articleshow/113618712.cms,"FSSAI, has issued a show-cause notice"
News,Ghee,one-man commission,targets,ghee,2,2,0.825,https://www.deccanchronicle.com/southern-states/andhra-pradesh/one-man-panel-begins-probe-into-ttd-laddu-ghee-irregularities-1941294,examine administrative lapses and irregularities in the procurement and use of adulterated ghee
News,Ghee,"88,192 penalties",issuedby,FSSAI,2,2,0.925,https://www.thehansindia.com/business/fssai-analyses-over-518-lakh-food-samples-in-3-years-88192-penalties-imposed-1057366,"led to 88,192 penalties"
News,Ghee,"1,161 licence cancellations",issuedby,FSSAI,2,2,0.925,https://www.thehansindia.com/business/fssai-analyses-over-518-lakh-food-samples-in-3-years-88192-penalties-imposed-1057366,"led to 1,161 licence cancellations"
News,Milk,FSSAI,targets,MDH,2,2,0.9,https://www.tribuneindia.com/news/business/fssai-to-inspect-all-manufacturers-in-its-crackdown-on-spurious-spices-617328,"samples of spices in powder form of all brands, including MDH"
News,Milk,special Diwali campaign,issuedby,Food Safety and Drug Administration,2,2,0.9,https://www.freepressjournal.in/india/uttar-pradesh-news-yogi-govt-launches-statewide-crackdown-on-adulterated-food-ahead-of-diwali-2025,Food Safety and Drug Administration is conducting a special Diwali campaign
News,Milk,notices,issuedby,PPCB,2,2,0.9,https://www.hindustantimes.com/cities/chandigarh-news/challenges-of-industrialisation-ludhiana-s-effluent-disposal-woes-highlighted-by-gas-leak-tragedy-and-pollution-crisis-101685179824784.html,"PPCB, which has been issuing notices and levying penalties"
News,Milk,Disconnection of illegal sewer connections of 37 units,issuedby,MC,2,2,0.925,https://www.hindustantimes.com/cities/chandigarh-news/challenges-of-industrialisation-ludhiana-s-effluent-disposal-woes-highlighted-by-gas-leak-tragedy-and-pollution-crisis-101685179824784.html,MC had disconnected illegal sewer connections of 37 such units
News,Milk,mandatory testing of products shipped abroad,issuedby,Spices Board of India,2,2,0.9,https://www.thehindu.com/news/national/why-mdh-everest-spices-are-under-international-scrutiny-explained/article68130961.ece,Spices Board of India in response has initiated mandatory testing of products shipped abroad
News,Milk,suspension of sale of MDH spice blends,issuedby,Centre for Food Safety,2,2,0.95,https://www.thehindu.com/news/national/why-mdh-everest-spices-are-under-international-scrutiny-explained/article68130961.ece,Hong Kong's Centre for Food Safety suspended the sale of three MDH spice blends
News,Milk,suspension of sale of spices produced by Everest and MDH,issuedby,Maldives's FDA,2,2,0.95,https://www.thehindu.com/news/national/why-mdh-everest-spices-are-under-international-scrutiny-explained/article68130961.ece,Maldives's FDA in a statement on X said it has suspended the sale of spices produced by Everest and MDH
News,Milk,mandatory testing of consignments shipped to Singapore and Hong Kong,issuedby,Spices Board,2,2,0.9,https://www.thehindu.com/news/national/why-mdh-everest-spices-are-under-international-scrutiny-explained/article68130961.ece,announced a slew of corrective measures – including initiating mandatory testing
News,Milk,Thorough inspections at exporter facilities,issuedby,Spices Board,2,2,0.9,https://www.thehindu.com/news/national/why-mdh-everest-spices-are-under-international-scrutiny-explained/article68130961.ece,Thorough inspections at exporter facilities are also underway
News,Milk,advisory in September 2021,issuedby,Spices Board,2,2,0.95,https://www.thehindu.com/news/national/why-mdh-everest-spices-are-under-international-scrutiny-explained/article68130961.ece,The Spices Board issued a similar advisory in September 2021
News,Milk,samples found sub-standard,triggeredaction,maximum penalty of up to ₹5 lakh,2,2,0.85,https://www.thehindu.com/news/national/why-mdh-everest-spices-are-under-international-scrutiny-explained/article68130961.ece,"For samples found sub-standard, the maximum penalty is of up to ₹5 lakh."
News,Milk,suspension of sale of MDH and Everest spice blends,issuedby,Centre for Food Safety,2,2,0.95,https://www.thehindu.com/news/national/why-mdh-everest-spices-are-under-international-scrutiny-explained/article68130961.ece,Hong Kong's Centre for Food Safety suspended the sale of three MDH spice blends
News,Oil,Diwali Special Campaign,targets,contaminated food items,2,2,0.9,https://timesofindia.indiatimes.com/city/lucknow/cms-war-on-adulteration-goods-worth-8cr-seized-destroyed/articleshow/124694141.cms,action against adulterated and contaminated food items
News,Oil,Ban on blending of mustard oil,issuedby,FSSAI,2,2,0.95,https://indianexpress.com/article/cities/chandigarh/ban-on-blending-of-mustard-oil-will-benefit-farmers-lead-to-more-production-of-healthier-alternative-7378786/,FSSAI has banned blending of mustard oil with any other oil
News,Oil,Ban on blending of mustard oil,targets,mustard oil,2,2,0.95,https://indianexpress.com/article/cities/chandigarh/ban-on-blending-of-mustard-oil-will-benefit-farmers-lead-to-more-production-of-healthier-alternative-7378786/,banned blending of mustard oil with any other oil
News,Oil,Sebi ban on new derivative contracts,targets,moong,2,2,0.95,https://www.theweek.in/news/biz-tech/2021/12/20/sebi-bans-launch-of-new-derivative-contracts-of-crude-palm-oil.html,"banned the launch of new derivative contracts of crude palm oil, moong"
News,Oil,Sebi ban on new derivative contracts,targets,wheat,2,2,0.95,https://www.theweek.in/news/biz-tech/2021/12/20/sebi-bans-launch-of-new-derivative-contracts-of-crude-palm-oil.html,"banned the launch of new derivative contracts of crude palm oil, moong, wheat"
News,Oil,advisory,issuedby,health department,2,2,0.875,https://timesofindia.indiatimes.com/city/chandigarh/health-crisis-in-nabha-urgent-advisory-after-fatal-dropsy-cases/articleshow/114230683.cms,the health department has issued an advisory to officials
News,Oil,Notice to FSSAI over reuse of cooking oil,issuedby,NHRC,2,2,0.95,https://www.en.etemaaddaily.com/health/nhrc-issues-notice-to-fssai-over-rampant-reuse-of-cooking-oil-by-eateries:183618,NHRC issues notice to FSSAI over rampant reuse of cooking oil
News,Oil,Notice to FSSAI over reuse of cooking oil,targets,cooking oil,2,2,0.875,https://www.indiatoday.in/health/story/nhrc-issues-notice-to-fssai-over-rampant-reuse-of-cooking-oil-by-eateries-2807276-2025-10-23?utm_source=rss,notice to the Food Safety and Standards Authority of India (FSSAI) over widespread violations of norms governing the reuse of cooking oil
News,Oil,inspection drive order,issuedby,FSSAI,2,2,0.95,https://economictimes.indiatimes.com/news/india/fssai-asks-states-to-enforce-decision-to-ban-blending-of-mustard-oil-with-other-cooking-oil/articleshow/83373116.cms,food regulator has issued an order on June 8
News,Oil,inspection drive order,targets,mustard oil,2,2,0.875,https://www.thehindubusinessline.com/economy/agri-business/fssai-asks-states-to-conduct-inspections-for-enforcement-of-ban-on-blending-of-mustard-oil/article34769123.ece,ensure implementation of prohibition of blending of mustard oil
News,Oil,palm oil export ban,targets,palm oil,2,2,0.95,http://www.theweek.in/news/biz-tech/2022/04/28/as-indonesia-enforces-palm-oil-export-ban-should-india-worry0.html,ban on exports of palm oil
News,Oil,Operation Oil,targets,coconut oil,2,2,0.925,https://www.thehindu.com/news/national/kerala/operation-oil-manufacturer-to-be-allowed-to-launch-only-one-brand-of-oil/article66144992.ece,special drive called 'Operation Oil' as part of curbing the sale of adulterated coconut oil
News,Oil,raid on Singhania oil mill,issuedby,Rajasthan Chief Minister Ashok Gehlot,2,2,0.875,https://www.indiatoday.in/india/rajasthan/story/patanjali-mustard-oil-substandard-quality-rajasthan-govt-1812995-2021-06-10?utm_source=rss,raided Singhania oil mill on the orders of Rajasthan Chief Minister Ashok Gehlot
News,Oil,investigation into alleged corruption,issuedby,Indonesia government,2,2,0.85,https://economictimes.indiatimes.com/news/international/business/indonesia-to-ban-palm-oil-exports-to-curb-domestic-prices/articleshow/91013410.cms,A government investigation is underway into alleged corruption in the issue of sought-after export permits
News,Oil,RUCO initiative,targets,used cooking oil,2,2,0.9,https://www.indiatoday.in/health/story/nhrc-issues-notice-to-fssai-over-rampant-reuse-of-cooking-oil-by-eateries-2807276-2025-10-23?utm_source=rss,collecting used cooking oil and converting it into biodiesel
News,Oil,intensify enforcement drives,issuedby,FSSAI,2,2,0.9,https://www.livemint.com/news/india/24-edible-oil-samples-adulterated-fssai-11640775486648.html,regulator has directed states and union territories to intensify enforcement drives
News,Oil,export ban,targets,palm oil,2,2,0.9,https://economictimes.indiatimes.com/news/international/business/why-indonesias-palm-oil-export-ban-has-not-cooled-cooking-oil-prices/articleshow/91616386.cms,export ban would be lifted only after domestic needs were met
News,Oil,Operation Life,targets,coconut oil,2,2,0.9,https://www.thehindu.com/news/national/kerala/food-safety-wing-seizes-16565-litres-of-spurious-coconut-oil-in-raids/article69925354.ece,"Operation Life, the Food Safety wing seized"
News,Ghee,suspension of licence,targets,ghee,4,1,0.9,https://timesofindia.indiatimes.com/city/madurai/tirupati-laddu-ghee-row-hc-sets-aside-suspension-of-licence-of-dairy-firm/articleshow/121219045.cms,suspension of the manufacture of ghee products alone
News,Milk,special enforcement drive,issuedby,FSSAI,3,1,0.8833,https://economictimes.indiatimes.com/industry/services/hotels-/-restaurants/hotels-restaurants-pubs-under-fssais-intense-scrutiny-over-adulterated-paneer/articleshow/126014895.cms,"Under the special enforcement drive, State Food Safety Departments and FSSAI Regional Offices have been instructed"
News,Milk,special enforcement drive,targets,milk,3,1,0.9,https://economictimes.indiatimes.com/industry/services/hotels-/-restaurants/hotels-restaurants-pubs-under-fssais-intense-scrutiny-over-adulterated-paneer/articleshow/126014895.cms,"inspections of premises involved in the production, storage and sale of milk and milk products"
News,Oil,ban on mixing mustard oil,targets,mustard oil,3,1,0.9,https://www.freepressjournal.in/india/stopped-adulteration-so-mustard-oil-is-expensive-agriculture-minister-narendra-singh-tomar,ban on mixing mustard oil in the production
News,Ghee,fine of Rs 2 lakh,issuedby,"additional resident collector, Kheda",2,1,0.925,https://timesofindia.indiatimes.com/city/ahmedabad/kheda-trader-selling-adulterated-ghee-fined-licence-suspended/articleshow/119554355.cms,"additional resident collector, Kheda, has already imposed a fine of Rs 2 lakh"
News,Ghee,"seizure of substandard, adulterated or prohibited food products",targets,paneer,2,1,0.9,https://www.hindustantimes.com/cities/pune-news/fda-seizes-substandard-adulterated-food-products-worth-over-31-lakh-101780515229734.html,"seizure of 320 kg of paneer worth ₹83,050"
News,Ghee,Drive against adulterated food products,issuedby,Madhya Pradesh High Court,2,1,0.9,https://www.freepressjournal.in/indore/indore-over-5174-liters-edible-oil-worth-8-lakh-seized,on the direction of Madhya Pradesh High Court
News,Ghee,Improvement notices,issuedby,FDA,2,1,0.85,https://timesofindia.indiatimes.com/city/nagpur/fda-inspects-med-fitness-of-staff-at-48-hotels-21-outlets/articleshow/105137850.cms,Improvement notices were issued post inspection
News,Ghee,enforcement actions,targets,plant-based ghee,2,1,0.9,https://www.thehindubusinessline.com/economy/fssai-asks-state-food-safety-commissioners-to-check-on-products-being-sold-as-plant-based-ghee/article66428775.ece,"take ""enforcement actions"" against such food business operators who were selling plant-based ghee"
News,Ghee,show-cause notices to AR Dairy Foods,issuedby,TTD,2,1,0.925,https://www.deccanchronicle.com/southern-states/andhra-pradesh/ttd-files-plaint-against-ar-dairy-for-supplying-adulterated-ghee-to-tirupati-temple-1825945,TTD issued show-cause notices to AR Dairy Foods
News,Ghee,blacklisting AR Dairy Foods,issuedby,TTD,2,1,0.925,https://www.deccanchronicle.com/southern-states/andhra-pradesh/ttd-files-plaint-against-ar-dairy-for-supplying-adulterated-ghee-to-tirupati-temple-1825945,TTD has decided to blacklist the company
News,Ghee,SIT investigation,issuedby,Naidu-led government,2,1,0.9,https://www.deccanchronicle.com/southern-states/andhra-pradesh/ttd-files-plaint-against-ar-dairy-for-supplying-adulterated-ghee-to-tirupati-temple-1825945,Naidu-led government has set up an SIT
News,Ghee,arrest of 33 people,issuedby,Maharashtra Food and Drug Administration,2,1,0.925,https://www.hindustantimes.com/cities/mumbai-news/33-held-27-establishments-sealed-in-maharashtra-fda-s-three-day-drive-101780125189075.html,Maharashtra Food and Drug Administration has arrested 33 people
News,Milk,notice for carrying out food business without a valid FSSAI license,issuedby,FSSAI Bengaluru,2,1,0.9,https://timesofindia.indiatimes.com/home/sunday-times/sale-of-breast-milk-raises-eyebrows/articleshow/92623732.cms,The company was also issued a notice for carrying out food business without a valid FSSAI license.
News,Milk,National Enforcement Drive on Milk Adulteration,targets,milk,2,1,0.925,https://www.newkerala.com/news/o/fssai-orders-nationwide-enforcement-drive-curb-adulteration-milk-paneer-339,enforcement drive against adulteration and misbranding of milk
News,Milk,seizure of 3800kg mango pulp,targets,mango pulp,2,1,0.95,https://timesofindia.indiatimes.com/city/pune/pune-fda-seizes-over-3800kg-of-adulterated-mango-pulp/articleshow/130152672.cms,"seized over 3,800 kg of adulterated mango pulp"
News,Milk,improvement notice,issuedby,FSSAI,2,1,0.9,https://scroll.in/article/1093546/indias-food-regulator-flagged-over-160-misleading-claims-years-later-120-are-still-around?utm_source=rss&utm_medium=public,the regulator had already issued improvement notices to the companies
News,Milk,special surveillance and enforcement drive,issuedby,FSSAI,2,1,0.9,https://www.newkerala.com/news/o/fssai-directs-states-uts-launch-drive-against-adulteration-milk-474,FSSAI had announced a special surveillance and enforcement drive
News,Milk,ban on sale of energy drinks to children,targets,energy drinks,2,1,0.95,https://indianexpress.com/article/cities/chandigarh/punjab-fda-flags-1420-failed-food-samples-hc-compliance-report-bans-energy-drinks-near-schools-10169092/,banning the sale of energy drinks to children
News,Oil,Seizure of Suji,targets,Suji,2,1,0.95,https://www.healthandme.com/nutrition/kanpur-food-adulteration-fssai-seizes-14000l-of-oil-1320kg-rotten-dates-and-more-ahead-of-festive-season-article-153707864,"seized 25,000 kg of Suji"
News,Oil,raid on edible oil hoarding,issuedby,Vigilance and Enforcement Wing,2,1,0.925,https://www.thehindu.com/news/cities/Visakhapatnam/vigilance-officials-conduct-raids-to-check-hoarding-of-edible-oil/article65202544.ece,"Officials of the Vigilance and Enforcement Wing conducted raids on the hoarding of edible oil by unscrupulous traders at various places in the city and district, on Monday."
News,Oil,ban on exports of de-oiled rice bran,targets,de-oiled rice bran,2,1,0.925,https://www.bombaynews.net/news/274385248/edible-oil-industry-urges-centre-not-to-extend-export-ban-on-de-oiled-rice-bran,ban on the exports of de-oiled rice bran
News,Oil,palm oil import ban through Kerala ports,targets,palm oil,2,1,0.925,https://www.thehindubusinessline.com/economy/agri-business/trade-bodies-oppose-extending-palm-oil-import-ban-in-kerala-ports/article66337873.ece,import ban on palm oil through ports in the State
News,Oil,seizure of suspected adulterated mawa,issuedby,Department of Food Safety Administration,2,1,0.9,https://www.freepressjournal.in/bhopal/bhopal-news-27-quintals-of-suspected-adulterated-mawa-seized-ahead-of-holi,Department of Food Safety Administration seized approximately 27 quintals of mawa
News,Oil,License suspension of Ahmednagar outlet,issuedby,Maharashtra FDA,2,1,0.95,https://timesofindia.indiatimes.com/business/india-business/use-only-milk-based-real-cheese-mcdonalds-says-after-maharashtra-fda-accuses-fast-food-giant-of-using-vegetable-oil/articleshow/107958419.cms,Maharashtra FDA has suspended the license of a McDonald's outlet in Ahmednagar
News,Oil,Export ban on palm oil,targets,palm oil,2,1,0.875,https://www.livemint.com/market/commodities/indonesia-to-lift-palm-oil-export-ban-from-monday-president-joko-widodo-11652955600773.html,"The export ban, designed to cool the domestic price of cooking oil"
News,Oil,Ban on palm oil imports through Kerala ports,targets,palm oil,2,1,0.95,https://www.thehindubusinessline.com/markets/commodities/dgft-extends-ban-on-palm-oil-imports-through-kerala-ports/article66332719.ece,The Government banned the import of palm group of oils through Kerala ports
News,Oil,urgent inquiry directive,issuedby,State Human Rights Commission,2,1,0.9,https://www.thehindu.com/news/national/kerala/sale-of-adulterated-coconut-oil-farmers-elated-over-shrcs-intervention/article70651539.ece,Commission directed the Food Safety Commissioner to conduct an urgent inquiry
News,Oil,Mumbai crackdown,issuedby,Maharashtra FDA,2,1,0.875,https://thelogicalindian.com/festive-food-safety-drive-maharashtra-fda-destroys-218-kg-fake-paneer-478-litres-unsafe-milk-in-mumbai/,Maharashtra FDA's ongoing crackdown exemplifies essential enforcement
News,Oil,Operation Oil,issuedby,food safety department,2,1,0.925,https://timesofindia.indiatimes.com/city/thiruvananthapuram/govt-cracks-down-on-sale-of-adulterated-coconut-oil/articleshow/95568940.cms,The food safety department has launched a special drive... Named Operation Oil
News,Oil,License suspension of Kedgaon branch,issuedby,FDA,2,1,0.9,https://timesofindia.indiatimes.com/india/fast-food-giant-replacing-cheese-with-cheaper-vegetable-oil-maharashtra-fda/articleshow/107923964.cms,the outlet's license was suspended
News,Oil,"ban on futures trade of wheat, paddy, chana, mustard seeds, soya bean, crude palm oil and moong",issuedby,Sebi,2,1,0.95,https://www.financialexpress.com/market/commodities/edible-oil-makers-urge-for-lifting-of-futures-trade-ban-on-crude-palm-oil-and-soy-oil-on-commodity-exchanges/2664648/,"Sebi had banned futures trade of wheat, paddy (non-basmati), chana, mustard seeds, soya bean, crude palm oil and moong"
News,Ghee,Supreme Court,triggeredaction,CBI-led investigation into the laddu prasadam issue,1,1,0.9,https://www.bombaynews.net/news/274781301/andhra-pradesh-sit-reaches-tirupati-to-probe-adulteration-in-ghee-used-in-srivari-laddu-prasadam,Supreme Court ordered a CBI-led investigation into the laddu prasadam issue
News,Ghee,formation of a one-member committee,targets,Tirumala laddus,1,1,0.8,https://www.thehansindia.com/andhra-pradesh/cm-chandrababu-announces-formation-of-committee-over-tirumala-ghee-adulteration-1045777,committee to investigate claims of adulterated ghee being used in the preparation of Tirumala laddus
News,Ghee,ED raids,issuedby,Enforcement Directorate,1,1,0.95,https://www.bombaynews.net/news/274997747/ed-raids-nine-places-in-madhya-pradesh-over-export-of-adulterated-milk-products-in-india-6-countries-abroad,The Enforcement Directorate (ED) on Wednesday conducted searches
News,Ghee,TTD,triggeredaction,blacklisting of the contractor,1,1,0.85,https://www.hindustantimes.com/india-news/tirupati-laddus-row-never-supplied-ghee-to-tirupati-temple-says-amul-101726849108427.html,the blacklisting of the contractor was initiated
News,Ghee,ghee adulteration incident,triggeredaction,suspension of FSSAI licence,1,1,0.85,https://www.thehindu.com/news/national/tamil-nadu/tirupati-laddu-row-madras-high-court-sets-aside-suspension-of-fssai-licence-of-dindigul-based-ar-dairy-food/article69582960.ece,suspension of the Food Safety and Standards Authority of India (FSSAI) licence
News,Ghee,suspension of FSSAI licence,issuedby,central licensing authority,1,1,0.9,https://www.thehindu.com/news/national/tamil-nadu/tirupati-laddu-row-madras-high-court-sets-aside-suspension-of-fssai-licence-of-dindigul-based-ar-dairy-food/article69582960.ece,suspension order passed by the central licensing authority
News,Ghee,show cause notice regarding licence suspension,issuedby,FSSAI,1,1,0.95,https://www.newdelhinews.net/news/274669202/madras-high-court-directs-fssai-to-issue-supplementary-notice-to-ar-dairy-food-over-tirupati-laddu-row,FSSAI issued a show cause notice seeking an explanation from the company
News,Ghee,Seizure of misbranded Ayurvedic medicines,issuedby,Maharashtra Food and Drug Administration,1,1,0.95,https://www.freepressjournal.in/mumbai/maharashtra-fda-seizes-7324-lakh-worth-of-misbranded-ayurvedic-medicines-in-statewide-crackdown-commissioner-tukaram-mundhe-warns-of-tougher-action,"The Maharashtra Food and Drug Administration (FDA) has intensified its enforcement drive against misleading health products, seizing misbranded Ayurvedic medicines"
News,Ghee,Warning against misleading advertisements,issuedby,Maharashtra Food and Drug Administration,1,1,0.9,https://www.freepressjournal.in/mumbai/maharashtra-fda-seizes-7324-lakh-worth-of-misbranded-ayurvedic-medicines-in-statewide-crackdown-commissioner-tukaram-mundhe-warns-of-tougher-action,Commissioner Tukaram Mundhe issued a stern warning
News,Ghee,suspension of three dairy licences,targets,ghee,1,1,0.9,https://www.freepressjournal.in/indore/indore-news-3-dairy-licences-suspended-in-ghee-adulteration-crackdown,suspended three dairy licences after detecting largescale irregularities in ghee
News,Ghee,SIT investigation,issuedby,Andhra government,1,1,0.9,https://www.newindianexpress.com/states/andhra-pradesh/2024/Sep/27/andhra-government-sets-up-sit-to-probe-ghee-adulteration,The State government formally issued orders constituting the Special Investigation Team
News,Ghee,SIT investigation,targets,Laddu Prasadam,1,1,0.85,https://www.newindianexpress.com/states/andhra-pradesh/2024/Sep/27/andhra-government-sets-up-sit-to-probe-ghee-adulteration,investigation into the alleged use of adulterated ghee in the preparation of Laddu Prasadam
News,Ghee,ghee seizure,targets,ghee,1,1,0.95,https://www.thehansindia.com/andhra-pradesh/low-quality-of-ghee-used-at-simhachalam-temple-908850,945-kg of ghee was seized by the officials
News,Ghee,issuance of notices,issuedby,licensing authorities,1,1,0.85,https://www.sentinelassam.com/business/ad-monitoring-panel-of-fssai-reports-32-cases-violating-regulations-647727,referred to the licensing authorities concernedfor issuance of notices
News,Ghee,TTD ghee adulteration raids,issuedby,Enforcement Directorate,1,1,0.95,https://newstodaynet.com/2026/06/04/ed-conducts-multi-city-raids-in-ttd-ghee-adulteration-case/,"The Enforcement Directorate (ED), Hyderabad Zonal Office, carried out extensive search operations"
News,Ghee,CBI chargesheet,citesfinding,Tirumala laddu ghee adulteration,1,1,0.85,https://timesofindia.indiatimes.com/city/vijayawada/naidu-pawan-alleges-organised-conspiracy-behind-tirumala-laddu-ghee-adulteration/articleshow/128759552.cms,CBI was close to filing a chargesheet
News,Ghee,seizure of gutka and pan masala,issuedby,FDA Mumbai,1,1,0.95,https://timesofindia.indiatimes.com/city/mumbai/gutka-pan-masala-over-rs-34-lakh-food-items-worth-rs-1-24-crore-seized-fda/articleshow/131487785.cms,The state Food and Drug Administration (FDA) has sealed 86 pan masala and gutka shops
News,Ghee,seizure of gutka and pan masala,targets,pan masala,1,1,0.95,https://timesofindia.indiatimes.com/city/mumbai/gutka-pan-masala-over-rs-34-lakh-food-items-worth-rs-1-24-crore-seized-fda/articleshow/131487785.cms,sealed 86 pan masala and gutka shops
News,Ghee,seizure of gutka and pan masala,targets,gutka,1,1,0.95,https://timesofindia.indiatimes.com/city/mumbai/gutka-pan-masala-over-rs-34-lakh-food-items-worth-rs-1-24-crore-seized-fda/articleshow/131487785.cms,sealed 86 pan masala and gutka shops
News,Ghee,seizure of food items,targets,mangoes,1,1,0.9,https://timesofindia.indiatimes.com/city/mumbai/gutka-pan-masala-over-rs-34-lakh-food-items-worth-rs-1-24-crore-seized-fda/articleshow/131487785.cms,The confiscated items across the state included: mangoes
News,Ghee,seizure of food items,targets,milk,1,1,0.9,https://timesofindia.indiatimes.com/city/mumbai/gutka-pan-masala-over-rs-34-lakh-food-items-worth-rs-1-24-crore-seized-fda/articleshow/131487785.cms,"dairy products (milk, ghee, ice cream/kulfi, and frozen desserts)"
News,Ghee,seizure of food items,targets,ghee,1,1,0.9,https://timesofindia.indiatimes.com/city/mumbai/gutka-pan-masala-over-rs-34-lakh-food-items-worth-rs-1-24-crore-seized-fda/articleshow/131487785.cms,"dairy products (milk, ghee, ice cream/kulfi, and frozen desserts)"
News,Ghee,seizure of food items,targets,ice cream,1,1,0.9,https://timesofindia.indiatimes.com/city/mumbai/gutka-pan-masala-over-rs-34-lakh-food-items-worth-rs-1-24-crore-seized-fda/articleshow/131487785.cms,"dairy products (milk, ghee, ice cream/kulfi, and frozen desserts)"
News,Ghee,seizure of food items,targets,candies,1,1,0.9,https://timesofindia.indiatimes.com/city/mumbai/gutka-pan-masala-over-rs-34-lakh-food-items-worth-rs-1-24-crore-seized-fda/articleshow/131487785.cms,"bakery products like candies, jaggery, peanut chikki, and dates"
News,Ghee,Counterfeit Sanchi Ghee Incident,triggeredaction,FIR Filing,1,1,0.95,https://www.freepressjournal.in/indore/major-crackdown-over-1000-kg-adulterated-ghee-seized-sanchi-to-lodge-fir,Sanchi Milk Union has also decided to file an FIR against the seller
News,Ghee,Case registered by Amberpet police,issuedby,Amberpet police,1,1,0.9,https://www.thehansindia.com/news/cities/hyderabad/ghmc-raids-amberpet-dairy-unit-seizes-2500-kg-of-adulterated-curd-1056422,The Amberpet police registered a case
News,Ghee,Regulatory action against Vedprakash Gupta,targets,ghee,1,1,0.85,https://www.freepressjournal.in/bhopal/madhya-pradesh-man-held-for-selling-adulterated-ghee,action should be taken against those who are selling adulterated food stuff
News,Ghee,IncidentFinding_Cheese_Ghee_Fail,triggeredaction,RegulatoryAction_Penalty_7,1,1,0.9,https://www.tribuneindia.com/news/punjab/cheese-ghee-samples-fail-quality-test-7-penalised-606869,A local court today penalised seven persons in this regard
News,Ghee,Notice to 4 Seasons,issuedby,Food safety officials,1,1,0.9,https://www.indiatoday.in/cities/hyderabad/story/hyderabad-4-seasons-restaurant-raid-food-safety-hygiene-violations-2690857-2025-03-08?utm_source=rss,restaurant management has been issued a notice
News,Ghee,Seizure of sweets and ghee,issuedby,FDCA,1,1,0.9,https://timesofindia.indiatimes.com/city/ahmedabad/fdca-seizes-sweets-ghee-worth-9l/articleshow/104997373.cms,The state Food and Drugs Control Administration (FDCA) conducted raids
News,Ghee,Seizure of sweets and ghee,targets,ghee,1,1,0.9,https://timesofindia.indiatimes.com/city/ahmedabad/fdca-seizes-sweets-ghee-worth-9l/articleshow/104997373.cms,seized sweets and ghee
News,Ghee,Fake Ghee Incident in Harmada,triggeredaction,Report filed against Mahendra Kumar Sharma,1,1,0.9,https://timesofindia.indiatimes.com/city/jaipur/factories-making-fake-ghee-of-well-known-brands-busted-in-city/articleshow/94954456.cms,A report has been filed against the accused Sharma in the Harmada police station
News,Ghee,TTD finding of lard in ghee,triggeredaction,blacklisting of contractor,1,1,0.9,https://www.financialexpress.com/india-news/tirupati-laddu-row-cm-chandrababu-naidu-accuses-ysrcp-of-compromising-sacredness-of-laddus-with-adulterated-ghee/3616993/,board is moving to blacklist the contractor responsible
News,Ghee,FSSAI Notice to 14 FBOs,targets,bread,1,1,0.9,https://www.newindianexpress.com/india/2026/Jun/14/fssai-issues-notices-to-14-food-companies-over-misleading-healthy-organic-claims,"The products include bread, poha, vitamins, pizza bases, chips, oil, ghee and drinking water"
News,Ghee,FSSAI Notice to 14 FBOs,targets,pizza bases,1,1,0.9,https://www.newindianexpress.com/india/2026/Jun/14/fssai-issues-notices-to-14-food-companies-over-misleading-healthy-organic-claims,"The products include bread, poha, vitamins, pizza bases, chips, oil, ghee and drinking water"
News,Ghee,FSSAI Notice to 14 FBOs,targets,chips,1,1,0.9,https://www.newindianexpress.com/india/2026/Jun/14/fssai-issues-notices-to-14-food-companies-over-misleading-healthy-organic-claims,"The products include bread, poha, vitamins, pizza bases, chips, oil, ghee and drinking water"
News,Ghee,FSSAI Notice to 14 FBOs,targets,oil,1,1,0.9,https://www.newindianexpress.com/india/2026/Jun/14/fssai-issues-notices-to-14-food-companies-over-misleading-healthy-organic-claims,"The products include bread, poha, vitamins, pizza bases, chips, oil, ghee and drinking water"
News,Ghee,FSSAI Notice to 14 FBOs,targets,ghee,1,1,0.9,https://www.newindianexpress.com/india/2026/Jun/14/fssai-issues-notices-to-14-food-companies-over-misleading-healthy-organic-claims,"The products include bread, poha, vitamins, pizza bases, chips, oil, ghee and drinking water"
News,Ghee,FSSAI Notice to 14 FBOs,targets,drinking water,1,1,0.9,https://www.newindianexpress.com/india/2026/Jun/14/fssai-issues-notices-to-14-food-companies-over-misleading-healthy-organic-claims,"The products include bread, poha, vitamins, pizza bases, chips, oil, ghee and drinking water"
News,Ghee,special enforcement campaign,targets,mustard oil,1,1,0.9,https://timesofindia.indiatimes.com/city/kanpur/drive-against-adulterated-food-items-conducted/articleshow/124217944.cms,Details of the collected samples include mustard oil
News,Ghee,special enforcement campaign,targets,soybean oil,1,1,0.9,https://timesofindia.indiatimes.com/city/kanpur/drive-against-adulterated-food-items-conducted/articleshow/124217944.cms,Food materials seized on suspicion include 236 litres of refined soybean oil
News,Ghee,special enforcement campaign,targets,bananas,1,1,0.85,https://timesofindia.indiatimes.com/city/kanpur/drive-against-adulterated-food-items-conducted/articleshow/124217944.cms,"prohibit the storage and sale of artificially ripened fruits using harmful chemicals, such as bananas"
News,Ghee,ban on A1 and A2 milk claims,issuedby,FSSAI,1,1,0.95,https://www.bombaynews.net/news/274510545/food-safety-authority-india-bans-use-of-a1-a2-milk-claims-on-milk-product-packaging,FSSAI prohibited the use of A1 and A2 milk claims on milk product packaging
News,Ghee,FDCA 2024-25 adjudication,issuedby,Food and Drug Control Administration,1,1,0.9,https://timesofindia.indiatimes.com/city/ahmedabad/state-fdca-seized-351-tonnes-of-suspicious-food-items-in-2024-25/articleshow/121682191.cms,980 adjudication cases were filed under the Food Safety and Standards Act
News,Ghee,FDCA 2024-25 adjudication,targets,offenders,1,1,0.8,https://timesofindia.indiatimes.com/city/ahmedabad/state-fdca-seized-351-tonnes-of-suspicious-food-items-in-2024-25/articleshow/121682191.cms,imposing a total fine of Rs 6.21 crore on the offenders
News,Ghee,87 court cases related to unsafe food items,targets,unsafe food items,1,1,0.8,https://timesofindia.indiatimes.com/city/ahmedabad/state-fdca-seized-351-tonnes-of-suspicious-food-items-in-2024-25/articleshow/121682191.cms,87 court cases related to unsafe food items
News,Ghee,Case under Copyright Act,issuedby,DCB police station,1,1,0.9,https://timesofindia.indiatimes.com/city/ahmedabad/duplicate-fmcg-goods-worth-20l-seized-in-ahmedabad-3-held/articleshow/131295988.cms,Police have registered a case under the Copyright Act at the DCB police station
News,Ghee,seizure of 42 kg of suspected adulterated ghee,issuedby,state food safety department,1,1,0.9,https://timesofindia.indiatimes.com/city/ranchi/food-safety-department-seizes-42-kg-of-adulterated-ghee-in-ranchi-ahead-of-durga-puja/articleshow/124075072.cms,state food safety department seized 42 kg of suspected adulterated ghee
News,Ghee,chargesheet,issuedby,CBI team,1,1,0.9,https://indianexpress.com/article/cities/hyderabad/adulterated-ghee-controversy-tirupati-temple-board-puts-focus-quality-rice-10364190/,CBI team investigating the ghee adulteration filed a chargesheet
News,Ghee,IncidentFinding of vegetable oil in ghee,triggeredaction,Factory closure of Shri Ram Milk and Food Dairy,1,1,0.9,https://timesofindia.indiatimes.com/city/indore/3400l-adulterated-ghee-seized-factory-sealed/articleshow/124919369.cms,"As serious anomalies were found, the factory was immediately closed down"
News,Ghee,Factory closure of Shri Ram Milk and Food Dairy,issuedby,district administration,1,1,0.9,https://timesofindia.indiatimes.com/city/indore/3400l-adulterated-ghee-seized-factory-sealed/articleshow/124919369.cms,closed down until further orders from the district administration
News,Ghee,show-cause and improvement notices,issuedby,Telangana Food Safety Department,1,1,0.95,https://www.thehindu.com/news/cities/Hyderabad/778-lakh-worth-milk-ghee-seized-in-hyderabad-during-statewide-food-safety-drive/article70886036.ece,Authorities issued show-cause and improvement notices to violators
News,Ghee,ghee adulteration incident,triggeredaction,filing of charge sheet,1,1,0.9,https://www.deccanchronicle.com/southern-states/andhra-pradesh/sit-to-file-charge-sheet-in-laddu-ghee-case-soon-1930092,comprehensive charge sheet would be filed
News,Ghee,SIT chargesheet filing,issuedby,Nellore ACB Court,1,1,0.75,https://economictimes.indiatimes.com/news/politics-and-nation/andhra-minister-debunks-ysrcps-claims-that-ghee-supplied-to-ttd-not-adulterated-with-animal-fat/articleshow/127817116.cms,SIT had filed the final chargesheet in Nellore ACB Court
News,Ghee,unsafe items,triggeredaction,prosecution in the court,1,1,0.85,https://timesofindia.indiatimes.com/city/nagpur/fda-launches-pre-navratri-safe-food-drive-begins-seizures-and-sampling/articleshow/94335849.cms,unsafe items can lead to prosecution in the court
News,Ghee,FDA crackdown on banned gutkha and adulterated food,issuedby,Food and Drug Administration,1,1,0.95,https://www.freepressjournal.in/pune/fda-cracks-down-on-illegal-gutkha-adulterated-food-in-pune-198-raids-84-lakh-worth-of-gutkha-seized-92-arrested,The Food and Drug Administration (FDA) has intensified its crackdown
News,Ghee,FDA crackdown on banned gutkha and adulterated food,targets,gutkha,1,1,0.9,https://www.freepressjournal.in/pune/fda-cracks-down-on-illegal-gutkha-adulterated-food-in-pune-198-raids-84-lakh-worth-of-gutkha-seized-92-arrested,crackdown on banned gutkha
News,Ghee,FDA crackdown on banned gutkha and adulterated food,targets,adulterated food products,1,1,0.9,https://www.freepressjournal.in/pune/fda-cracks-down-on-illegal-gutkha-adulterated-food-in-pune-198-raids-84-lakh-worth-of-gutkha-seized-92-arrested,"crackdown on banned gutkha, adulterated food products"
News,Ghee,FDA crackdown on banned gutkha and adulterated food,targets,pan masala,1,1,0.9,https://www.freepressjournal.in/pune/fda-cracks-down-on-illegal-gutkha-adulterated-food-in-pune-198-raids-84-lakh-worth-of-gutkha-seized-92-arrested,drive against banned gutkha and pan masala
News,Ghee,licence cancellation,issuedby,Food and Drug Administration,1,1,0.9,https://www.freepressjournal.in/pune/fda-cracks-down-on-illegal-gutkha-adulterated-food-in-pune-198-raids-84-lakh-worth-of-gutkha-seized-92-arrested,FDA ... cancelled the supplier's licence
News,Ghee,relaxation of geographical distance clause for dairies,issuedby,TTD Board,1,1,0.85,https://www.thehindu.com/news/national/andhra-pradesh/ttd-chairman-rubbishes-bhumanas-claim-on-supply-of-ghee-by-indapur-dairy/article70648087.ece,Mr. Karunakar Reddy also flayed the present board for relaxing the clause
News,Ghee,confiscation of adulterated paneer at Jewar toll plaza,issuedby,Uttar Pradesh food safety department,1,1,0.9,https://indianexpress.com/article/health-wellness/fake-paneer-khoya-seized-up-holi-health-10561195/,department confiscated adulterated paneer at Jewar toll plaza
News,Ghee,misleading advertisements,triggeredaction,suspension or cancellation of licence,1,1,0.8,http://www.newdelhinews.net/news/273794784/ad-monitoring-panel-of-fssai-reports-32-cases-violating-regulations,"punishments like suspension or cancellation of licence, etc, in case of repeated offences"
News,Ghee,misleading advertisements,triggeredaction,fine extending up to Rs 10 lakh,1,1,0.8,http://www.newdelhinews.net/news/273794784/ad-monitoring-panel-of-fssai-reports-32-cases-violating-regulations,penalised with a fine extending up to Rs 10 lakh
News,Ghee,money laundering case,issuedby,Enforcement Directorate,1,1,0.95,https://www.thehindubusinessline.com/news/ed-to-probe-money-laundering-in-adulterated-tirupati-laddu-scam/article70616167.ece,Enforcement Directorate has also jumped into the fray and registered a money laundering case
News,Ghee,Fake Ghee Finding,triggeredaction,FIR against Sharma,1,1,0.95,https://timesofindia.indiatimes.com/city/jaipur/fake-ghee-of-famous-brands-seized/articleshow/94889792.cms,An FIR was lodged against Sharma at Harmada police station for selling fake Saras ghee
News,Ghee,Holi Anti-Adulteration Drive 2026,issuedby,Food Safety and Standards Authority of India,1,1,0.95,https://timesofindia.indiatimes.com/city/delhi/before-holi-food-safety-teams-intensify-checks-for-adulteration/articleshow/128820396.cms,"directive from the Food Safety and Standards Authority of India (FSSAI), which has launched the 'Holi Anti-Adulteration Drive 2026'"
News,Ghee,notice to dairy owner,issuedby,health department team,1,1,0.85,https://timesofindia.indiatimes.com/city/ludhiana/15-quintals-of-adulterated-paneer-destroyed-in-ludhiana-raid/articleshow/114179698.cms,will be served notice
News,Ghee,complaint filing,issuedby,health department team,1,1,0.85,https://timesofindia.indiatimes.com/city/ludhiana/15-quintals-of-adulterated-paneer-destroyed-in-ludhiana-raid/articleshow/114179698.cms,complaint will be filed against him
News,Ghee,judicial custody order,issuedby,Nellore ACB court,1,1,0.9,https://www.newsx.com/regionals/tirupati-laddu-scam-sit-arrests-delhi-trader-for-supplying-chemicals-used-in-fake-ghee-108361/,"produced before the Nellore ACB court, which has remanded him to judicial custody"
News,Ghee,IncidentFinding: animal fat in ghee,triggeredaction,show-cause notice to AR Dairy for blacklisting,1,1,0.9,https://theshillongtimes.com/2024/10/05/ghee-supplied-for-tirupati-laddus-not-made-at-tn-dairy-reveals-document/,TTD sent back the tankers and issued a show-cause notice to AR Dairy for blacklisting the company
News,Ghee,seizure of cheese,targets,cheese,1,1,0.9,https://indianexpress.com/article/cities/chandigarh/mohali-adulterated-cheese-balongi-7430825/,recovered around seven quintals of suspected adulterated cheese
News,Ghee,monitoring order,issuedby,State government,1,1,0.9,https://www.thehindu.com/news/national/andhra-pradesh/fssai-officials-monitoring-quality-of-prasadams-regularly-during-dasara-navarathri-utsavams-atop-indrakeeladri-in-ap/article68717379.ece,State government has issued orders to monitor the quality of prasadams
News,Ghee,monitoring order,targets,prasadams,1,1,0.8,https://www.thehindu.com/news/national/andhra-pradesh/fssai-officials-monitoring-quality-of-prasadams-regularly-during-dasara-navarathri-utsavams-atop-indrakeeladri-in-ap/article68717379.ece,orders to monitor the quality of prasadams in all temples
News,Ghee,seizure of samples for laboratory examination,issuedby,FSSAI,1,1,0.9,https://www.newindianexpress.com/cities/delhi/2025/Dec/05/1500-kg-spurious-ghee-seized-during-raid-in-delhis-alipur,Samples were seized by FSSAI for laboratory examination
News,Ghee,Show Cause Notice to Ghee Supplier,issuedby,FSSAI,1,1,0.95,https://www.en.etemaaddaily.com/world/national/fssai-issues-show-cause-notice-to-ghee-supplier-over-adulteration-allegations-in-tirupati-laddu:161614,FSSAI Issues Show Cause Notice to Ghee Supplier
News,Ghee,suspension of six eateries,issuedby,Maharashtra FDA,1,1,0.95,https://www.en.etemaaddaily.com/world/national/fssai-issues-show-cause-notice-to-ghee-supplier-over-adulteration-allegations-in-tirupati-laddu:161614,Maharashtra FDA suspends six eateries
News,Ghee,Tirumala Tirupati Devasthanams,triggeredaction,police complaint against AR Dairy Foods Pvt Ltd,1,1,0.85,https://www.livemint.com/news/india/jagan-reddy-issues-rebuttal-after-tirupati-laddu-controversy-says-adulterated-ghee-was-sent-back-11727435415038.html,lodged a police complaint against Tamil Nadu-based AR Dairy Foods Pvt Ltd
News,Ghee,Campaign to curb adulteration in desi ghee and butter,issuedby,Food Safety and Drug Controller Department,1,1,0.95,https://www.indiasnews.net/news/274634407/campaign-to-curb-adulteration-in-desi-ghee-butter-launched-across-uttarakhand,Food Safety and Drug Controller Department has started a comprehensive campaign
News,Ghee,Campaign to curb adulteration in desi ghee and butter,targets,desi ghee,1,1,0.95,https://www.indiasnews.net/news/274634407/campaign-to-curb-adulteration-in-desi-ghee-butter-launched-across-uttarakhand,campaign to curb adulteration in desi ghee
News,Ghee,Campaign to curb adulteration in desi ghee and butter,targets,butter,1,1,0.95,https://www.indiasnews.net/news/274634407/campaign-to-curb-adulteration-in-desi-ghee-butter-launched-across-uttarakhand,campaign to curb adulteration in desi ghee and butter
News,Ghee,Directive to sample laddus and ghee,issuedby,Union Health Ministry,1,1,0.9,https://www.indiasnews.net/news/274634407/campaign-to-curb-adulteration-in-desi-ghee-butter-launched-across-uttarakhand,Union Health Ministry has written a letter to all the states and directed to take samples
News,Ghee,Directive to sample laddus and ghee,targets,laddus,1,1,0.9,https://www.indiasnews.net/news/274634407/campaign-to-curb-adulteration-in-desi-ghee-butter-launched-across-uttarakhand,directed to take samples of laddus
News,Ghee,Directive to sample laddus and ghee,targets,desi ghee,1,1,0.9,https://www.indiasnews.net/news/274634407/campaign-to-curb-adulteration-in-desi-ghee-butter-launched-across-uttarakhand,investigate the ghee sold in the market
News,Ghee,paneer adulteration finding,triggeredaction,paneer destruction,1,1,0.9,https://timesofindia.indiatimes.com/city/jaipur/600kg-of-adulterated-paneer-destroyed-in-jawahar-nagar/articleshow/129871236.cms,paneer was destroyed as per provisions of the Food Safety and Standards Act
News,Ghee,Drive against food adulteration,issuedby,Food and Drug Administration,1,1,0.9,https://www.freepressjournal.in/indore/drive-against-food-adulteration-food-safety-officers-collect-133-samples-in-past-10-days,Food and Drug Administration (FDA) department team raided three different places
News,Ghee,paneer sub-standard finding,triggeredaction,"case filed under BNS sections 274, 275, and 318",1,1,0.95,https://timesofindia.indiatimes.com/city/delhi/whats-cooking-in-pantry-bite-into-adulterated-truth/articleshow/130488415.cms,"Based on the findings, a case was filed against supplier Mahesh Sharma under Bharatiya Nyaya Sanhita (BNS) sections 274"
News,Ghee,unsafe food cases,triggeredaction,fine and jail,1,1,0.85,https://timesofindia.indiatimes.com/city/delhi/whats-cooking-in-pantry-bite-into-adulterated-truth/articleshow/130488415.cms,unsafe food cases can lead to Rs 10 lakh fine and up to six months in jail
News,Ghee,"fine ₹2,000",issuedby,FSSAI,1,1,0.85,https://www.thehindu.com/news/cities/Coimbatore/coimbatore-district-administration-fssai-give-instructions-to-sweet-makers-ahead-of-festival-season/article67411907.ece,"those found violating the norm will be fined ₹2,000"
News,Ghee,Patanjali ghee adulteration finding,triggeredaction,"fine against producer, distributor, and retailer",1,1,0.9,https://www.newindianexpress.com/nation/2025/Dec/01/patanjali-ghee-fails-quality-tests-company-fined-rs-140-lakh-in-uttarakhand,prompting authorities to levy a combined fine
News,Ghee,Patanjali ghee quality failure incident,triggeredaction,fine against Patanjali Ayurved Limited,1,1,0.9,https://www.newindianexpress.com/nation/2025/Dec/01/patanjali-ghee-fails-quality-tests-company-fined-rs-140-lakh-in-uttarakhand,"The ruling stipulated a penalty of Rs 1,00,000 against the producer"
News,Ghee,FDA Crackdown in Maharashtra,issuedby,Tukaram Mundhe,1,1,0.9,https://www.republicworld.com/india/stock-of-banned-pan-masala-gutkha-and-adulterated-foodstuffs-worth-158-crore-seized-in-seven-days-2026-06-04-126869,Under the directives of FDA Commissioner Tukaram Mundhe
News,Ghee,FDA Crackdown in Maharashtra,targets,pan masala,1,1,0.9,https://www.republicworld.com/india/stock-of-banned-pan-masala-gutkha-and-adulterated-foodstuffs-worth-158-crore-seized-in-seven-days-2026-06-04-126869,"against the production, storage, and sale of banned gutkha, pan masala"
News,Ghee,FDA Crackdown in Maharashtra,targets,gutkha,1,1,0.9,https://www.republicworld.com/india/stock-of-banned-pan-masala-gutkha-and-adulterated-foodstuffs-worth-158-crore-seized-in-seven-days-2026-06-04-126869,"against the production, storage, and sale of banned gutkha, pan masala"
News,Ghee,FDA Crackdown in Maharashtra,targets,adulterated food products,1,1,0.9,https://www.republicworld.com/india/stock-of-banned-pan-masala-gutkha-and-adulterated-foodstuffs-worth-158-crore-seized-in-seven-days-2026-06-04-126869,"against banned pan masala, gutkha, and adulterated food products"
News,Ghee,FDA Crackdown in Maharashtra,targets,"banned gutkha, pan masala, and adulterated food products",1,1,0.9,https://www.republicworld.com/india/stock-of-banned-pan-masala-gutkha-and-adulterated-foodstuffs-worth-158-crore-seized-in-seven-days-2026-06-04-126869,"against banned pan masala, gutkha, and adulterated food products"
News,Ghee,FDA Crackdown in Maharashtra,issuedby,Food and Drug Administration (FDA),1,1,0.9,https://www.republicworld.com/india/stock-of-banned-pan-masala-gutkha-and-adulterated-foodstuffs-worth-158-crore-seized-in-seven-days-2026-06-04-126869,The Food and Drug Administration (FDA) conducted an intensive
News,Ghee,"Safe Food, Safe Drug, Safe Maharashtra",issuedby,Food and Drug Administration,1,1,0.9,https://www.republicworld.com/india/stock-of-banned-pan-masala-gutkha-and-adulterated-foodstuffs-worth-158-crore-seized-in-seven-days-2026-06-04-126869,"Under the Food and Drug Administration's (FDA) initiative—'Safe Food, Safe Drug, Safe Maharashtra'"
News,Ghee,arrests of TTD staff,issuedby,CBI-led Special Investigation Team,1,1,0.85,https://www.newindianexpress.com/states/andhra-pradesh/2025/Nov/29/tirumala-laddu-ghee-adulteration-case-sit-likely-to-make-more-arrests,SIT is preparing to arrest additional TTD staff
News,Ghee,Uttar Pradesh anti-adulteration drive 2025,targets,adulterated food products,1,1,0.9,https://www.livemint.com/economy/the-evolution-of-india-s-fake-milk-industry-11782121657013.html,"seizure of nearly 3,000 quintals, or about 300,000kg, of adulterated food products"
News,Ghee,suspension of FSSAI licence,issuedby,Gujarat Food and Drug Control Administration,1,1,0.95,https://timesofindia.indiatimes.com/city/ahmedabad/kheda-trader-selling-adulterated-ghee-fined-licence-suspended/articleshow/119554355.cms,FDCA suspended the firm's FSSAI licence
News,Ghee,suspension of FSSAI licence,targets,Shri Kshem Kalyani Milk and Milk Products,1,1,0.95,https://timesofindia.indiatimes.com/city/ahmedabad/kheda-trader-selling-adulterated-ghee-fined-licence-suspended/articleshow/119554355.cms,FDCA suspended the firm's FSSAI licence
News,Ghee,arrest of RSSVR Subramanyam,issuedby,CBI-led Special Investigation Team,1,1,0.9,https://www.newindianexpress.com/states/andhra-pradesh/2025/Nov/28/ttd-officer-arrested-in-ghee-case,CBI-led Special Investigation Team (SIT) on Thursday arrested
News,Ghee,arrest of RSSVR Subramanyam,targets,ghee,1,1,0.85,https://www.newindianexpress.com/states/andhra-pradesh/2025/Nov/28/ttd-officer-arrested-in-ghee-case,arrested a serving TTD officer in the Srivari Laddu adulterated ghee case
News,Ghee,busted a counterfeit racket,issuedby,Bengaluru police,1,1,0.85,https://timesofindia.indiatimes.com/city/bengaluru/nandini-ghee-begins-global-journey-as-kmf-launches-exports/articleshow/125569460.cms,Bengaluru police recently busted a counterfeit racket
News,Ghee,Suspected contamination of paneer at Best Dairy Lankapuri,triggeredaction,Destruction of 230kg paneer,1,1,0.85,https://timesofindia.indiatimes.com/city/jaipur/adulterated-paneer-destroyed/articleshow/107738411.cms,230kg of paneer was destroyed suspected it to be contaminated
News,Ghee,arrest of four members,issuedby,police,1,1,0.9,https://timesofindia.indiatimes.com/city/mysuru/help-kmf-identify-fake-ghee-products/articleshow/88676406.cms,police have arrested four members involved in the racket
News,Ghee,ghee seizure action,targets,ghee,1,1,0.95,https://assamtribune.com/health-and-fitness/rajasthan-govt-raids-adulterated-ghee-supply-chain-43000-litres-seized-1606034,"seized more than 43,000 litres of ghee suspected to be adulterated"
News,Ghee,ghee seizure action,issuedby,Rajasthan Food Safety Department,1,1,0.9,https://assamtribune.com/health-and-fitness/rajasthan-govt-raids-adulterated-ghee-supply-chain-43000-litres-seized-1606034,state's Food Safety Department took major action
News,Ghee,unsafe ghee finding,triggeredaction,market withdrawal,1,1,0.9,https://assamtribune.com/health-and-fitness/rajasthan-govt-raids-adulterated-ghee-supply-chain-43000-litres-seized-1606034,instructions were issued to immediately withdraw the product from the market
News,Ghee,Bhog Vinayak brand ghee declared unsafe,triggeredaction,license cancellation,1,1,0.85,https://assamtribune.com/health-and-fitness/rajasthan-govt-raids-adulterated-ghee-supply-chain-43000-litres-seized-1606034,a sample of Bhog Vinayak brand ghee was declared unsafe by the Jaipur Central Laboratory
News,Ghee,case booked,issuedby,Mysuru South Police Station,1,1,0.9,https://starofmysore.com/adulterated-nandini-ghee-racket-case-adulterated-ghee-has-inter-state-ramifications/,case has been booked at Mysuru South Police Station
News,Ghee,Ban on packaged ghee,issuedby,Durga Puja Ayojan Samiti,1,1,0.85,https://www.freepressjournal.in/india/chhattisgarh-mahaya-temple-trust-bans-use-of-packaged-ghee,Durga Puja Ayojan Samiti in Raipur have also banned the use of packaged cow ghee
News,Ghee,Order to take action against adulterated oil,issuedby,Food Safety and Standards Authority of India,1,1,0.95,https://www.freepressjournal.in/mumbai/mumbai-fda-seize-food-samples-worth-rs-7-lakh-during-festive-season,FSSAI in New Delhi ordered the FDA to take action against those selling adulterated oil
News,Ghee,ghee adulteration finding,triggeredaction,seizure of 800kg ghee,1,1,0.95,https://timesofindia.indiatimes.com/city/indore/massive-ghee-adulteration-bust-rs54-lakh-worth-of-contaminated-products-seized-in-indore/articleshow/114156153.cms,Indore food safety department seized 800kg adulterated ghee
News,Ghee,Bail Denial Action,issuedby,Andhra Pradesh High Court,1,1,0.95,https://indianexpress.com/article/legal-news/defiled-sentiments-worldwide-andhra-pradesh-high-court-denies-bail-to-official-with-rs-4-6cr-in-bank-in-tirupati-ghee-case-10471226/,Andhra Pradesh High Court denies bail to official
News,Ghee,recovery of adulterated ghee,triggeredaction,case registration for cheating and adulteration,1,1,0.85,https://www.indiasnews.net/news/272468805/delhi-two-arrested-for-selling-adulterated-ghee,"A case has been registered against the accused of cheating, adulteration of food"
News,Ghee,inspection of temples,issuedby,FSSAI,1,1,0.85,https://www.thehindu.com/news/national/andhra-pradesh/fssai-to-test-samples-of-prasadam-in-all-major-temples-in-ap/article68678235.ece,Teams of FSSAI will inspect the temples
News,Ghee,"Seizure of 8,03,942 kg suspicious food stock",issuedby,Maharashtra FDA,1,1,0.95,https://www.mid-day.com/news/opinion/article/quality-checks-for-food-should-be-a-year-round-activity-23599557,"FDA seized over 8,03,942 kg of suspicious food stock"
News,Ghee,Legal action against violators,issuedby,Maharashtra FDA,1,1,0.95,https://www.mid-day.com/news/opinion/article/quality-checks-for-food-should-be-a-year-round-activity-23599557,initiating further legal action against violators
News,Ghee,"seizure of 17,000 litres of spurious coconut oil",issuedby,Commissionerate of Food Safety,1,1,0.9,https://www.thehindu.com/news/national/kerala/ahead-of-onam-17000-litres-of-spurious-sub-standard-coconut-oil-seized-in-inspections/article69952466.ece,"Commissionerate of Food Safety has seized over 17,000 litres of spurious and sub-standard coconut oil"
News,Ghee,silk dupatta procurement fraud,triggeredaction,ACB investigation,1,1,0.9,https://www.thehansindia.com/andhra-pradesh/now-ttd-faces-row-over-fake-silk-dupattas-1030187,"Following the confirmation of irregularities, the trust board di-rected that the matter be referred to the Anti-Corruption Bureau"
News,Ghee,silk dupatta procurement fraud,triggeredaction,procurement stoppage,1,1,0.85,https://www.thehansindia.com/andhra-pradesh/now-ttd-faces-row-over-fake-silk-dupattas-1030187,procurement was stopped immediately
News,Ghee,FDA inspections,targets,ghee,1,1,0.85,https://www.mid-day.com/mumbai/mumbai-news/article/safer-sweets-this-diwali-thanks-to-surprise-raids-by-fda-across-maharashtra-23599285,"targeting food products that see a spike in demand during festivals — milk, edible oils, ghee"
News,Ghee,FDA inspections,targets,khoya,1,1,0.85,https://www.mid-day.com/mumbai/mumbai-news/article/safer-sweets-this-diwali-thanks-to-surprise-raids-by-fda-across-maharashtra-23599285,"targeting food products that see a spike in demand during festivals — milk, edible oils, ghee, khoya"
News,Ghee,FDA inspections,targets,dry fruits,1,1,0.85,https://www.mid-day.com/mumbai/mumbai-news/article/safer-sweets-this-diwali-thanks-to-surprise-raids-by-fda-across-maharashtra-23599285,"targeting food products that see a spike in demand during festivals — milk, edible oils, ghee, khoya — mawa, sweets, dry fruits"
News,Ghee,Maharashtra Food and Drug Administration,targets,chocolates,1,1,0.9,https://www.mid-day.com/mumbai/mumbai-news/article/safer-sweets-this-diwali-thanks-to-surprise-raids-by-fda-across-maharashtra-23599285,"targeting food products that see a spike in demand during festivals — milk, edible oils, ghee, khoya — mawa, sweets, dry fruits, chocolates"
News,Ghee,legal action,issuedby,Maharashtra Food and Drug Administration,1,1,0.85,https://www.mid-day.com/mumbai/mumbai-news/article/safer-sweets-this-diwali-thanks-to-surprise-raids-by-fda-across-maharashtra-23599285,initiating further legal action against violators
News,Ghee,seizure of spurious desi ghee,triggeredaction,FIR under section 63 of the Copyright Act,1,1,0.9,https://timesofindia.indiatimes.com/city/allahabad/spurious-desi-ghee-seized-in-pratapgarh/articleshow/124096738.cms,An FIR under section 63 of the Copyright Act was also registered
News,Ghee,legal action against AR Dairy Food Private Limited,issuedby,TTD,1,1,0.9,https://www.hindustantimes.com/india-news/tirupati-laddu-row-fish-oil-more-expensive-accused-ghee-supplier-refutes-allegations-101726973256605.html,TTD initiated legal action against the firm
News,Ghee,Food Safety on Wheels,targets,food business operators,1,1,0.8,https://www.newindianexpress.com/cities/kochi/2022/apr/12/food-safety-on-wheels-2440851.html,conduct training programmes for food business operators
News,Ghee,"legal action against 1,200 violators",issuedby,Food Safety Department,1,1,0.9,https://www.newindianexpress.com/cities/kochi/2022/apr/12/food-safety-on-wheels-2440851.html,"food safety department has initiated legal action against 1,200 violators"
News,Ghee,Food Safety Department,issuedby,legal action against violators,1,1,0.9,https://www.newindianexpress.com/cities/kochi/2022/apr/12/food-safety-on-wheels-2440851.html,"food safety department has initiated legal action against 1,200 violators"
News,Ghee,Constitution of one-man committee to probe TTD ghee,issuedby,Andhra Pradesh government,1,1,0.9,https://www.thehindu.com/news/national/andhra-pradesh/one-man-panel-to-probe-ttd-ghee-adulteration-allegations/article70656638.ece,Andhra Pradesh government on Friday constituted a one-man committee
News,Ghee,IncidentFinding_ghee_adulteration,triggeredaction,RegulatoryAction_raids,1,1,0.9,https://www.indiatoday.in/india/story/india-today-impact-sting-operation-fake-ghee-leads-to-raids-uttar-pradesh-hathras-2623207-2024-10-25?utm_source=rss,"sting operation on adulteration in ghee led to the officials taking note of the issue, with raids being conducted"
News,Ghee,seizure of 450 kg of spurious ghee in Malviya Nagar,issuedby,food safety commissionerates,1,1,0.85,https://timesofindia.indiatimes.com/life-style/food-news/thousands-of-tonnes-of-adulterated-ghee-seized-heres-how-to-identify-fake-ghee/articleshow/111258066.cms,450 kg of spurious ghee was seized by a team of food safety commissionerates
News,Ghee,directive on misleading products in market in name of ghee/ butter,issuedby,Food Safety & Standards Authority of India,1,1,0.95,https://timesofindia.indiatimes.com/city/vadodara/selling-plant-based-items-as-ghee-butter-is-cheating/articleshow/97293733.cms,FSSAI's deputy director Rakesh Kumar has issued directive
News,Ghee,directive to check labels and take enforcement actions,issuedby,Food Safety & Standards Authority of India,1,1,0.9,https://timesofindia.indiatimes.com/city/vadodara/selling-plant-based-items-as-ghee-butter-is-cheating/articleshow/97293733.cms,FSSAI's deputy director Rakesh Kumar has issued directive
News,Ghee,suspension of Central License,issuedby,FSSAI,1,1,0.85,https://www.newindianexpress.com/nation/2024/Sep/23/tirupati-laddu-row-fssai-issues-show-cause-notice-to-ghee-supplier-2,"why, your Central License shall not be suspended"
News,Ghee,suspension of Central License,targets,ghee,1,1,0.8,https://www.newindianexpress.com/nation/2024/Sep/23/tirupati-laddu-row-fssai-issues-show-cause-notice-to-ghee-supplier-2,"non-conformance of the product ""Ghee"" manufactured by your firm"
News,Ghee,Seizure of 6.6 lakh kgs adulterated food,issuedby,Health Department,1,1,0.95,https://timesofindia.indiatimes.com/city/jaipur/25-of-food-samples-tested-in-raj-in-2024-found-adulterated/articleshow/117897659.cms,"health department subsequently took decisive action, seizing or destroying over 6.6 lakh kgs of adulterated food products"
News,Ghee,"Filing of 3,915 legal cases",issuedby,Health Department,1,1,0.95,https://timesofindia.indiatimes.com/city/jaipur/25-of-food-samples-tested-in-raj-in-2024-found-adulterated/articleshow/117897659.cms,"Legal action was also escalated, with more than 3,915 cases filed"
News,Ghee,Imposition of Rs 11.2 crore penalty,issuedby,Rajasthan Health Department,1,1,0.95,https://timesofindia.indiatimes.com/city/jaipur/25-of-food-samples-tested-in-raj-in-2024-found-adulterated/articleshow/117897659.cms,resulting in a hefty penalty of Rs 11.2 crore imposed on guilty traders
News,Ghee,order to shut down the unit,issuedby,Ranchi district administration,1,1,0.9,https://timesofindia.indiatimes.com/city/ranchi/ranchi-district-boosts-food-safety-measures-ahead-of-durga-puja-with-raids-on-sweet-shops/articleshow/124097658.cms,ordered the unit to be shut down until further notice
News,Ghee,Ghee non-conformance finding,triggeredaction,License suspension inquiry,1,1,0.95,https://www.thehindu.com/news/national/food-safety-authority-issues-show-cause-notice-to-firm-on-contamination-in-tirupati-laddus/article68674512.ece,asked the A.R. Dairy Food Private Ltd why its central licence should not be suspended
News,Ghee,Show-cause notice for license suspension,issuedby,FSSAI,1,1,0.95,https://www.thehindu.com/news/national/food-safety-authority-issues-show-cause-notice-to-firm-on-contamination-in-tirupati-laddus/article68674512.ece,the food regulator asked the A.R. Dairy
News,Ghee,Show-cause notice for license suspension,citesfinding,IncidentFinding: Ghee non-conformance at TTD,1,1,0.9,https://www.thehindu.com/news/national/food-safety-authority-issues-show-cause-notice-to-firm-on-contamination-in-tirupati-laddus/article68674512.ece,contravention of the above said provisions
News,Ghee,show-cause notice to A.R. Dairy,citesfinding,ghee samples contained foreign fats,1,1,0.85,https://www.thehindu.com/news/national/food-safety-authority-issues-show-cause-notice-to-firm-on-contamination-in-tirupati-laddus/article68674512.ece,found that ghee samples used in the Tirupati laddus contained foreign fats
News,Ghee,Case registration,issuedby,Delhi Police,1,1,0.9,https://www.punjabnewsexpress.com/news/news/fake-ghee-manufacturing-unit-busted-in-delhi-packaging-material-of-amul-mother-dairy-patanjali-recovered-230157,A case has been registered
News,Ghee,chargesheet,issuedby,CBI-led SIT,1,1,0.85,https://www.deccanherald.com/india/andhra-pradesh/tirupati-laddu-ghee-adulteration-occurred-during-tdp-regime-claims-ysrcp-chief-3904882,CBI-led SIT chargesheet investigating the ghee adulteration case
News,Ghee,Tirumala ghee case,triggeredaction,charge sheet filing,1,1,0.95,https://www.thehansindia.com/andhra-pradesh/sit-files-charge-sheet-in-tirumala-ghee-case-1041805,SIT files charge sheet in Tirumala ghee case
News,Ghee,Supreme Court,triggeredaction,temporary halt of SIT investigation,1,1,0.8,https://www.thehindu.com/news/national/andhra-pradesh/sit-probe-into-the-alleged-adulterated-ghee-temporarily-suspended-andhra-pradesh-dgp-dwaraka-tirumala-rao/article68705297.ece,SIT would temporarily halt its investigations until the Supreme Court's next hearing
News,Ghee,Hapur Sweet Shop Raid,issuedby,FSSAI,1,1,0.95,https://www.newsx.com/india/uttar-pradesh-viral-video-fssai-raid-in-hapur-ahead-of-holi-sparks-outrage-after-locals-seen-picking-adulterated-sweets-from-garbage-174020/,FSSAI Raid in Hapur... food safety inspectors hit a bunch of sweet shops
News,Ghee,Seizure and Disposal,targets,sweets,1,1,0.9,https://www.newsx.com/india/uttar-pradesh-viral-video-fssai-raid-in-hapur-ahead-of-holi-sparks-outrage-after-locals-seen-picking-adulterated-sweets-from-garbage-174020/,grabbed those boxes and tossed them straight into a municipal garbage bin
News,Ghee,Kanpur Food Adulteration Crackdown,issuedby,Uttar Pradesh Food Safety and Drug Administration,1,1,0.9,https://www.newsx.com/india/uttar-pradesh-viral-video-fssai-raid-in-hapur-ahead-of-holi-sparks-outrage-after-locals-seen-picking-adulterated-sweets-from-garbage-174020/,The Uttar Pradesh Food Safety and Drug Administration (UPFSDA) teamed up with the Food Safety and Standards Authority of India (FSSAI) and really cracked down on food adulteration in Kanpur.
News,Ghee,Kanpur Food Adulteration Crackdown,issuedby,FSSAI,1,1,0.9,https://www.newsx.com/india/uttar-pradesh-viral-video-fssai-raid-in-hapur-ahead-of-holi-sparks-outrage-after-locals-seen-picking-adulterated-sweets-from-garbage-174020/,UPFSDA teamed up with the Food Safety and Standards Authority of India (FSSAI) and really cracked down on food adulteration in Kanpur.
News,Ghee,Show cause notice to A R Dairy Food Private Limited,issuedby,FSSAI,1,1,0.9,https://timesofindia.indiatimes.com/city/madurai/madras-high-court-orders-fssai-to-investigate-adulterated-ghee-supply-to-ttd/articleshow/113915728.cms,FSSAI issued a show cause notice to the company
News,Ghee,TTD,triggeredaction,Legal action against unauthorised entities,1,1,0.8,https://www.thehindubusinessline.com/news/pawan-kalyan-hits-out-at-mk-stalin-over-tirumala-laddu-ghee-scam-comments/article70383212.ece,TTD initiated legal action against multiple unauthorised entities
News,Ghee,warning to suppliers,issuedby,TTD,1,1,0.85,https://www.thehansindia.com/andhra-pradesh/sit-probe-reveals-supply-of-adulterated-ghee-to-ttd-944370,TTD issued warnings to all suppliers
News,Ghee,Asset freezing action,issuedby,CCB,1,1,0.9,https://starofmysore.com/fake-nandini-ghee-racket-mysuru-couple-arrested/,Police have frozen about Rs. 60 lakh across bank accounts linked to the couple
News,Ghee,licence suspension notice,issuedby,FSSAI,1,1,0.95,https://economictimes.indiatimes.com/news/india/tirupati-laddu-row-fssai-issues-show-cause-notice-to-ghee-supplier/articleshow/113606936.cms,FSSAI has asked A R Diary Food Private Ltd why its central licence should not be suspended
News,Ghee,licence suspension notice,issuedby,Food Safety and Standards Authority of India,1,1,0.95,https://economictimes.indiatimes.com/news/india/tirupati-laddu-row-fssai-issues-show-cause-notice-to-ghee-supplier/articleshow/113606936.cms,Food Safety and Standards Authority of India (FSSAI) has asked A R Diary Food Private Ltd why its central licence should not be suspended
News,Ghee,blacklisting of contractor,targets,ghee,1,1,0.9,https://timesofindia.indiatimes.com/city/amaravati/ttd-blacklists-contractor-for-supplying-substandard-ghee/articleshow/111967824.cms,blacklisted a contractor for supplying substandard ghee
News,Ghee,blacklisting of supplier,issuedby,Tirumala Tirupati Devasthanams,1,1,0.9,https://timesofindia.indiatimes.com/city/amaravati/ttd-blacklists-contractor-for-supplying-substandard-ghee/articleshow/111967824.cms,We have blacklisted the supplier
News,Ghee,blacklisting of supplier,targets,cow ghee,1,1,0.8,https://timesofindia.indiatimes.com/city/amaravati/ttd-blacklists-contractor-for-supplying-substandard-ghee/articleshow/111967824.cms,blacklisted the supplier and have returned back his ghee stocks
News,Ghee,warning to suppliers,issuedby,Tirumala Tirupati Devasthanams,1,1,0.85,https://timesofindia.indiatimes.com/city/amaravati/ttd-blacklists-contractor-for-supplying-substandard-ghee/articleshow/111967824.cms,We have also warned other suppliers
News,Ghee,bank account freeze,issuedby,Mysuru City police,1,1,0.9,https://www.thehindu.com/news/national/karnataka/ccb-arrests-couple-from-mysuru-kingpins-of-fake-nandini-ghee-racket/article70326249.ece,The police have freezed the couple's bank accounts
News,Ghee,seizure of documents and equipment,issuedby,Mysuru City police,1,1,0.85,https://www.thehindu.com/news/national/karnataka/ccb-arrests-couple-from-mysuru-kingpins-of-fake-nandini-ghee-racket/article70326249.ece,"The police have freezed the couple's bank accounts, and seized documents and other equipment"
News,Ghee,raids on spurious desi ghee making units,issuedby,Food Safety Department,1,1,0.9,https://www.tribuneindia.com/news/haryana/food-dept-raids-units-making-spurious-ghee-513513,Food Safety Department conducted raids on spurious desi ghee making units
News,Ghee,raids on spurious desi ghee making units,issuedby,Hisar Range police,1,1,0.85,https://www.tribuneindia.com/news/haryana/food-dept-raids-units-making-spurious-ghee-513513,Hisar Range police ... conducted raids on spurious desi ghee making units
News,Ghee,doughnut adulteration finding,triggeredaction,improvement notice,1,1,0.9,https://www.newindianexpress.com/cities/bengaluru/2025/Apr/29/fda-finds-excessive-use-of-artificial-colours-in-popular-doughnut-brand-flags-it-unsafe-for-consumption,The department has issued an improvement notice to the company
News,Ghee,improvement notice,issuedby,Food Safety and Drug Administration,1,1,0.9,https://www.newindianexpress.com/cities/bengaluru/2025/Apr/29/fda-finds-excessive-use-of-artificial-colours-in-popular-doughnut-brand-flags-it-unsafe-for-consumption,The department has issued an improvement notice
News,Ghee,seizure of milk and ghee,targets,milk,1,1,0.85,https://www.deccanchronicle.com/southern-states/telangana/drive-finds-violations-in-milk-ghee-sales-1951963,milk and ghee worth ₹7.78 lakh were seized
News,Ghee,seizure of milk and ghee,targets,ghee,1,1,0.9,https://www.deccanchronicle.com/southern-states/telangana/drive-finds-violations-in-milk-ghee-sales-1951963,milk and ghee worth ₹7.78 lakh were seized
News,Ghee,show‑cause notices,issuedby,Authorities,1,1,0.85,https://www.deccanchronicle.com/southern-states/telangana/drive-finds-violations-in-milk-ghee-sales-1951963,Authorities issued show‑cause and improvement notices
News,Ghee,improvement notices,issuedby,Authorities,1,1,0.85,https://www.deccanchronicle.com/southern-states/telangana/drive-finds-violations-in-milk-ghee-sales-1951963,Authorities issued show‑cause and improvement notices
News,Ghee,rejection of anticipatory bail for Vijayabhaskar Reddy,issuedby,Nellore ACB Court,1,1,0.9,https://www.thehansindia.com/andhra-pradesh/tirumala-laddu-ghee-case-enters-final-stage-1038979,Nellore ACB Court rejected the anticipatory bail plea of Vijayabhaskar Reddy
News,Ghee,seizure of adulterated ghee,issuedby,Food and Drugs Control Administration,1,1,0.9,https://timesofindia.indiatimes.com/city/ahmedabad/adulterated-ghee-seized-in-gujarat-beware-of-duplicate-branded-ghee/articleshow/106168455.cms,"FDCA has seized 8,467kg of adulterated ghee"
News,Ghee,RegulatoryAction_SIT_Constitution,targets,ghee,1,1,0.8,https://economictimes.indiatimes.com/news/india/sc-constitutes-new-five-member-sit-to-investigate-adulterated-ghee-claims-under-cbi-chief/articleshow/113948262.cms,probe allegations that adulterated ghee
News,Ghee,SIT investigation,issuedby,AP govt,1,1,0.9,https://timesofindia.indiatimes.com/city/vijayawada/tirupati-prasadam-row-ttd-lodges-police-complaint-against-ar-dairy-foods-for-supplying-ghee-adulterated-with-animal-fats/articleshow/113674467.cms,state govt constituted a SIT
News,Ghee,IncidentFinding_Dhanbad_Paneer,triggeredaction,Strict legal action,1,1,0.8,https://timesofindia.indiatimes.com/city/ranchi/1400-kg-adulterated-paneer-seized-in-dhanbad-bus-raid/articleshow/129516820.cms,Strict legal action will be initiated against the suppliers
News,Ghee,notices imposing sections under the FSS Act 2006,issuedby,State Food Safety Task Force,1,1,0.9,https://www.thehansindia.com/news/cities/hyderabad/task-force-cracks-whip-against-adulterated-milk-product-unit-in-rr-933701,task force team later issued notices to the owner of the unit imposing sections under the FSS Act 2006
News,Ghee,Food Safety and Standards Authority of India,issuedby,surprise raids on various restaurants and ghee manufacturing units,1,1,0.9,https://www.newindianexpress.com/cities/vijayawada/2021/apr/07/food-safety-officials-conduct-raids-on-restaurants-ghee-units-invijayawada-2286873.html,Sleuths of Food Safety and Standards Authority of India (FSSAI) along with Vigilance officials conducted surprise raids
News,Ghee,Incident finding of adulterated ghee and oil,triggeredaction,"FIR registration under IPC Sections 186, 201, 380",1,1,0.9,https://www.hindustantimes.com/cities/chandigarh-news/ludhiana-seized-by-health-officials-ghee-oil-stolen-three-booked-101736529578743.html,"FIR under Sections 186, 201 and 380 of the IPC has been registered"
News,Ghee,license cancellation,issuedby,Gujarat Food and Drugs Control Administration,1,1,0.9,https://indianexpress.com/article/cities/ahmedabad/gujarat-fdca-seizes-4000-kg-adulterated-ghee-worth-rs-17-5-lakh-9858379/,"the firm's license was cancelled on October 4, 2024"
News,Ghee,"Seizure of 4,000 kg ghee",targets,ghee,1,1,0.9,https://indianexpress.com/article/cities/ahmedabad/gujarat-fdca-seizes-4000-kg-adulterated-ghee-worth-rs-17-5-lakh-9858379/,"seized 4,000 kg of suspected adulterated ghee"
News,Ghee,Holi-Anti-Adulteration Drive 2025,issuedby,FSSAI,1,1,0.9,https://www.livemint.com/news/india/india-fssai-food-regulator-states-uts-adulteration-holi-festival-11740912233603.html,"“To address this issue effectively, the “Holi-Anti-Audulteration Drive 2025” shall be initated by the States/UTs and regional offices of FSSAI"
News,Ghee,penal action,issuedby,Food Safety and Standards Authority of India,1,1,0.9,https://www.livemint.com/news/india/india-fssai-food-regulator-states-uts-adulteration-holi-festival-11740912233603.html,penal action is taken against the defaulting Food Business Operators
News,Ghee,penal action,targets,Food Business Operators,1,1,0.9,https://www.livemint.com/news/india/india-fssai-food-regulator-states-uts-adulteration-holi-festival-11740912233603.html,penal action is taken against the defaulting Food Business Operators
News,Ghee,civil cases,issuedby,Food Safety and Standards Authority of India,1,1,0.85,https://www.livemint.com/news/india/india-fssai-food-regulator-states-uts-adulteration-holi-festival-11740912233603.html,"Around 33,750 civil cases were launched"
News,Ghee,criminal cases,issuedby,Food Safety and Standards Authority of India,1,1,0.85,https://www.livemint.com/news/india/india-fssai-food-regulator-states-uts-adulteration-holi-festival-11740912233603.html,"4,737 criminal cases initiated against food business operators"
News,Ghee,probe under Prevention of Money Laundering Act,issuedby,Enforcement Directorate,1,1,0.9,https://www.thehindu.com/news/national/andhra-pradesh/ed-steps-into-tirumala-laddu-ghee-adulteration-case/article70616718.ece,ED has registered a case and initiated a probe under the Prevention of Money Laundering Act
News,Ghee,instruction to keep food covered,issuedby,Cyberabad Municipal Corporation,1,1,0.9,https://www.siasat.com/hyderabad-kondapur-biryani-outlet-scores-92-pc-in-food-safety-3492900/,CMC officials issued instructions to keep food items covered
News,Ghee,instruction to procure labelled products,issuedby,CMC,1,1,0.9,https://www.siasat.com/hyderabad-kondapur-biryani-outlet-scores-92-pc-in-food-safety-3492900/,CMC officials issued instructions to keep food items covered at all times and directed the outlet to procure and maintain properly labelled food products going forward.
News,Ghee,animal fat detection in ghee,triggeredaction,blacklisting of AR Dairy,1,1,0.9,https://www.siasat.com/ghee-for-tirupati-laddus-not-made-at-tn-dairy-reveals-document-3108193/,issued a show-cause notice to AR Dairy for blacklisting
News,Ghee,show-cause notice to AR Dairy,citesfinding,presence of animal fat in ghee,1,1,0.9,https://www.siasat.com/ghee-for-tirupati-laddus-not-made-at-tn-dairy-reveals-document-3108193/,"After the tests of the samples collected from four tankers revealed the presence of animal fat, the TTD sent back the tankers and issued a show-cause notice to AR Dairy"
News,Ghee,penalties amounting to Rs 3.04 crore,issuedby,Punjab government,1,1,0.95,https://indianexpress.com/article/cities/chandigarh/punjab-imposes-over-%e2%82%b93-crore-in-fines-for-adulterated-milk-products-in-five-years-10278656/,Punjab government has told the Punjab and Haryana High Court that it imposed penalties amounting to Rs 3.04 crore
News,Ghee,legal action against AR Dairy Food,issuedby,TTD,1,1,0.9,https://www.sentinelassam.com/breakingnews/tirupati-laddu-row-ghee-supplier-denies-allegations-of-adulteration,TTD... initiated legal action against the Tamil Nadu-based AR Dairy Food
News,Ghee,legal action against AR Dairy Food,targets,AR Dairy Food,1,1,0.95,https://www.sentinelassam.com/breakingnews/tirupati-laddu-row-ghee-supplier-denies-allegations-of-adulteration,initiated legal action against the Tamil Nadu-based AR Dairy Food
News,Ghee,show-cause notice,targets,company supplying ghee,1,1,0.9,https://timesofindia.indiatimes.com/city/vijayawada/tirupati-laddu-row-fssai-serves-notice-to-firm-supplying-ghee-to-tirumala-shrine/articleshow/113618712.cms,notice to a company that was supplying ghee
News,Ghee,instructions to vendors,issuedby,GHMC,1,1,0.85,https://www.thehansindia.com/news/cities/hyderabad/city-hotels-haleem-vendors-under-food-safety-scanner-1055247,These vendors were instructed to prepare food in clean environments
News,Ghee,notices for hygiene violations,issuedby,Surat Municipal Corporation,1,1,0.9,https://timesofindia.indiatimes.com/city/surat/smc-seizes-797-kg-adulterated-dairy-products-in-5-day-drive/articleshow/125352948.cms,notices were issued
News,Ghee,seizure of 120 kg substandard food,issuedby,Surat Municipal Corporation,1,1,0.9,https://timesofindia.indiatimes.com/city/surat/smc-seizes-797-kg-adulterated-dairy-products-in-5-day-drive/articleshow/125352948.cms,Officials also seized and destroyed 120 kg of substandard food
News,Ghee,Statewide enforcement drive against gutkha and food adulteration,targets,gutkha,1,1,0.9,https://indianexpress.com/article/cities/mumbai/maharashtra-fda-gutkha-food-adulteration-crackdown-10713418/,enforcement drive against the sale of banned gutkha
News,Ghee,Statewide enforcement drive against gutkha and food adulteration,targets,milk products,1,1,0.85,https://indianexpress.com/article/cities/mumbai/maharashtra-fda-gutkha-food-adulteration-crackdown-10713418/,"inspected 23 establishments manufacturing or selling packaged drinking water, milk products"
News,Ghee,Statewide enforcement drive against gutkha and food adulteration,targets,packaged drinking water,1,1,0.85,https://indianexpress.com/article/cities/mumbai/maharashtra-fda-gutkha-food-adulteration-crackdown-10713418/,inspected 23 establishments manufacturing or selling packaged drinking water
News,Ghee,Statewide enforcement drive against gutkha and food adulteration,targets,noodles,1,1,0.85,https://indianexpress.com/article/cities/mumbai/maharashtra-fda-gutkha-food-adulteration-crackdown-10713418/,"inspected 23 establishments manufacturing or selling packaged drinking water, milk products, noodles"
News,Ghee,Food Safety on Wheels,issuedby,FSSAI,1,1,0.95,https://www.bombaynews.net/news/274230441/india-food-regulation-authority-fssai-launches-initiatives-to-curb-food-adulteration,"FSSAI has launched the ""Food Safety on Wheels"" (FSW) initiative"
News,Ghee,TTD ghee adulteration case,triggeredaction,SIT summons,1,1,0.85,https://www.thehindu.com/news/national/andhra-pradesh/sit-summons-yv-subba-reddy-aide-in-ttd-ghee-adulteration-case/article70287376.ece,SIT summons Y.V. Subba Reddy aide in TTD ghee adulteration case
News,Ghee,TTD ghee adulteration case,triggeredaction,arrest of Appanna,1,1,0.9,https://www.thehindu.com/news/national/andhra-pradesh/sit-summons-yv-subba-reddy-aide-in-ttd-ghee-adulteration-case/article70287376.ece,arrested by SIT on October 30
News,Ghee,RegulatoryAction,issuedby,municipal court,1,1,0.85,https://timesofindia.indiatimes.com/city/surat/surat-sees-13-fold-spike-in-fake-substandard-food/articleshow/127917193.cms,penalised by the municipal court
News,Ghee,notice to Omfed,issuedby,food safety officer,1,1,0.9,https://www.newindianexpress.com/states/odisha/2024/Oct/05/omfed-under-lens-for-substandard-ghee-supply,food safety officer issued a notice to Omfed
News,Ghee,notice to Omfed,targets,ghee,1,1,0.85,https://www.newindianexpress.com/states/odisha/2024/Oct/05/omfed-under-lens-for-substandard-ghee-supply,notice to Omfed for supplying tins of ghee
News,Ghee,Appropriate legal action,issuedby,Health Department,1,1,0.85,https://timesofindia.indiatimes.com/city/ludhiana/food-samples-seized-in-ludhiana-ahead-of-festive-rush-/articleshow/124478576.cms,Appropriate legal action will be taken as per the laboratory reports
News,Ghee,"ban on manufacture, sale, and storage of six ghee brands",issuedby,FSDA,1,1,0.95,https://timesofindia.indiatimes.com/life-style/food-news/fsda-declares-6-desi-ghee-brands-unsafe-how-to-check-ghee-purity-and-the-easiest-way-to-make-ghee-at-home/articleshow/130544411.cms,"The manufacture, sale, and storage of these brands have now been banned"
News,Ghee,one-man commission inquiry,targets,Srivari laddu prasadam,1,1,0.85,https://www.deccanchronicle.com/southern-states/andhra-pradesh/one-man-panel-begins-probe-into-ttd-laddu-ghee-irregularities-1941294,examine administrative lapses and irregularities in the procurement and use of adulterated ghee for Srivari laddu prasadam
News,Ghee,Ghee Adulteration Incident in Panna,triggeredaction,Fine of ₹1.5 lakh,1,1,0.95,https://www.freepressjournal.in/bhopal/8-quintals-of-fake-ghee-worth-6-lakh-destroyed-after-failing-lab-test-in-mps-panna-trader-fined-15-lakh,court imposed a fine of ₹1.5 lakh on the trader
News,Ghee,Fine of ₹1.5 lakh,issuedby,Additional Collector's court,1,1,0.9,https://www.freepressjournal.in/bhopal/8-quintals-of-fake-ghee-worth-6-lakh-destroyed-after-failing-lab-test-in-mps-panna-trader-fined-15-lakh,The court imposed a fine of ₹1.5 lakh on the trader.
News,Ghee,TTD,triggeredaction,show-cause notices,1,1,0.85,https://www.hindustantimes.com/india-news/ttd-files-police-complaint-against-firm-for-suppling-adulterated-ghee-101727265799710.html,Muralikrishna said show-cause notices were issued to the company
News,Ghee,FSSAI actions,issuedby,FSSAI,1,1,0.9,https://www.thehindubusinessline.com/economy/agri-business/what-recent-fssai-actions-really-mean-for-indias-dairy-sector/article70440820.ece,The current FSSAI actions are just one visible part
News,Ghee,Telangana Food Safety Commission,issuedby,Show cause notices,1,1,0.9,https://www.siasat.com/food-adulteration-drive-rs-7-78-lakh-worth-milk-ghee-seized-in-hyderabad-3457214/,Show cause notices have been issued to the violators
News,Ghee,Food checking drive in Chhatrapati Sambhajinagar,issuedby,Food and Drugs Administration (FDA),1,1,0.85,https://www.freepressjournal.in/pune/check-food-items-scrupulously-ahead-of-festivals-chhatrapati-sambhajinagar-district-collector-tells-fda,directed the Food and Drugs Administration (FDA) to check the food items scrupulously
News,Ghee,Food checking drive in Chhatrapati Sambhajinagar,issuedby,Narhari Zirwal,1,1,0.85,https://www.freepressjournal.in/pune/check-food-items-scrupulously-ahead-of-festivals-chhatrapati-sambhajinagar-district-collector-tells-fda,"Minister for Food and Drugs Administration of Maharashtra, Narhari Zirwal, has issued special orders"
News,Ghee,blacklisting of all erring suppliers,issuedby,committee,1,1,0.85,https://indianexpress.com/article/cities/hyderabad/tirumala-laddu-ghee-adulteration-dinesh-kumar-committee-report-ttd-lapses-10667467/,called for the immediate blacklisting of all erring suppliers
News,Ghee,legal and penal action,issuedby,committee,1,1,0.85,https://indianexpress.com/article/cities/hyderabad/tirumala-laddu-ghee-adulteration-dinesh-kumar-committee-report-ttd-lapses-10667467/,initiation of legal and penal action
News,Ghee,"Fine of Rs 25,000 against Dave Saurashtra Dairy",targets,Dave Saurashtra Dairy,1,1,0.95,https://www.freepressjournal.in/bhopal/bhopal-38-quintals-of-substandard-mawa-cheese-worth-9l-seized,"sum of Rs 25,000 has been imposed against Dave Saurashtra Dairy"
News,Ghee,"fine of Rs 20,000 against nearby Zam-Zam fast food",targets,Zam-Zam fast food,1,1,0.9,https://www.freepressjournal.in/bhopal/bhopal-38-quintals-of-substandard-mawa-cheese-worth-9l-seized,"fine of Rs 20,000 against nearby Zam-Zam fast food"
News,Ghee,IncidentFinding: ghee sample failed analysis,triggeredaction,RegulatoryAction: licence suspension notice,1,1,0.9,https://indianexpress.com/article/india/tirupati-temple-fssai-show-cause-notice-ghee-company-9584336/,show cause as to why your central licence shall not be suspended
News,Ghee,suspension of FSSAI license,issuedby,Gujarat Food and Drug Control Administration,1,1,0.95,https://timesofindia.indiatimes.com/life-style/food-news/3100-kg-adulterated-ghee-seized-in-ahmedabad-7-ways-to-identify-fake-ghee-at-home/articleshow/119640035.cms,FDCA has suspended the firm's FSSAI license
News,Ghee,fine of Rs 2 lakh,issuedby,Gujarat Food and Drug Control Administration,1,1,0.95,https://timesofindia.indiatimes.com/life-style/food-news/3100-kg-adulterated-ghee-seized-in-ahmedabad-7-ways-to-identify-fake-ghee-at-home/articleshow/119640035.cms,imposed a fine of Rs 2 lakh on the trader
News,Ghee,ghee adulteration finding,triggeredaction,license suspension action,1,1,0.85,https://timesofindia.indiatimes.com/life-style/food-news/3100-kg-adulterated-ghee-seized-in-ahmedabad-7-ways-to-identify-fake-ghee-at-home/articleshow/119640035.cms,FDCA has suspended the firm's FSSAI license with immediate effect
News,Ghee,ghee adulteration finding,triggeredaction,fine of Rs 2 lakh,1,1,0.9,https://timesofindia.indiatimes.com/life-style/food-news/3100-kg-adulterated-ghee-seized-in-ahmedabad-7-ways-to-identify-fake-ghee-at-home/articleshow/119640035.cms,imposed a fine of Rs 2 lakh on the trader
News,Ghee,ghee adulteration finding,triggeredaction,return of four ghee tankers,1,1,0.85,https://www.hindustantimes.com/india-news/uttarakhand-firm-behind-adulterated-gheesit-101739301270922.html,TTD returned four ghee tankers to AR Dairy on July 25
News,Ghee,Finding of adulterated ghee,triggeredaction,Handover to Adugodi police,1,1,0.85,https://www.thehindu.com/news/national/karnataka/kmf-officials-caught-driver-supplying-adulterated-ghee-tins/article67337827.ece,officials handed him over to Adugodi police
News,Ghee,show-cause notice,targets,ghee,1,1,0.9,https://www.thehindubusinessline.com/news/national/health-ministry-issues-show-cause-notice-to-ghee-supplier-after-tirupati-laddu-row/article68674234.ece,issued a show-cause notice to one of the companies that supplied ghee
News,Ghee,show-cause notice to ghee supplier,issuedby,FSSAI,1,1,0.9,https://www.thehindubusinessline.com/news/national/health-ministry-issues-show-cause-notice-to-ghee-supplier-after-tirupati-laddu-row/article68674234.ece,FSSAI has sought reasons from the ghee-supplier as a to why its central license shall not be suspended
News,Ghee,suspension of central license,targets,ghee,1,1,0.85,https://www.thehindubusinessline.com/news/national/health-ministry-issues-show-cause-notice-to-ghee-supplier-after-tirupati-laddu-row/article68674234.ece,sought reasons from the ghee-supplier as a to why its central license shall not be suspended
News,Ghee,FSSAI A2 Claim Removal Directive,targets,ghee,1,1,0.9,https://zeenews.india.com/economy/have-you-seen-a1-a2-claims-on-milk-ghee-products-know-what-it-is-check-why-regulatory-body-has-called-any-a2-claims-as-misleading-2781834.html,remove claims of 'A1' and 'A2' types of milk and milk products such as ghee
News,Ghee,raid on Bansal Agro Food Industries,issuedby,FSSAI,1,1,0.85,https://indianexpress.com/article/cities/delhi/1500-kg-spurious-desi-ghee-seized-during-raid-in-delhis-alipur-10402192/,officials from the Food Safety and Standards Authority of India (FSSAI) were roped in
News,Ghee,FDA crackdown,issuedby,Maharashtra Food and Drug Administration,1,1,0.95,https://timesofindia.indiatimes.com/city/pune/457-held-34-7-cr-worth-stock-seized-in-1-month-of-fda-crackdown/articleshow/132024216.cms,Maharashtra Food and Drug Administration (FDA) launched a sweeping crackdown
News,Ghee,FDA crackdown,targets,gutka,1,1,0.9,https://timesofindia.indiatimes.com/city/pune/457-held-34-7-cr-worth-stock-seized-in-1-month-of-fda-crackdown/articleshow/132024216.cms,crackdown on banned gutka
News,Ghee,FDA crackdown,targets,pan masala,1,1,0.9,https://timesofindia.indiatimes.com/city/pune/457-held-34-7-cr-worth-stock-seized-in-1-month-of-fda-crackdown/articleshow/132024216.cms,banned food products â such as gutka and pan masala
News,Ghee,Maharashtra FDA crackdown,targets,adulterated food products,1,1,0.9,https://timesofindia.indiatimes.com/city/pune/457-held-34-7-cr-worth-stock-seized-in-1-month-of-fda-crackdown/articleshow/132024216.cms,"crackdown on banned gutka, adulterated food products"
News,Ghee,seizure of prohibited food products,issuedby,FDA,1,1,0.9,https://timesofindia.indiatimes.com/city/pune/457-held-34-7-cr-worth-stock-seized-in-1-month-of-fda-crackdown/articleshow/132024216.cms,The department said prohibited food products valued at Rs5.6 crore were seized in 446 raids.
News,Ghee,recall notice,issuedby,Maharashtra FDA,1,1,0.9,https://timesofindia.indiatimes.com/city/pune/457-held-34-7-cr-worth-stock-seized-in-1-month-of-fda-crackdown/articleshow/132024216.cms,issued a recall notice to a company over non-compliant products
News,Ghee,FIRs lodged,issuedby,Food and Drugs Administration,1,1,0.9,https://www.hindustantimes.com/cities/mumbai-news/adulterated-sweets-wrongly-labelled-items-caught-by-fda-during-festive-season-101665685867876.html,FIRs were lodged against manufacturers
News,Ghee,FDA officials kept a vigil,targets,farsan,1,1,0.85,https://www.hindustantimes.com/cities/mumbai-news/adulterated-sweets-wrongly-labelled-items-caught-by-fda-during-festive-season-101665685867876.html,FDA officials kept a vigil at railway stations and bus stops where the adulterated food movement was anticipated from
News,Ghee,confiscation of 11 quintals of adulterated desi ghee,issuedby,Food Safety Department,1,1,0.9,https://www.tribuneindia.com/news/punjab/11-quintals-of-spurious-ghee-seized-in-malerkotla-561529,Officials of the Food Safety Department at Malerkotla have confiscated 11 quintals of adulterated desi ghee
News,Ghee,raid at a dairy in Ambala City,issuedby,Food and Drug Administration,1,1,0.95,https://www.tribuneindia.com/news/chandigarh/festive-season-spurious-khoya-seized-from-ambala-dairy-440791,joint team of the Food and Drug Administration... conducted a raid
News,Ghee,Stern action,targets,shopkeepers,1,1,0.85,https://www.tribuneindia.com/news/chandigarh/festive-season-spurious-khoya-seized-from-ambala-dairy-440791,Stern action would be taken against dairy owners and shopkeepers
News,Ghee,arrest of 14 people,issuedby,Food and Drugs Administration Pune division,1,1,0.95,https://timesofindia.indiatimes.com/city/pune/fda-arrests-14-for-selling-banned-goods-items-worth-rs32l-seized/articleshow/131491661.cms,FDA's Pune division has filed FIRs against 14 people and arrested them
News,Ghee,"seizure of 1,401 kg paneer",issuedby,Food Safety Department,1,1,0.9,https://www.livemint.com/news/india/gujarat-news-1-401-kg-of-adulterated-paneer-seized-in-surat-food-outlet-was-operating-without-licence-says-fssai-11772801034522.html,"Food Safety Department on Friday seized around 1,401 kilograms"
News,Ghee,confiscation of cooking oil,issuedby,Uttar Pradesh Food Safety and Drug Administration,1,1,0.9,https://www.livemint.com/news/india/gujarat-news-1-401-kg-of-adulterated-paneer-seized-in-surat-food-outlet-was-operating-without-licence-says-fssai-11772801034522.html,Uttar Pradesh Food Safety and Drug Administration (FSDA) confiscated
News,Ghee,Inspection at AR Dairy,targets,cow ghee,1,1,0.85,https://www.newindianexpress.com/states/andhra-pradesh/2024/Nov/25/adulteration-of-ttd-ghee-sit-inspects-ar-dairy,"scrutinised the dairy’s records, quality testing procedures, and documents related to the supply of cow ghee"
News,Ghee,Food and Drug Administration (FDA),issuedby,improvement notices,1,1,0.9,https://www.hindustantimes.com/cities/pune-news/fda-draws-142-food-samples-during-diwali-festival-101700330937164.html,improvement notices were issued to 67 establishments as per the provision of Food and Safety Act 2006
News,Ghee,Improvement Notices,issuedby,Food and Drug Administration (FDA),1,1,0.9,https://www.hindustantimes.com/cities/pune-news/fda-draws-142-food-samples-during-diwali-festival-101700330937164.html,improvement notices were issued to 67 establishments as per the provision of Food and Safety Act 2006
News,Ghee,Improvement Notices,targets,Food Business Operators (FBO),1,1,0.85,https://www.hindustantimes.com/cities/pune-news/fda-draws-142-food-samples-during-diwali-festival-101700330937164.html,improvement notices were issued to 67 establishments
News,Ghee,Improvement Notices,targets,Food Business Operators,1,1,0.85,https://www.hindustantimes.com/cities/pune-news/fda-draws-142-food-samples-during-diwali-festival-101700330937164.html,Notices have been also issued to shopkeepers and FBOs
News,Ghee,raids on 40 establishments linked to Madhusudan Ghee,issuedby,Income Tax department,1,1,0.9,https://www.indiatoday.in/india/story/mumbai-income-tax-officials-raid-madhusudan-ghee-1977646-2022-07-20?utm_source=rss,Income Tax department has conducted raids on around 40 establishments linked to Madhusudan Ghee
News,Ghee,Income Tax raids,targets,Madhusudan Ghee,1,1,0.85,https://www.indiatoday.in/india/story/mumbai-income-tax-officials-raid-madhusudan-ghee-1977646-2022-07-20?utm_source=rss,raids on around 40 establishments linked to Madhusudan Ghee
News,Ghee,"San Maharashtra cha, Sankalp Anna Surakshitate cha",issuedby,Maharashtra Food and Drug Administration,1,1,0.85,https://www.mid-day.com/mumbai/mumbai-news/article/maharashtra-fda-seizes-8-lakh-kg-of-substandard-food-in-pre-diwali-2025-crackdown-23599185,"under FDA's 'San Maharashtra cha, Sankalp Anna Surakshitate cha' campaign"
News,Ghee,Spice surveillance drive,issuedby,FSSAI,1,1,0.95,https://www.thehindubusinessline.com/economy/fssai-directs-states-to-ramp-up-surveillance-during-festival-season/article70118453.ece,FSSAI directing States to conduct a nationwide surveillance
News,Ghee,Spice surveillance drive,targets,black pepper,1,1,0.9,https://www.thehindubusinessline.com/economy/fssai-directs-states-to-ramp-up-surveillance-during-festival-season/article70118453.ece,identified 13 spices for this pan-India testing and sampling exercise which includes black pepper
News,Ghee,Spice surveillance drive,targets,cardamom,1,1,0.9,https://www.thehindubusinessline.com/economy/fssai-directs-states-to-ramp-up-surveillance-during-festival-season/article70118453.ece,"identified 13 spices for this pan-India testing and sampling exercise which includes black pepper, cardamom"
News,Ghee,Spice surveillance drive,targets,chilli,1,1,0.9,https://www.thehindubusinessline.com/economy/fssai-directs-states-to-ramp-up-surveillance-during-festival-season/article70118453.ece,"identified 13 spices for this pan-India testing and sampling exercise which includes black pepper, cardamom, chilli, cinnamon, coriander, cumin and turmeric both in the whole and powdered format"
News,Ghee,Spice surveillance drive,targets,cinnamon,1,1,0.9,https://www.thehindubusinessline.com/economy/fssai-directs-states-to-ramp-up-surveillance-during-festival-season/article70118453.ece,"identified 13 spices for this pan-India testing and sampling exercise which includes black pepper, cardamom, chilli, cinnamon"
News,Ghee,Spice surveillance drive,targets,coriander,1,1,0.9,https://www.thehindubusinessline.com/economy/fssai-directs-states-to-ramp-up-surveillance-during-festival-season/article70118453.ece,"identified 13 spices for this pan-India testing and sampling exercise which includes black pepper, cardamom, chilli, cinnamon, coriander, cumin and turmeric"
News,Ghee,Spice surveillance drive,targets,cumin,1,1,0.9,https://www.thehindubusinessline.com/economy/fssai-directs-states-to-ramp-up-surveillance-during-festival-season/article70118453.ece,"identified 13 spices for this pan-India testing and sampling exercise which includes black pepper, cardamom, chilli, cinnamon, coriander, cumin and turmeric"
News,Ghee,Spice surveillance drive,targets,turmeric,1,1,0.9,https://www.thehindubusinessline.com/economy/fssai-directs-states-to-ramp-up-surveillance-during-festival-season/article70118453.ece,"includes black pepper, cardamom, chilli, cinnamon, coriander, cumin and turmeric"
News,Ghee,destruction of ghee and equipment,issuedby,Bhiwandi Nizampura City Municipal Corporation,1,1,0.85,https://www.hindustantimes.com/cities/mumbai-news/bhiwandi-nizampur-civic-body-seizes-15-kg-of-ghee-mixed-with-animal-fat-101704528996768.html,We have destroyed the ghee and other equipment
News,Ghee,content takedown order,issuedby,Delhi High Court,1,1,0.9,https://timesofindia.indiatimes.com/city/vijayawada/heritage-md-issues-statement-on-quality-measures-amid-laddu-ghee-allegations/articleshow/128569406.cms,Delhi HC has directed all platforms to take down the content
News,Ghee,arresting four accused,issuedby,police,1,1,0.9,https://timesofindia.indiatimes.com/city/mysuru/mysuru-four-arrested-in-nandini-ghee-racket/articleshow/88559007.cms,police made a breakthrough by arresting four accused
News,Ghee,special campaign,issuedby,FDA,1,1,0.85,https://www.hindustantimes.com/cities/pune-news/chatuhshringi-police-fda-seize-650-kg-of-adulterated-ghee-oil-101696443911789.html,a special campaign will be implemented throughout the city
News,Ghee,issuance of two challans,issuedby,Chandigarh health department,1,1,0.9,https://timesofindia.indiatimes.com/life-style/food-news/450-kg-paneer-seized-in-chandigarh-5-ways-to-check-the-purity-of-paneer/articleshow/121838080.cms,two challans were issued under Section 63 of the Food Safety & Standards Act
News,Ghee,paneer seizure in Chandigarh,triggeredaction,issuance of challans under Section 63,1,1,0.9,https://timesofindia.indiatimes.com/life-style/food-news/450-kg-paneer-seized-in-chandigarh-5-ways-to-check-the-purity-of-paneer/articleshow/121838080.cms,two challans were issued under Section 63
News,Ghee,"seizure of substandard, adulterated or prohibited food products",issuedby,Food and Drug Administration (FDA) Pune,1,1,0.95,https://www.hindustantimes.com/cities/pune-news/fda-seizes-substandard-adulterated-food-products-worth-over-31-lakh-101780515229734.html,"The Food and Drug Administration (FDA) Pune has seized over ₹31 lakh worth of food products suspected to be substandard, adulterated or prohibited"
News,Ghee,"seizure of substandard, adulterated or prohibited food products",targets,refined soyabean oil,1,1,0.9,https://www.hindustantimes.com/cities/pune-news/fda-seizes-substandard-adulterated-food-products-worth-over-31-lakh-101780515229734.html,FDA officials seized refined soyabean oil and palmolein oil worth over ₹4.34 lakh from Praj Traders
News,Ghee,"seizure of substandard, adulterated or prohibited food products",targets,palmolein oil,1,1,0.9,https://www.hindustantimes.com/cities/pune-news/fda-seizes-substandard-adulterated-food-products-worth-over-31-lakh-101780515229734.html,FDA officials seized refined soyabean oil and palmolein oil worth over ₹4.34 lakh from Praj Traders
News,Ghee,"seizure of substandard, adulterated or prohibited food products",targets,analogue cheese,1,1,0.9,https://www.hindustantimes.com/cities/pune-news/fda-seizes-substandard-adulterated-food-products-worth-over-31-lakh-101780515229734.html,officials seized 647 kg of analogue cheese worth ₹1.24 lakh from Maharashtra Milk Dairy
News,Ghee,"seizure of substandard, adulterated or prohibited food products",targets,cow ghee,1,1,0.9,https://www.hindustantimes.com/cities/pune-news/fda-seizes-substandard-adulterated-food-products-worth-over-31-lakh-101780515229734.html,officials seized cow ghee and paneer worth ₹11.91 lakh from Vithumauli Dairy
News,Ghee,confiscation of prohibited food products,triggeredaction,registration of criminal cases,1,1,0.85,https://www.hindustantimes.com/cities/pune-news/fda-seizes-substandard-adulterated-food-products-worth-over-31-lakh-101780515229734.html,"seizure of banned products worth more than ₹32,000 along with the registration of criminal cases"
News,Ghee,blacklisting of contractor,issuedby,Tirumala Tirupati Devasthanams,1,1,0.9,https://economictimes.indiatimes.com/news/india/tirupati-laddu-row-cbi-arrests-four-individuals-for-violations-during-ghee-supply/articleshow/118101787.cms,contractor being blacklisted by the Tirumala Tirupati Devasthanams
News,Ghee,penalties for hygiene violations,issuedby,Food Safety and Drug Administration,1,1,0.9,https://www.newindianexpress.com/cities/bengaluru/2025/Apr/20/fda-intensifies-food-outlet-inspections-within-chinnaswamy-stadium-imposes-penalties-for-hygiene-violations,penalties were imposed on those found violating hygiene standards
News,Ghee,FIR registration under BNS and Food Safety and Standards Act,issuedby,Delhi Police,1,1,0.95,https://www.ibtimes.co.in/delhi-police-busts-adulterated-desi-ghee-racket-1625-kg-seized-six-arrested-890084,An FIR has been registered under the relevant sections of the BNS and the Food Safety and Standards Act
News,Ghee,Seizure of Adulterated Goods,targets,vegetable oils,1,1,0.9,https://www.freepressjournal.in/indore/illegal-ghee-factory-sealed-goods-worth-rs-5625l-seized-in-agar-malwa,"seized 7,000 litres of various vegetable oils"
News,Ghee,regulatory action,targets,establishments found violating food safety norms,1,1,0.85,https://www.indiatoday.in/india/andhra-pradesh/story/andhra-pradesh-east-godavari-milk-contamination-death-telangana-rajamahendravaram-2880782-2026-03-12,regulatory action has been initiated against establishments found violating food safety norms
News,Ghee,regulatory action,issuedby,Food Safety Department,1,1,0.85,https://www.indiatoday.in/india/andhra-pradesh/story/andhra-pradesh-east-godavari-milk-contamination-death-telangana-rajamahendravaram-2880782-2026-03-12,The department said regulatory action has been initiated
News,Ghee,license cancellation,issuedby,FSDA,1,1,0.95,https://timesofindia.indiatimes.com/city/agra/detergent-found-in-milk-animal-fat-in-ghee/articleshow/91801919.cms,Licenses of the adulterators have been cancelled
News,Ghee,laddu ghee adulteration case,triggeredaction,bail petition dismissal,1,1,0.85,https://timesofindia.indiatimes.com/city/vijayawada/laddu-ghee-adulteration-case-ttd-ex-gms-bail-plea-dismissed/articleshow/126082473.cms,ACB court in Nellore dismissed the bail petition
News,Ghee,challans,issuedby,Chandigarh health department,1,1,0.95,https://timesofindia.indiatimes.com/city/chandigarh/450kg-paneer-seized-in-raid-in-chandigarhs-sector-26/articleshow/121786950.cms,"two challans were issued under Section 63 of the Food Safety & Standards Act, 2006"
News,Ghee,Thane FDA Seizure Operation,issuedby,Thane FDA,1,1,0.95,https://www.rediff.com/news/report/fda-seizes-food-items-gutkha-in-thane-6-arrested/20260528.htm,The Food and Drug Administration (FDA) in Thane seized adulterated food items
News,Ghee,Thane FDA Seizure Operation,targets,edible oil,1,1,0.9,https://www.rediff.com/news/report/fda-seizes-food-items-gutkha-in-thane-6-arrested/20260528.htm,"seized suspicious items, including edible oil"
News,Ghee,Thane FDA Seizure Operation,targets,ghee,1,1,0.9,https://www.rediff.com/news/report/fda-seizes-food-items-gutkha-in-thane-6-arrested/20260528.htm,"ghee worth Rs 2,06,800"
News,Ghee,Thane FDA Seizure Operation,targets,toddy,1,1,0.9,https://www.rediff.com/news/report/fda-seizes-food-items-gutkha-in-thane-6-arrested/20260528.htm,"toddy worth Rs 17,100"
News,Ghee,Thane FDA Seizure Operation,targets,gutkha,1,1,0.9,https://www.rediff.com/news/report/fda-seizes-food-items-gutkha-in-thane-6-arrested/20260528.htm,"seized suspicious items, including edible oil, toddy, ghee and gutkha"
News,Ghee,Thane FDA Seizure Operation,targets,farsan,1,1,0.9,https://www.rediff.com/news/report/fda-seizes-food-items-gutkha-in-thane-6-arrested/20260528.htm,"farsan worth Rs 93,830"
News,Ghee,Thane FDA Seizure Operation,targets,hakka noodles,1,1,0.9,https://www.rediff.com/news/report/fda-seizes-food-items-gutkha-in-thane-6-arrested/20260528.htm,"and hakka noodles valued at Rs 8,190"
News,Ghee,Thane FDA Seizure Operation,targets,sherbet,1,1,0.9,https://www.rediff.com/news/report/fda-seizes-food-items-gutkha-in-thane-6-arrested/20260528.htm,"sherbet worth Rs 54,096"
News,Ghee,Thane FDA Seizure Operation,targets,gum arabic,1,1,0.9,https://www.rediff.com/news/report/fda-seizes-food-items-gutkha-in-thane-6-arrested/20260528.htm,"and gum arabic worth Rs 1,97,640 were confiscated"
News,Ghee,Arrest of six persons for selling banned items,issuedby,FDA,1,1,0.9,https://www.rediff.com/news/report/fda-seizes-food-items-gutkha-in-thane-6-arrested/20260528.htm,Six persons were arrested for possessing and selling banned food items
News,Ghee,Arrest of six persons for selling banned items,targets,pan masala,1,1,0.85,https://www.rediff.com/news/report/fda-seizes-food-items-gutkha-in-thane-6-arrested/20260528.htm,arrested for possessing and selling banned food items like pan masala
News,Ghee,Arrest of six persons for selling banned items,targets,gutkha,1,1,0.9,https://www.rediff.com/news/report/fda-seizes-food-items-gutkha-in-thane-6-arrested/20260528.htm,arrested for possessing and selling banned food items like pan masala and gutkha
News,Ghee,Recovery of contraband stock,issuedby,FDA,1,1,0.85,https://www.rediff.com/news/report/fda-seizes-food-items-gutkha-in-thane-6-arrested/20260528.htm,"Contraband stock worth Rs 4,53,344 was recovered from their possession"
News,Ghee,Amul,issuedby,public advisory,1,1,0.85,https://timesofindia.indiatimes.com/life-style/food-news/amul-warns-against-fake-ghee-sales-ahead-of-diwali-tips-to-identify-authentic-products/articleshow/114609497.cms,Amul has recently issued a public advisory
News,Ghee,case registration under BNS,issuedby,Bhilwara police,1,1,0.85,https://timesofindia.indiatimes.com/city/jaipur/bhilwara-police-bust-fake-saras-ghee-unit-arrest-one/articleshow/129761742.cms,Police registered a case at Subhash Nagar police station under various sections of the BNS
News,Ghee,Food and Drug Administration (FDA),targets,fast-food joints,1,1,0.85,https://www.freepressjournal.in/mumbai/fda-to-launch-surprise-food-safety-inspections-across-mumbai-ahead-of-christmas-and-new-year-2026,"ensure that cake shops, hotels, fast-food joints"
News,Ghee,absence of FDA licences,triggeredaction,penalties,1,1,0.85,https://www.freepressjournal.in/mumbai/fda-to-launch-surprise-food-safety-inspections-across-mumbai-ahead-of-christmas-and-new-year-2026,absence of FDA licences resulting in penalties
News,Ghee,temporary shutdowns,issuedby,Food and Drug Administration,1,1,0.85,https://www.freepressjournal.in/mumbai/fda-to-launch-surprise-food-safety-inspections-across-mumbai-ahead-of-christmas-and-new-year-2026,resulting in penalties and temporary shutdowns
News,Ghee,pre-Diwali crackdown on food adulteration,issuedby,Food Safety Department in GB Nagar,1,1,0.95,https://timesofindia.indiatimes.com/city/noida/1100-kg-of-adulterated-sweets-destroyed-in-pre-diwali-crackdown/articleshow/124436522.cms,"In a pre-Diwali crackdown on food adulteration, the Food Safety Department in GB Nagar destroyed over 1,100 kg of adulterated sweets"
News,Ghee,seizure of 400 kg adulterated ghee,issuedby,Food and Drugs Administration (FDA) of Maharashtra,1,1,0.95,https://www.freepressjournal.in/mumbai/mumbai-fda-seizes-400-kg-fake-ghee-worth-rs-3-lakh-samples-sent-for-laboratory-test,The Food and Drugs Administration (FDA) of Maharashtra seized adulterated ghee
News,Ghee,FDA seizure of ghee,targets,ghee,1,1,0.9,https://www.freepressjournal.in/mumbai/mumbai-fda-seizes-400-kg-fake-ghee-worth-rs-3-lakh-samples-sent-for-laboratory-test,"The remaining stock of 400 kg, worth Rs 2,99,090 was seized."
News,Ghee,seizure of 400 kg ghee,issuedby,Food and Drugs Administration (FDA) of Maharashtra,1,1,0.95,https://www.freepressjournal.in/mumbai/mumbai-fda-seizes-400-kg-fake-ghee-worth-rs-3-lakh-samples-sent-for-laboratory-test,The Food and Drugs Administration (FDA) of Maharashtra seized adulterated ghee
News,Ghee,seizure of 400 kg ghee,targets,ghee,1,1,0.95,https://www.freepressjournal.in/mumbai/mumbai-fda-seizes-400-kg-fake-ghee-worth-rs-3-lakh-samples-sent-for-laboratory-test,seized adulterated ghee
News,Ghee,seizure of adulterated ghee and sweets,issuedby,Delhi Police,1,1,0.9,https://frontline.thehindu.com/the-nation/food-adulteration-diwali-crisis-contamination-spices-india-diseases-fssai/article70208651.ece,"Delhi Police seized nearly 6,800 units of adulterated ghee and sweets"
News,Ghee,confiscation of suspected adulterated sweets,issuedby,Health and Police Departments,1,1,0.9,https://frontline.thehindu.com/the-nation/food-adulteration-diwali-crisis-contamination-spices-india-diseases-fssai/article70208651.ece,"Health and Police Departments confiscated 1,800 kg of suspected adulterated sweets"
News,Ghee,seizure and incineration of tainted food items,issuedby,Food Safety and Drug Administration,1,1,0.9,https://frontline.thehindu.com/the-nation/food-adulteration-diwali-crisis-contamination-spices-india-diseases-fssai/article70208651.ece,"Food Safety and Drug Administration seized and incinerated nearly 1,700 kg of tainted food items"
News,Ghee,monetary penalties,issuedby,FSSAI,1,1,0.9,https://frontline.thehindu.com/the-nation/food-adulteration-diwali-crisis-contamination-spices-india-diseases-fssai/article70208651.ece,FSSAI issues monetary penalties
News,Ghee,criminal proceedings against AR Dairy Foods,issuedby,Tirupati trust,1,1,0.9,https://timesofindia.indiatimes.com/city/vijayawada/cbis-sit-investigation-unveils-ghee-adulteration-scandal-in-tirupati-laddu/articleshow/114998936.cms,"blacklisted by the Tirupati trust, which also initiated criminal proceedings against it"
News,Ghee,SIT probe order,issuedby,Supreme Court,1,1,0.9,https://timesofindia.indiatimes.com/city/vijayawada/cbis-sit-investigation-unveils-ghee-adulteration-scandal-in-tirupati-laddu/articleshow/114998936.cms,"Supreme Court, which ordered a five-member SIT to probe"
News,Ghee,case registration,issuedby,CCB Special Investigation Division,1,1,0.85,https://www.hindustantimes.com/india-news/kingpin-couple-arrested-in-karnatakas-fake-nandini-ghee-racket-manufactured-products-in-tamil-nadu-101764146635230.html,case was been registered at the CCB Special Investigation Division
News,Ghee,IncidentFinding at Hotel Ashoka,triggeredaction,Seizure of Indian noodles and saunf,1,1,0.9,https://www.siasat.com/widespread-food-safety-violations-uncovered-in-telangana-hotels-dairy-factories-3035825/,Authorities seized 17 packets of Indian noodles and 28 packets of saunf
News,Ghee,collection of 13 samples of prasadam,issuedby,Food Safety and Drug Administration,1,1,0.85,https://timesofindia.indiatimes.com/city/delhi/tirupati-laddu-row-consumer-affairs-dept-awaits-fssai-report-before-further-action/articleshow/113595137.cms,Food Safety and Drug Administration (FSDA) collected 13 samples of prasadam
News,Ghee,recall of Bhog Vinayak ghee,targets,Bhog Vinayak brand ghee,1,1,0.95,https://timesofindia.indiatimes.com/city/jaipur/43421-litres-of-spurious-ghee-seized-from-warehouse-in-city/articleshow/127784638.cms,orders were issued for immediate recall of the product
News,Ghee,FSDA Lucknow enforcement campaign,targets,synthetic khoya,1,1,0.85,https://www.hindustantimes.com/cities/lucknow-news/fsda-festival-crackdown-over-rs-62-lakh-worth-of-adulterated-food-seized-in-lucknow-101760729311321.html,shutting down a synthetic khoya unit
News,Ghee,Statewide enforcement operation,issuedby,FSDA,1,1,0.95,https://www.hindustantimes.com/cities/lucknow-news/fsda-festival-crackdown-over-rs-62-lakh-worth-of-adulterated-food-seized-in-lucknow-101760729311321.html,statewide enforcement by FSDA has led to the seizure
News,Ghee,chargesheet,issuedby,CBI,1,1,0.9,https://economictimes.indiatimes.com/news/new-updates/tirupati-ttd-temple-to-get-rs-25-crore-french-e-tongue-e-nose-to-test-prasadam-ghee-quality/articleshow/128743938.cms,CBI filed a chargesheet on the same
News,Ghee,fine,issuedby,Food Safety department,1,1,0.85,https://www.thehindu.com/news/cities/kozhikode/ahead-of-onam-food-safety-dept-to-step-up-surveillance-in-kozhikode/article65800775.ece,offenders will have to either pay fine
News,Ghee,criminal case,issuedby,Food Safety department,1,1,0.85,https://www.thehindu.com/news/cities/kozhikode/ahead-of-onam-food-safety-dept-to-step-up-surveillance-in-kozhikode/article65800775.ece,"If adulteration is confirmed, offenders will have to either pay fine, or face criminal case"
News,Ghee,blacklisting directive,issuedby,Ch Venkaiah Chowdary,1,1,0.85,https://timesofindia.indiatimes.com/city/amaravati/after-ghee-row-tirumala-trust-blacklists-2-cashew-firms-for-forging-documents/articleshow/125478564.cms,he directed the officials to get the companies blacklisted
News,Ghee,strict vigil directive,issuedby,FSSAI,1,1,0.95,https://www.livemint.com/industry/fssai-food-adulteration-states-union-territories-festive-season-sweets-savouries-milk-milk-products-11726203930361.html,FSSAI directs state/UTs to keep vigil
News,Ghee,FSSAI directive on vigil,targets,sweets,1,1,0.9,https://www.livemint.com/industry/fssai-food-adulteration-states-union-territories-festive-season-sweets-savouries-milk-milk-products-11726203930361.html,strict vigil is to be kept on the manufacturing and sale of sweets
News,Ghee,Raids on Jayshri Gayatri Food Products,issuedby,Enforcement Directorate,1,1,0.95,https://www.hindustantimes.com/india-news/ed-raids-9-places-in-madhya-pradesh-linked-to-company-exporting-adulterated-milk-products-in-india-and-abroad-101738135238214.html,The Enforcement Directorate (ED) on Wednesday carried out raids
News,Ghee,ED raids,targets,milk products,1,1,0.9,https://www.hindustantimes.com/india-news/ed-raids-9-places-in-madhya-pradesh-linked-to-company-exporting-adulterated-milk-products-in-india-and-abroad-101738135238214.html,raids at nine locations... involved in producing and distributing adulterated milk products
News,Ghee,ghee seizure operation,issuedby,Gujarat's Food and Drugs Control Administration,1,1,0.9,https://timesofindia.indiatimes.com/city/surat/ahead-of-diwali-10000kg-of-spurious-ghee-seized/articleshow/124310125.cms,Gujarat's Food and Drugs Control Administration (FDCA) seized over 12 tonnes of suspect ghee
News,Ghee,Shakti Dairy inspection finding,triggeredaction,Seizure of 1700 kg curd,1,1,0.9,https://www.deccanchronicle.com/southern-states/telangana/telangana-dairy-inspection-reveals-contaminated-ghee-dead-lizard-near-food-1858425,"1,700 kg of curd was seized due to labeling violations"
News,Ghee,Shakti Dairy inspection finding,triggeredaction,Discarding of 720 kg curd,1,1,0.9,https://www.deccanchronicle.com/southern-states/telangana/telangana-dairy-inspection-reveals-contaminated-ghee-dead-lizard-near-food-1858425,inspection led to the discarding of 720 kg of curd
News,Ghee,"Seizure of 2,029 kg adulterated ghee",triggeredaction,Arrest of Bharat Polara and Amin Vadhwaniya,1,1,0.85,https://www.thehansindia.com/news/national/gujarat-massive-adulterated-ghee-racket-busted-in-surat-2-arrested--1066385,"Officials in Surat have seized 2,029 kilograms of adulterated ghee and arrested two men"
News,Ghee,"Seizure of 2,029 kilograms of adulterated ghee",triggeredaction,Arrest of Bharat Polara and Amin Vadhwaniya,1,1,0.85,https://www.thehansindia.com/news/national/gujarat-massive-adulterated-ghee-racket-busted-in-surat-2-arrested--1066385,"Officials in Surat have seized 2,029 kilograms of adulterated ghee and arrested two men"
News,Ghee,booking of FSO and owner,issuedby,Patiala police,1,1,0.9,https://www.hindustantimes.com/cities/chandigarh-news/400kg-spurious-paneer-goes-missing-patiala-food-safety-officer-booked-101700337717077.html,Patiala police on Saturday booked a food safety officer
News,Ghee,TTD ghee adulteration case,triggeredaction,charge-sheet filing,1,1,0.9,https://www.thehindu.com/news/national/andhra-pradesh/cbi-led-sit-files-final-charge-sheet-in-ttd-ghee-adulteration-case/article70543413.ece,SIT authorities submitted their final charge-sheet
News,Ghee,contract cancellation,targets,ghee,1,1,0.85,https://timesofindia.indiatimes.com/city/vadodara/substandard-ghee-supplied-to-make-prasad-in-ambaji/articleshow/104146821.cms,We have cancelled the catererâs contract on September 30
News,Ghee,seizure of adulterated paneer and khoya,issuedby,FSSAI,1,1,0.9,https://economictimes.indiatimes.com/news/new-updates/1400-kg-fake-khoya-400-kilo-expired-ghee-and-paneer-seized-by-fssai-before-holi/articleshow/128938525.cms,seized by FSSAI
News,Ghee,confiscation of expired food,issuedby,FSSAI,1,1,0.85,https://economictimes.indiatimes.com/news/new-updates/1400-kg-fake-khoya-400-kilo-expired-ghee-and-paneer-seized-by-fssai-before-holi/articleshow/128938525.cms,Authorities confiscated nearly 400 kg of expired and contaminated food items
News,Ghee,special Diwali campaign,issuedby,Food Safety and Drug Administration,1,1,0.9,https://www.freepressjournal.in/india/uttar-pradesh-news-yogi-govt-launches-statewide-crackdown-on-adulterated-food-ahead-of-diwali-2025,Food Safety and Drug Administration is conducting a special Diwali campaign
News,Ghee,Diwali Campaign 2025,targets,adulterated and unsafe food,1,1,0.85,https://www.freepressjournal.in/india/uttar-pradesh-news-yogi-govt-launches-statewide-crackdown-on-adulterated-food-ahead-of-diwali-2025,"seizure of 2,993 quintals of adulterated and unsafe food"
News,Ghee,Diwali Campaign 2025,targets,Perishable items,1,1,0.8,https://www.freepressjournal.in/india/uttar-pradesh-news-yogi-govt-launches-statewide-crackdown-on-adulterated-food-ahead-of-diwali-2025,Perishable items are seized and destroyed on the spot
News,Ghee,Ghee adulteration finding,triggeredaction,License suspension notice,1,1,0.95,https://www.theweek.in/news/india/2024/09/24/tirupati-laddu-row-food-safety-issues-show-cause-notice-to-tamil-nadu-based-ghee-supplier.html,asked why its central licence should not be suspended
News,Ghee,License suspension notice,issuedby,FSSAI,1,1,0.95,https://www.theweek.in/news/india/2024/09/24/tirupati-laddu-row-food-safety-issues-show-cause-notice-to-tamil-nadu-based-ghee-supplier.html,The FSSAI issued notice to A.R. Dairy Food Private Ltd
News,Ghee,Legal action against owners,issuedby,FDCA,1,1,0.85,https://timesofindia.indiatimes.com/city/ahmedabad/https/example-com/fdca-seizes-ghee-adulteration/articleshow/106107809.cms,legal action will be initiated against the owners
News,Ghee,Noida Holi food safety raids,issuedby,food safety and drug administration department,1,1,0.9,https://timesofindia.indiatimes.com/city/noida/noida-holi-next-week-paneer-ghee-samples-under-scanner-again/articleshow/118889718.cms,food safety and drug administration department is carrying out raids
News,Ghee,Holi- Anti-Adulteration Drive - 2026,targets,identified hot spots,1,1,0.8,https://www.thehindubusinessline.com/news/fssai-directs-states-to-conduct-special-surveillance-drives-around-holi/article70666679.ece,drives should also focus particularly on identified hot spots
News,Ghee,show cause notice,issuedby,Food Safety and Standards Authority of India,1,1,0.9,https://www.newindianexpress.com/states/tamil-nadu/2024/Oct/04/madras-hc-directs-fssai-to-extend-deadline-for-ar-dairys-explanation-on-substandard-ghee-allegations,FSSAI had issued a show cause notice to it
News,Ghee,issuance of notices to 25 establishments,issuedby,Food safety department,1,1,0.9,https://www.newindianexpress.com/cities/thiruvananthapuram/2025/Aug/20/17k-litres-of-adulterated-coconut-oil-seized,Notices were issued to 25 establishments
News,Ghee,levying fines amounting to J63 lakh,issuedby,Food safety department,1,1,0.9,https://www.newindianexpress.com/cities/thiruvananthapuram/2025/Aug/20/17k-litres-of-adulterated-coconut-oil-seized,"fines amounting to J63 lakh were levied on 1,613 businesses"
News,Ghee,Navratri special drive,issuedby,Food and Drug Administration (FDA),1,1,0.9,https://www.hindustantimes.com/cities/pune-news/fda-seizes-food-samples-worth-10-35-lakhs-101729276408292.html,The Food and Drug Administration (FDA) seized suspected substandard food items
News,Ghee,case registration under BNS,issuedby,Crime Branch,1,1,0.95,https://www.thehansindia.com/news/national/delhi-police-bust-illegal-adulterated-desi-ghee-factory-in-bawana-two-held-1019332,case has been registered at the Crime Branch
News,Ghee,"fine of Rs 25,000",issuedby,Ahmedabad Municipal Corporation,1,1,0.95,https://timesofindia.indiatimes.com/city/ahmedabad/amc-destroys-1300kg-of-expired-ghee-seized-in-odhav/articleshow/104482934.cms,"The warehouse owner was fined Rs 25,000"
News,Ghee,Poonamchand Dueera charged with selling adulterated ghee,triggeredaction,Fine of ₹50,1,1,0.9,https://timesofindia.indiatimes.com/blogs/onmyplate/could-tirupatis-problems-help-clarify-the-history-of-ghee-adulteration/,He lost his case and was fined ₹50
News,Ghee,FDA Thane enforcement drive,targets,Gum Arabic,1,1,0.9,https://www.freepressjournal.in/mumbai/fda-thane-cracks-down-on-adulterated-food-trade-goods-worth-73-lakh-seized-6-arrested,"Gum Arabic (Dink) ₹1,97,640"
News,Ghee,FDA Thane enforcement drive,targets,Edible Oil,1,1,0.9,https://www.freepressjournal.in/mumbai/fda-thane-cracks-down-on-adulterated-food-trade-goods-worth-73-lakh-seized-6-arrested,"Edible Oil ₹1,49,724"
News,Ghee,FDA Thane enforcement drive,targets,Farsan,1,1,0.9,https://www.freepressjournal.in/mumbai/fda-thane-cracks-down-on-adulterated-food-trade-goods-worth-73-lakh-seized-6-arrested,"Farsan (Savory Snacks) ₹93,830"
News,Ghee,FDA Thane enforcement drive,targets,Flavored Sharbat,1,1,0.9,https://www.freepressjournal.in/mumbai/fda-thane-cracks-down-on-adulterated-food-trade-goods-worth-73-lakh-seized-6-arrested,"Flavored Sharbat (Syrup) ₹54,096"
News,Ghee,FDA Thane enforcement drive,targets,Toddy,1,1,0.9,https://www.freepressjournal.in/mumbai/fda-thane-cracks-down-on-adulterated-food-trade-goods-worth-73-lakh-seized-6-arrested,"Toddy (Illicit Liquor) ₹17,100"
News,Ghee,FDA Thane enforcement drive,targets,Hakka Noodles,1,1,0.9,https://www.freepressjournal.in/mumbai/fda-thane-cracks-down-on-adulterated-food-trade-goods-worth-73-lakh-seized-6-arrested,"Hakka Noodles ₹8,190"
News,Ghee,"seizure of 2,633kg adulterated ghee",issuedby,Gujarat State Food and Drug Control Administration,1,1,0.95,https://timesofindia.indiatimes.com/city/ahmedabad/2633kg-of-spurious-ghee-confiscated/articleshow/104618362.cms,"Gujarat State Food and Drug Control Administration (FDCA) seized 2,633kg adulterated ghee"
News,Ghee,suspension of license of the factory,issuedby,Food Safety Department,1,1,0.9,https://www.freepressjournal.in/bhopal/mp-food-safety-officials-seize-famous-sweets-namkeen-shop-in-jabalpur-over-poor-hygiene-in-kitchen,resulted in suspension of license of the factory
News,Ghee,suspension of license,citesfinding,sweets made amidst filth,1,1,0.85,https://www.freepressjournal.in/bhopal/mp-food-safety-officials-seize-famous-sweets-namkeen-shop-in-jabalpur-over-poor-hygiene-in-kitchen,sweets and namkeens were being made amidst filth
News,Ghee,Suspension of manufacturing and sales,issuedby,Food Safety Department,1,1,0.9,https://www.freepressjournal.in/bhopal/mp-food-safety-officials-seize-famous-sweets-namkeen-shop-in-jabalpur-over-poor-hygiene-in-kitchen,The Food Safety Department have ordered the factory not to manufacture or sell their products
News,Ghee,inspections of the ghee,issuedby,state endowments department,1,1,0.9,https://www.deccanchronicle.com/southern-states/andhra-pradesh/concerns-over-ghee-quality-at-srikalahasti-temple-after-tirumala-scandal-1825806,state endowments department to order inspections of the ghee and other ingredients being supplied to various temples
News,Ghee,register criminal cases against the culprits,issuedby,Food Safety Department,1,1,0.85,https://www.thehindu.com/news/national/andhra-pradesh/food-safety-officials-inspect-milk-supply-chain-in-spsr-nellore-district/article70685255.ece,officials will register criminal cases against the culprits
News,Ghee,Drive against adulterated food products,targets,oil,1,1,0.9,https://www.freepressjournal.in/indore/indore-over-5174-liters-edible-oil-worth-8-lakh-seized,"drive against adulterated food products, especially oil"
News,Ghee,Drive against adulterated food products,targets,milk products,1,1,0.9,https://www.freepressjournal.in/indore/indore-over-5174-liters-edible-oil-worth-8-lakh-seized,"especially oil, milk products, and spices"
News,Ghee,Drive against adulterated food products,targets,spices,1,1,0.9,https://www.freepressjournal.in/indore/indore-over-5174-liters-edible-oil-worth-8-lakh-seized,"Drive on the orders of High Court The food safety officers have launched a drive against adulterated food products, especially oil, milk products, and spices"
News,Ghee,circular mandating use of only KMF's Nandini ghee,targets,Nandini ghee,1,1,0.85,https://www.hindustantimes.com/india-news/animal-fat-tirupati-laddus-who-supplied-ghee-to-temple-and-why-did-nandini-opt-out-who-said-what-101726878145316.html,mandating the use of only KMF's Nandini ghee in prasada
News,Ghee,non-compliance with food license terms,triggeredaction,immediate closure of the establishment,1,1,0.85,https://timesofindia.indiatimes.com/city/indore/600-kg-substandard-food-items-seized-shop-shutdown/articleshow/126851780.cms,"As a result of these findings, the authorities ordered immediate closure of the establishment"
News,Ghee,Arrest of 33 persons and sealing of 27 establishments,issuedby,Maharashtra Food and Drug Administration,1,1,0.95,https://www.rediff.com/news/report/fda-action-food-violators-arrested-in-maharashtra/20260528.htm,Maharashtra FDA arrests 33 people and seals 27 establishments
News,Ghee,Sealing of 27 establishments,issuedby,Maharashtra FDA,1,1,0.95,https://www.rediff.com/news/report/fda-action-food-violators-arrested-in-maharashtra/20260528.htm,sealing of 27 establishments
News,Ghee,33 arrests,issuedby,Maharashtra FDA,1,1,0.95,https://www.rediff.com/news/report/fda-action-food-violators-arrested-in-maharashtra/20260528.htm,33 arrests
News,Ghee,immediate criminal FIRs,issuedby,FDA,1,1,0.9,https://www.rediff.com/news/report/fda-action-food-violators-arrested-in-maharashtra/20260528.htm,subsequent violations will attract immediate criminal FIRs
News,Ghee,good conduct bond requirement,issuedby,Maharashtra FDA,1,1,0.9,https://www.rediff.com/news/report/fda-action-food-violators-arrested-in-maharashtra/20260528.htm,requiring violators to sign a good conduct bond
News,Ghee,public appeal to report adulteration,issuedby,FDA,1,1,0.9,https://www.rediff.com/news/report/fda-action-food-violators-arrested-in-maharashtra/20260528.htm,FDA has appealed to citizens to report food adulteration
News,Ghee,Diwali campaign,targets,khoya,1,1,0.9,https://timesofindia.indiatimes.com/city/lucknow/crackdown-on-adulterated-food-across-state-ahead-of-diwali/articleshow/124589368.cms,"Under the special Diwali campaign, 215 kg khoya was seized and destroyed in Unnao, while an FIR was lodged and samples collected."
News,Ghee,Diwali campaign,targets,paneer,1,1,0.9,https://timesofindia.indiatimes.com/city/lucknow/crackdown-on-adulterated-food-across-state-ahead-of-diwali/articleshow/124589368.cms,400 kg of adulterated paneer was destroyed
News,Ghee,Diwali campaign,targets,pickles,1,1,0.9,https://timesofindia.indiatimes.com/city/lucknow/crackdown-on-adulterated-food-across-state-ahead-of-diwali/articleshow/124589368.cms,790 kg of adulterated pickles were seized
News,Ghee,festival drive,triggeredaction,suspension of establishments,1,1,0.85,https://indianexpress.com/article/cities/mumbai/maharashtra-needs-1100-food-safety-officers-but-has-only-130-on-field-fda-commissioner-10316344/,"49 cases were of serious concern, and those establishments have been suspended"
News,Ghee,"Seizure of 2,700 litres of ghee",issuedby,Gujarat state Food and Drug Control Administration,1,1,0.95,https://timesofindia.indiatimes.com/city/ahmedabad/fdca-seizes-2700-litres-of-adulterated-ghee/articleshow/109447299.cms,Gujarat state Food and Drug Control Administration (FDCA) team has seized
News,Ghee,"Seizure of 2,700 litres of ghee",targets,ghee,1,1,0.95,https://timesofindia.indiatimes.com/city/ahmedabad/fdca-seizes-2700-litres-of-adulterated-ghee/articleshow/109447299.cms,"seized a stock of around 2,700 litres of suspected adulterated ghee"
News,Ghee,seizure of 144kg of suspicious paneer,issuedby,Ahmedabad Municipal Corporation,1,1,0.9,https://timesofindia.indiatimes.com/city/ahmedabad/1300kg-of-cream-seized-unit-sealed/articleshow/119723566.cms,144kg of suspicious paneer was seized from Satnam Dairy Products
News,Ghee,seizure of 119kg of paneer,issuedby,Ahmedabad Municipal Corporation,1,1,0.9,https://timesofindia.indiatimes.com/city/ahmedabad/1300kg-of-cream-seized-unit-sealed/articleshow/119723566.cms,119kg from a paneer warehouse in Vastral
News,Ghee,sealing of 8 units,issuedby,Ahmedabad Municipal Corporation,1,1,0.95,https://timesofindia.indiatimes.com/city/ahmedabad/1300kg-of-cream-seized-unit-sealed/articleshow/119723566.cms,Eight units were sealed due to unhygienic conditions
News,Ghee,raid on dairy,issuedby,FSDA,1,1,0.9,https://timesofindia.indiatimes.com/city/meerut/meerut-dairys-buy-1-get-1-offer-on-ghee-invites-fsda-raid/articleshow/81601501.cms,raid by the Food Safety and Drug Administration (FSDA) department
News,Ghee,seizure of energy drink stock,targets,energy drink,1,1,0.9,https://timesofindia.indiatimes.com/city/aurangabad/fda-seizes-energy-drink-stock-worth-rs-56l-over-misbranding/articleshow/131489352.cms,seized energy drink stock
News,Ghee,"Seizure of 4,000 litre of substandard ghee",issuedby,Food Safety and Drug Control Commission,1,1,0.9,https://timesofindia.indiatimes.com/city/jaipur/seizure-of-4000l-substandard-ghee-in-kota-district/articleshow/110241473.cms,"Food Safety and Drug Control Commission seized 4,000 litre of substandard ghee"
News,Ghee,Case registration,issuedby,CCB special investigation division,1,1,0.85,https://www.hindustantimes.com/india-news/bengaluru-police-cracks-down-on-network-circulating-counterfeit-nandini-ghee-8-136-litres-seized-101763221328365.html,A case has been registered at the CCB special investigation division
News,Ghee,improvement notices,issuedby,Food and Drugs Administration,1,1,0.95,https://timesofindia.indiatimes.com/city/nagpur/fda-inspects-med-fitness-of-staff-at-48-hotels-21-outlets/articleshow/105137850.cms,Establishments were also served âimprovement noticesâ under the Food Safety and Standard Act.
News,Ghee,special festive food safety drive,issuedby,FSSAI,1,1,0.95,https://indianexpress.com/article/cities/pune/holi-2026-special-anti-adulteration-drive-for-festive-foods-in-pune-after-fssai-order-10555210/,FSSAI directed all states... to carry out a special festive food safety drive
News,Ghee,Holi 2026 Anti-Adulteration Drive,targets,sweets,1,1,0.9,https://indianexpress.com/article/cities/pune/holi-2026-special-anti-adulteration-drive-for-festive-foods-in-pune-after-fssai-order-10555210/,inspections and sampling of sweets
News,Ghee,Holi 2026 Anti-Adulteration Drive,targets,snacks,1,1,0.9,https://indianexpress.com/article/cities/pune/holi-2026-special-anti-adulteration-drive-for-festive-foods-in-pune-after-fssai-order-10555210/,"inspections and sampling of sweets, snacks"
News,Ghee,Holi 2026 Anti-Adulteration Drive,targets,edible oils,1,1,0.9,https://indianexpress.com/article/cities/pune/holi-2026-special-anti-adulteration-drive-for-festive-foods-in-pune-after-fssai-order-10555210/,"inspections and sampling of sweets, snacks, edible oils"
News,Ghee,Holi 2026 Anti-Adulteration Drive,targets,ghee,1,1,0.9,https://indianexpress.com/article/cities/pune/holi-2026-special-anti-adulteration-drive-for-festive-foods-in-pune-after-fssai-order-10555210/,"inspections and sampling of sweets, snacks, edible oils, ghee"
News,Ghee,Holi 2026 Anti-Adulteration Drive,targets,milk,1,1,0.9,https://indianexpress.com/article/cities/pune/holi-2026-special-anti-adulteration-drive-for-festive-foods-in-pune-after-fssai-order-10555210/,"inspections and sampling of sweets, snacks, edible oils, ghee, milk"
News,Ghee,Holi 2026 Anti-Adulteration Drive,targets,milk products,1,1,0.9,https://indianexpress.com/article/cities/pune/holi-2026-special-anti-adulteration-drive-for-festive-foods-in-pune-after-fssai-order-10555210/,"inspections and sampling of sweets, snacks, edible oils, ghee, milk, and milk products"
News,Ghee,SIT probe supervision,issuedby,CBI,1,1,0.85,https://www.deccanchronicle.com/southern-states/andhra-pradesh/tirupati-laddu-row-sc-orders-new-sit-probe-into-ghee-adulteration-1828123,supervision of the CBI director
News,Ghee,SIT formation order,issuedby,Supreme Court,1,1,0.9,https://www.deccanchronicle.com/southern-states/andhra-pradesh/tirupati-laddu-row-sc-orders-new-sit-probe-into-ghee-adulteration-1828123,Supreme Court has ordered an inquiry
News,Ghee,FIR registration,issuedby,AP state police,1,1,0.9,https://www.deccanchronicle.com/southern-states/andhra-pradesh/tirupati-laddu-row-sc-orders-new-sit-probe-into-ghee-adulteration-1828123,FIR was registered by the AP state police
News,Ghee,suspension quashing order,issuedby,Madras High Court,1,1,0.9,https://www.freepressjournal.in/india/tirupati-laddoo-ghee-row-madras-hc-quashes-suspension-of-fssai-licence-of-tamil-nadu-dairy-firm,Madras High Court on Friday set aside the suspension of the Food Safety and Standards Authority of India (FSSAI) licence
News,Ghee,suspension of FSSAI licence,issuedby,FSSAI,1,1,0.9,https://www.freepressjournal.in/india/tirupati-laddoo-ghee-row-madras-hc-quashes-suspension-of-fssai-licence-of-tamil-nadu-dairy-firm,suspension of the Food Safety and Standards Authority of India (FSSAI) licence
News,Ghee,failed sample reports,triggeredaction,legal proceedings,1,1,0.85,https://www.hindustantimes.com/cities/chandigarh-news/ludhiana-majority-of-paneer-dahi-samples-found-unsafe-during-raid-101744655429240.html,"with four of those having returned as failed, we will now proceed with the due legal process"
News,Ghee,egg safety drive,issuedby,FSSAI,1,1,0.95,https://timesofindia.indiatimes.com/life-style/food-news/poor-quality-eggs-being-sold-online-fssai-seeks-detailed-explanation-from-e-commerce-and-how-it-is-going-to-help-customers/articleshow/131148889.cms,FSSAI had also began an egg safety drive
News,Ghee,egg safety drive,targets,egg,1,1,0.9,https://timesofindia.indiatimes.com/life-style/food-news/poor-quality-eggs-being-sold-online-fssai-seeks-detailed-explanation-from-e-commerce-and-how-it-is-going-to-help-customers/articleshow/131148889.cms,began an egg safety drive to protect the interest of consumers
News,Ghee,ghee adulteration finding,triggeredaction,transfer of Anil Kumar Singhal,1,1,0.85,https://www.businesstoday.in/india/story/tirupati-laddu-ghee-adulteration-sit-flags-violations-irregularities-misconduct-514756-2026-02-05?utm_source=rssfeed,CM has acted on the SIT findings by transferring the former TTD executive officer Anil Kumar Singhal
News,Ghee,FIR against Nalini Unagar,issuedby,Delhi Police,1,1,0.95,https://www.freepressjournal.in/india/cant-handle-this-level-of-stress-youtuber-nalini-unagar-after-delhi-police-files-fir-against-her-over-post-on-fssai,Delhi Police have filed an FIR against me
News,Ghee,"seizure of 3,453 kg of mangoes",targets,mangoes,1,1,0.9,https://www.hindustantimes.com/cities/mumbai-news/fda-seizes-3-4-tonnes-of-suspect-chemically-ripened-mangoes-at-apmc-101780427156417.html,seized more than 3.4 tonnes of mangoes
News,Ghee,"seizure of 3,453 kg of mangoes",issuedby,Food and Drug Administration,1,1,0.9,https://www.hindustantimes.com/cities/mumbai-news/fda-seizes-3-4-tonnes-of-suspect-chemically-ripened-mangoes-at-apmc-101780427156417.html,Food and Drug Administration (FDA) has seized more than 3.4 tonnes of mangoes
News,Ghee,confiscation of tobacco products,issuedby,Food and Drug Administration,1,1,0.9,https://www.hindustantimes.com/cities/mumbai-news/fda-seizes-3-4-tonnes-of-suspect-chemically-ripened-mangoes-at-apmc-101780427156417.html,"FDA also confiscated gutkha, pan masala and flavoured tobacco products"
News,Ghee,confiscation of tobacco products,targets,gutkha,1,1,0.9,https://www.hindustantimes.com/cities/mumbai-news/fda-seizes-3-4-tonnes-of-suspect-chemically-ripened-mangoes-at-apmc-101780427156417.html,"confiscated gutkha, pan masala and flavoured tobacco products"
News,Ghee,seizure of mangoes,issuedby,FDA,1,1,0.85,https://www.hindustantimes.com/cities/mumbai-news/fda-seizes-3-4-tonnes-of-suspect-chemically-ripened-mangoes-at-apmc-101780427156417.html,Samples of the seized mangoes have been sent for laboratory testing
News,Ghee,advisory to refrain from outdoor cooking,targets,sweets,1,1,0.95,https://www.thehindu.com/news/national/refrain-from-outdoor-cooking-fssai-tells-sweet-manufacturers-in-advisory-for-upcoming-festive-season/article67347654.ece,directed manufacturers of sweets to refrain from outdoor cooking
News,Ghee,"Campaign to curb adulteration in desi ghee, butter",issuedby,Union Health Ministry,1,1,0.85,https://economictimes.indiatimes.com/industry/cons-products/food/campaign-to-curb-adulteration-in-desi-ghee-butter-launched-across-uttarakhand/articleshow/113650180.cms,The Union Health Ministry has written a letter to all the states
News,Ghee,seizure of 5.5 tonnes of suspected adulterated ghee,issuedby,Gujarat Food and Drugs Control Administration,1,1,0.95,https://indianexpress.com/article/cities/ahmedabad/fdca-seizes-5-5-tonnes-of-adulterated-ghee-worth-rs-35-lakh-in-banaskantha-10234495/,The Gujarat Food and Drugs Control Administration (FDCA) on Saturday said it had seized 5.5 tonnes of suspected adulterated ghee
News,Ghee,seizure of suspicious food items,issuedby,FDCA,1,1,0.9,https://indianexpress.com/article/cities/ahmedabad/fdca-seizes-5-5-tonnes-of-adulterated-ghee-worth-rs-35-lakh-in-banaskantha-10234495/,action was taken by the FDCA
News,Ghee,alleged substandard ghee supply to TTD,triggeredaction,suspension of AR Dairy Food Private Limited licence,1,1,0.9,https://www.newindianexpress.com/states/tamil-nadu/2025/Feb/22/tirupati-laddu-row-firm-allowed-to-run-plant-except-ghee-milk-powder-units,suspended the company's licence for allegedly supplying substandard ghee
News,Ghee,suspension of AR Dairy Food Private Limited licence,issuedby,central designated officer,1,1,0.9,https://www.newindianexpress.com/states/tamil-nadu/2025/Feb/22/tirupati-laddu-row-firm-allowed-to-run-plant-except-ghee-milk-powder-units,order passed by the central designated officer
News,Ghee,suspension order,targets,ghee,1,1,0.95,https://www.newindianexpress.com/states/tamil-nadu/2025/Feb/22/tirupati-laddu-row-firm-allowed-to-run-plant-except-ghee-milk-powder-units,suspension order will operate only with respect to ghee
News,Ghee,suspension order,targets,skimmed milk powder,1,1,0.95,https://www.newindianexpress.com/states/tamil-nadu/2025/Feb/22/tirupati-laddu-row-firm-allowed-to-run-plant-except-ghee-milk-powder-units,suspension order will operate only with respect to ghee and skimmed milk powder
News,Ghee,suspension order,issuedby,FSSAI,1,1,0.85,https://www.newindianexpress.com/states/tamil-nadu/2025/Feb/22/tirupati-laddu-row-firm-allowed-to-run-plant-except-ghee-milk-powder-units,adverse notice is issued on account of a single transaction
News,Ghee,"destruction of 1,735 kg of adulterated sweets and tofu",issuedby,Food Safety and Drug Administration,1,1,0.95,https://www.indiatoday.in/cities/lucknow/story/adulterated-sweets-tofu-destroyed-food-safety-drive-diwali-lucknow-2805033-2025-10-18?utm_source=rss,"Lucknow's Food Safety Department destroyed 1,735 kg of adulterated sweets and tofu"
News,Ghee,seizure of banned gutkha,issuedby,Food and Drug Administration,1,1,0.9,https://www.mid-day.com/mumbai/mumbai-news/article/fda-seizes-suspicious-food-items-worth-rs-12-lakh-in-thane-six-arrested-for-selling-banned-gutkha-23632641,The Food and Drug Administration (FDA) has seized suspicious items
News,Ghee,strict regulatory action,issuedby,Maharashtra FDA,1,1,0.85,https://www.freepressjournal.in/mumbai/maharashtra-fda-launches-statewide-festive-food-safety-drive-1594-sweet-shops-inspected,face strict regulatory action
News,Ghee,order to form CBI SIT,issuedby,Supreme Court,1,1,0.9,https://timesofindia.indiatimes.com/city/hyderabad/four-held-by-cbi-in-first-arrests-in-tirupati-laddu-ghee-adulteration-case/articleshow/118097023.cms,court in Oct last year ordered the CBI to form a SIT
News,Ghee,notices to violators,issuedby,Food Safety Department of Telangana,1,1,0.9,https://www.siasat.com/60-kg-of-sweets-seized-in-food-safety-raids-across-telangana-3284945/,Notices have been issued to violators
News,Ghee,arrest of 33 persons,issuedby,Maharashtra FDA,1,1,0.95,https://timesofindia.indiatimes.com/city/mumbai/maharashtra-fda-conducts-raids-across-cities-seizes-banned-and-adulterated-items-worth-rs-40-lakh-33-arrested-for-selling-gutka/articleshow/131376144.cms,33 persons have been arrested for selling gutka
News,Ghee,registration of 25 FIRs,issuedby,Maharashtra FDA,1,1,0.95,https://timesofindia.indiatimes.com/city/mumbai/maharashtra-fda-conducts-raids-across-cities-seizes-banned-and-adulterated-items-worth-rs-40-lakh-33-arrested-for-selling-gutka/articleshow/131376144.cms,We have registered 25 FIRs
News,Ghee,Badam shake adulteration finding,triggeredaction,Legal action against shopkeepers,1,1,0.8,https://www.freepressjournal.in/indore/mp-two-traders-face-music-for-selling-adulterated-items-in-soyat-kalan,Legal action will be taken against shopkeepers
News,Ghee,Besan ke laddoo adulteration finding,triggeredaction,Legal action against shopkeepers,1,1,0.8,https://www.freepressjournal.in/indore/mp-two-traders-face-music-for-selling-adulterated-items-in-soyat-kalan,Legal action will be taken against shopkeepers
News,Ghee,Seizure of adulterated sweets,issuedby,Borivali Police,1,1,0.9,https://www.freepressjournal.in/mumbai/mumbai-borivali-police-seizes-adulterated-sweets-worth-31-lakh-ahead-of-diwali,Borivali police along with the Food and Drug Administration (FDA) have seized sweets
News,Ghee,Seizure of adulterated sweets,targets,sweets,1,1,0.9,https://www.freepressjournal.in/mumbai/mumbai-borivali-police-seizes-adulterated-sweets-worth-31-lakh-ahead-of-diwali,seized sweets made from adulterated ingredients
News,Ghee,21 cases against production of adulterated food items,issuedby,Commissionerate Police,1,1,0.9,https://www.newindianexpress.com/states/odisha/2021/jan/08/poison-on-the-plate-markets-see-rise-in-fake-food-products-2247212.html,Commissionerate Police alone registered 21 cases against production of adulterated food items
News,Ghee,arrest of 25 persons,issuedby,Commissionerate Police,1,1,0.85,https://www.newindianexpress.com/states/odisha/2021/jan/08/poison-on-the-plate-markets-see-rise-in-fake-food-products-2247212.html,Commissionerate Police alone registered 21 cases and arrested 25 persons
News,Ghee,ghee adulteration finding,triggeredaction,license suspension of A.R. Dairy,1,1,0.95,https://www.livemint.com/news/fssai-suspends-ar-dairy-licence-ghee-adulteration-false-information-11755422633259.html,FSSAI has suspended the license... follows a detailed investigation
News,Ghee,license suspension of A.R. Dairy,issuedby,FSSAI,1,1,0.95,https://www.livemint.com/news/fssai-suspends-ar-dairy-licence-ghee-adulteration-false-information-11755422633259.html,The Food Safety and Standards Authority of India (FSSAI) has suspended the license of A.R. Dairy Food Pvt. Ltd
News,Ghee,Suspension order,issuedby,FSSAI,1,1,0.95,https://www.livemint.com/news/fssai-suspends-ar-dairy-licence-ghee-adulteration-false-information-11755422633259.html,"The suspension order, seen by Mint"
News,Ghee,FDA statewide crackdown,issuedby,FDA,1,1,0.95,https://www.hindustantimes.com/cities/mumbai-news/fda-food-safety-drive-33-held-27-units-sealed-101779995607008.html,Tukaram Mundhe launched a statewide crackdown on food adulteration
News,Ghee,FDA statewide crackdown,targets,gutkha,1,1,0.9,https://www.hindustantimes.com/cities/mumbai-news/fda-food-safety-drive-33-held-27-units-sealed-101779995607008.html,"targeted organised adulteration rackets, banned products such as gutkha"
News,Ghee,enforcement actions,targets,food business operators selling plant-based ghee or butter products,1,1,0.9,https://www.thehindubusinessline.com/economy/fssai-asks-state-food-safety-commissioners-to-check-on-products-being-sold-as-plant-based-ghee/article66428775.ece,"take ""enforcement actions"" against such food business operators who were selling plant-based ghee or butter products"
News,Ghee,E-Trade Place of Worship programme,targets,religious establishments,1,1,0.8,https://www.freepressjournal.in/mumbai/maharashtra-news-fda-to-train-1-lakh-food-handlers-under-fostac-expand-safety-checks-to-temples,inspects and certifies hygiene and food safety standards at religious establishments
News,Ghee,IncidentFinding: foreign fats in ghee,triggeredaction,show-cause notices to AR Dairy Foods,1,1,0.85,https://www.deccanchronicle.com/southern-states/andhra-pradesh/ttd-files-plaint-against-ar-dairy-for-supplying-adulterated-ghee-to-tirupati-temple-1825945,"Following these findings, TTD issued show-cause notices"
News,Ghee,NDDB results revealing foreign fats in ghee,triggeredaction,police complaint,1,1,0.85,https://www.deccanchronicle.com/southern-states/andhra-pradesh/ttd-files-plaint-against-ar-dairy-for-supplying-adulterated-ghee-to-tirupati-temple-1825945,"The complaint, lodged with the Tirupati East police on Wednesday, comes after the recent row over use of substandard ghee"
News,Ghee,Maharashtra FDA crackdown on gutkha and food adulteration,issuedby,Maharashtra Food and Drug Administration,1,1,0.95,https://www.freepressjournal.in/mumbai/maharashtra-fda-cracks-down-on-gutkha-food-adulteration-33-arrested-19-units-sealed-in-mumbai,The Maharashtra Food and Drug Administration launched a massive statewide crackdown
News,Ghee,Maharashtra FDA crackdown on gutkha and food adulteration,targets,gutkha,1,1,0.9,https://www.freepressjournal.in/mumbai/maharashtra-fda-cracks-down-on-gutkha-food-adulteration-33-arrested-19-units-sealed-in-mumbai,crackdown on banned gutkha sales
News,Ghee,Maharashtra FDA crackdown on gutkha and food adulteration,targets,adulterated food products,1,1,0.9,https://www.freepressjournal.in/mumbai/maharashtra-fda-cracks-down-on-gutkha-food-adulteration-33-arrested-19-units-sealed-in-mumbai,"targeting illegal gutkha trade, adulterated food products and unhygienic manufacturing units"
News,Ghee,Maharashtra FDA crackdown on gutkha and food adulteration,targets,paan masala,1,1,0.9,https://www.freepressjournal.in/mumbai/maharashtra-fda-cracks-down-on-gutkha-food-adulteration-33-arrested-19-units-sealed-in-mumbai,"sale and storage of banned gutkha, paan masala"
News,Ghee,Sankalp Ann Surakshecha – San Maharashtra Cha,targets,milk,1,1,0.85,https://www.freepressjournal.in/mumbai/maharashtra-fda-faces-staff-shortage-strengthens-labs-amid-festive-food-safety-drive,Food items tested include milk
News,Ghee,seizure of spurious ghee,issuedby,Food Safety and Drug Control,1,1,0.9,https://www.thehansindia.com/news/national/13700-litres-of-spurious-ghee-seized-from-a-factory-in-jaipur-879061,"Under a campaign against adulteration by Food Safety and Drug Control, about 13,700 litres of spurious ghee was seized"
News,Ghee,FSSAI,targets,sweet shops,1,1,0.85,https://timesofindia.indiatimes.com/life-style/food-news/sweet-shops-of-this-city-under-fssai-surveillance-ahead-of-diwali/articleshow/114432142.cms,directed the officers to step up the surveillance of sweet shops
News,Ghee,Telangana Food Safety Department,issuedby,Raid on Creamline Dairy Products Limited,1,1,0.85,https://www.siasat.com/dead-lizard-found-during-raid-at-dairy-unit-near-hyderabad-3174622/,task force team from the Telangana Food Safety Department conducted raids
News,Ghee,Delhi Police bust of adulterated ghee racket,issuedby,Delhi Police,1,1,0.9,https://indianexpress.com/article/cities/delhi/fake-ghee-racket-busted-diwali-2-arrested-10296351/,The Delhi Police busted an adulterated ghee racket
News,Ghee,fine of Rs. 4 lakhs,issuedby,additional district magistrate (City),1,1,0.9,https://timesofindia.indiatimes.com/city/kanpur/ghee-found-adulterated-shop-owner-fined-of-4l/articleshow/109018165.cms,additional district magistrate (City) on Wednesday imposed a total fine of Rs. 4 lakhs
News,Ghee,Preliminary check finding of unsafe loose ghee,triggeredaction,Discarding unsafe loose ghee,1,1,0.85,https://timesofindia.indiatimes.com/city/hyderabad/unlicensed-dairy-unit-raided-ghee-milk-worth-rs-7-lakh-seized/articleshow/130401443.cms,loose ghee deemed unsafe during preliminary checks was discarded
News,Ghee,non-compliant establishments,triggeredaction,Show-cause notice,1,1,0.85,https://timesofindia.indiatimes.com/city/hyderabad/unlicensed-dairy-unit-raided-ghee-milk-worth-rs-7-lakh-seized/articleshow/130401443.cms,show-cause notices to non-compliant establishments
News,Ghee,ban on Chinese kiting thread,issuedby,District administration,1,1,0.9,https://www.freepressjournal.in/ujjain/chinese-kite-flying-thread-worth-rs-531l-seized,District administration has banned Chinese kiting thread
News,Ghee,"3,614 convictions",issuedby,FSSAI,1,1,0.9,https://assamtribune.com/national/fssai-finds-violations-after-testing-518-lakh-food-samples-1609541,"led to 88,192 penalties and 3,614 convictions"
News,Ghee,adulterated ghee incident,triggeredaction,impartial inquiry,1,1,0.85,https://www.thehindu.com/news/national/andhra-pradesh/ghee-adulteration-unpardonable-says-mantralayam-pontiff/article70643565.ece,called for an impartial inquiry into the matter
News,Ghee,adulterated ghee incident,triggeredaction,prosecution of suppliers,1,1,0.85,https://www.thehindu.com/news/national/andhra-pradesh/ghee-adulteration-unpardonable-says-mantralayam-pontiff/article70643565.ece,demanded that those responsible for supplying adulterated ghee be brought to justice
News,Ghee,demolition of illegal fat-rendering factory,issuedby,Khandwa Municipal Corporation,1,1,0.95,https://www.freepressjournal.in/indore/bulldozer-action-against-fake-ghee-unit-in-mps-khandwa-owner-fails-to-show-documents,The Khandwa Municipal Corporation on Thursday morning began demolishing an illegal fat-rendering factory
News,Ghee,suspension of municipal employees,issuedby,Khandwa Municipal Corporation,1,1,0.95,https://www.freepressjournal.in/indore/bulldozer-action-against-fake-ghee-unit-in-mps-khandwa-owner-fails-to-show-documents,She also announced the immediate suspension of two municipal employees
News,Ghee,show cause notice to A R Diary Food Private Ltd,issuedby,FSSAI,1,1,0.95,https://www.thehansindia.com/news/national/fssai-issues-show-cause-notice-to-ghee-supplier-909190,FSSAI has issued a show cause notice to a Tamil Nadu-based firm
News,Ghee,"seizure of mawa, sweets and ghee",issuedby,Food Safety Department,1,1,0.95,https://www.freepressjournal.in/indore/indore-news-food-dept-seizes-1264-lakh-worth-mawa-sweets-ghee-in-major-crackdown,"Food Safety Department took another major action on Tuesday and seized mawa, sweets and ghee"
News,Ghee,"seizure of mawa, sweets and ghee",targets,mawa,1,1,0.95,https://www.freepressjournal.in/indore/indore-news-food-dept-seizes-1264-lakh-worth-mawa-sweets-ghee-in-major-crackdown,"seized mawa, sweets and ghee"
News,Ghee,"seizure of mawa, sweets and ghee",targets,sweets,1,1,0.95,https://www.freepressjournal.in/indore/indore-news-food-dept-seizes-1264-lakh-worth-mawa-sweets-ghee-in-major-crackdown,"seized mawa, sweets and ghee"
News,Ghee,stringent action,issuedby,Food Safety Department,1,1,0.85,https://www.thehindu.com/news/cities/Madurai/food-safety-license-must-for-temporary-shops-manufacturers-of-sweets-savouries-says-virudhunagar-collector/article70122107.ece,take stringent action against those having goods of poor quality
News,Ghee,Food Safety Department,targets,manufacturing units and shops,1,1,0.85,https://www.thehindu.com/news/cities/Madurai/food-safety-license-must-for-temporary-shops-manufacturers-of-sweets-savouries-says-virudhunagar-collector/article70122107.ece,inspect those manufacturing units and shops
News,Ghee,Shakti Milk contamination finding,triggeredaction,immediate rectification notice,1,1,0.85,https://www.deccanchronicle.com/southern-states/telangana/many-restaurants-violated-food-safety-rules-task-force-officials-1858555,Both FBOs were issued notices for immediate rectification
News,Ghee,Ghee Purity Testing Drive,issuedby,FSSAI,1,1,0.95,https://www.freepressjournal.in/bhopal/fssai-launches-ghee-purity-testing-drive-in-madhya-pradesh-ahead-of-festive-season-samples-sent-to-bhopal-indore-labs,FSSAI has launched a special month-long drive
News,Ghee,Ghee Purity Testing Drive,targets,ghee,1,1,0.95,https://www.freepressjournal.in/bhopal/fssai-launches-ghee-purity-testing-drive-in-madhya-pradesh-ahead-of-festive-season-samples-sent-to-bhopal-indore-labs,"To ensure the purity of ghee being sold in the market, the Food Safety and Standards Authority of India (FSSAI) has launched a special month-long drive across Madhya Pradesh in July."
News,Ghee,Strict legal action,issuedby,FSSAI,1,1,0.85,https://www.freepressjournal.in/bhopal/fssai-launches-ghee-purity-testing-drive-in-madhya-pradesh-ahead-of-festive-season-samples-sent-to-bhopal-indore-labs,FSSAI will take action based on quality standards
News,Ghee,ghee adulteration incident,triggeredaction,prosecution of officials,1,1,0.9,https://timesofindia.indiatimes.com/city/vijayawada/ap-cabinet-to-seek-further-probe-into-ttd-officials-role-in-procuring-adulterated-ghee/articleshow/127891842.cms,Govt may file application before trial court seeking to prosecute those not named as accused
News,Ghee,harsh fines for noncompliance,issuedby,regulatory agencies,1,1,0.85,https://www.thehindubusinessline.com/economy/agri-business/from-farm-to-table-tracing-ghee-adulteration-in-dairy-production/article67621435.ece,applying harsh fines for noncompliance
News,Ghee,Kanpur Adulteration Enforcement Drive,issuedby,UPFSDA,1,1,0.85,https://economictimes.indiatimes.com/news/new-updates/14000-litres-of-adulterated-oil-1320-kg-of-rotten-dates-and-fake-ghee-seized-in-kanpur-raid-fssai-upfsda-issue-warning-ahead-of-festival-season/articleshow/128755875.cms,FSSAI & UPFSDA issue warning ahead of festival season
News,Ghee,FSDA,targets,dairy units,1,1,0.8,https://economictimes.indiatimes.com/news/new-updates/14000-litres-of-adulterated-oil-1320-kg-of-rotten-dates-and-fake-ghee-seized-in-kanpur-raid-fssai-upfsda-issue-warning-ahead-of-festival-season/articleshow/128755875.cms,"sudden inspections of warehouses, food outlets and dairy units"
News,Ghee,Food safety raids,issuedby,Cyberabad police commissionarate,1,1,0.9,https://www.siasat.com/adulterated-ghee-paneer-seized-in-raids-on-hyderabad-manufacturing-units-3241491/,Food safety raids were conducted... by the Cyberabad police commissionarate
News,Ghee,"seizure of 3,000kg duplicate ghee",triggeredaction,"seizure of 3,000kg duplicate ghee",1,1,0.85,https://timesofindia.indiatimes.com/city/jaipur/3000kg-fake-ghee-of-big-brands-seized/articleshow/100908720.cms,"seized 3,000 kilogram of duplicate ghee"
News,Ghee,inquiry committee formation,issuedby,Andhra Pradesh cabinet,1,1,0.9,https://www.hindustantimes.com/india-news/andhra-to-form-panel-to-identify-real-culprits-of-tirumala-ghee-adulteration-101770148393113.html,Andhra Pradesh's cabinet will form an inquiry committee
News,Ghee,Deficiencies found in RK Dairy,triggeredaction,Improvement notice,1,1,0.85,https://timesofindia.indiatimes.com/city/jaipur/ghee-sample-fails-quality-test/articleshow/108690337.cms,Improvement notice has been given under the Food Safety Act after deficiencies were found in RK Dairy
News,Ghee,Special Investigation Team,targets,Tirupati laddu,1,1,0.85,https://www.financialexpress.com/india-news/tirupati-laddu-row-supreme-court-rejects-petition-for-cbi-probe-into-adulterated-laddu-case/3659952/,independent five-member Special Investigation Team (SIT) to probe these allegations
News,Ghee,raids,issuedby,government agencies,1,1,0.85,https://www.thehansindia.com/telangana/hyderabad-turning-into-capital-of-adulterated-food-1063581,recently intensified raids by various government agencies
News,Ghee,setting up of a vigilance squad,targets,fake dairy products,1,1,0.85,https://www.thehindu.com/news/national/karnataka/four-arrested-in-nandini-ghee-adulteration-racket-case/article38059298.ece,counter the distribution of fake dairy products
News,Ghee,sealing of 27 establishments,issuedby,Maharashtra Food and Drug Administration,1,1,0.95,https://www.hindustantimes.com/cities/mumbai-news/33-held-27-establishments-sealed-in-maharashtra-fda-s-three-day-drive-101780125189075.html,sealed 27 establishments during a three-day statewide drive
News,Ghee,special state-wide inspection drive,targets,food items,1,1,0.8,https://www.mid-day.com/mumbai/mumbai-news/article/maharashtra-fda-launches-crackdown-on-food-adulteration-ahead-of-festive-season-23597026,inspection drive to curb adulteration in food items
News,Ghee,destruction of 200 kg of pedas,issuedby,Food Safety Department,1,1,0.9,https://timesofindia.indiatimes.com/life-style/food-news/200-kg-of-unhygienic-and-adulterated-peda-destroyed-how-to-make-preservative-free-peda-at-home-for-bhog/articleshow/131264886.cms,Food Safety Department destroyed almost 200 kg of pedas
News,Ghee,destruction of 200 kg of pedas,targets,peda,1,1,0.9,https://timesofindia.indiatimes.com/life-style/food-news/200-kg-of-unhygienic-and-adulterated-peda-destroyed-how-to-make-preservative-free-peda-at-home-for-bhog/articleshow/131264886.cms,destroyed almost 200 kg of pedas
News,Ghee,suspension of food registration,issuedby,Food Safety Department,1,1,0.95,https://www.freepressjournal.in/indore/food-safety-department-suspends-restaurant-licence-over-unhygienic-conditions-in-neemuch-2,officials suspended the restaurant's food registration
News,Ghee,Seizure of 1600 kg pickles,issuedby,Rajasthan Food Safety Department,1,1,0.95,https://timesofindia.indiatimes.com/etimes/trending/fssai-seizes-and-dumps-1600-kg-of-toxic-pickles-how-to-stay-safe-from-chemicals-in-store-bought-jars/articleshow/126559776.cms,Rajasthan's Food Safety Department recently hit the headlines by seizing
News,Ghee,Seizure of 1600 kg pickles,targets,pickle,1,1,0.95,https://timesofindia.indiatimes.com/etimes/trending/fssai-seizes-and-dumps-1600-kg-of-toxic-pickles-how-to-stay-safe-from-chemicals-in-store-bought-jars/articleshow/126559776.cms,"seizing and destroying over 1,600 kg of unsafe pickle"
News,Ghee,dumping of substandard pickles,issuedby,FSSAI,1,1,0.9,https://timesofindia.indiatimes.com/etimes/trending/fssai-seizes-and-dumps-1600-kg-of-toxic-pickles-how-to-stay-safe-from-chemicals-in-store-bought-jars/articleshow/126559776.cms,"An Instagram video from FSSAI, posted on January 15, shows workers dumping massive drums of pickle"
News,Ghee,Diwali Special Campaign,targets,adulterated food items,1,1,0.9,https://www.freepressjournal.in/uttar-pradesh/up-fsda-seizes-adulterated-food-worth-476-crore-under-diwali-special-drive,"On the occasion of Diwali, the Food Safety and Drug Administration (FSDA), Uttar Pradesh, is conducting extensive statewide raids under the “Diwali Special Campaign” (October 8–17, 2025). So far, 3,369 samples have been collected through 5,464 inspections and 2,448 raids, resulting in the seizure of 3,394 quintals of adulterated food items worth Rs 4.76 crore"
News,Ghee,suspension of six licenses,issuedby,"Food Safety and Drug Administration, Uttar Pradesh",1,1,0.9,https://www.freepressjournal.in/uttar-pradesh/up-fsda-seizes-adulterated-food-worth-476-crore-under-diwali-special-drive,six licenses suspended after adulteration was detected
News,Ghee,four FIRs lodged,issuedby,"Food Safety and Drug Administration, Uttar Pradesh",1,1,0.9,https://www.freepressjournal.in/uttar-pradesh/up-fsda-seizes-adulterated-food-worth-476-crore-under-diwali-special-drive,four FIRs were lodged
News,Ghee,IncidentFinding_Nova_Misuse,triggeredaction,RegulatoryAction_Case_Registration,1,1,0.85,https://www.tribuneindia.com/news/chandigarh/spurious-ghee-packets-seized-in-ambala-city-486565,"A case was being registered, the police said"
News,Ghee,Seizure of duplicate ghee,issuedby,Surat Police,1,1,0.9,https://theshillongtimes.com/2022/11/09/over-1000-kg-duplicate-ghee-seized-in-surat/,"Surat police seized 1,072 kg duplicate ghee"
News,Ghee,FSSAI show-cause notice,issuedby,FSSAI,1,1,0.95,https://www.deccanchronicle.com/southern-states/andhra-pradesh/fssai-issues-notice-to-ghee-supplier-1825588,The Food Safety and Standards Authority of India (FSSAI) has issued a show-cause notice
News,Ghee,Union government,triggeredaction,inquiry into the issue,1,1,0.85,https://www.newindianexpress.com/states/telangana/2024/Sep/23/centre-ready-to-probe-supply-of-adulterated-ghee-to-ttd-union-minister-bandi-sanjay-kumar,Union government will conduct an inquiry into the issue
News,Ghee,SIT probe into ghee adulteration,issuedby,Andhra Pradesh government,1,1,0.9,https://www.thehindu.com/news/national/andhra-pradesh/tirumala-laddu-row-ttd-lodges-police-complaint-against-ar-dairy-for-supplying-adulterated-ghee/article68681928.ece,Andhra Pradesh government ... constituted a SIT ... to probe the alleged adulteration
News,Ghee,Tirupati Laddu adulteration incident,triggeredaction,show cause notice,1,1,0.9,https://www.dnaindia.com/india/report-tirupati-laddu-row-fssai-issues-show-cause-notice-to-ghee-supplier-a-r-dairy-food-private-ltd-3109244,"In the wake of Tirupati Laddu adulteration allegations, the food regulator FSSAI has issued a show cause notice"
News,Ghee,suspension of central licence,issuedby,FSSAI,1,1,0.85,https://www.dnaindia.com/india/report-tirupati-laddu-row-fssai-issues-show-cause-notice-to-ghee-supplier-a-r-dairy-food-private-ltd-3109244,directed to show cause as to why your central licence shall not be suspended
News,Ghee,Show cause notice,issuedby,Food and Drugs Administration (FDA) in Pune,1,1,0.95,https://www.hindustantimes.com/cities/pune-news/fda-seizes-adulterated-food-items-worth-24-lakh-during-diwali-drive-101731090366158.html,Show cause notice has been issued to 83 food business operators
News,Ghee,Closure notice,issuedby,Food and Drugs Administration (FDA) in Pune,1,1,0.95,https://www.hindustantimes.com/cities/pune-news/fda-seizes-adulterated-food-items-worth-24-lakh-during-diwali-drive-101731090366158.html,one establishment was issued a closure notice due to severe violations
News,Ghee,special Diwali campaign,targets,khoya,1,1,0.9,https://www.thehansindia.com/news/national/2993-quintals-of-adulterated-food-seized-1155-quintals-destroyed-special-drive-runs-from-october-8-17-1015062,"Under the special Diwali campaign, significant actions were taken across multiple districts in Uttar Pradesh. In Unnao, 215 kg of khoya was seized and destroyed, with an FIR registered and samples collected."
News,Ghee,special Diwali campaign,targets,paneer,1,1,0.9,https://www.thehansindia.com/news/national/2993-quintals-of-adulterated-food-seized-1155-quintals-destroyed-special-drive-runs-from-october-8-17-1015062,"Under the special Diwali campaign, significant actions were taken across multiple districts in Uttar Pradesh. In Unnao, 215 kg of khoya was seized and destroyed, with an FIR registered and samples collected. In Mathura, 400 kg of adulterated paneer was destroyed, while in Lucknow, 802 kg of khoya was destroyed. Jhansi saw 1,200 kg of khoya seized, and in Hathras, 790 kg of adulterated pickles were seized along with 3,000 kg of spoiled pickles destroyed."
News,Ghee,special Diwali campaign,targets,pickles,1,1,0.9,https://www.thehansindia.com/news/national/2993-quintals-of-adulterated-food-seized-1155-quintals-destroyed-special-drive-runs-from-october-8-17-1015062,790 kg of adulterated pickles were seized
News,Ghee,Gondal Ghee Adulteration Finding,triggeredaction,Arrest of 5 persons,1,1,0.9,https://timesofindia.indiatimes.com/city/rajkot/spurious-ghee-making-unit-busted-in-gondal-5-arrested/articleshow/93742460.cms,Five persons were booked by Gondal city police
News,Ghee,Saras ghee sale,targets,ghee,1,1,0.85,https://timesofindia.indiatimes.com/city/jaipur/food-safety-team-seizes-fake-ghee-at-jhotwara-retail-mart/articleshow/111198853.cms,sale of this ghee has been halted
News,Ghee,Tirumala ghee adulteration case,triggeredaction,investigation under PMLA,1,1,0.9,https://www.hindustantimes.com/india-news/hindu-groups-seers-protest-tirumala-ghee-adulteration-101770754545423.html,investigation into the Tirumala ghee adulteration case under the Prevention of Money Laundering Act (PMLA)
News,Ghee,Enforcement Directorate,triggeredaction,money laundering probe,1,1,0.85,https://www.hindustantimes.com/india-news/hindu-groups-seers-protest-tirumala-ghee-adulteration-101770754545423.html,The ED will be probing the case in the money laundering angle
News,Ghee,inspections of food establishments,issuedby,Food and Drug Administration (FDA) of Maharashtra,1,1,0.9,https://indianexpress.com/article/cities/mumbai/fda-intensifies-action-on-unsafe-festive-food-helpline-open-for-public-complaints-9635302/,FDA has ramped up inspections of food establishments
News,Ghee,SIT investigation,issuedby,CBI,1,1,0.85,https://www.thehansindia.com/andhra-pradesh/pawan-kalyan-meets-naidu-to-discuss-political-and-tirumala-ghee-issue-1045405,formation of a SIT under the CBI
News,Ghee,sealing of units,issuedby,AMC,1,1,0.9,https://timesofindia.indiatimes.com/city/ahmedabad/ahmedabad-4850kg-of-spurious-cow-ghee-seized-haul-valued-at-rs-31-8-lakh/articleshow/131618757.cms,The AMC has sealed all units involved
News,Ghee,Arrest of 33 accused,issuedby,Maharashtra Food and Drug Administration,1,1,0.95,https://www.freepressjournal.in/mumbai/maharashtra-fda-cracks-down-on-gutkha-trade-arrests-33-across-statewide-raids,The Maharashtra Food and Drug Administration (FDA) arrested 33 people
News,Ghee,Sealing of 27 establishments,issuedby,Maharashtra Food and Drug Administration,1,1,0.95,https://www.freepressjournal.in/mumbai/maharashtra-fda-cracks-down-on-gutkha-trade-arrests-33-across-statewide-raids,sealed 27 establishments
News,Ghee,Maharashtra FDA crackdown,targets,Gutkha,1,1,0.9,https://www.freepressjournal.in/mumbai/maharashtra-fda-cracks-down-on-gutkha-trade-arrests-33-across-statewide-raids,crackdown on banned gutkha sales
News,Ghee,suspension of dairy licence in Wadgaon Sheri,issuedby,Pune Food and Drug Administration,1,1,0.95,https://timesofindia.indiatimes.com/city/pune/fdas-anti-adulteration-drive-gathers-steam-after-food-poisoning-incident/articleshow/131753950.cms,We have suspended the licence of the concerned dairy in Wadgaon Sheri
News,Ghee,Seizure of 600 Liters,targets,vanaspati,1,1,0.95,https://www.freepressjournal.in/indore/indore-news-food-officials-seized-600-liters-of-adulterated-ghee-oil,seized 27 cans of vanaspati
News,Ghee,Seizure of 600 Liters,targets,ghee,1,1,0.95,https://www.freepressjournal.in/indore/indore-news-food-officials-seized-600-liters-of-adulterated-ghee-oil,seized 600 litres of ghee and oil
News,Ghee,ghee adulteration incident,triggeredaction,suspension of licence,1,1,0.9,https://timesofindia.indiatimes.com/city/madurai/tirupati-laddu-ghee-row-hc-sets-aside-suspension-of-licence-of-dairy-firm/articleshow/121219045.cms,"order was passed, and the licence of the petitioner was suspended"
News,Ghee,interim order,targets,ghee,1,1,0.9,https://timesofindia.indiatimes.com/city/madurai/tirupati-laddu-ghee-row-hc-sets-aside-suspension-of-licence-of-dairy-firm/articleshow/121219045.cms,suspended the licence only with respect to ghee
News,Ghee,cost of 2 lakh,issuedby,central licencing authority,1,1,0.9,https://timesofindia.indiatimes.com/city/madurai/tirupati-laddu-ghee-row-hc-sets-aside-suspension-of-licence-of-dairy-firm/articleshow/121219045.cms,pay a cost of 2 lakh to the central licencing authority
News,Ghee,"seizure of 1,130 litres of ghee",targets,ghee,1,1,0.9,https://timesofindia.indiatimes.com/city/jaipur/1100-litres-of-cheap-ghee-seized-in-city/articleshow/104512484.cms,"seized 1,130 litres of Amrit brand and Dairy Shubham brand ghee"
News,Ghee,constitution of an SIT,issuedby,Supreme Court,1,1,0.95,https://www.newindianexpress.com/states/andhra-pradesh/2024/Oct/16/tirupati-laddoo-row-names-of-two-cops-sent-to-sc-to-probe-ghee-adulteration,Supreme Court has ordered the constitution of an SIT
News,Ghee,seizure of adulterated ghee,targets,ghee,1,1,0.9,https://www.mid-day.com/mumbai/mumbai-news/article/mumbai-ahead-of-diwali-festival-fda-seizes-400-kg-adulterated-ghee-worth-rs-3-lakh-in-masjid-bandar-23251244,seized adulterated ghee
News,Ghee,seizure of adulterated ghee,citesfinding,finding of substandard quality ghee,1,1,0.85,https://www.mid-day.com/mumbai/mumbai-news/article/mumbai-ahead-of-diwali-festival-fda-seizes-400-kg-adulterated-ghee-worth-rs-3-lakh-in-masjid-bandar-23251244,seized adulterated ghee which was being sold in substandard quality
News,Ghee,seizure of khoya and sweets,triggeredaction,"seizure of 6,500 kg of khoya and sweets",1,1,0.85,https://www.tribuneindia.com/news/punjab/6-500-kg-of-spurious-sweets-milk-items-seized-in-10-days-560816,"seized over 6,500 kg of khoya and sweets"
News,Milk,Statewide milk parlour inspections,issuedby,Andhra Pradesh,1,1,0.9,https://thelogicalindian.com/beyond-contamination-what-andhras-adulterated-milk-tragedy-reveals-about-food-safety-oversight/,Andhra Pradesh launched statewide inspections of milk parlours and outlets
News,Milk,Statewide milk parlour inspections,targets,milk,1,1,0.9,https://thelogicalindian.com/beyond-contamination-what-andhras-adulterated-milk-tragedy-reveals-about-food-safety-oversight/,inspections of milk parlours and outlets
News,Milk,Request for detailed report on incident,issuedby,FSSAI,1,1,0.85,https://thelogicalindian.com/beyond-contamination-what-andhras-adulterated-milk-tragedy-reveals-about-food-safety-oversight/,"FSSAI, has asked the Andhra Pradesh government for a detailed report"
News,Milk,adulteration detection in milk,triggeredaction,seizure of 24000 liters milk,1,1,0.85,https://www.amarujala.com/uttar-pradesh/aligarh/adulteration-detected-in-milk-going-to-mother-dairy-delhi-24-thousand-liters-of-milk-seized-aligarh-news-c-2-1-gur1003-606455-2025-02-16,मदर डेयरी दिल्ली जा रहे दूध के टैंकर में मिलावट करने का मामल पकड़ा
News,Milk,destruction of 300 liters of milk,targets,milk,1,1,0.9,https://www.amarujala.com/uttar-pradesh/aligarh/adulteration-detected-in-milk-going-to-mother-dairy-delhi-24-thousand-liters-of-milk-seized-aligarh-news-c-2-1-gur1003-606455-2025-02-16,टीम ने ड्रम में निकाले गए 300 लीटर दूध को नष्ट करा दिया
News,Milk,adulteration incident in milk,triggeredaction,report filing,1,1,0.85,https://www.amarujala.com/uttar-pradesh/aligarh/adulteration-detected-in-milk-going-to-mother-dairy-delhi-24-thousand-liters-of-milk-seized-aligarh-news-c-2-1-gur1003-606455-2025-02-16,टैंकर चालक सहित दो के खिलाफ रिपोर्ट दर्ज कराई गई है
News,Milk,formal notices to the Chief Secretary and the Director General of Police of Andhra Pradesh,issuedby,National Human Rights Commission of India,1,1,0.95,https://www.thehansindia.com/andhra-pradesh/nhrc-takes-serious-view-of-rights-violations-1059941,commission has issued formal notices to the Chief Secretary and the Director General of Police
News,Milk,Rajamahendravaram milk adulteration incident,triggeredaction,criminal proceedings against A Ganeswara Rao,1,1,0.9,https://www.thehansindia.com/andhra-pradesh/nhrc-takes-serious-view-of-rights-violations-1059941,initiated criminal proceedings against the prime accused
News,Milk,license cancellation,issuedby,FSSAI,1,1,0.9,https://economictimes.indiatimes.com/industry/services/hotels-/-restaurants/hotels-restaurants-pubs-under-fssais-intense-scrutiny-over-adulterated-paneer/articleshow/126014895.cms,face cancellation of license
News,Milk,unit closure,issuedby,FSSAI,1,1,0.9,https://economictimes.indiatimes.com/industry/services/hotels-/-restaurants/hotels-restaurants-pubs-under-fssais-intense-scrutiny-over-adulterated-paneer/articleshow/126014895.cms,closure of their unit
News,Milk,special nationwide enforcement drive,issuedby,FSSAI,1,1,0.95,https://economictimes.indiatimes.com/industry/services/hotels-/-restaurants/hotels-restaurants-pubs-under-fssais-intense-scrutiny-over-adulterated-paneer/articleshow/126014895.cms,FSSAI has directed all States and Union Territories to launch a special nationwide enforcement drive
News,Milk,special nationwide enforcement drive,targets,milk,1,1,0.9,https://economictimes.indiatimes.com/industry/services/hotels-/-restaurants/hotels-restaurants-pubs-under-fssais-intense-scrutiny-over-adulterated-paneer/articleshow/126014895.cms,enforcement drive against adulteration and misbranding of milk
News,Milk,special nationwide enforcement drive,targets,paneer,1,1,0.9,https://economictimes.indiatimes.com/industry/services/hotels-/-restaurants/hotels-restaurants-pubs-under-fssais-intense-scrutiny-over-adulterated-paneer/articleshow/126014895.cms,including paneer and khoya
News,Milk,special nationwide enforcement drive,targets,khoya,1,1,0.9,https://economictimes.indiatimes.com/industry/services/hotels-/-restaurants/hotels-restaurants-pubs-under-fssais-intense-scrutiny-over-adulterated-paneer/articleshow/126014895.cms,including paneer and khoya
News,Milk,special enforcement drive,targets,paneer,1,1,0.9,https://economictimes.indiatimes.com/industry/services/hotels-/-restaurants/hotels-restaurants-pubs-under-fssais-intense-scrutiny-over-adulterated-paneer/articleshow/126014895.cms,"draw enforcement samples of milk, paneer and khoya"
News,Milk,special enforcement drive,targets,khoya,1,1,0.9,https://economictimes.indiatimes.com/industry/services/hotels-/-restaurants/hotels-restaurants-pubs-under-fssais-intense-scrutiny-over-adulterated-paneer/articleshow/126014895.cms,"draw enforcement samples of milk, paneer and khoya"
News,Milk,comprehensive probe,issuedby,East Godavari District Collector,1,1,0.9,https://www.en.etemaaddaily.com/world/national/suspected-contaminated-milk-kills-woman-in-kakinada-hospitalizes-10:190223,East Godavari District Collector K. Keerthi Chekuri ordered a comprehensive probe
News,Milk,inspection of milk source,issuedby,East Godavari District Collector,1,1,0.9,https://www.en.etemaaddaily.com/world/national/suspected-contaminated-milk-kills-woman-in-kakinada-hospitalizes-10:190223,directed to inspect the milk source
News,Milk,suspension of spice blends by Hong Kong,targets,spice blends,1,1,0.9,https://www.tribuneindia.com/news/business/fssai-to-inspect-all-manufacturers-in-its-crackdown-on-spurious-spices-617328,Hong Kong last month suspended sales of three spice blends
News,Milk,Singapore recall of Everest mix,targets,Everest spice mix,1,1,0.9,https://www.tribuneindia.com/news/business/fssai-to-inspect-all-manufacturers-in-its-crackdown-on-spurious-spices-617328,Singapore ordered a recall of the same Everest mix
News,Milk,surveillance and enforcement measures,issuedby,Andhra Pradesh government,1,1,0.9,https://www.thehansindia.com/andhra-pradesh/ap-crackdown-after-milk-contamination-claims-5-lives-1052137,Andhra Pradesh government has stepped up surveillance and enforcement measures
News,Milk,milk supply suspension,targets,milk,1,1,0.85,https://www.republicworld.com/india/andhra-pradesh-death-toll-rises-to-16-in-milk-adulteration-case,milk supply from this dairy was immediately suspended
News,Milk,food adulteration crackdown in Kanpur,issuedby,UPFSDA,1,1,0.95,https://www.republicworld.com/india/andhra-pradesh-death-toll-rises-to-16-in-milk-adulteration-case,UPFSDA... launched an intensive crackdown on food adulteration in Kanpur
News,Milk,intensive crackdown on food adulteration in Kanpur,issuedby,Food Safety and Standards Authority of India,1,1,0.9,https://www.republicworld.com/india/andhra-pradesh-death-toll-rises-to-16-in-milk-adulteration-case,"Uttar Pradesh Food Safety and Drug Administration (UPFSDA), in collaboration with the Food Safety and Standards Authority of India (FSSAI), launched an intensive crackdown"
News,Milk,FDA crackdown in Nashik,issuedby,Food and Drugs Administration (FDA),1,1,0.95,https://timesofindia.indiatimes.com/city/nashik/articles-worth-over-rs-15-8-lakh-seized-by-fda-in-week-long-raids/articleshow/131537623.cms,FDA has launched a crackdown on food business operators across Nashik district
News,Milk,Strict action against violators,issuedby,FDA,1,1,0.85,https://timesofindia.indiatimes.com/city/nashik/articles-worth-over-rs-15-8-lakh-seized-by-fda-in-week-long-raids/articleshow/131537623.cms,Strict action is being taken against violators
News,Milk,compensation,issuedby,Punjab government,1,1,0.9,http://www.newindianexpress.com/nation/2023/may/01/11-dead-as-poisonous-gas-wreaks-havoc-in-ludhiana-2570982.html,Punjab government has announced Rs 2 lakh compensation
News,Milk,banning diclofenac,issuedby,Nepalese government,1,1,0.95,https://www.newsclick.in/nepal-vultures-get-boost-their-rrestaurants,The Nepalese government reacted by banning diclofenac in 2006
News,Milk,closure of six hotels,issuedby,Food Safety Department,1,1,0.95,https://www.newindianexpress.com/states/kerala/2024/Jul/22/six-food-outlets-closed-and-68-fined-in-two-day-crackdown-in-kochi,six hotels closed down by the Food Safety Department
News,Milk,compensation of ₹10 lakh,issuedby,Andhra Pradesh Government,1,1,0.9,https://www.hindustantimes.com/cities/others/andhra-milk-adulteration-govt-announces-rs-10-lakh-ex-gratia-for-deceased-101771840048537.html,Govt announces ₹10 lakh ex-gratia for deceased
News,Milk,free treatment for hospitalised victims,issuedby,Andhra Pradesh Government,1,1,0.9,https://www.hindustantimes.com/cities/others/andhra-milk-adulteration-govt-announces-rs-10-lakh-ex-gratia-for-deceased-101771840048537.html,government will bear the entire medical expenditure
News,Milk,Deepawali Special Campaign,targets,milk,1,1,0.9,https://www.news18.com/india/over-3300-quintals-of-adulterated-food-worth-rs-4-76-crore-seized-before-diwali-in-up-ws-e-9641390.html,uncovered large quantities of adulterated milk
News,Milk,Deepawali Special Campaign,targets,sweets,1,1,0.9,https://www.news18.com/india/over-3300-quintals-of-adulterated-food-worth-rs-4-76-crore-seized-before-diwali-in-up-ws-e-9641390.html,"uncovered large quantities of adulterated milk, sweets"
News,Milk,Deepawali Special Campaign,targets,ghee,1,1,0.9,https://www.news18.com/india/over-3300-quintals-of-adulterated-food-worth-rs-4-76-crore-seized-before-diwali-in-up-ws-e-9641390.html,"uncovered large quantities of adulterated milk, sweets, ghee"
News,Milk,Deepawali Special Campaign,targets,paneer,1,1,0.9,https://www.news18.com/india/over-3300-quintals-of-adulterated-food-worth-rs-4-76-crore-seized-before-diwali-in-up-ws-e-9641390.html,"uncovered large quantities of adulterated milk, sweets, ghee, and paneer"
News,Milk,Expand rapid response teams,issuedby,Food Safety Department,1,1,0.85,https://timesofindia.indiatimes.com/city/hyderabad/one-in-6-food-poisoning-deaths-linked-to-t-report-rings-alarm/articleshow/128222289.cms,expand rapid response teams to investigate outbreaks
News,Milk,licence cancellation for Neolacta,issuedby,Food Safety and Standards Authority of India,1,1,0.95,https://timesofindia.indiatimes.com/home/sunday-times/sale-of-breast-milk-raises-eyebrows/articleshow/92623732.cms,FSSAI cancelled the company's licence
News,Milk,FSSAI licence cancellation,targets,breast milk,1,1,0.9,https://timesofindia.indiatimes.com/home/sunday-times/sale-of-breast-milk-raises-eyebrows/articleshow/92623732.cms,FSSAI cancelled the companyâs licence stating that sale of motherâs milk was not permitted
News,Milk,seizure of packing materials,issuedby,FSSAI Bengaluru,1,1,0.9,https://timesofindia.indiatimes.com/home/sunday-times/sale-of-breast-milk-raises-eyebrows/articleshow/92623732.cms,"found stocks of packing materials bearing the suspended FSSAI License, which they seized"
News,Milk,recall order for Neolacta products,issuedby,FSSAI Bengaluru,1,1,0.9,https://timesofindia.indiatimes.com/home/sunday-times/sale-of-breast-milk-raises-eyebrows/articleshow/92623732.cms,asked the company to recall from the market all its products which have used the FSSAI licence
News,Milk,penalties amounting to Rs 3.04 crore,issuedby,Punjab government,1,1,0.95,https://indianexpress.com/article/cities/chandigarh/punjab-imposes-over-%E2%82%B93-crore-in-fines-for-adulterated-milk-products-in-five-years-10278656/,Punjab government has told the Punjab and Haryana High Court that it imposed penalties amounting to Rs 3.04 crore
News,Milk,penalties amounting to Rs 3.04 crore,targets,milk,1,1,0.9,https://indianexpress.com/article/cities/chandigarh/punjab-imposes-over-%E2%82%B93-crore-in-fines-for-adulterated-milk-products-in-five-years-10278656/,"penalties amounting to Rs 3.04 crore in 2,191 food adulteration cases between January 2019 and December 2024, most involving milk"
News,Milk,interim order on July 22,issuedby,Punjab and Haryana High Court,1,1,0.95,https://indianexpress.com/article/cities/chandigarh/punjab-imposes-over-%E2%82%B93-crore-in-fines-for-adulterated-milk-products-in-five-years-10278656/,"HC had, in an interim order on July 22 this year, directed both Punjab and Haryana"
News,Milk,seizing products that fail safety standards,issuedby,Food Safety and Standards Authority of India,1,1,0.85,https://thelogicalindian.com/festive-sweets-and-hidden-risks-why-adulterated-food-returns-every-holi-diwali-in-indian-markets/,"The Food Safety and Standards Authority of India conducts special inspection drives before major festivals to test sweets, dairy products, and cooking oils. These drives involve collecting food samples, testing them in laboratories, and seizing products that fail safety standards."
News,Milk,Challan for unhygienic conditions,issuedby,Food Safety Wing Mohali,1,1,0.85,https://timesofindia.indiatimes.com/city/chandigarh/142-sweet-samples-seized-in-mohali/articleshow/124537581.cms,five challans were issued to shop owners for maintaining unhygienic conditions
News,Milk,Challan for food safety violations,issuedby,Food Safety Wing Mohali,1,1,0.85,https://timesofindia.indiatimes.com/city/chandigarh/142-sweet-samples-seized-in-mohali/articleshow/124537581.cms,five challans were issued to shop owners for maintaining unhygienic conditions
News,Milk,Diwali Campaign 2025,targets,adulterated food,1,1,0.9,https://www.freepressjournal.in/india/uttar-pradesh-news-yogi-govt-launches-statewide-crackdown-on-adulterated-food-ahead-of-diwali-2025,Crackdown On Adulterated Food
News,Milk,food safety inspections,targets,coconut chutney,1,1,0.85,https://www.thehindu.com/news/national/tamil-nadu/in-food-we-trust-laying-out-health-and-hygiene-norms/article67548866.ece,"Our food safety teams have been taking up regular inspections at hotels, and food items, such as coconut chutney"
News,Milk,food safety inspections,targets,buttermilk,1,1,0.85,https://www.thehindu.com/news/national/tamil-nadu/in-food-we-trust-laying-out-health-and-hygiene-norms/article67548866.ece,"food items, such as coconut chutney, buttermilk and curd"
News,Milk,food safety inspections,targets,curd,1,1,0.85,https://www.thehindu.com/news/national/tamil-nadu/in-food-we-trust-laying-out-health-and-hygiene-norms/article67548866.ece,"food items, such as coconut chutney, buttermilk and curd"
News,Milk,food safety inspections,targets,meat products,1,1,0.85,https://www.thehindu.com/news/national/tamil-nadu/in-food-we-trust-laying-out-health-and-hygiene-norms/article67548866.ece,"Our food safety teams have been taking up regular inspections at hotels, and food items, such as coconut chutney, buttermilk and curd, and meat products are being brought on the radar."
News,Milk,product recall,issuedby,FDA,1,1,0.8,https://economictimes.indiatimes.com/magazines/panache/how-do-toxic-substances-like-lead-end-up-in-baby-food/articleshow/97399836.cms,"If the FDA finds that a company exceeds the levels, it can pursue enforcement action, which can lead to a product recall"
News,Milk,FSSAI directive to verify registration,issuedby,FSSAI,1,1,0.9,https://www.news18.com/business/economy/fssai-makes-registration-mandatory-for-independent-milk-producers-vendors-ws-l-9956557.html,FSSAI has asked Central and State enforcement authorities to direct designated officers
News,Milk,regular special enforcement drives on milk and milk products,issuedby,FSSAI,1,1,0.9,https://www.news18.com/business/economy/fssai-makes-registration-mandatory-for-independent-milk-producers-vendors-ws-l-9956557.html,"issued directions on December 16, 2025, asking authorities to conduct regular special enforcement drives"
News,Milk,special Diwali campaign,targets,adulterated and unsafe food,1,1,0.9,https://www.thehansindia.com/news/national/2993-quintals-of-adulterated-food-seized-1155-quintals-destroyed-special-drive-runs-from-october-8-17-1015062,"Under the Chief Minister's directives, the Food Safety and Drug Administration is conducting a special Diwali campaign from October 8–17 across Uttar Pradesh. So far, the initiative has carried out 4,621 inspections, 2,085 raids, and tested 2,853 food samples, resulting in the seizure of 2,993 quintals of adulterated and unsafe food, valued at Rs 3.88 crore."
News,Milk,special Diwali campaign,targets,perishable items,1,1,0.8,https://www.thehansindia.com/news/national/2993-quintals-of-adulterated-food-seized-1155-quintals-destroyed-special-drive-runs-from-october-8-17-1015062,Perishable items are seized and destroyed on the spot
News,Milk,Operation Monsoon,targets,packaged milk,1,1,0.85,https://www.thehindu.com/news/national/kerala/shigella-alert-in-thrissur/article71109757.ece,stringent inspections under the ongoing 'Operation Monsoon' will continue
News,Milk,vigilance team,targets,milk,1,1,0.8,https://www.thehindu.com/news/national/karnataka/adulteration-found-in-3049-milk-samples-supplied-to-karnataka-dairies-in-a-year-govt-informs-council/article70735023.ece,monitor milk sold under the Nandini milk brand
News,Milk,detection of adulteration in milk,triggeredaction,police complaint,1,1,0.9,https://www.thehindu.com/news/national/karnataka/adulteration-found-in-3049-milk-samples-supplied-to-karnataka-dairies-in-a-year-govt-informs-council/article70735023.ece,"If adulteration is detected in milk sold under the brand, a police complaint will be lodged"
News,Milk,conviction and sentencing for unsafe food manufacturing,targets,paneer,1,1,0.85,https://www.hindustantimes.com/cities/chandigarh-news/dont-say-cheese-nearly-50-paneer-in-punjab-markets-spurious-101765654017539.html,"convicted and sentenced to six-month imprisonment over the past five years for manufacturing unsafe food products, particularly paneer"
News,Milk,conviction and sentencing for unsafe food manufacturing,targets,desi ghee,1,1,0.85,https://www.hindustantimes.com/cities/chandigarh-news/dont-say-cheese-nearly-50-paneer-in-punjab-markets-spurious-101765654017539.html,"convicted and sentenced to six-month imprisonment over the past five years for manufacturing unsafe food products, particularly paneer and desi ghee"
News,Milk,Diwali campaign,targets,adulterated food,1,1,0.85,https://timesofindia.indiatimes.com/city/lucknow/crackdown-on-adulterated-food-across-state-ahead-of-diwali/articleshow/124589368.cms,Crackdown on adulterated food across state
News,Milk,ban on single-use plastics,issuedby,Tamil Nadu,1,1,0.9,https://www.newindianexpress.com/states/tamil-nadu/2025/Feb/08/collective-efforts-needed-in-the-battle-against-plastic,"Tamil Nadu banned single-use plastics on June 25, 2018"
News,Milk,Surveillance Directive,issuedby,FSSAI,1,1,0.9,https://www.thehindubusinessline.com/news/fssai-directs-states-to-ramp-up-surveillance-over-16-lakh-samples-analysed/article70843633.ece,FSSAI has been directing states to ramp up surveillance
News,Milk,Surveillance Directive,targets,milk,1,1,0.9,https://www.thehindubusinessline.com/news/fssai-directs-states-to-ramp-up-surveillance-over-16-lakh-samples-analysed/article70843633.ece,directed States to ramp up surveillance and inspection of milk products
News,Milk,Surveillance Directive,targets,paneer,1,1,0.9,https://www.thehindubusinessline.com/news/fssai-directs-states-to-ramp-up-surveillance-over-16-lakh-samples-analysed/article70843633.ece,inspection of milk products icluding paneer
News,Milk,Surveillance Directive,targets,edible oils,1,1,0.9,https://www.thehindubusinessline.com/news/fssai-directs-states-to-ramp-up-surveillance-over-16-lakh-samples-analysed/article70843633.ece,"high-risk commodities such as milk and milk products, edible oils"
News,Milk,Surveillance Directive,targets,spices,1,1,0.9,https://www.thehindubusinessline.com/news/fssai-directs-states-to-ramp-up-surveillance-over-16-lakh-samples-analysed/article70843633.ece,"high-risk commodities such as milk and milk products, edible oils, spices"
News,Milk,Surveillance Directive,targets,honey,1,1,0.9,https://www.thehindubusinessline.com/news/fssai-directs-states-to-ramp-up-surveillance-over-16-lakh-samples-analysed/article70843633.ece,"high-risk commodities such as milk and milk products, edible oils, spices, and honey"
News,Milk,Adjudication Cases,issuedby,State food safety departments,1,1,0.85,https://www.thehindubusinessline.com/news/fssai-directs-states-to-ramp-up-surveillance-over-16-lakh-samples-analysed/article70843633.ece,"Nearly 23,580 adjudication cases were decided"
News,Milk,Criminal Convictions,issuedby,State food safety departments,1,1,0.9,https://www.thehindubusinessline.com/news/fssai-directs-states-to-ramp-up-surveillance-over-16-lakh-samples-analysed/article70843633.ece,"about 1,756 criminal convictions secured"
News,Milk,Penalties imposed on non-compliant food business operators,issuedby,State food safety departments,1,1,0.9,https://www.thehindubusinessline.com/news/fssai-directs-states-to-ramp-up-surveillance-over-16-lakh-samples-analysed/article70843633.ece,₹154.87 crore penalties were imposed on the non-compliant food business operators
News,Milk,deemed registration for street food vendors,issuedby,The Centre,1,1,0.85,https://www.thehindubusinessline.com/news/fssai-directs-states-to-ramp-up-surveillance-over-16-lakh-samples-analysed/article70843633.ece,"Last month, the Centre also decided to reduce compliance burden for street food vendors"
News,Milk,ex-gratia of Rs 10 lakh,issuedby,coalition government,1,1,0.85,https://www.thehansindia.com/andhra-pradesh/ysrcp-demands-cbi-probe-1055453,ex-gratia of Rs 10 lakh announced by the government
News,Milk,strict action,issuedby,Uttar Pradesh food safety department,1,1,0.9,https://indianexpress.com/article/health-wellness/fake-paneer-khoya-seized-up-holi-health-10561195/,Uttar Pradesh food safety department took strict action
News,Milk,National Enforcement Drive on Milk Adulteration,targets,paneer,1,1,0.95,https://www.newkerala.com/news/o/fssai-orders-nationwide-enforcement-drive-curb-adulteration-milk-paneer-339,"FSSAI orders nationwide enforcement drive to curb adulteration of milk, paneer and khoya"
News,Milk,National Enforcement Drive on Milk Adulteration,targets,khoya,1,1,0.95,https://www.newkerala.com/news/o/fssai-orders-nationwide-enforcement-drive-curb-adulteration-milk-paneer-339,"FSSAI orders nationwide enforcement drive to curb adulteration of milk, paneer and khoya"
News,Milk,penalties levied by PPCB,issuedby,PPCB,1,1,0.9,https://www.hindustantimes.com/cities/chandigarh-news/challenges-of-industrialisation-ludhiana-s-effluent-disposal-woes-highlighted-by-gas-leak-tragedy-and-pollution-crisis-101685179824784.html,"PPCB, which has been issuing notices and levying penalties"
News,Milk,Fine of ₹1.05 crore on CETP for electroplating units,issuedby,PPCB,1,1,0.95,https://www.hindustantimes.com/cities/chandigarh-news/challenges-of-industrialisation-ludhiana-s-effluent-disposal-woes-highlighted-by-gas-leak-tragedy-and-pollution-crisis-101685179824784.html,which drew a ₹1.05-crore fine
News,Milk,Special Festival Food Safety Campaign,issuedby,Food and Drug Administration (FDA) in Maharashtra,1,1,0.95,https://www.freepressjournal.in/mumbai/mumbai-fda-launches-special-festival-food-safety-campaign-from-september-to-december-2024-to-prevent-adulteration-and-ensure-quality,FDA in Maharashtra has launched a special campaign
News,Milk,Special Festival Food Safety Campaign,targets,milk,1,1,0.9,https://www.freepressjournal.in/mumbai/mumbai-fda-launches-special-festival-food-safety-campaign-from-september-to-december-2024-to-prevent-adulteration-and-ensure-quality,address the increased demand for milk
News,Milk,Special Festival Food Safety Campaign,targets,Khoya,1,1,0.9,https://www.freepressjournal.in/mumbai/mumbai-fda-launches-special-festival-food-safety-campaign-from-september-to-december-2024-to-prevent-adulteration-and-ensure-quality,milk products such as Khoya
News,Milk,Special Festival Food Safety Campaign,targets,paneer,1,1,0.9,https://www.freepressjournal.in/mumbai/mumbai-fda-launches-special-festival-food-safety-campaign-from-september-to-december-2024-to-prevent-adulteration-and-ensure-quality,"milk products such as Khoya, sweets, paneer"
News,Milk,Special Festival Food Safety Campaign,targets,curd,1,1,0.9,https://www.freepressjournal.in/mumbai/mumbai-fda-launches-special-festival-food-safety-campaign-from-september-to-december-2024-to-prevent-adulteration-and-ensure-quality,"milk products such as Khoya, sweets, paneer, curd"
News,Milk,Special Festival Food Safety Campaign,targets,ghee,1,1,0.9,https://www.freepressjournal.in/mumbai/mumbai-fda-launches-special-festival-food-safety-campaign-from-september-to-december-2024-to-prevent-adulteration-and-ensure-quality,"milk products such as Khoya, sweets, paneer, curd, ghee"
News,Milk,Special Festival Food Safety Campaign,targets,edible oil,1,1,0.9,https://www.freepressjournal.in/mumbai/mumbai-fda-launches-special-festival-food-safety-campaign-from-september-to-december-2024-to-prevent-adulteration-and-ensure-quality,festival items like edible oil
News,Milk,Special Festival Food Safety Campaign,targets,flour,1,1,0.9,https://www.freepressjournal.in/mumbai/mumbai-fda-launches-special-festival-food-safety-campaign-from-september-to-december-2024-to-prevent-adulteration-and-ensure-quality,"festival items like edible oil, farsan, semolina, flour"
News,Milk,Special Festival Food Safety Campaign,issuedby,Food and Drug Administration,1,1,0.95,https://www.freepressjournal.in/mumbai/mumbai-fda-launches-special-festival-food-safety-campaign-from-september-to-december-2024-to-prevent-adulteration-and-ensure-quality,Food and Drug Administration (FDA) in Maharashtra has launched a special campaign
News,Milk,Special Festival Food Safety Campaign,targets,dry fruits,1,1,0.9,https://www.freepressjournal.in/mumbai/mumbai-fda-launches-special-festival-food-safety-campaign-from-september-to-december-2024-to-prevent-adulteration-and-ensure-quality,"high-demand festival items like edible oil, farsan, semolina, flour, dry fruits"
News,Milk,seizure of 3282.9 kg of mango pulp,issuedby,Food and Drug Administration,1,1,0.9,https://timesofindia.indiatimes.com/life-style/food-news/3800-kg-mango-pulp-worth-rs-2-23000-adulterated-with-unsafe-colours-destroyed-how-to-identify-fake-mangoes-at-home/articleshow/130280780.cms,"Pune unit of the Food and Drug Administration (FDA) has seized more than 3,800 kg"
News,Milk,seizure of 3282.9 kg of mango pulp,targets,mango pulp,1,1,0.95,https://timesofindia.indiatimes.com/life-style/food-news/3800-kg-mango-pulp-worth-rs-2-23000-adulterated-with-unsafe-colours-destroyed-how-to-identify-fake-mangoes-at-home/articleshow/130280780.cms,They seized and destroyed 3282.9 kg of mango pulp
News,Milk,License cancellation of McDonald's outlet,issuedby,FDA,1,1,0.95,https://economictimes.indiatimes.com/opinion/et-commentary/view-the-very-cheesy-business-of-passing-off-doosri-cheez-as-asli-cheese-by-brands/articleshow/108167155.cms,FDA cancelled the licence of a McDonald's outlet in Ahmednagar
News,Milk,Maharashtra FDA raids,issuedby,Maharashtra FDA,1,1,0.95,https://timesofindia.indiatimes.com/city/mumbai/maharashtra-fda-conducts-raids-across-cities-seizes-banned-and-adulterated-items-worth-rs-40-lakh-33-arrested-for-selling-gutka/articleshow/131376144.cms,Maharashtra FDA conducts raids across cities
News,Milk,Maharashtra FDA raids,targets,milk,1,1,0.9,https://timesofindia.indiatimes.com/city/mumbai/maharashtra-fda-conducts-raids-across-cities-seizes-banned-and-adulterated-items-worth-rs-40-lakh-33-arrested-for-selling-gutka/articleshow/131376144.cms,"seized banned items such as gutka, adulterated milk"
News,Milk,Maharashtra FDA raids,targets,ghee,1,1,0.9,https://timesofindia.indiatimes.com/city/mumbai/maharashtra-fda-conducts-raids-across-cities-seizes-banned-and-adulterated-items-worth-rs-40-lakh-33-arrested-for-selling-gutka/articleshow/131376144.cms,"seized banned items such as gutka, adulterated milk and ghee"
News,Milk,Maharashtra FDA raids,targets,noodles,1,1,0.9,https://timesofindia.indiatimes.com/city/mumbai/maharashtra-fda-conducts-raids-across-cities-seizes-banned-and-adulterated-items-worth-rs-40-lakh-33-arrested-for-selling-gutka/articleshow/131376144.cms,found a manufacturing facility making noodles in violation of labelling rules
News,Milk,seizure of 3800kg mango pulp,issuedby,Pune Food and Drug Administration,1,1,0.95,https://timesofindia.indiatimes.com/city/pune/pune-fda-seizes-over-3800kg-of-adulterated-mango-pulp/articleshow/130152672.cms,"Pune Food and Drug Administration (FDA) has seized over 3,800 kg of adulterated mango pulp"
News,Milk,notices to the Andhra Pradesh Chief Secretary and Director General of Police,issuedby,National Human Rights Commission,1,1,0.95,https://www.deccanchronicle.com/southern-states/andhra-pradesh/nhrc-takes-suo-motu-cognisance-of-rajamahendravaram-milk-contamination-tragedy-1946419,issued notices to the Andhra Pradesh Chief Secretary and Director General of Police
News,Milk,booking traders and manufacturers under NSA,issuedby,Food Safety Department,1,1,0.85,https://timesofindia.indiatimes.com/city/bhopal/bhopal-second-safest-when-it-comes-to-eating-outside/articleshow/100887386.cms,in serious offences we have booked traders and manufacturers under NSA
News,Milk,"fine of Rs 38,000",issuedby,Food Safety and Drug Administration Department,1,1,0.9,https://www.newindianexpress.com/states/karnataka/2025/Mar/30/detergent-powder-in-ice-creams-fda-flags-local-units,"the department imposed a total fine of Rs 38,000"
News,Milk,adulterated milk finding,triggeredaction,dairy seal,1,1,0.85,https://www.deccanherald.com/india/andhra-pradesh/four-die-12-ill-after-consuming-adulterated-milk-in-andhra-pradesh-3909540,The dairy is now sealed
News,Milk,arrest of Ganeswara Rao,targets,milk,1,1,0.85,https://www.deccanherald.com/india/andhra-pradesh/four-die-12-ill-after-consuming-adulterated-milk-in-andhra-pradesh-3909540,"owner, Ganeswara Rao, was arrested"
News,Milk,arrest of 33 people,issuedby,Maharashtra Food and Drug Administration,1,1,0.95,https://www.news18.com/agency-feeds/33-held-27-establishments-sealed-in-maharashtra-fdas-three-day-drive-10120953.html,Maharashtra Food and Drug Administration (FDA) has arrested 33 people
News,Milk,sealing of 27 establishments,issuedby,Maharashtra Food and Drug Administration,1,1,0.95,https://www.news18.com/agency-feeds/33-held-27-establishments-sealed-in-maharashtra-fdas-three-day-drive-10120953.html,sealed 27 establishments
News,Milk,seizure of goods worth Rs 20.67 lakh,issuedby,Maharashtra Food and Drug Administration,1,1,0.95,https://www.news18.com/agency-feeds/33-held-27-establishments-sealed-in-maharashtra-fdas-three-day-drive-10120953.html,seizure of goods worth more than Rs 20.67 lakh
News,Milk,license suspension,issuedby,regulator,1,1,0.9,https://www.livemint.com/politics/policy/how-weak-drug-laws-are-costing-lives-11632761831130.html,punishment the regulator meted out... was to suspend the firm's license
News,Milk,license suspension,issuedby,Himachal Pradesh Drugs Control Administration,1,1,0.9,https://www.livemint.com/politics/policy/how-weak-drug-laws-are-costing-lives-11632761831130.html,The only punishment the regulator meted out in most cases was to suspend the firm's license
News,Milk,disintegration failures,triggeredaction,no prosecution,1,1,0.75,https://www.livemint.com/politics/policy/how-weak-drug-laws-are-costing-lives-11632761831130.html,"none of these states will prosecute dissolution, disintegration or impurity failures because they deem them minor"
News,Milk,impurity failures,triggeredaction,no prosecution,1,1,0.75,https://www.livemint.com/politics/policy/how-weak-drug-laws-are-costing-lives-11632761831130.html,"none of these states will prosecute dissolution, disintegration or impurity failures because they deem them minor"
News,Milk,license suspension for Cerico-SP,issuedby,Himachal Pradesh Drugs Control Administration,1,1,0.85,https://www.livemint.com/politics/policy/how-weak-drug-laws-are-costing-lives-11632761831130.html,It did lose its license to manufacture Cerico-SP
News,Milk,warning letters,issuedby,United States Food and Drugs Administration,1,1,0.9,https://www.livemint.com/politics/policy/how-weak-drug-laws-are-costing-lives-11632761831130.html,United States Food and Drugs Administration is known to frequently follow up drugmakers' failures to investigate quality issues with warning letters.
News,Milk,Recall order for Digital Vision products,issuedby,Himachal Pradesh state drug controller,1,1,0.9,https://www.livemint.com/politics/policy/how-weak-drug-laws-are-costing-lives-11632761831130.html,his office did order Digital Vision to do precisely that
News,Milk,Diwali Special Campaign,targets,adulterated food items,1,1,0.9,https://www.freepressjournal.in/uttar-pradesh/up-fsda-seizes-adulterated-food-worth-476-crore-under-diwali-special-drive,"the ""Diwali Special Campaign"" (October 8–17, 2025). So far, 3,369 samples have been collected through 5,464 inspections and 2,448 raids, resulting in the seizure of 3,394 quintals of adulterated food items worth Rs 4.76 crore"
News,Milk,milk adulteration incident in Rajamahendravaram,triggeredaction,arrest of Addala Ganeshwar Rao,1,1,0.9,https://thelogicalindian.com/4-die-after-consuming-suspected-adulterated-milk-in-andhra-pradesh-dairy-owner-arrested-probe-underway/,Police have taken Rao into custody
News,Milk,milk adulteration incident in Rajamahendravaram,triggeredaction,sealing of Varalakshmi Milk Dairy,1,1,0.9,https://thelogicalindian.com/4-die-after-consuming-suspected-adulterated-milk-in-andhra-pradesh-dairy-owner-arrested-probe-underway/,sealed the dairy
News,Milk,milk contamination incident in Rajamahendravaram,triggeredaction,ex-gratia payment of ₹10 lakh,1,1,0.9,https://thelogicalindian.com/4-die-after-consuming-suspected-adulterated-milk-in-andhra-pradesh-dairy-owner-arrested-probe-underway/,announced an ex-gratia payment of ₹10 lakh to each of the four bereaved families
News,Milk,issuance of notices to 196 establishments,issuedby,Food and Drug Administration,1,1,0.9,https://timesofindia.indiatimes.com/city/pune/fda-raids-find-food-stock-worth-2cr-adulterated-or-misleading/articleshow/124613945.cms,196 establishments were issued notices
News,Milk,Holi Anti-Adulteration Drive,targets,milk,1,1,0.85,https://www.livemint.com/news/india/india-fssai-food-regulator-states-uts-adulteration-holi-festival-11740912233603.html,"demand for sweets, savouries, milk and milk products such as ghee, Khoya, paneer"
News,Milk,Holi Anti-Adulteration Drive,targets,ghee,1,1,0.85,https://www.livemint.com/news/india/india-fssai-food-regulator-states-uts-adulteration-holi-festival-11740912233603.html,"milk products such as ghee, Khoya, paneer"
News,Milk,Holi Anti-Adulteration Drive,targets,Khoya,1,1,0.85,https://www.livemint.com/news/india/india-fssai-food-regulator-states-uts-adulteration-holi-festival-11740912233603.html,"milk products such as ghee, Khoya, paneer"
News,Milk,Holi Anti-Adulteration Drive,targets,paneer,1,1,0.85,https://www.livemint.com/news/india/india-fssai-food-regulator-states-uts-adulteration-holi-festival-11740912233603.html,"milk products such as ghee, Khoya, paneer"
News,Milk,intensified surveillance and enforcement measures,issuedby,Andhra Pradesh government,1,1,0.9,https://www.deccanchronicle.com/southern-states/andhra-pradesh/ap-govt-intensifies-crackdown-after-milk-contamination-claims-5-lives-1940073,The Andhra Pradesh government stepped up surveillance and enforcement measures
News,Milk,Vigilance Directive,issuedby,FSSAI,1,1,0.95,https://www.livemint.com/industry/fssai-food-adulteration-states-union-territories-festive-season-sweets-savouries-milk-milk-products-11726203930361.html,FSSAI directs state/UTs to keep vigil
News,Milk,NGT directive on microplastic products,issuedby,National Green Tribunal,1,1,0.9,http://www.newindianexpress.com/magazine/2023/aug/13/you-are-always-eating-plastic-and-now-drowning-in-it-2604005.html,"The National Green Tribunal (NGT) directed the Environment Ministry to intervene in the manufacture of products that generate microplastics, like textiles and cosmetics."
News,Milk,licence suspensions,issuedby,FSSAI,1,1,0.9,https://thelogicalindian.com/fssai-orders-nationwide-crackdown-on-adulterated-milk-paneer-and-khoya-amid-festive-season-health-fears/,FSSAI has ordered states ... enforce strict measures such as licence suspensions
News,Milk,unit closures,issuedby,FSSAI,1,1,0.9,https://thelogicalindian.com/fssai-orders-nationwide-crackdown-on-adulterated-milk-paneer-and-khoya-amid-festive-season-health-fears/,"enforce strict measures such as licence suspensions, product seizures, and unit closures"
News,Milk,special surveillance drives,issuedby,FSSAI,1,1,0.85,https://www.thehindubusinessline.com/economy/fssai-asks-states-to-ramp-up-surveillance-testing-of-food-products/article66604452.ece,States and UTs have been asked to plan special surveillance drives
News,Milk,special surveillance drives,targets,commonly consumed food products,1,1,0.85,https://www.thehindubusinessline.com/economy/fssai-asks-states-to-ramp-up-surveillance-testing-of-food-products/article66604452.ece,special surveillance drives given the rise in adulteration cases of commonly consumed food products
News,Milk,paneer non-compliance finding,triggeredaction,paneer seizure and destruction,1,1,0.9,https://timesofindia.indiatimes.com/india/punjab-launches-major-crackdown-on-food-adulteration-over-5000-kg-paneer-4000-kg-milk-destroyed-legal-action-seizures-follow/articleshow/123145941.cms,"This led to the seizure of more than 5,300 kg of paneer"
News,Milk,milk non-compliance finding,triggeredaction,milk destruction,1,1,0.9,https://timesofindia.indiatimes.com/india/punjab-launches-major-crackdown-on-food-adulteration-over-5000-kg-paneer-4000-kg-milk-destroyed-legal-action-seizures-follow/articleshow/123145941.cms,"resulting in the destruction of around 4,000 kg of milk"
News,Milk,Ban on sale of energy drinks to children,issuedby,Punjab government,1,1,0.95,https://timesofindia.indiatimes.com/india/punjab-launches-major-crackdown-on-food-adulteration-over-5000-kg-paneer-4000-kg-milk-destroyed-legal-action-seizures-follow/articleshow/123145941.cms,Punjab has also implemented a complete ban on the sale of energy drinks to children
News,Milk,Ban on sale of energy drinks to children,targets,energy drinks,1,1,0.95,https://timesofindia.indiatimes.com/india/punjab-launches-major-crackdown-on-food-adulteration-over-5000-kg-paneer-4000-kg-milk-destroyed-legal-action-seizures-follow/articleshow/123145941.cms,ban on the sale of energy drinks to children
News,Milk,free treatment for those affected by the milk contamination,issuedby,State government,1,1,0.9,https://www.thehindu.com/news/national/andhra-pradesh/in-andhra-city-a-morning-staples-turns-deadly/article70681039.ece,State government announced free treatment for those affected by the milk contamination
News,Milk,deployment of Rapid Response Teams and medical camps,issuedby,East Godavari District Collector Kirthi Chekuri,1,1,0.9,https://www.thehindu.com/news/national/andhra-pradesh/in-andhra-city-a-morning-staples-turns-deadly/article70681039.ece,East Godavari District Collector Kirthi Chekuri deployed Rapid Response Teams and set up medical camps
News,Milk,adulterated milk incident,triggeredaction,booking of Addala Ganeswara Rao,1,1,0.9,https://www.deccanchronicle.com/southern-states/andhra-pradesh/cm-reviews-on-srikakulam-diarrhoea-cases-and-rajahmundry-adulterated-milk-issue-1940111,"accused milk supplier, Addala Ganeswara Rao has been booked under criminal charges"
News,Milk,State-wide milk inspection campaign,issuedby,Food Safety Department,1,1,0.9,https://www.thehindu.com/sci-tech/health/health-matters-newsletter-on-science-and-accountability/article70698498.ece,Food Safety Department there has now launched a State-wide milk inspection campaign
News,Milk,State-wide milk inspection campaign,targets,milk,1,1,0.9,https://www.thehindu.com/sci-tech/health/health-matters-newsletter-on-science-and-accountability/article70698498.ece,launched a State-wide milk inspection campaign
News,Milk,destruction of 218 kg adulterated cheese and 478 liters contaminated milk,issuedby,Food and Drug Administration (FDA),1,1,0.95,https://www.freepressjournal.in/mumbai/mumbai-news-fda-destroys-218-kg-cheese-478-litres-milk-worth-54000-in-festive-season-adulteration-crackdown,FDA has intensified its vigilance against adulteration in Mumbai
News,Milk,notice,issuedby,district administration,1,1,0.85,https://timesofindia.indiatimes.com/times-special/from-villages-lifeline-to-poisoned-curse/articleshow/124406721.cms,They have been served notice
News,Milk,poisoning finding,triggeredaction,criminal probes,1,1,0.85,https://indianexpress.com/article/world/when-children-take-toxic-cough-syrup-and-live-9080098/,The rash of poisonings led to criminal probes
News,Milk,prosecution of Afi Farma,issuedby,national regulators,1,1,0.85,https://indianexpress.com/article/world/when-children-take-toxic-cough-syrup-and-live-9080098/,according to national regulators and the WHO
News,Milk,Indonesia syrup contamination finding,triggeredaction,jail sentencing for suppliers,1,1,0.85,https://indianexpress.com/article/world/when-children-take-toxic-cough-syrup-and-live-9080098/,the other four got 10 years each
News,Milk,Tightened import rules and increased inspections,issuedby,Badan POM,1,1,0.9,https://indianexpress.com/article/world/when-children-take-toxic-cough-syrup-and-live-9080098/,Badan POM ... tightened its import rules and increased inspections
News,Milk,Compensation offer for syrup poisoning victims,issuedby,Indonesia's health ministry,1,1,0.9,https://indianexpress.com/article/world/when-children-take-toxic-cough-syrup-and-live-9080098/,Indonesia's health ministry said in November this year it would provide 50 million rupiah
News,Milk,Compensation offer for Gambia poisonings,issuedby,Gambia's government,1,1,0.9,https://indianexpress.com/article/world/when-children-take-toxic-cough-syrup-and-live-9080098/,"Gambia's government offered families 14,000 dalasis"
News,Milk,thoughtless approval of Afi Farma products,issuedby,Badan POM,1,1,0.9,https://indianexpress.com/article/world/when-children-take-toxic-cough-syrup-and-live-9080098/,"Badan POM, the food and drug regulator, had approved the products 'thoughtlessly'"
News,Milk,updated standards requiring EG and DEG testing,issuedby,health ministry,1,1,0.9,https://indianexpress.com/article/world/when-children-take-toxic-cough-syrup-and-live-9080098/,"health ministry updated the standards, for the first time explicitly requiring drugmakers to test for EG and DEG"
News,Milk,recall of syrups,issuedby,health ministry,1,1,0.95,https://indianexpress.com/article/world/when-children-take-toxic-cough-syrup-and-live-9080098/,The health ministry recalled the syrups on Oct. 18
News,Milk,recall of syrups,targets,cough syrup,1,1,0.9,https://indianexpress.com/article/world/when-children-take-toxic-cough-syrup-and-live-9080098/,The health ministry recalled the syrups
News,Milk,quality deficiencies in cow-based products,triggeredaction,temporary halt of supplies,1,1,0.85,https://swarajyamag.com/news-brief/tirupati-laddu-controversy-anna-prasadam-also-under-scrutiny-as-ttds-expert-panel-flags-deficiency-in-quality,it was found that there are deficiencies in quality. Supplies have been temporarily halted
News,Milk,"Seizure of 6,000 litres of suspected adulterated mustard oil",issuedby,Food Safety Department,1,1,0.85,https://www.news18.com/india/up-barabanki-6000-litres-of-fake-mustard-oil-seized-raises-food-safety-concerns-aa-ws-l-9927362.html,"Food Safety Department conducted a major crackdown where officials seized 6,000 litres"
News,Milk,Reprimand of officials for dairy non-compliance,issuedby,Delhi High Court,1,1,0.95,https://www.hindustantimes.com/cities/delhi-news/delhi-hc-slams-officials-over-failure-to-ensure-dairies-follow-norms-101715189838942.html,Delhi high court on Wednesday reprimanded Delhi government officials
News,Milk,show-cause notice to A.R. Dairy,targets,ghee,1,1,0.85,https://www.thehindu.com/sci-tech/health/tirupati-laddu-row-on-the-economics-of-and-adulterants-in-ghee-explained/article68705077.ece,"supplied ghee to the Tirupati temple, for allegedly providing substandard products"
News,Milk,show-cause notice to A.R. Dairy,issuedby,Food Safety and Standards Authority of India,1,1,0.95,https://www.thehindu.com/sci-tech/health/tirupati-laddu-row-on-the-economics-of-and-adulterants-in-ghee-explained/article68705077.ece,FSSAI... has issued a show-cause notice to A.R. Dairy
News,Milk,directive to monitor distribution,issuedby,Rajasthan govt,1,1,0.9,https://timesofindia.indiatimes.com/city/jaipur/weeks-after-axing-5-govt-orders-check-on-milk-powder-in-schools/articleshow/125524474.cms,Rajasthan govt has directed all district administrations to monitor
News,Milk,stricter monitoring of milk and dairy products,issuedby,Punjab State and Chandigarh (UT) Human Rights Commission,1,1,0.9,https://www.hindustantimes.com/cities/chandigarh-news/set-up-food-lab-rights-panel-tells-ut-101773775202607.html,The PSHRC has mandated an independent food testing lab in Chandigarh and ordered stricter monitoring of milk and dairy products
News,Milk,perpetual validity of FSSAI registrations and licences,issuedby,FSSAI,1,1,0.95,https://economictimes.indiatimes.com/industry/cons-products/food/fssai-licences-registrations-to-have-perpetual-validity-no-renewals-needed/articleshow/129560281.cms,proposal for perpetual validity of FSSAI registrations and licences has been approved
News,Milk,banning 400 items,issuedby,FSSAI,1,1,0.9,https://indianexpress.com/article/upsc-current-affairs/upsc-key-indus-waters-treaty-food-adulteration-and-antitrust-laws-9963906/,It even banned 400 items for heavy contamination between 2019 and 2024
News,Milk,Seizure of suspicious food stock,issuedby,"FDA, Nashik Division",1,1,0.9,https://www.freepressjournal.in/pune/nashik-fda-seizes-suspected-and-illegal-food-stock-worth-1589-lakh-in-week-long-crackdown,division seized a stock of suspicious and illegal food products
News,Milk,order to relocate dairies,issuedby,Delhi High Court,1,1,0.9,https://www.hindustantimes.com/cities/delhi-news/delhi-hc-tells-govt-to-seriously-consider-shifting-dairies-from-near-landfills-101715710142003.html,directed Delhi government's chief secretary Naresh Kumar to seriously consider relocating
News,Milk,legal action against food item manufacturers,issuedby,food safety department,1,1,0.9,https://www.hindustantimes.com/cities/delhi-news/delhi-govt-to-intensify-checks-on-food-adulteration-amid-festive-season-101728844051312.html,The department will take legal action against food item manufacturers
News,Milk,ex gratia payment of ₹10 lakh,issuedby,State government,1,1,0.9,https://www.deccanchronicle.com/southern-states/andhra-pradesh/cm-hauls-up-officials-over-diarrhea-milk-tragedy-1940180,State government has announced ₹10 lakh ex gratia
News,Milk,milk adulteration incident in East Godavari,triggeredaction,criminal case registration,1,1,0.85,https://www.deccanchronicle.com/southern-states/andhra-pradesh/cm-hauls-up-officials-over-diarrhea-milk-tragedy-1940180,A criminal case has been registered against accused milk supplier
News,Milk,Special food squads inspection drive,issuedby,Food Safety Department,1,1,0.85,https://www.newindianexpress.com/cities/thiruvananthapuram/2021/aug/10/special-food-squads-for-onam-2342438.html,Food Safety Department has stepped up surveillance and deployed special squads
News,Milk,362 raids,issuedby,food safety authorities,1,1,0.9,https://www.newindianexpress.com/cities/thiruvananthapuram/2021/aug/10/special-food-squads-for-onam-2342438.html,As many as 362 raids were conducted last month
News,Milk,Rs 10 lakh ex-gratia per deceased family,issuedby,N Chandrababu Naidu,1,1,0.9,https://www.deccanherald.com/india/andhra-pradesh/andhra-pradesh-milk-contamination-case-freezer-coolant-leak-suspected-3909698,Chief Minister N Chandrababu Naidu... announced Rs 10 lakh ex-gratia per deceased family
News,Milk,Statewide crackdown on banned gutkha sales and food adulteration,issuedby,Maharashtra Food and Drug Administration,1,1,0.95,https://www.freepressjournal.in/mumbai/maharashtra-fda-cracks-down-on-gutkha-trade-arrests-33-across-statewide-raids,Maharashtra Food and Drug Administration (FDA) arrested 33 people... during a statewide crackdown
News,Milk,Statewide crackdown on banned gutkha sales and food adulteration,targets,gutkha,1,1,0.9,https://www.freepressjournal.in/mumbai/maharashtra-fda-cracks-down-on-gutkha-trade-arrests-33-across-statewide-raids,crackdown on banned gutkha sales
News,Milk,Statewide crackdown on banned gutkha sales and food adulteration,targets,milk products,1,1,0.9,https://www.freepressjournal.in/mumbai/maharashtra-fda-cracks-down-on-gutkha-trade-arrests-33-across-statewide-raids,"inspected 23 establishments involved in the manufacturing and sale of packaged drinking water, milk products"
News,Milk,Statewide crackdown on banned gutkha sales and food adulteration,targets,spices,1,1,0.9,https://www.freepressjournal.in/mumbai/maharashtra-fda-cracks-down-on-gutkha-trade-arrests-33-across-statewide-raids,"manufacturing and sale of packaged drinking water, milk products, noodles, carbonated beverages, edible oil, sweets, farsan, ice cream, spices"
News,Milk,Statewide crackdown on banned gutkha sales and food adulteration,targets,ghee,1,1,0.9,https://www.freepressjournal.in/mumbai/maharashtra-fda-cracks-down-on-gutkha-trade-arrests-33-across-statewide-raids,"manufacturing and sale of packaged drinking water, milk products, noodles, carbonated beverages, edible oil, sweets, farsan, ice cream, spices, khoya, paneer, ghee"
News,Milk,Statewide crackdown on banned gutkha sales and food adulteration,targets,ice cream,1,1,0.9,https://www.freepressjournal.in/mumbai/maharashtra-fda-cracks-down-on-gutkha-trade-arrests-33-across-statewide-raids,"inspected 23 establishments involved in the manufacturing and sale of packaged drinking water, milk products, noodles, carbonated beverages, edible oil, sweets, farsan, ice cream"
News,Milk,Maharashtra FDA crackdown on food adulteration,issuedby,Maharashtra Food and Drug Administration,1,1,0.95,https://www.freepressjournal.in/mumbai/maharashtra-fda-cracks-down-on-gutkha-food-adulteration-33-arrested-19-units-sealed-in-mumbai,The Maharashtra Food and Drug Administration launched a massive statewide crackdown on banned gutkha sales and food adulteration
News,Milk,Maharashtra FDA crackdown on food adulteration,targets,food products,1,1,0.9,https://www.freepressjournal.in/mumbai/maharashtra-fda-cracks-down-on-gutkha-food-adulteration-33-arrested-19-units-sealed-in-mumbai,"targeting illegal gutkha trade, adulterated food products and unhygienic manufacturing units"
News,Milk,bearing medical expenses of the victims,issuedby,government,1,1,0.9,https://www.deccanchronicle.com/southern-states/andhra-pradesh/blood-samples-taken-from-73-families-1939395,medical expenses of the victims would be borne by the government
News,Milk,fine of ₹25 lakh,issuedby,Uttar Pradesh Pollution Control Board,1,1,0.9,https://www.hindustantimes.com/india-news/election-pincode-it-s-poll-time-for-ghaziabad-amid-bad-air-in-the-shadow-of-a-garbage-mound-101712170364391.html,we fined them ₹25 lakh
News,Milk,fines,issuedby,Karnataka Food Safety and Drug Administration Department,1,1,0.9,https://thelogicalindian.com/detergent-powder-found-in-ice-cream-bone-weakening-chemicals-detected-in-soft-drinks-across-karnataka/,The department imposed fines and issued notices to violators
News,Milk,notices,issuedby,Karnataka Food Safety and Drug Administration Department,1,1,0.9,https://thelogicalindian.com/detergent-powder-found-in-ice-cream-bone-weakening-chemicals-detected-in-soft-drinks-across-karnataka/,The department imposed fines and issued notices to violators
News,Milk,"stricter checks on drugs, cosmetics, and food products",issuedby,Karnataka Health Ministry,1,1,0.85,https://thelogicalindian.com/detergent-powder-found-in-ice-cream-bone-weakening-chemicals-detected-in-soft-drinks-across-karnataka/,"Karnataka Health Ministry has strengthened food and drug safety measures, including stricter checks"
News,Milk,"seizure of substandard, adulterated or prohibited food products",issuedby,Food and Drug Administration (FDA) Pune,1,1,0.95,https://www.hindustantimes.com/cities/pune-news/fda-seizes-substandard-adulterated-food-products-worth-over-31-lakh-101780515229734.html,"The Food and Drug Administration (FDA) Pune has seized over ₹31 lakh worth of food products suspected to be substandard, adulterated or prohibited"
News,Milk,"seizure of substandard, adulterated or prohibited food products",targets,refined soyabean oil,1,1,0.9,https://www.hindustantimes.com/cities/pune-news/fda-seizes-substandard-adulterated-food-products-worth-over-31-lakh-101780515229734.html,FDA officials seized refined soyabean oil and palmolein oil worth over ₹4.34 lakh from Praj Traders
News,Milk,"seizure of substandard, adulterated or prohibited food products",targets,palmolein oil,1,1,0.9,https://www.hindustantimes.com/cities/pune-news/fda-seizes-substandard-adulterated-food-products-worth-over-31-lakh-101780515229734.html,FDA officials seized refined soyabean oil and palmolein oil worth over ₹4.34 lakh from Praj Traders
News,Milk,"seizure of substandard, adulterated or prohibited food products",targets,analogue cheese,1,1,0.9,https://www.hindustantimes.com/cities/pune-news/fda-seizes-substandard-adulterated-food-products-worth-over-31-lakh-101780515229734.html,officials seized 647 kg of analogue cheese worth ₹1.24 lakh from Maharashtra Milk Dairy
News,Milk,"seizure of substandard, adulterated or prohibited food products",targets,paneer,1,1,0.9,https://www.hindustantimes.com/cities/pune-news/fda-seizes-substandard-adulterated-food-products-worth-over-31-lakh-101780515229734.html,"seizure of 320 kg of paneer worth ₹83,050"
News,Milk,"seizure of substandard, adulterated or prohibited food products",targets,cow ghee,1,1,0.9,https://www.hindustantimes.com/cities/pune-news/fda-seizes-substandard-adulterated-food-products-worth-over-31-lakh-101780515229734.html,officials seized cow ghee and paneer worth ₹11.91 lakh from Vithumauli Dairy
News,Milk,Joint monitoring and enforcement operations,targets,milk,1,1,0.9,https://timesofindia.indiatimes.com/city/dehradun/cs-to-write-to-up-counterpart-on-sale-of-adulterated-milk-products-in-border-districts/articleshow/112850326.cms,prevent the sale of adulterated milk and food products
News,Milk,Joint monitoring and enforcement operations,targets,adulterated milk and food products,1,1,0.85,https://timesofindia.indiatimes.com/city/dehradun/cs-to-write-to-up-counterpart-on-sale-of-adulterated-milk-products-in-border-districts/articleshow/112850326.cms,prevent the sale of adulterated milk and food products
News,Milk,Strict action against violators,issuedby,Maharashtra FDA,1,1,0.85,https://timesofindia.indiatimes.com/city/nashik/articles-worth-over-rs15-8-lakh-seized-by-fda-in-weeklong-raids/articleshow/131537730.cms,Strict action is being taken against violators
News,Milk,paneer seizure incident,triggeredaction,case filing,1,1,0.9,https://timesofindia.indiatimes.com/city/noida/suspected-adulterated-paneer-seized-in-jewar-case-against-dairy-operators-likely/articleshow/123874120.cms,case will be filed against both Lokendra and Pushpendra
News,Milk,seizure of 803942 kg food stock,issuedby,Maharashtra Food and Drug Administration,1,1,0.9,https://www.mid-day.com/mumbai/mumbai-news/article/maharashtra-fda-seizes-8-lakh-kg-of-substandard-food-in-pre-diwali-2025-crackdown-23599185,FDA seized over 803942 kilograms of food stock
News,Milk,destruction of 218 kg of unlabelled cheese analogue,targets,cheese analogue,1,1,0.85,https://www.mid-day.com/mumbai/mumbai-news/article/maharashtra-fda-seizes-8-lakh-kg-of-substandard-food-in-pre-diwali-2025-crackdown-23599185,officials destroyed 218 kg of unlabelled cheese analogue
News,Milk,Supreme Court,issuedby,investigation by Special Investigation Team,1,1,0.85,https://www.thehindubusinessline.com/news/adulterated-ghee-concerns-over-substandard-feedstock-slipping-through-lab-checks/article68724490.ece,Supreme Court ordering an investigation by an independent Special Investigation Team
News,Milk,San Maharashtra cha Sankalp Anna Surakshitate chardquo,issuedby,Maharashtra Food and Drug Administration,1,1,0.85,https://www.mid-day.com/mumbai/mumbai-news/article/safer-sweets-this-diwali-thanks-to-surprise-raids-by-fda-across-maharashtra-23599285,FDArsquos special campaign ldquoSan Maharashtra cha Sankalp Anna Surakshitate chardquo
News,Milk,Statewide enforcement drive against gutkha and food adulteration,targets,paan masala,1,1,0.85,https://indianexpress.com/article/cities/mumbai/maharashtra-fda-gutkha-food-adulteration-crackdown-10713418/,"sale of banned gutkha, paan masala, and similar products"
News,Milk,Ban on energy drinks and caffeinated beverages near schools,targets,energy drinks,1,1,0.9,https://thelogicalindian.com/punjabs-sweeping-food-safety-drive-5300-kg-paneer-4000-kg-milk-seized-in-legal-crackdown/,Ban on energy drinks and caffeinated beverages near schools
News,Milk,Ban on energy drinks and caffeinated beverages near schools,targets,caffeinated beverages,1,1,0.9,https://thelogicalindian.com/punjabs-sweeping-food-safety-drive-5300-kg-paneer-4000-kg-milk-seized-in-legal-crackdown/,Ban on energy drinks and caffeinated beverages near schools
News,Milk,order intensified monitoring,issuedby,Punjab and Haryana High Court,1,1,0.9,https://thelogicalindian.com/punjabs-sweeping-food-safety-drive-5300-kg-paneer-4000-kg-milk-seized-in-legal-crackdown/,Punjab and Haryana High Court to order intensified monitoring
News,Milk,stringent legal action,issuedby,H-FAST,1,1,0.85,https://indianexpress.com/article/explained/hyderabad-police-h-fast-food-adulteration-team-10595262/,stringent legal action will be taken against offenders
News,Milk,case registered,citesfinding,adulterated milk incident in Rajahmundry,1,1,0.85,https://www.thehansindia.com/andhra-pradesh/andhra-milk-adulteration-deaths-cm-announces-rs-10-lakh-compensation-1051232,A case has been registered based on the complaint
News,Milk,Tirupati ghee adulteration finding,triggeredaction,suspension of A.R. Dairy Food licence,1,1,0.9,https://thelogicalindian.com/is-indias-food-watchdog-failing-us-inside-the-gaps-in-fssais-safety-net/,The licence of A.R. Dairy Food was suspended after allegations
News,Milk,Rajasthan High Court,issuedby,Directive to frame GM food standards,1,1,0.8,https://thelogicalindian.com/is-indias-food-watchdog-failing-us-inside-the-gaps-in-fssais-safety-net/,Rajasthan High Court directed authorities to frame clearer safety standards
News,Milk,Rajasthan High Court directive,targets,genetically modified foods,1,1,0.85,https://thelogicalindian.com/is-indias-food-watchdog-failing-us-inside-the-gaps-in-fssais-safety-net/,"Rajasthan High Court directed authorities to frame clearer safety standards around genetically modified, GM, foods"
News,Milk,Nationwide ban on Maggi noodles,issuedby,FSSAI,1,1,0.95,https://thelogicalindian.com/is-indias-food-watchdog-failing-us-inside-the-gaps-in-fssais-safety-net/,FSSAI imposed a nationwide ban on Nestlé's Maggi noodles
News,Milk,Maharashtra Control of Organised Crime Act,targets,suppliers,1,1,0.85,https://timesofindia.indiatimes.com/city/vijayawada/adulterated-milk-deaths-raise-food-safety-concerns/articleshow/130024210.cms,"such laws target entire networks, including suppliers"
News,Milk,stricter inspections,targets,dairy,1,1,0.85,https://thelogicalindian.com/hyderabad-police-seizes-825-kg-fake-paneer-made-of-synthetic-milk-vegetable-fat/,stricter inspections and renewed focus on labelling compliance within the dairy
News,Milk,stricter inspections,targets,processed food,1,1,0.75,https://thelogicalindian.com/hyderabad-police-seizes-825-kg-fake-paneer-made-of-synthetic-milk-vegetable-fat/,stricter inspections and renewed focus on labelling compliance within the dairy and processed food sector
News,Milk,suspension of Deputy Registrar,issuedby,State government,1,1,0.9,https://www.newindianexpress.com/states/tamil-nadu/2022/jan/17/job-scam-suspended-tamil-nadu-dairy-department-official-under-dvac-scanner-2407623.html,State government suspended an officer in the rank of Deputy Registrar
News,Milk,transfer of Additional Milk Commissioner,issuedby,State government,1,1,0.9,https://www.newindianexpress.com/states/tamil-nadu/2022/jan/17/job-scam-suspended-tamil-nadu-dairy-department-official-under-dvac-scanner-2407623.html,State government suspended an officer... and transferred an Additional Milk Commissioner
News,Milk,stop sale of products,issuedby,Centre for Food Safety,1,1,0.9,https://timesofindia.indiatimes.com/india/indian-spices-not-banned-in-singapore-and-hong-kong-govt/articleshow/112334804.cms,CFS instructed vendors to stop the sale of these products
News,Milk,Centre for Food Safety,issuedby,instruct vendors to stop sale and remove products,1,1,0.9,https://timesofindia.indiatimes.com/india/indian-spices-not-banned-in-singapore-and-hong-kong-govt/articleshow/112334804.cms,The CFS instructed vendors to stop the sale of these products and remove them from retail shelves
News,Milk,Singapore Food Safety Authority temporary hold,triggeredaction,temporary hold on product,1,1,0.85,https://timesofindia.indiatimes.com/india/indian-spices-not-banned-in-singapore-and-hong-kong-govt/articleshow/112334804.cms,Singapore Food Safety Authority's temporary hold on a product
News,Milk,pre-shipment testing,issuedby,Spices Board,1,1,0.9,https://timesofindia.indiatimes.com/india/indian-spices-not-banned-in-singapore-and-hong-kong-govt/articleshow/112334804.cms,Spices Board mandated pre-shipment testing
News,Milk,Everest fish curry masala recall,issuedby,Singapore Food Agency,1,1,0.95,https://timesofindia.indiatimes.com/india/indian-spices-not-banned-in-singapore-and-hong-kong-govt/articleshow/112334804.cms,Singapore Food Agency (SFA) had recalled 'Everest' fish curry masala
News,Milk,Everest fish curry masala recall,targets,Everest fish curry masala,1,1,0.95,https://timesofindia.indiatimes.com/india/indian-spices-not-banned-in-singapore-and-hong-kong-govt/articleshow/112334804.cms,recalled 'Everest' fish curry masala
News,Milk,destruction of adulterated paneer,issuedby,FSDA,1,1,0.95,https://www.hindustantimes.com/cities/lucknow-news/fsda-seizes-4-810kg-adulterated-paneer-on-lko-agra-expressway-destroys-it-101745263017242.html,"FSDA destroyed 4,810kg of adulterated paneer"
News,Milk,paneer adulteration finding,triggeredaction,destruction of seized paneer,1,1,0.95,https://www.hindustantimes.com/cities/lucknow-news/fsda-seizes-4-810kg-adulterated-paneer-on-lko-agra-expressway-destroys-it-101745263017242.html,"FSDA destroyed 4,810kg of adulterated paneer"
News,Milk,destruction of seized paneer,issuedby,FSDA,1,1,0.95,https://www.hindustantimes.com/cities/lucknow-news/fsda-seizes-4-810kg-adulterated-paneer-on-lko-agra-expressway-destroys-it-101745263017242.html,"FSDA destroyed 4,810kg of adulterated paneer"
News,Milk,Eat Right,issuedby,state govt,1,1,0.85,https://timesofindia.indiatimes.com/city/chandigarh/concerns-over-environmental-pollution-raised-in-punjab-assembly/articleshow/108313760.cms,initiative called 'Eat Right' has been launched by the state govt
News,Milk,125 violation cases,triggeredaction,penalties,1,1,0.85,https://timesofindia.indiatimes.com/city/delhi/whats-cooking-in-pantry-bite-into-adulterated-truth/articleshow/130488415.cms,125 violation cases were settled with penalties
News,Milk,Milk Bikis claim rejection action,issuedby,Food Safety and Standards Authority of India,1,1,0.95,https://scroll.in/article/1093546/indias-food-regulator-flagged-over-160-misleading-claims-years-later-120-are-still-around?utm_source=rss&utm_medium=public,the food regulator rejected the justification
News,Milk,Milk Bikis claim rejection action,targets,Milk Bikis,1,1,0.9,https://scroll.in/article/1093546/indias-food-regulator-flagged-over-160-misleading-claims-years-later-120-are-still-around?utm_source=rss&utm_medium=public,regulator rejected the justification
News,Milk,Milk Bikis claim rejection action,citesfinding,Milk Bikis misleading claim finding,1,1,0.9,https://scroll.in/article/1093546/indias-food-regulator-flagged-over-160-misleading-claims-years-later-120-are-still-around?utm_source=rss&utm_medium=public,The claim of Dudh Roti ki Shakti cannot be accepted and is misleading
News,Milk,FSSAI directive to remove claim,targets,Milk Bikis,1,1,0.9,https://scroll.in/article/1093546/indias-food-regulator-flagged-over-160-misleading-claims-years-later-120-are-still-around?utm_source=rss&utm_medium=public,directed an official to ensure that the company shall mandatorily remove the claim
News,Milk,directive to run a corrective advertisement,issuedby,regulator,1,1,0.9,https://scroll.in/article/1093546/indias-food-regulator-flagged-over-160-misleading-claims-years-later-120-are-still-around?utm_source=rss&utm_medium=public,firm can also be directed to run a corrective advertisement within 30 days of being ordered to do so by the regulator
News,Milk,Financial Penalty,issuedby,FSSAI,1,1,0.9,https://scroll.in/article/1093546/indias-food-regulator-flagged-over-160-misleading-claims-years-later-120-are-still-around?utm_source=rss&utm_medium=public,regulations allow FSSAI to impose a financial penalty
News,Milk,improvement notice,citesfinding,misleading claims,1,1,0.85,https://scroll.in/article/1093546/indias-food-regulator-flagged-over-160-misleading-claims-years-later-120-are-still-around?utm_source=rss&utm_medium=public,found a company's claims about a product to be in violation of regulations
News,Milk,suspension of licence,issuedby,FSSAI,1,1,0.85,https://scroll.in/article/1093546/indias-food-regulator-flagged-over-160-misleading-claims-years-later-120-are-still-around?utm_source=rss&utm_medium=public,face a penalty and even suspension of its licence
News,Milk,Rejection of RTI request,issuedby,FSSAI,1,1,0.95,https://scroll.in/article/1093546/indias-food-regulator-flagged-over-160-misleading-claims-years-later-120-are-still-around?utm_source=rss&utm_medium=public,The Food Safety and Standards Authority rejected the request
News,Milk,Recommendation to seek clarification from Dabur,issuedby,FSSAI,1,1,0.85,https://scroll.in/article/1093546/indias-food-regulator-flagged-over-160-misleading-claims-years-later-120-are-still-around?utm_source=rss&utm_medium=public,"officials should meet and seek clarification from Dabur ""before initiating action"""
News,Milk,FSSAI directive on 100% Fruit Juice claims,issuedby,FSSAI,1,1,0.95,https://scroll.in/article/1093546/indias-food-regulator-flagged-over-160-misleading-claims-years-later-120-are-still-around?utm_source=rss&utm_medium=public,"FSSAI issued a broad directive stating that there was ""no provision"" under the law"
News,Milk,No 100% Fruit Juice provision directive,targets,fruit juice,1,1,0.9,https://scroll.in/article/1093546/indias-food-regulator-flagged-over-160-misleading-claims-years-later-120-are-still-around?utm_source=rss&utm_medium=public,"claim they sold ""100% Fruit Juice"""
News,Milk,Dabur product label violation in Almora,triggeredaction,Rs 4 lakh fine on Dabur,1,1,0.9,https://scroll.in/article/1093546/indias-food-regulator-flagged-over-160-misleading-claims-years-later-120-are-still-around?utm_source=rss&utm_medium=public,fined the company Rs 4 lakh over a product label that violated the food safety law
News,Milk,Britannia bread non-compliance violation,triggeredaction,Improvement notice to Britannia,1,1,0.9,https://scroll.in/article/1093546/indias-food-regulator-flagged-over-160-misleading-claims-years-later-120-are-still-around?utm_source=rss&utm_medium=public,"In October 2023, they issued an improvement notice"
News,Milk,Patanjali honey mislabeling finding,triggeredaction,Request for justification,1,1,0.85,https://scroll.in/article/1093546/indias-food-regulator-flagged-over-160-misleading-claims-years-later-120-are-still-around?utm_source=rss&utm_medium=public,determined that justification should be sought from the company
News,Milk,Final hearing opportunity,issuedby,FSSAI,1,1,0.9,https://scroll.in/article/1093546/indias-food-regulator-flagged-over-160-misleading-claims-years-later-120-are-still-around?utm_source=rss&utm_medium=public,regulator extended a final hearing opportunity to the company
News,Milk,improvement notice,targets,Sheopal's,1,1,0.9,https://scroll.in/article/1093546/indias-food-regulator-flagged-over-160-misleading-claims-years-later-120-are-still-around?utm_source=rss&utm_medium=public,issued an improvement notice to the company
News,Milk,recommendation to close the matter,issuedby,FSSAI,1,1,0.85,https://scroll.in/article/1093546/indias-food-regulator-flagged-over-160-misleading-claims-years-later-120-are-still-around?utm_source=rss&utm_medium=public,recommended that an official assess the response and close the matter at the earliest
News,Milk,Order to test samples for harmful chemicals,issuedby,Gauhati High Court,1,1,0.9,https://www.sentinelassam.com/editorial/food-safety-enforcement-and-awareness-652715,Gauhati High Court ordered testing of samples for the presence of harmful chemicals
News,Milk,Order to test samples for harmful chemicals,targets,fruits and vegetables,1,1,0.9,https://www.sentinelassam.com/editorial/food-safety-enforcement-and-awareness-652715,testing of samples for the presence of harmful chemicals in fruits and vegetables
News,Milk,nationwide inspection drive,issuedby,BSTI,1,1,0.9,https://www.newkerala.com/news/o/bdesh-sees-rise-low-quality-products-due-yunus-led-govt-negligence-925,BSTI announced plans to launch a nationwide inspection drive
News,Milk,nationwide inspection drive,targets,food items,1,1,0.9,https://www.newkerala.com/news/o/bdesh-sees-rise-low-quality-products-due-yunus-led-govt-negligence-925,ensure the quality of food items
News,Milk,Food and Drugs Administration (FDA) in Nashik,targets,restaurants,1,1,0.9,https://timesofindia.indiatimes.com/city/nashik/fda-starts-special-drive-to-check-food-quality-in-restaurants-shops-in-nashik/articleshow/123266205.cms,check the quality of food in restaurants
News,Milk,suspension of establishments,issuedby,Maharashtra FDA,1,1,0.9,https://indianexpress.com/article/cities/mumbai/maharashtra-needs-1100-food-safety-officers-but-has-only-130-on-field-fda-commissioner-10316344/,those establishments have been suspended
News,Milk,improvement notices,issuedby,Maharashtra FDA,1,1,0.9,https://indianexpress.com/article/cities/mumbai/maharashtra-needs-1100-food-safety-officers-but-has-only-130-on-field-fda-commissioner-10316344/,"issued improvement notices to 1,400 others"
News,Milk,circular on cheese analogue disclosure,issuedby,FDA Maharashtra,1,1,0.9,https://indianexpress.com/article/cities/mumbai/maharashtra-needs-1100-food-safety-officers-but-has-only-130-on-field-fda-commissioner-10316344/,we issued a circular and met with industry associations
News,Milk,Special Enforcement Drive against adulteration and misbranding of milk and milk products,issuedby,FSSAI,1,1,0.95,https://www.newkerala.com/news/o/fssai-directs-states-uts-launch-drive-against-adulteration-milk-474,FSSAI ... has directed all States & Union Territories to launch a Special Enforcement Drive
News,Milk,Special Enforcement Drive against adulteration and misbranding of milk and milk products,targets,paneer,1,1,0.95,https://www.newkerala.com/news/o/fssai-directs-states-uts-launch-drive-against-adulteration-milk-474,including paneer and khoya
News,Milk,Special Enforcement Drive against adulteration and misbranding of milk and milk products,targets,khoya,1,1,0.95,https://www.newkerala.com/news/o/fssai-directs-states-uts-launch-drive-against-adulteration-milk-474,including paneer and khoya
News,Milk,FSSAI,issuedby,Special Enforcement Drive,1,1,0.9,https://www.newkerala.com/news/o/fssai-directs-states-uts-launch-drive-against-adulteration-milk-474,FSSAI ... has directed all States & Union Territories to launch a Special Enforcement Drive
News,Milk,Special Enforcement Drive against adulteration and misbranding of milk and milk products,targets,milk products,1,1,0.9,https://www.newkerala.com/news/o/fssai-directs-states-uts-launch-drive-against-adulteration-milk-474,adulteration and misbranding of milk and milk products
News,Milk,special surveillance and enforcement drive,targets,milk products,1,1,0.9,https://www.newkerala.com/news/o/fssai-directs-states-uts-launch-drive-against-adulteration-milk-474,drive to curb adulteration and ensure food safety
News,Milk,directive to ensure real-time reporting,issuedby,FSSAI,1,1,0.9,https://www.newkerala.com/news/o/fssai-directs-states-uts-launch-drive-against-adulteration-milk-474,FSSAI has also instructed States to ensure real-time reporting
News,Milk,heavy fines on erring farmers,issuedby,government,1,1,0.9,https://www.tribuneindia.com/news/amritsar/open-house-what-kind-of-strategy-should-be-adopted-to-check-air-pollution-due-to-stubble-burning-439894,The government has even imposed heavy fines on the erring farmers
News,Milk,inquiry committee formation,issuedby,Andhra Pradesh cabinet,1,1,0.95,https://www.hindustantimes.com/india-news/andhra-to-form-panel-to-identify-real-culprits-of-tirumala-ghee-adulteration-101770148393113.html,Andhra Pradesh's cabinet will form an inquiry committee to investigate ghee adulteration
News,Milk,Rajamahendravaram milk adulteration incident,triggeredaction,departmental inquiries,1,1,0.85,https://www.thehansindia.com/andhra-pradesh/cm-reviews-srikakulam-diarrhoea-rajamahendravaram-adulterated-milk-incidents-1051874,"Regarding Rajamahendravaram milk adulteration incident, officials said the affected individuals are under constant medical supervision and their condition is stable. Milk samples have been sent for laboratory analysis, and departmental inquiries are underway to ascertain the cause and fix responsibility."
News,Milk,relocation of dairies,issuedby,Delhi High Court,1,1,0.85,https://timesofindia.indiatimes.com/city/delhi/delhi-high-court-emphasizes-clean-milk-and-relocation-of-dairies/articleshow/112414013.cms,Delhi High Court on Friday underlined that milch cattle canât be allowed to graze on toxic waste
News,Milk,Notices to 263 cattle sheds,issuedby,BMC,1,1,0.9,https://timesofindia.indiatimes.com/city/delhi/delhi-high-court-emphasizes-clean-milk-and-relocation-of-dairies/articleshow/112414013.cms,The BMC issued notices to 263 cattle sheds in Mumbai
News,Milk,circular dated April 30,issuedby,Spices Board,1,1,0.95,https://www.thehindu.com/news/national/why-mdh-everest-spices-are-under-international-scrutiny-explained/article68130961.ece,A circular dated April 30 contains guidelines to exporters on preventing ETO contamination
News,Milk,penalty for selling sub-standard foods,targets,sub-standard foods,1,1,0.85,https://www.thehindu.com/news/national/why-mdh-everest-spices-are-under-international-scrutiny-explained/article68130961.ece,penalised with a ₹3 lakh penalty and a three-month jail term
News,Milk,regulatory actions,targets,spice exports,1,1,0.85,https://www.thehindu.com/news/national/why-mdh-everest-spices-are-under-international-scrutiny-explained/article68130961.ece,cascading regulatory actions in many countries
News,Milk,prohibiting the transport of cattle,issuedby,"Department of Animal Husbandry, Panchkula",1,1,0.9,https://indianexpress.com/article/cities/panchkula/lumpy-skin-disease-panchkula-witnesses-sudden-spike-in-active-cases-in-48-hours-8096462/,the department has issued fresh advisory and guidelines prohibiting the transport of cattle
News,Milk,"88,192 penalties",issuedby,FSSAI,1,1,0.9,https://www.thehansindia.com/business/fssai-analyses-over-518-lakh-food-samples-in-3-years-88192-penalties-imposed-1057366,"5,18,559 sample analysis which led to 88,192 penalties"
News,Milk,"1,161 licence cancellations",issuedby,FSSAI,1,1,0.95,https://www.thehansindia.com/business/fssai-analyses-over-518-lakh-food-samples-in-3-years-88192-penalties-imposed-1057366,"measures taken by FSSAI led to 1,161 licence cancellations"
News,Milk,Destruction of 218 kg fake paneer and 478 litres unsafe milk,issuedby,Maharashtra FDA,1,1,0.95,https://thelogicalindian.com/festive-food-safety-drive-maharashtra-fda-destroys-218-kg-fake-paneer-478-litres-unsafe-milk-in-mumbai/,Maharashtra's Food and Drug Administration (FDA) destroyed 218 kilograms of fake paneer along with 478 litres of substandard milk
News,Milk,Festive Food Safety Drive,issuedby,Maharashtra FDA,1,1,0.85,https://thelogicalindian.com/festive-food-safety-drive-maharashtra-fda-destroys-218-kg-fake-paneer-478-litres-unsafe-milk-in-mumbai/,The Maharashtra FDA's campaign seeks to proactively prevent this
News,Milk,licence suspensions,issuedby,Maharashtra FDA,1,1,0.85,https://thelogicalindian.com/festive-food-safety-drive-maharashtra-fda-destroys-218-kg-fake-paneer-478-litres-unsafe-milk-in-mumbai/,prompting stricter penalties and licence suspensions for violators
News,Milk,Maharashtra FDA,issuedby,Mumbai's crackdown,1,1,0.85,https://thelogicalindian.com/festive-food-safety-drive-maharashtra-fda-destroys-218-kg-fake-paneer-478-litres-unsafe-milk-in-mumbai/,Maharashtra FDA's ongoing crackdown exemplifies essential enforcement
News,Milk,Mumbai's crackdown,issuedby,Maharashtra FDA,1,1,0.9,https://thelogicalindian.com/festive-food-safety-drive-maharashtra-fda-destroys-218-kg-fake-paneer-478-litres-unsafe-milk-in-mumbai/,Maharashtra FDA's ongoing crackdown exemplifies essential enforcement
News,Milk,"intensified sampling, surveillance, and enforcement efforts",issuedby,Food Safety and Standards Authority of India,1,1,0.9,https://www.thehindu.com/sci-tech/health/auramine-in-indian-food-why-a-banned-dye-keeps-returning-explained/article70313811.ece,"FSSAI periodically intensifies sampling, surveillance, and enforcement efforts"
News,Milk,awareness programmes,targets,small food manufacturers,1,1,0.85,https://www.thehindu.com/sci-tech/health/auramine-in-indian-food-why-a-banned-dye-keeps-returning-explained/article70313811.ece,awareness programmes for small food manufacturers
News,Milk,FSSAI nationwide enforcement drive,targets,paneer,1,1,0.9,https://www.en.etemaaddaily.com/health/fssai-cracks-down-on-fake-paneer-milk-and-khoya-in-nationwide-drive:186493,FSSAI has ordered a nationwide enforcement drive to curb fake dairy products
News,Milk,FSSAI nationwide enforcement drive,targets,milk,1,1,0.9,https://www.en.etemaaddaily.com/health/fssai-cracks-down-on-fake-paneer-milk-and-khoya-in-nationwide-drive:186493,FSSAI has ordered a nationwide enforcement drive to curb fake dairy products
News,Milk,FSSAI nationwide enforcement drive,targets,khoya,1,1,0.9,https://www.en.etemaaddaily.com/health/fssai-cracks-down-on-fake-paneer-milk-and-khoya-in-nationwide-drive:186493,FSSAI has ordered a nationwide enforcement drive to curb fake dairy products
News,Milk,Food Safety on Wheels,issuedby,FSSAI,1,1,0.9,https://www.thehindu.com/news/national/telangana/increase-food-safety-inspections-fssai-tells-city-officials/article66383594.ece,adopt the 'Food Safety on Wheels' scheme of FSSAI
News,Milk,"seizure of 1,401 kg paneer",issuedby,Food Safety Department,1,1,0.9,https://www.livemint.com/news/india/gujarat-news-1-401-kg-of-adulterated-paneer-seized-in-surat-food-outlet-was-operating-without-licence-says-fssai-11772801034522.html,"Food Safety Department on Friday seized around 1,401 kilograms"
News,Milk,confiscation of cooking oil,issuedby,Uttar Pradesh Food Safety and Drug Administration,1,1,0.9,https://www.livemint.com/news/india/gujarat-news-1-401-kg-of-adulterated-paneer-seized-in-surat-food-outlet-was-operating-without-licence-says-fssai-11772801034522.html,Uttar Pradesh Food Safety and Drug Administration (FSDA) confiscated
News,Milk,seizure of tainted khoya,issuedby,FSDA,1,1,0.95,https://www.livemint.com/news/india/gujarat-news-1-401-kg-of-adulterated-paneer-seized-in-surat-food-outlet-was-operating-without-licence-says-fssai-11772801034522.html,FSDA squad seized and destroyed 900 kg of tainted khoya
News,Milk,confiscation of counterfeit paneer,issuedby,FSSAI,1,1,0.9,https://www.livemint.com/news/india/gujarat-news-1-401-kg-of-adulterated-paneer-seized-in-surat-food-outlet-was-operating-without-licence-says-fssai-11772801034522.html,FSSAI had confiscated counterfeit paneer
News,Milk,confiscation of imitation khoya,issuedby,FSSAI,1,1,0.9,https://www.livemint.com/news/india/gujarat-news-1-401-kg-of-adulterated-paneer-seized-in-surat-food-outlet-was-operating-without-licence-says-fssai-11772801034522.html,"FSSAI had confiscated counterfeit paneer near Noida, together with 1,400 kg of imitation khoya"
News,Milk,confiscation of outdated ghee,issuedby,FSSAI,1,1,0.9,https://www.livemint.com/news/india/gujarat-news-1-401-kg-of-adulterated-paneer-seized-in-surat-food-outlet-was-operating-without-licence-says-fssai-11772801034522.html,"FSSAI had confiscated counterfeit paneer near Noida, together with 1,400 kg of imitation khoya in Jhansi, and 400kg of outdated ghee."
News,Milk,unsafe food samples,triggeredaction,court proceedings,1,1,0.8,https://timesofindia.indiatimes.com/city/noida/60-food-samples-collected-from-noida-last-months-fail-quality-test/articleshow/121007869.cms,cases will be filed where products were found unsafe
News,Milk,substandard food samples,triggeredaction,penalties,1,1,0.8,https://timesofindia.indiatimes.com/city/noida/60-food-samples-collected-from-noida-last-months-fail-quality-test/articleshow/121007869.cms,penalties will be imposed
News,Milk,fines,issuedby,courts,1,1,0.85,https://timesofindia.indiatimes.com/city/noida/60-food-samples-collected-from-noida-last-months-fail-quality-test/articleshow/121007869.cms,courts have also imposed fines
News,Milk,order of relocating the city's dairies,issuedby,Delhi High Court,1,1,0.95,https://timesofindia.indiatimes.com/city/delhi/shift-of-dairies-hc-slams-threats-to-petitioner/articleshow/112747686.cms,order of relocating the city's dairies
News,Milk,penalties,issuedby,PPCB,1,1,0.9,https://www.hindustantimes.com/cities/chandigarh-news/the-industrial-town-s-long-standing-problem-of-effluent-disposal-the-challenges-faced-by-governments-and-industrialists-in-ludhiana-101685179824784.html,"PPCB, which has been issuing notices and levying penalties"
News,Milk,Environmental compensation of ₹2.46 crore on electroplating and acid pickling units,issuedby,PPCB,1,1,0.95,https://www.hindustantimes.com/cities/chandigarh-news/the-industrial-town-s-long-standing-problem-of-effluent-disposal-the-challenges-faced-by-governments-and-industrialists-in-ludhiana-101685179824784.html,PPCB had imposed an environmental compensation of ₹2.46 crore on electroplating and acid pickling units
News,Milk,₹1.05-crore fine on CETP for electroplating units,issuedby,PPCB,1,1,0.95,https://www.hindustantimes.com/cities/chandigarh-news/the-industrial-town-s-long-standing-problem-of-effluent-disposal-the-challenges-faced-by-governments-and-industrialists-in-ludhiana-101685179824784.html,which drew a ₹1.05-crore fine
News,Milk,ban on flavoured or adulterated tobacco and supari products,issuedby,State Food Safety Commissioner,1,1,0.9,https://www.freepressjournal.in/mumbai/massive-fda-crackdown-in-mumbai-seizes-1366-lakh-worth-of-banned-tobacco-in-13-day-citywide-operation,"order issued on July 16, 2025, by the State Food Safety Commissioner"
News,Milk,ban on flavoured or adulterated tobacco,issuedby,State Food Safety Commissioner,1,1,0.95,https://www.freepressjournal.in/mumbai/massive-fda-crackdown-in-mumbai-seizes-1366-lakh-worth-of-banned-tobacco-in-13-day-citywide-operation,"order issued on July 16, 2025, by the State Food Safety Commissioner"
News,Milk,Finding of unsafe milk,triggeredaction,Legal action,1,1,0.85,https://www.freepressjournal.in/mumbai/massive-fda-crackdown-in-mumbai-seizes-1366-lakh-worth-of-banned-tobacco-in-13-day-citywide-operation,Seven samples have been sent for legal action
News,Milk,finding of unsafe milk,triggeredaction,destruction of unsafe milk,1,1,0.85,https://www.freepressjournal.in/mumbai/massive-fda-crackdown-in-mumbai-seizes-1366-lakh-worth-of-banned-tobacco-in-13-day-citywide-operation,90 litres of unsafe milk were destroyed on the spot
News,Milk,Bangalore Cooperative Milk Union Ltd,triggeredaction,Competition Commission of India,1,1,0.8,https://timesofindia.indiatimes.com/technology/tech-news/flipkart-may-be-facing-problem-with-its-new-rs-1-milk-offers/articleshow/129632652.cms,has approached the Competition Commission of India under Section 19(1)(a)
News,Milk,Show cause notice to 83 food business operators,issuedby,Food and Drugs Administration (FDA) in Pune,1,1,0.95,https://www.hindustantimes.com/cities/pune-news/fda-seizes-adulterated-food-items-worth-24-lakh-during-diwali-drive-101731090366158.html,Show cause notice has been issued to 83 food business operators
News,Milk,Closure notice,issuedby,Food and Drugs Administration (FDA) in Pune,1,1,0.95,https://www.hindustantimes.com/cities/pune-news/fda-seizes-adulterated-food-items-worth-24-lakh-during-diwali-drive-101731090366158.html,one establishment was issued a closure notice
News,Milk,Indore Water Contamination,triggeredaction,dismissal of a sub-engineer,1,1,0.9,https://thelogicalindian.com/indore-water-crisis-nine-dead-as-sewage-contaminated-water-sickens-hundreds-officials-dismissed-probe-on/,"A catastrophic water contamination crisis in Indore's Bhagirathpura area in Madhya Pradesh's Indore has led to at least nine deaths, including a six-month-old infant and several women till now, reported India Today. Over 2,800 residents have fallen ill with severe gastroenteritis, with more than 270 hospitalised after consuming water from a municipal supply line that was mixed with sewage. In a swift administrative response, Chief Minister Mohan Yadav ordered the dismissal of a sub-engineer and the suspension of a zonal officer and assistant engineer."
News,Milk,Indore Water Contamination,triggeredaction,suspension of a zonal officer,1,1,0.9,https://thelogicalindian.com/indore-water-crisis-nine-dead-as-sewage-contaminated-water-sickens-hundreds-officials-dismissed-probe-on/,suspension of a zonal officer and assistant engineer
News,Milk,ex-gratia compensation of two lakh rupees,issuedby,Chief Minister Mohan Yadav,1,1,0.95,https://thelogicalindian.com/indore-water-crisis-nine-dead-as-sewage-contaminated-water-sickens-hundreds-officials-dismissed-probe-on/,announced an ex-gratia compensation of two lakh rupees for the families of the deceased
News,Milk,comprehensive audit of water pipelines,issuedby,Chief Minister Mohan Yadav,1,1,0.9,https://thelogicalindian.com/indore-water-crisis-nine-dead-as-sewage-contaminated-water-sickens-hundreds-officials-dismissed-probe-on/,instructed officials to conduct a comprehensive audit of water pipelines across the state
News,Milk,Prosecution cases,issuedby,food department,1,1,0.9,https://timesofindia.indiatimes.com/city/noida/more-than-80-of-paneer-samples-in-noida-greater-noida-fail-food-quality-test/articleshow/120137917.cms,Prosecution cases were filed against all those whose food samples failed
News,Milk,prosecutions for paneer,targets,paneer,1,1,0.95,https://timesofindia.indiatimes.com/city/noida/more-than-80-of-paneer-samples-in-noida-greater-noida-fail-food-quality-test/articleshow/120137917.cms,"Paneer also topped the chart in terms of action taken by authorities, with 33 prosecutions filed"
News,Milk,prosecution for ghee,targets,ghee,1,1,0.95,https://timesofindia.indiatimes.com/city/noida/more-than-80-of-paneer-samples-in-noida-greater-noida-fail-food-quality-test/articleshow/120137917.cms,"Ghee, with seven prosecutions, incurred Rs 5.25 lakh in penalties"
News,Milk,prosecutions for milk,targets,milk,1,1,0.95,https://timesofindia.indiatimes.com/city/noida/more-than-80-of-paneer-samples-in-noida-greater-noida-fail-food-quality-test/articleshow/120137917.cms,Milk followed with 27 prosecutions and fines amounting to Rs 36 lakh
News,Milk,prosecution for khoya,targets,khoya,1,1,0.95,https://timesofindia.indiatimes.com/city/noida/more-than-80-of-paneer-samples-in-noida-greater-noida-fail-food-quality-test/articleshow/120137917.cms,khoya saw 18 prosecutions and Rs 5.4 lakh in penalties
News,Milk,Diwali Special Campaign,issuedby,Food Safety and Drug Administration Department,1,1,0.9,https://www.freepressjournal.in/india/yogi-govt-launches-extensive-campaign-with-zero-tolerance-policy-against-adulteration,enforcement teams of the Food Safety and Drug Administration Department (FSDA) carried out continuous inspections
News,Milk,Diwali Special Campaign,targets,adulterated and contaminated food items,1,1,0.9,https://www.freepressjournal.in/india/yogi-govt-launches-extensive-campaign-with-zero-tolerance-policy-against-adulteration,"Under the ""Diwali Special Campaign"" conducted between October 8 to 17, enforcement teams of the Food Safety and Drug Administration Department (FSDA) carried out continuous inspections and raids in various districts of the state, taking decisive action against adulterated and contaminated food items."
News,Milk,seizure of 797 kg adulterated dairy products,issuedby,Surat Municipal Corporation,1,1,0.9,https://timesofindia.indiatimes.com/city/surat/smc-seizes-797-kg-adulterated-dairy-products-in-5-day-drive/articleshow/125352948.cms,The teams seized around 797 kg of adulterated paneer
News,Milk,destruction of 54 kg of products,issuedby,Surat Municipal Corporation,1,1,0.9,https://timesofindia.indiatimes.com/city/surat/smc-seizes-797-kg-adulterated-dairy-products-in-5-day-drive/articleshow/125352948.cms,about 54 kg of products was destroyed on the spot
News,Milk,closure of Malbros International Private Limited,issuedby,Chief Minister Bhagwant Mann,1,1,0.9,https://frontline.thehindu.com/the-nation/gas-poisoning-deaths-in-giaspura-ludhiana-reveal-infrastructure-neglect-flouted-environmental-laws-coupled-with-lack-of-civic-amenities-led-to-tragedy/article66841767.ece,compelled Chief Minister Bhagwant Mann to announce the unit's closure
News,Milk,Surveillance of sweets,targets,sweets,1,1,0.9,https://www.financialexpress.com/life/this-diwali-beware-of-fake-khoya-fssai-sets-up-pan-india-taskforce-to-detect-adulteration-bkg-3292647/,We have directed our officers in the states and Union territories to intensify the surveillance of sweets to check on adulteration
News,Milk,fine,issuedby,Food and Drugs Safety Administration,1,1,0.9,https://timesofindia.indiatimes.com/city/noida/ghaziabad-sweetshop-scandal-dead-spider-found-in-samosa-after-frog-leg-incident/articleshow/114057992.cms,imposed a fine on the shop owner
News,Milk,case filed in ADM city court,issuedby,Food and Drugs Safety Administration,1,1,0.85,https://timesofindia.indiatimes.com/city/noida/ghaziabad-sweetshop-scandal-dead-spider-found-in-samosa-after-frog-leg-incident/articleshow/114057992.cms,case will be filed against him in the ADM city court
News,Milk,milk contamination case,triggeredaction,judicial custody,1,1,0.85,https://www.deccanchronicle.com/southern-states/andhra-pradesh/6-year-old-dies-of-renal-failure-at-kgh-in-milk-contamination-case-1939663,remanded to judicial custody
News,Milk,seizure of khoya,targets,khoya,1,1,0.95,https://timesofindia.indiatimes.com/city/aurangabad/fda-seizes-215-kg-of-khoya-from-dharashiv-over-suspected-adulteration/articleshow/131397660.cms,seized 215 kg of khoya
News,Milk,licence cancellations,issuedby,FSSAI,1,1,0.9,https://assamtribune.com/national/fssai-finds-violations-after-testing-518-lakh-food-samples-1609541,"measures taken by FSSAI led to 1,161 licence cancellations"
News,Milk,penalties,issuedby,FSSAI,1,1,0.9,https://assamtribune.com/national/fssai-finds-violations-after-testing-518-lakh-food-samples-1609541,"led to 88,192 penalties"
News,Milk,"3,614 convictions",issuedby,FSSAI,1,1,0.9,https://assamtribune.com/national/fssai-finds-violations-after-testing-518-lakh-food-samples-1609541,"led to 88,192 penalties and 3,614 convictions"
News,Milk,fine for violators,issuedby,Pune FDA,1,1,0.85,https://www.hindustantimes.com/cities/pune-news/ensure-quality-prasad-pune-fda-tells-ganpati-mandals-sweet-sellers-101694887549275.html,Violators will be fined and a case may be filed against them
News,Milk,case filing for violators,issuedby,Pune FDA,1,1,0.85,https://www.hindustantimes.com/cities/pune-news/ensure-quality-prasad-pune-fda-tells-ganpati-mandals-sweet-sellers-101694887549275.html,a case may be filed against them
News,Milk,strict action against food business operators,issuedby,Pune FDA,1,1,0.9,https://www.hindustantimes.com/cities/pune-news/ensure-quality-prasad-pune-fda-tells-ganpati-mandals-sweet-sellers-101694887549275.html,strict action will be taken against food business operators found violating regulations
News,Milk,Advisory on Ganesh Chaturthi sweets,issuedby,Food and Drugs Administration (FDA) Pune,1,1,0.95,https://www.hindustantimes.com/cities/pune-news/ensure-quality-prasad-pune-fda-tells-ganpati-mandals-sweet-sellers-101694887549275.html,The FDA has warned the food business operators (FBO) that strict action will be taken
News,Milk,Special drive for sample collection,issuedby,Food and Drugs Administration (FDA) Pune,1,1,0.95,https://www.hindustantimes.com/cities/pune-news/ensure-quality-prasad-pune-fda-tells-ganpati-mandals-sweet-sellers-101694887549275.html,A special drive will be conducted across Pune and samples of suspected sweet items
News,Milk,FSSAI milk adulteration finding,triggeredaction,strict action warning,1,1,0.85,https://www.deccanchronicle.com/southern-states/andhra-pradesh/class-ix-student-dies-of-electrocution-in-salur-mandal-1948607,warned traders of strict action
News,Milk,FSSAI finding of adulteration in 9 milk samples,triggeredaction,surprise inspections,1,1,0.85,https://www.deccanchronicle.com/southern-states/andhra-pradesh/class-ix-student-dies-of-electrocution-in-salur-mandal-1948607,directed officials to conduct surprise inspections
News,Milk,FSSAI milk adulteration finding,triggeredaction,case registration,1,1,0.85,https://www.deccanchronicle.com/southern-states/andhra-pradesh/class-ix-student-dies-of-electrocution-in-salur-mandal-1948607,register cases against violators
News,Milk,FDA Crackdown in Maharashtra,targets,pan masala,1,1,0.9,https://www.republicworld.com/india/stock-of-banned-pan-masala-gutkha-and-adulterated-foodstuffs-worth-158-crore-seized-in-seven-days-2026-06-04-126869,"against the production, storage, and sale of banned gutkha, pan masala"
News,Milk,FDA Crackdown in Maharashtra,targets,gutkha,1,1,0.9,https://www.republicworld.com/india/stock-of-banned-pan-masala-gutkha-and-adulterated-foodstuffs-worth-158-crore-seized-in-seven-days-2026-06-04-126869,"against the production, storage, and sale of banned gutkha, pan masala"
News,Milk,FDA Crackdown in Maharashtra,targets,adulterated food products,1,1,0.9,https://www.republicworld.com/india/stock-of-banned-pan-masala-gutkha-and-adulterated-foodstuffs-worth-158-crore-seized-in-seven-days-2026-06-04-126869,"against banned pan masala, gutkha, and adulterated food products"
News,Milk,FDA Crackdown in Maharashtra,targets,banned gutkha,1,1,0.9,https://www.republicworld.com/india/stock-of-banned-pan-masala-gutkha-and-adulterated-foodstuffs-worth-158-crore-seized-in-seven-days-2026-06-04-126869,"against the production, storage, and sale of banned gutkha"
News,Milk,Food and Drug Administration (FDA),issuedby,improvement notices,1,1,0.9,https://www.hindustantimes.com/cities/pune-news/fda-draws-142-food-samples-during-diwali-festival-101700330937164.html,improvement notices were issued to 67 establishments as per the provision of Food and Safety Act 2006
News,Milk,Improvement Notices,issuedby,Food and Drug Administration (FDA),1,1,0.9,https://www.hindustantimes.com/cities/pune-news/fda-draws-142-food-samples-during-diwali-festival-101700330937164.html,improvement notices were issued to 67 establishments
News,Milk,Issuance of Improvement Notices,targets,FBOs,1,1,0.85,https://www.hindustantimes.com/cities/pune-news/fda-draws-142-food-samples-during-diwali-festival-101700330937164.html,Notices have been also issued to shopkeepers and FBOs who failed to follow
News,Milk,licence cancellation of Rajasthan Medical Hall,issuedby,Rajasthan Drug Control Department,1,1,0.9,https://indianexpress.com/article/upsc-current-affairs/upsc-key-horticulture-scheme-diaspora-seychelles-israel-genocidal-10760448/,Rajasthan Drug Control Department cancelled the wholesale drug licence of Kota-based pharma distributor Rajasthan Medical Hall
News,Milk,improvement notices,issuedby,Food and Drug Administration (FDA),1,1,0.9,https://www.hindustantimes.com/cities/pune-news/fda-seizes-food-samples-worth-10-35-lakhs-101729276408292.html,improvement notices have been served to up to 38 food business operators
News,Milk,unsafe vegetable samples,triggeredaction,prosecution,1,1,0.9,https://assamtribune.com/assam/whats-on-your-plate-assam-battles-surge-in-unsafe-foods-as-experts-sound-alarm-1575052,approved prosecution for 76 of the 94 unsafe samples
News,Milk,prosecution,issuedby,Commissionerate of Food Safety,1,1,0.95,https://assamtribune.com/assam/whats-on-your-plate-assam-battles-surge-in-unsafe-foods-as-experts-sound-alarm-1575052,Commissionerate of Food Safety has approved prosecution
News,Milk,substandard items,triggeredaction,fines,1,1,0.9,https://assamtribune.com/assam/whats-on-your-plate-assam-battles-surge-in-unsafe-foods-as-experts-sound-alarm-1575052,"In cases where substandard items were confirmed, fines ranging between ₹1.5 lakh and ₹2 lakh have been imposed."
News,Milk,Food Adulteration Crackdown,targets,mawa,1,1,0.85,https://garhwalpost.in/crackdown-on-food-adulteration-intensified-fake-dairy-products-seized/,"Inspections of mawa (khoya), paneer, ghee, sweets"
News,Milk,Food Adulteration Crackdown,targets,khoya,1,1,0.9,https://garhwalpost.in/crackdown-on-food-adulteration-intensified-fake-dairy-products-seized/,"Inspections of mawa (khoya), paneer, ghee, sweets"
News,Milk,Food Adulteration Crackdown,targets,paneer,1,1,0.85,https://garhwalpost.in/crackdown-on-food-adulteration-intensified-fake-dairy-products-seized/,"Inspections of mawa (khoya), paneer, ghee, sweets"
News,Milk,Food Adulteration Crackdown,targets,ghee,1,1,0.85,https://garhwalpost.in/crackdown-on-food-adulteration-intensified-fake-dairy-products-seized/,"Inspections of mawa (khoya), paneer, ghee, sweets"
News,Milk,Food Adulteration Crackdown,targets,sweets,1,1,0.85,https://garhwalpost.in/crackdown-on-food-adulteration-intensified-fake-dairy-products-seized/,"Inspections of mawa (khoya), paneer, ghee, sweets"
News,Milk,seizure of substandard mustard oil,issuedby,Food Safety and Drug Control Commissionerate,1,1,0.95,https://timesofindia.indiatimes.com/city/jaipur/over-12000-litre-of-spurious-oil-seized/articleshow/110316417.cms,"Food Safety and Drug Control Commissionerate teams on Tuesday seized 6,683 litre of edible oil"
News,Milk,Fortnightly inspection of food business ops,targets,milk,1,1,0.9,https://www.thehansindia.com/news/cities/khammam/fortnightly-inspection-of-food-business-ops-orders-collector-1086811,increased surveillance on milk
News,Milk,Fortnightly inspection of food business ops,targets,edible oils,1,1,0.9,https://www.thehansindia.com/news/cities/khammam/fortnightly-inspection-of-food-business-ops-orders-collector-1086811,"increased surveillance on milk, edible oils"
News,Milk,Fortnightly inspection of food business ops,targets,ready-to-eat food items,1,1,0.9,https://www.thehansindia.com/news/cities/khammam/fortnightly-inspection-of-food-business-ops-orders-collector-1086811,"increased surveillance on milk, edible oils, meat, eggs, sweets, and ready-to-eat food items"
News,Milk,Special Enforcement Drive,targets,milk,1,1,0.95,https://www.newindianexpress.com/nation/2025/Dec/16/fssai-announces-nationwide-crackdown-on-adulteration-of-milk-paneer-and-khoya,Special Enforcement Drive against adulteration and misbranding of milk
News,Milk,Special Enforcement Drive,targets,paneer,1,1,0.95,https://www.newindianexpress.com/nation/2025/Dec/16/fssai-announces-nationwide-crackdown-on-adulteration-of-milk-paneer-and-khoya,"Special Enforcement Drive against adulteration and misbranding of milk and milk products, including paneer"
News,Milk,Special Enforcement Drive,targets,khoya,1,1,0.95,https://www.newindianexpress.com/nation/2025/Dec/16/fssai-announces-nationwide-crackdown-on-adulteration-of-milk-paneer-and-khoya,"Special Enforcement Drive against adulteration and misbranding of milk and milk products, including paneer and khoya"
News,Milk,Licence cancellation,issuedby,FSSAI,1,1,0.9,https://www.newindianexpress.com/nation/2025/Dec/16/fssai-announces-nationwide-crackdown-on-adulteration-of-milk-paneer-and-khoya,"Strict action, including licence cancellation, seizures, recalls, and closure of illegal units, has also been mandated"
News,Milk,Seizures,issuedby,FSSAI,1,1,0.9,https://www.newindianexpress.com/nation/2025/Dec/16/fssai-announces-nationwide-crackdown-on-adulteration-of-milk-paneer-and-khoya,"Strict action, including licence cancellation, seizures, recalls, and closure of illegal units, has also been mandated"
News,Milk,Recalls,issuedby,FSSAI,1,1,0.9,https://www.newindianexpress.com/nation/2025/Dec/16/fssai-announces-nationwide-crackdown-on-adulteration-of-milk-paneer-and-khoya,"Strict action, including licence cancellation, seizures, recalls, and closure of illegal units, has also been mandated"
News,Milk,Closure of illegal units,issuedby,FSSAI,1,1,0.9,https://www.newindianexpress.com/nation/2025/Dec/16/fssai-announces-nationwide-crackdown-on-adulteration-of-milk-paneer-and-khoya,"Strict action, including licence cancellation, seizures, recalls, and closure of illegal units, has also been mandated"
News,Milk,Recalls,targets,milk,1,1,0.75,https://www.newindianexpress.com/nation/2025/Dec/16/fssai-announces-nationwide-crackdown-on-adulteration-of-milk-paneer-and-khoya,"Strict action, including licence cancellation, seizures, recalls, and closure of illegal units, has also been mandated, official sources added. The FSSAI had carried out similar drives during September-October this year when there was a spike in demand for milk and milk products during the festive time."
News,Milk,notice to chief secretary,issuedby,National Human Rights Commission,1,1,0.9,https://timesofindia.indiatimes.com/city/ranchi/nhrc-seeks-report-over-spurious-milk/articleshow/96696602.cms,it has issued notices to the chief secretary
News,Milk,notice to director general of police,issuedby,National Human Rights Commission,1,1,0.9,https://timesofindia.indiatimes.com/city/ranchi/nhrc-seeks-report-over-spurious-milk/articleshow/96696602.cms,"it has issued notices to the chief secretary, director general of police"
News,Milk,notice to director general health services,issuedby,National Human Rights Commission,1,1,0.9,https://timesofindia.indiatimes.com/city/ranchi/nhrc-seeks-report-over-spurious-milk/articleshow/96696602.cms,"it has issued notices to the chief secretary, director general of police and the director general, health services"
News,Milk,notice to Union ministry of health,issuedby,National Human Rights Commission,1,1,0.9,https://timesofindia.indiatimes.com/city/ranchi/nhrc-seeks-report-over-spurious-milk/articleshow/96696602.cms,"it has issued notices to the chief secretary, director general of police and the director general, health services, Union ministry of health & family welfare"
News,Milk,notice to chief secretary,targets,spurious milk,1,1,0.85,https://timesofindia.indiatimes.com/city/ranchi/nhrc-seeks-report-over-spurious-milk/articleshow/96696602.cms,chief secretary has been asked to submit a detailed report on the prevalence of spurious milk selling
News,Milk,summons,issuedby,National Human Rights Commission of India,1,1,0.85,https://www.andhrajyothy.com/2026/andhra-pradesh/east-godavari/nhrc-issues-notice-to-officials-over-rajahmundry-contaminated-milk-incident-sj-1507587.html,NHRC సమన్లు జారీ చేసింది
News,Milk,Operation Matsya,targets,fish,1,1,0.9,https://www.thehindu.com/news/national/kerala/juice-shops-under-scanner-in-food-safety-raids/article65405056.ece,"As part of Operation Matsya, 6,361 kg of decayed and chemicals-laden fish"
News,Milk,Operation Jaggery,targets,jaggery,1,1,0.9,https://www.thehindu.com/news/national/kerala/juice-shops-under-scanner-in-food-safety-raids/article65405056.ece,"Under Operation Jaggery, launched to detect adulteration in jaggery"
News,Milk,suspected milk adulteration,triggeredaction,arrest of milk vendor,1,1,0.85,https://timesofindia.indiatimes.com/city/vijayawada/4-die-of-suspected-anuria-in-andhra-pradesh-12-hospitalised-milk-adulteration-angle-probed-1-arrested/articleshow/128702187.cms,Authorities have taken a milk vendor from Narasapuram village in Korukonda mandal into custody.
News,Milk,police complaints,targets,milk,1,1,0.85,https://www.thehansindia.com/karnataka/over-3000-adulterated-milk-samples-detected-across-state-in-one-year-1056529,"If adulterated milk is detected under the Nandini brand, officials said police complaints will be filed"
News,Milk,ETO ban,issuedby,European Food Safety Authority,1,1,0.95,https://www.thehindu.com/sci-tech/health/why-are-indian-spices-facing-the-heat-explained/article68133297.ece,The European Food Safety Authority (EFSA) has banned the use of ETO
News,Milk,guidelines to exporters on preventing ETO contamination,issuedby,Spices Board,1,1,0.95,https://www.thehindu.com/sci-tech/health/why-are-indian-spices-facing-the-heat-explained/article68133297.ece,A circular dated April 30 contains guidelines to exporters on preventing ETO contamination
News,Milk,penalty for selling sub-standard foods,issuedby,FSS Act,1,1,0.85,https://www.thehindu.com/sci-tech/health/why-are-indian-spices-facing-the-heat-explained/article68133297.ece,"Under Section 59 of the FSS Act, food businesses found guilty of selling, storing or manufacturing sub-standard foods can be penalised"
News,Milk,suspension of sale,targets,Madras curry powder,1,1,0.9,https://www.thehindu.com/sci-tech/health/why-are-indian-spices-facing-the-heat-explained/article68133297.ece,suspended the sale of three MDH spice blends (Madras curry powder
News,Milk,suspension of sale of MDH spice blends,targets,Sambhar masala,1,1,0.95,https://www.thehindu.com/sci-tech/health/why-are-indian-spices-facing-the-heat-explained/article68133297.ece,"suspended the sale of three MDH spice blends (Madras curry powder, Sambhar masala and curry powder masala)"
News,Milk,suspension of sale of MDH and Everest spice blends,targets,curry powder masala,1,1,0.95,https://www.thehindu.com/sci-tech/health/why-are-indian-spices-facing-the-heat-explained/article68133297.ece,"suspended the sale of three MDH spice blends (Madras curry powder, Sambhar masala and curry powder masala)"
News,Milk,ban on sale of energy drinks to children,issuedby,Punjab FDA,1,1,0.95,https://indianexpress.com/article/cities/chandigarh/punjab-fda-flags-1420-failed-food-samples-hc-compliance-report-bans-energy-drinks-near-schools-10169092/,"prohibition order issued on April 21, 2025, banning the sale of energy drinks to children"
News,Milk,ban on sale near schools,issuedby,Punjab FDA,1,1,0.95,https://indianexpress.com/article/cities/chandigarh/punjab-fda-flags-1420-failed-food-samples-hc-compliance-report-bans-energy-drinks-near-schools-10169092/,"prohibition order issued on April 21, 2025, banning the sale of energy drinks to children"
News,Milk,"prohibition order issued on April 21, 2025",targets,energy drinks,1,1,0.95,https://indianexpress.com/article/cities/chandigarh/punjab-fda-flags-1420-failed-food-samples-hc-compliance-report-bans-energy-drinks-near-schools-10169092/,"prohibition order issued on April 21, 2025, banning the sale of energy drinks"
News,Milk,FDA statewide crackdown,issuedby,Food and Drug Administration,1,1,0.95,https://www.hindustantimes.com/cities/mumbai-news/fda-food-safety-drive-33-held-27-units-sealed-101779995607008.html,FDA launched a statewide crackdown
News,Milk,FDA statewide crackdown,targets,gutkha,1,1,0.9,https://www.hindustantimes.com/cities/mumbai-news/fda-food-safety-drive-33-held-27-units-sealed-101779995607008.html,"targeted organised adulteration rackets, banned products such as gutkha"
News,Milk,milk inspection campaign,issuedby,Food and Drug Administration,1,1,0.9,https://www.mid-day.com/mumbai/mumbai-news/article/mumbai-fda-conducts-surprise-milk-inspection-drive-on-5-toll-booths-in-city-23309239,FDA stated that they had launched a milk inspection campaign
News,Milk,milk inspection campaign,targets,milk,1,1,0.9,https://www.mid-day.com/mumbai/mumbai-news/article/mumbai-fda-conducts-surprise-milk-inspection-drive-on-5-toll-booths-in-city-23309239,launched a milk inspection campaign
News,Milk,notices on Andhra Pradesh Chief Secretary,issuedby,National Human Rights Commission,1,1,0.95,https://www.thehindu.com/news/national/andhra-pradesh/nhrc-takes-suo-motucognisance-of-16-milk-adulteration-deaths-in-rajamahendravaram/article70788270.ece,NHRC... served notices on Andhra Pradesh Chief Secretary
News,Milk,inspection drive,issuedby,food safety department,1,1,0.9,https://www.freepressjournal.in/indore/indore-news-dairy-units-under-scanner-after-andhra-milk-incident,food safety department on Monday launched a large-scale inspection drive
News,Milk,ByHeart baby formula incident,triggeredaction,ByHeart baby formula recall,1,1,0.95,https://www.livemint.com/news/us-news/byheart-recalls-baby-formula-after-13-infants-diagnosed-with-botulism-in-us-what-is-it-causes-risks-symptoms-mo-11762649557224.html,decided to recall some of its powdered formula after 13 infants were diagnosed
News,Milk,milk contamination incident,triggeredaction,arrest of Addala Ganeswara Rao,1,1,0.95,https://timesofindia.indiatimes.com/city/vijayawada/milk-contamination-case-toll-rises-to-five-in-rajamahendravaram-accused-vendor-arrested/articleshow/128759697.cms,Police have arrested the accused
News,Milk,Sealing of dairy unit,issuedby,Food Safety Department,1,1,0.9,https://uttarbangasambad.com/adulterated-milk-deaths-andhra-pradesh-adulterated-milk-tragedy-13-dead-east-godavari/,খাদ্য সুরক্ষা দপ্তরের আধিকারিকরা সিল করে দিয়েছেন
News,Milk,Public advisory,issuedby,FDA,1,1,0.85,https://www.mid-day.com/news/india-news/article/over-3-8-tonnes-of-fake-mango-pulp-seized-destroyed-in-pune-crackdown-probe-traces-supply-chain-to-khed-23625757,Public advisory Citizens urged to report suspected adulteration
News,Milk,License Suspension or Cancellation,issuedby,FDA,1,1,0.85,https://www.hindustantimes.com/cities/pune-news/fda-seize-suspected-adulterated-food-items-worth-14-35-lakh-101726859521928.html,food licenses of the FBO can be also suspended or cancelled
News,Milk,Statewide Festive Season Crackdown,issuedby,Food and Drug Administration (FDA),1,1,0.95,https://www.freepressjournal.in/mumbai/maharashtra-news-fda-seizes-over-8-lakh-kg-of-unsafe-and-substandard-food-in-statewide-festive-season-crackdown,"FDA has seized over 8,03,942 kilograms of food stock found to be unsafe"
News,Milk,notice for report,issuedby,NHRC,1,1,0.9,https://www.deccanchronicle.com/southern-states/andhra-pradesh/nhrc-takes-cognisance-of-16-deaths-due-to-adulterated-milk-seeks-report-1946513,The Commission has issued notices to the Chief Secretary
News,Milk,free treatment for hospitalised,issuedby,Andhra Pradesh government,1,1,0.85,https://www.news18.com/agency-feeds/andhra-milk-adulteration-govt-announces-rs-10-lakh-ex-gratia-for-deceased-9924813.html,government will bear the entire medical expenditure
News,Milk,Marion factory poison finding,triggeredaction,canceled the company's manufacturing license,1,1,0.95,https://www.financialexpress.com/healthcare/pharma-healthcare/poisoned-cough-syrup-killed-kids-authorities-cut-the-investigation-short/3164587/,confirmed the drugs were loaded with poison and canceled the company's manufacturing license
News,Milk,alert telling pharmaceutical companies not to buy propylene glycol from Maya,issuedby,Indian drug agency,1,1,0.9,https://www.financialexpress.com/healthcare/pharma-healthcare/poisoned-cough-syrup-killed-kids-authorities-cut-the-investigation-short/3164587/,drug agency issued an alert telling pharmaceutical companies not to buy propylene glycol from Maya
News,Oil,Jamshedpur Food Adulteration Drive,targets,restaurants and roadside eateries,1,1,0.85,https://timesofindia.indiatimes.com/city/ranchi/crackdown-on-food-adulteration-in-jamshedpur-ahead-of-festive-season/articleshow/114440879.cms,drive against adulterated food being served by both restaurants and roadside eateries
News,Oil,pre-festival raid,issuedby,Food Safety Department,1,1,0.9,https://timesofindia.indiatimes.com/life-style/food-news/145-kgs-of-rasgullas-and-namkeens-destroyed-ahead-of-diwali-in-noida/articleshow/124574873.cms,drive was recently conducted by the the Food Safety Department in Noida
News,Oil,destruction of adulterated food,issuedby,Food Safety Department,1,1,0.9,https://timesofindia.indiatimes.com/life-style/food-news/145-kgs-of-rasgullas-and-namkeens-destroyed-ahead-of-diwali-in-noida/articleshow/124574873.cms,buried and destroyed by the officials of the Food Safety Department
News,Oil,ban on blended mustard oil,issuedby,FSSAI,1,1,0.95,https://www.thehindu.com/opinion/op-ed/a-ban-a-split-verdict-and-a-health-concern/article69652167.ece,FSSAI prohibited the manufacturing and sale of blended mustard oil
News,Oil,ban on blended mustard oil,targets,mustard oil,1,1,0.9,https://www.thehindu.com/opinion/op-ed/a-ban-a-split-verdict-and-a-health-concern/article69652167.ece,prohibited the manufacturing and sale of blended mustard oil
News,Oil,Supreme Court ruling against DMH-11 approval,issuedby,Supreme Court,1,1,0.9,https://www.thehindu.com/opinion/op-ed/a-ban-a-split-verdict-and-a-health-concern/article69652167.ece,"Supreme Court ruled on July 23, 2024, against approval granted"
News,Oil,Supreme Court ruling on DMH-11,targets,DMH-11,1,1,0.9,https://www.thehindu.com/opinion/op-ed/a-ban-a-split-verdict-and-a-health-concern/article69652167.ece,"Supreme Court ruled on July 23, 2024, against approval granted... for... DMH-11"
News,Oil,ban on loose oil,issuedby,Government,1,1,0.9,https://www.thehindubusinessline.com/economy/agri-business/sea-urges-govt-not-to-hike-gst-on-coconut-oil/article36492632.ece,sale of loose oil which the Government has banned
News,Oil,"fine of Rs30,000",issuedby,FDA,1,1,0.9,https://timesofindia.indiatimes.com/city/nagpur/fda-cracks-whip-on-sweetmarts-namkeen-makers-before-diwali/articleshow/87495424.cms,"Fines of Rs30,000 were collected from six shops"
News,Oil,adjudication referral,issuedby,joint commissioner,1,1,0.9,https://timesofindia.indiatimes.com/city/nagpur/fda-cracks-whip-on-sweetmarts-namkeen-makers-before-diwali/articleshow/87495424.cms,referred to adjudication by the joint commissioner
News,Oil,improvement notices,issuedby,FDA,1,1,0.9,https://timesofindia.indiatimes.com/city/nagpur/fda-cracks-whip-on-sweetmarts-namkeen-makers-before-diwali/articleshow/87495424.cms,"served them with improvement notices under Food Safety and Standards Act, 2006"
News,Oil,"seizure of 15,000 litres oil",targets,edible oil,1,1,0.9,https://timesofindia.indiatimes.com/city/nagpur/fda-cracks-whip-on-sweetmarts-namkeen-makers-before-diwali/articleshow/87495424.cms,"seized around 15,000 litres oil worth Rs22.5 lakh"
News,Oil,imprisonment up to three months and fine,issuedby,FDA,1,1,0.85,https://timesofindia.indiatimes.com/city/nagpur/fda-cracks-whip-on-sweetmarts-namkeen-makers-before-diwali/articleshow/87495424.cms,imprisonment up to three months and fine would be imposed
News,Oil,Rs2-5 lakh fine,issuedby,FDA,1,1,0.85,https://timesofindia.indiatimes.com/city/nagpur/fda-cracks-whip-on-sweetmarts-namkeen-makers-before-diwali/articleshow/87495424.cms,adjudicating officer can slap Rs2-5 lakh fine
News,Oil,shutdown of rasgulla units,issuedby,"Food and Drug Administration (FDA), Maharashtra",1,1,0.9,https://timesofindia.indiatimes.com/city/nagpur/maha-fda-seizes-edible-oil-worth-rs23l/articleshow/124589903.cms,two rasgulla manufacturing units were shut down
News,Oil,warning to the fast food centers and hotels,issuedby,Municipal Commissioner,1,1,0.9,https://www.thehansindia.com/andhra-pradesh/raid-conducted-on-fast-food-centers-and-hotels-for-using-adulterated-oils-891217,Municipal Commissioner issued a warning to the fast food centers and hotels
News,Oil,FIR against seven persons,issuedby,Navi Mumbai Police,1,1,0.9,https://www.mid-day.com/mumbai/mumbai-crime-news/article/navi-mumbai-7-booked-for-selling-adulterated-edible-oil-23323774,Navi Mumbai Police has filed an FIR against them
News,Oil,Pre-Diwali crackdown on food adulteration,targets,sweets,1,1,0.9,https://www.hindustantimes.com/cities/lucknow-news/prediwali-crackdown-on-food-adulteration-in-lucknow-101760112550766.html,"curb sale of adulterated and substandard food products, including sweets"
News,Oil,Pre-Diwali crackdown on food adulteration,targets,snacks,1,1,0.9,https://www.hindustantimes.com/cities/lucknow-news/prediwali-crackdown-on-food-adulteration-in-lucknow-101760112550766.html,"including sweets, snacks, dairy items"
News,Oil,Pre-Diwali crackdown on food adulteration,targets,dairy items,1,1,0.9,https://www.hindustantimes.com/cities/lucknow-news/prediwali-crackdown-on-food-adulteration-in-lucknow-101760112550766.html,"including sweets, snacks, dairy items"
News,Oil,Pre-Diwali crackdown on food adulteration,targets,edible oils,1,1,0.9,https://www.hindustantimes.com/cities/lucknow-news/prediwali-crackdown-on-food-adulteration-in-lucknow-101760112550766.html,"including sweets, snacks, dairy items, edible oils"
News,Oil,Pre-Diwali crackdown on food adulteration,targets,packaged drinking water,1,1,0.9,https://www.hindustantimes.com/cities/lucknow-news/prediwali-crackdown-on-food-adulteration-in-lucknow-101760112550766.html,"seized 7,664 one-litre bottles of packaged drinking water"
News,Oil,Notice to evacuate oil,issuedby,Tamil Nadu Pollution Control Board,1,1,0.9,https://www.newindianexpress.com/cities/chennai/2022/sep/28/firm-to-face-action-over-edible-oil-leak-near-kasimedu-harbour-in-chennai-2502628.html,a notice will be issued to the company
News,Oil,registration of 8 criminal cases,issuedby,Vigilance and enforcement department,1,1,0.9,https://timesofindia.indiatimes.com/city/vijayawada/vigilance-continues-raids-monitors-edible-oil-trade/articleshow/90341966.cms,registered eight criminal cases against traders
News,Oil,filing of 889 cases,issuedby,Legal metrology department,1,1,0.9,https://timesofindia.indiatimes.com/city/vijayawada/vigilance-continues-raids-monitors-edible-oil-trade/articleshow/90341966.cms,The legal metrology department has filed 889 cases
News,Oil,bakery sealing action,issuedby,Indore district administration,1,1,0.9,https://timesofindia.indiatimes.com/city/indore/bakery-sealed-after-raid-finds-undeclared-artificial-sweetener-in-toast/articleshow/125233365.cms,Indore district administration on Monday sealed a bakery
News,Oil,bakery sealing action,targets,Gold Star Bakery,1,1,0.95,https://timesofindia.indiatimes.com/city/indore/bakery-sealed-after-raid-finds-undeclared-artificial-sweetener-in-toast/articleshow/125233365.cms,sealed a bakery on Dhar Road
News,Oil,initiative to check reuse of cooking oil,issuedby,Department of Food Safety,1,1,0.9,https://www.thehindu.com/news/cities/Kochi/food-safety-dept-initiative-to-check-reuse-of-cooking-oil-in-hotels/article65644073.ece,Food Safety dept. initiative to check reuse of cooking oil
News,Oil,confiscating oil stocks,issuedby,Vigilance and Enforcement Department,1,1,0.85,https://www.newindianexpress.com/states/andhra-pradesh/2022/mar/21/more-governmentoutlets-to-sell-edible-oil-for-less-2432444.html,confiscating oil stocks for selling them at a higher price
News,Oil,Surprise checks on edible oil traders,issuedby,Vigilance and Enforcement Department,1,1,0.85,https://www.newindianexpress.com/states/andhra-pradesh/2022/mar/21/more-governmentoutlets-to-sell-edible-oil-for-less-2432444.html,"surprise checks were being carried out jointly with coordination with Civil Supplies, Food Safety"
News,Oil,notices to companies,issuedby,Regulators,1,1,0.9,https://economictimes.indiatimes.com/news/new-updates/1-5-lakh-kg-expired-amul-branded-food-destroyed-how-jaipur-firm-planned-to-resell-products-by-changing-expiry-dates/articleshow/129387355.cms,Regulators have also issued notices to companies
News,Oil,special campaign to check adulterated and substandard food items,issuedby,Food Security and Drug Administration department,1,1,0.9,https://timesofindia.indiatimes.com/city/kanpur/food-dept-destroys-substandard-cheese/articleshow/124395829.cms,Food Security and Drug Administration department launched a special campaign
News,Oil,cancellation of FSSAI licence,issuedby,FSSAI,1,1,0.9,https://www.thehindubusinessline.com/economy/agri-business/sea-cautions-processors-on-spurious-edible-oil-by-mixing-glycerine-with-fatty-acids/article65730930.ece,cancellation of their FSSAI licence
News,Oil,cancellation of FSSAI licence,targets,synthetic oils,1,1,0.8,https://www.thehindubusinessline.com/economy/agri-business/sea-cautions-processors-on-spurious-edible-oil-by-mixing-glycerine-with-fatty-acids/article65730930.ece,"stern action against such companies/organisations engaged in the production of synthetic oils, including cancellation of their FSSAI licence"
News,Oil,booking 930 cases against traders,issuedby,"Legal Metrology, Vigilance and Enforcement, Food Safety, and Civil Supplies departments",1,1,0.9,https://www.thehindu.com/news/national/andhra-pradesh/edible-oil-traders-booked-stocks-worth-29-crore-seized-in-surprise-raids-in-andhra-pradesh/article65243587.ece,"Officials of the Legal Metrology, Vigilance and Enforcement, Food Safety, and Civil Supplies departments have booked 930 cases"
News,Oil,Diwali Special Campaign,targets,adulterated food items,1,1,0.9,https://timesofindia.indiatimes.com/city/lucknow/cms-war-on-adulteration-goods-worth-8cr-seized-destroyed/articleshow/124694141.cms,action against adulterated and contaminated food items
News,Oil,H-FAST directive,issuedby,Hyderabad Food Adulteration Surveillance Team,1,1,0.95,https://www.siasat.com/h-fast-gives-traders-15-day-deadline-to-halt-sale-of-loose-edible-oil-3460690/,"Hyderabad Food Adulteration Surveillance Team (H-FAST) on Sunday, April 26, announced a 15-day deadline"
News,Oil,H-FAST directive,targets,loose edible oil,1,1,0.9,https://www.siasat.com/h-fast-gives-traders-15-day-deadline-to-halt-sale-of-loose-edible-oil-3460690/,halt the sale of loose edible oil
News,Oil,seizure of caffeinated beverages,targets,caffeinated beverages,1,1,0.85,https://timesofindia.indiatimes.com/city/nashik/nashik-fda-confiscates-food-items-worth-over-rs-1-lakh-on-suspicion-of-adulteration/articleshow/131414371.cms,"seized and sealed 1,584 bottles of two brands of caffeinated beverages"
News,Oil,seizure of soyabean oil,targets,soyabean oil,1,1,0.85,https://timesofindia.indiatimes.com/city/nashik/nashik-fda-confiscates-food-items-worth-over-rs-1-lakh-on-suspicion-of-adulteration/articleshow/131414371.cms,"soyabean oil stock valued at Rs 68,000 was seized"
News,Oil,Indonesia export ban,targets,"refined, bleached, deodorised (RBD) palm olein",1,1,0.95,https://www.india.com/business/prices-of-packaged-goods-to-rise-as-indonesias-palm-oil-export-ban-comes-into-effect-today-all-you-need-to-know-5363846/,"export ban will not be applicable to crude palm oil but will only cover refined, bleached, deodorised (RBD) palm olein"
News,Oil,FDA Seizes Suspected And Illegal Food Stock,targets,Peanut Chikki,1,1,0.9,https://www.freepressjournal.in/pune/nashik-fda-seizes-suspected-and-illegal-food-stock-worth-1589-lakh-in-week-long-crackdown,"71.250 kg of 'Peanut Chikki' (valued at ₹15,200) was seized"
News,Oil,seizure of refined soybean oil,issuedby,Food and Drug Administration,1,1,0.85,https://www.freepressjournal.in/pune/nashik-fda-seizes-suspected-and-illegal-food-stock-worth-1589-lakh-in-week-long-crackdown,"148.4 kg of oil (valued at ₹22,260) was seized."
News,Oil,seizure of banned food products,issuedby,Food and Drug Administration,1,1,0.85,https://www.freepressjournal.in/pune/nashik-fda-seizes-suspected-and-illegal-food-stock-worth-1589-lakh-in-week-long-crackdown,"stock of food products banned by the Government of Maharashtra was found kept for sale; consequently, stock worth ₹5,620 was seized"
News,Oil,destruction of 58 litres of milk,issuedby,Food and Drug Administration,1,1,0.85,https://www.freepressjournal.in/pune/nashik-fda-seizes-suspected-and-illegal-food-stock-worth-1589-lakh-in-week-long-crackdown,"milk samples were collected, and a stock of 58 litres of milk was destroyed"
News,Oil,notice to private university,issuedby,food safety department,1,1,0.9,https://www.hindustantimes.com/cities/noida-news/gb-nagar-admin-to-fix-gaps-in-food-and-drug-safety-in-district-101766773786595.html,food safety department had issued a notice to a private university
News,Oil,Vigilance Checks,targets,edible oils,1,1,0.85,https://www.deccanchronicle.com/southern-states/andhra-pradesh/vigilance-checks-to-prevent-hoarding-of-edible-oils-1824208,conduct surprise checks on edible oil millers
News,Oil,Vigilance Checks,targets,palm oil,1,1,0.9,https://www.deccanchronicle.com/southern-states/andhra-pradesh/vigilance-checks-to-prevent-hoarding-of-edible-oils-1824208,prevent the illegal hoarding of palm oil
News,Oil,heavy fine,issuedby,Additional Deputy Commissioner cum Adjudicating Officer (Food Safety),1,1,0.9,https://www.hindustantimes.com/cities/chandigarh-news/zero-tolerance-for-adulterated-food-says-health-minister-101664121637394.html,heavy fine is imposed by the court of Additional Deputy Commissioner cum Adjudicating Officer
News,Oil,Food Safety on Wheels,targets,food items,1,1,0.85,https://www.hindustantimes.com/cities/chandigarh-news/zero-tolerance-for-adulterated-food-says-health-minister-101664121637394.html,Food Safety on Wheels program launched by the FSSAI to check the quality of food items
News,Oil,Eat Right,targets,junk food,1,1,0.85,https://www.hindustantimes.com/cities/chandigarh-news/zero-tolerance-for-adulterated-food-says-health-minister-101664121637394.html,schools are being checked to stop junk food
News,Oil,Safe Food Safe Drug Safe Maharashtra,targets,gutkha,1,1,0.9,https://www.freepressjournal.in/mumbai/maharashtra-fda-cracks-down-on-banned-gutkha-and-adulterated-food-arrests-102-persons-and-seizes-goods-worth-158-crore-in-one-week,curbing the sale of prohibited products
News,Oil,FIRs registered under Bharatiya Nyaya Sanhita and FSS Act,issuedby,Maharashtra FDA,1,1,0.85,https://www.freepressjournal.in/mumbai/maharashtra-fda-cracks-down-on-banned-gutkha-and-adulterated-food-arrests-102-persons-and-seizes-goods-worth-158-crore-in-one-week,"FIRs were registered under Sections 123, 223, 274 and 275 of the Bharatiya Nyaya Sanhita along with relevant provisions of the Food Safety and Standards Act."
News,Oil,Appeal to citizens to report adulteration,issuedby,FDA,1,1,0.9,https://www.freepressjournal.in/mumbai/maharashtra-fda-cracks-down-on-banned-gutkha-and-adulterated-food-arrests-102-persons-and-seizes-goods-worth-158-crore-in-one-week,The FDA has appealed to citizens to report suspected food adulteration
News,Oil,destruction of suspected adulterated paneer,targets,paneer,1,1,0.9,https://www.hindustantimes.com/cities/noida-news/noida-expands-food-safety-inspection-ahead-of-holi-101772047234259.html,destroyed over 200 kg of suspected adulterated paneer
News,Oil,show cause notice,targets,manufacturer,1,1,0.8,https://timesofindia.indiatimes.com/city/chennai/head-11_che_pn_rabbit-blood-oil/articleshow/118155776.cms,"show cause notice will be issued asking the vendor, and if required, the manufacturer"
News,Oil,case filing,targets,vendor,1,1,0.7,https://timesofindia.indiatimes.com/city/chennai/head-11_che_pn_rabbit-blood-oil/articleshow/118155776.cms,a case will be filed against them
News,Oil,simultaneous raids,issuedby,State CT and GST enforcement wing,1,1,0.9,https://www.newindianexpress.com/states/odisha/2022/may/19/gst-wing-raids-edible-oil-producing-units-in-odisha-2455369.html,State CT and GST enforcement wing conducted simultaneous raids
News,Oil,RegulatoryAction,targets,rice bran oil,1,1,0.85,https://www.newindianexpress.com/states/odisha/2022/may/19/gst-wing-raids-edible-oil-producing-units-in-odisha-2455369.html,raids on seven rice bran oil producing
News,Oil,pushed for blending mustard oil,targets,mustard oil,1,1,0.85,https://indianexpress.com/article/cities/chandigarh/ban-on-blending-of-mustard-oil-will-benefit-farmers-lead-to-more-production-of-healthier-alternative-7378786/,pushed for blending mustard oil with other edible oils
News,Oil,Court fine for Ansar Mallick and Meena,targets,mustard oil,1,1,0.9,https://timesofindia.indiatimes.com/city/noida/court-fines-2-for-selling-adulterated-mustard-oil-in-ghaziabad/articleshow/122912688.cms,"imposed a Rs 25,000 fine each for storing and selling substandard mustard oil"
News,Oil,storing and selling substandard mustard oil,triggeredaction,"fine of Rs 20,000 each under Section 51 of the FSSA",1,1,0.85,https://timesofindia.indiatimes.com/city/noida/court-fines-2-for-selling-adulterated-mustard-oil-in-ghaziabad/articleshow/122912688.cms,"The court imposed a fine of Rs 20,000 each under Section 51 of the FSSA for storing and selling substandard mustard oil"
News,Oil,court fine for substandard mustard oil,targets,mustard oil,1,1,0.9,https://timesofindia.indiatimes.com/city/noida/court-fines-2-for-selling-adulterated-mustard-oil-in-ghaziabad/articleshow/122912688.cms,"fine of Rs 20,000 each under Section 51 of the FSSA for storing and selling substandard mustard oil"
News,Oil,court fine for endangering public health,targets,mustard oil,1,1,0.9,https://timesofindia.indiatimes.com/city/noida/court-fines-2-for-selling-adulterated-mustard-oil-in-ghaziabad/articleshow/122912688.cms,"fine of Rs 5,000 each under Section 59 (i) of the Act for endangering public health"
News,Oil,Drive Against Adulteration,issuedby,Indore food and drug administration,1,1,0.9,https://timesofindia.indiatimes.com/city/indore/drive-against-adulteration-starts-ahead-of-diwali/articleshow/94929785.cms,Indore food and drug administration has launched a drive against adulterated food items
News,Oil,Food Safety Warning to McDonald's Jaipur,issuedby,Indian food safety authorities,1,1,0.9,https://www.newsx.com/regionals/reused-oil-spoilt-tomatoes-mcdonalds-jaipur-outlet-faces-regulatory-warning-comes-under-fresh-government-scrutiny-166093/,A McDonalds outlet in Jaipur received a warning by Indian food safety authorities
News,Oil,seizure of dates,issuedby,Food Safety and Drug Administration,1,1,0.95,https://timesofindia.indiatimes.com/city/kanpur/substandard-dates-seized-mawa-destroyed/articleshow/128825001.cms,"The Food Safety and Drug Administration (FSDA) seized 9,794 kg of dates"
News,Oil,Warning issued to McDonald's Jaipur,issuedby,Food Safety and Standards Authority of India,1,1,0.95,https://www.deccanherald.com/india/fssai-pulls-up-mcdonalds-over-use-of-rotten-tomatoes-and-reused-oil-3896279,Food Safety and Standards Authority of India (FSSA) officials have warned a McDonald's outlet
News,Oil,IncidentFinding_Mahika_Nandurbar,triggeredaction,RegulatoryAction_Closure_Company,1,1,0.8,https://www.freepressjournal.in/mumbai/maharashtra-news-rural-development-minister-jaikumar-gore-announces-suspension-of-2-engineers-over-irregular-payments,department will initiate action for the closure of the concerned company
News,Oil,RegulatoryAction_Closure_Company,targets,concerned company,1,1,0.85,https://www.freepressjournal.in/mumbai/maharashtra-news-rural-development-minister-jaikumar-gore-announces-suspension-of-2-engineers-over-irregular-payments,"closure of the concerned company, which has produced and distributed substandard edible oil"
News,Oil,FSDA crackdown operation,targets,refined oil,1,1,0.9,https://www.hindustantimes.com/cities/lucknow-news/fsda-cracks-down-on-food-adulteration-seizes-goods-worth-over-1-cr-101760295421119.html,"including refined oil, palm oil, flour"
News,Oil,FSDA crackdown operation,targets,palm oil,1,1,0.9,https://www.hindustantimes.com/cities/lucknow-news/fsda-cracks-down-on-food-adulteration-seizes-goods-worth-over-1-cr-101760295421119.html,"including refined oil, palm oil, flour"
News,Oil,FSDA crackdown operation,targets,flour,1,1,0.9,https://www.hindustantimes.com/cities/lucknow-news/fsda-cracks-down-on-food-adulteration-seizes-goods-worth-over-1-cr-101760295421119.html,"including refined oil, palm oil, flour (atta), paneer, and khoya"
News,Oil,FSDA crackdown operation,targets,paneer,1,1,0.9,https://www.hindustantimes.com/cities/lucknow-news/fsda-cracks-down-on-food-adulteration-seizes-goods-worth-over-1-cr-101760295421119.html,"including refined oil, palm oil, flour (atta), paneer, and khoya"
News,Oil,FSDA crackdown operation,targets,khoya,1,1,0.85,https://www.hindustantimes.com/cities/lucknow-news/fsda-cracks-down-on-food-adulteration-seizes-goods-worth-over-1-cr-101760295421119.html,"including refined oil, palm oil, flour (atta), paneer, and khoya"
News,Oil,Export ban on crude palm oil,issuedby,Indonesia,1,1,0.95,https://www.thehindubusinessline.com/economy/agri-business/indonesia-ban-on-crude-rbd-palm-oil-temporary/article65363550.ece,Indonesia has imposed a temporary export ban on crude palm oil
News,Oil,Indonesia export ban,targets,crude palm oil,1,1,0.95,https://www.thehindubusinessline.com/economy/agri-business/indonesia-ban-on-crude-rbd-palm-oil-temporary/article65363550.ece,imposed a temporary export ban on crude palm oil
News,Oil,Export ban on crude palm oil,targets,refined bleached deodorized palm oil,1,1,0.95,https://www.thehindubusinessline.com/economy/agri-business/indonesia-ban-on-crude-rbd-palm-oil-temporary/article65363550.ece,"export ban on crude palm oil (CPO), red palm oil (CPO), palm oil mill effluent (POME), refined bleached deodorized (RBD) palm oil"
News,Oil,Export ban on crude palm oil,issuedby,Cabinet Secretariat,1,1,0.95,https://www.thehindubusinessline.com/economy/agri-business/indonesia-ban-on-crude-rbd-palm-oil-temporary/article65363550.ece,order issued by the Cabinet Secretariat in Jakarta
News,Oil,Export ban on crude palm oil,targets,crude palm oil,1,1,0.9,https://www.thehindubusinessline.com/economy/agri-business/indonesia-ban-on-crude-rbd-palm-oil-temporary/article65363550.ece,Indonesia has imposed a temporary export ban on crude palm oil
News,Oil,seizure of cooking oils,targets,cooking oil,1,1,0.9,https://timesofindia.indiatimes.com/city/indore/40-quintal-cooking-oil-seized-for-violation-of-rules/articleshow/91716408.cms,seized a stock of cooking oils
News,Oil,Seizure of 40 quintal oils,targets,cooking oils,1,1,0.9,https://timesofindia.indiatimes.com/city/indore/40-quintal-cooking-oil-seized-for-violation-of-rules/articleshow/91716408.cms,around 40 quintal oils worth around Rs 6.5 lakh has been seized
News,Oil,Violations found at Prakash Traders,triggeredaction,Notice to trader,1,1,0.85,https://timesofindia.indiatimes.com/city/indore/40-quintal-cooking-oil-seized-for-violation-of-rules/articleshow/91716408.cms,a notice will be served to the trader
News,Oil,seizure of adulterated oils in Kanpur,issuedby,UP Food Safety and Drug Administration,1,1,0.95,https://www.healthandme.com/nutrition/kanpur-food-adulteration-fssai-seizes-14000l-of-oil-1320kg-rotten-dates-and-more-ahead-of-festive-season-article-153707864,"UP Food Safety and Drug Administration or the UPFSDA with Food Safety and Standards Authority of India or FSSAI seized nearly 14,000 litres of adulterated oils"
News,Oil,seizure of adulterated oils in Kanpur,issuedby,Food Safety and Standards Authority of India,1,1,0.9,https://www.healthandme.com/nutrition/kanpur-food-adulteration-fssai-seizes-14000l-of-oil-1320kg-rotten-dates-and-more-ahead-of-festive-season-article-153707864,"UP Food Safety and Drug Administration or the UPFSDA with Food Safety and Standards Authority of India or FSSAI seized nearly 14,000 litres of adulterated oils"
News,Oil,Strict actions against violators,issuedby,UPFSDA,1,1,0.85,https://www.healthandme.com/nutrition/kanpur-food-adulteration-fssai-seizes-14000l-of-oil-1320kg-rotten-dates-and-more-ahead-of-festive-season-article-153707864,Officials confirmed that strict actions will be taken against them
News,Oil,Lucknow raids,issuedby,UPFSDA,1,1,0.9,https://www.healthandme.com/nutrition/kanpur-food-adulteration-fssai-seizes-14000l-of-oil-1320kg-rotten-dates-and-more-ahead-of-festive-season-article-153707864,FSDA intensified raids and checks in Lucknow too
News,Oil,Hapur raids,issuedby,UPFSDA,1,1,0.85,https://www.healthandme.com/nutrition/kanpur-food-adulteration-fssai-seizes-14000l-of-oil-1320kg-rotten-dates-and-more-ahead-of-festive-season-article-153707864,Raids from Hapur too have led to confiscation
News,Oil,"Seizure of 25,000 kg of Suji",issuedby,UPFSDA,1,1,0.9,https://www.healthandme.com/nutrition/kanpur-food-adulteration-fssai-seizes-14000l-of-oil-1320kg-rotten-dates-and-more-ahead-of-festive-season-article-153707864,"UPFSDA posted that it has seized 25,000 kg of Suji"
News,Oil,seizure of untested soyabean oil,targets,soyabean oil,1,1,0.9,https://timesofindia.indiatimes.com/city/nagpur/fda-seizes-untested-soyabean-oil/articleshow/124398090.cms,seizing massive stocks of untested oil
News,Oil,confiscation of 104 kg paneer,issuedby,Food and Drug Administration,1,1,0.95,https://www.hindustantimes.com/cities/pune-news/fda-crackdown-on-adulteration-continues-104-kg-of-paneer-confiscated-101664543098496.html,"The Food and Drug Administration (FDA), Pune, has confiscated"
News,Oil,UPFSDA raid,targets,rasogolla,1,1,0.9,https://thelogicalindian.com/up-food-safety-over-225-kg-of-suspected-chemical-rasogolla-destroyed-in-sambhal-ahead-of-festive-season/,destroyed about 225 kg of suspected adulterated rasogolla
News,Oil,UPFSDA raid,issuedby,Uttar Pradesh Food Safety and Drug Administration,1,1,0.95,https://thelogicalindian.com/up-food-safety-over-225-kg-of-suspected-chemical-rasogolla-destroyed-in-sambhal-ahead-of-festive-season/,officials from the Uttar Pradesh Food Safety and Drug Administration (UPFSDA) conducted a raid
News,Oil,Closure notices to 110 food joints,issuedby,Food Safety wing,1,1,0.95,https://www.thehindu.com/news/national/kerala/closure-notices-issued-to-110-food-joints-in-kerala/article65389326.ece,Food Safety wing issued closure notices to 110 food joints
News,Oil,Notices for immediate correction,issuedby,Food Safety wing,1,1,0.95,https://www.thehindu.com/news/national/kerala/closure-notices-issued-to-110-food-joints-in-kerala/article65389326.ece,notices were issued to 347 outlets for immediate correction
News,Oil,Ban on new derivative contracts of crude palm oil,issuedby,Sebi,1,1,0.95,https://www.theweek.in/news/biz-tech/2021/12/20/sebi-bans-launch-of-new-derivative-contracts-of-crude-palm-oil.html,Sebi has banned the launch of new derivative contracts of crude palm oil
News,Oil,Ban on new derivative contracts of crude palm oil,targets,crude palm oil,1,1,0.95,https://www.theweek.in/news/biz-tech/2021/12/20/sebi-bans-launch-of-new-derivative-contracts-of-crude-palm-oil.html,banned the launch of new derivative contracts of crude palm oil
News,Oil,Ban on new derivative contracts of crude palm oil,targets,mustard seeds,1,1,0.95,https://www.theweek.in/news/biz-tech/2021/12/20/sebi-bans-launch-of-new-derivative-contracts-of-crude-palm-oil.html,"The list includes chana, and mustard seeds and its derivatives"
News,Oil,Ban on new derivative contracts of crude palm oil,targets,paddy,1,1,0.95,https://www.theweek.in/news/biz-tech/2021/12/20/sebi-bans-launch-of-new-derivative-contracts-of-crude-palm-oil.html,"Launch of new contracts of paddy (non-basmati), wheat, soybean and its derivatives, crude palm oil and moong have been barred"
News,Oil,Sebi ban on new derivative contracts,targets,crude palm oil,1,1,0.95,https://www.theweek.in/news/biz-tech/2021/12/20/sebi-bans-launch-of-new-derivative-contracts-of-crude-palm-oil.html,Sebi has banned the launch of new derivative contracts of crude palm oil
News,Oil,ban on mixing mustard oil,issuedby,government,1,1,0.9,https://www.freepressjournal.in/india/stopped-adulteration-so-mustard-oil-is-expensive-agriculture-minister-narendra-singh-tomar,An order regarding this was issued by the government
News,Oil,Warning on misleading organic claims,issuedby,FSSAI,1,1,0.85,https://www.en.etemaaddaily.com/health/nhrc-issues-notice-to-fssai-over-rampant-reuse-of-cooking-oil-by-eateries:183618,FSSAI flags misleading organic and zero maida claims
News,Oil,Domestic Market Obligation,targets,palm oil,1,1,0.9,https://www.businesstoday.in/latest/policy/story/indonesia-to-reimpose-local-palm-oil-sales-rule-as-it-ends-export-ban-334387-2022-05-20?utm_source=rssfeed,impose a Domestic Market Obligation on palm oil
News,Oil,Domestic Market Obligation,issuedby,Indonesia government,1,1,0.9,https://www.businesstoday.in/latest/policy/story/indonesia-to-reimpose-local-palm-oil-sales-rule-as-it-ends-export-ban-334387-2022-05-20?utm_source=rssfeed,government will impose a Domestic Market Obligation
News,Oil,RegulatoryAction: Offence Registration,issuedby,FDA,1,1,0.9,https://timesofindia.indiatimes.com/city/nagpur/fda-busts-fake-edible-oil-racket-1925-litres-seized/articleshow/93957827.cms,An offence has been registered against Shankar Duragkar and two others by the FDA team
News,Oil,palm oil export ban,issuedby,Indonesia,1,1,0.95,http://www.theweek.in/news/biz-tech/2022/04/28/as-indonesia-enforces-palm-oil-export-ban-should-india-worry0.html,Indonesia on Thursday began enforcing a complete ban on exports of palm oil.
News,Oil,palm oil export ban,targets,crude palm oil,1,1,0.95,http://www.theweek.in/news/biz-tech/2022/04/28/as-indonesia-enforces-palm-oil-export-ban-should-india-worry0.html,ban applies to supply of crude palm oil
News,Oil,palm oil export ban,targets,RBD palm oil,1,1,0.95,http://www.theweek.in/news/biz-tech/2022/04/28/as-indonesia-enforces-palm-oil-export-ban-should-india-worry0.html,"The ban applies to supply of crude palm oil, RBD palm oil and used cooking oil."
News,Oil,palm oil export ban,targets,used cooking oil,1,1,0.95,http://www.theweek.in/news/biz-tech/2022/04/28/as-indonesia-enforces-palm-oil-export-ban-should-india-worry0.html,"The ban applies to supply of crude palm oil, RBD palm oil and used cooking oil."
News,Oil,show-cause notice,targets,blended cooking oil,1,1,0.9,https://timesofindia.indiatimes.com/city/chennai/chennai-shop-sells-blended-oil-illegally-sealed/articleshow/93735430.cms,given a show-cause notice to explain why he sold blended oil
News,Oil,charges under Food Safety Act,targets,blended oil,1,1,0.85,https://timesofindia.indiatimes.com/city/chennai/chennai-shop-sells-blended-oil-illegally-sealed/articleshow/93735430.cms,Charges would be framed against the trader under the Food Safety Act if food labs declared the oil as unfit for human consumption
News,Oil,TPC value beyond permissible limit in cooking oil,triggeredaction,Seizure of 15 litres of cooking oil,1,1,0.9,https://www.deccanchronicle.com/southern-states/telangana/hyderabad-food-safety-dept-seizes-unsafe-cooking-oil-from-burger-king-outlet-1827348,"The palm oil used for frying non-vegetarian items were found with Total Polar Compound (TPC) value beyond the permissible limit. The TPC value found in the cooking oil was 27.0 which is beyond the permissible limit of 25.0. According to the Food Safety and Standards Authority of India (FSSAI), oil should not have more than 25% TPC and having more than 25% of TPC is not safe for human consumption. For this reason, 15 litres of cooking oil was seized by the Commissioner of Food Safety."
News,Oil,Seizure of 15 litres of cooking oil,targets,palm oil,1,1,0.85,https://www.deccanchronicle.com/southern-states/telangana/hyderabad-food-safety-dept-seizes-unsafe-cooking-oil-from-burger-king-outlet-1827348,"The palm oil used for frying non-vegetarian items were found with Total Polar Compound (TPC) value beyond the permissible limit. The TPC value found in the cooking oil was 27.0 which is beyond the permissible limit of 25.0. According to the Food Safety and Standards Authority of India (FSSAI), oil should not have more than 25% TPC and having more than 25% of TPC is not safe for human consumption. For this reason, 15 litres of cooking oil was seized by the Commissioner of Food Safety."
News,Oil,Fine on 55 shops,targets,multi grain bread,1,1,0.9,https://timesofindia.indiatimes.com/city/ghaziabad/adulterated-food-items-with-false-labels-55-shops-fined-46l/articleshow/93445659.cms,selling poor quality multi grain bread
News,Oil,fine of Rs 4.6 lakh,targets,ice-cream,1,1,0.9,https://timesofindia.indiatimes.com/city/ghaziabad/adulterated-food-items-with-false-labels-55-shops-fined-46l/articleshow/93445659.cms,maximum fine of Rs 4.6 lakh has been imposed on two shops selling substandard ice-cream
News,Oil,fine of Rs 4.6 lakh,targets,noodles,1,1,0.85,https://timesofindia.indiatimes.com/city/ghaziabad/adulterated-food-items-with-false-labels-55-shops-fined-46l/articleshow/93445659.cms,maximum fine of Rs 4.6 lakh has been imposed on two shops selling substandard ice-cream and noodles
News,Oil,paneer adulteration finding,triggeredaction,case presented before the court,1,1,0.9,https://timesofindia.indiatimes.com/city/noida/paneer-seized-in-noida-from-aligarh-found-unsafe-case-filed-in-court/articleshow/122212904.cms,the case was presented before the court of the chief judicial magistrate
News,Oil,license amendment directive,issuedby,FSSAI,1,1,0.9,https://www.thehindubusinessline.com/economy/agri-business/fssai-asks-states-to-conduct-inspections-for-enforcement-of-ban-on-blending-of-mustard-oil/article34769123.ece,asked state food safety commissioners to approach players that had been issued licenses for mustard blending edible vegetable oil in the past and have old licenses to get their licenses suitably amended
News,Oil,ban on blending of mustard oil,issuedby,FSSAI,1,1,0.95,https://www.thehindubusinessline.com/economy/agri-business/fssai-asks-states-to-conduct-inspections-for-enforcement-of-ban-on-blending-of-mustard-oil/article34769123.ece,FSSAI has banned blending of mustard oil with other edible oils
News,Oil,raids on godowns,targets,edible oils,1,1,0.85,https://www.thehansindia.com/news/cities/visakhapatnam/visakhapatnam-traders-find-new-ways-to-strike-a-deal-733011,A large quantity of oils was seized
News,Oil,"seizure of 18,000 litres of fake edible oil",issuedby,Food Safety and Standards Association of India,1,1,0.95,https://timesofindia.indiatimes.com/life-style/food-news/harmful-ingredients-in-fake-edible-oil/articleshow/110737364.cms,"18,000 litres of fake edible oil were seized in Ajmer, Rajasthan by the Food Safety and Standards Association of India"
News,Oil,Operation Oil,issuedby,Food Safety department,1,1,0.95,https://www.thehindu.com/news/national/kerala/operation-oil-manufacturer-to-be-allowed-to-launch-only-one-brand-of-oil/article66144992.ece,Food Safety department launched a special drive called 'Operation Oil'
News,Oil,fines,issuedby,Food Safety department,1,1,0.85,https://www.thehindu.com/news/national/kerala/operation-oil-manufacturer-to-be-allowed-to-launch-only-one-brand-of-oil/article66144992.ece,notices were issued against the violators of safety norms who were also slapped with fines
News,Oil,Operation Shawarma,targets,shawarma,1,1,0.9,https://www.thehindu.com/news/national/kerala/operation-oil-manufacturer-to-be-allowed-to-launch-only-one-brand-of-oil/article66144992.ece,legal action was taken against 177 shops that did not comply with the norms under Operation Shawarma
News,Oil,Operation Matsya,targets,fish,1,1,0.9,https://www.thehindu.com/news/national/kerala/operation-oil-manufacturer-to-be-allowed-to-launch-only-one-brand-of-oil/article66144992.ece,"6,959 kg of stale fish was seized and destroyed by the officials as part of 446 inspections conducted under Operation Matsya"
News,Oil,Operation Jaggery,targets,jaggery,1,1,0.85,https://www.thehindu.com/news/national/kerala/operation-oil-manufacturer-to-be-allowed-to-launch-only-one-brand-of-oil/article66144992.ece,"inspections were carried out under various names—Operation Shawarma, Operation Matsya, and Operation Jaggery"
News,Oil,FSDA Crackdown,issuedby,Food Safety and Drug Administration,1,1,0.95,https://timesofindia.indiatimes.com/city/agra/adulterated-dairy-products-seized-in-mathura-aligarh/articleshow/124639650.cms,Food Safety and Drug Administration (FSDA) launched a sweeping crackdown
News,Oil,Notice to FSSAI on reuse of cooking oil,issuedby,NHRC,1,1,0.95,https://swarajyamag.com/news-brief/nhrc-acts-on-complaint-seeks-report-from-fssai-on-rampant-reuse-of-cooking-oil,NHRC has sent a notice to the Food Safety and Standards Authority of India
News,Oil,Notice to FSSAI on reuse of cooking oil,issuedby,National Human Rights Commission,1,1,0.95,https://swarajyamag.com/news-brief/nhrc-acts-on-complaint-seeks-report-from-fssai-on-rampant-reuse-of-cooking-oil,NHRC has sent a notice to the Food Safety and Standards Authority of India
News,Oil,Seizure of substandard food products in Nashik,targets,Food products,1,1,0.9,https://www.freepressjournal.in/pune/nashik-fda-launches-massive-crackdown-food-products-worth-rs-99192-seized-across-district,seized a stock of suspicious and substandard food products
News,Oil,Diwali Special Campaign,issuedby,Uttar Pradesh Food Safety and Drug Administration,1,1,0.9,https://www.hindustantimes.com/india-news/up-carries-out-intensive-campaign-against-food-adulteration-ahead-of-diwali-101760866486262.html,enforcement teams of the Food Safety and Drug Administration department carried out inspections
News,Oil,Diwali Special Campaign,issuedby,Yogi Adityanath government,1,1,0.9,https://www.hindustantimes.com/india-news/up-carries-out-intensive-campaign-against-food-adulteration-ahead-of-diwali-101760866486262.html,Yogi Adityanath government has resolved to extend this drive
News,Oil,Onam food inspection drive,issuedby,district food safety department,1,1,0.9,https://timesofindia.indiatimes.com/city/thiruvananthapuram/special-squads-to-conduct-inspections-at-food-outlets/articleshow/93977742.cms,district food safety department has formed four squads to conduct inspections
News,Oil,export ban on palm oil,issuedby,Indonesia,1,1,0.9,https://economictimes.indiatimes.com/small-biz/trade/exports/insights/food-protectionism-ramps-up-as-indonesia-bans-palm-oil-exports/articleshow/91167554.cms,Indonesia bans palm oil exports
News,Oil,export ban on palm oil,targets,palm oil,1,1,0.95,https://economictimes.indiatimes.com/small-biz/trade/exports/insights/food-protectionism-ramps-up-as-indonesia-bans-palm-oil-exports/articleshow/91167554.cms,"ban on cooking oil exports, covering palm oil products"
News,Oil,detention of two tankers,issuedby,Indonesia Navy,1,1,0.85,https://economictimes.indiatimes.com/small-biz/trade/exports/insights/food-protectionism-ramps-up-as-indonesia-bans-palm-oil-exports/articleshow/91167554.cms,Navy said it detained two tankers
News,Oil,detention of tankers,targets,palm oil,1,1,0.9,https://economictimes.indiatimes.com/small-biz/trade/exports/insights/food-protectionism-ramps-up-as-indonesia-bans-palm-oil-exports/articleshow/91167554.cms,detained two tankers carrying palm oil
News,Oil,Inspection drive on oil blending,issuedby,FSSAI,1,1,0.95,https://www.businesstoday.in/current/economy-politics/fssai-urges-states-to-enforce-ban-on-blending-of-mustard-oil-with-other-cooking-oils/story/441253.html,food regulator has issued an order on June 8 asking all the Commissioners of Food Safety of States/UTs and Central Licensing Authority to carry out an inspection drive
News,Oil,public notice identifying several food products as substandard,issuedby,"Food Safety Administration, Dimapur Zone",1,1,0.95,https://nagalandpost.com/food-safety-administration-flags-substandard-food-products/,issued a public notice identifying several food products as substandard
News,Oil,legal proceedings against sellers,issuedby,Food Safety Administration,1,1,0.95,https://nagalandpost.com/food-safety-administration-flags-substandard-food-products/,legal proceedings have been initiated against the sellers involved
News,Oil,RegulatoryAction_LicenseCancellation,targets,Iwins Restaurant,1,1,0.95,https://timesofindia.indiatimes.com/city/salem/namakkal-bans-shawarma-grilled-chicken/articleshow/103797498.cms,cancelled its licence permanently
News,Oil,RegulatoryAction_LicenseCancellation,issuedby,S Uma,1,1,0.9,https://timesofindia.indiatimes.com/city/salem/namakkal-bans-shawarma-grilled-chicken/articleshow/103797498.cms,"Namakkal collector S Uma sealed the hotel, named Iwins Restaurant, and cancelled its licence permanently"
News,Oil,departmental inquiry,issuedby,Ma Subramaniam,1,1,0.95,https://timesofindia.indiatimes.com/city/salem/namakkal-bans-shawarma-grilled-chicken/articleshow/103797498.cms,health and family welfare minister Ma Subramaniam on Tuesday ordered a departmental inquiry
News,Oil,Adulterated milk products found at Shree Satya Dairy,triggeredaction,Case registration at Prantij police station,1,1,0.85,https://thelogicalindian.com/gujarat-factory-used-300-litres-real-milk-to-produce-1800-litres-fake-milk-daily-for-5-years/,A case has been registered at Prantij police station
News,Oil,Substandard edible oil finding in Nandurbar,triggeredaction,Legal action under Food Safety and Standards Act,1,1,0.95,https://indianexpress.com/article/cities/mumbai/substandard-edible-oil-found-in-nandurbar-minister-warns-of-action-10112216/,legal action has been initiated in two cases under the Food Safety and Standards Act
News,Oil,Seizure of 105 tins,targets,refined soybean oil,1,1,0.9,https://timesofindia.indiatimes.com/city/ahmedabad/amc-seizes-105-tins-of-suspicious-cooking-oil-from-behrampura/articleshow/120648762.cms,"15 tins of refined soybean oil (Ananta brand), were seized"
News,Oil,Sealing of vegetable chutney unit,issuedby,Ahmedabad Municipal Corporation,1,1,0.95,https://timesofindia.indiatimes.com/city/ahmedabad/amc-seizes-105-tins-of-suspicious-cooking-oil-from-behrampura/articleshow/120648762.cms,leading to the sealing of the facility
News,Oil,Sealing of vegetable chutney unit,targets,vegetable chutney,1,1,0.9,https://timesofindia.indiatimes.com/city/ahmedabad/amc-seizes-105-tins-of-suspicious-cooking-oil-from-behrampura/articleshow/120648762.cms,inspection at a vegetable chutney manufacturing unit
News,Oil,seizure of 306kg of adulterated sweets and savouries,issuedby,food safety department,1,1,0.95,https://timesofindia.indiatimes.com/city/coimbatore/massive-seizure-of-306kg-of-adulterated-sweets-and-snacks-in-coimbatore/articleshow/114745386.cms,The food safety department has seized about 306kg of adulterated
News,Oil,notices to 32 shops,issuedby,food safety department,1,1,0.95,https://timesofindia.indiatimes.com/city/coimbatore/massive-seizure-of-306kg-of-adulterated-sweets-and-snacks-in-coimbatore/articleshow/114745386.cms,"32 shops, including bakeries and hotels, were issued notices"
News,Oil,"fine of 2,000 each on five shops",issuedby,food safety department,1,1,0.95,https://timesofindia.indiatimes.com/city/coimbatore/massive-seizure-of-306kg-of-adulterated-sweets-and-snacks-in-coimbatore/articleshow/114745386.cms,"officials have imposed a fine of 2,000 each on five shops"
News,Oil,surprise checks on edible oil traders,targets,edible oil,1,1,0.9,https://www.newindianexpress.com/states/andhra-pradesh/2022/apr/27/hold-surprise-raids-on-edible-oil-traders-karumuri-venkata-nageswara-rao-2447010.html,to conduct surprise checks and register bind over cases if traders are found guilty of unauthorised stockpiling or creating artificial shortage of edible oil
News,Oil,McDonald's license suspension,issuedby,Maharashtra FDA,1,1,0.95,https://economictimes.indiatimes.com/industry/cons-products/food/maha-fda-cracks-down-on-mcdonalds-catches-fast-food-major-using-cheap-vegetable-oil-in-place-of-cheese/articleshow/107934081.cms,the outlet's licence was suspended
News,Oil,McDonald's license suspension,targets,cheese analogues,1,1,0.85,https://economictimes.indiatimes.com/industry/cons-products/food/maha-fda-cracks-down-on-mcdonalds-catches-fast-food-major-using-cheap-vegetable-oil-in-place-of-cheese/articleshow/107934081.cms,the outlet's licence was suspended
News,Oil,legal action,targets,expired mustard oil,1,1,0.85,https://timesofindia.indiatimes.com/city/ranchi/expired-mustard-oil-seized-in-hazaribag-food-safety-raid/articleshow/130094279.cms,legal action would be initiated under provisions of the Food Safety and Standards Act
News,Oil,ban on new derivative contracts,issuedby,Sebi,1,1,0.95,https://www.financialexpress.com/market/commodities/sebi-bans-launch-of-new-derivative-contracts-of-crude-palm-oil-few-other-agri-commodities/2384767/,Sebi has banned the launch of new derivative contracts
News,Oil,ban on new derivative contracts,targets,crude palm oil,1,1,0.95,https://www.financialexpress.com/market/commodities/sebi-bans-launch-of-new-derivative-contracts-of-crude-palm-oil-few-other-agri-commodities/2384767/,banned the launch of new derivative contracts of crude palm oil
News,Oil,Sebi ban on new derivative contracts,targets,mustard seeds,1,1,0.95,https://www.financialexpress.com/market/commodities/sebi-bans-launch-of-new-derivative-contracts-of-crude-palm-oil-few-other-agri-commodities/2384767/,"The list includes chana, and mustard seeds and its derivatives"
News,Oil,ban on new derivative contracts,targets,chana,1,1,0.95,https://www.financialexpress.com/market/commodities/sebi-bans-launch-of-new-derivative-contracts-of-crude-palm-oil-few-other-agri-commodities/2384767/,The list includes chana
News,Oil,strict action against malpractices,issuedby,Health and Food Safety departments,1,1,0.9,https://www.thehindu.com/news/national/kerala/keralas-food-minister-hints-at-further-coconut-oil-price-cuts-ahead-of-onam/article69946971.ece,Health and Food Safety departments have already launched strict action
News,Oil,suspension of licence,issuedby,Sanjay Shrivastava,1,1,0.95,https://www.freepressjournal.in/bhopal/bhopal-lose-oil-sale-fda-suspends-mills-licence,Joint Collector and FDA officer Sanjay Shrivastava passed the order
News,Oil,seizure of goods,targets,adulterated or contaminated products,1,1,0.85,https://timesofindia.indiatimes.com/city/ranchi/ranchi-intensifies-food-safety-inspections-amid-festival-season/articleshow/114707880.cms,"If bigger establishments are found selling adulterated or contaminated products, they will face immediate seizure of goods"
News,Oil,IncidentFinding: Mawa Seizure Jabalpur,triggeredaction,Warehouse Sealing Jabalpur,1,1,0.9,https://www.freepressjournal.in/bhopal/mp-300-kgs-of-adulterated-mawa-seized-in-ujjain-ahead-of-diwali-was-brought-from-gujarat,food safety officers sealed a huge warehouse
News,Oil,confiscation of 352 boxes and 13 bottles of refined oil,issuedby,Patiala health department,1,1,0.95,https://www.hindustantimes.com/cities/chandigarh-news/health-dept-seizes-352-boxes-of-refined-oil-after-6-hospitalised-101745259236048.html,We have already confiscated 352 boxes and 13 bottles of the refined oil.
News,Oil,confiscation of 352 boxes and 13 bottles of refined oil,targets,refined oil,1,1,0.95,https://www.hindustantimes.com/cities/chandigarh-news/health-dept-seizes-352-boxes-of-refined-oil-after-6-hospitalised-101745259236048.html,confiscated 352 boxes and 13 bottles of the refined oil
News,Oil,legal steps in accordance with food safety laws,issuedby,Patiala health department,1,1,0.85,https://www.hindustantimes.com/cities/chandigarh-news/health-dept-seizes-352-boxes-of-refined-oil-after-6-hospitalised-101745259236048.html,Legal steps will be taken in accordance with the food safety laws
News,Oil,raid on edible oil hoarding,targets,cooking oil,1,1,0.9,https://www.thehindu.com/news/cities/Visakhapatnam/vigilance-officials-conduct-raids-to-check-hoarding-of-edible-oil/article65202544.ece,raids on the hoarding of edible oil
News,Oil,raid on edible oil hoarding,issuedby,Food and Safety Department,1,1,0.85,https://www.thehindu.com/news/cities/Visakhapatnam/vigilance-officials-conduct-raids-to-check-hoarding-of-edible-oil/article65202544.ece,Food and Safety Department also participated in the raids
News,Oil,Sealing of oil shop in Pillayar Koil Street,issuedby,Chennai Food Safety Officials,1,1,0.95,https://timesofindia.indiatimes.com/city/chennai/chennai-shop-with-4-3-tonnes-of-blended-cooking-oil-in-sump-sealed/articleshow/93741067.cms,Food safety officials in Chennai on Tuesday sealed a small oil shop
News,Oil,"Seizure of 2,993 quintals of spurious food",issuedby,Uttar Pradesh Food Safety and Drug Administration,1,1,0.95,https://www.hindustantimes.com/india-news/almost-3-000-quintals-of-spurious-food-seized-1-155-quintals-destroyed-ahead-of-diwali-in-up-101760536940401.html,"Uttar Pradesh's Food Safety and Drug Administration has since October 8 seized 2,993 quintals"
News,Oil,"Seizure of 2,993 quintals of spurious food",targets,adulterated or unsafe food,1,1,0.9,https://www.hindustantimes.com/india-news/almost-3-000-quintals-of-spurious-food-seized-1-155-quintals-destroyed-ahead-of-diwali-in-up-101760536940401.html,"seized 2,993 quintals of adulterated or unsafe food"
News,Oil,"Destruction of 1,155 quintals of spurious food",targets,spurious material,1,1,0.9,https://www.hindustantimes.com/india-news/almost-3-000-quintals-of-spurious-food-seized-1-155-quintals-destroyed-ahead-of-diwali-in-up-101760536940401.html,"1,155 quintals, worth ₹1.75 crore, were deemed unfit and destroyed"
News,Oil,FIR registration in Unnao,issuedby,Uttar Pradesh Food Safety and Drug Administration,1,1,0.85,https://www.hindustantimes.com/india-news/almost-3-000-quintals-of-spurious-food-seized-1-155-quintals-destroyed-ahead-of-diwali-in-up-101760536940401.html,An FIR each has been registered under the Bharatiya Nyaya Sanhita in Unnao
News,Oil,FIR registration in Mathura,issuedby,Uttar Pradesh Food Safety and Drug Administration,1,1,0.85,https://www.hindustantimes.com/india-news/almost-3-000-quintals-of-spurious-food-seized-1-155-quintals-destroyed-ahead-of-diwali-in-up-101760536940401.html,"An FIR each has been registered under the Bharatiya Nyaya Sanhita in Unnao, Mathura, and Lucknow districts"
News,Oil,paneer adulteration findings,triggeredaction,court cases and fines,1,1,0.9,https://www.hindustantimes.com/cities/others/ahead-of-festive-season-adulterated-paneer-milk-and-oil-raise-alarms-for-food-safety-in-lucknow-101693406351671.html,"142 cases have been brought to court, resulting in fines"
News,Oil,Week-Long Crackdown,issuedby,Maharashtra Food and Drug Administration,1,1,0.95,https://www.freepressjournal.in/mumbai/maharashtra-fdas-week-long-crackdown-leads-to-seizure-of-gutkha-pan-masala-worth-158-crore-102-arrested-across-state,The Maharashtra Food and Drug Administration (FDA) has seized banned pan masala
News,Oil,Week-Long Crackdown,targets,pan masala,1,1,0.9,https://www.freepressjournal.in/mumbai/maharashtra-fdas-week-long-crackdown-leads-to-seizure-of-gutkha-pan-masala-worth-158-crore-102-arrested-across-state,"seized banned pan masala, gutkha and adulterated food products"
News,Oil,Week-Long Crackdown,targets,gutkha,1,1,0.9,https://www.freepressjournal.in/mumbai/maharashtra-fdas-week-long-crackdown-leads-to-seizure-of-gutkha-pan-masala-worth-158-crore-102-arrested-across-state,"seized banned pan masala, gutkha and adulterated food products"
News,Oil,Week-Long Crackdown,targets,adulterated food products,1,1,0.9,https://www.freepressjournal.in/mumbai/maharashtra-fdas-week-long-crackdown-leads-to-seizure-of-gutkha-pan-masala-worth-158-crore-102-arrested-across-state,"seized banned pan masala, gutkha and adulterated food products"
News,Oil,Legal proceedings against 102 individuals,issuedby,Maharashtra FDA,1,1,0.85,https://www.freepressjournal.in/mumbai/maharashtra-fdas-week-long-crackdown-leads-to-seizure-of-gutkha-pan-masala-worth-158-crore-102-arrested-across-state,Legal proceedings have been initiated against the accused under relevant provisions of the Food Safety and Standards Act
News,Oil,Stringent action against banned food products,targets,banned food products,1,1,0.85,https://www.freepressjournal.in/mumbai/maharashtra-fdas-week-long-crackdown-leads-to-seizure-of-gutkha-pan-masala-worth-158-crore-102-arrested-across-state,"action against those involved in the manufacture, storage, transportation and sale of banned food products"
News,Oil,Warning to food business operators,issuedby,Maharashtra FDA,1,1,0.9,https://www.freepressjournal.in/mumbai/maharashtra-fdas-week-long-crackdown-leads-to-seizure-of-gutkha-pan-masala-worth-158-crore-102-arrested-across-state,The FDA has also warned food business operators that strict action will be taken
News,Oil,suspension of outlet licence,issuedby,food safety department,1,1,0.85,https://timesofindia.indiatimes.com/city/madurai/386-packs-of-ice-cream-seized-for-missing-content-details/articleshow/110922934.cms,Officials of the food safety department seized... licence of outlet has been suspended
News,Oil,suspension of outlet licence,targets,ice cream,1,1,0.85,https://timesofindia.indiatimes.com/city/madurai/386-packs-of-ice-cream-seized-for-missing-content-details/articleshow/110922934.cms,licence of outlet has been suspended as well
News,Oil,seizure of sesame seeds in Virudhunagar,targets,sesame seeds,1,1,0.95,https://www.thehindu.com/news/cities/Madurai/55050-kg-of-sesame-seeds-seized-in-virudhunagar/article70104593.ece,"55,050 kg of sesame seeds seized"
News,Oil,suspension of one outlet's license,issuedby,Maharashtra FDA,1,1,0.95,https://www.indiatoday.in/business/story/mcdonalds-responds-to-fake-cheese-crackdown-maharashtra-fda-2506260-2024-02-23?utm_source=rss,leading to the suspension of one outlet's license
News,Oil,suspension of McDonald's outlet licence in Ahmednagar,issuedby,Maharashtra FDA,1,1,0.95,https://www.indiatoday.in/business/story/mcdonalds-responds-to-fake-cheese-crackdown-maharashtra-fda-2506260-2024-02-23?utm_source=rss,The FDA in Maharashtra suspended the licence of a McDonald's outlet in Ahmednagar
News,Oil,suspension of McDonald's outlet licence in Ahmednagar,citesfinding,use of cheese analogues instead of real cheese,1,1,0.9,https://www.indiatoday.in/business/story/mcdonalds-responds-to-fake-cheese-crackdown-maharashtra-fda-2506260-2024-02-23?utm_source=rss,The FDA in Maharashtra suspended the licence of a McDonald's outlet in Ahmednagar for using cheese analogues instead of real cheese.
News,Oil,Surveillance Campaign on Adulteration of Edible Oils,targets,edible oil,1,1,0.95,https://www.livemint.com/news/india/fssais-2-week-long-campaign-to-check-adulteration-to-last-till-14-august-11659500215404.html,campaign to check adulteration in edible oils
News,Oil,Surveillance Campaign on Adulteration of Edible Oils,targets,vanaspati,1,1,0.95,https://www.livemint.com/news/india/fssais-2-week-long-campaign-to-check-adulteration-to-last-till-14-august-11659500215404.html,"samples of edible oils, vanaspati and the sale of multi-source edible oils"
News,Oil,directive to commissioners of food safety,issuedby,FSSAI,1,1,0.9,https://www.livemint.com/news/india/fssais-2-week-long-campaign-to-check-adulteration-to-last-till-14-august-11659500215404.html,The statutory body had directed the commissioners of food safety
News,Oil,Surveillance Campaign on Adulteration of Edible Oils,triggeredaction,drawing of regulatory samples,1,1,0.9,https://www.livemint.com/news/india/fssais-2-week-long-campaign-to-check-adulteration-to-last-till-14-august-11659500215404.html,failure of any surveillance sample will be immediately followed by the drawing of regulatory samples
News,Oil,directive to pack without temperature,issuedby,FSSAI,1,1,0.9,https://www.livemint.com/news/india/fssais-2-week-long-campaign-to-check-adulteration-to-last-till-14-august-11659500215404.html,"FSSAI has directed all the edible oil manufacturers, packers, and importers to pack the commodity without mentioning the temperature at which it was packed."
News,Oil,advisory to correct labeling net quantity,issuedby,Legal Metrology,1,1,0.85,https://www.livemint.com/news/india/fssais-2-week-long-campaign-to-check-adulteration-to-last-till-14-august-11659500215404.html,Deputy Director (Legal Metrology) ... said that the edible oil manufacturers should be advised
News,Oil,prosecution,issuedby,district administration,1,1,0.9,https://www.thehindu.com/news/national/tamil-nadu/fssais-drive-to-convert-used-cooking-oil-as-biofuel-gets-good-response-in-several-districts-in-tn/article70152299.ece,those found to be operating without a certificate would be prosecuted
News,Oil,ban on exports of de-oiled rice bran,issuedby,central government,1,1,0.95,https://www.bombaynews.net/news/274385248/edible-oil-industry-urges-centre-not-to-extend-export-ban-on-de-oiled-rice-bran,The government initially banned the export of the commodity in July 2023
News,Oil,busted adulterated edible oil manufacturing unit,triggeredaction,booking of three persons,1,1,0.85,https://timesofindia.indiatimes.com/city/nagpur/adulterated-edible-oil-racket-busted-3-booked/articleshow/83588940.cms,busted an adulterated edible oil manufacturing unit and booked three persons
News,Oil,Destruction of 102 litres of lassi,targets,lassi,1,1,0.95,https://www.freepressjournal.in/pune/fda-destroys-102-litres-of-lassi-made-using-expired-ingredients-during-raids-in-beed,destroyed 102 litres of lassi
News,Oil,raids on cooking oil establishments,issuedby,district administration,1,1,0.85,https://www.newindianexpress.com/states/andhra-pradesh/2022/mar/15/crackdown-on-oil-vendors-flouting-government-regulations-2430162.html,district administration has been conducting raids on various cooking oil establishments
News,Oil,seizure of cooking oil,targets,cooking oil,1,1,0.85,https://www.newindianexpress.com/states/andhra-pradesh/2022/mar/15/crackdown-on-oil-vendors-flouting-government-regulations-2430162.html,cooking oil worth Rs 3.45 crore was seized
News,Oil,Statewide inspection drive targeting industrial chemical and solvent suppliers,issuedby,Maharashtra Food and Drug Administration,1,1,0.95,https://www.freepressjournal.in/mumbai/pune-hooch-tragedy-maharashtra-fda-launches-statewide-crackdown-on-970-chemical-suppliers-seizes-methanol-in-thane-raid,Maharashtra Food and Drug Administration (FDA) has launched a massive statewide inspection drive
News,Oil,Price Freeze Directive,issuedby,Central Government,1,1,0.95,https://www.newindianexpress.com/nation/2024/Sep/17/central-government-urges-edible-oil-traders-to-freeze-prices-until-cheaper-imports-arrive,central government has directed edible oil traders and associations not to raise prices
News,Oil,Price Freeze Directive,targets,edible oil,1,1,0.9,https://www.newindianexpress.com/nation/2024/Sep/17/central-government-urges-edible-oil-traders-to-freeze-prices-until-cheaper-imports-arrive,directed edible oil traders and associations not to raise prices
News,Oil,Price Freeze Directive,issuedby,Department of Food and Public Distribution,1,1,0.9,https://www.newindianexpress.com/nation/2024/Sep/17/central-government-urges-edible-oil-traders-to-freeze-prices-until-cheaper-imports-arrive,"Sanjeev Chopra, Secretary, Department of Food and Public Distribution"
News,Oil,Raid on KFC outlet,issuedby,Cuttack Municipal Corporation,1,1,0.95,https://www.newindianexpress.com/states/odisha/2021/nov/03/sub-standard-bread-stale-crispy-chicken-seized-from-kfc-outlet-in-cuttack-2379146.html,Health and Food Safety wing of Cuttack Municipal Corporation (CMC) on Tuesday raided
News,Oil,"fine of Rs 15,000",issuedby,Cuttack Municipal Corporation,1,1,0.95,https://www.newindianexpress.com/states/odisha/2021/nov/03/sub-standard-bread-stale-crispy-chicken-seized-from-kfc-outlet-in-cuttack-2379146.html,"imposed a fine of Rs 15,000 on the three traders"
News,Oil,"fine of Rs 15,000",targets,laddus,1,1,0.85,https://www.newindianexpress.com/states/odisha/2021/nov/03/sub-standard-bread-stale-crispy-chicken-seized-from-kfc-outlet-in-cuttack-2379146.html,"imposed a fine of Rs 15,000 on the three traders"
News,Oil,sealing the units,issuedby,Cuttack Municipal Corporation,1,1,0.9,https://www.newindianexpress.com/states/odisha/2021/nov/03/sub-standard-bread-stale-crispy-chicken-seized-from-kfc-outlet-in-cuttack-2379146.html,Besides sealing the units
News,Oil,raid on KFC outlet,issuedby,Cuttack Municipal Corporation,1,1,0.95,https://www.newindianexpress.com/states/odisha/2021/nov/03/sub-standard-bread-stale-crispy-chicken-seized-from-kfc-outlet-in-cuttack-2379146.html,The Health and Food Safety wing of Cuttack Municipal Corporation (CMC) on Tuesday raided multi-national fast food chain KFC's outlet
News,Oil,"fine of Rs 15,000",issuedby,CMC,1,1,0.9,https://www.newindianexpress.com/states/odisha/2021/nov/03/sub-standard-bread-stale-crispy-chicken-seized-from-kfc-outlet-in-cuttack-2379146.html,"imposed a fine of Rs 15,000 on the three traders"
News,Oil,sealing the units,issuedby,CMC,1,1,0.9,https://www.newindianexpress.com/states/odisha/2021/nov/03/sub-standard-bread-stale-crispy-chicken-seized-from-kfc-outlet-in-cuttack-2379146.html,Besides sealing the units
News,Oil,license suspension in Ahmednagar,issuedby,FDA,1,1,0.9,https://www.freepressjournal.in/mumbai/mcdonalds-under-scrutiny-after-maharashtra-fda-finds-fast-food-chain-replacing-cheese-with-vegetable-oil-in-products,outlet's license in Ahmednagar was suspended
News,Oil,FDA,targets,other fast-food chains,1,1,0.8,https://www.freepressjournal.in/mumbai/mcdonalds-under-scrutiny-after-maharashtra-fda-finds-fast-food-chain-replacing-cheese-with-vegetable-oil-in-products,broader investigations into analogous practices by other fast-food chains
News,Oil,"seizure of 2,075 kgs of edible oils",issuedby,Food and drugs administration (FDA),1,1,0.9,https://timesofindia.indiatimes.com/city/nagpur/fda-adopts-zero-tolerance-policy-for-edible-oil-sold-loose-and-in-reused-tins/articleshow/94628169.cms,"FDA has seized 2,075 kgs of edible oils"
News,Oil,"seizure of 2,075 kgs of edible oils",targets,edible oil,1,1,0.9,https://timesofindia.indiatimes.com/city/nagpur/fda-adopts-zero-tolerance-policy-for-edible-oil-sold-loose-and-in-reused-tins/articleshow/94628169.cms,"FDA has seized 2,075 kgs of edible oils"
News,Oil,seizure of edible oils,issuedby,FDA,1,1,0.9,https://timesofindia.indiatimes.com/city/nagpur/fda-adopts-zero-tolerance-policy-for-edible-oil-sold-loose-and-in-reused-tins/articleshow/94628169.cms,seized this year by FDA team
News,Oil,advisory on requirement of AGMARK certification prior to import,issuedby,FSSAI,1,1,0.95,https://www.thehindubusinessline.com/economy/agmark-certification-not-required-for-imported-blended-edible-oil-fssai/article65783272.ece,It had issued an advisory on requirement of AGMARK certification prior to import of blended edible vegetable oils
News,Oil,action against manufacturers selling without AGMARK,issuedby,state food safety commissioners,1,1,0.85,https://www.thehindubusinessline.com/economy/agmark-certification-not-required-for-imported-blended-edible-oil-fssai/article65783272.ece,directed state food safety commissioners to initiate action against those manufacturers that were selling blended edible vegetable oils without AGMARK certification mark
News,Oil,FSSAI,issuedby,suspension of AGMARK certification requirement for imported food consignment,1,1,0.85,https://www.thehindubusinessline.com/economy/agmark-certification-not-required-for-imported-blended-edible-oil-fssai/article65783272.ece,decided to keep the requirement of AGMARK certification for imported food consignment in abeyance
News,Oil,advisory on AGMARK certification abeyance,issuedby,FSSAI,1,1,0.95,https://www.thehindubusinessline.com/economy/agmark-certification-not-required-for-imported-blended-edible-oil-fssai/article65783272.ece,"In its latest advisory issued on Thursday, the FSSAI said"
News,Oil,McDonald's India outlet adulteration incident,triggeredaction,Regulatory warning issued to McDonald's,1,1,0.85,https://www.hindustantimes.com/cities/jaipur-news/mcdonalds-india-outlet-gets-regulatory-warning-over-rotten-tomatoes-reused-oil-101770898007296.html,Chotwani said McDonald's was issued a warning
News,Oil,SEBI suspension of derivative contracts,issuedby,Securities and Exchange Board of India,1,1,0.95,http://www.indiasnews.net/news/273253426/futures-trading-key-for-price-risk-management-says-edible-oil-industry-as-sebi-extends-ban,Financial markets regulator Securities and Exchange Board of India (SEBI) on Tuesday extended the suspension
News,Oil,"Notice under Section 12 of the Protection of Human Rights Act, 1993",issuedby,NHRC,1,1,0.95,https://www.newkerala.com/news/o/nhrc-seeks-report-fssai-alleged-reuse-cooking-oil-956,"issuing the notice under Section 12 of the Protection of Human Rights Act, 1993"
News,Oil,Request for Action Taken Report,issuedby,NHRC,1,1,0.9,https://www.newkerala.com/news/o/nhrc-seeks-report-fssai-alleged-reuse-cooking-oil-956,sought an Action Taken Report (ATR) from the FSSAI
News,Oil,Directive to inquire into reused cooking oil,issuedby,NHRC,1,1,0.9,https://www.newkerala.com/news/o/nhrc-seeks-report-fssai-alleged-reuse-cooking-oil-956,directed the FSSAI to inquire into the matter
News,Oil,Provisional No Objection Certificate,issuedby,Authorised Officer,1,1,0.9,https://www.thehindubusinessline.com/economy/fssai-directs-officers-to-not-delay-clearance-of-imported-pulses-and-edible-oil-consignments/article66600123.ece,"Authorised Officers are directed to carry out a visual inspection and upon satisfactory visual inspection, shall draw samples and issue Provisional No Objection Certificate (P-NOC) without waiting for the analysis report from the laboratory."
News,Oil,final No Objection Certificate,issuedby,Authorised Officer,1,1,0.9,https://www.thehindubusinessline.com/economy/fssai-directs-officers-to-not-delay-clearance-of-imported-pulses-and-edible-oil-consignments/article66600123.ece,Authorised Officer shall issue the final No Objection Certificate
News,Oil,improvement notices for hygiene violations,issuedby,FSDA,1,1,0.9,https://timesofindia.indiatimes.com/city/agra/adulterated-paneer-and-cooking-oil-seized-ahead-of-diwali/articleshow/124586909.cms,around five shops were issued improvement notices for hygiene violations
News,Oil,Edible Oil Adulteration Drive,targets,multi source edible oils,1,1,0.9,http://www.theweek.in/news/biz-tech/2022/08/12/delhi-govt-carrying-out-drive-against-adulteration-of-edible-oil.html,Focus of this drive is to identify adulteration in multi source edible oils
News,Oil,Delhi government drive against adulteration,targets,rice bran oil,1,1,0.9,http://www.theweek.in/news/biz-tech/2022/08/12/delhi-govt-carrying-out-drive-against-adulteration-of-edible-oil.html,"Focus of this drive is to identify adulteration in multi source edible oils (MSEO) and other edible oils like soyabean oil, rice bran oil"
News,Oil,Edible Oil Adulteration Drive,targets,sunflower oil,1,1,0.9,http://www.theweek.in/news/biz-tech/2022/08/12/delhi-govt-carrying-out-drive-against-adulteration-of-edible-oil.html,"Focus of this drive is to identify adulteration in multi source edible oils (MSEO) and other edible oils like soyabean oil, rice bran oil, sunflower oil"
News,Oil,Edible Oil Adulteration Drive,targets,ghewar,1,1,0.85,http://www.theweek.in/news/biz-tech/2022/08/12/delhi-govt-carrying-out-drive-against-adulteration-of-edible-oil.html,lifted samples of sweets like 'ghewar'
News,Oil,Delhi government drive against adulteration,targets,khoya,1,1,0.85,http://www.theweek.in/news/biz-tech/2022/08/12/delhi-govt-carrying-out-drive-against-adulteration-of-edible-oil.html,"lifted samples of sweets like 'ghewar', 'khoya'"
News,Oil,Edible Oil Adulteration Drive,targets,burfi,1,1,0.9,http://www.theweek.in/news/biz-tech/2022/08/12/delhi-govt-carrying-out-drive-against-adulteration-of-edible-oil.html,"lifted samples of sweets like 'ghewar', 'khoya','burfi'"
News,Oil,Seizure of cosmetic products in Mumbai,citesfinding,Finding of unlicensed manufacturing,1,1,0.85,https://www.hindustantimes.com/cities/mumbai-news/fda-cracks-down-on-misleading-cosmetic-products-101781464860879.html,"alleging misleading claims, incomplete labelling and unlicensed manufacturing"
News,Oil,Sale stoppage of misbranded cosmetics in Karad,issuedby,FDA,1,1,0.95,https://www.hindustantimes.com/cities/mumbai-news/fda-cracks-down-on-misleading-cosmetic-products-101781464860879.html,FDA stopped the sale of allegedly misbranded cosmetic products
News,Oil,seizure of 3000 quintals,targets,adulterated food items,1,1,0.9,https://indianexpress.com/article/cities/lucknow/fsda-diwali-drive-up-seizes-adulterated-unsafe-food-10310818/,"seized nearly 3,000 quintals of adulterated food items"
News,Oil,destruction of perishable food,targets,perishable food items,1,1,0.9,https://indianexpress.com/article/cities/lucknow/fsda-diwali-drive-up-seizes-adulterated-unsafe-food-10310818/,perishable food items are destroyed by burying them underground
News,Oil,Issuance of 245 notices,issuedby,Ahmedabad Municipal Corporation,1,1,0.9,https://timesofindia.indiatimes.com/city/ahmedabad/amc-collects-136-samples-of-food-suspected-to-be-substandard/articleshow/113769205.cms,245 notices were issued
News,Oil,palm oil import ban through Kerala ports,issuedby,DGFT,1,1,0.95,https://www.thehindubusinessline.com/economy/agri-business/trade-bodies-oppose-extending-palm-oil-import-ban-in-kerala-ports/article66337873.ece,DGFT's decision to extend the import ban on palm oil through ports in the State
News,Oil,palm oil import ban through Cochin Port,targets,palm oil,1,1,0.95,https://www.thehindubusinessline.com/economy/agri-business/trade-bodies-oppose-extending-palm-oil-import-ban-in-kerala-ports/article66337873.ece,palm oil import through Cochin Port was banned
News,Oil,IncidentFinding at Bhagwan Oil Mill,triggeredaction,Sealing of Bhagwan Oil Mill,1,1,0.95,https://www.freepressjournal.in/bhopal/mp-200-litres-adulterated-mustard-oil-found-in-jabalpur-oil-factory-during-surprise-inspection,Food Department took immediate action and sealed the factory
News,Oil,paneer investigation,triggeredaction,case filed in ADM court,1,1,0.85,https://timesofindia.indiatimes.com/city/noida/unsafe-paneer-samples-found-in-noida-restaurants-adulterated-paneer-smuggled-from-aligarh/articleshow/108534978.cms,A case has been filed in the ADM court
News,Oil,Repurpose Used Cooking Oil (RUCO) initiative,issuedby,FSSAI,1,1,0.95,https://www.indiatoday.in/health/story/nhrc-issues-notice-to-fssai-over-rampant-reuse-of-cooking-oil-by-eateries-2807276-2025-10-23?utm_source=rss,"In 2018, the FSSAI launched the Repurpose Used Cooking Oil (RUCO) initiative"
News,Oil,EEE strategy,issuedby,FSSAI,1,1,0.9,https://www.indiatoday.in/health/story/nhrc-issues-notice-to-fssai-over-rampant-reuse-of-cooking-oil-by-eateries-2807276-2025-10-23?utm_source=rss,"To implement RUCO, FSSAI developed an Education, Enforcement, and Ecosystem (EEE) strategy"
News,Oil,substandard edible oil finding,triggeredaction,legal proceedings,1,1,0.85,https://www.freepressjournal.in/mumbai/maharashtra-news-minister-narhari-zirwal-announces-suspension-of-2-fda-officials-closure-of-nandurbar-factory-over-oil-adulteration,"five were declared substandard, with legal proceedings initiated"
News,Oil,Decoy Operations Jaipur,issuedby,Health Department Jaipur,1,1,0.9,https://timesofindia.indiatimes.com/city/jaipur/decoy-ops-to-prevent-sale-of-adulterated-food-stuff-in-city/articleshow/94734040.cms,Health department issued orders to all the collectors for conducting the decoy operations
News,Oil,Decoy Operations Jaipur,targets,milk,1,1,0.8,https://timesofindia.indiatimes.com/city/jaipur/decoy-ops-to-prevent-sale-of-adulterated-food-stuff-in-city/articleshow/94734040.cms,"collect samples of milk, mawa, paneer"
News,Oil,Decoy Operations Jaipur,targets,mawa,1,1,0.8,https://timesofindia.indiatimes.com/city/jaipur/decoy-ops-to-prevent-sale-of-adulterated-food-stuff-in-city/articleshow/94734040.cms,"collect samples of milk, mawa, paneer"
News,Oil,Decoy Operations Jaipur,targets,paneer,1,1,0.8,https://timesofindia.indiatimes.com/city/jaipur/decoy-ops-to-prevent-sale-of-adulterated-food-stuff-in-city/articleshow/94734040.cms,"collect samples of milk, mawa, paneer"
News,Oil,strict action against the offenders,issuedby,state food safety authorities,1,1,0.85,https://timesofindia.indiatimes.com/city/jaipur/decoy-ops-to-prevent-sale-of-adulterated-food-stuff-in-city/articleshow/94734040.cms,take strict action against the offenders under the provisions of FSS Act
News,Oil,Raid on Sadguru Krupa Milk and Milk products company,issuedby,Maharashtra Food and Drug Administration,1,1,0.95,https://www.indiatoday.in/cities/pune/story/maharashtra-fda-confiscates-adulterated-paneer-in-pune-1999987-2022-09-14?utm_source=rss,The Maharashtra Food and Drug Administration (FDA) officials raided a factory
News,Oil,bust of counterfeit unit,issuedby,Delhi Police,1,1,0.9,https://www.mid-day.com/news/india-news/article/delhi-police-bust-counterfeit-engine-oil-manufacturing-packaging-unit-23598506,Delhi Police has claimed to have busted an illegal factory
News,Oil,Legal proceedings against sellers,issuedby,"Food Safety Administration, Dimapur Zone",1,1,0.9,https://morungexpress.com/four-food-products-fail-quality-test-in-dimapur-zone,initiated legal proceedings against the sellers involved
News,Oil,importing substandard food,triggeredaction,penalty of up to five lakh rupees,1,1,0.85,https://morungexpress.com/four-food-products-fail-quality-test-in-dimapur-zone,importing substandard food for human consumption is liable for a penalty of up to five lakh rupees
News,Oil,Fine of ₹7 lakh on Star Foods,issuedby,Idukki Subcollector,1,1,0.95,https://www.thehindu.com/news/national/kerala/poor-quality-oil-found-in-kits-distributed-among-tribes-fine-of-7-lakh-imposed-on-company/article68609646.ece,The Idukki Subcollector has imposed a fine of ₹7 lakh on Star Foods
News,Oil,Subcollector's order,targets,coconut oil,1,1,0.9,https://www.thehindu.com/news/national/kerala/poor-quality-oil-found-in-kits-distributed-among-tribes-fine-of-7-lakh-imposed-on-company/article68609646.ece,Subcollector's order emphasised that the sale of coconut oil
News,Oil,penal actions,issuedby,Food and Drugs Administration,1,1,0.9,https://timesofindia.indiatimes.com/city/nagpur/fda-warns-outlets-against-repeated-use-of-edible-oil/articleshow/91821386.cms,FDA has warned of penal actions against eateries
News,Oil,instructions to food vendors,issuedby,FDA,1,1,0.9,https://timesofindia.indiatimes.com/city/nagpur/fda-warns-outlets-against-repeated-use-of-edible-oil/articleshow/91821386.cms,FDAâs instructions to food vendors and such business operators
News,Oil,Destruction of 67kg spurious paneer,issuedby,Ludhiana Health Department,1,1,0.95,https://www.hindustantimes.com/cities/chandigarh-news/ludhiana-health-dept-destroys-67kg-of-spurious-paneer-during-food-safety-drive-in-city-101751047370136.html,Health dept destroys 67kg of spurious paneer
News,Oil,Destruction of 67kg spurious paneer,targets,paneer,1,1,0.95,https://www.hindustantimes.com/cities/chandigarh-news/ludhiana-health-dept-destroys-67kg-of-spurious-paneer-during-food-safety-drive-in-city-101751047370136.html,destruction of 67 kg of paneer
News,Oil,mandi officer,issuedby,warning to stop sale of paneer,1,1,0.9,https://www.hindustantimes.com/cities/chandigarh-news/ludhiana-health-dept-destroys-67kg-of-spurious-paneer-during-food-safety-drive-in-city-101751047370136.html,"mandi officer issued a stern warning to vendors, instructing them to stop the sale of paneer"
News,Oil,Raids on edible oil establishments,issuedby,Food and Drug Administration,1,1,0.95,https://www.freepressjournal.in/mumbai/mumbai-over-50-edible-oils-seized-in-raids-found-non-certified,seized by the Food and Drug Administration in Thane and Mumbai during raids
News,Oil,Adulteration of mayonnaise and sauce in Baraut,triggeredaction,Case registration under Prevention of Food Adulteration Act,1,1,0.9,https://timesofindia.indiatimes.com/city/meerut/adulterated-sauce-mayonnaise-production-racket-busted-in-baraut/articleshow/125918256.cms,case will be registered against Jain under the relevant sections of the Prevention of Food Adulteration Act
News,Oil,Collector Manish Singh,issuedby,Warning against adulteration,1,1,0.85,https://www.freepressjournal.in/indore/madhya-pradesh-sale-of-loose-oil-only-through-vending-machine-collector,Collector Manish Singh warned edible oil traders that adulteration of oil would not be tolerated
News,Oil,sub-standard oil,triggeredaction,Show-cause notices,1,1,0.9,https://www.thehindu.com/news/cities/Hyderabad/when-oil-and-opportunity-mix-to-beget-fraud/article65354086.ece,The lab analysis has now led to the detection of 10 cases of sub-standard oil and one of misbranding. Show-cause notices were issued to the Food Business Operators (FBOs)
News,Oil,sub-standard oil,triggeredaction,fine,1,1,0.9,https://www.thehindu.com/news/cities/Hyderabad/when-oil-and-opportunity-mix-to-beget-fraud/article65354086.ece,"The lab analysis has now led to the detection of 10 cases of sub-standard oil and one of misbranding. Show-cause notices were issued to the Food Business Operators (FBOs), and explanation sought. The FBOs will be taken to the Joint Collector who serves as adjudicating officer and will impose fine ranging from ₹5,000 to ₹2 lakh based on the gravity of the offence."
News,Oil,"seizure of 6,683 litre of edible oil",issuedby,Food Safety and Drug Control Commissionerate,1,1,0.95,https://timesofindia.indiatimes.com/city/jaipur/over-12000-litre-of-spurious-oil-seized/articleshow/110316417.cms,"Food Safety and Drug Control Commissionerate teams on Tuesday seized 6,683 litre of edible oil"
News,Oil,"seizure of 6,000 litre of Ranthambore brand Kacchi Ghani oil",issuedby,Food Safety and Drug Control Commissionerate,1,1,0.9,https://timesofindia.indiatimes.com/city/jaipur/over-12000-litre-of-spurious-oil-seized/articleshow/110316417.cms,"CMHO of Tonk reached the factory in Niwai Industrial Area and seized approximately 6,000 litre"
News,Oil,finding of expired materials,triggeredaction,suspension of food licence,1,1,0.85,https://timesofindia.indiatimes.com/city/jaipur/over-12000-litre-of-spurious-oil-seized/articleshow/110316417.cms,"Food safety officers found expired materials at the bakery, which were seized. Action is now being taken to suspend its food licence"
News,Oil,seizure of 75 kgs of adulterated oil,issuedby,Chaderghat police,1,1,0.9,https://www.siasat.com/hyderabad-7-lpg-cylinders-seized-in-cordon-and-search-10-held-2450708/,The Chaderghat police ... seized 75 kgs of adulterated oil
News,Oil,seizure of adulterated oil,targets,adulterated oil,1,1,0.9,https://www.siasat.com/hyderabad-7-lpg-cylinders-seized-in-cordon-and-search-10-held-2450708/,seized 75 kgs of adulterated oil
News,Oil,substandard milk finding,triggeredaction,legal proceedings,1,1,0.9,https://www.hindustantimes.com/cities/chandigarh-news/ludhiana-cases-filed-against-25-vendors-over-substandard-milk-101774897269167.html,department lodges legal proceedings against the vendor in the ADC court
News,Oil,legal proceedings,targets,milk,1,1,0.85,https://www.hindustantimes.com/cities/chandigarh-news/ludhiana-cases-filed-against-25-vendors-over-substandard-milk-101774897269167.html,lodges legal proceedings against the vendor
News,Oil,seizure of mustard and palm olein oil,issuedby,FSA,1,1,0.9,https://timesofindia.indiatimes.com/city/kanpur/mustard-palm-olein-oil-worth-7-7l-seized/articleshow/95000423.cms,Teams of FSA on Thursday seized over 604 liters of mustard and palm olein oil
News,Oil,prohibition of edible mustard oil,issuedby,FDA,1,1,0.9,https://timesofindia.indiatimes.com/life-style/health-fitness/health-news/the-mustard-oil-mystery-why-is-it-banned-in-the-us-and-europe/photostory/106086699.cms,regulatory bodies such as the FDA acted and prohibited edible mustard oil
News,Oil,warnings to street vendors,issuedby,food safety department,1,1,0.9,https://timesofindia.indiatimes.com/city/ranchi/8-sweet-shops-penalised-for-selling-adulterated-food/articleshow/95023018.cms,22 street food vendors were also warned
News,Oil,License suspension for Trichy oil mills,issuedby,food safety department,1,1,0.9,https://timesofindia.indiatimes.com/city/trichy/food-safety-department-locks-and-seal-two-cooking-oil-mills-in-trichy-city/articleshow/100572169.cms,food safety department in December 2022 has suspended the license of the two oil mills
News,Oil,Stop-sale order for Trichy oil mills,issuedby,food safety department,1,1,0.9,https://timesofindia.indiatimes.com/city/trichy/food-safety-department-locks-and-seal-two-cooking-oil-mills-in-trichy-city/articleshow/100572169.cms,"the food safety department in December 2022 has suspended the license of the two oil mills and in March 2023, a stop-sale order was issued"
News,Oil,stop-sale order,targets,cooking oil,1,1,0.85,https://timesofindia.indiatimes.com/city/trichy/food-safety-department-locks-and-seal-two-cooking-oil-mills-in-trichy-city/articleshow/100572169.cms,stop-sale order was issued
News,Oil,Strict action under Food Safety Act,issuedby,Food Safety Department,1,1,0.85,https://garhwalpost.in/crackdown-on-adulteration-food-safety-department-conducts-raids-in-mussoorie/,strict action will be taken against the seller under the Food Safety Act
News,Oil,paneer_substandard_finding,triggeredaction,Surbhi_dairy_seal,1,1,0.9,https://indianexpress.com/article/cities/ahmedabad/surat-man-selling-substandard-paneer-search-dairy-sealed-10385749/,"Following the report, officials sealed Surbhi dairy"
News,Oil,Surbhi_dairy_seal,targets,paneer,1,1,0.85,https://indianexpress.com/article/cities/ahmedabad/surat-man-selling-substandard-paneer-search-dairy-sealed-10385749/,paneer is substandard
News,Oil,FIR_Patel,issuedby,Surat Police,1,1,0.9,https://indianexpress.com/article/cities/ahmedabad/surat-man-selling-substandard-paneer-search-dairy-sealed-10385749/,police registered an FIR against Shailesh Patel
News,Oil,FIR against Shailesh Patel and Kaushik Patel,citesfinding,paneer is substandard,1,1,0.9,https://indianexpress.com/article/cities/ahmedabad/surat-man-selling-substandard-paneer-search-dairy-sealed-10385749/,"SMC Food and Safety department submitted the laboratory report stating that the paneer is substandard. Following the report, officials sealed Surbhi dairy"
News,Oil,legal action against violators,issuedby,FSDA,1,1,0.9,https://timesofindia.indiatimes.com/city/bengaluru/think-before-you-snack-namkeens-dairy-products-top-list-of-unsafe-foods-in-karnataka/articleshow/131179662.cms,"Legal action has been initiated against the violators, officials said"
News,Oil,fines of Rs 3.7 lakh,issuedby,FSDA,1,1,0.9,https://timesofindia.indiatimes.com/city/bengaluru/think-before-you-snack-namkeens-dairy-products-top-list-of-unsafe-foods-in-karnataka/articleshow/131179662.cms,fines of Rs 3.7 lakh were imposed against violators
News,Oil,penalties amounting to Rs 77 lakh,issuedby,FSDA,1,1,0.9,https://timesofindia.indiatimes.com/city/bengaluru/think-before-you-snack-namkeens-dairy-products-top-list-of-unsafe-foods-in-karnataka/articleshow/131179662.cms,The department imposed penalties amounting to Rs 77 lakh
News,Oil,seizure of adulterated food items and spurious cooking oil,issuedby,Nashik Food and Drug Administration,1,1,0.95,https://timesofindia.indiatimes.com/city/nashik/nashik-fda-cracks-down-on-adulterated-food-items-oil/articleshow/105082876.cms,FDA of the Nashik division has seized adulterated food items and spurious cooking oil
News,Oil,seizure of shrikhand and loose oil,issuedby,Nashik Food and Drug Administration,1,1,0.95,https://timesofindia.indiatimes.com/city/nashik/nashik-fda-cracks-down-on-adulterated-food-items-oil/articleshow/105082876.cms,"shrikhand and loose oil, worth over Rs two lakh, were confiscated by the Nashik Food and Drug Administration"
News,Oil,proposed ban on brominated vegetable oil,issuedby,FDA,1,1,0.9,https://timesofindia.indiatimes.com/world/us/california-leads-the-way-as-fda-moves-to-outlaw-brominated-vegetable-oil-in-sports-drinks/articleshow/104949719.cms,"The FDA's decision, announced on Thursday, is based on recent research findings."
News,Oil,Seizure of Adulterated Food,issuedby,Cyberabad Enforcement Wing,1,1,0.9,https://timesofindia.indiatimes.com/city/hyderabad/cyberabad-police-crack-down-on-food-adulteration-book-22-cases/articleshow/130450873.cms,"seized more than 5,026 litres of oil and 5,192 kg flour"
News,Oil,penalty by the ADM court,issuedby,ADM court,1,1,0.9,https://timesofindia.indiatimes.com/city/gurgaon/raids-at-dairy-shops-in-gurgaons-arjun-nagar-after-suspected-adulteration-of-milk-products/articleshow/119265663.cms,penalty by the ADM court will be imposed
News,Oil,Ban on halal-certified products,issuedby,Uttar Pradesh Food Safety and Drug Administration,1,1,0.95,https://indianexpress.com/article/cities/lucknow/crackdown-on-halal-products-in-up-2275-kg-of-food-items-seized-9040099/,announcement to ban halal-certified products came on Sunday
News,Oil,Ban on halal-certified products,targets,pasta,1,1,0.9,https://indianexpress.com/article/cities/lucknow/crackdown-on-halal-products-in-up-2275-kg-of-food-items-seized-9040099/,"seized 2,275 kg of food products which were found to be halal-certified. These products included things like pasta"
News,Oil,Ban on halal-certified products,targets,sewai,1,1,0.9,https://indianexpress.com/article/cities/lucknow/crackdown-on-halal-products-in-up-2275-kg-of-food-items-seized-9040099/,"These products included things like pasta, sewai"
News,Oil,Ban on halal-certified products,targets,mint,1,1,0.9,https://indianexpress.com/article/cities/lucknow/crackdown-on-halal-products-in-up-2275-kg-of-food-items-seized-9040099/,"These products included things like pasta, sewai, mint"
News,Oil,Ban on halal-certified products,targets,pulses,1,1,0.9,https://indianexpress.com/article/cities/lucknow/crackdown-on-halal-products-in-up-2275-kg-of-food-items-seized-9040099/,"These products included things like pasta, sewai, mint, pulses"
News,Oil,Ban on halal-certified products,targets,salt,1,1,0.9,https://indianexpress.com/article/cities/lucknow/crackdown-on-halal-products-in-up-2275-kg-of-food-items-seized-9040099/,"These products included things like pasta, sewai, mint, pulses, salt"
News,Oil,Penalty of up to Rs 5 lakh,issuedby,GHMC,1,1,0.9,https://timesofindia.indiatimes.com/city/hyderabad/tea-to-ice-creams-food-adulteration-on-the-rise-in-hyderabad/articleshow/108746726.cms,we are slapping them with a penalty of up to Rs 5 lakh
News,Oil,issuance of notices to 25 establishments,issuedby,Food safety department,1,1,0.9,https://www.newindianexpress.com/cities/thiruvananthapuram/2025/Aug/20/17k-litres-of-adulterated-coconut-oil-seized,Notices were issued to 25 establishments
News,Oil,fines amounting to J63 lakh,issuedby,Food safety department,1,1,0.9,https://www.newindianexpress.com/cities/thiruvananthapuram/2025/Aug/20/17k-litres-of-adulterated-coconut-oil-seized,"fines amounting to J63 lakh were levied on 1,613 businesses"
News,Oil,IncidentFinding: Khoya Seizure Agra,triggeredaction,Legal action under Food Safety and Standards Act,1,1,0.9,https://timesofindia.indiatimes.com/city/agra/food-safety-teams-seize-adulterated-khoya-in-agra-edible-oil-in-mnagar/articleshow/128652372.cms,Legal action under the Food Safety and Standards Act is underway
News,Oil,FDA ban on Brominated Vegetable Oil,issuedby,FDA,1,1,0.9,https://economictimes.indiatimes.com/news/international/us/fda-to-ban-brominated-vegetable-oil-in-soda-and-food-heres-how-it-was-impacting-your-health/articleshow/104950776.cms,FDA to ban Brominated Vegetable Oil
News,Oil,Prosecution sanction for 76 samples,issuedby,Commissionerate of Food Safety,1,1,0.95,https://assamtribune.com/assam/over-12-of-food-samples-fail-safety-standards-in-assam-1572104,Commissionerate of Food Safety has accorded prosecution sanction for 76 samples
News,Oil,Prosecution sanction for 76 samples,targets,unsafe samples,1,1,0.9,https://assamtribune.com/assam/over-12-of-food-samples-fail-safety-standards-in-assam-1572104,prosecution sanction for 76 samples out of 94 unsafe samples
News,Oil,Adjudication sanction,issuedby,district officers,1,1,0.95,https://assamtribune.com/assam/over-12-of-food-samples-fail-safety-standards-in-assam-1572104,Adjudication sanction has been granted ... by the district officers
News,Oil,Adjudication sanction for 71 samples,targets,substandard and misbranded samples,1,1,0.9,https://assamtribune.com/assam/over-12-of-food-samples-fail-safety-standards-in-assam-1572104,Adjudication sanction has been granted for 71 samples out of 109 substandard and misbranded samples
News,Oil,Fines ranging from Rs 1.5 lakh to Rs 2 lakh,targets,substandard samples,1,1,0.95,https://assamtribune.com/assam/over-12-of-food-samples-fail-safety-standards-in-assam-1572104,Fines ranging from Rs 1.5 lakh to Rs 2 lakh have been imposed on samples found to be substandard
News,Oil,Show-cause notices,issuedby,Central Excise authorities,1,1,0.95,https://economictimes.indiatimes.com/news/india/supreme-court-rules-coconut-oil-as-edible-lowering-gst-tax-rates/articleshow/116442123.cms,Show-cause notices were issued in July 2007 by the Central Excise authorities
News,Oil,Closure of Premises,issuedby,Food Inspector,1,1,0.85,https://www.thehansindia.com/telangana/adulterated-food-threatens-public-health-in-gadwal-district-inspections-reduced-to-a-formality-966491,closing down the premises if necessary
News,Oil,Warnings,issuedby,Food Inspector,1,1,0.85,https://www.thehansindia.com/telangana/adulterated-food-threatens-public-health-in-gadwal-district-inspections-reduced-to-a-formality-966491,issue warnings to businesses for minor violations
News,Oil,Criminal Proceedings,issuedby,Food Inspector,1,1,0.85,https://www.thehansindia.com/telangana/adulterated-food-threatens-public-health-in-gadwal-district-inspections-reduced-to-a-formality-966491,inspectors can initiate criminal proceedings
News,Oil,rectification notices,issuedby,Food Safety officials,1,1,0.9,https://www.thehindu.com/news/national/kerala/food-safety-raids-to-check-entry-of-spurious-coconut-oil-into-market/article69828078.ece,25 have been issued rectification notices
News,Oil,Compounding notice,issuedby,Food Safety department,1,1,0.9,https://www.thehindu.com/news/national/kerala/food-safety-raids-to-check-entry-of-spurious-coconut-oil-into-market/article69828078.ece,Compounding notice was issued on seven outlets
News,Oil,warning to the public,issuedby,Health department,1,1,0.9,https://www.thehindu.com/news/national/kerala/food-safety-raids-to-check-entry-of-spurious-coconut-oil-into-market/article69828078.ece,The Health department has issued a warning to the public
News,Oil,Legal action,issuedby,food safety officials,1,1,0.85,https://www.thehindu.com/news/national/kerala/food-safety-raids-to-check-entry-of-spurious-coconut-oil-into-market/article69828078.ece,"Legal action will be taken against anyone trying to sell spurious or adulterated coconut oil, food safety officials have warned"
News,Oil,Legal action,targets,coconut oil,1,1,0.9,https://www.thehindu.com/news/national/kerala/food-safety-raids-to-check-entry-of-spurious-coconut-oil-into-market/article69828078.ece,Legal action will be taken against anyone trying to sell spurious or adulterated coconut oil
News,Oil,food safety raids in Noida and Greater Noida,issuedby,Gautam Budh Nagar food safety authorities,1,1,0.9,https://www.hindustantimes.com/cities/noida-news/ahead-of-holi-food-safety-raids-net-unhygienic-sweets-mislabelled-oils-in-gb-nagar-101771877000656.html,Gautam Budh Nagar food safety authorities have come across alleged unhygiene and labelling violations during raids
News,Oil,raids against hoarding of refined edible oils,issuedby,Vigilance and Enforcement,1,1,0.9,https://www.deccanchronicle.com/nation/current-affairs/210322/ap-launches-raids-on-illegal-hoarding-of-oil.html,Vigilance and Enforcement ADG Shankabrata Bagchi said... agency is holding massive raids
News,Oil,raids against hoarding of refined edible oils,targets,refined edible oils,1,1,0.9,https://www.deccanchronicle.com/nation/current-affairs/210322/ap-launches-raids-on-illegal-hoarding-of-oil.html,raids all over AP against hoarding of refined edible oils
News,Oil,"fine of Rs 21,000",issuedby,Berhampur Municipal Corporation,1,1,0.95,https://timesofindia.indiatimes.com/city/bhubaneswar/bemc-food-safety-officials-raid-outlets-selling-adulterated-food/articleshow/124123078.cms,"A fine of Rs 21,000 was collected from three outlets"
News,Oil,notices to owners of at least six outlets,issuedby,Berhampur Municipal Corporation,1,1,0.95,https://timesofindia.indiatimes.com/city/bhubaneswar/bemc-food-safety-officials-raid-outlets-selling-adulterated-food/articleshow/124123078.cms,notices were issued to the owners of at least six outlets
News,Oil,raids on traders in Andhra Pradesh,issuedby,Vigilance and Enforcement Department of Andhra Pradesh,1,1,0.95,https://www.indiatoday.in/india/story/andhra-pradesh-edible-oil-traders-vigilance-raid-hoarding-black-market-ukraine-import-1921765-2022-03-07,Vigilance and Enforcement Department of Andhra Pradesh launched raids
News,Oil,raids on traders in Andhra Pradesh,targets,palmolein oil,1,1,0.9,https://www.indiatoday.in/india/story/andhra-pradesh-edible-oil-traders-vigilance-raid-hoarding-black-market-ukraine-import-1921765-2022-03-07,raids and surprise checks on traders for unauthorised hoarding and trading of palmolein oil
News,Oil,raids on traders in Andhra Pradesh,targets,edible oils,1,1,0.9,https://www.indiatoday.in/india/story/andhra-pradesh-edible-oil-traders-vigilance-raid-hoarding-black-market-ukraine-import-1921765-2022-03-07,"trading of palmolein oil, other edible oils"
News,Oil,raids on traders in Andhra Pradesh,targets,oilseeds,1,1,0.9,https://www.indiatoday.in/india/story/andhra-pradesh-edible-oil-traders-vigilance-raid-hoarding-black-market-ukraine-import-1921765-2022-03-07,"trading of palmolein oil, other edible oils, oilseeds"
News,Oil,surprise checks,issuedby,Food Safety Department,1,1,0.85,https://timesofindia.indiatimes.com/city/gurgaon/haryana-govt-tightens-food-safety-inspections-before-festive-rush/articleshow/123954497.cms,department conducted surprise checks
News,Oil,Surprise raids on 126 traders,issuedby,Vigilance & Enforcement Department,1,1,0.95,https://timesofindia.indiatimes.com/city/vijayawada/vig-raids-to-check-edible-oil-hoarding/articleshow/90039485.cms,surprise raids were carried out on 126 wholesale and retail traders... by vigilance & enforcement department officials
News,Oil,surprise raids,targets,oilseeds,1,1,0.9,https://timesofindia.indiatimes.com/city/vijayawada/vig-raids-to-check-edible-oil-hoarding/articleshow/90039485.cms,"controlling the price of palmolein oil, other edible oils, oilseeds, and pulses"
News,Oil,surprise raids,targets,pulses,1,1,0.85,https://timesofindia.indiatimes.com/city/vijayawada/vig-raids-to-check-edible-oil-hoarding/articleshow/90039485.cms,"controlling the price of palmolein oil, other edible oils, oilseeds, and pulses"
News,Oil,WHO,triggeredaction,medical product alert,1,1,0.9,https://economictimes.indiatimes.com/industry/healthcare/biotech/pharmaceuticals/probe-into-uzbekistan-cough-syrup-deaths-3-employees-of-noida-based-marion-biotech-arrested/articleshow/98390422.cms,World Health Organization (WHO) had issued a 'medical product alert'
News,Oil,FDA Drive to Check Unhygienic Food Items,issuedby,Nashik Food and Drugs Administration,1,1,0.95,https://timesofindia.indiatimes.com/city/nashik/fda-starts-drive-to-check-for-unhygienic-food-items-on-sale/articleshow/102464285.cms,The Nashik Food and Drugs Administration (FDA) has started a drive
News,Oil,disposal of sweets,issuedby,FSDA,1,1,0.9,https://www.hindustantimes.com/cities/others/fsda-conducts-extensive-campaign-to-curb-adulteration-ahead-of-rakshabandhan-discards-rs-2-lakh-worth-of-sweets-101693329599774.html,FSDA team... disposed of the sweets
News,Oil,disposal of sweets,targets,sweets,1,1,0.9,https://www.hindustantimes.com/cities/others/fsda-conducts-extensive-campaign-to-curb-adulteration-ahead-of-rakshabandhan-discards-rs-2-lakh-worth-of-sweets-101693329599774.html,disposed of the sweets
News,Oil,sealing of coconut oil unit,issuedby,Kanniyakumari Food Safety Department,1,1,0.9,https://www.thehindu.com/news/cities/Madurai/coconut-oil-unit-sealed-in-kanniyakumari-for-violations/article69960089.ece,Kanniyakumari Food Safety Department has sealed a coconut oil manufacturing unit
News,Oil,Licence Cancellation,issuedby,Drug Control Department,1,1,0.9,https://indianexpress.com/article/cities/delhi/delhi-sees-spike-in-spurious-drugs-since-covid-bp-meds-vitamins-on-list-10129003/,cancellation of licences of 369 units
News,Oil,case registration,issuedby,Nandikotkur police,1,1,0.9,https://timesofindia.indiatimes.com/city/amaravati/kurnool-police-arrest-five-member-gang-involved-in-selling-fake-oils-and-tea-powders-using-fake-labels-of-top-fmcgs/articleshow/85978555.cms,Police have registered a case
News,Oil,shop shutdown action,issuedby,Food Safety and Drug Administration,1,1,0.9,https://www.indiatoday.in/cities/lucknow/story/lucknow-fsda-raids-rotten-adulterated-sweets-hygiene-violations-2818836-2025-11-13?utm_source=rss,authorities shut it down on the spot
News,Oil,temporary suspension of business operations,issuedby,Food Safety and Drug Administration,1,1,0.9,https://www.indiatoday.in/cities/lucknow/story/lucknow-fsda-raids-rotten-adulterated-sweets-hygiene-violations-2818836-2025-11-13?utm_source=rss,Another shop now faces temporary suspension of its business operations
News,Oil,shop sealing action,issuedby,Food Safety and Drug Administration,1,1,0.9,https://www.indiatoday.in/cities/lucknow/story/lucknow-fsda-raids-rotten-adulterated-sweets-hygiene-violations-2818836-2025-11-13?utm_source=rss,The team sealed the shop immediately
News,Oil,notices,issuedby,FSDA Commissioner Roshan Jacob,1,1,0.9,https://www.indiatoday.in/cities/lucknow/story/lucknow-fsda-raids-rotten-adulterated-sweets-hygiene-violations-2818836-2025-11-13?utm_source=rss,notices have been issued to all the shops involved
News,Oil,Ban on 45 brands of coconut oil,issuedby,M G Rajamanickam,1,1,0.95,https://timesofindia.indiatimes.com/city/thiruvananthapuram/ban-on-45-brands-of-coconut-oil/articleshow/64425038.cms,Food safety commissioner M G Rajamanickam issued the ban
News,Oil,Ban on 45 brands of coconut oil,targets,coconut oil,1,1,0.95,https://timesofindia.indiatimes.com/city/thiruvananthapuram/ban-on-45-brands-of-coconut-oil/articleshow/64425038.cms,issued a ban on 45 brands of coconut oil
News,Oil,Ban on 45 brands of coconut oil,issuedby,office of commissioner of food safety,1,1,0.9,https://timesofindia.indiatimes.com/city/thiruvananthapuram/ban-on-45-brands-of-coconut-oil/articleshow/64425038.cms,the office of commissioner of food safety has issued a ban on 45 brands of coconut oil
News,Oil,Import duty waiver on refined palm oil,issuedby,DGFT,1,1,0.95,https://www.thehindubusinessline.com/markets/commodities/dgft-extends-ban-on-palm-oil-imports-through-kerala-ports/article66332719.ece,extended import duty waiver on refined palm oil
News,Oil,Import duty waiver on refined palm oil,targets,refined palm oil,1,1,0.95,https://www.thehindubusinessline.com/markets/commodities/dgft-extends-ban-on-palm-oil-imports-through-kerala-ports/article66332719.ece,import duty waiver on refined palm oil
News,Oil,Import duty waiver on palmolein oil,targets,palmolein oil,1,1,0.95,https://www.thehindubusinessline.com/markets/commodities/dgft-extends-ban-on-palm-oil-imports-through-kerala-ports/article66332719.ece,extended import duty waiver on refined palm oil and palmolein oil
News,Oil,ban on palm oil imports through Kerala ports,issuedby,DGFT,1,1,0.85,https://www.thehindubusinessline.com/markets/commodities/dgft-extends-ban-on-palm-oil-imports-through-kerala-ports/article66332719.ece,government implemented the ban
News,Oil,ban on palm oil imports through Kerala ports,targets,coconut oil,1,1,0.85,https://www.thehindubusinessline.com/markets/commodities/dgft-extends-ban-on-palm-oil-imports-through-kerala-ports/article66332719.ece,government implemented the ban to curb the sliding of coconut oil prices
News,Oil,Raids at 8 shops in Gurgaon,issuedby,food safety department,1,1,0.95,https://timesofindia.indiatimes.com/city/gurgaon/raids-at-8-shops-in-gurgaon-16-food-samples-seized-sent-for-tests/articleshow/124199612.cms,food safety department conducted raids at eight shops
News,Oil,Adulteration finding in Ahmedabad food samples,triggeredaction,Destruction of adulterated food items,1,1,0.9,https://timesofindia.indiatimes.com/city/ahmedabad/ahmedabad-civic-body-collects-51-food-samples/articleshow/95633060.cms,civic body destroyed 41kg of solid food items and 24 litres of liquid food items that were found to be adulterated
News,Oil,Destruction of adulterated food items,issuedby,Ahmedabad Municipal Corporation,1,1,0.9,https://timesofindia.indiatimes.com/city/ahmedabad/ahmedabad-civic-body-collects-51-food-samples/articleshow/95633060.cms,The civic body destroyed 41kg of solid food items
News,Oil,Unregistered meat shop finding,triggeredaction,Fine of Rs 1.80 lakh,1,1,0.9,https://timesofindia.indiatimes.com/city/noida/no-licence-two-noida-meat-shops-fined-rs-1-8-lakh-each/articleshow/118013119.cms,resulting in fines of Rs 1.80 lakh each
News,Oil,Mustard oil standard failure finding,triggeredaction,Fine of Rs 4.60 lakh,1,1,0.9,https://timesofindia.indiatimes.com/city/noida/no-licence-two-noida-meat-shops-fined-rs-1-8-lakh-each/articleshow/118013119.cms,a kirana shop in Phase-2 was also fined Rs 4.60 lakh
News,Oil,Cashew nut packaging violation finding,triggeredaction,Fine of Rs 3.80 lakh,1,1,0.9,https://timesofindia.indiatimes.com/city/noida/no-licence-two-noida-meat-shops-fined-rs-1-8-lakh-each/articleshow/118013119.cms,A packaging company in Sector 110 was fined Rs 3.80 lakh
News,Oil,RegulatoryAction for paneer cases,targets,paneer,1,1,0.85,https://timesofindia.indiatimes.com/city/noida/no-licence-two-noida-meat-shops-fined-rs-1-8-lakh-each/articleshow/118013119.cms,fines were related to the adulterated paneer samples
News,Oil,Strict instructions to prevent reuse,issuedby,Karnataka Food Safety and Drug Administration,1,1,0.9,https://www.thehindu.com/news/cities/bangalore/karnataka-food-safety-and-drug-administration-shifts-focus-to-trans-fat-reduction-in-cooking-oil/article69879479.ece,Strict instructions were issued to hotel and bakery operators
News,Oil,rectification notices,targets,597 establishments,1,1,0.9,https://www.thehindu.com/news/national/kerala/district-administration-to-strengthen-food-safety-enforcement/article67001558.ece,rectification notices were issued to 597 establishments
News,Oil,compounding notices,targets,establishments with serious irregularities,1,1,0.85,https://www.thehindu.com/news/national/kerala/district-administration-to-strengthen-food-safety-enforcement/article67001558.ece,compounding notices were issued to establishments that were found to have serious irregularities
News,Oil,notices,targets,19 establishments,1,1,0.9,https://www.thehindu.com/news/national/kerala/district-administration-to-strengthen-food-safety-enforcement/article67001558.ece,notices were issued to 19 establishments
News,Oil,RUCO,targets,used cooking oil,1,1,0.85,https://www.thehindu.com/news/national/kerala/district-administration-to-strengthen-food-safety-enforcement/article67001558.ece,"collected 11,678 kg of used oil under the RUCO"
News,Oil,Directs Stern Action Against Food Adulteration,targets,edible oil,1,1,0.9,https://timesofindia.indiatimes.com/city/mysuru/dc-directs-stern-action-against-food-adulteration/articleshow/101586707.cms,complaints of adulteration of edible oil by traders
News,Oil,Directs Stern Action Against Food Adulteration,targets,sweets,1,1,0.85,https://timesofindia.indiatimes.com/city/mysuru/dc-directs-stern-action-against-food-adulteration/articleshow/101586707.cms,using harmful colours to prepare varieties of sweets
News,Oil,seizure of adulterated consignments,issuedby,Food Safety department,1,1,0.9,https://www.thehindu.com/news/national/kerala/sale-of-adulterated-coconut-oil-farmers-elated-over-shrcs-intervention/article70651539.ece,Food Safety department had recently intensified inspections and seized adulterated consignments
News,Oil,intensified surveillance and enforcement measures,issuedby,Andhra Pradesh government,1,1,0.85,https://www.deccanchronicle.com/southern-states/andhra-pradesh/ap-govt-intensifies-crackdown-after-milk-contamination-claims-5-lives-1940073,The Andhra Pradesh government stepped up surveillance and enforcement measures
News,Oil,Vigilance raids,targets,edible oil,1,1,0.9,https://www.thehansindia.com/andhra-pradesh/vigilance-raids-continue-on-hoarders-of-edible-oils-908026,seized edible oil
News,Oil,Sealing of spice grinding factory in Amjhera,targets,chilli powder,1,1,0.85,https://www.freepressjournal.in/indore/mp-spice-grinding-unit-sealed-for-flouting-norms,30 kg of chilli powder was confiscated
News,Oil,pre-Diwali inspection drive,targets,edible oil,1,1,0.9,https://timesofindia.indiatimes.com/city/nagpur/fda-seizes-24000-kg-of-unsafe-food-items-in-nagpur-ahead-of-diwali/articleshow/114825782.cms,"The seized material included ... 8,886 kg of edible oil"
News,Oil,pre-Diwali inspection drive,targets,sweets,1,1,0.9,https://timesofindia.indiatimes.com/city/nagpur/fda-seizes-24000-kg-of-unsafe-food-items-in-nagpur-ahead-of-diwali/articleshow/114825782.cms,The seized material included 688 kg of sweets
News,Oil,district-wide crackdown,issuedby,Food Safety and Drug Administration Department,1,1,0.95,https://www.hindustantimes.com/cities/noida-news/gautam-budh-nagar-admin-inspects-sweet-shops-ahead-of-raksha-bandhan-101754591416255.html,FSDA has launched a district-wide crackdown
News,Oil,district-wide crackdown,targets,adulterated food items,1,1,0.8,https://www.hindustantimes.com/cities/noida-news/gautam-budh-nagar-admin-inspects-sweet-shops-ahead-of-raksha-bandhan-101754591416255.html,crackdown on adulterated and unhygienic food items
News,Oil,district-wide crackdown,targets,unhygienic food items,1,1,0.8,https://www.hindustantimes.com/cities/noida-news/gautam-budh-nagar-admin-inspects-sweet-shops-ahead-of-raksha-bandhan-101754591416255.html,Food Safety and Drug Administration Department (FSDA) has launched a district-wide crackdown on adulterated and unhygienic food items
News,Oil,gross violations,triggeredaction,destroyed the unsafe products on-site,1,1,0.85,https://www.hindustantimes.com/cities/noida-news/gautam-budh-nagar-admin-inspects-sweet-shops-ahead-of-raksha-bandhan-101754591416255.html,Wherever gross violations were found... we took immediate action and destroyed the unsafe products on-site
News,Oil,destruction of contaminated sweets,triggeredaction,destruction of unsafe products,1,1,0.85,https://www.hindustantimes.com/cities/noida-news/gautam-budh-nagar-admin-inspects-sweet-shops-ahead-of-raksha-bandhan-101754591416255.html,destroyed the unsafe products on-site
News,Oil,2023 UK hygiene violation,triggeredaction,"£500,000 fine",1,1,0.95,https://thelogicalindian.com/40-kg-rotten-tomatoes-jaipur-mcdonalds-food-safety-breach-raises-questions-over-fast-food-oversight/,"franchisee was fined £500,000"
News,Oil,banning of 42 brands of coconut oil,targets,coconut oil,1,1,0.9,https://www.thehindubusinessline.com/economy/agri-business/coconut-oil-prices-on-the-boil-as-retail-price-soars-to-410litre/article69703785.ece,recent banning of 42 brands of coconut oil
News,Oil,basic customs duty reduction,targets,refined palm oil,1,1,0.9,https://www.sentinelassam.com/business/indias-series-of-interventions-arrest-domestic-spike-in-palm-oil-prices-569841,reduced the basic customs duty on refined palm oil
News,Oil,"seizure of 16,565 litres of coconut oil",targets,coconut oil,1,1,0.9,https://www.thehindu.com/news/national/kerala/food-safety-wing-seizes-16565-litres-of-spurious-coconut-oil-in-raids/article69925354.ece,"Food Safety wing seized 16,565 litres of coconut oil"
News,Oil,shops,triggeredaction,"fine of ₹2,000 each",1,1,0.85,https://www.thehindu.com/news/cities/Coimbatore/fssai-seizes-1780-litres-of-reheated-cooking-oil-306-kg-of-sweets-for-excessive-use-of-colourants-in-coimbatore/article68810578.ece,"shops, which were found using banned plastic products for packaging, were imposed with a fine of ₹2,000 each"
News,Oil,Destruction of 218 kg fake paneer and 478 litres unsafe milk,issuedby,Maharashtra FDA,1,1,0.95,https://thelogicalindian.com/festive-food-safety-drive-maharashtra-fda-destroys-218-kg-fake-paneer-478-litres-unsafe-milk-in-mumbai/,Maharashtra's Food and Drug Administration (FDA) destroyed 218 kilograms of fake paneer along with 478 litres of substandard milk
News,Oil,Destruction of fake paneer,targets,paneer,1,1,0.85,https://thelogicalindian.com/festive-food-safety-drive-maharashtra-fda-destroys-218-kg-fake-paneer-478-litres-unsafe-milk-in-mumbai/,destroyed 218 kilograms of fake paneer
News,Oil,stricter penalties,issuedby,Maharashtra FDA,1,1,0.85,https://thelogicalindian.com/festive-food-safety-drive-maharashtra-fda-destroys-218-kg-fake-paneer-478-litres-unsafe-milk-in-mumbai/,prompting stricter penalties and licence suspensions
News,Oil,licence suspensions,issuedby,Maharashtra FDA,1,1,0.85,https://thelogicalindian.com/festive-food-safety-drive-maharashtra-fda-destroys-218-kg-fake-paneer-478-litres-unsafe-milk-in-mumbai/,prompting stricter penalties and licence suspensions
News,Oil,Arrest and seizure,targets,mustard oil,1,1,0.85,https://www.tribuneindia.com/news/punjab/using-counterfeit-packaging-lands-trader-in-police-net-432143,"seized counterfeit packaging of Tata salt, Patanjali mustard oil"
News,Oil,Notices issued to 150 units,issuedby,Ahmedabad Municipal Corporation,1,1,0.9,https://timesofindia.indiatimes.com/city/ahmedabad/shop-selling-rotten-vegetables-in-vejalpur-mutton-shop-near-religious-site-in-chandkheda-sealed-by-ahmedabad-municipal-corporation/articleshow/121390711.cms,Notices were issued to 150 units for violations of regulations
News,Oil,Rotten vegetables found in Balam,triggeredaction,Sealing of Balam,1,1,0.9,https://timesofindia.indiatimes.com/city/ahmedabad/shop-selling-rotten-vegetables-in-vejalpur-mutton-shop-near-religious-site-in-chandkheda-sealed-by-ahmedabad-municipal-corporation/articleshow/121390711.cms,leading to the unit being sealed
News,Oil,Unhygienic conditions at Helak,triggeredaction,Sealing of Helak Mutton and Chicken Shop,1,1,0.9,https://timesofindia.indiatimes.com/city/ahmedabad/shop-selling-rotten-vegetables-in-vejalpur-mutton-shop-near-religious-site-in-chandkheda-sealed-by-ahmedabad-municipal-corporation/articleshow/121390711.cms,"On May 22, an inspection at Helak Mutton and Chicken Shop in Chandkheda revealed unhygienic conditions, and due to its proximity to a religious site, the unit was sealed."
News,Oil,Unhygienic conditions at Sweety,triggeredaction,Sealing of Sweety Snack House,1,1,0.9,https://timesofindia.indiatimes.com/city/ahmedabad/shop-selling-rotten-vegetables-in-vejalpur-mutton-shop-near-religious-site-in-chandkheda-sealed-by-ahmedabad-municipal-corporation/articleshow/121390711.cms,resulting in the unit being sealed
News,Oil,necessary action,issuedby,Telangana Food Safety department,1,1,0.9,https://www.thehindu.com/news/cities/Hyderabad/food-safety-raids-at-hyderabad-bakery-brewery-uncover-expired-food-pest-infestation-hygiene-violations/article71003523.ece,necessary action is being initiated against the Food Business Operators
News,Oil,seizure of adulterated mawa and edible oil,issuedby,Food Security and Drug Administration,1,1,0.95,https://timesofindia.indiatimes.com/city/kanpur/9-quintals-of-adulterated-mawa-edible-oil-seized-ahead-of-holi/articleshow/128794157.cms,FSDA department on Wednesday seized adulterated mawa and edible oil
News,Oil,seizure of soybean oil,issuedby,FSDA,1,1,0.9,https://timesofindia.indiatimes.com/city/kanpur/9-quintals-of-adulterated-mawa-edible-oil-seized-ahead-of-holi/articleshow/128794157.cms,"The team seized around 15,894 litres of edible oil"
News,Oil,seizure of soybean oil,targets,soybean oil,1,1,0.9,https://timesofindia.indiatimes.com/city/kanpur/9-quintals-of-adulterated-mawa-edible-oil-seized-ahead-of-holi/articleshow/128794157.cms,"The team seized around 15,894 litres of edible oil"
News,Oil,special drive for checking Prasad,issuedby,Food Safety Department,1,1,0.9,https://www.freepressjournal.in/india/rajasthan-food-safety-department-to-launch-special-drive-for-prasad-quality-check-in-temples-after-tirupati-laddu-controversy,Food Safety Department in Rajasthan will launch a special drive for checking Prasad
News,Oil,Bhog certificate,issuedby,Food Safety and Standards Authority of India,1,1,0.95,https://www.freepressjournal.in/india/rajasthan-food-safety-department-to-launch-special-drive-for-prasad-quality-check-in-temples-after-tirupati-laddu-controversy,Bhog certificate being issued by the Food Safety and Standards Authority of India
News,Oil,RegulatoryAction,issuedby,state department,1,1,0.85,https://www.freepressjournal.in/india/rajasthan-food-safety-department-to-launch-special-drive-for-prasad-quality-check-in-temples-after-tirupati-laddu-controversy,concerned department of the state can take action
News,Oil,Warning against hoarding of edible oils,issuedby,AP Vigilance and Enforcement Department,1,1,0.9,https://www.deccanchronicle.com/nation/in-other-news/250322/vigilance-raids-edible-oil-units-in-state.html,Vigilance and Enforcement Department has warned wholesale/retail traders
News,Oil,RegulatoryAction_HoardingWarning,targets,palmolein,1,1,0.85,https://www.deccanchronicle.com/nation/in-other-news/250322/vigilance-raids-edible-oil-units-in-state.html,warned wholesale/retail traders... against hoarding palmolein
News,Oil,Raid on 21 Food Establishments,issuedby,Food Security and Drug Administration,1,1,0.95,https://timesofindia.indiatimes.com/city/kanpur/fda-raid-on-21-food-establishments-in-kanpur/articleshow/112599302.cms,team from Food Security and Drug Administration (FDA) department conducted a raid
News,Oil,seizure of used oils,issuedby,Food Safety Department,1,1,0.95,https://www.thehindu.com/news/cities/Madurai/used-oil-packed-in-containers-for-resale-seized/article66409718.ece,The Food Safety Department has seized used coconut and groundnut oil
News,Oil,"fine of ₹1,000",targets,snacks,1,1,0.85,https://www.thehindu.com/news/cities/Madurai/used-oil-packed-in-containers-for-resale-seized/article66409718.ece,"slapped fine of ₹1,000 each on the owners of two teashops for selling snacks wrapped in newspapers"
News,Oil,legal action,issuedby,Food Safety wing,1,1,0.85,https://www.thehindu.com/news/national/kerala/food-safety-wing-to-step-up-checks-on-curry-powders-in-kerala/article65700040.ece,legal action will be taken for food adulteration
News,Oil,notice,issuedby,Food Safety wing,1,1,0.9,https://www.thehindu.com/news/national/kerala/food-safety-wing-to-step-up-checks-on-curry-powders-in-kerala/article65700040.ece,notice will be issued to both the seller and the company
News,Oil,withdrawal of unfit curry powder batches,issuedby,Food Safety wing,1,1,0.85,https://www.thehindu.com/news/national/kerala/food-safety-wing-to-step-up-checks-on-curry-powders-in-kerala/article65700040.ece,steps will be taken to withdraw that entire batch
News,Oil,seizure of 370 kg sweets and 750 litres oil,issuedby,Gautam Budh Nagar Food Safety and Drug Administration,1,1,0.9,https://www.hindustantimes.com/cities/noida-news/gautam-budh-nagar-370-kg-sweets-750-ltr-oil-seized-in-food-safety-checks-101730140849789.html,Food Safety and Drug Administration officials of Gautam Budh Nagar district have seized at least 370 kg of sweets and 750 litres oil
News,Oil,NHRC notice,issuedby,National Human Rights Commission,1,1,0.95,https://economictimes.indiatimes.com/news/india/nhrc-notice-to-health-ministry-fssai-on-widespread-reuse-of-cooking-oil/articleshow/124790502.cms,The National Human Rights Commission (NHRC) directed a probe
News,Oil,price caps,issuedby,Indonesian government,1,1,0.9,https://www.thehindu.com/news/international/indonesia-palm-oil-export-ban-and-india-impact/article65350522.ece,Indonesian government introduced price caps in late January
News,Oil,two-litre-per-person rule,issuedby,Indonesian government,1,1,0.95,https://www.thehindu.com/news/international/indonesia-palm-oil-export-ban-and-india-impact/article65350522.ece,government introduce a two-litre-per-person rule for buying cooking oil
News,Oil,price caps,targets,cooking oil,1,1,0.95,https://www.thehindu.com/news/international/indonesia-palm-oil-export-ban-and-india-impact/article65350522.ece,government introduced price caps in late January
News,Oil,two-litre-per-person rule,targets,cooking oil,1,1,0.95,https://www.thehindu.com/news/international/indonesia-palm-oil-export-ban-and-india-impact/article65350522.ece,rule for buying cooking oil
News,Oil,notices served on 294 institutions,issuedby,state food safety department,1,1,0.85,https://timesofindia.indiatimes.com/city/thiruvananthapuram/govt-cracks-down-on-sale-of-adulterated-coconut-oil/articleshow/95568940.cms,notices have been served and fines have been slapped on 294 institutions
News,Oil,fines slapped on 294 institutions,issuedby,state food safety department,1,1,0.85,https://timesofindia.indiatimes.com/city/thiruvananthapuram/govt-cracks-down-on-sale-of-adulterated-coconut-oil/articleshow/95568940.cms,fines have been slapped on 294 institutions
News,Oil,Confiscation of suspicious sweets,targets,sweets,1,1,0.9,https://timesofindia.indiatimes.com/city/ahmedabad/ahmedabad-seals-food-units-for-severe-hygiene-violations/articleshow/114629619.cms,confiscated 898 kilograms of suspicious sweets from the Rajwadi Sweet (Krishna) brand
News,Oil,IncidentFinding: Coconut Oil Substandard,triggeredaction,RegulatoryAction: Rs 2 lakh fine,1,1,0.95,https://www.newindianexpress.com/cities/thiruvananthapuram/2021/nov/06/tribunal-slaps-rs-2-lakh-fine-on-oil-producer-2380042.html,The Food Safety Appellate Tribunal here has upheld the Rs 2-lakh fine that was imposed on a coconut oil manufacturer for selling substandard oil
News,Oil,RegulatoryAction: Rs 2 lakh fine,issuedby,Food Safety Appellate Tribunal,1,1,0.9,https://www.newindianexpress.com/cities/thiruvananthapuram/2021/nov/06/tribunal-slaps-rs-2-lakh-fine-on-oil-producer-2380042.html,The Food Safety Appellate Tribunal here has upheld the Rs 2-lakh fine
News,Oil,RegulatoryAction: Rs 2 lakh fine,targets,coconut oil,1,1,0.85,https://www.newindianexpress.com/cities/thiruvananthapuram/2021/nov/06/tribunal-slaps-rs-2-lakh-fine-on-oil-producer-2380042.html,fine that was imposed on a coconut oil manufacturer
News,Oil,seizure of paneer and curd,issuedby,Food and Drug Administration,1,1,0.9,https://timesofindia.indiatimes.com/city/goa/fda-seizes-500kg-of-substandard-paneer-curd/articleshow/111467865.cms,FDA seized 500kg of paneer and curd
News,Oil,Rs 2.25 lakh fine,issuedby,Barnala district administration,1,1,0.95,https://timesofindia.indiatimes.com/city/chandigarh/food-adulteration-barnala-admin-imposes-rs-2l-fine/articleshow/130198058.cms,Barnala district administration has imposed a fine amounting to Rs 2.25 lakh
News,Oil,Rs 2.25 lakh fine,targets,milk cake,1,1,0.9,https://timesofindia.indiatimes.com/city/chandigarh/food-adulteration-barnala-admin-imposes-rs-2l-fine/articleshow/130198058.cms,substandard samples of milk cake from a Barnala-based firm
News,Oil,Rs 2.25 lakh fine,targets,mustard oil,1,1,0.9,https://timesofindia.indiatimes.com/city/chandigarh/food-adulteration-barnala-admin-imposes-rs-2l-fine/articleshow/130198058.cms,mustard oil from Ghunas
News,Oil,Rs 2.25 lakh fine,targets,cooking oil,1,1,0.9,https://timesofindia.indiatimes.com/city/chandigarh/food-adulteration-barnala-admin-imposes-rs-2l-fine/articleshow/130198058.cms,cooking oil from Handiaya
News,Oil,Rs 2.25 lakh fine,targets,paneer,1,1,0.9,https://timesofindia.indiatimes.com/city/chandigarh/food-adulteration-barnala-admin-imposes-rs-2l-fine/articleshow/130198058.cms,paneer from a firm in Dhanaula village
News,Oil,"seizure of 3,000 packaged drinking water bottles",issuedby,Nashik FDA,1,1,0.9,https://timesofindia.indiatimes.com/city/nashik/fda-cracks-down-on-packaged-water/articleshow/100291063.cms,"Nashik FDA seized 3,000 packaged drinking water bottles from a godown"
News,Oil,"seizure of 3,000 packaged drinking water bottles",targets,packaged drinking water,1,1,0.9,https://timesofindia.indiatimes.com/city/nashik/fda-cracks-down-on-packaged-water/articleshow/100291063.cms,"seized 3,000 packaged drinking water bottles"
News,Oil,"seizure of 3,000 packaged drinking water bottles",issuedby,"FDA, Nashik division",1,1,0.85,https://timesofindia.indiatimes.com/city/nashik/fda-cracks-down-on-packaged-water/articleshow/100291063.cms,"action was taken under the guidance of joint director (food), FDA, Nashik division"
News,Oil,Seizure of 799 litre mustard oil,targets,mustard oil,1,1,0.9,https://timesofindia.indiatimes.com/city/kanpur/food-dept-seizes-831l-mustard-oil/articleshow/98439612.cms,seized around 799 litre of mustard oil
News,Oil,Seizure of 34 litre refined soyabean oil,targets,refined soyabean oil,1,1,0.9,https://timesofindia.indiatimes.com/city/kanpur/food-dept-seizes-831l-mustard-oil/articleshow/98439612.cms,seized around 34 litre of refined soyabean oil
News,Oil,Seizure of 831l Mustard Oil,issuedby,Food security and drug administration department,1,1,0.95,https://timesofindia.indiatimes.com/city/kanpur/food-dept-seizes-831l-mustard-oil/articleshow/98439612.cms,Food security and drug administration department on Sunday seized around 831 litre of mustard oil
News,Oil,surprise raid,issuedby,Food Safety Department headquarters in Jaipur,1,1,0.95,https://timesofindia.indiatimes.com/city/jaipur/major-crackdown-on-adulterated-ghee-and-oil-in-pokaran-over-14000kg-seized/articleshow/131486941.cms,A special team from the Food Safety Department headquarters in Jaipur conducted a surprise raid
News,Oil,surprise raid,targets,ghee,1,1,0.9,https://timesofindia.indiatimes.com/city/jaipur/major-crackdown-on-adulterated-ghee-and-oil-in-pokaran-over-14000kg-seized/articleshow/131486941.cms,raided an illegal adulterated ghee and oil manufacturing unit
News,Oil,surprise raid,targets,edible oil,1,1,0.9,https://timesofindia.indiatimes.com/city/jaipur/major-crackdown-on-adulterated-ghee-and-oil-in-pokaran-over-14000kg-seized/articleshow/131486941.cms,raided an illegal adulterated ghee and oil manufacturing unit
News,Oil,agri-cess reduction for Crude Palm Oil,issuedby,government of India,1,1,0.9,https://www.siasat.com/indias-edible-oil-prices-may-rise-due-to-indonesias-export-ban-on-palm-oil-2314604/,government had reduced the agri-cess for Crude Palm Oil
News,Oil,agri-cess reduction for Crude Palm Oil,targets,Crude Palm Oil,1,1,0.9,https://www.siasat.com/indias-edible-oil-prices-may-rise-due-to-indonesias-export-ban-on-palm-oil-2314604/,reduced the agri-cess for Crude Palm Oil
News,Oil,statewide crackdown against banned gutkha,issuedby,Maharashtra Food and Drug Administration,1,1,0.9,https://www.freepressjournal.in/mumbai/maharashtra-fda-cracks-down-on-gutkha-and-unsafe-food-33-arrested-goods-worth-over-856-crore-seized,Maharashtra Food and Drug Administration (FDA) has continued its statewide crackdown against banned gutkha
News,Oil,statewide crackdown against banned gutkha,targets,gutkha,1,1,0.9,https://www.freepressjournal.in/mumbai/maharashtra-fda-cracks-down-on-gutkha-and-unsafe-food-33-arrested-goods-worth-over-856-crore-seized,crackdown against banned gutkha
News,Oil,statewide crackdown against banned gutkha,targets,pan masala,1,1,0.9,https://www.freepressjournal.in/mumbai/maharashtra-fda-cracks-down-on-gutkha-and-unsafe-food-33-arrested-goods-worth-over-856-crore-seized,"crackdown against banned gutkha, pan masala"
News,Oil,statewide crackdown against banned gutkha,targets,unsafe food products,1,1,0.85,https://www.freepressjournal.in/mumbai/maharashtra-fda-cracks-down-on-gutkha-and-unsafe-food-33-arrested-goods-worth-over-856-crore-seized,"crackdown against banned gutkha, pan masala and unsafe food products"
News,Oil,Indonesia palm oil export ban,issuedby,Indonesia,1,1,0.9,https://www.livemint.com/market/commodities/ruchi-soya-says-details-of-indonesia-s-palm-oil-export-ban-a-relief-11650964863628.html,Indonesia said Friday it would ban all exports of cooking oil
News,Oil,Seizure of substandard edible oil,issuedby,Food Safety and Drug Administration Department,1,1,0.9,https://timesofindia.indiatimes.com/city/kanpur/fsda-seizes-substandard-supply-of-edible-oil-worth-30l/articleshow/124437838.cms,The Food Safety and Drug Administration Department (FSDA) on Thursday seized a large consignment of edible oil
News,Oil,RegulatoryAction: Seizure of substandard edible oil,targets,edible oil,1,1,0.9,https://timesofindia.indiatimes.com/city/kanpur/fsda-seizes-substandard-supply-of-edible-oil-worth-30l/articleshow/124437838.cms,seized a large consignment of edible oil of substandard quality
News,Oil,Food and drug administration,targets,loose sale,1,1,0.9,https://timesofindia.indiatimes.com/city/nagpur/fda-to-focus-on-edible-oil-during-food-safety-week/articleshow/93416043.cms,"statewide crackdown on substandard edible oil, especially against loose sale"
News,Oil,Suspension of Sri Krishnan Oil Mill,issuedby,food safety department,1,1,0.9,https://timesofindia.indiatimes.com/city/trichy/two-oil-mills-sealed-for-unhygienic-conditions/articleshow/100579692.cms,the department in December 2022 has suspended the license of the two oil mills
News,Oil,Suspension of Yaanai pump Krishnan Oil Mill,issuedby,food safety department,1,1,0.9,https://timesofindia.indiatimes.com/city/trichy/two-oil-mills-sealed-for-unhygienic-conditions/articleshow/100579692.cms,the department in December 2022 has suspended the license of the two oil mills
News,Oil,Stop-sale order for oil mills,targets,cooking oil,1,1,0.9,https://timesofindia.indiatimes.com/city/trichy/two-oil-mills-sealed-for-unhygienic-conditions/articleshow/100579692.cms,"in March, a stop-sale order was issued"
News,Oil,"penalty of Rs 5,13,500",issuedby,Ahmedabad Municipal Corporation,1,1,0.9,https://indianexpress.com/article/cities/ahmedabad/amc-food-department-409-samples-taken-from-1027-food-units-in-15-days-27-samples-declared-unfit-harmful-10746785/,"penalty of Rs 5,13,500 was levied"
News,Oil,sealing of three units,issuedby,Ahmedabad Municipal Corporation,1,1,0.9,https://indianexpress.com/article/cities/ahmedabad/amc-food-department-409-samples-taken-from-1027-food-units-in-15-days-27-samples-declared-unfit-harmful-10746785/,three units were sealed by the Food Department
News,Oil,TPC violation finding,triggeredaction,Action against KFC outlet,1,1,0.9,https://www.siasat.com/hyderabad-food-safety-inspection-flags-unsafe-oil-at-kfc-outlet-in-kondapur-3465689/,Action is being initiated against the outlet
News,Oil,Punjab and Haryana high court,issuedby,order to collect mustard oil samples for testing,1,1,0.85,https://timesofindia.indiatimes.com/city/chandigarh/hc-questions-lack-of-local-testing-infra-for-mustard-oil-adulteration/articleshow/116327780.cms,"HC, upon taking cognisance of the issue of adulteration of mustard oil, asked the registrar general of the HC to collect three samples"
News,Oil,HC directive to find central govt policy,issuedby,Punjab and Haryana High Court,1,1,0.9,https://timesofindia.indiatimes.com/city/chandigarh/hc-questions-lack-of-local-testing-infra-for-mustard-oil-adulteration/articleshow/116327780.cms,the HC directed after examining the issue
News,Oil,prosecution,issuedby,Commissionerate of Food Safety,1,1,0.95,https://assamtribune.com/assam/whats-on-your-plate-assam-battles-surge-in-unsafe-foods-as-experts-sound-alarm-1575052,Commissionerate of Food Safety has approved prosecution
News,Oil,prosecution,targets,unsafe food,1,1,0.9,https://assamtribune.com/assam/whats-on-your-plate-assam-battles-surge-in-unsafe-foods-as-experts-sound-alarm-1575052,approved prosecution for 76 of the 94 unsafe samples
News,Oil,adjudication sanctions,issuedby,district officers,1,1,0.9,https://assamtribune.com/assam/whats-on-your-plate-assam-battles-surge-in-unsafe-foods-as-experts-sound-alarm-1575052,adjudication sanctions have been granted... by district officers
News,Oil,adjudication sanctions,targets,misbranded samples,1,1,0.9,https://assamtribune.com/assam/whats-on-your-plate-assam-battles-surge-in-unsafe-foods-as-experts-sound-alarm-1575052,"For substandard and misbranded samples, adjudication sanctions"
News,Oil,fines,issuedby,court,1,1,0.85,https://assamtribune.com/assam/whats-on-your-plate-assam-battles-surge-in-unsafe-foods-as-experts-sound-alarm-1575052,"The court has the authority to impose penalties, including imprisonment and fines"
News,Oil,prosecutions,issuedby,enforcement agencies,1,1,0.85,https://assamtribune.com/assam/whats-on-your-plate-assam-battles-surge-in-unsafe-foods-as-experts-sound-alarm-1575052,"enforcement agencies have stepped up their efforts with increased sampling, prosecutions"
News,Oil,Rectification notices,issuedby,food safety department,1,1,0.9,https://timesofindia.indiatimes.com/city/thiruvananthapuram/inspections-conducted-across-kerala-to-ensure-safe-coconut-oil-in-market/articleshow/122771067.cms,Rectification notices were issued to 25 establishments
News,Oil,compounding fines,issuedby,food safety department,1,1,0.9,https://timesofindia.indiatimes.com/city/thiruvananthapuram/inspections-conducted-across-kerala-to-ensure-safe-coconut-oil-in-market/articleshow/122771067.cms,compounding fines were levied on seven establishments
News,Oil,mustard oil adulteration finding,triggeredaction,penalty of Rs 3 lakh,1,1,0.9,https://timesofindia.indiatimes.com/city/dehradun/uttarakhand-a-year-on-mustard-oil-manufacturer-supplier-penalised-for-adulteration/articleshow/94903787.cms,penalised a supplier and a manufacturer of mustard oil with Rs 3 lakh
News,Oil,Stock limit on edible oil and oilseeds,issuedby,central government,1,1,0.95,https://indianexpress.com/article/cities/pune/centre-imposes-strict-stock-limit-on-edible-oil-oilseeds-to-arrest-price-rise-7845831/,central government has imposed a strict stock limit on edible oil and oilseeds
News,Oil,"seizure of 18,386kg loose oil",targets,loose edible oil,1,1,0.9,https://timesofindia.indiatimes.com/city/nagpur/fda-urges-big-hotels-to-hand-over-excess-edible-oil-for-bio-diesel/articleshow/88797263.cms,"18,386kg loose oil worth Rs27,16,673, was seized during the action last year"
News,Oil,raid on two shops in Sangli,issuedby,Food and Drugs Administration,1,1,0.9,https://timesofindia.indiatimes.com/city/kolhapur/fda-urges-caution-while-buying-diwali-sweets/articleshow/87286991.cms,FDA raided two shops in Sangli
News,Oil,Inspection drive order,issuedby,FSSAI,1,1,0.95,https://www.livemint.com/news/india/fssai-asks-states-to-enforce-decision-to-ban-blending-of-mustard-oil-with-other-cooking-oil-11623253163555.html,food regulator has issued an order on June 8 asking all the Commissioners of Food Safety of States/UTs and Central Licensing Authority to carry out an inspection drive
News,Oil,Inspection drive order,targets,mustard oil,1,1,0.85,https://www.livemint.com/news/india/fssai-asks-states-to-enforce-decision-to-ban-blending-of-mustard-oil-with-other-cooking-oil-11623253163555.html,enforce the decision to ban blending of mustard oil
News,Oil,50 cases,issuedby,Food Safety department,1,1,0.85,https://www.thehindu.com/news/national/andhra-pradesh/50-cases-registered-during-raids-on-oil-shops-in-ap/article65360803.ece,officials of the ... Food Safety departments ... booked 50 cases
News,Oil,Seizure of adulterated food and oil,issuedby,FSDA Uttar Pradesh,1,1,0.95,https://www.hindustantimes.com/cities/lucknow-news/fsda-seizes-adulterated-food-worth-12-34-crore-in-up-101772463235324.html,"FSDA, Uttar Pradesh, has seized adulterated food items and edible oil"
News,Oil,Seizure of adulterated food and oil,targets,edible oil,1,1,0.95,https://www.hindustantimes.com/cities/lucknow-news/fsda-seizes-adulterated-food-worth-12-34-crore-in-up-101772463235324.html,seized adulterated food items and edible oil
News,Oil,Seizure of adulterated food and oil,targets,food items,1,1,0.95,https://www.hindustantimes.com/cities/lucknow-news/fsda-seizes-adulterated-food-worth-12-34-crore-in-up-101772463235324.html,seized adulterated food items and edible oil
News,Oil,Hyderabad food adulteration crackdown,issuedby,Cyberabad Enforcement Wing,1,1,0.9,https://www.indiatoday.in/cities/hyderabad/story/cyberabad-food-adulteration-raids-hyderabad-rs-64-lakh-seizure-28-arrested-2900680-2026-04-23,Cyberabad Enforcement Wing carried out extensive search operations
News,Oil,Repurpose Used Cooking Oil,issuedby,FSSAI,1,1,0.95,https://timesofindia.indiatimes.com/life-style/food-news/dark-discoloration-high-tpc-levels-found-in-cooking-oil-of-famous-fast-food-chain-what-fssai-says-about-the-health-risks/articleshow/130833701.cms,Repurpose Used Cooking Oil (RUCO ) is an FSSAI initiative
News,Oil,Repurpose Used Cooking Oil,targets,Used Cooking Oil,1,1,0.9,https://timesofindia.indiatimes.com/life-style/food-news/dark-discoloration-high-tpc-levels-found-in-cooking-oil-of-famous-fast-food-chain-what-fssai-says-about-the-health-risks/articleshow/130833701.cms,enable the conversion of used cooking oil into Biodiesel
News,Oil,closure notices,issuedby,Food Safety department,1,1,0.95,https://www.thehindu.com/news/national/kerala/onam-vigil-five-special-squads-in-action-to-expose-low-quality-food-products/article70008118.ece,issued closure notices for not complying with food safety licensing norms
News,Oil,Directive to Centre on lab expansion,issuedby,Punjab & Haryana High Court,1,1,0.9,https://www.hindustantimes.com/cities/chandigarh-news/punjab-haryana-high-court-asks-centre-if-there-are-plans-to-open-more-labs-to-check-cooking-oil-adulteration-101734204296975.html,Punjab and Haryana high court (HC) has directed the Centre to apprise the court whether it has plans to open more laboratories
News,Oil,agri-cess reduction,issuedby,government of India,1,1,0.9,https://www.dnaindia.com/india/report-edible-oil-prices-may-hike-in-india-as-indonesia-bans-export-of-palm-oil-2948066,government had reduced the agri-cess for Crude Palm Oil
News,Oil,seizure of 274 metric tonnes of edible oil,targets,edible oil,1,1,0.9,https://www.newindianexpress.com/states/andhra-pradesh/2022/mar/19/edible-oil-worth-rs-63-cr-seized-in-raids-2431767.html,seized 274 metric tonnes of edible oil
News,Oil,FDA Crackdown in Vasai-Virar,targets,edible oil,1,1,0.9,https://www.freepressjournal.in/mumbai/fda-crackdown-on-adulterated-banned-food-in-vasai-virar-18-shops-sealed-14-lakh-worth-goods-confiscated,crackdown has been launched against adulterated and banned food products
News,Oil,sealing of 18 shops,issuedby,Food and Drug Administration,1,1,0.9,https://www.freepressjournal.in/mumbai/fda-crackdown-on-adulterated-banned-food-in-vasai-virar-18-shops-sealed-14-lakh-worth-goods-confiscated,18 shops selling banned gutkha have been sealed
News,Oil,arrest of 19 individuals,issuedby,Food and Drug Administration,1,1,0.9,https://www.freepressjournal.in/mumbai/fda-crackdown-on-adulterated-banned-food-in-vasai-virar-18-shops-sealed-14-lakh-worth-goods-confiscated,arrested 19 individuals
News,Oil,RUCO campaign,issuedby,FSSAI,1,1,0.85,https://www.newkerala.com/news/o/nhrc-seeks-report-fssai-widespread-reuse-cooking-oil-india-847,FSSAI's RUCO - Repurpose Used Cooking Oil campaign
News,Oil,Directive to conduct inquiry,issuedby,NHRC,1,1,0.95,https://www.newkerala.com/news/o/nhrc-seeks-report-fssai-widespread-reuse-cooking-oil-india-847,The Commission directed the FSSAI to conduct an inquiry
News,Oil,Notice under Section 12,issuedby,NHRC,1,1,0.9,https://www.newkerala.com/news/o/nhrc-seeks-report-fssai-widespread-reuse-cooking-oil-india-847,NHRC Bench headed by Member Priyank Kanoongo issued a notice
News,Oil,palm oil cultivation ban,targets,palm oil,1,1,0.95,https://www.newindianexpress.com/world/2021/apr/06/sri-lanka-bans-palm-oil-imports-with-immediate-effect-asks-plantations-to-uproot-trees-2286572.html,"cultivation of palm (katupol) oil, at the same time, will be completely banned"
News,Oil,palm oil import ban,issuedby,Controller General of the Department of Imports and Exports Control,1,1,0.85,https://www.newindianexpress.com/world/2021/apr/06/sri-lanka-bans-palm-oil-imports-with-immediate-effect-asks-plantations-to-uproot-trees-2286572.html,Controller General of the Department of Imports and Exports Control has been advised to issue the relevant gazette order
News,Oil,Notice to 55 edible oil manufacturers,issuedby,FSSAI Gujarat,1,1,0.95,https://timesofindia.indiatimes.com/city/ahmedabad/fssai-issues-notices-to-55-edible-oil-manufacturers/articleshow/111591411.cms,FSSAI Gujarat issued notices to 55 edible oil manufacturers
News,Oil,Notice to 55 edible oil manufacturers,targets,edible oil,1,1,0.9,https://timesofindia.indiatimes.com/city/ahmedabad/fssai-issues-notices-to-55-edible-oil-manufacturers/articleshow/111591411.cms,notices to 55 edible oil manufacturers
News,Oil,detection of violations including reuse of used cooking oil,triggeredaction,sealing of premises,1,1,0.85,https://www.deccanchronicle.com/southern-states/telangana/violations-found-in-food-processing-unit-sealed-1952190,"officials on Wednesday sealed a food processing unit in Kaithalapur, Kukatpally after detecting violations"
News,Oil,Vigilance & Enforcement department,issuedby,Surprise inspections across the state,1,1,0.85,https://timesofindia.indiatimes.com/city/vijayawada/vigilance-raids-target-illegal-edible-oil-hoarding-amid-festival-price-surge/articleshow/113467007.cms,sleuths of the Vigilance & Enforcement (V&E) department conducted surprise inspections
News,Oil,Vigilance & Enforcement department raids,targets,edible oils,1,1,0.9,https://timesofindia.indiatimes.com/city/vijayawada/vigilance-raids-target-illegal-edible-oil-hoarding-amid-festival-price-surge/articleshow/113467007.cms,"The raids targeted unauthorized hoarding, trading of adulterated edible oils"
News,Oil,Vigilance & Enforcement department raids,targets,Palmolein oil,1,1,0.85,https://timesofindia.indiatimes.com/city/vijayawada/vigilance-raids-target-illegal-edible-oil-hoarding-amid-festival-price-surge/articleshow/113467007.cms,"raids targeted unauthorized hoarding, trading of adulterated edible oils, and the sudden increase in prices of Palmolein oil"
News,Oil,legal actions against 10 sweet shops,issuedby,Ranchi district food safety department,1,1,0.9,https://timesofindia.indiatimes.com/city/ranchi/ahead-of-diwali-crackdown-on-adulterated-food-items-in-city/articleshow/124610900.cms,legal actions have been taken against 10 sweet shops
News,Oil,"seizure of 4,16,494 litres of edible oil",issuedby,Uttar Pradesh Food Safety and Drug Administration,1,1,0.95,https://theprint.in/india/over-4-lakh-litres-seized-in-drive-against-substandard-edible-oil-in-up/2866887/,"The Uttar Pradesh Food Safety and Drug Administration (FSDA) has seized 4,16,494 litres of edible oil"
News,Oil,FSDA seizure of cheese,targets,cheese,1,1,0.85,https://theprint.in/india/over-4-lakh-litres-seized-in-drive-against-substandard-edible-oil-in-up/2866887/,seized a consignment of cheese
News,Oil,Sebi ban on futures trade,targets,mustard seeds,1,1,0.9,https://www.financialexpress.com/market/commodities/edible-oil-makers-urge-for-lifting-of-futures-trade-ban-on-crude-palm-oil-and-soy-oil-on-commodity-exchanges/2664648/,Sebi had banned futures trade of ... mustard seeds
News,Oil,improvement notice,issuedby,Cyberabad Municipal Corporation,1,1,0.95,https://www.siasat.com/unsafe-cooking-oil-pungent-smell-found-at-kfc-in-hyderabad-3493459/,An improvement notice has been issued to the establishment by Cyberabad Municipal Corporation
News,Oil,palm oil import ban,issuedby,DGFT,1,1,0.95,https://www.thehindubusinessline.com/economy/agri-business/exporters-body-urges-centre-to-lift-palm-oil-import-ban-via-kerala-ports/article68405694.ece,DGFT imposed the ban in 2007
News,Oil,Stop Sale Notice,targets,edible oil,1,1,0.9,https://www.thehindu.com/news/cities/Tiruchirapalli/4500-litres-of-edible-oil-manufactured-under-unhygienic-conditions-seized-at-two-private-units-in-tiruchi/article66904645.ece,manufacture of edible oil and its sale have been temporarily stopped
News,Oil,strict legal measures,issuedby,state government,1,1,0.85,https://timesofindia.indiatimes.com/city/lucknow/fsda-seizes-halal-items-worth-20k-from-five-stores/articleshow/105401925.cms,instructed the officials to take strict legal measures
News,Oil,filing of cases under various acts,issuedby,Vigilance and Enforcement department,1,1,0.85,https://www.newindianexpress.com/states/andhra-pradesh/2022/mar/27/332-edible-oil-traders-raided-across-andhra-pradesh-2434670.html,officials found various violations and filed two cases
News,Oil,RegulatoryAction,targets,edible oil,1,1,0.8,https://www.newindianexpress.com/states/andhra-pradesh/2022/mar/27/332-edible-oil-traders-raided-across-andhra-pradesh-2434670.html,raids to curb irregularities such as illegal hoarding of edible oil
News,Oil,RegulatoryAction,citesfinding,IncidentFinding,1,1,0.7,https://www.newindianexpress.com/states/andhra-pradesh/2022/mar/27/332-edible-oil-traders-raided-across-andhra-pradesh-2434670.html,officials found various violations and filed two cases
News,Oil,food outlets,triggeredaction,fine,1,1,0.9,https://www.newindianexpress.com/cities/thiruvananthapuram/2021/aug/28/notice-served-on-85-eateries-for-violating-food-safety-laws-2350724.html,others with minor violations were let off with a fine
News,Oil,fine collection,issuedby,food safety official,1,1,0.85,https://www.newindianexpress.com/cities/thiruvananthapuram/2021/aug/28/notice-served-on-85-eateries-for-violating-food-safety-laws-2350724.html,"A total fine of `50,000 was collected during the drive from the violators"
News,Oil,Searches at Alok Trading Company,targets,edible oil,1,1,0.85,https://timesofindia.indiatimes.com/city/lucknow/imported-edible-oil-worth-rs-30-lakh-seized-in-nanpara/articleshow/88882614.cms,The firm Alok Trading Company had illegally imported edible oil from Nepal and stashed it in two godowns.
News,Oil,Searches at Alok Trading Company,issuedby,SGST,1,1,0.9,https://timesofindia.indiatimes.com/city/lucknow/imported-edible-oil-worth-rs-30-lakh-seized-in-nanpara/articleshow/88882614.cms,A 20-member team of state goods and service tax (SGST) carried out searches
News,Oil,seizure of adulterated paneer,issuedby,Food and Drugs Administration,1,1,0.9,https://timesofindia.indiatimes.com/city/nashik/fda-seizes-314kg-of-adulterated-paneer-from-sinnar-unit/articleshow/111702070.cms,Officials of the Food and Drugs Administration (FDA) seized 314kg of adulterated paneer
News,Oil,show-cause notices,issuedby,Central Excise authorities,1,1,0.9,https://economictimes.indiatimes.com/news/india/edible-or-hair-oil-supreme-court-settles-a-20-year-old-debate-on-coconut-oil/articleshow/116461303.cms,Central Excise authorities issued show-cause notices
News,Oil,case registration,issuedby,Food Safety department,1,1,0.9,https://www.freepressjournal.in/bhopal/bhopal-1600-kgs-of-adulterated-mawa-seized-from-gwalior-bhopal-bus-during-routine-check-at-isbt-over-2000-kg-seized-across-mp,Food Safety department has registered a case
News,Oil,seizure of 129.34 tonne of adulterated food,issuedby,Hyderabad Police,1,1,0.85,https://www.siasat.com/cyberabad-dcp-orders-mutton-kheema-online-receives-rotten-curry-3457135/,Hyderabad Police seized 129.34 tonne of adulterated food items
News,Oil,unsafe oil finding,triggeredaction,disposal of unsafe oil,1,1,0.85,https://timesofindia.indiatimes.com/city/vadodara/unsafe-cooking-oil-food-items-disposed-of/articleshow/118691575.cms,Food items cooked in oil that should have been discarded and the oil itself were disposed of
News,Oil,FDA raid,targets,sweets shops,1,1,0.85,https://www.freepressjournal.in/mumbai/mumbai-news-adulterated-sweets-edible-oil-worth-164-lakh-seized-by-fda,Drive will continue covering all sweets shops
News,Oil,notice to the owner of the firm,issuedby,FSDA,1,1,0.9,https://www.hindustantimes.com/cities/lucknow-news/crackdown-on-food-adulteration-112-kg-rice-bran-oil-destroyed-substandard-sauces-seized-in-lucknow-101741721802362.html,issued a notice to the owner of the firm
News,Oil,stop sale order,targets,soft drink,1,1,0.95,https://www.thehindu.com/news/cities/Tiruchirapalli/food-safety-officials-crack-the-whip-on-adulteration-of-edible-oil-in-tiruchi/article65183634.ece,"issued a stop sale order on about 4,400 bottles of a soft drink"
News,Oil,Seizure of 180kg edible oil,issuedby,Ahmedabad Municipal Corporation,1,1,0.9,https://timesofindia.indiatimes.com/city/ahmedabad/amc-seizes-180kg-of-edible-oil-seals-5-units/articleshow/112072084.cms,AMC seizes 180kg of 'edible oil'
News,Oil,Hapur Honey Seizure Operation,issuedby,FSSAI,1,1,0.95,https://thelogicalindian.com/up-fssai-seizes-15000-kg-suspected-adulterated-honey-worth-%E2%82%B922-lakhs-in-hapur-crackdown-operation/,Food safety authorities from the Food Safety and Standards Authority of India (FSSAI) carried out a major enforcement operation
News,Oil,seizure of urea-mixed milk,issuedby,Dairy Development Department,1,1,0.9,https://www.newindianexpress.com/cities/thiruvananthapuram/2022/aug/23/with-onam-around-adulterated-coconut-oil-floods-kerala-market-2490320.html,"Dairy Development Department seized a tanker carrying 12,750 litres of urea-mixed milk"
News,Oil,ban on 166 coconut oil brands,issuedby,Food Safety Department,1,1,0.9,https://www.newindianexpress.com/cities/thiruvananthapuram/2022/aug/23/with-onam-around-adulterated-coconut-oil-floods-kerala-market-2490320.html,Food Safety Department banned around 166 coconut oil brands
News,Oil,case registration against wholesale dealer,issuedby,Daltonganj town police,1,1,0.85,https://timesofindia.indiatimes.com/city/ranchi/daltonganj-police-seize-spurious-edible-oil/articleshow/131829588.cms,case was registered with the Daltonganj town police
News,Oil,court proceedings,issuedby,Food safety wing,1,1,0.95,https://timesofindia.indiatimes.com/city/chandigarh/the-vitamin-d-trap-how-fortified-oil-poisoned-punjab-homes/articleshow/126219580.cms,Food safety wing has initiated court proceedings
News,Oil,TPC violation finding,triggeredaction,proceedings against the establishment,1,1,0.95,https://www.thehindu.com/news/cities/Hyderabad/food-safety-inspection-flags-unsafe-cooking-oil-at-kfc-outlet-in-kondapur/article70940073.ece,authorities have begun proceedings against the establishment
